3.540500000000000000e+03 2.745651290751993656e-04
3.541400000000000091e+03 2.730537089519202709e-04
3.542300000000000182e+03 2.738506882451474667e-04
3.543200000000000273e+03 2.755638561211526394e-04
3.544100000000000364e+03 2.762245421763509512e-04
3.545000000000000455e+03 2.771637809928506613e-04
3.545900000000000546e+03 2.791335282381623983e-04
3.546800000000000637e+03 2.795999753288924694e-04
3.547700000000000728e+03 2.796066401060670614e-04
3.548600000000000819e+03 2.810089790727943182e-04
3.549500000000000909e+03 2.818159700836986303e-04
3.550400000000001000e+03 2.818127395585179329e-04
3.551300000000001091e+03 2.804523683153092861e-04
3.552200000000001182e+03 2.789827703963965178e-04
3.553100000000001273e+03 2.772569714579731226e-04
3.554000000000001364e+03 2.764786477200686932e-04
3.554900000000001455e+03 2.769866259768605232e-04
3.555800000000001546e+03 2.777347690425813198e-04
3.556700000000001637e+03 2.772737352643162012e-04
3.557600000000001728e+03 2.759841736406087875e-04
3.558500000000001819e+03 2.753524458967149258e-04
3.559400000000001910e+03 2.764177625067532063e-04
3.560300000000002001e+03 2.771435247268527746e-04
3.561200000000002092e+03 2.781206567306071520e-04
3.562100000000002183e+03 2.810597943607717752e-04
3.563000000000002274e+03 2.818366920109838247e-04
3.563900000000002365e+03 2.759778290055692196e-04
3.564800000000002456e+03 2.661036269273608923e-04
3.565700000000002547e+03 2.606446505524218082e-04
3.566600000000002638e+03 2.631397219374775887e-04
3.567500000000002728e+03 2.671122201718389988e-04
3.568400000000002819e+03 2.658463781699538231e-04
3.569300000000002910e+03 2.608067879918962717e-04
3.570200000000003001e+03 2.575767575763165951e-04
3.571100000000003092e+03 2.576571423560380936e-04
3.572000000000003183e+03 2.601992164272814989e-04
3.572900000000003274e+03 2.626955683808773756e-04
3.573800000000003365e+03 2.648552181199193001e-04
3.574700000000003456e+03 2.654588315635919571e-04
3.575600000000003547e+03 2.649366215337067842e-04
3.576500000000003638e+03 2.653810370247811079e-04
3.577400000000003729e+03 2.661037142388522625e-04
3.578300000000003820e+03 2.659546444192528725e-04
3.579200000000003911e+03 2.640626917127519846e-04
3.580100000000004002e+03 2.590404474176466465e-04
3.581000000000004093e+03 2.536145620979368687e-04
3.581900000000004184e+03 2.553166123107075691e-04
3.582800000000004275e+03 2.599128929432481527e-04
3.583700000000004366e+03 2.562951704021543264e-04
3.584600000000004457e+03 2.471958869136869907e-04
3.585500000000004547e+03 2.428994921501725912e-04
3.586400000000004638e+03 2.464370627421885729e-04
3.587300000000004729e+03 2.530883939471095800e-04
3.588200000000004820e+03 2.577761479187756777e-04
3.589100000000004911e+03 2.606150519568473101e-04
3.590000000000005002e+03 2.657000441104173660e-04
3.590900000000005093e+03 2.725060039665549994e-04
3.591800000000005184e+03 2.750208368524909019e-04
3.592700000000005275e+03 2.732287393882870674e-04
3.593600000000005366e+03 2.722274512052536011e-04
3.594500000000005457e+03 2.738361072260886431e-04
3.595400000000005548e+03 2.765484096016734838e-04
3.596300000000005639e+03 2.796750341076403856e-04
3.597200000000005730e+03 2.825447882059961557e-04
3.598100000000005821e+03 2.836164494510740042e-04
3.599000000000005912e+03 2.837803622242063284e-04
3.599900000000006003e+03 2.837972424458712339e-04
3.600800000000006094e+03 2.802114177029579878e-04
3.601700000000006185e+03 2.724189253058284521e-04
3.602600000000006276e+03 2.643691259436309338e-04
3.603500000000006366e+03 2.603749162517488003e-04
3.604400000000006457e+03 2.597740967757999897e-04
3.605300000000006548e+03 2.606197085697203875e-04
3.606200000000006639e+03 2.635364071466028690e-04
3.607100000000006730e+03 2.640719176270067692e-04
3.608000000000006821e+03 2.593281096778810024e-04
3.608900000000006912e+03 2.536150859668850899e-04
3.609800000000007003e+03 2.537886903155595064e-04
3.610700000000007094e+03 2.590560470707714558e-04
3.611600000000007185e+03 2.620243758428841829e-04
3.612500000000007276e+03 2.598911523818969727e-04
3.613400000000007367e+03 2.587718481663614511e-04
3.614300000000007458e+03 2.648647059686481953e-04
3.615200000000007549e+03 2.731993736233562231e-04
3.616100000000007640e+03 2.748702827375382185e-04
3.617000000000007731e+03 2.669671375770121813e-04
3.617900000000007822e+03 2.546384057495743036e-04
3.618800000000007913e+03 2.481029951013624668e-04
3.619700000000008004e+03 2.517258399166166782e-04
3.620600000000008095e+03 2.590398653410375118e-04
3.621500000000008185e+03 2.663021441549062729e-04
3.622400000000008276e+03 2.722591452766209841e-04
3.623300000000008367e+03 2.719576295930892229e-04
3.624200000000008458e+03 2.692841517273336649e-04
3.625100000000008549e+03 2.738848561421036720e-04
3.626000000000008640e+03 2.825684787239879370e-04
3.626900000000008731e+03 2.859780797734856606e-04
3.627800000000008822e+03 2.836138301063328981e-04
3.628700000000008913e+03 2.788703714031726122e-04
3.629600000000009004e+03 2.689225366339087486e-04
3.630500000000009095e+03 2.532135113142430782e-04
3.631400000000009186e+03 2.451513428241014481e-04
3.632300000000009277e+03 2.511471393518149853e-04
3.633200000000009368e+03 2.601168525870889425e-04
3.634100000000009459e+03 2.633474359754472971e-04
3.635000000000009550e+03 2.646158973220735788e-04
3.635900000000009641e+03 2.671991242095828056e-04
3.636800000000009732e+03 2.699628821574151516e-04
3.637700000000009823e+03 2.735886664595454931e-04
3.638600000000009913e+03 2.776488254312425852e-04
3.639500000000010004e+03 2.795046020764857531e-04
3.640400000000010095e+03 2.773883461486548185e-04
3.641300000000010186e+03 2.722310309763997793e-04
3.642200000000010277e+03 2.673517446964979172e-04
3.643100000000010368e+03 2.653679403010755777e-04
3.644000000000010459e+03 2.642169420141726732e-04
3.644900000000010550e+03 2.626128552947193384e-04
3.645800000000010641e+03 2.621331368573009968e-04
3.646700000000010732e+03 2.606693597044795752e-04
3.647600000000010823e+03 2.580040309112519026e-04
3.648500000000010914e+03 2.585231559351086617e-04
3.649400000000011005e+03 2.611336531117558479e-04
3.650300000000011096e+03 2.637307334225624800e-04
3.651200000000011187e+03 2.679579774849116802e-04
3.652100000000011278e+03 2.738698385655879974e-04
3.653000000000011369e+03 2.774373569991439581e-04
3.653900000000011460e+03 2.779639034997671843e-04
3.654800000000011551e+03 2.770950086414813995e-04
3.655700000000011642e+03 2.780397480819374323e-04
3.656600000000011732e+03 2.806658158078789711e-04
3.657500000000011823e+03 2.825803239829838276e-04
3.658400000000011914e+03 2.822552050929516554e-04
3.659300000000012005e+03 2.806248667184263468e-04
3.660200000000012096e+03 2.787119883578270674e-04
3.661100000000012187e+03 2.770115970633924007e-04
3.662000000000012278e+03 2.752026484813541174e-04
3.662900000000012369e+03 2.735458256211131811e-04
3.663800000000012460e+03 2.725577214732766151e-04
3.664700000000012551e+03 2.740201016422361135e-04
3.665600000000012642e+03 2.759751805569976568e-04
3.666500000000012733e+03 2.764547534752637148e-04
3.667400000000012824e+03 2.757108013611286879e-04
3.668300000000012915e+03 2.725022204685956240e-04
3.669200000000013006e+03 2.684364444576203823e-04
3.670100000000013097e+03 2.689849352464079857e-04
3.671000000000013188e+03 2.744101511780172586e-04
3.671900000000013279e+03 2.791898732539266348e-04
3.672800000000013370e+03 2.796102780848741531e-04
3.673700000000013461e+03 2.791526203509420156e-04
3.674600000000013551e+03 2.806297270581126213e-04
3.675500000000013642e+03 2.796565822791308165e-04
3.676400000000013733e+03 2.726349339354783297e-04
3.677300000000013824e+03 2.647852816153317690e-04
3.678200000000013915e+03 2.629469963721930981e-04
3.679100000000014006e+03 2.642976469360291958e-04
3.680000000000014097e+03 2.663791819941252470e-04
3.680900000000014188e+03 2.695026632864028215e-04
3.681800000000014279e+03 2.713732537813484669e-04
3.682700000000014370e+03 2.721536147873848677e-04
3.683600000000014461e+03 2.712067798711359501e-04
3.684500000000014552e+03 2.658647135831415653e-04
3.685400000000014643e+03 2.590870426502078772e-04
3.686300000000014734e+03 2.556557592470198870e-04
3.687200000000014825e+03 2.581555163487792015e-04
3.688100000000014916e+03 2.669202804099768400e-04
3.689000000000015007e+03 2.753055596258491278e-04
3.689900000000015098e+03 2.773668384179472923e-04
3.690800000000015189e+03 2.769763814285397530e-04
3.691700000000015280e+03 2.793048042804002762e-04
3.692600000000015370e+03 2.819042711053043604e-04
3.693500000000015461e+03 2.823546528816223145e-04
3.694400000000015552e+03 2.812613965943455696e-04
3.695300000000015643e+03 2.759061462711542845e-04
3.696200000000015734e+03 2.659812453202903271e-04
3.697100000000015825e+03 2.630717353895306587e-04
3.698000000000015916e+03 2.755338209681212902e-04
3.698900000000016007e+03 2.941777638625353575e-04
3.699800000000016098e+03 3.045532212127000093e-04
3.700700000000016189e+03 3.010175132658332586e-04
3.701600000000016280e+03 2.872487530112266541e-04
3.702500000000016371e+03 2.688242238946259022e-04
3.703400000000016462e+03 2.520049165468662977e-04
3.704300000000016553e+03 2.452729095239192247e-04
3.705200000000016644e+03 2.519316622056066990e-04
3.706100000000016735e+03 2.680349280126392841e-04
3.707000000000016826e+03 2.842034737113863230e-04
3.707900000000016917e+03 2.893828786909580231e-04
3.708800000000017008e+03 2.812660241033881903e-04
3.709700000000017099e+03 2.666630607564002275e-04
3.710600000000017189e+03 2.512234786991029978e-04
3.711500000000017280e+03 2.423071855446323752e-04
3.712400000000017371e+03 2.508356119506061077e-04
3.713300000000017462e+03 2.766753896139562130e-04
3.714200000000017553e+03 3.020688018295913935e-04
3.715100000000017644e+03 3.177477628923952579e-04
3.716000000000017735e+03 3.285368438810110092e-04
3.716900000000017826e+03 3.328080347273498774e-04
3.717800000000017917e+03 3.217580378986895084e-04
3.718700000000018008e+03 2.937231329269707203e-04
3.719600000000018099e+03 2.575358666945248842e-04
3.720500000000018190e+03 2.260433830088004470e-04
3.721400000000018281e+03 2.104406157741323113e-04
3.722300000000018372e+03 2.185484190704301000e-04
3.723200000000018463e+03 2.485363220330327749e-04
3.724100000000018554e+03 2.852698671631515026e-04
3.725000000000018645e+03 3.162493230774998665e-04
3.725900000000018736e+03 3.325020952615886927e-04
3.726800000000018827e+03 3.343861026223748922e-04
3.727700000000018917e+03 3.353739739395678043e-04
3.728600000000019008e+03 3.408374032005667686e-04
3.729500000000019099e+03 3.381965216249227524e-04
3.730400000000019190e+03 3.198590129613876343e-04
3.731300000000019281e+03 2.906235458794981241e-04
3.732200000000019372e+03 2.550451317802071571e-04
3.733100000000019463e+03 2.191518578911200166e-04
3.734000000000019554e+03 1.972885074792429805e-04
3.734900000000019645e+03 2.005852147703990340e-04
3.735800000000019736e+03 2.226209471700713038e-04
3.736700000000019827e+03 2.524761657696217299e-04
3.737600000000019918e+03 2.894310746341943741e-04
3.738500000000020009e+03 3.285941493231803179e-04
3.739400000000020100e+03 3.589848056435585022e-04
3.740300000000020191e+03 3.764124412555247545e-04
3.741200000000020282e+03 3.812338400166481733e-04
3.742100000000020373e+03 3.759954415727406740e-04
3.743000000000020464e+03 3.660810180008411407e-04
3.743900000000020555e+03 3.538536839187145233e-04
3.744800000000020646e+03 3.345195145811885595e-04
3.745700000000020736e+03 3.095130668953061104e-04
3.746600000000020827e+03 2.851157332770526409e-04
3.747500000000020918e+03 2.549590717535465956e-04
3.748400000000021009e+03 2.176589332520961761e-04
3.749300000000021100e+03 1.914948370540514588e-04
3.750200000000021191e+03 1.945649419212713838e-04
3.751100000000021282e+03 2.248391974717378616e-04
3.752000000000021373e+03 2.647867659106850624e-04
3.752900000000021464e+03 3.008647472597658634e-04
3.753800000000021555e+03 3.335738147143274546e-04
3.754700000000021646e+03 3.646583063527941704e-04
3.755600000000021737e+03 3.870209038723260164e-04
3.756500000000021828e+03 3.914382832590490580e-04
3.757400000000021919e+03 3.824311424978077412e-04
3.758300000000022010e+03 3.788626927416771650e-04
3.759200000000022101e+03 3.882020246237516403e-04
3.760100000000022192e+03 3.994813887402415276e-04
3.761000000000022283e+03 4.037313337903469801e-04
3.761900000000022374e+03 4.024530935566872358e-04
3.762800000000022465e+03 3.953955601900815964e-04
3.763700000000022555e+03 3.825671446975320578e-04
3.764600000000022646e+03 3.687668358907103539e-04
3.765500000000022737e+03 3.502078761812299490e-04
3.766400000000022828e+03 3.219009086024016142e-04
3.767300000000022919e+03 2.910484327003359795e-04
3.768200000000023010e+03 2.637496509123593569e-04
3.769100000000023101e+03 2.352874871576204896e-04
3.770000000000023192e+03 2.118399279424920678e-04
3.770900000000023283e+03 2.124837046721950173e-04
3.771800000000023374e+03 2.409662120044231415e-04
3.772700000000023465e+03 2.791387087199836969e-04
3.773600000000023556e+03 3.112207341473549604e-04
3.774500000000023647e+03 3.376182867214083672e-04
3.775400000000023738e+03 3.643907257355749607e-04
3.776300000000023829e+03 3.909410152118653059e-04
3.777200000000023920e+03 4.148236184846609831e-04
3.778100000000024011e+03 4.356069257482886314e-04
3.779000000000024102e+03 4.568091244436800480e-04
3.779900000000024193e+03 4.773494729306548834e-04
3.780800000000024284e+03 4.902817308902740479e-04
3.781700000000024374e+03 4.953832831233739853e-04
3.782600000000024465e+03 4.989317385479807854e-04
3.783500000000024556e+03 5.048843449912965298e-04
3.784400000000024647e+03 5.075847147963941097e-04
3.785300000000024738e+03 4.966487758792936802e-04
3.786200000000024829e+03 4.775461566168814898e-04
3.787100000000024920e+03 4.618293314706534147e-04
3.788000000000025011e+03 4.494609602261334658e-04
3.788900000000025102e+03 4.369477683212608099e-04
3.789800000000025193e+03 4.227261524647474289e-04
3.790700000000025284e+03 4.075252800248563290e-04
3.791600000000025375e+03 3.891393425874412060e-04
3.792500000000025466e+03 3.631461004260927439e-04
3.793400000000025557e+03 3.309419553261250257e-04
3.794300000000025648e+03 2.967344189528375864e-04
3.795200000000025739e+03 2.637371362652629614e-04
3.796100000000025830e+03 2.317222970305010676e-04
3.797000000000025921e+03 2.037096128333359957e-04
3.797900000000026012e+03 1.933573075802996755e-04
3.798800000000026102e+03 2.106490428559482098e-04
3.799700000000026193e+03 2.479803224559873343e-04
3.800600000000026284e+03 2.886520233005285263e-04
3.801500000000026375e+03 3.245337866246700287e-04
3.802400000000026466e+03 3.582612262107431889e-04
3.803300000000026557e+03 3.897986025549471378e-04
3.804200000000026648e+03 4.141701501794159412e-04
3.805100000000026739e+03 4.309832875151187181e-04
3.806000000000026830e+03 4.436535527929663658e-04
3.806900000000026921e+03 4.589333257172256708e-04
3.807800000000027012e+03 4.810653917957097292e-04
3.808700000000027103e+03 5.043987184762954712e-04
3.809600000000027194e+03 5.228560185059905052e-04
3.810500000000027285e+03 5.359121132642030716e-04
3.811400000000027376e+03 5.413821781985461712e-04
3.812300000000027467e+03 5.348106496967375278e-04
3.813200000000027558e+03 5.219353479333221912e-04
3.814100000000027649e+03 5.148431519046425819e-04
3.815000000000027740e+03 5.159053835086524487e-04
3.815900000000027831e+03 5.247590015642344952e-04
3.816800000000027921e+03 5.399425281211733818e-04
3.817700000000028012e+03 5.498554673977196217e-04
3.818600000000028103e+03 5.428611184470355511e-04
3.819500000000028194e+03 5.228301160968840122e-04
3.820400000000028285e+03 5.087644676677882671e-04
3.821300000000028376e+03 5.111403879709541798e-04
3.822200000000028467e+03 5.163940950296819210e-04
3.823100000000028558e+03 5.040813703089952469e-04
3.824000000000028649e+03 4.755142144858837128e-04
3.824900000000028740e+03 4.492315638344734907e-04
3.825800000000028831e+03 4.317309649195522070e-04
3.826700000000028922e+03 4.171512555330991745e-04
3.827600000000029013e+03 4.000024055130779743e-04
3.828500000000029104e+03 3.808382607530802488e-04
3.829400000000029195e+03 3.615792666096240282e-04
3.830300000000029286e+03 3.393746446818113327e-04
3.831200000000029377e+03 3.084339550696313381e-04
3.832100000000029468e+03 2.713646390475332737e-04
3.833000000000029559e+03 2.359915670240297914e-04
3.833900000000029650e+03 2.057734236586838961e-04
3.834800000000029740e+03 1.883429940789937973e-04
3.835700000000029831e+03 1.933016174007207155e-04
3.836600000000029922e+03 2.159797877538949251e-04
3.837500000000030013e+03 2.429143351037055254e-04
3.838400000000030104e+03 2.704377984628081322e-04
3.839300000000030195e+03 2.995242248289287090e-04
3.840200000000030286e+03 3.282303514424711466e-04
3.841100000000030377e+03 3.601365606300532818e-04
3.842000000000030468e+03 3.950280079152435064e-04
3.842900000000030559e+03 4.247720062267035246e-04
3.843800000000030650e+03 4.463044169824570417e-04
3.844700000000030741e+03 4.624220309779047966e-04
3.845600000000030832e+03 4.772818356286734343e-04
3.846500000000030923e+03 4.948138957843184471e-04
3.847400000000031014e+03 5.120912101119756699e-04
3.848300000000031105e+03 5.198706639930605888e-04
3.849200000000031196e+03 5.209872033447027206e-04
3.850100000000031287e+03 5.292914574965834618e-04
3.851000000000031378e+03 5.478583625517785549e-04
3.851900000000031469e+03 5.649165250360965729e-04
3.852800000000031559e+03 5.700350156985223293e-04
3.853700000000031650e+03 5.681209731847047806e-04
3.854600000000031741e+03 5.637968424707651138e-04
3.855500000000031832e+03 5.590079817920923233e-04
3.856400000000031923e+03 5.648229853250086308e-04
3.857300000000032014e+03 5.774878663942217827e-04
3.858200000000032105e+03 5.792744341306388378e-04
3.859100000000032196e+03 5.734195001423358917e-04
3.860000000000032287e+03 5.755315069109201431e-04
3.860900000000032378e+03 5.844621919095516205e-04
3.861800000000032469e+03 5.895725917071104050e-04
3.862700000000032560e+03 5.915017682127654552e-04
3.863600000000032651e+03 5.935035296715795994e-04
3.864500000000032742e+03 5.919027607887983322e-04
3.865400000000032833e+03 5.873744376003742218e-04
3.866300000000032924e+03 5.874492926523089409e-04
3.867200000000033015e+03 5.918330280110239983e-04
3.868100000000033106e+03 5.937739624641835690e-04
3.869000000000033197e+03 5.897689261473715305e-04
3.869900000000033288e+03 5.801133229397237301e-04
3.870800000000033378e+03 5.656298017129302025e-04
3.871700000000033469e+03 5.487811286002397537e-04
3.872600000000033560e+03 5.382121307775378227e-04
3.873500000000033651e+03 5.390996229834854603e-04
3.874400000000033742e+03 5.437939544208347797e-04
3.875300000000033833e+03 5.418448126874864101e-04
3.876200000000033924e+03 5.272323614917695522e-04
3.877100000000034015e+03 4.989606677554547787e-04
3.878000000000034106e+03 4.693748196586966515e-04
3.878900000000034197e+03 4.550305020529776812e-04
3.879800000000034288e+03 4.501087823882699013e-04
3.880700000000034379e+03 4.353463882580399513e-04
3.881600000000034470e+03 4.095180192962288857e-04
3.882500000000034561e+03 3.864432801492512226e-04
3.883400000000034652e+03 3.707940049935132265e-04
3.884300000000034743e+03 3.501522587612271309e-04
3.885200000000034834e+03 3.161158820148557425e-04
3.886100000000034925e+03 2.775375032797455788e-04
3.887000000000035016e+03 2.439038071315735579e-04
3.887900000000035106e+03 2.156230330001562834e-04
3.888800000000035197e+03 2.003545087063685060e-04
3.889700000000035288e+03 2.123721205862239003e-04
3.890600000000035379e+03 2.475400688126683235e-04
3.891500000000035470e+03 2.878661325667053461e-04
3.892400000000035561e+03 3.228286805097013712e-04
3.893300000000035652e+03 3.507062501739710569e-04
3.894200000000035743e+03 3.727211733348667622e-04
3.895100000000035834e+03 3.929827653337270021e-04
3.896000000000035925e+03 4.174092318862676620e-04
3.896900000000036016e+03 4.429188265930861235e-04
3.897800000000036107e+03 4.607347946148365736e-04
3.898700000000036198e+03 4.714873502962291241e-04
3.899600000000036289e+03 4.826372896786779165e-04
3.900500000000036380e+03 5.013198824599385262e-04
3.901400000000036471e+03 5.221523460932075977e-04
3.902300000000036562e+03 5.334818852134048939e-04
3.903200000000036653e+03 5.408873548731207848e-04
3.904100000000036744e+03 5.493308999575674534e-04
3.905000000000036835e+03 5.514075164683163166e-04
3.905900000000036925e+03 5.541934515349566936e-04
3.906800000000037016e+03 5.696229054592549801e-04
3.907700000000037107e+03 5.906726582907140255e-04
3.908600000000037198e+03 6.065096240490674973e-04
3.909500000000037289e+03 6.157655734568834305e-04
3.910400000000037380e+03 6.204980309121310711e-04
3.911300000000037471e+03 6.217772024683654308e-04
3.912200000000037562e+03 6.163411308079957962e-04
3.913100000000037653e+03 6.064565386623144150e-04
3.914000000000037744e+03 6.048435461707413197e-04
3.914900000000037835e+03 6.130323163233697414e-04
3.915800000000037926e+03 6.186557002365589142e-04
3.916700000000038017e+03 6.184531957842409611e-04
3.917600000000038108e+03 6.164200603961944580e-04
3.918500000000038199e+03 6.131803384050726891e-04
3.919400000000038290e+03 6.098077283240854740e-04
3.920300000000038381e+03 6.090271053835749626e-04
3.921200000000038472e+03 6.121454061940312386e-04
3.922100000000038563e+03 6.153364665806293488e-04
3.923000000000038654e+03 6.177805480547249317e-04
3.923900000000038744e+03 6.220109644345939159e-04
3.924800000000038835e+03 6.217212649062275887e-04
3.925700000000038926e+03 6.143448408693075180e-04
3.926600000000039017e+03 6.040495936758816242e-04
3.927500000000039108e+03 5.929549806751310825e-04
3.928400000000039199e+03 5.807057023048400879e-04
3.929300000000039290e+03 5.659694434143602848e-04
3.930200000000039381e+03 5.482194246724247932e-04
3.931100000000039472e+03 5.207898793742060661e-04
3.932000000000039563e+03 4.705135943368077278e-04
3.932900000000039654e+03 4.142163961660116911e-04
3.933800000000039745e+03 4.025243106298148632e-04
3.934700000000039836e+03 4.488893609959632158e-04
3.935600000000039927e+03 5.089717451483011246e-04
3.936500000000040018e+03 5.472706980071961880e-04
3.937400000000040109e+03 5.645778146572411060e-04
3.938300000000040200e+03 5.756243481300771236e-04
3.939200000000040291e+03 5.901919794268906116e-04
3.940100000000040382e+03 6.027385825291275978e-04
3.941000000000040473e+03 6.055182893760502338e-04
3.941900000000040563e+03 6.016594707034528255e-04
3.942800000000040654e+03 5.935943336226046085e-04
3.943700000000040745e+03 5.858944496139883995e-04
3.944600000000040836e+03 5.893575144000351429e-04
3.945500000000040927e+03 6.024595932103693485e-04
3.946400000000041018e+03 6.085025961510837078e-04
3.947300000000041109e+03 6.011503282934427261e-04
3.948200000000041200e+03 5.914180655963718891e-04
3.949100000000041291e+03 5.891450564377009869e-04
3.950000000000041382e+03 5.902888951823115349e-04
3.950900000000041473e+03 5.857430514879524708e-04
3.951800000000041564e+03 5.747454706579446793e-04
3.952700000000041655e+03 5.664443597197532654e-04
3.953600000000041746e+03 5.669168895110487938e-04
3.954500000000041837e+03 5.651856772601604462e-04
3.955400000000041928e+03 5.497187958098948002e-04
3.956300000000042019e+03 5.279833567328751087e-04
3.957200000000042110e+03 5.138622946105897427e-04
3.958100000000042201e+03 5.083418218418955803e-04
3.959000000000042292e+03 5.018616211600601673e-04
3.959900000000042382e+03 4.837480082642287016e-04
3.960800000000042473e+03 4.532836901489645243e-04
3.961700000000042564e+03 4.227055178489536047e-04
3.962600000000042655e+03 3.992417769040912390e-04
3.963500000000042746e+03 3.776408266276121140e-04
3.964400000000042837e+03 3.518108569551259279e-04
3.965300000000042928e+03 3.192943113390356302e-04
3.966200000000043019e+03 2.802790841087698936e-04
3.967100000000043110e+03 2.363636158406734467e-04
3.968000000000043201e+03 1.937879133038222790e-04
3.968900000000043292e+03 1.655061205383390188e-04
3.969800000000043383e+03 1.618806563783437014e-04
3.970700000000043474e+03 1.828212261898443103e-04
3.971600000000043565e+03 2.185987832490354776e-04
3.972500000000043656e+03 2.565836475696414709e-04
3.973400000000043747e+03 2.911300689447671175e-04
3.974300000000043838e+03 3.242001112084835768e-04
3.975200000000043929e+03 3.564627841114997864e-04
3.976100000000044020e+03 3.848845954053103924e-04
3.977000000000044110e+03 4.099176439922302961e-04
3.977900000000044201e+03 4.347452777437865734e-04
3.978800000000044292e+03 4.590144963003695011e-04
3.979700000000044383e+03 4.809404781553894281e-04
3.980600000000044474e+03 4.966021515429019928e-04
3.981500000000044565e+03 5.047319573350250721e-04
3.982400000000044656e+03 5.125172901898622513e-04
3.983300000000044747e+03 5.244406638666987419e-04
3.984200000000044838e+03 5.390851874835789204e-04
3.985100000000044929e+03 5.535940290428698063e-04
3.986000000000045020e+03 5.644878256134688854e-04
3.986900000000045111e+03 5.741229397244751453e-04
3.987800000000045202e+03 5.861155805177986622e-04
3.988700000000045293e+03 5.940475384704768658e-04
3.989600000000045384e+03 5.947204772382974625e-04
3.990500000000045475e+03 5.965607706457376480e-04
3.991400000000045566e+03 6.043055327609181404e-04
3.992300000000045657e+03 6.140130572021007538e-04
3.993200000000045748e+03 6.201185169629752636e-04
3.994100000000045839e+03 6.204816163517534733e-04
3.995000000000045929e+03 6.176364840939640999e-04
3.995900000000046020e+03 6.124536739662289619e-04
3.996800000000046111e+03 6.065277848392724991e-04
3.997700000000046202e+03 6.061897729523479939e-04
3.998600000000046293e+03 6.160623161122202873e-04
3.999500000000046384e+03 6.288877921178936958e-04
4.000400000000046475e+03 6.331457407213747501e-04
4.001300000000046566e+03 6.302561960183084011e-04
4.002200000000046657e+03 6.294618942774832249e-04
4.003100000000046748e+03 6.309115560725331306e-04
4.004000000000046839e+03 6.244757678359746933e-04
4.004900000000046930e+03 6.106556975282728672e-04
4.005800000000047021e+03 6.074120756238698959e-04
4.006700000000047112e+03 6.209330749697983265e-04
4.007600000000047203e+03 6.366574089042842388e-04
4.008500000000047294e+03 6.440773722715675831e-04
4.009400000000047385e+03 6.449578213505446911e-04
4.010300000000047476e+03 6.434351089410483837e-04
4.011200000000047567e+03 6.374906515702605247e-04
4.012100000000047658e+03 6.309603340923786163e-04
4.013000000000047748e+03 6.313050980679690838e-04
4.013900000000047839e+03 6.362939020618796349e-04
4.014800000000047930e+03 6.415284588001668453e-04
4.015700000000048021e+03 6.443986785598099232e-04
4.016600000000048112e+03 6.421405705623328686e-04
4.017500000000048203e+03 6.406949833035469055e-04
4.018400000000048294e+03 6.470048101618885994e-04
4.019300000000048385e+03 6.546003860421478748e-04
4.020200000000048476e+03 6.542670307680964470e-04
4.021100000000048567e+03 6.483990000560879707e-04
4.022000000000048658e+03 6.439027492888271809e-04
4.022900000000048749e+03 6.390966591425240040e-04
4.023800000000048840e+03 6.304646376520395279e-04
4.024700000000048931e+03 6.254811305552721024e-04
4.025600000000049022e+03 6.326910806819796562e-04
4.026500000000049113e+03 6.441507139243185520e-04
4.027400000000049204e+03 6.484930636361241341e-04
4.028300000000049295e+03 6.468476494774222374e-04
4.029200000000049386e+03 6.401003920473158360e-04
4.030100000000049477e+03 6.275007617659866810e-04
4.031000000000049567e+03 6.188055849634110928e-04
4.031900000000049658e+03 6.183980731293559074e-04
4.032800000000049749e+03 6.205665413290262222e-04
4.033700000000049840e+03 6.254231557250022888e-04
4.034600000000049931e+03 6.324252462945878506e-04
4.035500000000050022e+03 6.396761746145784855e-04
4.036400000000050113e+03 6.483507459051907063e-04
4.037300000000050204e+03 6.556054577231407166e-04
4.038200000000050295e+03 6.574742728844285011e-04
4.039100000000050386e+03 6.548474775627255440e-04
4.040000000000050477e+03 6.494145491160452366e-04
4.040900000000050568e+03 6.460325676016509533e-04
4.041800000000050659e+03 6.494345725513994694e-04
4.042700000000050750e+03 6.515297573059797287e-04
4.043600000000050841e+03 6.403678562492132187e-04
4.044500000000050932e+03 6.162801873870193958e-04
4.045400000000051023e+03 5.971340578980743885e-04
4.046300000000051114e+03 6.035912665538489819e-04
4.047200000000051205e+03 6.256471970118582249e-04
4.048100000000051296e+03 6.370168412104249001e-04
4.049000000000051386e+03 6.378760444931685925e-04
4.049900000000051477e+03 6.405923049896955490e-04
4.050800000000051568e+03 6.424281164072453976e-04
4.051700000000051659e+03 6.374215590767562389e-04
4.052600000000051750e+03 6.283429102040827274e-04
4.053500000000051841e+03 6.213451852090656757e-04
4.054400000000051932e+03 6.196880131028592587e-04
4.055300000000052023e+03 6.226793630048632622e-04
4.056200000000052114e+03 6.246358971111476421e-04
4.057100000000052205e+03 6.209873827174305916e-04
4.058000000000052296e+03 6.188357365317642689e-04
4.058900000000052387e+03 6.246380507946014404e-04
4.059800000000052478e+03 6.329679745249450207e-04
4.060700000000052569e+03 6.344104185700416565e-04
4.061600000000052660e+03 6.236707558855414391e-04
4.062500000000052751e+03 6.027393974363803864e-04
4.063400000000052842e+03 5.884691490791738033e-04
4.064300000000052933e+03 5.963605944998562336e-04
4.065200000000053024e+03 6.120094330981373787e-04
4.066100000000053114e+03 6.134507711976766586e-04
4.067000000000053205e+03 6.075567798689007759e-04
4.067900000000053296e+03 6.125337677076458931e-04
4.068800000000053387e+03 6.238506757654249668e-04
4.069700000000053478e+03 6.224871031008660793e-04
4.070600000000053569e+03 6.058624130673706532e-04
4.071500000000053660e+03 5.920426920056343079e-04
4.072400000000053751e+03 5.962004652246832848e-04
4.073300000000053842e+03 6.088525988161563873e-04
4.074200000000053933e+03 6.110377144068479538e-04
4.075100000000054024e+03 5.985937896184623241e-04
4.076000000000054115e+03 5.765277310274541378e-04
4.076900000000054206e+03 5.557149415835738182e-04
4.077800000000054297e+03 5.521286511793732643e-04
4.078700000000054388e+03 5.668695084750652313e-04
4.079600000000054479e+03 5.832476308569312096e-04
4.080500000000054570e+03 5.909847677685320377e-04
4.081400000000054661e+03 5.900901160202920437e-04
4.082300000000054752e+03 5.814519245177507401e-04
4.083200000000054843e+03 5.687354714609682560e-04
4.084100000000054933e+03 5.573736270889639854e-04
4.085000000000055024e+03 5.494593060575425625e-04
4.085900000000055115e+03 5.453042685985565186e-04
4.086800000000055206e+03 5.440975655801594257e-04
4.087700000000055297e+03 5.424547125585377216e-04
4.088600000000055388e+03 5.357311456464231014e-04
4.089500000000055479e+03 5.232528783380985260e-04
4.090400000000055570e+03 5.080959526821970940e-04
4.091300000000055661e+03 4.917287151329219341e-04
4.092200000000055752e+03 4.751303931698203087e-04
4.093100000000055843e+03 4.607782466337084770e-04
4.094000000000055934e+03 4.449605767149478197e-04
4.094900000000056025e+03 4.212053027004003525e-04
4.095800000000056116e+03 3.928288060706108809e-04
4.096700000000056207e+03 3.668598656076937914e-04
4.097600000000056752e+03 3.434510144870728254e-04
4.098500000000056389e+03 3.183909575454890728e-04
4.099400000000056025e+03 2.865249116439372301e-04
4.100300000000056571e+03 2.472548512741923332e-04
4.101200000000057116e+03 2.160475851269438863e-04
4.102100000000056752e+03 2.159830619348213077e-04
4.103000000000056389e+03 2.465879661031067371e-04
4.103900000000056934e+03 2.855345956049859524e-04
4.104800000000057480e+03 3.199575294274836779e-04
4.105700000000057116e+03 3.502866020426154137e-04
4.106600000000056752e+03 3.764495777431875467e-04
4.107500000000057298e+03 3.979317552875727415e-04
4.108400000000057844e+03 4.151085449848324060e-04
4.109300000000057480e+03 4.281391447875648737e-04
4.110200000000057116e+03 4.408986424095928669e-04
4.111100000000057662e+03 4.570054588839411736e-04
4.112000000000058208e+03 4.751438682433217764e-04
4.112900000000057844e+03 4.934298340231180191e-04
4.113800000000057480e+03 5.106005701236426830e-04
4.114700000000058026e+03 5.250402027741074562e-04
4.115600000000058571e+03 5.371712031774222851e-04
4.116500000000058208e+03 5.450634052976965904e-04
4.117400000000057844e+03 5.452347104437649250e-04
4.118300000000058390e+03 5.411771708168089390e-04
4.119200000000058935e+03 5.443251575343310833e-04
4.120100000000058571e+03 5.557950935326516628e-04
4.121000000000058208e+03 5.642906762659549713e-04
4.121900000000058753e+03 5.653045955114066601e-04
4.122800000000059299e+03 5.664788768626749516e-04
4.123700000000058935e+03 5.739001790061593056e-04
4.124600000000058571e+03 5.836642230860888958e-04
4.125500000000059117e+03 5.866907886229455471e-04
4.126400000000059663e+03 5.785630783066153526e-04
4.127300000000059299e+03 5.653459811583161354e-04
4.128200000000058935e+03 5.591728840954601765e-04
4.129100000000059481e+03 5.621105665341019630e-04
4.130000000000060027e+03 5.638117436319589615e-04
4.130900000000059663e+03 5.608808132819831371e-04
4.131800000000059299e+03 5.592247471213340759e-04
4.132700000000059845e+03 5.653806147165596485e-04
4.133600000000060390e+03 5.760497879236936569e-04
4.134500000000060027e+03 5.863364203833043575e-04
4.135400000000059663e+03 5.961793940514326096e-04
4.136300000000060209e+03 6.014915416017174721e-04
4.137200000000060754e+03 6.016211700625717640e-04
4.138100000000060390e+03 6.049309158697724342e-04
4.139000000000060027e+03 6.113967392593622208e-04
4.139900000000060572e+03 6.143070640973746777e-04
4.140800000000061118e+03 6.111667607910931110e-04
4.141700000000060754e+03 5.996920517645776272e-04
4.142600000000060390e+03 5.808483692817389965e-04
4.143500000000060936e+03 5.685989744961261749e-04
4.144400000000061482e+03 5.745806847698986530e-04
4.145300000000061118e+03 5.893666530027985573e-04
4.146200000000060754e+03 5.998467095196247101e-04
4.147100000000061300e+03 6.041358574293553829e-04
4.148000000000061846e+03 6.028936477378010750e-04
4.148900000000061482e+03 5.969745689071714878e-04
4.149800000000061118e+03 5.926826270297169685e-04
4.150700000000061664e+03 5.949072656221687794e-04
4.151600000000062209e+03 5.982713773846626282e-04
4.152500000000061846e+03 5.979810375720262527e-04
4.153400000000061482e+03 5.942066200077533722e-04
4.154300000000062028e+03 5.900933174416422844e-04
4.155200000000062573e+03 5.899773677811026573e-04
4.156100000000062209e+03 5.909155588597059250e-04
4.157000000000061846e+03 5.928778555244207382e-04
4.157900000000062391e+03 5.983911105431616306e-04
4.158800000000062937e+03 6.044958718121051788e-04
4.159700000000062573e+03 6.060422165319323540e-04
4.160600000000062209e+03 6.022584275342524052e-04
4.161500000000062755e+03 6.002687732689082623e-04
4.162400000000063301e+03 6.031774100847542286e-04
4.163300000000062937e+03 6.042992463335394859e-04
4.164200000000062573e+03 6.053186370991170406e-04
4.165100000000063119e+03 6.077827420085668564e-04
4.166000000000063665e+03 6.054859259165823460e-04
4.166900000000063301e+03 5.996679537929594517e-04
4.167800000000062937e+03 5.999099230393767357e-04
4.168700000000063483e+03 6.062724278308451176e-04
4.169600000000064028e+03 6.064662011340260506e-04
4.170500000000063665e+03 5.951826460659503937e-04
4.171400000000063301e+03 5.766232497990131378e-04
4.172300000000063847e+03 5.601125303655862808e-04
4.173200000000064392e+03 5.571232177317142487e-04
4.174100000000064028e+03 5.689499084837734699e-04
4.175000000000063665e+03 5.833416944369673729e-04
4.175900000000064210e+03 5.874463240616023540e-04
4.176800000000064756e+03 5.789757124148309231e-04
4.177700000000064392e+03 5.670788232237100601e-04
4.178600000000064028e+03 5.656519788317382336e-04
4.179500000000064574e+03 5.771875730715692043e-04
4.180400000000065120e+03 5.889997119084000587e-04
4.181300000000064756e+03 5.912351771257817745e-04
4.182200000000064392e+03 5.899487296119332314e-04
4.183100000000064938e+03 5.916531663388013840e-04
4.184000000000065484e+03 5.965154268778860569e-04
4.184900000000065120e+03 6.024149479344487190e-04
4.185800000000064756e+03 6.005746545270085335e-04
4.186700000000065302e+03 5.881107063032686710e-04
4.187600000000065847e+03 5.806990084238350391e-04
4.188500000000065484e+03 5.878411466255784035e-04
4.189400000000065120e+03 5.974263767711818218e-04
4.190300000000065666e+03 5.976755055598914623e-04
4.191200000000066211e+03 5.940125556662678719e-04
4.192100000000065847e+03 5.980792921036481857e-04
4.193000000000065484e+03 6.070032250136137009e-04
4.193900000000066029e+03 6.076466524973511696e-04
4.194800000000066575e+03 5.979275447316467762e-04
4.195700000000066211e+03 5.879504024051129818e-04
4.196600000000065847e+03 5.821602535434067249e-04
4.197500000000066393e+03 5.748859839513897896e-04
4.198400000000066939e+03 5.690154503099620342e-04
4.199300000000066575e+03 5.736962193623185158e-04
4.200200000000066211e+03 5.813709576614201069e-04
4.201100000000066757e+03 5.799545906484127045e-04
4.202000000000067303e+03 5.755659658461809158e-04
4.202900000000066939e+03 5.782432272098958492e-04
4.203800000000066575e+03 5.823021638207137585e-04
4.204700000000067121e+03 5.822526873089373112e-04
4.205600000000067666e+03 5.845692357979714870e-04
4.206500000000067303e+03 5.907025188207626343e-04
4.207400000000066939e+03 5.954101798124611378e-04
4.208300000000067485e+03 5.957133253104984760e-04
4.209200000000068030e+03 5.929489852860569954e-04
4.210100000000067666e+03 5.916802911087870598e-04
4.211000000000067303e+03 5.950570921413600445e-04
4.211900000000067848e+03 6.000926950946450233e-04
4.212800000000068394e+03 6.004489259794354439e-04
4.213700000000068030e+03 5.920040421187877655e-04
4.214600000000067666e+03 5.757210310548543930e-04
4.215500000000068212e+03 5.637701833620667458e-04
4.216400000000068758e+03 5.711353733204305172e-04
4.217300000000068394e+03 5.887098959647119045e-04
4.218200000000068030e+03 5.993974045850336552e-04
4.219100000000068576e+03 6.018829299136996269e-04
4.220000000000069122e+03 6.034197285771369934e-04
4.220900000000068758e+03 6.047776550985872746e-04
4.221800000000068394e+03 6.010647048242390156e-04
4.222700000000068940e+03 5.920482217334210873e-04
4.223600000000069485e+03 5.816609482280910015e-04
4.224500000000069122e+03 5.692419363185763359e-04
4.225400000000068758e+03 5.527826142497360706e-04
4.226300000000069303e+03 5.371990846469998360e-04
4.227200000000069849e+03 5.403145332820713520e-04
4.228100000000069485e+03 5.662789917550981045e-04
4.229000000000069122e+03 5.918196984566748142e-04
4.229900000000069667e+03 6.025239126756787300e-04
4.230800000000070213e+03 6.020095315761864185e-04
4.231700000000069849e+03 5.895309150218963623e-04
4.232600000000069485e+03 5.696002626791596413e-04
4.233500000000070031e+03 5.624103359878063202e-04
4.234400000000070577e+03 5.706360097974538803e-04
4.235300000000070213e+03 5.749717238359153271e-04
4.236200000000069849e+03 5.735643208026885986e-04
4.237100000000070395e+03 5.765345413237810135e-04
4.238000000000070941e+03 5.790460854768753052e-04
4.238900000000070577e+03 5.786712281405925751e-04
4.239800000000070213e+03 5.807066336274147034e-04
4.240700000000070759e+03 5.856931675225496292e-04
4.241600000000071304e+03 5.866233259439468384e-04
4.242500000000070941e+03 5.838498473167419434e-04
4.243400000000070577e+03 5.867112195119261742e-04
4.244300000000071122e+03 5.931726191192865372e-04
4.245200000000071668e+03 5.911099724471569061e-04
4.246100000000071304e+03 5.797957419417798519e-04
4.247000000000070941e+03 5.707573145627975464e-04
4.247900000000071486e+03 5.710188415832817554e-04
4.248800000000072032e+03 5.720090121030807495e-04
4.249700000000071668e+03 5.660582683049142361e-04
4.250600000000071304e+03 5.618950817734003067e-04
4.251500000000071850e+03 5.692048580385744572e-04
4.252400000000072396e+03 5.772081785835325718e-04
4.253300000000072032e+03 5.752922152169048786e-04
4.254200000000071668e+03 5.698442109860479832e-04
4.255100000000072214e+03 5.713070277124643326e-04
4.256000000000072760e+03 5.794258322566747665e-04
4.256900000000072396e+03 5.850575980730354786e-04
4.257800000000072032e+03 5.806975532323122025e-04
4.258700000000072578e+03 5.693681305274367332e-04
4.259600000000073123e+03 5.582787562161684036e-04
4.260500000000072760e+03 5.516791716217994690e-04
4.261400000000072396e+03 5.567229818552732468e-04
4.262300000000072941e+03 5.719983018934726715e-04
4.263200000000073487e+03 5.857958458364009857e-04
4.264100000000073123e+03 5.917337257415056229e-04
4.265000000000072760e+03 5.942184361629188061e-04
4.265900000000073305e+03 5.944392178207635880e-04
4.266800000000073851e+03 5.892105400562286377e-04
4.267700000000073487e+03 5.804976099170744419e-04
4.268600000000073123e+03 5.733913276344537735e-04
4.269500000000073669e+03 5.650383536703884602e-04
4.270400000000074215e+03 5.500800907611846924e-04
4.271300000000073851e+03 5.350252613425254822e-04
4.272200000000073487e+03 5.349884741008281708e-04
4.273100000000074033e+03 5.452189361676573753e-04
4.274000000000074579e+03 5.490275216288864613e-04
4.274900000000074215e+03 5.501114064827561378e-04
4.275800000000073851e+03 5.596318515017628670e-04
4.276700000000074397e+03 5.720081389881670475e-04
4.277600000000074942e+03 5.778852500952780247e-04
4.278500000000074579e+03 5.772950244136154652e-04
4.279400000000074215e+03 5.702786729671061039e-04
4.280300000000074760e+03 5.619241856038570404e-04
4.281200000000075306e+03 5.593530950136482716e-04
4.282100000000074942e+03 5.601590964943170547e-04
4.283000000000074579e+03 5.614573019556701183e-04
4.283900000000075124e+03 5.626714555546641350e-04
4.284800000000075670e+03 5.601283628493547440e-04
4.285700000000075306e+03 5.567681510001420975e-04
4.286600000000074942e+03 5.560995195992290974e-04
4.287500000000075488e+03 5.541067221201956272e-04
4.288400000000076034e+03 5.431816680356860161e-04
4.289300000000075670e+03 5.266083171591162682e-04
4.290200000000075306e+03 5.213640397414565086e-04
4.291100000000075852e+03 5.339343915693461895e-04
4.292000000000076398e+03 5.498249083757400513e-04
4.292900000000076034e+03 5.549929919652640820e-04
4.293800000000075670e+03 5.485374713316559792e-04
4.294700000000076216e+03 5.421529058367013931e-04
4.295600000000076761e+03 5.403051036410033703e-04
4.296500000000076398e+03 5.380152142606675625e-04
4.297400000000076034e+03 5.330591229721903801e-04
4.298300000000076579e+03 5.212667165324091911e-04
4.299200000000077125e+03 5.030957981944084167e-04
4.300100000000076761e+03 4.937042249366641045e-04
4.301000000000076398e+03 4.970438894815742970e-04
4.301900000000076943e+03 4.996171919628977776e-04
4.302800000000077489e+03 5.004244158044457436e-04
4.303700000000077125e+03 5.075819208286702633e-04
4.304600000000076761e+03 5.154761020094156265e-04
4.305500000000077307e+03 5.160802975296974182e-04
4.306400000000077853e+03 5.086709279567003250e-04
4.307300000000077489e+03 4.955650656484067440e-04
4.308200000000077125e+03 4.878014733549207449e-04
4.309100000000077671e+03 4.940201761201024055e-04
4.310000000000078217e+03 5.062716081738471985e-04
4.310900000000077853e+03 5.130030331201851368e-04
4.311800000000077489e+03 5.111782229505479336e-04
4.312700000000078035e+03 5.045450525358319283e-04
4.313600000000078580e+03 4.984460538253188133e-04
4.314500000000078217e+03 4.994706832803785801e-04
4.315400000000077853e+03 5.144591559655964375e-04
4.316300000000078398e+03 5.340218776836991310e-04
4.317200000000078944e+03 5.423906841315329075e-04
4.318100000000078580e+03 5.394680192694067955e-04
4.319000000000078217e+03 5.322892102412879467e-04
4.319900000000078762e+03 5.224336055107414722e-04
4.320800000000079308e+03 5.131521611474454403e-04
4.321700000000078944e+03 5.093225627206265926e-04
4.322600000000078580e+03 5.026083090342581272e-04
4.323500000000079126e+03 4.839521425310522318e-04
4.324400000000079672e+03 4.589293967001140118e-04
4.325300000000079308e+03 4.399504396133124828e-04
4.326200000000078944e+03 4.391891125123947859e-04
4.327100000000079490e+03 4.535141342785209417e-04
4.328000000000080036e+03 4.648161993827670813e-04
4.328900000000079672e+03 4.617720842361450195e-04
4.329800000000079308e+03 4.465498495846986771e-04
4.330700000000079854e+03 4.303238820284605026e-04
4.331600000000080399e+03 4.200853873044252396e-04
4.332500000000080036e+03 4.101301019545644522e-04
4.333400000000079672e+03 3.962152404710650444e-04
4.334300000000080217e+03 3.819008707068860531e-04
4.335200000000080763e+03 3.666683041956275702e-04
4.336100000000080399e+03 3.423543530516326427e-04
4.337000000000080036e+03 3.065933124162256718e-04
4.337900000000080581e+03 2.696648007258772850e-04
4.338800000000081127e+03 2.371727168792858720e-04
4.339700000000080763e+03 2.095293020829558372e-04
4.340600000000080399e+03 2.029751922236755490e-04
4.341500000000080945e+03 2.290864358656108379e-04
4.342400000000081491e+03 2.680310572031885386e-04
4.343300000000081127e+03 2.970164932776242495e-04
4.344200000000080763e+03 3.194002492818981409e-04
4.345100000000081309e+03 3.444687463343143463e-04
4.346000000000081855e+03 3.666364937089383602e-04
4.346900000000081491e+03 3.822461294475942850e-04
4.347800000000081127e+03 3.988663083873689175e-04
4.348700000000081673e+03 4.183440178167074919e-04
4.349600000000082218e+03 4.296792612876743078e-04
4.350500000000081855e+03 4.239118425175547600e-04
4.351400000000081491e+03 4.137008800171315670e-04
4.352300000000082036e+03 4.204858851153403521e-04
4.353200000000082582e+03 4.436207527760416269e-04
4.354100000000082218e+03 4.643153224606066942e-04
4.355000000000081855e+03 4.761278687510639429e-04
4.355900000000082400e+03 4.858966567553579807e-04
4.356800000000082946e+03 4.954616306349635124e-04
4.357700000000082582e+03 4.994513583369553089e-04
4.358600000000082218e+03 4.981076344847679138e-04
4.359500000000082764e+03 4.998886724933981895e-04
4.360400000000083310e+03 5.092850769869983196e-04
4.361300000000082946e+03 5.196488928049802780e-04
4.362200000000082582e+03 5.243883351795375347e-04
4.363100000000083128e+03 5.272878333926200867e-04
4.364000000000083674e+03 5.344973760657012463e-04
4.364900000000083310e+03 5.421266541816294193e-04
4.365800000000082946e+03 5.415157065726816654e-04
4.366700000000083492e+03 5.315807065926492214e-04
4.367600000000084037e+03 5.221151513978838921e-04
4.368500000000083674e+03 5.220331950113177299e-04
4.369400000000083310e+03 5.273252609185874462e-04
4.370300000000083855e+03 5.315818125382065773e-04
4.371200000000084401e+03 5.357104237191379070e-04
4.372100000000084037e+03 5.386923439800739288e-04
4.373000000000083674e+03 5.334366578608751297e-04
4.373900000000084219e+03 5.201422027312219143e-04
4.374800000000084765e+03 5.123752052895724773e-04
4.375700000000084401e+03 5.200953455641865730e-04
4.376600000000084037e+03 5.369635764509439468e-04
4.377500000000084583e+03 5.503839929588139057e-04
4.378400000000085129e+03 5.545116146095097065e-04
4.379300000000084765e+03 5.519451224245131016e-04
4.380200000000084401e+03 5.491727497428655624e-04
4.381100000000084947e+03 5.460993852466344833e-04
4.382000000000085493e+03 5.309852422215044498e-04
4.382900000000085129e+03 5.013134796172380447e-04
4.383800000000084765e+03 4.784797201864421368e-04
4.384700000000085311e+03 4.815767169930040836e-04
4.385600000000085856e+03 5.036671063862740993e-04
4.386500000000085493e+03 5.244195344857871532e-04
4.387400000000085129e+03 5.333006847649812698e-04
4.388300000000085674e+03 5.348954582586884499e-04
4.389200000000086220e+03 5.323064397089183331e-04
4.390100000000085856e+03 5.270176916383206844e-04
4.391000000000085493e+03 5.273944698274135590e-04
4.391900000000086038e+03 5.361883086152374744e-04
4.392800000000086584e+03 5.406194832175970078e-04
4.393700000000086220e+03 5.315146991051733494e-04
4.394600000000085856e+03 5.195895209908485413e-04
4.395500000000086402e+03 5.225944332778453827e-04
4.396400000000086948e+03 5.400378722697496414e-04
4.397300000000086584e+03 5.525932065211236477e-04
4.398200000000086220e+03 5.500100669451057911e-04
4.399100000000086766e+03 5.380122456699609756e-04
4.400000000000087311e+03 5.269589601084589958e-04
4.400900000000086948e+03 5.280057084746658802e-04
4.401800000000086584e+03 5.405085394158959389e-04
4.402700000000087130e+03 5.465850699692964554e-04
4.403600000000087675e+03 5.346819525584578514e-04
4.404500000000087311e+03 5.197065183892846107e-04
4.405400000000086948e+03 5.221035098657011986e-04
4.406300000000087493e+03 5.348814884200692177e-04
4.407200000000088039e+03 5.382929230108857155e-04
4.408100000000087675e+03 5.332896835170686245e-04
4.409000000000087311e+03 5.337413167580962181e-04
4.409900000000087857e+03 5.418038344942033291e-04
4.410800000000088403e+03 5.501064006239175797e-04
4.411700000000088039e+03 5.559028941206634045e-04
4.412600000000087675e+03 5.573311937041580677e-04
4.413500000000088221e+03 5.488448077812790871e-04
4.414400000000088767e+03 5.310387350618839264e-04
4.415300000000088403e+03 5.171255907043814659e-04
4.416200000000088039e+03 5.151411169208586216e-04
4.417100000000088585e+03 5.197139689698815346e-04
4.418000000000089130e+03 5.292603163979947567e-04
4.418900000000088767e+03 5.435799248516559601e-04
4.419800000000088403e+03 5.539268022403120995e-04
4.420700000000088949e+03 5.521546117961406708e-04
4.421600000000089494e+03 5.421179812401533127e-04
4.422500000000089130e+03 5.351578583940863609e-04
4.423400000000088767e+03 5.378409987315535545e-04
4.424300000000089312e+03 5.443896516226232052e-04
4.425200000000089858e+03 5.469788447953760624e-04
4.426100000000089494e+03 5.457905936054885387e-04
4.427000000000089130e+03 5.435933708213269711e-04
4.427900000000089676e+03 5.435174098238348961e-04
4.428800000000090222e+03 5.430985474959015846e-04
4.429700000000089858e+03 5.377028137445449829e-04
4.430600000000089494e+03 5.345755489543080330e-04
4.431500000000090040e+03 5.387256969697773457e-04
4.432400000000090586e+03 5.405902047641575336e-04
4.433300000000090222e+03 5.340313655324280262e-04
4.434200000000089858e+03 5.243372870609164238e-04
4.435100000000090404e+03 5.201141466386616230e-04
4.436000000000090949e+03 5.265896324999630451e-04
4.436900000000090586e+03 5.402581300586462021e-04
4.437800000000090222e+03 5.511126946657896042e-04
4.438700000000090768e+03 5.556950345635414124e-04
4.439600000000091313e+03 5.538783734664320946e-04
4.440500000000090949e+03 5.458014202304184437e-04
4.441400000000090586e+03 5.324813537299633026e-04
4.442300000000091131e+03 5.170548101887106895e-04
4.443200000000091677e+03 5.074216751381754875e-04
4.444100000000091313e+03 5.133433733135461807e-04
4.445000000000090949e+03 5.309916450642049313e-04
4.445900000000091495e+03 5.430761375464498997e-04
4.446800000000092041e+03 5.423246184363961220e-04
4.447700000000091677e+03 5.399512010626494884e-04
4.448600000000091313e+03 5.401772214099764824e-04
4.449500000000091859e+03 5.354470922611653805e-04
4.450400000000092405e+03 5.295944283716380596e-04
4.451300000000092041e+03 5.322610959410667419e-04
4.452200000000091677e+03 5.387124256230890751e-04
4.453100000000092223e+03 5.375105538405478001e-04
4.454000000000092768e+03 5.266470834612846375e-04
4.454900000000092405e+03 5.161104490980505943e-04
4.455800000000092041e+03 5.164465401321649551e-04
4.456700000000092587e+03 5.233291303738951683e-04
4.457600000000093132e+03 5.262550548650324345e-04
4.458500000000092768e+03 5.240963655523955822e-04
4.459400000000092405e+03 5.223585176281630993e-04
4.460300000000092950e+03 5.207561189308762550e-04
4.461200000000093496e+03 5.164552130736410618e-04
4.462100000000093132e+03 5.171900265850126743e-04
4.463000000000092768e+03 5.259308381937444210e-04
4.463900000000093314e+03 5.310972337611019611e-04
4.464800000000093860e+03 5.295838927850127220e-04
4.465700000000093496e+03 5.275598377920687199e-04
4.466600000000093132e+03 5.252014379948377609e-04
4.467500000000093678e+03 5.195526173338294029e-04
4.468400000000094224e+03 5.128386546857655048e-04
4.469300000000093860e+03 5.111415521241724491e-04
4.470200000000093496e+03 5.157139967195689678e-04
4.471100000000094042e+03 5.214337143115699291e-04
4.472000000000094587e+03 5.269314860925078392e-04
4.472900000000094224e+03 5.336474860087037086e-04
4.473800000000093860e+03 5.395674379542469978e-04
4.474700000000094406e+03 5.408615106716752052e-04
4.475600000000094951e+03 5.395031766965985298e-04
4.476500000000094587e+03 5.420481320470571518e-04
4.477400000000094224e+03 5.460966494865715504e-04
4.478300000000094769e+03 5.422442336566746235e-04
4.479200000000095315e+03 5.224259220995008945e-04
4.480100000000094951e+03 4.899399355053901672e-04
4.481000000000094587e+03 4.681408172473311424e-04
4.481900000000095133e+03 4.778593429364264011e-04
4.482800000000095679e+03 5.068763275630772114e-04
4.483700000000095315e+03 5.305451340973377228e-04
4.484600000000094951e+03 5.411084275692701340e-04
4.485500000000095497e+03 5.444995476864278316e-04
4.486400000000096043e+03 5.429296870715916157e-04
4.487300000000095679e+03 5.342933582141995430e-04
4.488200000000095315e+03 5.211360985413193703e-04
4.489100000000095861e+03 5.124445306137204170e-04
4.490000000000096406e+03 5.129270139150321484e-04
4.490900000000096043e+03 5.195708363316953182e-04
4.491800000000095679e+03 5.281904013827443123e-04
4.492700000000096225e+03 5.330870044417679310e-04
4.493600000000096770e+03 5.291840061545372009e-04
4.494500000000096406e+03 5.229539819993078709e-04
4.495400000000096043e+03 5.225221393629908562e-04
4.496300000000096588e+03 5.259760073386132717e-04
4.497200000000097134e+03 5.318139446899294853e-04
4.498100000000096770e+03 5.375205073505640030e-04
4.499000000000096406e+03 5.378160858526825905e-04
4.499900000000096952e+03 5.300602642819285393e-04
4.500800000000097498e+03 5.197678110562264919e-04
4.501700000000097134e+03 5.197480786591768265e-04
4.502600000000096770e+03 5.332984728738665581e-04
4.503500000000097316e+03 5.468867020681500435e-04
4.504400000000097862e+03 5.516231176443397999e-04
4.505300000000097498e+03 5.491269403137266636e-04
4.506200000000097134e+03 5.424520350061357021e-04
4.507100000000097680e+03 5.331325228326022625e-04
4.508000000000098225e+03 5.273874267004430294e-04
4.508900000000097862e+03 5.304957740008831024e-04
4.509800000000097498e+03 5.383761599659919739e-04
4.510700000000098044e+03 5.426186253316700459e-04
4.511600000000098589e+03 5.409282166510820389e-04
4.512500000000098225e+03 5.357414484024047852e-04
4.513400000000097862e+03 5.281055346131324768e-04
4.514300000000098407e+03 5.186463822610676289e-04
4.515200000000098953e+03 5.153958336450159550e-04
4.516100000000098589e+03 5.213667755015194416e-04
4.517000000000098225e+03 5.265065701678395271e-04
4.517900000000098771e+03 5.251955008134245872e-04
4.518800000000099317e+03 5.226658540777862072e-04
4.519700000000098953e+03 5.223701009526848793e-04
4.520600000000098589e+03 5.235747667029500008e-04
4.521500000000099135e+03 5.204537883400917053e-04
4.522400000000099681e+03 5.122744478285312653e-04
4.523300000000099317e+03 5.111860227771103382e-04
4.524200000000098953e+03 5.164269241504371166e-04
4.525100000000099499e+03 5.174783291295170784e-04
4.526000000000100044e+03 5.140968132764101028e-04
4.526900000000099681e+03 5.094293737784028053e-04
4.527800000000099317e+03 5.035091307945549488e-04
4.528700000000099863e+03 4.994401824660599232e-04
4.529600000000100408e+03 5.019433447159826756e-04
4.530500000000100044e+03 5.079434486106038094e-04
4.531400000000099681e+03 5.123048322275280952e-04
4.532300000000100226e+03 5.102313007228076458e-04
4.533200000000100772e+03 4.988315049558877945e-04
4.534100000000100408e+03 4.904241068288683891e-04
4.535000000000100044e+03 4.949456779286265373e-04
4.535900000000100590e+03 5.089018959552049637e-04
4.536800000000101136e+03 5.250558606348931789e-04
4.537700000000100772e+03 5.332306609489023685e-04
4.538600000000100408e+03 5.299070035107433796e-04
4.539500000000100954e+03 5.213284748606383801e-04
4.540400000000101500e+03 5.136562976986169815e-04
4.541300000000101136e+03 5.122991278767585754e-04
4.542200000000100772e+03 5.187298520468175411e-04
4.543100000000101318e+03 5.245084175840020180e-04
4.544000000000101863e+03 5.218779551796615124e-04
4.544900000000101500e+03 5.162034067325294018e-04
4.545800000000101136e+03 5.160295986570417881e-04
4.546700000000101682e+03 5.175642436370253563e-04
4.547600000000102227e+03 5.100494599901139736e-04
4.548500000000101863e+03 4.900143831036984921e-04
4.549400000000101500e+03 4.756196576636284590e-04
4.550300000000102045e+03 4.860130138695240021e-04
4.551200000000102591e+03 5.065326695330440998e-04
4.552100000000102227e+03 5.130418576300144196e-04
4.553000000000101863e+03 5.057782982476055622e-04
4.553900000000102409e+03 4.941599327139556408e-04
4.554800000000102955e+03 4.865316150244325399e-04
4.555700000000102591e+03 4.897497710771858692e-04
4.556600000000102227e+03 5.011763423681259155e-04
4.557500000000102773e+03 5.086186574772000313e-04
4.558400000000103319e+03 5.092435749247670174e-04
4.559300000000102955e+03 5.124909221194684505e-04
4.560200000000102591e+03 5.191209493204951286e-04
4.561100000000103137e+03 5.231013637967407703e-04
4.562000000000103682e+03 5.200091400183737278e-04
4.562900000000103319e+03 5.085017764940857887e-04
4.563800000000102955e+03 4.975143237970769405e-04
4.564700000000103500e+03 4.957176279276609421e-04
4.565600000000104046e+03 5.021299002692103386e-04
4.566500000000103682e+03 5.128747434355318546e-04
4.567400000000103319e+03 5.217373254708945751e-04
4.568300000000103864e+03 5.239684251137077808e-04
4.569200000000104410e+03 5.218211445026099682e-04
4.570100000000104046e+03 5.146719631738960743e-04
4.571000000000103682e+03 5.003502592444419861e-04
4.571900000000104228e+03 4.931977018713951111e-04
4.572800000000104774e+03 5.040519754402339458e-04
4.573700000000104410e+03 5.166538758203387260e-04
4.574600000000104046e+03 5.170204094611108303e-04
4.575500000000104592e+03 5.124679883010685444e-04
4.576400000000105138e+03 5.119579145684838295e-04
4.577300000000104774e+03 5.144654423929750919e-04
4.578200000000104410e+03 5.134479142725467682e-04
4.579100000000104956e+03 5.070655606687068939e-04
4.580000000000105501e+03 5.004439735785126686e-04
4.580900000000105138e+03 4.973259055987000465e-04
4.581800000000104774e+03 4.944206448271870613e-04
4.582700000000105319e+03 4.878774634562432766e-04
4.583600000000105865e+03 4.839606408495455980e-04
4.584500000000105501e+03 4.906405229121446609e-04
4.585400000000105138e+03 5.001431563869118690e-04
4.586300000000105683e+03 5.029503372497856617e-04
4.587200000000106229e+03 5.018567899242043495e-04
4.588100000000105865e+03 5.022453260608017445e-04
4.589000000000105501e+03 5.049043684266507626e-04
4.589900000000106047e+03 5.060702096670866013e-04
4.590800000000106593e+03 5.028276355005800724e-04
4.591700000000106229e+03 4.986255080439150333e-04
4.592600000000105865e+03 4.993218462914228439e-04
4.593500000000106411e+03 5.032844492234289646e-04
4.594400000000106957e+03 5.044795689173042774e-04
4.595300000000106593e+03 5.029329331591725349e-04
4.596200000000106229e+03 5.032612825743854046e-04
4.597100000000106775e+03 5.054349894635379314e-04
4.598000000000107320e+03 5.073669017292559147e-04
4.598900000000106957e+03 5.085578304715454578e-04
4.599800000000106593e+03 5.058855749666690826e-04
4.600700000000107138e+03 5.022588884457945824e-04
4.601600000000107684e+03 5.033956258557736874e-04
4.602500000000107320e+03 5.055409856140613556e-04
4.603400000000106957e+03 5.057746893726289272e-04
4.604300000000107502e+03 5.048962193541228771e-04
4.605200000000108048e+03 5.041029071435332298e-04
4.606100000000107684e+03 5.058721872046589851e-04
4.607000000000107320e+03 5.103389266878366470e-04
4.607900000000107866e+03 5.156430997885763645e-04
4.608800000000108412e+03 5.191700183786451817e-04
4.609700000000108048e+03 5.178952706046402454e-04
4.610600000000107684e+03 5.130019271746277809e-04
4.611500000000108230e+03 5.090264603495597839e-04
4.612400000000108776e+03 5.070745828561484814e-04
4.613300000000108412e+03 5.057145608589053154e-04
4.614200000000108048e+03 5.068583996035158634e-04
4.615100000000108594e+03 5.068100290372967720e-04
4.616000000000109139e+03 5.029782769270241261e-04
4.616900000000108776e+03 5.012159817852079868e-04
4.617800000000108412e+03 4.996915813535451889e-04
4.618700000000108957e+03 4.943636595271527767e-04
4.619600000000109503e+03 4.925418179482221603e-04
4.620500000000109139e+03 4.982968093827366829e-04
4.621400000000108776e+03 5.047211307100951672e-04
4.622300000000109321e+03 5.080894334241747856e-04
4.623200000000109867e+03 5.098386900499463081e-04
4.624100000000109503e+03 5.089620244689285755e-04
4.625000000000109139e+03 5.048546590842306614e-04
4.625900000000109685e+03 5.027916631661355495e-04
4.626800000000110231e+03 5.039052921347320080e-04
4.627700000000109867e+03 5.016237264499068260e-04
4.628600000000109503e+03 4.943211097270250320e-04
4.629500000000110049e+03 4.917345358990132809e-04
4.630400000000110595e+03 4.994776099920272827e-04
4.631300000000110231e+03 5.077740643173456192e-04
4.632200000000109867e+03 5.054110079072415829e-04
4.633100000000110413e+03 4.960076767019927502e-04
4.634000000000110958e+03 4.903537919744849205e-04
4.634900000000110595e+03 4.922018270008265972e-04
4.635800000000110231e+03 4.963931278325617313e-04
4.636700000000110776e+03 4.971686867065727711e-04
4.637600000000111322e+03 4.949924768880009651e-04
4.638500000000110958e+03 4.946237895637750626e-04
4.639400000000110595e+03 4.951977753080427647e-04
4.640300000000111140e+03 4.969019209966063499e-04
4.641200000000111686e+03 5.016155191697180271e-04
4.642100000000111322e+03 5.050267791375517845e-04
4.643000000000110958e+03 5.041756085120141506e-04
4.643900000000111504e+03 5.016716895624995232e-04
4.644800000000112050e+03 4.980741068720817566e-04
4.645700000000111686e+03 4.911222495138645172e-04
4.646600000000111322e+03 4.843967908527702093e-04
4.647500000000111868e+03 4.828753881156444550e-04
4.648400000000112414e+03 4.863219510298222303e-04
4.649300000000112050e+03 4.923825035803020000e-04
4.650200000000111686e+03 4.978061770088970661e-04
4.651100000000112232e+03 4.996843636035919189e-04
4.652000000000112777e+03 5.002712714485824108e-04
4.652900000000112414e+03 5.003568949177861214e-04
4.653800000000112050e+03 4.961672821082174778e-04
4.654700000000112595e+03 4.896832397207617760e-04
4.655600000000113141e+03 4.857763124164193869e-04
4.656500000000112777e+03 4.852954880334436893e-04
4.657400000000112414e+03 4.913153243251144886e-04
4.658300000000112959e+03 5.021690740250051022e-04
4.659200000000113505e+03 5.099014961160719395e-04
4.660100000000113141e+03 5.103105795569717884e-04
4.661000000000112777e+03 5.052331252954900265e-04
4.661900000000113323e+03 4.974030889570713043e-04
4.662800000000113869e+03 4.902425571344792843e-04
4.663700000000113505e+03 4.877283354289829731e-04
4.664600000000113141e+03 4.885486559942364693e-04
4.665500000000113687e+03 4.838081949856132269e-04
4.666400000000114233e+03 4.718838026747107506e-04
4.667300000000113869e+03 4.636642115656286478e-04
4.668200000000113505e+03 4.659623373299837112e-04
4.669100000000114051e+03 4.736843111459165812e-04
4.670000000000114596e+03 4.814234853256493807e-04
4.670900000000114233e+03 4.883916117250919342e-04
4.671800000000113869e+03 4.916941397823393345e-04
4.672700000000114414e+03 4.904372035525739193e-04
4.673600000000114960e+03 4.890830023214221001e-04
4.674500000000114596e+03 4.908958799205720425e-04
4.675400000000114233e+03 4.952807794325053692e-04
4.676300000000114778e+03 4.989550216123461723e-04
4.677200000000115324e+03 4.975444171577692032e-04
4.678100000000114960e+03 4.913864540867507458e-04
4.679000000000114596e+03 4.857530002482235432e-04
4.679900000000115142e+03 4.837016458623111248e-04
4.680800000000115688e+03 4.835791187360882759e-04
4.681700000000115324e+03 4.848902462981641293e-04
4.682600000000114960e+03 4.881123604718595743e-04
4.683500000000115506e+03 4.913498414680361748e-04
4.684400000000116052e+03 4.918626509606838226e-04
4.685300000000115688e+03 4.917231271974742413e-04
4.686200000000115324e+03 4.922571242786943913e-04
4.687100000000115870e+03 4.913817974738776684e-04
4.688000000000116415e+03 4.897979088127613068e-04
4.688900000000116052e+03 4.897075123153626919e-04
4.689800000000115688e+03 4.896523896604776382e-04
4.690700000000116233e+03 4.877866012975573540e-04
4.691600000000116779e+03 4.870975972153246403e-04
4.692500000000116415e+03 4.887187969870865345e-04
4.693400000000116052e+03 4.902424407191574574e-04
4.694300000000116597e+03 4.918416962027549744e-04
4.695200000000117143e+03 4.944658139720559120e-04
4.696100000000116779e+03 4.953437019139528275e-04
4.697000000000116415e+03 4.913021693937480450e-04
4.697900000000116961e+03 4.836276348214596510e-04
4.698800000000117507e+03 4.789114755112677813e-04
4.699700000000117143e+03 4.803857009392231703e-04
4.700600000000116779e+03 4.825912474188953638e-04
4.701500000000117325e+03 4.798381996806710958e-04
4.702400000000117871e+03 4.741711891256272793e-04
4.703300000000117507e+03 4.729889333248138428e-04
4.704200000000117143e+03 4.793386906385421753e-04
4.705100000000117689e+03 4.852424317505210638e-04
4.706000000000118234e+03 4.849559627473354340e-04
4.706900000000117871e+03 4.798207955900579691e-04
4.707800000000117507e+03 4.749045183416455984e-04
4.708700000000118052e+03 4.731104127131402493e-04
4.709600000000118598e+03 4.753401444759219885e-04
4.710500000000118234e+03 4.815407446585595608e-04
4.711400000000117871e+03 4.868212854489684105e-04
4.712300000000118416e+03 4.861540219280868769e-04
4.713200000000118962e+03 4.808066587429493666e-04
4.714100000000118598e+03 4.754708206746727228e-04
4.715000000000118234e+03 4.762227763421833515e-04
4.715900000000118780e+03 4.832225095015019178e-04
4.716800000000119326e+03 4.889899282716214657e-04
4.717700000000118962e+03 4.902819055132567883e-04
4.718600000000118598e+03 4.910512361675500870e-04
4.719500000000119144e+03 4.929772112518548965e-04
4.720400000000119690e+03 4.935966571792960167e-04
4.721300000000119326e+03 4.915416939184069633e-04
4.722200000000118962e+03 4.886318929493427277e-04
4.723100000000119508e+03 4.886553506366908550e-04
4.724000000000120053e+03 4.920095670968294144e-04
4.724900000000119690e+03 4.943996900692582130e-04
4.725800000000119326e+03 4.916203324683010578e-04
4.726700000000119871e+03 4.830154357478022575e-04
4.727600000000120417e+03 4.744291363749653101e-04
4.728500000000120053e+03 4.718820564448833466e-04
4.729400000000119690e+03 4.722618905361741781e-04
4.730300000000120235e+03 4.711076908279210329e-04
4.731200000000120781e+03 4.709983477368950844e-04
4.732100000000120417e+03 4.758055438287556171e-04
4.733000000000120053e+03 4.808010708075016737e-04
4.733900000000120599e+03 4.827780940104275942e-04
4.734800000000121145e+03 4.834183782804757357e-04
4.735700000000120781e+03 4.798434092663228512e-04
4.736600000000120417e+03 4.743004392366856337e-04
4.737500000000120963e+03 4.754062392748892307e-04
4.738400000000121508e+03 4.813279374502599239e-04
4.739300000000121145e+03 4.825987271033227444e-04
4.740200000000120781e+03 4.795100248884409666e-04
4.741100000000121327e+03 4.784220654983073473e-04
4.742000000000121872e+03 4.811198159586638212e-04
4.742900000000121508e+03 4.842634079977869987e-04
4.743800000000121145e+03 4.847962700296193361e-04
4.744700000000121690e+03 4.826899676118046045e-04
4.745600000000122236e+03 4.824889474548399448e-04
4.746500000000121872e+03 4.850089026149362326e-04
4.747400000000121508e+03 4.857866733800619841e-04
4.748300000000122054e+03 4.841212066821753979e-04
4.749200000000122600e+03 4.839987086597830057e-04
4.750100000000122236e+03 4.851307603530585766e-04
4.751000000000121872e+03 4.847116069868206978e-04
4.751900000000122418e+03 4.822244227398186922e-04
4.752800000000122964e+03 4.799564485438168049e-04
4.753700000000122600e+03 4.772582615260034800e-04
4.754600000000122236e+03 4.742391174659132957e-04
4.755500000000122782e+03 4.725737380795180798e-04
4.756400000000123327e+03 4.727675404865294695e-04
4.757300000000122964e+03 4.750477673951536417e-04
4.758200000000122600e+03 4.775765410158783197e-04
4.759100000000123146e+03 4.796097055077552795e-04
4.760000000000123691e+03 4.801452450919896364e-04
4.760900000000123327e+03 4.754990513902157545e-04
4.761800000000122964e+03 4.671958158724009991e-04
4.762700000000123509e+03 4.618155071511864662e-04
4.763600000000124055e+03 4.603640991263091564e-04
4.764500000000123691e+03 4.597525985445827246e-04
4.765400000000123327e+03 4.591224133037030697e-04
4.766300000000123873e+03 4.607261216733604670e-04
4.767200000000124419e+03 4.652516508940607309e-04
4.768100000000124055e+03 4.700122808571904898e-04
4.769000000000123691e+03 4.737922572530806065e-04
4.769900000000124237e+03 4.755375848617404699e-04
4.770800000000124783e+03 4.721726290881633759e-04
4.771700000000124419e+03 4.677806864492595196e-04
4.772600000000124055e+03 4.684755112975835800e-04
4.773500000000124601e+03 4.736547998618334532e-04
4.774400000000125146e+03 4.781226452905684710e-04
4.775300000000124783e+03 4.781519237440079451e-04
4.776200000000124419e+03 4.769595398101955652e-04
4.777100000000124965e+03 4.784720658790320158e-04
4.778000000000125510e+03 4.788031510543078184e-04
4.778900000000125146e+03 4.752400855068117380e-04
4.779800000000124783e+03 4.718341806437820196e-04
4.780700000000125328e+03 4.730064829345792532e-04
4.781600000000125874e+03 4.745976766571402550e-04
4.782500000000125510e+03 4.717414267361164093e-04
4.783400000000125146e+03 4.684794403146952391e-04
4.784300000000125692e+03 4.700470308307558298e-04
4.785200000000126238e+03 4.705888568423688412e-04
4.786100000000125874e+03 4.660700797103345394e-04
4.787000000000125510e+03 4.642196290660649538e-04
4.787900000000126056e+03 4.662941501010209322e-04
4.788800000000126602e+03 4.656798846554011106e-04
4.789700000000126238e+03 4.647619789466261864e-04
4.790600000000125874e+03 4.669348127208650112e-04
4.791500000000126420e+03 4.686661995947360992e-04
4.792400000000126965e+03 4.696585820056498051e-04
4.793300000000126602e+03 4.731260123662650585e-04
4.794200000000126238e+03 4.776316927745938301e-04
4.795100000000126784e+03 4.787096695508807898e-04
4.796000000000127329e+03 4.762055468745529652e-04
4.796900000000126965e+03 4.723546444438397884e-04
4.797800000000126602e+03 4.676106327679008245e-04
4.798700000000127147e+03 4.627817834261804819e-04
4.799600000000127693e+03 4.608573799487203360e-04
4.800500000000127329e+03 4.633405187632888556e-04
4.801400000000126965e+03 4.690483328886330128e-04
4.802300000000127511e+03 4.732723755296319723e-04
4.803200000000128057e+03 4.715174436569213867e-04
4.804100000000127693e+03 4.643624706659466028e-04
4.805000000000127329e+03 4.583197587635368109e-04
4.805900000000127875e+03 4.588954325299710035e-04
4.806800000000128421e+03 4.615697544068098068e-04
4.807700000000128057e+03 4.615565121639519930e-04
4.808600000000127693e+03 4.611061885952949524e-04
4.809500000000128239e+03 4.615156212821602821e-04
4.810400000000128784e+03 4.611272597685456276e-04
4.811300000000128421e+03 4.602022236213088036e-04
4.812200000000128057e+03 4.604906134773045778e-04
4.813100000000128603e+03 4.619788087438791990e-04
4.814000000000129148e+03 4.632915952242910862e-04
4.814900000000128784e+03 4.642544081434607506e-04
4.815800000000128421e+03 4.650985938496887684e-04
4.816700000000128966e+03 4.657276731450110674e-04
4.817600000000129512e+03 4.654013318940997124e-04
4.818500000000129148e+03 4.652959178201854229e-04
4.819400000000128784e+03 4.652978968806564808e-04
4.820300000000129330e+03 4.639364196918904781e-04
4.821200000000129876e+03 4.618838720489293337e-04
4.822100000000129512e+03 4.558866785373538733e-04
4.823000000000129148e+03 4.435823939274996519e-04
4.823900000000129694e+03 4.360076854936778545e-04
4.824800000000130240e+03 4.411234694998711348e-04
4.825700000000129876e+03 4.506164987105876207e-04
4.826600000000129512e+03 4.547910066321492195e-04
4.827500000000130058e+03 4.530024598352611065e-04
4.828400000000130603e+03 4.489355196710675955e-04
4.829300000000130240e+03 4.467812832444906235e-04
4.830200000000129876e+03 4.464995581656694412e-04
4.831100000000130422e+03 4.437384195625782013e-04
4.832000000000130967e+03 4.397190059535205364e-04
4.832900000000130603e+03 4.399368481244891882e-04
4.833800000000130240e+03 4.422712372615933418e-04
4.834700000000130785e+03 4.416636948008090258e-04
4.835600000000131331e+03 4.379955935291945934e-04
4.836500000000130967e+03 4.358645528554916382e-04
4.837400000000130603e+03 4.355533164925873280e-04
4.838300000000131149e+03 4.317372513469308615e-04
4.839200000000131695e+03 4.247617907822132111e-04
4.840100000000131331e+03 4.200909170322120190e-04
4.841000000000130967e+03 4.199149552732706070e-04
4.841900000000131513e+03 4.191645130049437284e-04
4.842800000000132059e+03 4.141557146795094013e-04
4.843700000000131695e+03 4.097853961866348982e-04
4.844600000000131331e+03 4.095435142517089844e-04
4.845500000000131877e+03 4.088104760739952326e-04
4.846400000000132422e+03 4.031442804262042046e-04
4.847300000000132059e+03 3.920975723303854465e-04
4.848200000000131695e+03 3.805336600635200739e-04
4.849100000000132241e+03 3.755222423933446407e-04
4.850000000000132786e+03 3.756029182113707066e-04
4.850900000000132422e+03 3.724887210410088301e-04
4.851800000000132059e+03 3.647191915661096573e-04
4.852700000000132604e+03 3.560126351658254862e-04
4.853600000000133150e+03 3.445058246143162251e-04
4.854500000000132786e+03 3.270143060944974422e-04
4.855400000000132422e+03 3.098798915743827820e-04
4.856300000000132968e+03 3.007134655490517616e-04
4.857200000000133514e+03 2.946588792838156223e-04
4.858100000000133150e+03 2.813455939758569002e-04
4.859000000000132786e+03 2.568461932241916656e-04
4.859900000000133332e+03 2.229900419479236007e-04
4.860800000000133878e+03 1.940979127539321780e-04
4.861700000000133514e+03 1.942917442647740245e-04
4.862600000000133150e+03 2.237538428744301200e-04
4.863500000000133696e+03 2.549621276557445526e-04
4.864400000000134241e+03 2.758693590294569731e-04
4.865300000000133878e+03 2.932969364337623119e-04
4.866200000000133514e+03 3.094498824793845415e-04
4.867100000000134060e+03 3.223734966013580561e-04
4.868000000000134605e+03 3.328298334963619709e-04
4.868900000000134241e+03 3.427053452469408512e-04
4.869800000000133878e+03 3.480562299955636263e-04
4.870700000000134423e+03 3.464453329797834158e-04
4.871600000000134969e+03 3.472338430583477020e-04
4.872500000000134605e+03 3.580027841962873936e-04
4.873400000000134241e+03 3.716846113093197346e-04
4.874300000000134787e+03 3.798276011366397142e-04
4.875200000000135333e+03 3.829789930023252964e-04
4.876100000000134969e+03 3.867357445415109396e-04
4.877000000000134605e+03 3.933927218895405531e-04
4.877900000000135151e+03 4.012326244264841080e-04
4.878800000000135697e+03 4.110779846087098122e-04
4.879700000000135333e+03 4.194426583126187325e-04
4.880600000000134969e+03 4.195649235043674707e-04
4.881500000000135515e+03 4.156574141234159470e-04
4.882400000000136060e+03 4.156013601459562778e-04
4.883300000000135697e+03 4.177662194706499577e-04
4.884200000000135333e+03 4.173011693637818098e-04
4.885100000000135879e+03 4.154723428655415773e-04
4.886000000000136424e+03 4.159441450610756874e-04
4.886900000000136060e+03 4.196489171590656042e-04
4.887800000000135697e+03 4.238483379594981670e-04
4.888700000000136242e+03 4.251534701324999332e-04
4.889600000000136788e+03 4.217859823256731033e-04
4.890500000000136424e+03 4.147244035266339779e-04
4.891400000000136060e+03 4.140905512031167746e-04
4.892300000000136606e+03 4.258372646290808916e-04
4.893200000000137152e+03 4.395208961796015501e-04
4.894100000000136788e+03 4.475707537494599819e-04
4.895000000000136424e+03 4.515708133112639189e-04
4.895900000000136970e+03 4.524850810412317514e-04
4.896800000000137516e+03 4.524241085164248943e-04
4.897700000000137152e+03 4.522681701928377151e-04
4.898600000000136788e+03 4.490924475248903036e-04
4.899500000000137334e+03 4.426653904374688864e-04
4.900400000000137879e+03 4.401688347570598125e-04
4.901300000000137516e+03 4.429446125868707895e-04
4.902200000000137152e+03 4.437044844962656498e-04
4.903100000000137697e+03 4.409539396874606609e-04
4.904000000000138243e+03 4.412718990352004766e-04
4.904900000000137879e+03 4.469002888072282076e-04
4.905800000000137516e+03 4.526564443949609995e-04
4.906700000000138061e+03 4.533712344709783792e-04
4.907600000000138607e+03 4.492710577324032784e-04
4.908500000000138243e+03 4.435302689671516418e-04
4.909400000000137879e+03 4.361839964985847473e-04
4.910300000000138425e+03 4.295551916584372520e-04
4.911200000000138971e+03 4.292537632863968611e-04
4.912100000000138607e+03 4.346182977315038443e-04
4.913000000000138243e+03 4.400242760311812162e-04
4.913900000000138789e+03 4.444555088412016630e-04
4.914800000000139335e+03 4.496366018429398537e-04
4.915700000000138971e+03 4.528430581558495760e-04
4.916600000000138607e+03 4.497657064348459244e-04
4.917500000000139153e+03 4.400743346195667982e-04
4.918400000000139698e+03 4.267917538527399302e-04
4.919300000000139335e+03 4.153866611886769533e-04
4.920200000000138971e+03 4.107751010451465845e-04
4.921100000000139516e+03 4.156609356869012117e-04
4.922000000000140062e+03 4.231894563417881727e-04
4.922900000000139698e+03 4.224565345793962479e-04
4.923800000000139335e+03 4.176826623734086752e-04
4.924700000000139880e+03 4.223013820592314005e-04
4.925600000000140426e+03 4.357773577794432640e-04
4.926500000000140062e+03 4.456382885109633207e-04
4.927400000000139698e+03 4.478123737499117851e-04
4.928300000000140244e+03 4.493761516641825438e-04
4.929200000000140790e+03 4.521246009971946478e-04
4.930100000000140426e+03 4.523491661529988050e-04
4.931000000000140062e+03 4.510746221058070660e-04
4.931900000000140608e+03 4.473248554859310389e-04
4.932800000000141154e+03 4.373510600998997688e-04
4.933700000000140790e+03 4.287339688744395971e-04
4.934600000000140426e+03 4.322112945374101400e-04
4.935500000000140972e+03 4.407928499858826399e-04
4.936400000000141517e+03 4.417921300046145916e-04
4.937300000000141154e+03 4.348340153228491545e-04
4.938200000000140790e+03 4.271866928320378065e-04
4.939100000000141335e+03 4.262957663740962744e-04
4.940000000000141881e+03 4.342763568274676800e-04
4.940900000000141517e+03 4.438785836100578308e-04
4.941800000000141154e+03 4.476475296542048454e-04
4.942700000000141699e+03 4.483323136810213327e-04
4.943600000000142245e+03 4.501393705140799284e-04
4.944500000000141881e+03 4.496662877500057220e-04
4.945400000000141517e+03 4.458096809685230255e-04
4.946300000000142063e+03 4.436903982423245907e-04
4.947200000000142609e+03 4.456777242012321949e-04
4.948100000000142245e+03 4.479182825889438391e-04
4.949000000000141881e+03 4.483477387111634016e-04
4.949900000000142427e+03 4.482603399083018303e-04
4.950800000000142973e+03 4.481568175833672285e-04
4.951700000000142609e+03 4.463855584617704153e-04
4.952600000000142245e+03 4.433373396750539541e-04
4.953500000000142791e+03 4.421385237947106361e-04
4.954400000000143336e+03 4.431381239555776119e-04
4.955300000000142973e+03 4.413886053953319788e-04
4.956200000000142609e+03 4.294372338335961103e-04
4.957100000000143154e+03 4.125615523662418127e-04
4.958000000000143700e+03 4.112802853342145681e-04
4.958900000000143336e+03 4.279681597836315632e-04
4.959800000000142973e+03 4.430700500961393118e-04
4.960700000000143518e+03 4.472473519854247570e-04
4.961600000000144064e+03 4.455399466678500175e-04
4.962500000000143700e+03 4.449407570064067841e-04
4.963400000000143336e+03 4.454824083950370550e-04
4.964300000000143882e+03 4.424432408995926380e-04
4.965200000000144428e+03 4.361365281511098146e-04
4.966100000000144064e+03 4.326357739046216011e-04
4.967000000000143700e+03 4.326454945839941502e-04
4.967900000000144246e+03 4.324101610109210014e-04
4.968800000000144792e+03 4.319074214436113834e-04
4.969700000000144428e+03 4.328010545577853918e-04
4.970600000000144064e+03 4.347387875895947218e-04
4.971500000000144610e+03 4.380881146062165499e-04
4.972400000000145155e+03 4.409600805956870317e-04
4.973300000000144792e+03 4.426749947015196085e-04
4.974200000000144428e+03 4.439663025550544262e-04
4.975100000000144973e+03 4.432031710166484118e-04
4.976000000000145519e+03 4.405458748806267977e-04
4.976900000000145155e+03 4.377752775326371193e-04
4.977800000000144792e+03 4.345795023255050182e-04
4.978700000000145337e+03 4.323843750171363354e-04
4.979600000000145883e+03 4.317061684560030699e-04
4.980500000000145519e+03 4.291806544642895460e-04
4.981400000000145155e+03 4.217873211018741131e-04
4.982300000000145701e+03 4.122465907130390406e-04
4.983200000000146247e+03 4.081323859281837940e-04
4.984100000000145883e+03 4.112740571144968271e-04
4.985000000000145519e+03 4.175989888608455658e-04
4.985900000000146065e+03 4.251117643434554338e-04
4.986800000000146611e+03 4.330510855652391911e-04
4.987700000000146247e+03 4.368205263745039701e-04
4.988600000000145883e+03 4.350506933405995369e-04
4.989500000000146429e+03 4.308352945372462273e-04
4.990400000000146974e+03 4.263980081304907799e-04
4.991300000000146611e+03 4.253307706676423550e-04
4.992200000000146247e+03 4.279192071408033371e-04
4.993100000000146792e+03 4.284690949134528637e-04
4.994000000000147338e+03 4.280963621567934752e-04
4.994900000000146974e+03 4.310854419600218534e-04
4.995800000000146611e+03 4.339623264968395233e-04
4.996700000000147156e+03 4.337690188549458981e-04
4.997600000000147702e+03 4.319950239732861519e-04
4.998500000000147338e+03 4.279099230188876390e-04
4.999400000000146974e+03 4.216636298224329948e-04
5.000300000000147520e+03 4.159572999924421310e-04
5.001200000000148066e+03 4.128634463995695114e-04
5.002100000000147702e+03 4.138727381359785795e-04
5.003000000000147338e+03 4.176171205472201109e-04
5.003900000000147884e+03 4.184543795417994261e-04
5.004800000000148430e+03 4.132498870603740215e-04
5.005700000000148066e+03 4.064025706611573696e-04
5.006600000000147702e+03 4.062944790348410606e-04
5.007500000000148248e+03 4.152136098127812147e-04
5.008400000000148793e+03 4.250797210261225700e-04
5.009300000000148430e+03 4.277794796507805586e-04
5.010200000000148066e+03 4.249983176123350859e-04
5.011100000000148611e+03 4.200707480777055025e-04
5.012000000000149157e+03 4.132014582864940166e-04
5.012900000000148793e+03 4.076335171703249216e-04
5.013800000000148430e+03 4.052706062793731689e-04
5.014700000000148975e+03 4.074586904607713223e-04
5.015600000000149521e+03 4.120100056752562523e-04
5.016500000000149157e+03 4.100551595911383629e-04
5.017400000000148793e+03 3.990090335719287395e-04
5.018300000000149339e+03 3.913817054126411676e-04
5.019200000000149885e+03 3.975179570261389017e-04
5.020100000000149521e+03 4.087873676326125860e-04
5.021000000000149157e+03 4.129017761442810297e-04
5.021900000000149703e+03 4.110073787160217762e-04
5.022800000000150249e+03 4.118241777177900076e-04
5.023700000000149885e+03 4.172638000454753637e-04
5.024600000000149521e+03 4.213895008433610201e-04
5.025500000000150067e+03 4.219450929667800665e-04
5.026400000000150612e+03 4.187434969935566187e-04
5.027300000000150249e+03 4.139047232456505299e-04
5.028200000000149885e+03 4.147136933170258999e-04
5.029100000000150430e+03 4.193921340629458427e-04
5.030000000000150976e+03 4.207009042147547007e-04
5.030900000000150612e+03 4.202347190584987402e-04
5.031800000000150249e+03 4.231904458720237017e-04
5.032700000000150794e+03 4.280713910702615976e-04
5.033600000000151340e+03 4.294817917980253696e-04
5.034500000000150976e+03 4.231613420415669680e-04
5.035400000000150612e+03 4.130279412493109703e-04
5.036300000000151158e+03 4.100548103451728821e-04
5.037200000000151704e+03 4.148641019128262997e-04
5.038100000000151340e+03 4.159552627243101597e-04
5.039000000000150976e+03 4.086056142114102840e-04
5.039900000000151522e+03 3.961255715694278479e-04
5.040800000000152068e+03 3.858823911286890507e-04
5.041700000000151704e+03 3.898570139426738024e-04
5.042600000000151340e+03 4.064542299602180719e-04
5.043500000000151886e+03 4.195775836706161499e-04
5.044400000000152431e+03 4.249468911439180374e-04
5.045300000000152068e+03 4.280790162738412619e-04
5.046200000000151704e+03 4.293991660233587027e-04
5.047100000000152249e+03 4.251872596796602011e-04
5.048000000000152795e+03 4.167215374764055014e-04
5.048900000000152431e+03 4.107126442249864340e-04
5.049800000000152068e+03 4.098416829947382212e-04
5.050700000000152613e+03 4.103202663827687502e-04
5.051600000000153159e+03 4.102079255972057581e-04
5.052500000000152795e+03 4.130930465180426836e-04
5.053400000000152431e+03 4.181393014732748270e-04
5.054300000000152977e+03 4.199236573185771704e-04
5.055200000000153523e+03 4.168867599219083786e-04
5.056100000000153159e+03 4.142645630054175854e-04
5.057000000000152795e+03 4.171258769929409027e-04
5.057900000000153341e+03 4.223798459861427546e-04
5.058800000000153887e+03 4.244326264597475529e-04
5.059700000000153523e+03 4.241088463459163904e-04
5.060600000000153159e+03 4.250510537531226873e-04
5.061500000000153705e+03 4.269709170330315828e-04
5.062400000000154250e+03 4.268056072760373354e-04
5.063300000000153887e+03 4.216116212774068117e-04
5.064200000000153523e+03 4.118632059544324875e-04
5.065100000000154068e+03 4.065888060722500086e-04
5.066000000000154614e+03 4.097095807082951069e-04
5.066900000000154250e+03 4.127324500586837530e-04
5.067800000000153887e+03 4.113001341465860605e-04
5.068700000000154432e+03 4.107211134396493435e-04
5.069600000000154978e+03 4.141789977438747883e-04
5.070500000000154614e+03 4.161760152783244848e-04
5.071400000000154250e+03 4.120028170291334391e-04
5.072300000000154796e+03 4.077246703673154116e-04
5.073200000000155342e+03 4.092087619937956333e-04
5.074100000000154978e+03 4.112434107810258865e-04
5.075000000000154614e+03 4.096566990483552217e-04
5.075900000000155160e+03 4.093164752703160048e-04
5.076800000000155705e+03 4.128292202949523926e-04
5.077700000000155342e+03 4.132738977205008268e-04
5.078600000000154978e+03 4.043792141601443291e-04
5.079500000000155524e+03 3.937842557206749916e-04
5.080400000000156069e+03 3.928159712813794613e-04
5.081300000000155705e+03 3.995243750978261232e-04
5.082200000000155342e+03 4.046946705784648657e-04
5.083100000000155887e+03 4.053083830513060093e-04
5.084000000000156433e+03 4.066296678502112627e-04
5.084900000000156069e+03 4.105367988813668489e-04
5.085800000000155705e+03 4.129654553253203630e-04
5.086700000000156251e+03 4.121687961742281914e-04
5.087600000000156797e+03 4.112313908990472555e-04
5.088500000000156433e+03 4.122512182220816612e-04
5.089400000000156069e+03 4.136712814215570688e-04
5.090300000000156615e+03 4.133245092816650867e-04
5.091200000000157161e+03 4.132006433792412281e-04
5.092100000000156797e+03 4.147232102695852518e-04
5.093000000000156433e+03 4.165839636698365211e-04
5.093900000000156979e+03 4.171086766291409731e-04
5.094800000000157524e+03 4.157275543548166752e-04
5.095700000000157161e+03 4.117807548027485609e-04
5.096600000000156797e+03 4.053534648846834898e-04
5.097500000000157343e+03 3.985460789408534765e-04
5.098400000000157888e+03 3.927017969544976950e-04
5.099300000000157524e+03 3.907424688804894686e-04
5.100200000000157161e+03 3.957175067625939846e-04
5.101100000000157706e+03 4.040593048557639122e-04
5.102000000000158252e+03 4.097739001736044884e-04
5.102900000000157888e+03 4.106788255739957094e-04
5.103800000000157524e+03 4.094213945791125298e-04
5.104700000000158070e+03 4.083963576704263687e-04
5.105600000000158616e+03 4.071322036907076836e-04
5.106500000000158252e+03 4.040006024297326803e-04
5.107400000000157888e+03 4.007356765214353800e-04
5.108300000000158434e+03 4.009944095741957426e-04
5.109200000000158980e+03 4.016087623313069344e-04
5.110100000000158616e+03 4.010801785625517368e-04
5.111000000000158252e+03 4.038519109599292278e-04
5.111900000000158798e+03 4.086414992343634367e-04
5.112800000000159343e+03 4.108016728423535824e-04
5.113700000000158980e+03 4.112810711376368999e-04
5.114600000000158616e+03 4.112378228455781937e-04
5.115500000000159162e+03 4.111419257242232561e-04
5.116400000000159707e+03 4.128732252866029739e-04
5.117300000000159343e+03 4.156587820034474134e-04
5.118200000000158980e+03 4.165616701357066631e-04
5.119100000000159525e+03 4.150104650761932135e-04
5.120000000000160071e+03 4.117256030440330505e-04
5.120900000000159707e+03 4.080844810232520103e-04
5.121800000000159343e+03 4.040870699100196362e-04
5.122700000000159889e+03 3.987143863923847675e-04
5.123600000000160435e+03 3.940059978049248457e-04
5.124500000000160071e+03 3.935284330509603024e-04
5.125400000000159707e+03 3.951600810978561640e-04
5.126300000000160253e+03 3.956214350182563066e-04
5.127200000000160799e+03 3.944344935007393360e-04
5.128100000000160435e+03 3.930414095520973206e-04
5.129000000000160071e+03 3.926913486793637276e-04
5.129900000000160617e+03 3.950509708374738693e-04
5.130800000000161162e+03 3.991452977061271667e-04
5.131700000000160799e+03 4.012809367850422859e-04
5.132600000000160435e+03 4.010682459920644760e-04
5.133500000000160981e+03 4.011756391264498234e-04
5.134400000000161526e+03 4.047504626214504242e-04
5.135300000000161162e+03 4.077661142218858004e-04
5.136200000000160799e+03 4.042834625579416752e-04
5.137100000000161344e+03 3.980374312959611416e-04
5.138000000000161890e+03 3.935935674235224724e-04
5.138900000000161526e+03 3.901875170413404703e-04
5.139800000000161162e+03 3.920574381481856108e-04
5.140700000000161708e+03 3.973959246650338173e-04
5.141600000000162254e+03 3.955066204071044922e-04
5.142500000000161890e+03 3.896905691362917423e-04
5.143400000000161526e+03 3.907939535565674305e-04
5.144300000000162072e+03 3.951846738345921040e-04
5.145200000000162618e+03 3.950061800424009562e-04
5.146100000000162254e+03 3.923847980331629515e-04
5.147000000000161890e+03 3.908009675797075033e-04
5.147900000000162436e+03 3.908704093191772699e-04
5.148800000000162981e+03 3.931775572709739208e-04
5.149700000000162618e+03 3.948895318899303675e-04
5.150600000000162254e+03 3.929533413611352444e-04
5.151500000000162800e+03 3.898561990354210138e-04
5.152400000000163345e+03 3.877508279401808977e-04
5.153300000000162981e+03 3.862614103127270937e-04
5.154200000000162618e+03 3.874044341500848532e-04
5.155100000000163163e+03 3.925700148101896048e-04
5.156000000000163709e+03 3.983310598414391279e-04
5.156900000000163345e+03 4.026126698590815067e-04
5.157800000000162981e+03 4.045422829221934080e-04
5.158700000000163527e+03 4.043115768581628799e-04
5.159600000000164073e+03 4.037780745420604944e-04
5.160500000000163709e+03 4.029450938105583191e-04
5.161400000000163345e+03 3.992931160610169172e-04
5.162300000000163891e+03 3.955583088099956512e-04
5.163200000000164437e+03 3.951347316615283489e-04
5.164100000000164073e+03 3.932947292923927307e-04
5.165000000000163709e+03 3.844612219836562872e-04
5.165900000000164255e+03 3.690221928991377354e-04
5.166800000000164800e+03 3.511320683173835278e-04
5.167700000000164437e+03 3.404935123398900032e-04
5.168600000000164073e+03 3.447804774623364210e-04
5.169500000000164619e+03 3.607330727390944958e-04
5.170400000000165164e+03 3.722247201949357986e-04
5.171300000000164800e+03 3.649232676252722740e-04
5.172200000000164437e+03 3.499276353977620602e-04
5.173100000000164982e+03 3.516869328450411558e-04
5.174000000000165528e+03 3.720619133673608303e-04
5.174900000000165164e+03 3.905792545992881060e-04
5.175800000000164800e+03 3.960463218390941620e-04
5.176700000000165346e+03 3.951770195271819830e-04
5.177600000000165892e+03 3.958717861678451300e-04
5.178500000000165528e+03 3.972839622292667627e-04
5.179400000000165164e+03 3.969866957049816847e-04
5.180300000000165710e+03 3.954280982725322247e-04
5.181200000000166256e+03 3.901598684024065733e-04
5.182100000000165892e+03 3.743386187124997377e-04
5.183000000000165528e+03 3.519840247463434935e-04
5.183900000000166074e+03 3.442166489548981190e-04
5.184800000000166619e+03 3.594816080294549465e-04
5.185700000000166256e+03 3.795126103796064854e-04
5.186600000000165892e+03 3.892433887813240290e-04
5.187500000000166438e+03 3.885733312927186489e-04
5.188400000000166983e+03 3.855908289551734924e-04
5.189300000000166619e+03 3.882578166667371988e-04
5.190200000000166256e+03 3.904221230186522007e-04
5.191100000000166801e+03 3.819372504949569702e-04
5.192000000000167347e+03 3.718122898135334253e-04
5.192900000000166983e+03 3.734130295924842358e-04
5.193800000000166619e+03 3.810921043623238802e-04
5.194700000000167165e+03 3.828081244137138128e-04
5.195600000000167711e+03 3.805565356742590666e-04
5.196500000000167347e+03 3.799202677328139544e-04
5.197400000000166983e+03 3.812522045336663723e-04
5.198300000000167529e+03 3.848245833069086075e-04
5.199200000000168075e+03 3.898686554748564959e-04
5.200100000000167711e+03 3.930775565095245838e-04
5.201000000000167347e+03 3.931321843992918730e-04
5.201900000000167893e+03 3.914659027941524982e-04
5.202800000000168438e+03 3.893087559845298529e-04
5.203700000000168075e+03 3.846853214781731367e-04
5.204600000000167711e+03 3.767562157008796930e-04
5.205500000000168257e+03 3.719748929142951965e-04
5.206400000000168802e+03 3.740046231541782618e-04
5.207300000000168438e+03 3.759087703656405210e-04
5.208200000000168075e+03 3.735206264536827803e-04
5.209100000000168620e+03 3.748130111489444971e-04
5.210000000000169166e+03 3.808024339377880096e-04
5.210900000000168802e+03 3.863278834614902735e-04
5.211800000000168438e+03 3.910553350578993559e-04
5.212700000000168984e+03 3.943553601857274771e-04
5.213600000000169530e+03 3.934865817427635193e-04
5.214500000000169166e+03 3.870764048770070076e-04
5.215400000000168802e+03 3.791884519159793854e-04
5.216300000000169348e+03 3.762697160709649324e-04
5.217200000000169894e+03 3.798765246756374836e-04
5.218100000000169530e+03 3.868729691021144390e-04
5.219000000000169166e+03 3.925242926925420761e-04
5.219900000000169712e+03 3.948135126847773790e-04
5.220800000000170257e+03 3.954273997806012630e-04
5.221700000000169894e+03 3.948655503336340189e-04
5.222600000000169530e+03 3.921724855899810791e-04
5.223500000000170076e+03 3.867546329274773598e-04
5.224400000000170621e+03 3.784446744248270988e-04
5.225300000000170257e+03 3.662891977000981569e-04
5.226200000000169894e+03 3.531399706844240427e-04
5.227100000000170439e+03 3.507945220917463303e-04
5.228000000000170985e+03 3.650250728242099285e-04
5.228900000000170621e+03 3.816515090875327587e-04
5.229800000000170257e+03 3.892304084729403257e-04
5.230700000000170803e+03 3.908146172761917114e-04
5.231600000000171349e+03 3.873833047691732645e-04
5.232500000000170985e+03 3.782081184908747673e-04
5.233400000000170621e+03 3.708117583300918341e-04
5.234300000000171167e+03 3.701811074279248714e-04
5.235200000000171713e+03 3.747550654225051403e-04
5.236100000000171349e+03 3.814160590991377831e-04
5.237000000000170985e+03 3.860331489704549313e-04
5.237900000000171531e+03 3.879956202581524849e-04
5.238800000000172076e+03 3.889110230375081301e-04
5.239700000000171713e+03 3.896868147421628237e-04
5.240600000000171349e+03 3.912348183803260326e-04
5.241500000000171894e+03 3.916874993592500687e-04
5.242400000000172440e+03 3.900602750945836306e-04
5.243300000000172076e+03 3.898141440004110336e-04
5.244200000000171713e+03 3.929744125343859196e-04
5.245100000000172258e+03 3.941706963814795017e-04
5.246000000000172804e+03 3.883252793457359076e-04
5.246900000000172440e+03 3.804263542406260967e-04
5.247800000000172076e+03 3.787504392676055431e-04
5.248700000000172622e+03 3.807620378211140633e-04
5.249600000000173168e+03 3.787337336689233780e-04
5.250500000000172804e+03 3.757663944270461798e-04
5.251400000000172440e+03 3.780107945203781128e-04
5.252300000000172986e+03 3.825943276751786470e-04
5.253200000000173532e+03 3.835871466435492039e-04
5.254100000000173168e+03 3.797851968556642532e-04
5.255000000000172804e+03 3.765144501812756062e-04
5.255900000000173350e+03 3.801950078923255205e-04
5.256800000000173895e+03 3.877428243868052959e-04
5.257700000000173532e+03 3.925497876480221748e-04
5.258600000000173168e+03 3.929543308913707733e-04
5.259500000000173713e+03 3.895862901117652655e-04
5.260400000000174259e+03 3.842551668640226126e-04
5.261300000000173895e+03 3.776198427658528090e-04
5.262200000000173532e+03 3.695794148370623589e-04
5.263100000000174077e+03 3.611479478422552347e-04
5.264000000000174623e+03 3.539916651789098978e-04
5.264900000000174259e+03 3.502190520521253347e-04
5.265800000000173895e+03 3.521421167533844709e-04
5.266700000000174441e+03 3.615058376453816891e-04
5.267600000000174987e+03 3.693546168506145477e-04
5.268500000000174623e+03 3.630277351476252079e-04
5.269400000000174259e+03 3.497650031931698322e-04
5.270300000000174805e+03 3.498490259516984224e-04
5.271200000000175351e+03 3.641831572167575359e-04
5.272100000000174987e+03 3.749421157408505678e-04
5.273000000000174623e+03 3.750828327611088753e-04
5.273900000000175169e+03 3.696301137097179890e-04
5.274800000000175714e+03 3.621970827225595713e-04
5.275700000000175351e+03 3.601962234824895859e-04
5.276600000000174987e+03 3.702105314005166292e-04
5.277500000000175532e+03 3.833399096038192511e-04
5.278400000000176078e+03 3.881123848259449005e-04
5.279300000000175714e+03 3.848726337309926748e-04
5.280200000000175351e+03 3.800016711466014385e-04
5.281100000000175896e+03 3.771019983105361462e-04
5.282000000000176442e+03 3.745440335478633642e-04
5.282900000000176078e+03 3.697214706335216761e-04
5.283800000000175714e+03 3.668254357762634754e-04
5.284700000000176260e+03 3.734342753887176514e-04
5.285600000000176806e+03 3.856067196466028690e-04
5.286500000000176442e+03 3.926768258679658175e-04
5.287400000000176078e+03 3.923867770936340094e-04
5.288300000000176624e+03 3.900311421602964401e-04
5.289200000000177170e+03 3.901265445165336132e-04
5.290100000000176806e+03 3.915456472896039486e-04
5.291000000000176442e+03 3.912466636393219233e-04
5.291900000000176988e+03 3.887386119458824396e-04
5.292800000000177533e+03 3.859632706735283136e-04
5.293700000000177170e+03 3.852910886052995920e-04
5.294600000000176806e+03 3.855550021398812532e-04
5.295500000000177351e+03 3.825030871666967869e-04
5.296400000000177897e+03 3.742433327715843916e-04
5.297300000000177533e+03 3.653281019069254398e-04
5.298200000000177170e+03 3.636855399236083031e-04
5.299100000000177715e+03 3.706989518832415342e-04
5.300000000000178261e+03 3.773441421799361706e-04
5.300900000000177897e+03 3.774800279643386602e-04
5.301800000000177533e+03 3.754694771487265825e-04
5.302700000000178079e+03 3.775478689931333065e-04
5.303600000000178625e+03 3.832124057225883007e-04
5.304500000000178261e+03 3.869252104777842760e-04
5.305400000000177897e+03 3.860649012494832277e-04
5.306300000000178443e+03 3.824973537120968103e-04
5.307200000000178989e+03 3.800397971644997597e-04
5.308100000000178625e+03 3.815298841800540686e-04
5.309000000000178261e+03 3.852302033919841051e-04
5.309900000000178807e+03 3.873939276672899723e-04
5.310800000000179352e+03 3.871627850458025932e-04
5.311700000000178989e+03 3.855565737467259169e-04
5.312600000000178625e+03 3.829970082733780146e-04
5.313500000000179170e+03 3.809431800618767738e-04
5.314400000000179716e+03 3.786139423027634621e-04
5.315300000000179352e+03 3.715888014994561672e-04
5.316200000000178989e+03 3.626057878136634827e-04
5.317100000000179534e+03 3.624035452958196402e-04
5.318000000000180080e+03 3.710224409587681293e-04
5.318900000000179716e+03 3.779545950237661600e-04
5.319800000000179352e+03 3.799332771450281143e-04
5.320700000000179898e+03 3.801091224886476994e-04
5.321600000000180444e+03 3.795716911554336548e-04
5.322500000000180080e+03 3.770093899220228195e-04
5.323400000000179716e+03 3.711284662131220102e-04
5.324300000000180262e+03 3.662559029180556536e-04
5.325200000000180808e+03 3.674912732094526291e-04
5.326100000000180444e+03 3.686036216095089912e-04
5.327000000000180080e+03 3.595755551941692829e-04
5.327900000000180626e+03 3.450051881372928619e-04
5.328800000000181171e+03 3.427091869525611401e-04
5.329700000000180808e+03 3.557022719178348780e-04
5.330600000000180444e+03 3.696962376125156879e-04
5.331500000000180989e+03 3.753969212993979454e-04
5.332400000000181535e+03 3.746387665160000324e-04
5.333300000000181171e+03 3.739862004294991493e-04
5.334200000000180808e+03 3.761607804335653782e-04
5.335100000000181353e+03 3.773575299419462681e-04
5.336000000000181899e+03 3.750619653146713972e-04
5.336900000000181535e+03 3.720042004715651274e-04
5.337800000000181171e+03 3.709196462295949459e-04
5.338700000000181717e+03 3.687294083647429943e-04
5.339600000000182263e+03 3.631073632277548313e-04
5.340500000000181899e+03 3.600937197916209698e-04
5.341400000000181535e+03 3.653830499388277531e-04
5.342300000000182081e+03 3.736499347724020481e-04
5.343200000000182627e+03 3.776110825128853321e-04
5.344100000000182263e+03 3.771806950680911541e-04
5.345000000000181899e+03 3.736150683835148811e-04
5.345900000000182445e+03 3.705921117216348648e-04
5.346800000000182990e+03 3.712155448738485575e-04
5.347700000000182627e+03 3.716486971825361252e-04
5.348600000000182263e+03 3.697460342664271593e-04
5.349500000000182808e+03 3.697400097735226154e-04
5.350400000000183354e+03 3.738244704436510801e-04
5.351300000000182990e+03 3.785413282457739115e-04
5.352200000000182627e+03 3.795202937908470631e-04
5.353100000000183172e+03 3.785824519582092762e-04
5.354000000000183718e+03 3.801903803832828999e-04
5.354900000000183354e+03 3.838918346446007490e-04
5.355800000000182990e+03 3.857462434098124504e-04
5.356700000000183536e+03 3.856052353512495756e-04
5.357600000000184082e+03 3.849533386528491974e-04
5.358500000000183718e+03 3.845260071102529764e-04
5.359400000000183354e+03 3.840316785499453545e-04
5.360300000000183900e+03 3.819439443759620190e-04
5.361200000000184446e+03 3.766469308175146580e-04
5.362100000000184082e+03 3.705273848026990891e-04
5.363000000000183718e+03 3.680005320347845554e-04
5.363900000000184264e+03 3.684868279378861189e-04
5.364800000000184809e+03 3.684028924908488989e-04
5.365700000000184446e+03 3.687732387334108353e-04
5.366600000000184082e+03 3.695038903970271349e-04
5.367500000000184627e+03 3.692897444125264883e-04
5.368400000000185173e+03 3.673135943245142698e-04
5.369300000000184809e+03 3.613771987147629261e-04
5.370200000000184446e+03 3.539108147379010916e-04
5.371100000000184991e+03 3.515418793540447950e-04
5.372000000000185537e+03 3.584563964977860451e-04
5.372900000000185173e+03 3.697520296555012465e-04
5.373800000000184809e+03 3.772094496525824070e-04
5.374700000000185355e+03 3.798869147431105375e-04
5.375600000000185901e+03 3.797898825723677874e-04
5.376500000000185537e+03 3.781277919188141823e-04
5.377400000000185173e+03 3.771128831431269646e-04
5.378300000000185719e+03 3.767741145566105843e-04
5.379200000000186265e+03 3.750114701688289642e-04
5.380100000000185901e+03 3.717073122970759869e-04
5.381000000000185537e+03 3.697277570609003305e-04
5.381900000000186083e+03 3.689806326292455196e-04
5.382800000000186628e+03 3.676329215522855520e-04
5.383700000000186265e+03 3.687358694151043892e-04
5.384600000000185901e+03 3.730099997483193874e-04
5.385500000000186446e+03 3.751795447897166014e-04
5.386400000000186992e+03 3.740576503332704306e-04
5.387300000000186628e+03 3.725634014699608088e-04
5.388200000000186265e+03 3.712621692102402449e-04
5.389100000000186810e+03 3.685428237076848745e-04
5.390000000000187356e+03 3.659113426692783833e-04
5.390900000000186992e+03 3.648193087428808212e-04
5.391800000000186628e+03 3.644661628641188145e-04
5.392700000000187174e+03 3.639675560407340527e-04
5.393600000000187720e+03 3.637215122580528259e-04
5.394500000000187356e+03 3.638521884568035603e-04
5.395400000000186992e+03 3.615268506109714508e-04
5.396300000000187538e+03 3.552478447090834379e-04
5.397200000000188084e+03 3.520513710100203753e-04
5.398100000000187720e+03 3.573369758669286966e-04
5.399000000000187356e+03 3.636835026554763317e-04
5.399900000000187902e+03 3.641587099991738796e-04
5.400800000000188447e+03 3.627112018875777721e-04
5.401700000000188084e+03 3.637795161921530962e-04
5.402600000000187720e+03 3.629757266025990248e-04
5.403500000000188265e+03 3.566120576579123735e-04
5.404400000000188811e+03 3.487819922156631947e-04
5.405300000000188447e+03 3.456686681602150202e-04
5.406200000000188084e+03 3.493339754641056061e-04
5.407100000000188629e+03 3.562543424777686596e-04
5.408000000000189175e+03 3.595365851651877165e-04
5.408900000000188811e+03 3.564743092283606529e-04
5.409800000000188447e+03 3.524377243593335152e-04
5.410700000000188993e+03 3.546680381987243891e-04
5.411600000000189539e+03 3.619493218138813972e-04
5.412500000000189175e+03 3.669420839287340641e-04
5.413400000000188811e+03 3.656795306596904993e-04
5.414300000000189357e+03 3.618796181399375200e-04
5.415200000000189902e+03 3.619662020355463028e-04
5.416100000000189539e+03 3.669573052320629358e-04
5.417000000000189175e+03 3.707874857354909182e-04
5.417900000000189721e+03 3.701002860907465219e-04
5.418800000000190266e+03 3.670294827315956354e-04
5.419700000000189902e+03 3.640365612227469683e-04
5.420600000000189539e+03 3.632745647337287664e-04
5.421500000000190084e+03 3.654893080238252878e-04
5.422400000000190630e+03 3.659500798676162958e-04
5.423300000000190266e+03 3.602098149713128805e-04
5.424200000000189902e+03 3.545680374372750521e-04
5.425100000000190448e+03 3.571024280972778797e-04
5.426000000000190994e+03 3.649024001788347960e-04
5.426900000000190630e+03 3.699145163409411907e-04
5.427800000000190266e+03 3.665893746074289083e-04
5.428700000000190812e+03 3.560287877917289734e-04
5.429600000000191358e+03 3.493983822409063578e-04
5.430500000000190994e+03 3.542482154443860054e-04
5.431400000000190630e+03 3.608229162637144327e-04
5.432300000000191176e+03 3.596630413085222244e-04
5.433200000000191721e+03 3.551760164555162191e-04
5.434100000000191358e+03 3.523814375512301922e-04
5.435000000000190994e+03 3.526504151523113251e-04
5.435900000000191540e+03 3.555119619704782963e-04
5.436800000000192085e+03 3.601362113840878010e-04
5.437700000000191721e+03 3.658980713225901127e-04
5.438600000000191358e+03 3.704192931763827801e-04
5.439500000000191903e+03 3.723314439412206411e-04
5.440400000000192449e+03 3.721072862390428782e-04
5.441300000000192085e+03 3.707640280481427908e-04
5.442200000000191721e+03 3.697885549627244473e-04
5.443100000000192267e+03 3.686903510242700577e-04
5.444000000000192813e+03 3.650384314823895693e-04
5.444900000000192449e+03 3.581967321224510670e-04
5.445800000000192085e+03 3.501245810184627771e-04
5.446700000000192631e+03 3.465709742158651352e-04
5.447600000000193177e+03 3.521599865052849054e-04
5.448500000000192813e+03 3.609834820963442326e-04
5.449400000000192449e+03 3.656784829217940569e-04
5.450300000000192995e+03 3.663041570689529181e-04
5.451200000000193540e+03 3.654733882285654545e-04
5.452100000000193177e+03 3.643425879999995232e-04
5.453000000000192813e+03 3.619243798311799765e-04
5.453900000000193359e+03 3.558369062375277281e-04
5.454800000000193904e+03 3.470398660283535719e-04
5.455700000000193540e+03 3.440406580921262503e-04
5.456600000000193177e+03 3.511419927235692739e-04
5.457500000000193722e+03 3.604581870604306459e-04
5.458400000000194268e+03 3.650955914054065943e-04
5.459300000000193904e+03 3.648025449365377426e-04
5.460200000000193540e+03 3.622859658207744360e-04
5.461100000000194086e+03 3.589883563108742237e-04
5.462000000000194632e+03 3.541411424521356821e-04
5.462900000000194268e+03 3.502945473883301020e-04
5.463800000000193904e+03 3.519198799040168524e-04
5.464700000000194450e+03 3.559620818123221397e-04
5.465600000000194996e+03 3.563512000255286694e-04
5.466500000000194632e+03 3.550145484041422606e-04
5.467400000000194268e+03 3.568438696675002575e-04
5.468300000000194814e+03 3.597879258450120687e-04
5.469200000000195359e+03 3.598312905523926020e-04
5.470100000000194996e+03 3.576668386813253164e-04
5.471000000000194632e+03 3.566115046851336956e-04
5.471900000000195178e+03 3.557816962711513042e-04
5.472800000000195723e+03 3.531875554472208023e-04
5.473700000000195359e+03 3.518965677358210087e-04
5.474600000000194996e+03 3.517348668538033962e-04
5.475500000000195541e+03 3.465634654276072979e-04
5.476400000000196087e+03 3.386524913366883993e-04
5.477300000000195723e+03 3.387681499589234591e-04
5.478200000000195359e+03 3.473621618468314409e-04
5.479100000000195905e+03 3.542364283930510283e-04
5.480000000000196451e+03 3.531881957314908504e-04
5.480900000000196087e+03 3.481401654426008463e-04
5.481800000000195723e+03 3.467544447630643845e-04
5.482700000000196269e+03 3.501743776723742485e-04
5.483600000000196815e+03 3.551077679730951786e-04
5.484500000000196451e+03 3.594958980102092028e-04
5.485400000000196087e+03 3.603585064411163330e-04
5.486300000000196633e+03 3.561247431207448244e-04
5.487200000000197178e+03 3.507536894176155329e-04
5.488100000000196815e+03 3.503282787278294563e-04
5.489000000000196451e+03 3.534739662427455187e-04
5.489900000000196997e+03 3.553283750079572201e-04
5.490800000000197542e+03 3.557862364687025547e-04
5.491700000000197178e+03 3.555454022716730833e-04
5.492600000000196815e+03 3.535541763994842768e-04
5.493500000000197360e+03 3.519693273119628429e-04
5.494400000000197906e+03 3.536522854119539261e-04
5.495300000000197542e+03 3.558724129106849432e-04
5.496200000000197178e+03 3.538833407219499350e-04
5.497100000000197724e+03 3.501114551909267902e-04
5.498000000000198270e+03 3.512744442559778690e-04
5.498900000000197906e+03 3.563935752026736736e-04
5.499800000000197542e+03 3.573088906705379486e-04
5.500700000000198088e+03 3.519295714795589447e-04
5.501600000000198634e+03 3.462016175035387278e-04
5.502500000000198270e+03 3.454196557868272066e-04
5.503400000000197906e+03 3.483879554551094770e-04
5.504300000000198452e+03 3.505281347315758467e-04
5.505200000000198997e+03 3.482378961052745581e-04
5.506100000000198634e+03 3.440004365984350443e-04
5.507000000000198270e+03 3.445671463850885630e-04
5.507900000000198816e+03 3.491561219561845064e-04
5.508800000000199361e+03 3.509661182761192322e-04
5.509700000000198997e+03 3.496345016174018383e-04
5.510600000000198634e+03 3.478323633316904306e-04
5.511500000000199179e+03 3.454574034549295902e-04
5.512400000000199725e+03 3.435788967180997133e-04
5.513300000000199361e+03 3.445184847805649042e-04
5.514200000000198997e+03 3.472618409432470798e-04
5.515100000000199543e+03 3.499420417938381433e-04
5.516000000000200089e+03 3.515864082146435976e-04
5.516900000000199725e+03 3.530030080582946539e-04
5.517800000000199361e+03 3.555312287062406540e-04
5.518700000000199907e+03 3.574821166694164276e-04
5.519600000000200453e+03 3.571766428649425507e-04
5.520500000000200089e+03 3.557248273864388466e-04
5.521400000000199725e+03 3.547376836650073528e-04
5.522300000000200271e+03 3.545569197740405798e-04
5.523200000000200816e+03 3.546958905644714832e-04
5.524100000000200453e+03 3.536549047566950321e-04
5.525000000000200089e+03 3.509298549033701420e-04
5.525900000000200635e+03 3.472625976428389549e-04
5.526800000000201180e+03 3.424779570195823908e-04
5.527700000000200816e+03 3.376672684680670500e-04
5.528600000000200453e+03 3.376593231223523617e-04
5.529500000000200998e+03 3.436561382841318846e-04
5.530400000000201544e+03 3.495687851682305336e-04
5.531300000000201180e+03 3.512682742439210415e-04
5.532200000000200816e+03 3.502801118884235620e-04
5.533100000000201362e+03 3.481434541754424572e-04
5.534000000000201908e+03 3.444485773798078299e-04
5.534900000000201544e+03 3.419148852117359638e-04
5.535800000000201180e+03 3.442633606027811766e-04
5.536700000000201726e+03 3.486133646219968796e-04
5.537600000000202272e+03 3.506505454424768686e-04
5.538500000000201908e+03 3.515639982651919127e-04
5.539400000000201544e+03 3.532389819156378508e-04
5.540300000000202090e+03 3.548433596733957529e-04
5.541200000000202635e+03 3.548023814801126719e-04
5.542100000000202272e+03 3.519599267747253180e-04
5.543000000000201908e+03 3.479750303085893393e-04
5.543900000000202454e+03 3.463812463451176882e-04
5.544800000000202999e+03 3.471952222753316164e-04
5.545700000000202635e+03 3.480961022432893515e-04
5.546600000000202272e+03 3.490422677714377642e-04
5.547500000000202817e+03 3.511243849061429501e-04
5.548400000000203363e+03 3.531146794557571411e-04
5.549300000000202999e+03 3.538503660820424557e-04
5.550200000000202635e+03 3.542028134688735008e-04
5.551100000000203181e+03 3.539702447596937418e-04
5.552000000000203727e+03 3.525301581248641014e-04
5.552900000000203363e+03 3.501203609630465508e-04
5.553800000000202999e+03 3.477175778243690729e-04
5.554700000000203545e+03 3.470879164524376392e-04
5.555600000000204091e+03 3.485704655759036541e-04
5.556500000000203727e+03 3.495667770039290190e-04
5.557400000000203363e+03 3.489015798550099134e-04
5.558300000000203909e+03 3.483341715764254332e-04
5.559200000000204454e+03 3.485128981992602348e-04
5.560100000000204091e+03 3.486059140413999557e-04
5.561000000000203727e+03 3.479098377283662558e-04
5.561900000000204273e+03 3.459356667008250952e-04
5.562800000000204818e+03 3.436603583395481110e-04
5.563700000000204454e+03 3.430729848332703114e-04
5.564600000000204091e+03 3.429439675528556108e-04
5.565500000000204636e+03 3.419995482545346022e-04
5.566400000000205182e+03 3.418193082325160503e-04
5.567300000000204818e+03 3.423884627409279346e-04
5.568200000000204454e+03 3.420056891627609730e-04
5.569100000000205000e+03 3.407351614441722631e-04
5.570000000000205546e+03 3.418829874135553837e-04
5.570900000000205182e+03 3.446495684329420328e-04
5.571800000000204818e+03 3.431731602177023888e-04
5.572700000000205364e+03 3.396087849978357553e-04
5.573600000000205910e+03 3.409532073419541121e-04
5.574500000000205546e+03 3.446268674451857805e-04
5.575400000000205182e+03 3.448140341788530350e-04
5.576300000000205728e+03 3.434854152146726847e-04
5.577200000000206273e+03 3.437686536926776171e-04
5.578100000000205910e+03 3.442643792368471622e-04
5.579000000000205546e+03 3.452056844253093004e-04
5.579900000000206091e+03 3.464587207417935133e-04
5.580800000000206637e+03 3.458367136772722006e-04
5.581700000000206273e+03 3.441886510699987411e-04
5.582600000000205910e+03 3.437578270677477121e-04
5.583500000000206455e+03 3.445566981099545956e-04
5.584400000000207001e+03 3.441112348809838295e-04
5.585300000000206637e+03 3.398230473976582289e-04
5.586200000000206273e+03 3.326915320940315723e-04
5.587100000000206819e+03 3.272942267358303070e-04
5.588000000000207365e+03 3.264598781242966652e-04
5.588900000000207001e+03 3.293273039162158966e-04
5.589800000000206637e+03 3.338769020047038794e-04
5.590700000000207183e+03 3.382283612154424191e-04
5.591600000000207729e+03 3.400560235604643822e-04
5.592500000000207365e+03 3.391398058738559484e-04
5.593400000000207001e+03 3.367858007550239563e-04
5.594300000000207547e+03 3.362323332112282515e-04
5.595200000000208092e+03 3.401240974199026823e-04
5.596100000000207729e+03 3.444519534241408110e-04
5.597000000000207365e+03 3.431612276472151279e-04
5.597900000000207910e+03 3.381868882570415735e-04
5.598800000000208456e+03 3.358900139573961496e-04
5.599700000000208092e+03 3.365008742548525333e-04
5.600600000000207729e+03 3.359005786478519440e-04
5.601500000000208274e+03 3.332626365590840578e-04
5.602400000000208820e+03 3.314932691864669323e-04
5.603300000000208456e+03 3.342831332702189684e-04
5.604200000000208092e+03 3.407185140531510115e-04
5.605100000000208638e+03 3.458858409430831671e-04
5.606000000000209184e+03 3.480883606243878603e-04
5.606900000000208820e+03 3.482874308247119188e-04
5.607800000000208456e+03 3.472457465250045061e-04
5.608700000000209002e+03 3.462956228759139776e-04
5.609600000000209548e+03 3.457310085650533438e-04
5.610500000000209184e+03 3.458759165368974209e-04
5.611400000000208820e+03 3.472341923043131828e-04
5.612300000000209366e+03 3.479517763480544090e-04
5.613200000000209911e+03 3.450307995080947876e-04
5.614100000000209548e+03 3.366299497429281473e-04
5.615000000000209184e+03 3.277954238001257181e-04
5.615900000000209729e+03 3.270858724135905504e-04
5.616800000000210275e+03 3.336916561238467693e-04
5.617700000000209911e+03 3.389919584151357412e-04
5.618600000000209548e+03 3.394734521862119436e-04
5.619500000000210093e+03 3.381077840458601713e-04
5.620400000000210639e+03 3.383487928658723831e-04
5.621300000000210275e+03 3.402849542908370495e-04
5.622200000000209911e+03 3.411576326470822096e-04
5.623100000000210457e+03 3.375020751263946295e-04
5.624000000000211003e+03 3.315519425086677074e-04
5.624900000000210639e+03 3.293135960120707750e-04
5.625800000000210275e+03 3.326896985527127981e-04
5.626700000000210821e+03 3.367777389939874411e-04
5.627600000000211367e+03 3.383629082236438990e-04
5.628500000000211003e+03 3.399122797418385744e-04
5.629400000000210639e+03 3.422773443162441254e-04
5.630300000000211185e+03 3.435599501244723797e-04
5.631200000000211730e+03 3.434471727814525366e-04
5.632100000000211367e+03 3.422564477659761906e-04
5.633000000000211003e+03 3.401607682462781668e-04
5.633900000000211548e+03 3.385837189853191376e-04
5.634800000000212094e+03 3.377762914169579744e-04
5.635700000000211730e+03 3.364647855050861835e-04
5.636600000000211367e+03 3.341195115353912115e-04
5.637500000000211912e+03 3.329022438265383244e-04
5.638400000000212458e+03 3.342573763802647591e-04
5.639300000000212094e+03 3.358621615916490555e-04
5.640200000000211730e+03 3.346834564581513405e-04
5.641100000000212276e+03 3.325548314023762941e-04
5.642000000000212822e+03 3.326706646475940943e-04
5.642900000000212458e+03 3.341716073919087648e-04
5.643800000000212094e+03 3.349489998072385788e-04
5.644700000000212640e+03 3.354521468281745911e-04
5.645600000000213186e+03 3.361718554515391588e-04
5.646500000000212822e+03 3.371527709532529116e-04
5.647400000000212458e+03 3.377523098606616259e-04
5.648300000000213004e+03 3.372096689417958260e-04
5.649200000000213549e+03 3.362919378560036421e-04
5.650100000000213186e+03 3.362641728017479181e-04
5.651000000000212822e+03 3.373018407728523016e-04
5.651900000000213367e+03 3.387905308045446873e-04
5.652800000000213913e+03 3.386121243238449097e-04
5.653700000000213549e+03 3.355914377607405186e-04
5.654600000000213186e+03 3.323504643049091101e-04
5.655500000000213731e+03 3.323833225294947624e-04
5.656400000000214277e+03 3.323646669741719961e-04
5.657300000000213913e+03 3.264627011958509684e-04
5.658200000000213549e+03 3.195182071067392826e-04
5.659100000000214095e+03 3.207015106454491615e-04
5.660000000000214641e+03 3.275515628047287464e-04
5.660900000000214277e+03 3.308585728518664837e-04
5.661800000000213913e+03 3.288081497885286808e-04
5.662700000000214459e+03 3.276891657151281834e-04
5.663600000000215005e+03 3.306311555206775665e-04
5.664500000000214641e+03 3.346825251355767250e-04
5.665400000000214277e+03 3.358906542416661978e-04
5.666300000000214823e+03 3.335034998599439859e-04
5.667200000000215368e+03 3.305970167275518179e-04
5.668100000000215005e+03 3.297669172752648592e-04
5.669000000000214641e+03 3.307283041067421436e-04
5.669900000000215186e+03 3.319413808640092611e-04
5.670800000000215732e+03 3.330849576741456985e-04
5.671700000000215368e+03 3.351318009663373232e-04
5.672600000000215005e+03 3.376305394340306520e-04
5.673500000000215550e+03 3.386744065210223198e-04
5.674400000000216096e+03 3.378154069650918245e-04
5.675300000000215732e+03 3.366527089383453131e-04
5.676200000000215368e+03 3.368152538314461708e-04
5.677100000000215914e+03 3.369879268575459719e-04
5.678000000000216460e+03 3.360493283253163099e-04
5.678900000000216096e+03 3.349849139340221882e-04
5.679800000000215732e+03 3.344789147377014160e-04
5.680700000000216278e+03 3.337188973091542721e-04
5.681600000000216824e+03 3.307227161712944508e-04
5.682500000000216460e+03 3.275916678830981255e-04
5.683400000000216096e+03 3.274584014434367418e-04
5.684300000000216642e+03 3.294088528491556644e-04
5.685200000000217187e+03 3.305454156361520290e-04
5.686100000000216824e+03 3.293092886451631784e-04
5.687000000000216460e+03 3.273022884968668222e-04
5.687900000000217005e+03 3.265326959080994129e-04
5.688800000000217551e+03 3.277163195889443159e-04
5.689700000000217187e+03 3.303028061054646969e-04
5.690600000000216824e+03 3.324971476104110479e-04
5.691500000000217369e+03 3.342506533954292536e-04
5.692400000000217915e+03 3.353959764353930950e-04
5.693300000000217551e+03 3.350058977957814932e-04
5.694200000000217187e+03 3.338204696774482727e-04
5.695100000000217733e+03 3.335698565933853388e-04
5.696000000000218279e+03 3.344183205626904964e-04
5.696900000000217915e+03 3.339286777190864086e-04
5.697800000000217551e+03 3.313560446258634329e-04
5.698700000000218097e+03 3.294057678431272507e-04
5.699600000000218643e+03 3.284802951384335756e-04
5.700500000000218279e+03 3.267812717240303755e-04
5.701400000000217915e+03 3.250539011787623167e-04
5.702300000000218461e+03 3.257367352489382029e-04
5.703200000000219006e+03 3.283409751020371914e-04
5.704100000000218643e+03 3.298307128716260195e-04
5.705000000000218279e+03 3.282154502812772989e-04
5.705900000000218824e+03 3.247992426622658968e-04
5.706800000000219370e+03 3.221637161914259195e-04
5.707700000000219006e+03 3.200464125256985426e-04
5.708600000000218643e+03 3.174937737639993429e-04
5.709500000000219188e+03 3.171542775817215443e-04
5.710400000000219734e+03 3.185822279192507267e-04
5.711300000000219370e+03 3.190852294210344553e-04
5.712200000000219006e+03 3.213213931303471327e-04
5.713100000000219552e+03 3.263827529735863209e-04
5.714000000000220098e+03 3.296432842034846544e-04
5.714900000000219734e+03 3.299192176200449467e-04
5.715800000000219370e+03 3.298450028523802757e-04
5.716700000000219916e+03 3.299908130429685116e-04
5.717600000000220462e+03 3.294466296210885048e-04
5.718500000000220098e+03 3.293912741355597973e-04
5.719400000000219734e+03 3.303469857200980186e-04
5.720300000000220280e+03 3.313753695692867041e-04
5.721200000000220825e+03 3.323821001686155796e-04
5.722100000000220462e+03 3.332679625600576401e-04
5.723000000000220098e+03 3.337688394822180271e-04
5.723900000000220643e+03 3.338186943437904119e-04
5.724800000000221189e+03 3.330588806420564651e-04
5.725700000000220825e+03 3.309033927507698536e-04
5.726600000000220462e+03 3.280278178863227367e-04
5.727500000000221007e+03 3.274565096944570541e-04
5.728400000000221553e+03 3.296775394119322300e-04
5.729300000000221189e+03 3.311692853458225727e-04
5.730200000000220825e+03 3.296574286650866270e-04
5.731100000000221371e+03 3.270257147960364819e-04
5.732000000000221917e+03 3.269515000283718109e-04
5.732900000000221553e+03 3.295838541816920042e-04
5.733800000000221189e+03 3.317531954962760210e-04
5.734700000000221735e+03 3.324224089737981558e-04
5.735600000000222281e+03 3.318655071780085564e-04
5.736500000000221917e+03 3.306348808109760284e-04
5.737400000000221553e+03 3.296313225291669369e-04
5.738300000000222099e+03 3.292817273177206516e-04
5.739200000000222644e+03 3.293162153568118811e-04
5.740100000000222281e+03 3.294629568699747324e-04
5.741000000000221917e+03 3.289594314992427826e-04
5.741900000000222462e+03 3.278040967416018248e-04
5.742800000000223008e+03 3.273349720984697342e-04
5.743700000000222644e+03 3.284386475570499897e-04
5.744600000000222281e+03 3.302862460259348154e-04
5.745500000000222826e+03 3.310213214717805386e-04
5.746400000000223372e+03 3.290513413958251476e-04
5.747300000000223008e+03 3.251450252719223499e-04
5.748200000000222644e+03 3.237055207137018442e-04
5.749100000000223190e+03 3.262734098825603724e-04
5.750000000000223736e+03 3.296542854513972998e-04
5.750900000000223372e+03 3.295142378192394972e-04
5.751800000000223008e+03 3.251686575822532177e-04
5.752700000000223554e+03 3.200946084689348936e-04
5.753600000000224099e+03 3.174623416271060705e-04
5.754500000000223736e+03 3.192824660800397396e-04
5.755400000000223372e+03 3.241963859181851149e-04
5.756300000000223918e+03 3.282038960605859756e-04
5.757200000000224463e+03 3.300168609712272882e-04
5.758100000000224099e+03 3.296651120763272047e-04
5.759000000000223736e+03 3.276555216871201992e-04
5.759900000000224281e+03 3.249806759413331747e-04
5.760800000000224827e+03 3.220705839339643717e-04
5.761700000000224463e+03 3.193794109392911196e-04
5.762600000000224099e+03 3.184568486176431179e-04
5.763500000000224645e+03 3.210859431419521570e-04
5.764400000000225191e+03 3.259154036641120911e-04
5.765300000000224827e+03 3.289170563220977783e-04
5.766200000000224463e+03 3.295856586191803217e-04
5.767100000000225009e+03 3.291491884738206863e-04
5.768000000000225555e+03 3.282633551862090826e-04
5.768900000000225191e+03 3.276106726843863726e-04
5.769800000000224827e+03 3.271025780122727156e-04
5.770700000000225373e+03 3.261952078901231289e-04
5.771600000000225918e+03 3.250230511184781790e-04
5.772500000000225555e+03 3.248078864999115467e-04
5.773400000000225191e+03 3.247244749218225479e-04
5.774300000000225737e+03 3.237016790080815554e-04
5.775200000000226282e+03 3.237862547393888235e-04
5.776100000000225918e+03 3.251462767366319895e-04
5.777000000000225555e+03 3.261681413277983665e-04
5.777900000000226100e+03 3.260629600845277309e-04
5.778800000000226646e+03 3.239006618969142437e-04
5.779700000000226282e+03 3.192334552295506001e-04
5.780600000000225918e+03 3.140812332276254892e-04
5.781500000000226464e+03 3.118398017250001431e-04
5.782400000000227010e+03 3.126894589513540268e-04
5.783300000000226646e+03 3.138381289318203926e-04
5.784200000000226282e+03 3.133740683551877737e-04
5.785100000000226828e+03 3.128196112811565399e-04
5.786000000000227374e+03 3.148943651467561722e-04
5.786900000000227010e+03 3.184366505593061447e-04
5.787800000000226646e+03 3.208804409950971603e-04
5.788700000000227192e+03 3.220187209080904722e-04
5.789600000000227737e+03 3.211487492080777884e-04
5.790500000000227374e+03 3.188010887242853642e-04
5.791400000000227010e+03 3.182998043484985828e-04
5.792300000000227556e+03 3.200582577846944332e-04
5.793200000000228101e+03 3.220638318452984095e-04
5.794100000000227737e+03 3.236446646042168140e-04
5.795000000000227374e+03 3.249323635827749968e-04
5.795900000000227919e+03 3.245862317271530628e-04
5.796800000000228465e+03 3.215572505723685026e-04
5.797700000000228101e+03 3.191436117049306631e-04
5.798600000000227737e+03 3.209176065865904093e-04
5.799500000000228283e+03 3.247975546400994062e-04
5.800400000000228829e+03 3.269280423410236835e-04
5.801300000000228465e+03 3.271974564995616674e-04
5.802200000000228101e+03 3.263372054789215326e-04
5.803100000000228647e+03 3.238303761463612318e-04
5.804000000000229193e+03 3.209426358807832003e-04
5.804900000000228829e+03 3.194663440808653831e-04
5.805800000000228465e+03 3.195533645339310169e-04
5.806700000000229011e+03 3.207684785593301058e-04
5.807600000000229556e+03 3.218691854272037745e-04
5.808500000000229193e+03 3.219977661501616240e-04
5.809400000000228829e+03 3.221510851290076971e-04
5.810300000000229375e+03 3.228200657758861780e-04
5.811200000000229920e+03 3.233218449167907238e-04
5.812100000000229556e+03 3.231473092455416918e-04
5.813000000000229193e+03 3.226234111934900284e-04
5.813900000000229738e+03 3.218686324544250965e-04
5.814800000000230284e+03 3.198878839612007141e-04
5.815700000000229920e+03 3.180868807248771191e-04
5.816600000000229556e+03 3.186754474882036448e-04
5.817500000000230102e+03 3.217816702090203762e-04
5.818400000000230648e+03 3.246210108045488596e-04
5.819300000000230284e+03 3.254598705098032951e-04
5.820200000000229920e+03 3.252765745855867863e-04
5.821100000000230466e+03 3.248681314289569855e-04
5.822000000000231012e+03 3.242573875468224287e-04
5.822900000000230648e+03 3.235585463698953390e-04
5.823800000000230284e+03 3.233094175811856985e-04
5.824700000000230830e+03 3.237129712942987680e-04
5.825600000000231375e+03 3.237635537516325712e-04
5.826500000000231012e+03 3.234084870200604200e-04
5.827400000000230648e+03 3.234486503060907125e-04
5.828300000000231194e+03 3.239132347516715527e-04
5.829200000000231739e+03 3.242847451474517584e-04
5.830100000000231375e+03 3.238745848648250103e-04
5.831000000000231012e+03 3.232585731893777847e-04
5.831900000000231557e+03 3.232758608646690845e-04
5.832800000000232103e+03 3.231002192478626966e-04
5.833700000000231739e+03 3.219620266463607550e-04
5.834600000000231375e+03 3.207396657671779394e-04
5.835500000000231921e+03 3.208972048014402390e-04
5.836400000000232467e+03 3.218564088456332684e-04
5.837300000000232103e+03 3.218200581613928080e-04
5.838200000000231739e+03 3.212134761270135641e-04
5.839100000000232285e+03 3.215632168576121330e-04
5.840000000000232831e+03 3.230356960557401180e-04
5.840900000000232467e+03 3.241883532609790564e-04
5.841800000000232103e+03 3.243110550101846457e-04
5.842700000000232649e+03 3.236363118048757315e-04
5.843600000000233194e+03 3.223375242669135332e-04
5.844500000000232831e+03 3.211709845345467329e-04
5.845400000000232467e+03 3.203053202014416456e-04
5.846300000000233013e+03 3.187762922607362270e-04
5.847200000000233558e+03 3.173210716340690851e-04
5.848100000000233194e+03 3.173951990902423859e-04
5.849000000000232831e+03 3.184144152328372002e-04
5.849900000000233376e+03 3.187792317476123571e-04
5.850800000000233922e+03 3.178294573444873095e-04
5.851700000000233558e+03 3.153916040901094675e-04
5.852600000000233194e+03 3.121736226603388786e-04
5.853500000000233740e+03 3.106234362348914146e-04
5.854400000000234286e+03 3.123231290373951197e-04
5.855300000000233922e+03 3.140573971904814243e-04
5.856200000000233558e+03 3.120288311038166285e-04
5.857100000000234104e+03 3.079183516092598438e-04
5.858000000000234650e+03 3.069954982493072748e-04
5.858900000000234286e+03 3.095858846791088581e-04
5.859800000000233922e+03 3.125643124803900719e-04
5.860700000000234468e+03 3.143940411973744631e-04
5.861600000000235013e+03 3.140751796308904886e-04
5.862500000000234650e+03 3.134188009425997734e-04
5.863400000000234286e+03 3.144417714793235064e-04
5.864300000000234832e+03 3.161453350912779570e-04
5.865200000000235377e+03 3.161402710247784853e-04
5.866100000000235013e+03 3.140651970170438290e-04
5.867000000000234650e+03 3.129719698335975409e-04
5.867900000000235195e+03 3.146156377624720335e-04
5.868800000000235741e+03 3.169208648614585400e-04
5.869700000000235377e+03 3.178800689056515694e-04
5.870600000000235013e+03 3.176590253133326769e-04
5.871500000000235559e+03 3.168459516018629074e-04
5.872400000000236105e+03 3.159447805956006050e-04
5.873300000000235741e+03 3.158070030622184277e-04
5.874200000000235377e+03 3.160961496178060770e-04
5.875100000000235923e+03 3.155462036374956369e-04
5.876000000000236469e+03 3.145139198750257492e-04
5.876900000000236105e+03 3.139582986477762461e-04
5.877800000000235741e+03 3.135402221232652664e-04
5.878700000000236287e+03 3.126946394331753254e-04
5.879600000000236832e+03 3.112718113698065281e-04
5.880500000000236469e+03 3.107164229732006788e-04
5.881400000000236105e+03 3.115584258921444416e-04
5.882300000000236651e+03 3.116391308140009642e-04
5.883200000000237196e+03 3.101830952800810337e-04
5.884100000000236832e+03 3.091524122282862663e-04
5.885000000000236469e+03 3.095123392995446920e-04
5.885900000000237014e+03 3.102287591900676489e-04
5.886800000000237560e+03 3.092163824476301670e-04
5.887700000000237196e+03 3.027898783329874277e-04
5.888600000000236832e+03 2.873408375307917595e-04
5.889500000000237378e+03 2.703029895201325417e-04
5.890400000000237924e+03 2.681487530935555696e-04
5.891300000000237560e+03 2.815716143231838942e-04
5.892200000000237196e+03 2.951012575067579746e-04
5.893100000000237742e+03 3.007832856383174658e-04
5.894000000000238288e+03 2.982183068525046110e-04
5.894900000000237924e+03 2.867031435016542673e-04
5.895800000000237560e+03 2.760727074928581715e-04
5.896700000000238106e+03 2.801913360599428415e-04
5.897600000000238651e+03 2.935298252850770950e-04
5.898500000000238288e+03 3.021367010660469532e-04
5.899400000000237924e+03 3.045844205189496279e-04
5.900300000000238470e+03 3.058337315451353788e-04
5.901200000000239015e+03 3.071393584832549095e-04
5.902100000000238651e+03 3.074592095799744129e-04
5.903000000000238288e+03 3.078791778534650803e-04
5.903900000000238833e+03 3.088685625698417425e-04
5.904800000000239379e+03 3.089196979999542236e-04
5.905700000000239015e+03 3.083943447563797235e-04
5.906600000000238651e+03 3.086483629886060953e-04
5.907500000000239197e+03 3.096226719208061695e-04
5.908400000000239743e+03 3.100361791439354420e-04
5.909300000000239379e+03 3.092399856541305780e-04
5.910200000000239015e+03 3.090116661041975021e-04
5.911100000000239561e+03 3.100978501606732607e-04
5.912000000000240107e+03 3.103442140854895115e-04
5.912900000000239743e+03 3.074476553592830896e-04
5.913800000000239379e+03 3.034701512660831213e-04
5.914700000000239925e+03 3.020293952431529760e-04
5.915600000000240470e+03 3.032043750863522291e-04
5.916500000000240107e+03 3.051415842492133379e-04
5.917400000000239743e+03 3.066824574489146471e-04
5.918300000000240289e+03 3.069793747272342443e-04
5.919200000000240834e+03 3.072568215429782867e-04
5.920100000000240470e+03 3.078863956034183502e-04
5.921000000000240107e+03 3.076369466725736856e-04
5.921900000000240652e+03 3.068934020120650530e-04
5.922800000000241198e+03 3.067823708988726139e-04
5.923700000000240834e+03 3.073905245400965214e-04
5.924600000000240470e+03 3.081970498897135258e-04
5.925500000000241016e+03 3.091803519055247307e-04
5.926400000000241562e+03 3.095993306487798691e-04
5.927300000000241198e+03 3.085208591073751450e-04
5.928200000000240834e+03 3.064803022425621748e-04
5.929100000000241380e+03 3.037416026927530766e-04
5.930000000000241926e+03 3.022344608325511217e-04
5.930900000000241562e+03 3.042314201593399048e-04
5.931800000000241198e+03 3.072817344218492508e-04
5.932700000000241744e+03 3.079358721151947975e-04
5.933600000000242289e+03 3.060523595195263624e-04
5.934500000000241926e+03 3.042889875359833241e-04
5.935400000000241562e+03 3.050824743695557117e-04
5.936300000000242107e+03 3.074695996474474669e-04
5.937200000000242653e+03 3.090373356826603413e-04
5.938100000000242289e+03 3.095850115641951561e-04
5.939000000000241926e+03 3.094114072155207396e-04
5.939900000000242471e+03 3.071650280617177486e-04
5.940800000000243017e+03 3.037364804185926914e-04
5.941700000000242653e+03 3.022405435331165791e-04
5.942600000000242289e+03 3.032124077435582876e-04
5.943500000000242835e+03 3.052398969884961843e-04
5.944400000000243381e+03 3.071400860790163279e-04
5.945300000000243017e+03 3.081049362663179636e-04
5.946200000000242653e+03 3.076217544730752707e-04
5.947100000000243199e+03 3.053317486774176359e-04
5.948000000000243745e+03 3.020400472451001406e-04
5.948900000000243381e+03 3.004182362928986549e-04
5.949800000000243017e+03 3.021554730366915464e-04
5.950700000000243563e+03 3.047574427910149097e-04
5.951600000000244108e+03 3.044591285288333893e-04
5.952500000000243745e+03 3.021660668309777975e-04
5.953400000000243381e+03 3.021581796929240227e-04
5.954300000000243926e+03 3.040218725800514221e-04
5.955200000000244472e+03 3.039445145986974239e-04
5.956100000000244108e+03 3.017054405063390732e-04
5.957000000000243745e+03 2.999043499585241079e-04
5.957900000000244290e+03 3.002581652253866196e-04
5.958800000000244836e+03 3.026121121365576982e-04
5.959700000000244472e+03 3.053587861359119415e-04
5.960600000000244108e+03 3.068739315494894981e-04
5.961500000000244654e+03 3.074019914492964745e-04
5.962400000000245200e+03 3.076595021411776543e-04
5.963300000000244836e+03 3.074050764553248882e-04
5.964200000000244472e+03 3.066570789087563753e-04
5.965100000000245018e+03 3.052417887374758720e-04
5.966000000000245564e+03 3.042484167963266373e-04
5.966900000000245200e+03 3.049112856388092041e-04
5.967800000000244836e+03 3.061142051592469215e-04
5.968700000000245382e+03 3.070081875193864107e-04
5.969600000000245927e+03 3.077342698816210032e-04
5.970500000000245564e+03 3.085281641688197851e-04
5.971400000000245200e+03 3.088399826083332300e-04
5.972300000000245745e+03 3.082842449657618999e-04
5.973200000000246291e+03 3.077530418522655964e-04
5.974100000000245927e+03 3.068637743126600981e-04
5.975000000000245564e+03 3.044558397959917784e-04
5.975900000000246109e+03 3.014105313923209906e-04
5.976800000000246655e+03 2.993941598106175661e-04
5.977700000000246291e+03 2.989678469020873308e-04
5.978600000000245927e+03 3.001699224114418030e-04
5.979500000000246473e+03 3.029326035175472498e-04
5.980400000000247019e+03 3.054930130019783974e-04
5.981300000000246655e+03 3.060268645640462637e-04
5.982200000000246291e+03 3.042989992536604404e-04
5.983100000000246837e+03 3.006804618053138256e-04
5.984000000000247383e+03 2.975489769596606493e-04
5.984900000000247019e+03 2.980950230266898870e-04
5.985800000000246655e+03 3.004508616868406534e-04
5.986700000000247201e+03 3.010464133694767952e-04
5.987600000000247746e+03 3.009464126080274582e-04
5.988500000000247383e+03 3.021087322849780321e-04
5.989400000000247019e+03 3.031567321158945560e-04
5.990300000000247564e+03 3.020133299287408590e-04
5.991200000000248110e+03 3.001454751938581467e-04
5.992100000000247746e+03 3.006268816534429789e-04
5.993000000000247383e+03 3.031850501429289579e-04
5.993900000000247928e+03 3.048507496714591980e-04
5.994800000000248474e+03 3.046098572667688131e-04
5.995700000000248110e+03 3.030859224963933229e-04
5.996600000000247746e+03 3.005721373483538628e-04
5.997500000000248292e+03 2.985314640682190657e-04
5.998400000000248838e+03 2.985458413604646921e-04
5.999300000000248474e+03 3.000998112838715315e-04
6.000200000000248110e+03 3.015562542714178562e-04
6.001100000000248656e+03 3.016292175743728876e-04
6.002000000000249202e+03 2.999712305609136820e-04
6.002900000000248838e+03 2.985845203511416912e-04
6.003800000000248474e+03 2.991731744259595871e-04
6.004700000000249020e+03 3.002459998242557049e-04
6.005600000000249565e+03 2.998715499415993690e-04
6.006500000000249202e+03 2.979328273795545101e-04
6.007400000000248838e+03 2.949380141217261553e-04
6.008300000000249383e+03 2.935338416136801243e-04
6.009200000000249929e+03 2.963428851217031479e-04
6.010100000000249565e+03 3.005595353897660971e-04
6.011000000000249202e+03 3.017191193066537380e-04
6.011900000000249747e+03 2.994341775774955750e-04
6.012800000000250293e+03 2.964544692076742649e-04
6.013700000000249929e+03 2.958218683488667011e-04
6.014600000000249565e+03 2.974779927171766758e-04
6.015500000000250111e+03 2.981709549203515053e-04
6.016400000000250657e+03 2.967870968859642744e-04
6.017300000000250293e+03 2.965018793474882841e-04
6.018200000000249929e+03 2.977364929392933846e-04
6.019100000000250475e+03 2.971411449834704399e-04
6.020000000000251021e+03 2.949666522908955812e-04
6.020900000000250657e+03 2.942978171631693840e-04
6.021800000000250293e+03 2.953182265628129244e-04
6.022700000000250839e+03 2.960999845527112484e-04
6.023600000000251384e+03 2.960583369713276625e-04
6.024500000000251021e+03 2.968749613501131535e-04
6.025400000000250657e+03 2.987057378049939871e-04
6.026300000000251202e+03 2.992006484419107437e-04
6.027200000000251748e+03 2.986519830301403999e-04
6.028100000000251384e+03 2.992224472109228373e-04
6.029000000000251021e+03 3.004605823662132025e-04
6.029900000000251566e+03 3.008823259733617306e-04
6.030800000000252112e+03 3.004379395861178637e-04
6.031700000000251748e+03 3.007697232533246279e-04
6.032600000000251384e+03 3.018591087311506271e-04
6.033500000000251930e+03 3.022633609361946583e-04
6.034400000000252476e+03 3.019857686012983322e-04
6.035300000000252112e+03 3.016187692992389202e-04
6.036200000000251748e+03 3.015335241798311472e-04
6.037100000000252294e+03 3.015504626091569662e-04
6.038000000000252840e+03 3.010474611073732376e-04
6.038900000000252476e+03 3.002238227054476738e-04
6.039800000000252112e+03 2.995351969730108976e-04
6.040700000000252658e+03 2.989702625200152397e-04
6.041600000000253203e+03 2.984910679515451193e-04
6.042500000000252840e+03 2.988592314068228006e-04
6.043400000000252476e+03 3.002905868925154209e-04
6.044300000000253021e+03 3.013756358996033669e-04
6.045200000000253567e+03 3.011799126397818327e-04
6.046100000000253203e+03 3.006273764185607433e-04
6.047000000000252840e+03 3.008377389051020145e-04
6.047900000000253385e+03 3.012701054103672504e-04
6.048800000000253931e+03 3.011447552125900984e-04
6.049700000000253567e+03 3.011847147718071938e-04
6.050600000000253203e+03 3.011393127962946892e-04
6.051500000000253749e+03 3.003755409736186266e-04
6.052400000000254295e+03 2.988578053191304207e-04
6.053300000000253931e+03 2.974649250973016024e-04
6.054200000000253567e+03 2.973246155306696892e-04
6.055100000000254113e+03 2.972681249957531691e-04
6.056000000000254659e+03 2.965588937513530254e-04
6.056900000000254295e+03 2.968164626508951187e-04
6.057800000000253931e+03 2.985562896355986595e-04
6.058700000000254477e+03 3.001193108502775431e-04
6.059600000000255022e+03 3.003826132044196129e-04
6.060500000000254659e+03 3.000960859935730696e-04
6.061400000000254295e+03 2.995688992086797953e-04
6.062300000000254840e+03 2.984549500979483128e-04
6.063200000000255386e+03 2.969325869344174862e-04
6.064100000000255022e+03 2.944903972093015909e-04
6.065000000000254659e+03 2.915656368713825941e-04
6.065900000000255204e+03 2.918906975537538528e-04
6.066800000000255750e+03 2.961585996672511101e-04
6.067700000000255386e+03 2.997453557327389717e-04
6.068600000000255022e+03 3.003304300364106894e-04
6.069500000000255568e+03 2.997474512085318565e-04
6.070400000000256114e+03 2.994694805238395929e-04
6.071300000000255750e+03 2.994801616296172142e-04
6.072200000000255386e+03 2.998355193994939327e-04
6.073100000000255932e+03 3.003407036885619164e-04
6.074000000000256478e+03 3.007186460308730602e-04
6.074900000000256114e+03 3.005572070833295584e-04
6.075800000000255750e+03 2.997932024300098419e-04
6.076700000000256296e+03 2.982371079269796610e-04
6.077600000000256841e+03 2.953486109618097544e-04
6.078500000000256478e+03 2.928640460595488548e-04
6.079400000000256114e+03 2.933194336947053671e-04
6.080300000000256659e+03 2.945780288428068161e-04
6.081200000000257205e+03 2.938832622021436691e-04
6.082100000000256841e+03 2.924087166320532560e-04
6.083000000000256478e+03 2.924751897808164358e-04
6.083900000000257023e+03 2.932771167252212763e-04
6.084800000000257569e+03 2.933047362603247166e-04
6.085700000000257205e+03 2.932040661107748747e-04
6.086600000000256841e+03 2.938018296845257282e-04
6.087500000000257387e+03 2.946380409412086010e-04
6.088400000000257933e+03 2.944724692497402430e-04
6.089300000000257569e+03 2.928489120677113533e-04
6.090200000000257205e+03 2.914262877311557531e-04
6.091100000000257751e+03 2.914679644163697958e-04
6.092000000000258296e+03 2.918942482210695744e-04
6.092900000000257933e+03 2.919284743256866932e-04
6.093800000000257569e+03 2.930388436652719975e-04
6.094700000000258115e+03 2.951832138933241367e-04
6.095600000000258660e+03 2.961876161862164736e-04
6.096500000000258296e+03 2.954742521978914738e-04
6.097400000000257933e+03 2.945417654700577259e-04
6.098300000000258478e+03 2.947267785202711821e-04
6.099200000000259024e+03 2.958885743282735348e-04
6.100100000000258660e+03 2.962451544590294361e-04
6.101000000000258296e+03 2.929739712271839380e-04
6.101900000000258842e+03 2.855564234778285027e-04
6.102800000000259388e+03 2.809590077959001064e-04
6.103700000000259024e+03 2.848318836186081171e-04
6.104600000000258660e+03 2.915404911618679762e-04
6.105500000000259206e+03 2.945323649328202009e-04
6.106400000000259752e+03 2.939630940090864897e-04
6.107300000000259388e+03 2.923353458754718304e-04
6.108200000000259024e+03 2.921978884842246771e-04
6.109100000000259570e+03 2.937863464467227459e-04
6.110000000000260115e+03 2.945133310277014971e-04
6.110900000000259752e+03 2.934490912593901157e-04
6.111800000000259388e+03 2.927573514170944691e-04
6.112700000000259934e+03 2.935437369160354137e-04
6.113600000000260479e+03 2.948050387203693390e-04
6.114500000000260115e+03 2.951546339318156242e-04
6.115400000000259752e+03 2.935997617896646261e-04
6.116300000000260297e+03 2.918101672548800707e-04
6.117200000000260843e+03 2.923825231846421957e-04
6.118100000000260479e+03 2.935350348707288504e-04
6.119000000000260115e+03 2.927322639152407646e-04
6.119900000000260661e+03 2.906259323935955763e-04
6.120800000000261207e+03 2.876569342333823442e-04
6.121700000000260843e+03 2.843587135430425406e-04
6.122600000000260479e+03 2.845673006959259510e-04
6.123500000000261025e+03 2.889870665967464447e-04
6.124400000000261571e+03 2.920445112977176905e-04
6.125300000000261207e+03 2.917815581895411015e-04
6.126200000000260843e+03 2.907643502112478018e-04
6.127100000000261389e+03 2.897338708862662315e-04
6.128000000000261934e+03 2.885716385208070278e-04
6.128900000000261571e+03 2.884008572436869144e-04
6.129800000000261207e+03 2.898251696024090052e-04
6.130700000000261753e+03 2.916010271292179823e-04
6.131600000000262298e+03 2.925985027104616165e-04
6.132500000000261934e+03 2.932187053374946117e-04
6.133400000000261571e+03 2.933781361207365990e-04
6.134300000000262116e+03 2.913172647822648287e-04
6.135200000000262662e+03 2.861747052520513535e-04
6.136100000000262298e+03 2.780207723844796419e-04
6.137000000000261934e+03 2.722801291383802891e-04
6.137900000000262480e+03 2.758088521659374237e-04
6.138800000000263026e+03 2.852122415788471699e-04
6.139700000000262662e+03 2.905206638388335705e-04
6.140600000000262298e+03 2.879019593819975853e-04
6.141500000000262844e+03 2.832559985108673573e-04
6.142400000000263390e+03 2.839676744770258665e-04
6.143300000000263026e+03 2.889908209908753633e-04
6.144200000000262662e+03 2.923255669884383678e-04
6.145100000000263208e+03 2.923458814620971680e-04
6.146000000000263753e+03 2.911763731390237808e-04
6.146900000000263390e+03 2.891625335905700922e-04
6.147800000000263026e+03 2.861656539607793093e-04
6.148700000000263572e+03 2.841732639353722334e-04
6.149600000000264117e+03 2.843030961230397224e-04
6.150500000000263753e+03 2.861301181837916374e-04
6.151400000000263390e+03 2.882665430661290884e-04
6.152300000000263935e+03 2.894951321650296450e-04
6.153200000000264481e+03 2.894806675612926483e-04
6.154100000000264117e+03 2.878349623642861843e-04
6.155000000000263753e+03 2.859779051505029202e-04
6.155900000000264299e+03 2.854979538824409246e-04
6.156800000000264845e+03 2.850941964425146580e-04
6.157700000000264481e+03 2.843666006810963154e-04
6.158600000000264117e+03 2.845569397322833538e-04
6.159500000000264663e+03 2.838930522557348013e-04
6.160400000000265209e+03 2.791798906400799751e-04
6.161300000000264845e+03 2.722893550526350737e-04
6.162200000000264481e+03 2.692325506359338760e-04
6.163100000000265027e+03 2.719029143918305635e-04
6.164000000000265572e+03 2.771243744064122438e-04
6.164900000000265209e+03 2.807647979352623224e-04
6.165800000000264845e+03 2.820202789735049009e-04
6.166700000000265391e+03 2.832637401297688484e-04
6.167600000000265936e+03 2.834885381162166595e-04
6.168500000000265572e+03 2.796264598146080971e-04
6.169400000000265209e+03 2.747724356595426798e-04
6.170300000000265754e+03 2.752409782260656357e-04
6.171200000000266300e+03 2.803276584018021822e-04
6.172100000000265936e+03 2.836209023371338844e-04
6.173000000000265572e+03 2.833043690770864487e-04
6.173900000000266118e+03 2.825908304657787085e-04
6.174800000000266664e+03 2.825932751875370741e-04
6.175700000000266300e+03 2.821110538206994534e-04
6.176600000000265936e+03 2.815008629113435745e-04
6.177500000000266482e+03 2.825264236889779568e-04
6.178400000000267028e+03 2.841508830897510052e-04
6.179300000000266664e+03 2.838459040503948927e-04
6.180200000000266300e+03 2.833060279954224825e-04
6.181100000000266846e+03 2.844368282239884138e-04
6.182000000000267391e+03 2.858619554899632931e-04
6.182900000000267028e+03 2.862349792849272490e-04
6.183800000000266664e+03 2.858859952539205551e-04
6.184700000000267210e+03 2.849514130502939224e-04
6.185600000000267755e+03 2.832174650393426418e-04
6.186500000000267391e+03 2.814110775943845510e-04
6.187400000000267028e+03 2.805772819556295872e-04
6.188300000000267573e+03 2.810215228237211704e-04
6.189200000000268119e+03 2.815112529788166285e-04
6.190100000000267755e+03 2.786738623399287462e-04
6.191000000000267391e+03 2.735004236456006765e-04
6.191900000000267937e+03 2.727662213146686554e-04
6.192800000000268483e+03 2.775431203190237284e-04
6.193700000000268119e+03 2.816716441884636879e-04
6.194600000000267755e+03 2.828093420248478651e-04
6.195500000000268301e+03 2.832923200912773609e-04
6.196400000000268847e+03 2.846304269041866064e-04
6.197300000000268483e+03 2.850760647561401129e-04
6.198200000000268119e+03 2.831239835359156132e-04
6.199100000000268665e+03 2.800672664307057858e-04
6.200000000000269210e+03 2.782671654131263494e-04
6.200900000000268847e+03 2.795523323584347963e-04
6.201800000000268483e+03 2.825703413691371679e-04
6.202700000000269029e+03 2.845379349309951067e-04
6.203600000000269574e+03 2.846707648131996393e-04
6.204500000000269210e+03 2.843300171662122011e-04
6.205400000000268847e+03 2.845763810910284519e-04
6.206300000000269392e+03 2.848291769623756409e-04
6.207200000000269938e+03 2.846429997589439154e-04
6.208100000000269574e+03 2.842874964699149132e-04
6.209000000000269210e+03 2.840606321115046740e-04
6.209900000000269756e+03 2.836450003087520599e-04
6.210800000000270302e+03 2.828401338774710894e-04
6.211700000000269938e+03 2.815959451254457235e-04
6.212600000000269574e+03 2.787171106319874525e-04
6.213500000000270120e+03 2.750694111455231905e-04
6.214400000000270666e+03 2.732586872298270464e-04
6.215300000000270302e+03 2.738072653301060200e-04
6.216200000000269938e+03 2.760352799668908119e-04
6.217100000000270484e+03 2.786094264592975378e-04
6.218000000000271029e+03 2.788690035231411457e-04
6.218900000000270666e+03 2.763288212008774281e-04
6.219800000000270302e+03 2.742882061284035444e-04
6.220700000000270848e+03 2.746793325059115887e-04
6.221600000000271393e+03 2.766120887827128172e-04
6.222500000000271029e+03 2.782617521006613970e-04
6.223400000000270666e+03 2.783146919682621956e-04
6.224300000000271211e+03 2.778861962724477053e-04
6.225200000000271757e+03 2.784211537800729275e-04
6.226100000000271393e+03 2.787378616631031036e-04
6.227000000000271029e+03 2.786849217955023050e-04
6.227900000000271575e+03 2.786474942695349455e-04
6.228800000000272121e+03 2.763955853879451752e-04
6.229700000000271757e+03 2.714734291657805443e-04
6.230600000000271393e+03 2.677745360415428877e-04
6.231500000000271939e+03 2.685227082110941410e-04
6.232400000000272485e+03 2.718697069212794304e-04
6.233300000000272121e+03 2.753970620688050985e-04
6.234200000000271757e+03 2.790528524201363325e-04
6.235100000000272303e+03 2.809407305903732777e-04
6.236000000000272848e+03 2.797319029923528433e-04
6.236900000000272485e+03 2.767786209005862474e-04
6.237800000000272121e+03 2.735429443418979645e-04
6.238700000000272667e+03 2.714409201871603727e-04
6.239600000000273212e+03 2.709036343730986118e-04
6.240500000000272848e+03 2.722525678109377623e-04
6.241400000000272485e+03 2.740741474553942680e-04
6.242300000000273030e+03 2.733584842644631863e-04
6.243200000000273576e+03 2.711833803914487362e-04
6.244100000000273212e+03 2.706709201447665691e-04
6.245000000000272848e+03 2.706632658373564482e-04
6.245900000000273394e+03 2.695455914363265038e-04
6.246800000000273940e+03 2.695899165701121092e-04
6.247700000000273576e+03 2.722265780903398991e-04
6.248600000000273212e+03 2.756385074462741613e-04
6.249500000000273758e+03 2.775539760477840900e-04
6.250400000000274304e+03 2.771140425466001034e-04
6.251300000000273940e+03 2.739262417890131474e-04
6.252200000000273576e+03 2.699172182474285364e-04
6.253100000000274122e+03 2.678881573956459761e-04
6.254000000000274667e+03 2.680608013179153204e-04
6.254900000000274304e+03 2.691350237000733614e-04
6.255800000000273940e+03 2.692986745387315750e-04
6.256700000000274486e+03 2.682277699932456017e-04
6.257600000000275031e+03 2.670802932698279619e-04
6.258500000000274667e+03 2.673784620128571987e-04
6.259400000000274304e+03 2.698777534533292055e-04
6.260300000000274849e+03 2.724656660575419664e-04
6.261200000000275395e+03 2.738991752266883850e-04
6.262100000000275031e+03 2.758641785476356745e-04
6.263000000000274667e+03 2.777604968287050724e-04
6.263900000000275213e+03 2.769441343843936920e-04
6.264800000000275759e+03 2.740324998740106821e-04
6.265700000000275395e+03 2.732530119828879833e-04
6.266600000000275031e+03 2.754253218881785870e-04
6.267500000000275577e+03 2.771255967672914267e-04
6.268400000000276123e+03 2.763569063972681761e-04
6.269300000000275759e+03 2.745519159361720085e-04
6.270200000000275395e+03 2.736275491770356894e-04
6.271100000000275941e+03 2.740408526733517647e-04
6.272000000000276486e+03 2.753251465037465096e-04
6.272900000000276123e+03 2.765211102087050676e-04
6.273800000000275759e+03 2.770447463262826204e-04
6.274700000000276304e+03 2.771803701762109995e-04
6.275600000000276850e+03 2.774046151898801327e-04
6.276500000000276486e+03 2.769532729871571064e-04
6.277400000000276123e+03 2.755268651526421309e-04
6.278300000000276668e+03 2.740519121289253235e-04
6.279200000000277214e+03 2.723825746215879917e-04
6.280100000000276850e+03 2.705554943531751633e-04
6.281000000000276486e+03 2.706458326429128647e-04
6.281900000000277032e+03 2.726420061662793159e-04
6.282800000000277578e+03 2.748614351730793715e-04
6.283700000000277214e+03 2.764267846941947937e-04
6.284600000000276850e+03 2.766581019386649132e-04
6.285500000000277396e+03 2.766167453955858946e-04
6.286400000000277942e+03 2.772769948933273554e-04
6.287300000000277578e+03 2.783842210192233324e-04
6.288200000000277214e+03 2.790679282043129206e-04
6.289100000000277760e+03 2.786023251246660948e-04
6.290000000000278305e+03 2.769637794699519873e-04
6.290900000000277942e+03 2.749407140072435141e-04
6.291800000000277578e+03 2.738143666647374630e-04
6.292700000000278123e+03 2.738782495725899935e-04
6.293600000000278669e+03 2.749027626123279333e-04
6.294500000000278305e+03 2.757425827439874411e-04
6.295400000000277942e+03 2.746088721323758364e-04
6.296300000000278487e+03 2.719273325055837631e-04
6.297200000000279033e+03 2.701861667446792126e-04
6.298100000000278669e+03 2.702530764508992434e-04
6.299000000000278305e+03 2.715997979976236820e-04
6.299900000000278851e+03 2.719752374105155468e-04
6.300800000000279397e+03 2.696002775337547064e-04
6.301700000000279033e+03 2.670868707355111837e-04
6.302600000000278669e+03 2.678243035916239023e-04
6.303500000000279215e+03 2.711779379751533270e-04
6.304400000000279761e+03 2.734935260377824306e-04
6.305300000000279397e+03 2.738759794738143682e-04
6.306200000000279033e+03 2.743966761045157909e-04
6.307100000000279579e+03 2.758564369287341833e-04
6.308000000000280124e+03 2.767738769762217999e-04
6.308900000000279761e+03 2.763147349469363689e-04
6.309800000000279397e+03 2.741378557402640581e-04
6.310700000000279942e+03 2.718793111853301525e-04
6.311600000000280488e+03 2.714667352847754955e-04
6.312500000000280124e+03 2.725571976043283939e-04
6.313400000000279761e+03 2.723719226196408272e-04
6.314300000000280306e+03 2.695160801522433758e-04
6.315200000000280852e+03 2.675947616808116436e-04
6.316100000000280488e+03 2.682196500245481730e-04
6.317000000000280124e+03 2.675099531188607216e-04
6.317900000000280670e+03 2.650972455739974976e-04
6.318800000000281216e+03 2.652786206454038620e-04
6.319700000000280852e+03 2.683432248886674643e-04
6.320600000000280488e+03 2.710385597310960293e-04
6.321500000000281034e+03 2.714414731599390507e-04
6.322400000000281580e+03 2.704876533243805170e-04
6.323300000000281216e+03 2.711567794904112816e-04
6.324200000000280852e+03 2.734812151174992323e-04
6.325100000000281398e+03 2.748566330410540104e-04
6.326000000000281943e+03 2.746890240814536810e-04
6.326900000000281580e+03 2.734857844188809395e-04
6.327800000000281216e+03 2.728080435190349817e-04
6.328700000000281761e+03 2.732240827754139900e-04
6.329600000000282307e+03 2.725319063756614923e-04
6.330500000000281943e+03 2.713827125262469053e-04
6.331400000000281580e+03 2.720319898799061775e-04
6.332300000000282125e+03 2.735792368184775114e-04
6.333200000000282671e+03 2.741846838034689426e-04
6.334100000000282307e+03 2.719168260227888823e-04
6.335000000000281943e+03 2.670116664376109838e-04
6.335900000000282489e+03 2.636570134200155735e-04
6.336800000000283035e+03 2.648700028657913208e-04
6.337700000000282671e+03 2.679577737580984831e-04
6.338600000000282307e+03 2.690580440685153008e-04
6.339500000000282853e+03 2.700780751183629036e-04
6.340400000000283399e+03 2.720827760640531778e-04
6.341300000000283035e+03 2.727816463448107243e-04
6.342200000000282671e+03 2.715319569688290358e-04
6.343100000000283217e+03 2.687564410734921694e-04
6.344000000000283762e+03 2.663935883902013302e-04
6.344900000000283399e+03 2.656215219758450985e-04
6.345800000000283035e+03 2.640306483954191208e-04
6.346700000000283580e+03 2.618351136334240437e-04
6.347600000000284126e+03 2.631630923133343458e-04
6.348500000000283762e+03 2.677692682482302189e-04
6.349400000000283399e+03 2.709910040721297264e-04
6.350300000000283944e+03 2.717520401347428560e-04
6.351200000000284490e+03 2.720168558880686760e-04
6.352100000000284126e+03 2.719539334066212177e-04
6.353000000000283762e+03 2.705975202843546867e-04
6.353900000000284308e+03 2.678947930689901114e-04
6.354800000000284854e+03 2.660833997651934624e-04
6.355700000000284490e+03 2.665938227437436581e-04
6.356600000000284126e+03 2.672570990398526192e-04
6.357500000000284672e+03 2.659446035977452993e-04
6.358400000000285218e+03 2.636307035572826862e-04
6.359300000000284854e+03 2.629124501254409552e-04
6.360200000000284490e+03 2.637053548824042082e-04
6.361100000000285036e+03 2.632817486301064491e-04
6.362000000000285581e+03 2.617175923660397530e-04
6.362900000000285218e+03 2.615517587400972843e-04
6.363800000000284854e+03 2.628707734402269125e-04
6.364700000000285399e+03 2.645421191118657589e-04
6.365600000000285945e+03 2.659246092662215233e-04
6.366500000000285581e+03 2.670473768375813961e-04
6.367400000000285218e+03 2.683755592443048954e-04
6.368300000000285763e+03 2.685625513549894094e-04
6.369200000000286309e+03 2.665769134182482958e-04
6.370100000000285945e+03 2.632038085721433163e-04
6.371000000000285581e+03 2.618193684611469507e-04
6.371900000000286127e+03 2.646133361849933863e-04
6.372800000000286673e+03 2.685051003936678171e-04
6.373700000000286309e+03 2.702364581637084484e-04
6.374600000000285945e+03 2.704609069041907787e-04
6.375500000000286491e+03 2.704840735532343388e-04
6.376400000000287037e+03 2.702156198211014271e-04
6.377300000000286673e+03 2.690386900212615728e-04
6.378200000000286309e+03 2.676452277228236198e-04
6.379100000000286855e+03 2.670384128578007221e-04
6.380000000000287400e+03 2.668095112312585115e-04
6.380900000000287037e+03 2.669786044862121344e-04
6.381800000000286673e+03 2.679992467164993286e-04
6.382700000000287218e+03 2.684817882254719734e-04
6.383600000000287764e+03 2.673882991075515747e-04
6.384500000000287400e+03 2.663978375494480133e-04
6.385400000000287037e+03 2.670335816219449043e-04
6.386300000000287582e+03 2.686193911358714104e-04
6.387200000000288128e+03 2.695999282877892256e-04
6.388100000000287764e+03 2.694920112844556570e-04
6.389000000000287400e+03 2.691209083423018456e-04
6.389900000000287946e+03 2.692521375138312578e-04
6.390800000000288492e+03 2.690235560294240713e-04
6.391700000000288128e+03 2.666616055648773909e-04
6.392600000000287764e+03 2.622890460770577192e-04
6.393500000000288310e+03 2.601182786747813225e-04
6.394400000000288856e+03 2.628152142278850079e-04
6.395300000000288492e+03 2.672109403647482395e-04
6.396200000000288128e+03 2.700412587728351355e-04
6.397100000000288674e+03 2.708134998101741076e-04
6.398000000000289219e+03 2.687571395654231310e-04
6.398900000000288856e+03 2.633823314681649208e-04
6.399800000000288492e+03 2.585809270385652781e-04
6.400700000000289037e+03 2.601433661766350269e-04
6.401600000000289583e+03 2.658976591192185879e-04
6.402500000000289219e+03 2.699521428439766169e-04
6.403400000000288856e+03 2.710478438530117273e-04
6.404300000000289401e+03 2.705965598579496145e-04
6.405200000000289947e+03 2.694785071071237326e-04
6.406100000000289583e+03 2.672033151611685753e-04
6.407000000000289219e+03 2.639318699948489666e-04
6.407900000000289765e+03 2.624253102112561464e-04
6.408800000000290311e+03 2.645600179675966501e-04
6.409700000000289947e+03 2.669710083864629269e-04
6.410600000000289583e+03 2.653599658515304327e-04
6.411500000000290129e+03 2.629049122333526611e-04
6.412400000000290675e+03 2.635057317093014717e-04
6.413300000000290311e+03 2.650668902788311243e-04
6.414200000000289947e+03 2.654487325344234705e-04
6.415100000000290493e+03 2.653832489158958197e-04
6.416000000000291038e+03 2.651902614161372185e-04
6.416900000000290675e+03 2.648201189003884792e-04
6.417800000000290311e+03 2.646453212946653366e-04
6.418700000000290856e+03 2.636308199726045132e-04
6.419600000000291402e+03 2.609806542750447989e-04
6.420500000000291038e+03 2.586302871350198984e-04
6.421400000000290675e+03 2.599312574602663517e-04
6.422300000000291220e+03 2.646447392180562019e-04
6.423200000000291766e+03 2.684257633518427610e-04
6.424100000000291402e+03 2.686067309696227312e-04
6.425000000000291038e+03 2.675620780792087317e-04
6.425900000000291584e+03 2.677096636034548283e-04
6.426800000000292130e+03 2.688327513169497252e-04
6.427700000000291766e+03 2.692724810913205147e-04
6.428600000000291402e+03 2.676595177035778761e-04
6.429500000000291948e+03 2.638191799633204937e-04
6.430400000000292493e+03 2.596961276140064001e-04
6.431300000000292130e+03 2.584822650533169508e-04
6.432200000000291766e+03 2.607218921184539795e-04
6.433100000000292312e+03 2.637532888911664486e-04
6.434000000000292857e+03 2.660152385942637920e-04
6.434900000000292493e+03 2.672506670933216810e-04
6.435800000000292130e+03 2.678913297131657600e-04
6.436700000000292675e+03 2.672036935109645128e-04
6.437600000000293221e+03 2.635860291775316000e-04
6.438500000000292857e+03 2.590153308119624853e-04
6.439400000000292493e+03 2.587492344900965691e-04
6.440300000000293039e+03 2.633552358020097017e-04
6.441200000000293585e+03 2.674805582500994205e-04
6.442100000000293221e+03 2.684339415282011032e-04
6.443000000000292857e+03 2.679147874005138874e-04
6.443900000000293403e+03 2.676264557521790266e-04
6.444800000000293949e+03 2.674544812180101871e-04
6.445700000000293585e+03 2.678287564776837826e-04
6.446600000000293221e+03 2.682780614122748375e-04
6.447500000000293767e+03 2.668519737198948860e-04
6.448400000000294312e+03 2.617963764350861311e-04
6.449300000000293949e+03 2.552054647821933031e-04
6.450200000000293585e+03 2.535320818424224854e-04
6.451100000000294131e+03 2.581101725809276104e-04
6.452000000000294676e+03 2.636538411024957895e-04
6.452900000000294312e+03 2.661024918779730797e-04
6.453800000000293949e+03 2.646693319547921419e-04
6.454700000000294494e+03 2.596990962047129869e-04
6.455600000000295040e+03 2.541021094657480717e-04
6.456500000000294676e+03 2.536138053983449936e-04
6.457400000000294312e+03 2.586463233456015587e-04
6.458300000000294858e+03 2.639239828567951918e-04
6.459200000000295404e+03 2.664062776602804661e-04
6.460100000000295040e+03 2.661506005097180605e-04
6.461000000000294676e+03 2.624395710881799459e-04
6.461900000000295222e+03 2.563176967669278383e-04
6.462800000000295768e+03 2.536750107537955046e-04
6.463700000000295404e+03 2.571576042100787163e-04
6.464600000000295040e+03 2.618700964376330376e-04
6.465500000000295586e+03 2.641197934281080961e-04
6.466400000000296131e+03 2.649335365276783705e-04
6.467300000000295768e+03 2.650622336659580469e-04
6.468200000000295404e+03 2.642206090968102217e-04
6.469100000000295950e+03 2.628894580993801355e-04
6.470000000000296495e+03 2.616810961626470089e-04
6.470900000000296131e+03 2.602055901661515236e-04
6.471800000000295768e+03 2.598522987682372332e-04
6.472700000000296313e+03 2.614403783809393644e-04
6.473600000000296859e+03 2.621117164380848408e-04
6.474500000000296495e+03 2.606337366160005331e-04
6.475400000000296131e+03 2.594492107164114714e-04
6.476300000000296677e+03 2.604509936645627022e-04
6.477200000000297223e+03 2.620372397359460592e-04
6.478100000000296859e+03 2.620294981170445681e-04
6.479000000000296495e+03 2.613444812595844269e-04
6.479900000000297041e+03 2.602166205178946257e-04
6.480800000000297587e+03 2.571937802713364363e-04
6.481700000000297223e+03 2.532826038077473640e-04
6.482600000000296859e+03 2.517343673389405012e-04
6.483500000000297405e+03 2.535892708692699671e-04
6.484400000000297950e+03 2.566571638453751802e-04
6.485300000000297587e+03 2.586336340755224228e-04
6.486200000000297223e+03 2.596349222585558891e-04
6.487100000000297769e+03 2.600683365017175674e-04
6.488000000000298314e+03 2.601251180749386549e-04
6.488900000000297950e+03 2.591971133369952440e-04
6.489800000000297587e+03 2.570814394857734442e-04
6.490700000000298132e+03 2.549694909248501062e-04
6.491600000000298678e+03 2.535692474339157343e-04
6.492500000000298314e+03 2.510281628929078579e-04
6.493400000000297950e+03 2.454639179632067680e-04
6.494300000000298496e+03 2.396677591605111957e-04
6.495200000000299042e+03 2.375752956140786409e-04
6.496100000000298678e+03 2.388688881183043122e-04
6.497000000000298314e+03 2.425129059702157974e-04
6.497900000000298860e+03 2.469824976287782192e-04
6.498800000000299406e+03 2.495382796041667461e-04
6.499700000000299042e+03 2.509968471713364124e-04
6.500600000000298678e+03 2.534803643357008696e-04
6.501500000000299224e+03 2.558441192377358675e-04
6.502400000000299769e+03 2.570547803770750761e-04
6.503300000000299406e+03 2.575441903900355101e-04
6.504200000000299042e+03 2.578623825684189796e-04
6.505100000000299588e+03 2.583927416708320379e-04
6.506000000000300133e+03 2.588280185591429472e-04
6.506900000000299769e+03 2.585372712928801775e-04
6.507800000000299406e+03 2.576778642833232880e-04
6.508700000000299951e+03 2.572734956629574299e-04
6.509600000000300497e+03 2.576434635557234287e-04
6.510500000000300133e+03 2.579841238912194967e-04
6.511400000000299769e+03 2.576707047410309315e-04
6.512300000000300315e+03 2.569536154624074697e-04
6.513200000000300861e+03 2.563558518886566162e-04
6.514100000000300497e+03 2.548098855186253786e-04
6.515000000000300133e+03 2.516249951440840960e-04
6.515900000000300679e+03 2.488991303835064173e-04
6.516800000000301225e+03 2.483233984094113111e-04
6.517700000000300861e+03 2.489647304173558950e-04
6.518600000000300497e+03 2.499517286196351051e-04
6.519500000000301043e+03 2.519146364647895098e-04
6.520400000000301588e+03 2.542400616221129894e-04
6.521300000000301225e+03 2.553744707256555557e-04
6.522200000000300861e+03 2.552964433562010527e-04
6.523100000000301407e+03 2.548291231505572796e-04
6.524000000000301952e+03 2.546357281971722841e-04
6.524900000000301588e+03 2.539877314120531082e-04
6.525800000000301225e+03 2.520933339837938547e-04
6.526700000000301770e+03 2.503097348380833864e-04
6.527600000000302316e+03 2.504009462427347898e-04
6.528500000000301952e+03 2.519832341931760311e-04
6.529400000000301588e+03 2.530794008634984493e-04
6.530300000000302134e+03 2.523951989132910967e-04
6.531200000000302680e+03 2.503536234144121408e-04
6.532100000000302316e+03 2.481015399098396301e-04
6.533000000000301952e+03 2.469540049787610769e-04
6.533900000000302498e+03 2.475889050401747227e-04
6.534800000000303044e+03 2.490823681000620127e-04
6.535700000000302680e+03 2.497226232662796974e-04
6.536600000000302316e+03 2.489432226866483688e-04
6.537500000000302862e+03 2.478945534676313400e-04
6.538400000000303407e+03 2.479275572113692760e-04
6.539300000000303044e+03 2.483504358679056168e-04
6.540200000000302680e+03 2.477261004969477654e-04
6.541100000000303226e+03 2.461042604409158230e-04
6.542000000000303771e+03 2.440460812067613006e-04
6.542900000000303407e+03 2.420125674689188600e-04
6.543800000000303044e+03 2.400219964329153299e-04
6.544700000000303589e+03 2.373076567891985178e-04
6.545600000000304135e+03 2.333799639018252492e-04
6.546500000000303771e+03 2.311186108272522688e-04
6.547400000000303407e+03 2.319622581126168370e-04
6.548300000000303953e+03 2.330348797840997577e-04
6.549200000000304499e+03 2.322926738997921348e-04
6.550100000000304135e+03 2.299592306371778250e-04
6.551000000000303771e+03 2.271929406560957432e-04
6.551900000000304317e+03 2.247258962597697973e-04
6.552800000000304863e+03 2.220664318883791566e-04
6.553700000000304499e+03 2.188070648116990924e-04
6.554600000000304135e+03 2.150700747733935714e-04
6.555500000000304681e+03 2.118892298312857747e-04
6.556400000000305226e+03 2.097824763040989637e-04
6.557300000000304863e+03 2.076184027828276157e-04
6.558200000000304499e+03 2.040861727437004447e-04
6.559100000000305045e+03 1.983895926969125867e-04
6.560000000000305590e+03 1.887959806481376290e-04
6.560900000000305226e+03 1.698602718533948064e-04
6.561800000000304863e+03 1.424841902917250991e-04
6.562700000000305408e+03 1.266813051188364625e-04
6.563600000000305954e+03 1.395559083903208375e-04
6.564500000000305590e+03 1.674521918175742030e-04
6.565400000000305226e+03 1.882812794065102935e-04
6.566300000000305772e+03 1.986360875889658928e-04
6.567200000000306318e+03 2.038744860328733921e-04
6.568100000000305954e+03 2.063759893644601107e-04
6.569000000000305590e+03 2.080995473079383373e-04
6.569900000000306136e+03 2.111505018547177315e-04
6.570800000000306682e+03 2.147007617168128490e-04
6.571700000000306318e+03 2.168578939745202661e-04
6.572600000000305954e+03 2.176680718548595905e-04
6.573500000000306500e+03 2.182153257308527827e-04
6.574400000000307045e+03 2.195124980062246323e-04
6.575300000000306682e+03 2.228400117019191384e-04
6.576200000000306318e+03 2.278034953633323312e-04
6.577100000000306864e+03 2.317982871318235993e-04
6.578000000000307409e+03 2.338663616683334112e-04
6.578900000000307045e+03 2.343740779906511307e-04
6.579800000000306682e+03 2.337805490242317319e-04
6.580700000000307227e+03 2.336049219593405724e-04
6.581600000000307773e+03 2.351859729969874024e-04
6.582500000000307409e+03 2.377105847699567676e-04
6.583400000000307045e+03 2.393651811871677637e-04
6.584300000000307591e+03 2.395601186435669661e-04
6.585200000000308137e+03 2.388237480772659183e-04
6.586100000000307773e+03 2.384449180681258440e-04
6.587000000000307409e+03 2.398018841631710529e-04
6.587900000000307955e+03 2.420292585156857967e-04
6.588800000000308501e+03 2.435387432342395186e-04
6.589700000000308137e+03 2.441187680233269930e-04
6.590600000000307773e+03 2.433772460790351033e-04
6.591500000000308319e+03 2.399473305558785796e-04
6.592400000000308864e+03 2.347679692320525646e-04
6.593300000000308501e+03 2.327516995137557387e-04
6.594200000000308137e+03 2.362615341553464532e-04
6.595100000000308683e+03 2.414468472125008702e-04
6.596000000000309228e+03 2.440883399685844779e-04
6.596900000000308864e+03 2.436468057567253709e-04
6.597800000000308501e+03 2.421551762381568551e-04
6.598700000000309046e+03 2.422514662612229586e-04
6.599600000000309592e+03 2.439789968775585294e-04
6.600500000000309228e+03 2.457918599247932434e-04
6.601400000000308864e+03 2.467619779054075480e-04
6.602300000000309410e+03 2.468742895871400833e-04
6.603200000000309956e+03 2.460969844833016396e-04
6.604100000000309592e+03 2.447015140205621719e-04
6.605000000000309228e+03 2.437656512483954430e-04
6.605900000000309774e+03 2.437944349367171526e-04
6.606800000000310320e+03 2.437301736790686846e-04
6.607700000000309956e+03 2.426075807306915522e-04
6.608600000000309592e+03 2.411128662060946226e-04
6.609500000000310138e+03 2.417852228973060846e-04
6.610400000000310683e+03 2.450714819133281708e-04
6.611300000000310320e+03 2.476804365869611502e-04
6.612200000000309956e+03 2.474826760590076447e-04
6.613100000000310501e+03 2.461259427946060896e-04
6.614000000000311047e+03 2.461234398651868105e-04
6.614900000000310683e+03 2.475116343703120947e-04
6.615800000000310320e+03 2.481779374647885561e-04
6.616700000000310865e+03 2.477600646670907736e-04
6.617600000000311411e+03 2.474453940521925688e-04
6.618500000000311047e+03 2.475819201208651066e-04
6.619400000000310683e+03 2.479536633472889662e-04
6.620300000000311229e+03 2.481722040101885796e-04
6.621200000000311775e+03 2.481367555446922779e-04
6.622100000000311411e+03 2.475243527442216873e-04
6.623000000000311047e+03 2.460027462802827358e-04
6.623900000000311593e+03 2.440316748106852174e-04
6.624800000000312139e+03 2.432053588563576341e-04
6.625700000000311775e+03 2.440697571728378534e-04
6.626600000000311411e+03 2.449889725539833307e-04
6.627500000000311957e+03 2.453459601383656263e-04
6.628400000000312502e+03 2.454930508974939585e-04
6.629300000000312139e+03 2.453413908369839191e-04
6.630200000000311775e+03 2.451674372423440218e-04
6.631100000000312320e+03 2.447169099468737841e-04
6.632000000000312866e+03 2.430432941764593124e-04
6.632900000000312502e+03 2.404205442871898413e-04
6.633800000000312139e+03 2.390668523730710149e-04
6.634700000000312684e+03 2.403577964287251234e-04
6.635600000000313230e+03 2.429853921057656407e-04
6.636500000000312866e+03 2.450126921758055687e-04
6.637400000000312502e+03 2.457040245644748211e-04
6.638300000000313048e+03 2.449646999593824148e-04
6.639200000000313594e+03 2.440625248709693551e-04
6.640100000000313230e+03 2.445007266942411661e-04
6.641000000000312866e+03 2.457689843140542507e-04
6.641900000000313412e+03 2.451587351970374584e-04
6.642800000000313958e+03 2.421088574919849634e-04
6.643700000000313594e+03 2.404007973382249475e-04
6.644600000000313230e+03 2.418946096440777183e-04
6.645500000000313776e+03 2.440022653900086880e-04
6.646400000000314321e+03 2.445299760438501835e-04
6.647300000000313958e+03 2.442691766191273928e-04
6.648200000000313594e+03 2.446799480821937323e-04
6.649100000000314139e+03 2.451604814268648624e-04
6.650000000000314685e+03 2.445559366606175900e-04
6.650900000000314321e+03 2.437983202980831265e-04
6.651800000000313958e+03 2.434865746181458235e-04
6.652700000000314503e+03 2.433133195154368877e-04
6.653600000000315049e+03 2.432233741274103522e-04
6.654500000000314685e+03 2.433932822896167636e-04
6.655400000000314321e+03 2.433360641589388251e-04
6.656300000000314867e+03 2.430703898426145315e-04
6.657200000000315413e+03 2.432141336612403393e-04
6.658100000000315049e+03 2.434632478980347514e-04
6.659000000000314685e+03 2.432991022942587733e-04
6.659900000000315231e+03 2.426884311717003584e-04
6.660800000000315777e+03 2.417604118818417192e-04
6.661700000000315413e+03 2.401684323558583856e-04
6.662600000000315049e+03 2.377694763708859682e-04
6.663500000000315595e+03 2.368472196394577622e-04
6.664400000000316140e+03 2.387980057392269373e-04
6.665300000000315777e+03 2.408752625342458487e-04
6.666200000000315413e+03 2.412849717075005174e-04
6.667100000000315958e+03 2.411750756436958909e-04
6.668000000000316504e+03 2.416733477730304003e-04
6.668900000000316140e+03 2.425941638648509979e-04
6.669800000000315777e+03 2.434071939205750823e-04
6.670700000000316322e+03 2.435555798001587391e-04
6.671600000000316868e+03 2.431145840091630816e-04
6.672500000000316504e+03 2.429009909974411130e-04
6.673400000000316140e+03 2.433438639855012298e-04
6.674300000000316686e+03 2.440763928461819887e-04
6.675200000000317232e+03 2.440638781990855932e-04
6.676100000000316868e+03 2.415268681943416595e-04
6.677000000000316504e+03 2.367920678807422519e-04
6.677900000000317050e+03 2.338754711672663689e-04
6.678800000000317596e+03 2.355677861487492919e-04
6.679700000000317232e+03 2.388470165897160769e-04
6.680600000000316868e+03 2.401856327196583152e-04
6.681500000000317414e+03 2.403810212854295969e-04
6.682400000000317959e+03 2.409429580438882113e-04
6.683300000000317596e+03 2.416569186607375741e-04
6.684200000000317232e+03 2.421476092422381043e-04
6.685100000000317777e+03 2.421332901576533914e-04
6.686000000000318323e+03 2.418543590465560555e-04
6.686900000000317959e+03 2.415346825728192925e-04
6.687800000000317596e+03 2.413200127193704247e-04
6.688700000000318141e+03 2.415974158793687820e-04
6.689600000000318687e+03 2.418151416350156069e-04
6.690500000000318323e+03 2.417404903098940849e-04
6.691400000000317959e+03 2.416593488305807114e-04
6.692300000000318505e+03 2.415968338027596474e-04
6.693200000000319051e+03 2.417503565084189177e-04
6.694100000000318687e+03 2.417529758531600237e-04
6.695000000000318323e+03 2.403188700554892421e-04
6.695900000000318869e+03 2.383271203143522143e-04
6.696800000000319415e+03 2.377640048507601023e-04
6.697700000000319051e+03 2.386425185250118375e-04
6.698600000000318687e+03 2.396159834461286664e-04
6.699500000000319233e+03 2.406190178589895368e-04
6.700400000000319778e+03 2.413733018329367042e-04
6.701300000000319415e+03 2.414612099528312683e-04
6.702200000000319051e+03 2.406368148513138294e-04
6.703100000000319596e+03 2.388132561463862658e-04
6.704000000000320142e+03 2.376430347794666886e-04
6.704900000000319778e+03 2.381505473749712110e-04
6.705800000000319415e+03 2.391563466517254710e-04
6.706700000000319960e+03 2.395136107224971056e-04
6.707600000000320506e+03 2.395935880485922098e-04
6.708500000000320142e+03 2.396622730884701014e-04
6.709400000000319778e+03 2.392354072071611881e-04
6.710300000000320324e+03 2.389250294072553515e-04
6.711200000000320870e+03 2.393890608800575137e-04
6.712100000000320506e+03 2.392980968579649925e-04
6.713000000000320142e+03 2.381394297117367387e-04
6.713900000000320688e+03 2.368865098105743527e-04
6.714800000000321234e+03 2.359731442993506789e-04
6.715700000000320870e+03 2.345975663047283888e-04
6.716600000000320506e+03 2.324353845324367285e-04
6.717500000000321052e+03 2.316001337021589279e-04
6.718400000000321597e+03 2.337922051083296537e-04
6.719300000000321234e+03 2.366279804846271873e-04
6.720200000000320870e+03 2.376644988544285297e-04
6.721100000000321415e+03 2.372246381128206849e-04
6.722000000000321961e+03 2.370415750192478299e-04
6.722900000000321597e+03 2.379800716880708933e-04
6.723800000000321234e+03 2.386957639828324318e-04
6.724700000000321779e+03 2.379349753027781844e-04
6.725600000000322325e+03 2.364964311709627509e-04
6.726500000000321961e+03 2.360372891416773200e-04
6.727400000000321597e+03 2.367332926951348782e-04
6.728300000000322143e+03 2.376286574872210622e-04
6.729200000000322689e+03 2.383249666308984160e-04
6.730100000000322325e+03 2.387120621278882027e-04
6.731000000000321961e+03 2.385093976045027375e-04
6.731900000000322507e+03 2.379685902269557118e-04
6.732800000000323053e+03 2.375576441409066319e-04
6.733700000000322689e+03 2.374651085119694471e-04
6.734600000000322325e+03 2.378514327574521303e-04
6.735500000000322871e+03 2.384535328019410372e-04
6.736400000000323416e+03 2.381533122388646007e-04
6.737300000000323053e+03 2.367252309340983629e-04
6.738200000000322689e+03 2.352829615119844675e-04
6.739100000000323234e+03 2.349918504478409886e-04
6.740000000000323780e+03 2.357379271415993571e-04
6.740900000000323416e+03 2.365170657867565751e-04
6.741800000000323053e+03 2.361192018724977970e-04
6.742700000000323598e+03 2.353912132093682885e-04
6.743600000000324144e+03 2.354456373723223805e-04
6.744500000000323780e+03 2.359416830586269498e-04
6.745400000000323416e+03 2.361962688155472279e-04
6.746300000000323962e+03 2.358756610192358494e-04
6.747200000000324508e+03 2.351498405914753675e-04
6.748100000000324144e+03 2.341023791814222932e-04
6.749000000000323780e+03 2.331364376004785299e-04
6.749900000000324326e+03 2.330739225726574659e-04
6.750800000000324872e+03 2.338705817237496376e-04
6.751700000000324508e+03 2.343871165066957474e-04
6.752600000000324144e+03 2.342248480999842286e-04
6.753500000000324690e+03 2.345388347748667002e-04
6.754400000000325235e+03 2.354563475819304585e-04
6.755300000000324872e+03 2.358675264986231923e-04
6.756200000000324508e+03 2.359606733079999685e-04
6.757100000000325053e+03 2.362890954827889800e-04
6.758000000000325599e+03 2.371931914240121841e-04
6.758900000000325235e+03 2.381014055572450161e-04
6.759800000000324872e+03 2.382829698035493493e-04
6.760700000000325417e+03 2.380202786298468709e-04
6.761600000000325963e+03 2.377958735451102257e-04
6.762500000000325599e+03 2.377315977355465293e-04
6.763400000000325235e+03 2.376881893724203110e-04
6.764300000000325781e+03 2.373923052800819278e-04
6.765200000000326327e+03 2.368655696045607328e-04
6.766100000000325963e+03 2.352519368287175894e-04
6.767000000000325599e+03 2.333854790776968002e-04
6.767900000000326145e+03 2.333792363060638309e-04
6.768800000000326690e+03 2.348022680962458253e-04
6.769700000000326327e+03 2.350768190808594227e-04
6.770600000000325963e+03 2.342702791793271899e-04
6.771500000000326509e+03 2.343314554309472442e-04
6.772400000000327054e+03 2.354588650632649660e-04
6.773300000000326690e+03 2.367945853620767593e-04
6.774200000000326327e+03 2.378875506110489368e-04
6.775100000000326872e+03 2.384063263889402151e-04
6.776000000000327418e+03 2.383087994530797005e-04
6.776900000000327054e+03 2.379568031756207347e-04
6.777800000000326690e+03 2.377856581006199121e-04
6.778700000000327236e+03 2.382227103225886822e-04
6.779600000000327782e+03 2.384633553447201848e-04
6.780500000000327418e+03 2.376296179136261344e-04
6.781400000000327054e+03 2.359415375394746661e-04
6.782300000000327600e+03 2.341134968446567655e-04
6.783200000000328146e+03 2.327512047486379743e-04
6.784100000000327782e+03 2.322436484973877668e-04
6.785000000000327418e+03 2.321911160834133625e-04
6.785900000000327964e+03 2.323409571545198560e-04
6.786800000000328509e+03 2.330397692276164889e-04
6.787700000000328146e+03 2.342874504392966628e-04
6.788600000000327782e+03 2.350646827835589647e-04
6.789500000000328328e+03 2.352487208554521203e-04
6.790400000000328873e+03 2.353363670408725739e-04
6.791300000000328509e+03 2.350931463297456503e-04
6.792200000000328146e+03 2.341898507438600063e-04
6.793100000000328691e+03 2.330534916836768389e-04
6.794000000000329237e+03 2.327576803509145975e-04
6.794900000000328873e+03 2.332917501917108893e-04
6.795800000000328509e+03 2.339412458240985870e-04
6.796700000000329055e+03 2.345072716707363725e-04
6.797600000000329601e+03 2.346832188777625561e-04
6.798500000000329237e+03 2.346328546991571784e-04
6.799400000000328873e+03 2.347064582863822579e-04
6.800300000000329419e+03 2.349555434193462133e-04
6.801200000000329965e+03 2.354173921048641205e-04
6.802100000000329601e+03 2.354519820073619485e-04
6.803000000000329237e+03 2.347592962905764580e-04
6.803900000000329783e+03 2.342781081097200513e-04
6.804800000000330328e+03 2.344235690543428063e-04
6.805700000000329965e+03 2.343790984014049172e-04
6.806600000000329601e+03 2.338782942388206720e-04
6.807500000000330147e+03 2.339385391678661108e-04
6.808400000000330692e+03 2.343891537748277187e-04
6.809300000000330328e+03 2.337042969884350896e-04
6.810200000000329965e+03 2.332485164515674114e-04
6.811100000000330510e+03 2.340327337151393294e-04
6.812000000000331056e+03 2.347276895307004452e-04
6.812900000000330692e+03 2.343941014260053635e-04
6.813800000000330328e+03 2.330769202671945095e-04
6.814700000000330874e+03 2.319492632523179054e-04
6.815600000000331420e+03 2.323826047359034419e-04
6.816500000000331056e+03 2.340045029995962977e-04
6.817400000000330692e+03 2.348746929783374071e-04
6.818300000000331238e+03 2.341771760256960988e-04
6.819200000000331784e+03 2.331097057322040200e-04
6.820100000000331420e+03 2.328800037503242493e-04
6.821000000000331056e+03 2.336385805392637849e-04
6.821900000000331602e+03 2.345629764022305608e-04
6.822800000000332147e+03 2.351350849494338036e-04
6.823700000000331784e+03 2.354225580347701907e-04
6.824600000000331420e+03 2.353929157834500074e-04
6.825500000000331966e+03 2.350353606743738055e-04
6.826400000000332511e+03 2.339135680813342333e-04
6.827300000000332147e+03 2.320669445907697082e-04
6.828200000000331784e+03 2.313050499651581049e-04
6.829100000000332329e+03 2.322604268556460738e-04
6.830000000000332875e+03 2.337676851311698556e-04
6.830900000000332511e+03 2.346417168155312538e-04
6.831800000000332147e+03 2.345122193219140172e-04
6.832700000000332693e+03 2.340478386031463742e-04
6.833600000000333239e+03 2.341275976505130529e-04
6.834500000000332875e+03 2.346247056266292930e-04
6.835400000000332511e+03 2.348102570977061987e-04
6.836300000000333057e+03 2.339770726393908262e-04
6.837200000000333603e+03 2.326945395907387137e-04
6.838100000000333239e+03 2.314453304279595613e-04
6.839000000000332875e+03 2.301762142451480031e-04
6.839900000000333421e+03 2.287834067828953266e-04
6.840800000000333966e+03 2.271947596454992890e-04
6.841700000000333603e+03 2.267156378366053104e-04
6.842600000000333239e+03 2.280005719512701035e-04
6.843500000000333785e+03 2.303213550476357341e-04
6.844400000000334330e+03 2.326137764612212777e-04
6.845300000000333966e+03 2.338753256481140852e-04
6.846200000000333603e+03 2.340356004424393177e-04
6.847100000000334148e+03 2.336839388590306044e-04
6.848000000000334694e+03 2.332824224140495062e-04
6.848900000000334330e+03 2.331023133592680097e-04
6.849800000000333966e+03 2.330306451767683029e-04
6.850700000000334512e+03 2.328485134057700634e-04
6.851600000000335058e+03 2.329585258848965168e-04
6.852500000000334694e+03 2.331099094590172172e-04
6.853400000000334330e+03 2.321426291018724442e-04
6.854300000000334876e+03 2.298101462656632066e-04
6.855200000000335422e+03 2.282595523865893483e-04
6.856100000000335058e+03 2.287527313455939293e-04
6.857000000000334694e+03 2.296994498465210199e-04
6.857900000000335240e+03 2.301858476130291820e-04
6.858800000000335785e+03 2.306474780198186636e-04
6.859700000000335422e+03 2.305492671439424157e-04
6.860600000000335058e+03 2.292955468874424696e-04
6.861500000000335604e+03 2.285484370077028871e-04
6.862400000000336149e+03 2.297335013281553984e-04
6.863300000000335785e+03 2.321091742487624288e-04
6.864200000000335422e+03 2.333996962988749146e-04
6.865100000000335967e+03 2.326173853361979127e-04
6.866000000000336513e+03 2.308890543645247817e-04
6.866900000000336149e+03 2.290925185661762953e-04
6.867800000000335785e+03 2.281419438077136874e-04
6.868700000000336331e+03 2.289909607497975230e-04
6.869600000000336877e+03 2.303138026036322117e-04
6.870500000000336513e+03 2.305041562067344785e-04
6.871400000000336149e+03 2.299937041243538260e-04
6.872300000000336695e+03 2.296060119988396764e-04
6.873200000000337241e+03 2.302296634297817945e-04
6.874100000000336877e+03 2.311332209501415491e-04
6.875000000000336513e+03 2.314480370841920376e-04
6.875900000000337059e+03 2.315325546078383923e-04
6.876800000000337604e+03 2.319158375030383468e-04
6.877700000000337241e+03 2.329648996237665415e-04
6.878600000000336877e+03 2.334250748390331864e-04
6.879500000000337423e+03 2.326202229596674442e-04
6.880400000000337968e+03 2.313114528078585863e-04
6.881300000000337604e+03 2.299003535881638527e-04
6.882200000000337241e+03 2.288588730152696371e-04
6.883100000000337786e+03 2.290729898959398270e-04
6.884000000000338332e+03 2.302317006979137659e-04
6.884900000000337968e+03 2.310549461981281638e-04
6.885800000000337604e+03 2.311193238710984588e-04
6.886700000000338150e+03 2.315290184924378991e-04
6.887600000000338696e+03 2.324692177353426814e-04
6.888500000000338332e+03 2.329745620954781771e-04
6.889400000000337968e+03 2.333616721443831921e-04
6.890300000000338514e+03 2.338527410756796598e-04
6.891200000000339060e+03 2.336464822292327881e-04
6.892100000000338696e+03 2.331649448024109006e-04
6.893000000000338332e+03 2.332133735762909055e-04
6.893900000000338878e+03 2.331613650312647223e-04
6.894800000000339423e+03 2.324864180991426110e-04
6.895700000000339060e+03 2.320147177670150995e-04
6.896600000000338696e+03 2.320024796063080430e-04
6.897500000000339242e+03 2.321288920938968658e-04
6.898400000000339787e+03 2.319402847206220031e-04
6.899300000000339423e+03 2.314563607797026634e-04
6.900200000000339060e+03 2.315878664376214147e-04
6.901100000000339605e+03 2.324266388313844800e-04
6.902000000000340151e+03 2.331386494915932417e-04
6.902900000000339787e+03 2.334759628865867853e-04
6.903800000000339423e+03 2.334062592126429081e-04
6.904700000000339969e+03 2.329949493287131190e-04
6.905600000000340515e+03 2.330443676328286529e-04
6.906500000000340151e+03 2.336101606488227844e-04
6.907400000000339787e+03 2.340293431188911200e-04
6.908300000000340333e+03 2.338876365683972836e-04
6.909200000000340879e+03 2.335957397008314729e-04
6.910100000000340515e+03 2.333762968191877007e-04
6.911000000000340151e+03 2.328948030481114984e-04
6.911900000000340697e+03 2.321260108146816492e-04
6.912800000000341242e+03 2.309693518327549100e-04
6.913700000000340879e+03 2.298299514222890139e-04
6.914600000000340515e+03 2.295510639669373631e-04
6.915500000000341061e+03 2.298391191288828850e-04
6.916400000000341606e+03 2.300963242305442691e-04
6.917300000000341242e+03 2.304984809597954154e-04
6.918200000000340879e+03 2.312681608600541949e-04
6.919100000000341424e+03 2.318856277270242572e-04
6.920000000000341970e+03 2.323292137589305639e-04
6.920900000000341606e+03 2.326909889234229922e-04
6.921800000000341242e+03 2.326314133824780583e-04
6.922700000000341788e+03 2.314334851689636707e-04
6.923600000000342334e+03 2.294655423611402512e-04
6.924500000000341970e+03 2.279806649312376976e-04
6.925400000000341606e+03 2.278641186421737075e-04
6.926300000000342152e+03 2.289957337779924273e-04
6.927200000000342698e+03 2.303551300428807735e-04
6.928100000000342334e+03 2.308692492078989744e-04
6.929000000000341970e+03 2.310540439793840051e-04
6.929900000000342516e+03 2.313368895556777716e-04
6.930800000000343061e+03 2.311416756128892303e-04
6.931700000000342698e+03 2.302300563314929605e-04
6.932600000000342334e+03 2.292730641784146428e-04
6.933500000000342880e+03 2.293970901519060135e-04
6.934400000000343425e+03 2.304579102201387286e-04
6.935300000000343061e+03 2.313586301170289516e-04
6.936200000000342698e+03 2.314794837730005383e-04
6.937100000000343243e+03 2.310985146323218942e-04
6.938000000000343789e+03 2.309963165316730738e-04
6.938900000000343425e+03 2.313067670911550522e-04
6.939800000000343061e+03 2.317367325304076076e-04
6.940700000000343607e+03 2.320547064300626516e-04
6.941600000000344153e+03 2.318180049769580364e-04
6.942500000000343789e+03 2.309115370735526085e-04
6.943400000000343425e+03 2.295206650160253048e-04
6.944300000000343971e+03 2.279951586388051510e-04
6.945200000000344517e+03 2.274690923513844609e-04
6.946100000000344153e+03 2.283032663399353623e-04
6.947000000000343789e+03 2.298454637639224529e-04
6.947900000000344335e+03 2.311120188096538186e-04
6.948800000000344880e+03 2.316841419087722898e-04
6.949700000000344517e+03 2.314040029887109995e-04
6.950600000000344153e+03 2.300163760082796216e-04
6.951500000000344698e+03 2.285800874233245850e-04
6.952400000000345244e+03 2.280580229125916958e-04
6.953300000000344880e+03 2.279773761983960867e-04
6.954200000000344517e+03 2.282384812133386731e-04
6.955100000000345062e+03 2.288573741680011153e-04
6.956000000000345608e+03 2.299068582942709327e-04
6.956900000000345244e+03 2.309055125806480646e-04
6.957800000000344880e+03 2.310816926183179021e-04
6.958700000000345426e+03 2.307883114553987980e-04
6.959600000000345972e+03 2.308017137693241239e-04
6.960500000000345608e+03 2.312125288881361485e-04
6.961400000000345244e+03 2.317899779882282019e-04
6.962300000000345790e+03 2.323722437722608447e-04
6.963200000000346336e+03 2.325460081920027733e-04
6.964100000000345972e+03 2.320815110579133034e-04
6.965000000000345608e+03 2.312805445399135351e-04
6.965900000000346154e+03 2.310368145117536187e-04
6.966800000000346699e+03 2.317961188964545727e-04
6.967700000000346336e+03 2.328909904463216662e-04
6.968600000000345972e+03 2.330067654838785529e-04
6.969500000000346517e+03 2.320812782272696495e-04
6.970400000000347063e+03 2.312926808372139931e-04
6.971300000000346699e+03 2.312557189725339413e-04
6.972200000000346336e+03 2.317827893421053886e-04
6.973100000000346881e+03 2.319125633221119642e-04
6.974000000000347427e+03 2.310271811438724399e-04
6.974900000000347063e+03 2.294661680934950709e-04
6.975800000000346699e+03 2.276271261507645249e-04
6.976700000000347245e+03 2.255278814118355513e-04
6.977600000000347791e+03 2.230302488896995783e-04
6.978500000000347427e+03 2.217547153122723103e-04
6.979400000000347063e+03 2.235062565887346864e-04
6.980300000000347609e+03 2.270585828227922320e-04
6.981200000000348155e+03 2.298660983797162771e-04
6.982100000000347791e+03 2.314353914698585868e-04
6.983000000000347427e+03 2.321463543921709061e-04
6.983900000000347973e+03 2.320467174286022782e-04
6.984800000000348518e+03 2.316733443876728415e-04
6.985700000000348155e+03 2.315179299330338836e-04
6.986600000000347791e+03 2.311580465175211430e-04
6.987500000000348336e+03 2.303911023773252964e-04
6.988400000000348882e+03 2.293918660143390298e-04
6.989300000000348518e+03 2.289281401317566633e-04
6.990200000000348155e+03 2.295204758411273360e-04
6.991100000000348700e+03 2.304381196154281497e-04
6.992000000000349246e+03 2.309329574927687645e-04
6.992900000000348882e+03 2.308525872649624944e-04
6.993800000000348518e+03 2.304664958501234651e-04
6.994700000000349064e+03 2.305253292433917522e-04
6.995600000000349610e+03 2.309337724000215530e-04
6.996500000000349246e+03 2.307824179297313094e-04
6.997400000000348882e+03 2.296525053679943085e-04
6.998300000000349428e+03 2.280889748362824321e-04
6.999200000000349974e+03 2.270855766255408525e-04
7.000100000000349610e+03 2.273653808515518904e-04
7.001000000000349246e+03 2.285430382471531630e-04
7.001900000000349792e+03 2.290379779879003763e-04
7.002800000000350337e+03 2.280220796819776297e-04
7.003700000000349974e+03 2.263441565446555614e-04
7.004600000000349610e+03 2.255602594232186675e-04
7.005500000000350155e+03 2.259254833916202188e-04
7.006400000000350701e+03 2.267366944579407573e-04
7.007300000000350337e+03 2.276866143802180886e-04
7.008200000000349974e+03 2.286254166392609477e-04
7.009100000000350519e+03 2.292283897986635566e-04
7.010000000000351065e+03 2.289863623445853591e-04
7.010900000000350701e+03 2.282487985212355852e-04
7.011800000000350337e+03 2.281696943100541830e-04
7.012700000000350883e+03 2.285476803081110120e-04
7.013600000000351429e+03 2.278231550008058548e-04
7.014500000000351065e+03 2.251926634926348925e-04
7.015400000000350701e+03 2.221451723016798496e-04
7.016300000000351247e+03 2.212886029155924916e-04
7.017200000000351793e+03 2.238631714135408401e-04
7.018100000000351429e+03 2.277101011713966727e-04
7.019000000000351065e+03 2.300855267094448209e-04
7.019900000000351611e+03 2.307852410012856126e-04
7.020800000000352156e+03 2.303522487636655569e-04
7.021700000000351793e+03 2.287576789967715740e-04
7.022600000000351429e+03 2.264567010570317507e-04
7.023500000000351974e+03 2.248396485811099410e-04
7.024400000000352520e+03 2.247632364742457867e-04
7.025300000000352156e+03 2.261486515635624528e-04
7.026200000000351793e+03 2.276595041621476412e-04
7.027100000000352338e+03 2.284144284203648567e-04
7.028000000000352884e+03 2.285559894517064095e-04
7.028900000000352520e+03 2.285174559801816940e-04
7.029800000000352156e+03 2.285476948600262403e-04
7.030700000000352702e+03 2.286839589942246675e-04
7.031600000000353248e+03 2.288260438945144415e-04
7.032500000000352884e+03 2.287123643327504396e-04
7.033400000000352520e+03 2.282406494487076998e-04
7.034300000000353066e+03 2.278960018884390593e-04
7.035200000000353612e+03 2.279977634316310287e-04
7.036100000000353248e+03 2.276624436490237713e-04
7.037000000000352884e+03 2.257936866953969002e-04
7.037900000000353430e+03 2.234954881714656949e-04
7.038800000000353975e+03 2.239111781818792224e-04
7.039700000000353612e+03 2.275361912325024605e-04
7.040600000000353248e+03 2.309943665750324726e-04
7.041500000000353793e+03 2.324963716091588140e-04
7.042400000000354339e+03 2.323561639059334993e-04
7.043300000000353975e+03 2.311981806997209787e-04
7.044200000000353612e+03 2.296660532010719180e-04
7.045100000000354157e+03 2.286509698024019599e-04
7.046000000000354703e+03 2.291890705237165093e-04
7.046900000000354339e+03 2.308283437741920352e-04
7.047800000000353975e+03 2.321005013072863221e-04
7.048700000000354521e+03 2.322188811376690865e-04
7.049600000000355067e+03 2.309900737600401044e-04
7.050500000000354703e+03 2.290699048899114132e-04
7.051400000000354339e+03 2.268986572744324803e-04
7.052300000000354885e+03 2.243381459265947342e-04
7.053200000000355431e+03 2.216482826042920351e-04
7.054100000000355067e+03 2.195302367908880115e-04
7.055000000000354703e+03 2.189855149481445551e-04
7.055900000000355249e+03 2.200321760028600693e-04
7.056800000000355794e+03 2.211232931585982442e-04
7.057700000000355431e+03 2.211610699305310845e-04
7.058600000000355067e+03 2.201390598202124238e-04
7.059500000000355612e+03 2.188413927797228098e-04
7.060400000000356158e+03 2.183512988267466426e-04
7.061300000000355794e+03 2.189725782955065370e-04
7.062200000000355431e+03 2.200279704993590713e-04
7.063100000000355976e+03 2.214172563981264830e-04
7.064000000000356522e+03 2.229730744147673249e-04
7.064900000000356158e+03 2.230240352218970656e-04
7.065800000000355794e+03 2.208629448432475328e-04
7.066700000000356340e+03 2.181536692660301924e-04
7.067600000000356886e+03 2.163997996831312776e-04
7.068500000000356522e+03 2.161973243346437812e-04
7.069400000000356158e+03 2.176885318476706743e-04
7.070300000000356704e+03 2.197073481511324644e-04
7.071200000000357250e+03 2.208687365055084229e-04
7.072100000000356886e+03 2.213033876614645123e-04
7.073000000000356522e+03 2.212165854871273041e-04
7.073900000000357068e+03 2.206888166256248951e-04
7.074800000000357613e+03 2.201298193540424109e-04
7.075700000000357250e+03 2.197382564190775156e-04
7.076600000000356886e+03 2.196242130594328046e-04
7.077500000000357431e+03 2.200003946200013161e-04
7.078400000000357977e+03 2.205044147558510303e-04
7.079300000000357613e+03 2.209370140917599201e-04
7.080200000000357250e+03 2.213041152572259307e-04
7.081100000000357795e+03 2.210648817708715796e-04
7.082000000000358341e+03 2.195589040638878942e-04
7.082900000000357977e+03 2.170560328522697091e-04
7.083800000000357613e+03 2.143163874279707670e-04
7.084700000000358159e+03 2.127070765709504485e-04
7.085600000000358705e+03 2.129615022568032146e-04
7.086500000000358341e+03 2.134018141077831388e-04
7.087400000000357977e+03 2.124949969584122300e-04
7.088300000000358523e+03 2.112403308274224401e-04
7.089200000000359069e+03 2.107912587234750390e-04
7.090100000000358705e+03 2.107280306518077850e-04
7.091000000000358341e+03 2.110190689563751221e-04
7.091900000000358887e+03 2.114939416060224175e-04
7.092800000000359432e+03 2.113956434186547995e-04
7.093700000000359069e+03 2.111850335495546460e-04
7.094600000000358705e+03 2.110431669279932976e-04
7.095500000000359250e+03 2.109344059135764837e-04
7.096400000000359796e+03 2.112057554768398404e-04
7.097300000000359432e+03 2.118336851708590984e-04
7.098200000000359069e+03 2.131654910044744611e-04
7.099100000000359614e+03 2.147529157809913158e-04
7.100000000000360160e+03 2.153162349713966250e-04
7.100900000000359796e+03 2.150654763681814075e-04
7.101800000000359432e+03 2.143662277376279235e-04
7.102700000000359978e+03 2.141253498848527670e-04
7.103600000000360524e+03 2.150249783881008625e-04
7.104500000000360160e+03 2.159127470804378390e-04
7.105400000000359796e+03 2.157942799385637045e-04
7.106300000000360342e+03 2.150695800082758069e-04
7.107200000000360887e+03 2.146253973478451371e-04
7.108100000000360524e+03 2.147563936887308955e-04
7.109000000000360160e+03 2.145520120393484831e-04
7.109900000000360706e+03 2.130017819581553340e-04
7.110800000000361251e+03 2.112352376570925117e-04
7.111700000000360887e+03 2.109218767145648599e-04
7.112600000000360524e+03 2.122637088177725673e-04
7.113500000000361069e+03 2.135879622073844075e-04
7.114400000000361615e+03 2.138317358912900090e-04
7.115300000000361251e+03 2.137793489964678884e-04
7.116200000000360887e+03 2.142806479241698980e-04
7.117100000000361433e+03 2.145635371562093496e-04
7.118000000000361979e+03 2.144498575944453478e-04
7.118900000000361615e+03 2.141731383744627237e-04
7.119800000000361251e+03 2.138170093530789018e-04
7.120700000000361797e+03 2.133660891558974981e-04
7.121600000000362343e+03 2.129172353306785226e-04
7.122500000000361979e+03 2.131739020114764571e-04
7.123400000000361615e+03 2.141473087249323726e-04
7.124300000000362161e+03 2.140955766662955284e-04
7.125200000000362706e+03 2.126750623574480414e-04
7.126100000000362343e+03 2.114659291692078114e-04
7.127000000000361979e+03 2.117382973665371537e-04
7.127900000000362525e+03 2.122944424627348781e-04
7.128800000000363070e+03 2.119070704793557525e-04
7.129700000000362706e+03 2.105301537085324526e-04
7.130600000000362343e+03 2.094177325488999486e-04
7.131500000000362888e+03 2.098831464536488056e-04
7.132400000000363434e+03 2.115151728503406048e-04
7.133300000000363070e+03 2.130136417690664530e-04
7.134200000000362706e+03 2.138530107913538814e-04
7.135100000000363252e+03 2.139111456926912069e-04
7.136000000000363798e+03 2.139161078957840800e-04
7.136900000000363434e+03 2.142522280337288976e-04
7.137800000000363070e+03 2.143067540600895882e-04
7.138700000000363616e+03 2.139429707312956452e-04
7.139600000000364162e+03 2.138803974958136678e-04
7.140500000000363798e+03 2.144450409105047584e-04
7.141400000000363434e+03 2.148827916244044900e-04
7.142300000000363980e+03 2.145024627679958940e-04
7.143200000000364525e+03 2.142155572073534131e-04
7.144100000000364162e+03 2.145563776139169931e-04
7.145000000000363798e+03 2.145197358913719654e-04
7.145900000000364344e+03 2.137459086952731013e-04
7.146800000000364889e+03 2.123491722159087658e-04
7.147700000000364525e+03 2.105601015500724316e-04
7.148600000000364162e+03 2.103646693285554647e-04
7.149500000000364707e+03 2.121908764820545912e-04
7.150400000000365253e+03 2.138114796252921224e-04
7.151300000000364889e+03 2.147643535863608122e-04
7.152200000000364525e+03 2.158727002097293735e-04
7.153100000000365071e+03 2.164053294109180570e-04
7.154000000000365617e+03 2.157146373065188527e-04
7.154900000000365253e+03 2.148658386431634426e-04
7.155800000000364889e+03 2.152253582607954741e-04
7.156700000000365435e+03 2.162840537494048476e-04
7.157600000000365981e+03 2.163315657526254654e-04
7.158500000000365617e+03 2.153144014300778508e-04
7.159400000000365253e+03 2.145607286365702748e-04
7.160300000000365799e+03 2.144698082702234387e-04
7.161200000000366344e+03 2.146996557712554932e-04
7.162100000000365981e+03 2.143273595720529556e-04
7.163000000000365617e+03 2.124486345564946532e-04
7.163900000000366163e+03 2.096702519338577986e-04
7.164800000000366708e+03 2.082684077322483063e-04
7.165700000000366344e+03 2.096007374348118901e-04
7.166600000000365981e+03 2.125843020621687174e-04
7.167500000000366526e+03 2.147494669770821929e-04
7.168400000000367072e+03 2.150779182557016611e-04
7.169300000000366708e+03 2.147226914530619979e-04
7.170200000000366344e+03 2.144033933291211724e-04
7.171100000000366890e+03 2.144147147191688418e-04
7.172000000000367436e+03 2.152678498532623053e-04
7.172900000000367072e+03 2.161353331757709384e-04
7.173800000000366708e+03 2.158604329451918602e-04
7.174700000000367254e+03 2.144817262887954712e-04
7.175600000000367800e+03 2.130947250407189131e-04
7.176500000000367436e+03 2.131723304046317935e-04
7.177400000000367072e+03 2.143961464753374457e-04
7.178300000000367618e+03 2.147781488019973040e-04
7.179200000000368163e+03 2.131317451130598783e-04
7.180100000000367800e+03 2.107994514517486095e-04
7.181000000000367436e+03 2.100609999615699053e-04
7.181900000000367982e+03 2.116964315064251423e-04
7.182800000000368527e+03 2.145650942111387849e-04
7.183700000000368163e+03 2.158575662178918719e-04
7.184600000000367800e+03 2.145739999832585454e-04
7.185500000000368345e+03 2.128652122337371111e-04
7.186400000000368891e+03 2.112936781486496329e-04
7.187300000000368527e+03 2.099669654853641987e-04
7.188200000000368163e+03 2.100421406794339418e-04
7.189100000000368709e+03 2.104596205754205585e-04
7.190000000000369255e+03 2.110082859871909022e-04
7.190900000000368891e+03 2.117674448527395725e-04
7.191800000000368527e+03 2.119614946423098445e-04
7.192700000000369073e+03 2.119538257829844952e-04
7.193600000000369619e+03 2.122608566423878074e-04
7.194500000000369255e+03 2.128535124938935041e-04
7.195400000000368891e+03 2.129006024915724993e-04
7.196300000000369437e+03 2.122683363268151879e-04
7.197200000000369982e+03 2.123720914823934436e-04
7.198100000000369619e+03 2.129578060703352094e-04
7.199000000000369255e+03 2.136720722774043679e-04
7.199900000000369801e+03 2.142306911991909146e-04
7.200800000000370346e+03 2.135713148163631558e-04
7.201700000000369982e+03 2.126263716490939260e-04
7.202600000000369619e+03 2.132521476596593857e-04
7.203500000000370164e+03 2.143225719919428229e-04
7.204400000000370710e+03 2.143053134204819798e-04
7.205300000000370346e+03 2.131269575329497457e-04
7.206200000000369982e+03 2.104551240336149931e-04
7.207100000000370528e+03 2.080345584545284510e-04
7.208000000000371074e+03 2.082221035379916430e-04
7.208900000000370710e+03 2.103714068653061986e-04
7.209800000000370346e+03 2.128936321241781116e-04
7.210700000000370892e+03 2.147216291632503271e-04
7.211600000000371438e+03 2.149116480723023415e-04
7.212500000000371074e+03 2.138186828233301640e-04
7.213400000000370710e+03 2.126879699062556028e-04
7.214300000000371256e+03 2.120177232427522540e-04
7.215200000000371801e+03 2.119918208336457610e-04
7.216100000000371438e+03 2.126925392076373100e-04
7.217000000000371074e+03 2.139972057193517685e-04
7.217900000000371620e+03 2.152333181584253907e-04
7.218800000000372165e+03 2.153131354134529829e-04
7.219700000000371801e+03 2.141906734323129058e-04
7.220600000000371438e+03 2.129104541381821036e-04
7.221500000000371983e+03 2.123699960066005588e-04
7.222400000000372529e+03 2.125189785147085786e-04
7.223300000000372165e+03 2.128827618435025215e-04
7.224200000000371801e+03 2.137035044142976403e-04
7.225100000000372347e+03 2.146557089872658253e-04
7.226000000000372893e+03 2.154883113689720631e-04
7.226900000000372529e+03 2.159821888199076056e-04
7.227800000000372165e+03 2.155814290745183825e-04
7.228700000000372711e+03 2.151733642676845193e-04
7.229600000000373257e+03 2.156255213776603341e-04
7.230500000000372893e+03 2.164647594327107072e-04
7.231400000000372529e+03 2.172399254050105810e-04
7.232300000000373075e+03 2.173015818698331714e-04
7.233200000000373620e+03 2.171525557059794664e-04
7.234100000000373257e+03 2.169822837458923459e-04
7.235000000000372893e+03 2.165501646231859922e-04
7.235900000000373439e+03 2.162727323593571782e-04
7.236800000000373984e+03 2.159425057470798492e-04
7.237700000000373620e+03 2.150533546227961779e-04
7.238600000000373257e+03 2.143199235433712602e-04
7.239500000000373802e+03 2.145272301277145743e-04
7.240400000000374348e+03 2.149287174688652158e-04
7.241300000000373984e+03 2.153577515855431557e-04
7.242200000000373620e+03 2.157746348530054092e-04
7.243100000000374166e+03 2.147743216482922435e-04
7.244000000000374712e+03 2.133076777681708336e-04
7.244900000000374348e+03 2.131796500179916620e-04
7.245800000000373984e+03 2.143606398021802306e-04
7.246700000000374530e+03 2.159881987608969212e-04
7.247600000000375076e+03 2.171038649976253510e-04
7.248500000000374712e+03 2.173804532503709197e-04
7.249400000000374348e+03 2.161282172892242670e-04
7.250300000000374894e+03 2.137816045433282852e-04
7.251200000000375439e+03 2.127785119228065014e-04
7.252100000000375076e+03 2.138319105142727494e-04
7.253000000000374712e+03 2.154771646019071341e-04
7.253900000000375258e+03 2.165704354410991073e-04
7.254800000000375803e+03 2.166906051570549607e-04
7.255700000000375439e+03 2.168310020351782441e-04
7.256600000000375076e+03 2.176137932110577822e-04
7.257500000000375621e+03 2.190901141148060560e-04
7.258400000000376167e+03 2.177754358854144812e-04
7.259300000000375803e+03 2.163399913115426898e-04
7.260200000000375439e+03 2.142192970495671034e-04
7.261100000000375985e+03 2.127231855411082506e-04
7.262000000000376531e+03 2.133594534825533628e-04
7.262900000000376167e+03 2.157173439627513289e-04
7.263800000000375803e+03 2.180739393224939704e-04
7.264700000000376349e+03 2.191162202507257462e-04
7.265600000000376895e+03 2.190565282944589853e-04
7.266500000000376531e+03 2.190644299844279885e-04
7.267400000000376167e+03 2.192316751461476088e-04
7.268300000000376713e+03 2.192695974372327328e-04
7.269200000000377258e+03 2.184891927754506469e-04
7.270100000000376895e+03 2.169516956200823188e-04
7.271000000000376531e+03 2.160561416530981660e-04
7.271900000000377077e+03 2.160293952329084277e-04
7.272800000000377622e+03 2.160087460651993752e-04
7.273700000000377258e+03 2.162101300200447440e-04
7.274600000000376895e+03 2.164449397241696715e-04
7.275500000000377440e+03 2.167748316423967481e-04
7.276400000000377986e+03 2.171709347749128938e-04
7.277300000000377622e+03 2.171182568417862058e-04
7.278200000000377258e+03 2.170900115743279457e-04
7.279100000000377804e+03 2.169640938518568873e-04
7.280000000000378350e+03 2.160841686418280005e-04
7.280900000000377986e+03 2.146194892702624202e-04
7.281800000000377622e+03 2.130709181074053049e-04
7.282700000000378168e+03 2.123293525073677301e-04
7.283600000000378714e+03 2.121918805642053485e-04
7.284500000000378350e+03 2.123246667906641960e-04
7.285400000000377986e+03 2.132515219273045659e-04
7.286300000000378532e+03 2.144823083654046059e-04
7.287200000000379077e+03 2.139374992111697793e-04
7.288100000000378714e+03 2.116143004968762398e-04
7.289000000000378350e+03 2.101279824273660779e-04
7.289900000000378895e+03 2.098682307405397296e-04
7.290800000000379441e+03 2.098539407597854733e-04
7.291700000000379077e+03 2.102203579852357507e-04
7.292600000000378714e+03 2.113218070007860661e-04
7.293500000000379259e+03 2.135352842742577195e-04
7.294400000000379805e+03 2.160729636671021581e-04
7.295300000000379441e+03 2.181013987865298986e-04
7.296200000000379077e+03 2.191777166444808245e-04
7.297100000000379623e+03 2.188522339565679431e-04
7.298000000000380169e+03 2.180242590839043260e-04
7.298900000000379805e+03 2.172778331441804767e-04
7.299800000000379441e+03 2.165407786378636956e-04
7.300700000000379987e+03 2.164870820706710219e-04
7.301600000000380533e+03 2.174592373194172978e-04
7.302500000000380169e+03 2.184636396123096347e-04
7.303400000000379805e+03 2.190744999097660184e-04
7.304300000000380351e+03 2.193758846260607243e-04
7.305200000000380896e+03 2.187229983974248171e-04
7.306100000000380533e+03 2.169731596950441599e-04
7.307000000000380169e+03 2.153538807760924101e-04
7.307900000000380714e+03 2.151968219550326467e-04
7.308800000000381260e+03 2.162218879675492644e-04
7.309700000000380896e+03 2.167616621591150761e-04
7.310600000000380533e+03 2.166164049413055182e-04
7.311500000000381078e+03 2.167600323446094990e-04
7.312400000000381624e+03 2.174295659642666578e-04
7.313300000000381260e+03 2.182708558393642306e-04
7.314200000000380896e+03 2.188914804719388485e-04
7.315100000000381442e+03 2.186384954256936908e-04
7.316000000000381988e+03 2.181108429795131087e-04
7.316900000000381624e+03 2.182476891903206706e-04
7.317800000000381260e+03 2.186578785767778754e-04
7.318700000000381806e+03 2.192902466049417853e-04
7.319600000000382352e+03 2.197484136559069157e-04
7.320500000000381988e+03 2.194412372773513198e-04
7.321400000000381624e+03 2.190881350543349981e-04
7.322300000000382170e+03 2.189158840337768197e-04
7.323200000000382715e+03 2.184041077271103859e-04
7.324100000000382352e+03 2.177340211346745491e-04
7.325000000000381988e+03 2.171515807276591659e-04
7.325900000000382533e+03 2.170708175981417298e-04
7.326800000000383079e+03 2.181655872846022248e-04
7.327700000000382715e+03 2.197805297328159213e-04
7.328600000000382352e+03 2.203315234510228038e-04
7.329500000000382897e+03 2.198673173552379012e-04
7.330400000000383443e+03 2.195058914367109537e-04
7.331300000000383079e+03 2.194704866269603372e-04
7.332200000000382715e+03 2.193965920014306903e-04
7.333100000000383261e+03 2.194519038312137127e-04
7.334000000000383807e+03 2.199134323745965958e-04
7.334900000000383443e+03 2.206549397669732571e-04
7.335800000000383079e+03 2.215950953541323543e-04
7.336700000000383625e+03 2.223626943305134773e-04
7.337600000000384171e+03 2.222862240159884095e-04
7.338500000000383807e+03 2.218567824456840754e-04
7.339400000000383443e+03 2.219099842477589846e-04
7.340300000000383989e+03 2.220874448539689183e-04
7.341200000000384534e+03 2.216729335486888885e-04
7.342100000000384171e+03 2.205695054726675153e-04
7.343000000000383807e+03 2.186189667554572225e-04
7.343900000000384352e+03 2.167598577216267586e-04
7.344800000000384898e+03 2.163401513826102018e-04
7.345700000000384534e+03 2.174203982576727867e-04
7.346600000000384171e+03 2.188928920077160001e-04
7.347500000000384716e+03 2.198985748691484332e-04
7.348400000000385262e+03 2.198449656134471297e-04
7.349300000000384898e+03 2.185688499594107270e-04
7.350200000000384534e+03 2.170577499782666564e-04
7.351100000000385080e+03 2.164599573006853461e-04
7.352000000000385626e+03 2.167552884202450514e-04
7.352900000000385262e+03 2.168703358620405197e-04
7.353800000000384898e+03 2.161049487767741084e-04
7.354700000000385444e+03 2.147754566976800561e-04
7.355600000000385990e+03 2.137971459887921810e-04
7.356500000000385626e+03 2.141637814929708838e-04
7.357400000000385262e+03 2.162421151297166944e-04
7.358300000000385808e+03 2.186126075685024261e-04
7.359200000000386353e+03 2.196884306613355875e-04
7.360100000000385990e+03 2.189682854805141687e-04
7.361000000000385626e+03 2.173821994801983237e-04
7.361900000000386171e+03 2.159476425731554627e-04
7.362800000000386717e+03 2.151525986846536398e-04
7.363700000000386353e+03 2.154515532311052084e-04
7.364600000000385990e+03 2.164896432077512145e-04
7.365500000000386535e+03 2.174339169869199395e-04
7.366400000000387081e+03 2.182996395276859403e-04
7.367300000000386717e+03 2.188583021052181721e-04
7.368200000000386353e+03 2.187098434660583735e-04
7.369100000000386899e+03 2.184530312661081553e-04
7.370000000000387445e+03 2.187714708270505071e-04
7.370900000000387081e+03 2.191728999605402350e-04
7.371800000000386717e+03 2.188612270401790738e-04
7.372700000000387263e+03 2.177519781980663538e-04
7.373600000000387809e+03 2.165734476875513792e-04
7.374500000000387445e+03 2.158530551241710782e-04
7.375400000000387081e+03 2.156781265512108803e-04
7.376300000000387627e+03 2.161258016712963581e-04
7.377200000000388172e+03 2.167184284189715981e-04
7.378100000000387809e+03 2.174081892007961869e-04
7.379000000000387445e+03 2.176246343879029155e-04
7.379900000000387990e+03 2.165594050893560052e-04
7.380800000000388536e+03 2.144620957551524043e-04
7.381700000000388172e+03 2.127026673406362534e-04
7.382600000000387809e+03 2.114760864060372114e-04
7.383500000000388354e+03 2.107002510456368327e-04
7.384400000000388900e+03 2.094080846291035414e-04
7.385300000000388536e+03 2.080940757878124714e-04
7.386200000000388172e+03 2.076020464301109314e-04
7.387100000000388718e+03 2.076818782370537519e-04
7.388000000000389264e+03 2.074326039291918278e-04
7.388900000000388900e+03 2.071458438877016306e-04
7.389800000000388536e+03 2.077815734082832932e-04
7.390700000000389082e+03 2.090036723529919982e-04
7.391600000000389628e+03 2.094712399411946535e-04
7.392500000000389264e+03 2.090330235660076141e-04
7.393400000000388900e+03 2.085849991999566555e-04
7.394300000000389446e+03 2.090038469759747386e-04
7.395200000000389991e+03 2.103158331010490656e-04
7.396100000000389628e+03 2.112287911586463451e-04
7.397000000000389264e+03 2.112753281835466623e-04
7.397900000000389809e+03 2.111799694830551744e-04
7.398800000000390355e+03 2.106247266056016088e-04
7.399700000000389991e+03 2.102133003063499928e-04
7.400600000000389628e+03 2.107311593135818839e-04
7.401500000000390173e+03 2.123038138961419463e-04
7.402400000000390719e+03 2.141694712918251753e-04
7.403300000000390355e+03 2.152788074454292655e-04
7.404200000000389991e+03 2.148400380974635482e-04
7.405100000000390537e+03 2.134829846909269691e-04
7.406000000000391083e+03 2.125436294591054320e-04
7.406900000000390719e+03 2.122332371072843671e-04
7.407800000000390355e+03 2.119520358974114060e-04
7.408700000000390901e+03 2.109783090418204665e-04
7.409600000000391447e+03 1.999723317567259073e-04
