3.540500000000000000e+03 2.308036782778799534e-04
3.541400000000000091e+03 2.291011478519067168e-04
3.542300000000000182e+03 2.297764876857399940e-04
3.543200000000000273e+03 2.315000310773029923e-04
3.544100000000000364e+03 2.320436178706586361e-04
3.545000000000000455e+03 2.327341499039903283e-04
3.545900000000000546e+03 2.344686217838898301e-04
3.546800000000000637e+03 2.348146663280203938e-04
3.547700000000000728e+03 2.345602260902523994e-04
3.548600000000000819e+03 2.354772295802831650e-04
3.549500000000000909e+03 2.363526291446760297e-04
3.550400000000001000e+03 2.366100961808115244e-04
3.551300000000001091e+03 2.354791649850085378e-04
3.552200000000001182e+03 2.339349302928894758e-04
3.553100000000001273e+03 2.322297077625989914e-04
3.554000000000001364e+03 2.314394805580377579e-04
3.554900000000001455e+03 2.318338665645569563e-04
3.555800000000001546e+03 2.325317764189094305e-04
3.556700000000001637e+03 2.322796208318322897e-04
3.557600000000001728e+03 2.311982534592971206e-04
3.558500000000001819e+03 2.304472873220220208e-04
3.559400000000001910e+03 2.311198622919619083e-04
3.560300000000002001e+03 2.316531172255054116e-04
3.561200000000002092e+03 2.328248956473544240e-04
3.562100000000002183e+03 2.360103826504200697e-04
3.563000000000002274e+03 2.370982110733166337e-04
3.563900000000002365e+03 2.316998725291341543e-04
3.564800000000002456e+03 2.223692863481119275e-04
3.565700000000002547e+03 2.169664076063781977e-04
3.566600000000002638e+03 2.190221130149438977e-04
3.567500000000002728e+03 2.226878423243761063e-04
3.568400000000002819e+03 2.214193227700889111e-04
3.569300000000002910e+03 2.165778423659503460e-04
3.570200000000003001e+03 2.136282855644822121e-04
3.571100000000003092e+03 2.134233654942363501e-04
3.572000000000003183e+03 2.158771530957892537e-04
3.572900000000003274e+03 2.185995253967121243e-04
3.573800000000003365e+03 2.211739774793386459e-04
3.574700000000003456e+03 2.220558963017538190e-04
3.575600000000003547e+03 2.212777762906625867e-04
3.576500000000003638e+03 2.213914995081722736e-04
3.577400000000003729e+03 2.223608753411099315e-04
3.578300000000003820e+03 2.225208736490458250e-04
3.579200000000003911e+03 2.208215300925076008e-04
3.580100000000004002e+03 2.156488917535170913e-04
3.581000000000004093e+03 2.097912802128121257e-04
3.581900000000004184e+03 2.111040521413087845e-04
3.582800000000004275e+03 2.159897412639111280e-04
3.583700000000004366e+03 2.130135399056598544e-04
3.584600000000004457e+03 2.043415734078735113e-04
3.585500000000004547e+03 1.999908708967268467e-04
3.586400000000004638e+03 2.031322655966505408e-04
3.587300000000004729e+03 2.091489732265472412e-04
3.588200000000004820e+03 2.133205707650631666e-04
3.589100000000004911e+03 2.160834264941513538e-04
3.590000000000005002e+03 2.213283732999116182e-04
3.590900000000005093e+03 2.281899651279672980e-04
3.591800000000005184e+03 2.308348193764686584e-04
3.592700000000005275e+03 2.289461262989789248e-04
3.593600000000005366e+03 2.279821055708453059e-04
3.594500000000005457e+03 2.296987804584205151e-04
3.595400000000005548e+03 2.322696673218160868e-04
3.596300000000005639e+03 2.350758004467934370e-04
3.597200000000005730e+03 2.379756042500957847e-04
3.598100000000005821e+03 2.393220056546851993e-04
3.599000000000005912e+03 2.394634066149592400e-04
3.599900000000006003e+03 2.393655449850484729e-04
3.600800000000006094e+03 2.357432385906577110e-04
3.601700000000006185e+03 2.281358902109786868e-04
3.602600000000006276e+03 2.211043029092252254e-04
3.603500000000006366e+03 2.180954179493710399e-04
3.604400000000006457e+03 2.176002162741497159e-04
3.605300000000006548e+03 2.184514596592634916e-04
3.606200000000006639e+03 2.213762345490977168e-04
3.607100000000006730e+03 2.219192101620137691e-04
3.608000000000006821e+03 2.171591331716626883e-04
3.608900000000006912e+03 2.115659299306571484e-04
3.609800000000007003e+03 2.114812668878585100e-04
3.610700000000007094e+03 2.163342433050274849e-04
3.611600000000007185e+03 2.192308165831491351e-04
3.612500000000007276e+03 2.171108062611892819e-04
3.613400000000007367e+03 2.158705901820212603e-04
3.614300000000007458e+03 2.218151494162157178e-04
3.615200000000007549e+03 2.299391926499083638e-04
3.616100000000007640e+03 2.318760671187192202e-04
3.617000000000007731e+03 2.245938230771571398e-04
3.617900000000007822e+03 2.125506289303302765e-04
3.618800000000007913e+03 2.060096448985859752e-04
3.619700000000008004e+03 2.095857489621266723e-04
3.620600000000008095e+03 2.173764805775135756e-04
3.621500000000008185e+03 2.245070936623960733e-04
3.622400000000008276e+03 2.294728474225848913e-04
3.623300000000008367e+03 2.287160168634727597e-04
3.624200000000008458e+03 2.264647919218987226e-04
3.625100000000008549e+03 2.310589043190702796e-04
3.626000000000008640e+03 2.388330613030120730e-04
3.626900000000008731e+03 2.416986681055277586e-04
3.627800000000008822e+03 2.396100899204611778e-04
3.628700000000008913e+03 2.350219438085332513e-04
3.629600000000009004e+03 2.251863188575953245e-04
3.630500000000009095e+03 2.105863532051444054e-04
3.631400000000009186e+03 2.036280784523114562e-04
3.632300000000009277e+03 2.093594230245798826e-04
3.633200000000009368e+03 2.174633118556812406e-04
3.634100000000009459e+03 2.203440235462039709e-04
3.635000000000009550e+03 2.216198481619358063e-04
3.635900000000009641e+03 2.239375171484425664e-04
3.636800000000009732e+03 2.261081681353971362e-04
3.637700000000009823e+03 2.292438439326360822e-04
3.638600000000009913e+03 2.331738796783611178e-04
3.639500000000010004e+03 2.355505421292036772e-04
3.640400000000010095e+03 2.341579674975946546e-04
3.641300000000010186e+03 2.294868754688650370e-04
3.642200000000010277e+03 2.247174270451068878e-04
3.643100000000010368e+03 2.222988550784066319e-04
3.644000000000010459e+03 2.207992511102929711e-04
3.644900000000010550e+03 2.195262204622849822e-04
3.645800000000010641e+03 2.195756969740614295e-04
3.646700000000010732e+03 2.185601479141041636e-04
3.647600000000010823e+03 2.161539159715175629e-04
3.648500000000010914e+03 2.165556215913966298e-04
3.649400000000011005e+03 2.187267818953841925e-04
3.650300000000011096e+03 2.210348902735859156e-04
3.651200000000011187e+03 2.251686382805928588e-04
3.652100000000011278e+03 2.309088740730658174e-04
3.653000000000011369e+03 2.342742664040997624e-04
3.653900000000011460e+03 2.348674897802993655e-04
3.654800000000011551e+03 2.344886306673288345e-04
3.655700000000011642e+03 2.354707976337522268e-04
3.656600000000011732e+03 2.378036588197574019e-04
3.657500000000011823e+03 2.395194751443341374e-04
3.658400000000011914e+03 2.391027228441089392e-04
3.659300000000012005e+03 2.372544549871236086e-04
3.660200000000012096e+03 2.354029275011271238e-04
3.661100000000012187e+03 2.340584323974326253e-04
3.662000000000012278e+03 2.324774395674467087e-04
3.662900000000012369e+03 2.308814873686060309e-04
3.663800000000012460e+03 2.299741172464564443e-04
3.664700000000012551e+03 2.315390593139454722e-04
3.665600000000012642e+03 2.336471370654180646e-04
3.666500000000012733e+03 2.339086058782413602e-04
3.667400000000012824e+03 2.325890382053330541e-04
3.668300000000012915e+03 2.293231809744611382e-04
3.669200000000013006e+03 2.258008025819435716e-04
3.670100000000013097e+03 2.264911454403772950e-04
3.671000000000013188e+03 2.316866593901067972e-04
3.671900000000013279e+03 2.363279782002791762e-04
3.672800000000013370e+03 2.365409018239006400e-04
3.673700000000013461e+03 2.355795149924233556e-04
3.674600000000013551e+03 2.370183065067976713e-04
3.675500000000013642e+03 2.365999534958973527e-04
3.676400000000013733e+03 2.304692316101863980e-04
3.677300000000013824e+03 2.234943385701626539e-04
3.678200000000013915e+03 2.218162262579426169e-04
3.679100000000014006e+03 2.228785888291895390e-04
3.680000000000014097e+03 2.248024829896166921e-04
3.680900000000014188e+03 2.277065650559961796e-04
3.681800000000014279e+03 2.292229328304529190e-04
3.682700000000014370e+03 2.298269391758367419e-04
3.683600000000014461e+03 2.292721619596704841e-04
3.684500000000014552e+03 2.249174431199207902e-04
3.685400000000014643e+03 2.188744401792064309e-04
3.686300000000014734e+03 2.154717803932726383e-04
3.687200000000014825e+03 2.172771783079952002e-04
3.688100000000014916e+03 2.250078832730650902e-04
3.689000000000015007e+03 2.329653652850538492e-04
3.689900000000015098e+03 2.356561744818463922e-04
3.690800000000015189e+03 2.356928162043914199e-04
3.691700000000015280e+03 2.373911120230332017e-04
3.692600000000015370e+03 2.390025911154225469e-04
3.693500000000015461e+03 2.392944006714969873e-04
3.694400000000015552e+03 2.390776353422552347e-04
3.695300000000015643e+03 2.350508002564311028e-04
3.696200000000015734e+03 2.262711786897853017e-04
3.697100000000015825e+03 2.231819089502096176e-04
3.698000000000015916e+03 2.337651676498353481e-04
3.698900000000016007e+03 2.502888091839849949e-04
3.699800000000016098e+03 2.599751751404255629e-04
3.700700000000016189e+03 2.573927340563386679e-04
3.701600000000016280e+03 2.455325447954237461e-04
3.702500000000016371e+03 2.291324490215629339e-04
3.703400000000016462e+03 2.135198301402851939e-04
3.704300000000016553e+03 2.063722640741616488e-04
3.705200000000016644e+03 2.108828921336680651e-04
3.706100000000016735e+03 2.242386253783479333e-04
3.707000000000016826e+03 2.385384286753833294e-04
3.707900000000016917e+03 2.437417424516752362e-04
3.708800000000017008e+03 2.374203031649813056e-04
3.709700000000017099e+03 2.255186846014112234e-04
3.710600000000017189e+03 2.130680368281900883e-04
3.711500000000017280e+03 2.059989783447235823e-04
3.712400000000017371e+03 2.138861746061593294e-04
3.713300000000017462e+03 2.366342669120058417e-04
3.714200000000017553e+03 2.578934072516858578e-04
3.715100000000017644e+03 2.697268500924110413e-04
3.716000000000017735e+03 2.782541560009121895e-04
3.716900000000017826e+03 2.824522671289741993e-04
3.717800000000017917e+03 2.735278394538909197e-04
3.718700000000018008e+03 2.493958163540810347e-04
3.719600000000018099e+03 2.181838499382138252e-04
3.720500000000018190e+03 1.911905274027958512e-04
3.721400000000018281e+03 1.778830628609284759e-04
3.722300000000018372e+03 1.853755820775404572e-04
3.723200000000018463e+03 2.116898540407419205e-04
3.724100000000018554e+03 2.432004257570952177e-04
3.725000000000018645e+03 2.689757966436445713e-04
3.725900000000018736e+03 2.812183229252696037e-04
3.726800000000018827e+03 2.805530384648591280e-04
3.727700000000018917e+03 2.803445095196366310e-04
3.728600000000019008e+03 2.860086970031261444e-04
3.729500000000019099e+03 2.852351171895861626e-04
3.730400000000019190e+03 2.704382350202649832e-04
3.731300000000019281e+03 2.463154087308794260e-04
3.732200000000019372e+03 2.168428181903436780e-04
3.733100000000019463e+03 1.864366495283320546e-04
3.734000000000019554e+03 1.672989310463890433e-04
3.734900000000019645e+03 1.694310340099036694e-04
3.735800000000019736e+03 1.873159199021756649e-04
3.736700000000019827e+03 2.116851974278688431e-04
3.737600000000019918e+03 2.425110287731513381e-04
3.738500000000020009e+03 2.756320754997432232e-04
3.739400000000020100e+03 3.011292719747871161e-04
3.740300000000020191e+03 3.154643345624208450e-04
3.741200000000020282e+03 3.189910494256764650e-04
3.742100000000020373e+03 3.141252673231065273e-04
3.743000000000020464e+03 3.054977569263428450e-04
3.743900000000020555e+03 2.953455550596117973e-04
3.744800000000020646e+03 2.796680782921612263e-04
3.745700000000020736e+03 2.593729004729539156e-04
3.746600000000020827e+03 2.398206415819004178e-04
3.747500000000020918e+03 2.152021625079214573e-04
3.748400000000021009e+03 1.841445628087967634e-04
3.749300000000021100e+03 1.624771248316392303e-04
3.750200000000021191e+03 1.659627450862899423e-04
3.751100000000021282e+03 1.923806266859173775e-04
3.752000000000021373e+03 2.262626367155462503e-04
3.752900000000021464e+03 2.565352478995919228e-04
3.753800000000021555e+03 2.838620275724679232e-04
3.754700000000021646e+03 3.096339351031929255e-04
3.755600000000021737e+03 3.272503672633320093e-04
3.756500000000021828e+03 3.285408020019531250e-04
3.757400000000021919e+03 3.178291663061827421e-04
3.758300000000022010e+03 3.122527559753507376e-04
3.759200000000022101e+03 3.189962881151586771e-04
3.760100000000022192e+03 3.288005245849490166e-04
3.761000000000022283e+03 3.335756482556462288e-04
3.761900000000022374e+03 3.337862144690006971e-04
3.762800000000022465e+03 3.288366133347153664e-04
3.763700000000022555e+03 3.190975112374871969e-04
3.764600000000022646e+03 3.090912941843271255e-04
3.765500000000022737e+03 2.943789877463132143e-04
3.766400000000022828e+03 2.709688269533216953e-04
3.767300000000022919e+03 2.461828698869794607e-04
3.768200000000023010e+03 2.249291428597643971e-04
3.769100000000023101e+03 2.019126695813611150e-04
3.770000000000023192e+03 1.821248151827603579e-04
3.770900000000023283e+03 1.827610685722902417e-04
3.771800000000023374e+03 2.072133356705307961e-04
3.772700000000023465e+03 2.390951995039358735e-04
3.773600000000023556e+03 2.646543725859373808e-04
3.774500000000023647e+03 2.849567099474370480e-04
3.775400000000023738e+03 3.057871945202350616e-04
3.776300000000023829e+03 3.271041787229478359e-04
3.777200000000023920e+03 3.466051421128213406e-04
3.778100000000024011e+03 3.635075117927044630e-04
3.779000000000024102e+03 3.809343616012483835e-04
3.779900000000024193e+03 3.981213085353374481e-04
3.780800000000024284e+03 4.087665583938360214e-04
3.781700000000024374e+03 4.127027641516178846e-04
3.782600000000024465e+03 4.156916984356939793e-04
3.783500000000024556e+03 4.209891194477677345e-04
3.784400000000024647e+03 4.229178593959659338e-04
3.785300000000024738e+03 4.120466182939708233e-04
3.786200000000024829e+03 3.942876937799155712e-04
3.787100000000024920e+03 3.809925983659923077e-04
3.788000000000025011e+03 3.713807091116905212e-04
3.788900000000025102e+03 3.615971363615244627e-04
3.789800000000025193e+03 3.510680107865482569e-04
3.790700000000025284e+03 3.402809670660644770e-04
3.791600000000025375e+03 3.264925035182386637e-04
3.792500000000025466e+03 3.056017740163952112e-04
3.793400000000025557e+03 2.790356229525059462e-04
3.794300000000025648e+03 2.511732745915651321e-04
3.795200000000025739e+03 2.246964431833475828e-04
3.796100000000025830e+03 1.985739363590255380e-04
3.797000000000025921e+03 1.749496004777029157e-04
3.797900000000026012e+03 1.658452529227361083e-04
3.798800000000026102e+03 1.803632767405360937e-04
3.799700000000026193e+03 2.119606506312265992e-04
3.800600000000026284e+03 2.461373514961451292e-04
3.801500000000026375e+03 2.758085611276328564e-04
3.802400000000026466e+03 3.034570545423775911e-04
3.803300000000026557e+03 3.288532316219061613e-04
3.804200000000026648e+03 3.478034341242164373e-04
3.805100000000026739e+03 3.601165080908685923e-04
3.806000000000026830e+03 3.684977709781378508e-04
3.806900000000026921e+03 3.794328076764941216e-04
3.807800000000027012e+03 3.975157160311937332e-04
3.808700000000027103e+03 4.175475623924285173e-04
3.809600000000027194e+03 4.336276906542479992e-04
3.810500000000027285e+03 4.445474187377840281e-04
3.811400000000027376e+03 4.482150252442806959e-04
3.812300000000027467e+03 4.411522240843623877e-04
3.813200000000027558e+03 4.287759948056191206e-04
3.814100000000027649e+03 4.221073177177459002e-04
3.815000000000027740e+03 4.227874451316893101e-04
3.815900000000027831e+03 4.305474867578595877e-04
3.816800000000027921e+03 4.446364764589816332e-04
3.817700000000028012e+03 4.544395778793841600e-04
3.818600000000028103e+03 4.488637787289917469e-04
3.819500000000028194e+03 4.310951917432248592e-04
3.820400000000028285e+03 4.184222489129751921e-04
3.821300000000028376e+03 4.212372587062418461e-04
3.822200000000028467e+03 4.270664358045905828e-04
3.823100000000028558e+03 4.169285821262747049e-04
3.824000000000028649e+03 3.919461451005190611e-04
3.824900000000028740e+03 3.693562466651201248e-04
3.825800000000028831e+03 3.554339928086847067e-04
3.826700000000028922e+03 3.447021299507468939e-04
3.827600000000029013e+03 3.318147792015224695e-04
3.828500000000029104e+03 3.168634721077978611e-04
3.829400000000029195e+03 3.022067248821258545e-04
3.830300000000029286e+03 2.851088647730648518e-04
3.831200000000029377e+03 2.597859711386263371e-04
3.832100000000029468e+03 2.285059163114055991e-04
3.833000000000029559e+03 1.992684701690450311e-04
3.833900000000029650e+03 1.751539966790005565e-04
3.834800000000029740e+03 1.614777720533311367e-04
3.835700000000029831e+03 1.657349930610507727e-04
3.836600000000029922e+03 1.842595083871856332e-04
3.837500000000030013e+03 2.058656100416556001e-04
3.838400000000030104e+03 2.277253224747255445e-04
3.839300000000030195e+03 2.507172757759690285e-04
3.840200000000030286e+03 2.735474554356187582e-04
3.841100000000030377e+03 3.001138975378125906e-04
3.842000000000030468e+03 3.297610674053430557e-04
3.842900000000030559e+03 3.546601510606706142e-04
3.843800000000030650e+03 3.719051019288599491e-04
3.844700000000030741e+03 3.843982995022088289e-04
3.845600000000030832e+03 3.959956229664385319e-04
3.846500000000030923e+03 4.101129889022558928e-04
3.847400000000031014e+03 4.247547476552426815e-04
3.848300000000031105e+03 4.313722020015120506e-04
3.849200000000031196e+03 4.310388467274606228e-04
3.850100000000031287e+03 4.362206382211297750e-04
3.851000000000031378e+03 4.517392080742865801e-04
3.851900000000031469e+03 4.671239876188337803e-04
3.852800000000031559e+03 4.719903517980128527e-04
3.853700000000031650e+03 4.705933970399200916e-04
3.854600000000031741e+03 4.669991321861743927e-04
3.855500000000031832e+03 4.625421424861997366e-04
3.856400000000031923e+03 4.669401096180081367e-04
3.857300000000032014e+03 4.772420215886086226e-04
3.858200000000032105e+03 4.776248824782669544e-04
3.859100000000032196e+03 4.713005037046968937e-04
3.860000000000032287e+03 4.730152431875467300e-04
3.860900000000032378e+03 4.826367076020687819e-04
3.861800000000032469e+03 4.897331818938255310e-04
3.862700000000032560e+03 4.926513647660613060e-04
3.863600000000032651e+03 4.940948565490543842e-04
3.864500000000032742e+03 4.919125931337475777e-04
3.865400000000032833e+03 4.874100268352776766e-04
3.866300000000032924e+03 4.870651755481958389e-04
3.867200000000033015e+03 4.905243986286222935e-04
3.868100000000033106e+03 4.921843064948916435e-04
3.869000000000033197e+03 4.887052346020936966e-04
3.869900000000033288e+03 4.798666632268577814e-04
3.870800000000033378e+03 4.664316074922680855e-04
3.871700000000033469e+03 4.511109145823866129e-04
3.872600000000033560e+03 4.423504578880965710e-04
3.873500000000033651e+03 4.448132822290062904e-04
3.874400000000033742e+03 4.506343975663185120e-04
3.875300000000033833e+03 4.498723428696393967e-04
3.876200000000033924e+03 4.375445714686065912e-04
3.877100000000034015e+03 4.126856510993093252e-04
3.878000000000034106e+03 3.865331818815320730e-04
3.878900000000034197e+03 3.747651644516736269e-04
3.879800000000034288e+03 3.722502151504158974e-04
3.880700000000034379e+03 3.611247229855507612e-04
3.881600000000034470e+03 3.402805596124380827e-04
3.882500000000034561e+03 3.222801606170833111e-04
3.883400000000034652e+03 3.115114814136177301e-04
3.884300000000034743e+03 2.963681763503700495e-04
3.885200000000034834e+03 2.689451503101736307e-04
3.886100000000034925e+03 2.372800663579255342e-04
3.887000000000035016e+03 2.097815449815243483e-04
3.887900000000035106e+03 1.861661148723214865e-04
3.888800000000035197e+03 1.728486968204379082e-04
3.889700000000035288e+03 1.827875385060906410e-04
3.890600000000035379e+03 2.128449268639087677e-04
3.891500000000035470e+03 2.468518505338579416e-04
3.892400000000035561e+03 2.752907748799771070e-04
3.893300000000035652e+03 2.971949579659849405e-04
3.894200000000035743e+03 3.140340559184551239e-04
3.895100000000035834e+03 3.298939845990389585e-04
3.896000000000035925e+03 3.500527236610651016e-04
3.896900000000036016e+03 3.712078323587775230e-04
3.897800000000036107e+03 3.851353540085256100e-04
3.898700000000036198e+03 3.929766826331615448e-04
3.899600000000036289e+03 4.017414757981896400e-04
3.900500000000036380e+03 4.175471840426325798e-04
3.901400000000036471e+03 4.350496747065335512e-04
3.902300000000036562e+03 4.441055934876203537e-04
3.903200000000036653e+03 4.500331415329128504e-04
3.904100000000036744e+03 4.571398894768208265e-04
3.905000000000036835e+03 4.581636458169668913e-04
3.905900000000036925e+03 4.595804202836006880e-04
3.906800000000037016e+03 4.731818626169115305e-04
3.907700000000037107e+03 4.926871042698621750e-04
3.908600000000037198e+03 5.070020561106503010e-04
3.909500000000037289e+03 5.147744086571037769e-04
3.910400000000037380e+03 5.192421376705169678e-04
3.911300000000037471e+03 5.216430290602147579e-04
3.912200000000037562e+03 5.174662801437079906e-04
3.913100000000037653e+03 5.079185939393937588e-04
3.914000000000037744e+03 5.056127556599676609e-04
3.914900000000037835e+03 5.128232878632843494e-04
3.915800000000037926e+03 5.175176193006336689e-04
3.916700000000038017e+03 5.170362419448792934e-04
3.917600000000038108e+03 5.156678962521255016e-04
3.918500000000038199e+03 5.132645019330084324e-04
3.919400000000038290e+03 5.101650604046881199e-04
3.920300000000038381e+03 5.084240110591053963e-04
3.921200000000038472e+03 5.103162257000803947e-04
3.922100000000038563e+03 5.133905215188860893e-04
3.923000000000038654e+03 5.163513123989105225e-04
3.923900000000038744e+03 5.204510525800287724e-04
3.924800000000038835e+03 5.197662976570427418e-04
3.925700000000038926e+03 5.123270675539970398e-04
3.926600000000039017e+03 5.019393865950405598e-04
3.927500000000039108e+03 4.901206120848655701e-04
3.928400000000039199e+03 4.770031664520502090e-04
3.929300000000039290e+03 4.620256077032536268e-04
3.930200000000039381e+03 4.440778866410255432e-04
3.931100000000039472e+03 4.174490459263324738e-04
3.932000000000039563e+03 3.721674147527664900e-04
3.932900000000039654e+03 3.224306565243750811e-04
3.933800000000039745e+03 3.109242243226617575e-04
3.934700000000039836e+03 3.508978988975286484e-04
3.935600000000039927e+03 4.052206932101398706e-04
3.936500000000040018e+03 4.417797026690095663e-04
3.937400000000040109e+03 4.599737294483929873e-04
3.938300000000040200e+03 4.719653807114809752e-04
3.939200000000040291e+03 4.860964545514434576e-04
3.940100000000040382e+03 4.978972137905657291e-04
3.941000000000040473e+03 5.011184839531779289e-04
3.941900000000040563e+03 4.981555393896996975e-04
3.942800000000040654e+03 4.910440766252577305e-04
3.943700000000040745e+03 4.843661445192992687e-04
3.944600000000040836e+03 4.879683547187596560e-04
3.945500000000040927e+03 5.005997954867780209e-04
3.946400000000041018e+03 5.067258025519549847e-04
3.947300000000041109e+03 4.998455406166613102e-04
3.948200000000041200e+03 4.902758519165217876e-04
3.949100000000041291e+03 4.880588385276496410e-04
3.950000000000041382e+03 4.899746272712945938e-04
3.950900000000041473e+03 4.871868004556745291e-04
3.951800000000041564e+03 4.778974980581551790e-04
3.952700000000041655e+03 4.708959604613482952e-04
3.953600000000041746e+03 4.724907339550554752e-04
3.954500000000041837e+03 4.719548451248556376e-04
3.955400000000041928e+03 4.580903332680463791e-04
3.956300000000042019e+03 4.388339875731617212e-04
3.957200000000042110e+03 4.275454848539084196e-04
3.958100000000042201e+03 4.245740128681063652e-04
3.959000000000042292e+03 4.202532290946692228e-04
3.959900000000042382e+03 4.048260743729770184e-04
3.960800000000042473e+03 3.782042767852544785e-04
3.961700000000042564e+03 3.519501769915223122e-04
3.962600000000042655e+03 3.325138532090932131e-04
3.963500000000042746e+03 3.147265815641731024e-04
3.964400000000042837e+03 2.930157643277198076e-04
3.965300000000042928e+03 2.653289411682635546e-04
3.966200000000043019e+03 2.316615427844226360e-04
3.967100000000043110e+03 1.939170324476435781e-04
3.968000000000043201e+03 1.580846292199566960e-04
3.968900000000043292e+03 1.354899868601933122e-04
3.969800000000043383e+03 1.343515905318781734e-04
3.970700000000043474e+03 1.535134360892698169e-04
3.971600000000043565e+03 1.843375212047249079e-04
3.972500000000043656e+03 2.166223712265491486e-04
3.973400000000043747e+03 2.458086237311363220e-04
3.974300000000043838e+03 2.736279857344925404e-04
3.975200000000043929e+03 3.009036590810865164e-04
3.976100000000044020e+03 3.246951382607221603e-04
3.977000000000044110e+03 3.452997480053454638e-04
3.977900000000044201e+03 3.663256647996604443e-04
3.978800000000044292e+03 3.872522793244570494e-04
3.979700000000044383e+03 4.057421174366027117e-04
3.980600000000044474e+03 4.178735835012048483e-04
3.981500000000044565e+03 4.229308979120105505e-04
3.982400000000044656e+03 4.284633323550224304e-04
3.983300000000044747e+03 4.387486260384321213e-04
3.984200000000044838e+03 4.519071371760219336e-04
3.985100000000044929e+03 4.644556902348995209e-04
3.986000000000045020e+03 4.732144880108535290e-04
3.986900000000045111e+03 4.809106176253408194e-04
3.987800000000045202e+03 4.914304008707404137e-04
3.988700000000045293e+03 4.988349974155426025e-04
3.989600000000045384e+03 4.999577649869024754e-04
3.990500000000045475e+03 5.020579556003212929e-04
3.991400000000045566e+03 5.091278580948710442e-04
3.992300000000045657e+03 5.180495209060609341e-04
3.993200000000045748e+03 5.233829724602401257e-04
3.994100000000045839e+03 5.226971115916967392e-04
3.995000000000045929e+03 5.190568044781684875e-04
3.995900000000046020e+03 5.141185829415917397e-04
3.996800000000046111e+03 5.087900208309292793e-04
3.997700000000046202e+03 5.085465381853282452e-04
3.998600000000046293e+03 5.178293213248252869e-04
3.999500000000046384e+03 5.296330200508236885e-04
4.000400000000046475e+03 5.335108726285398006e-04
4.001300000000046566e+03 5.312599823810160160e-04
4.002200000000046657e+03 5.315390881150960922e-04
4.003100000000046748e+03 5.333561566658318043e-04
4.004000000000046839e+03 5.262574413791298866e-04
4.004900000000046930e+03 5.119909183122217655e-04
4.005800000000047021e+03 5.085211596451699734e-04
4.006700000000047112e+03 5.214280099608004093e-04
4.007600000000047203e+03 5.366298719309270382e-04
4.008500000000047294e+03 5.437103682197630405e-04
4.009400000000047385e+03 5.444554844871163368e-04
4.010300000000047476e+03 5.434129852801561356e-04
4.011200000000047567e+03 5.389614379964768887e-04
4.012100000000047658e+03 5.333921290002763271e-04
4.013000000000047748e+03 5.329278646968305111e-04
4.013900000000047839e+03 5.364809185266494751e-04
4.014800000000047930e+03 5.408726865425705910e-04
4.015700000000048021e+03 5.433903425000607967e-04
4.016600000000048112e+03 5.410055164247751236e-04
4.017500000000048203e+03 5.393558531068265438e-04
4.018400000000048294e+03 5.452333134599030018e-04
4.019300000000048385e+03 5.526419845409691334e-04
4.020200000000048476e+03 5.528789479285478592e-04
4.021100000000048567e+03 5.478856619447469711e-04
4.022000000000048658e+03 5.438287626020610332e-04
4.022900000000048749e+03 5.394559120759367943e-04
4.023800000000048840e+03 5.319001502357423306e-04
4.024700000000048931e+03 5.282815545797348022e-04
4.025600000000049022e+03 5.357928457669913769e-04
4.026500000000049113e+03 5.465432186610996723e-04
4.027400000000049204e+03 5.499503458850085735e-04
4.028300000000049295e+03 5.473486962728202343e-04
4.029200000000049386e+03 5.399475921876728535e-04
4.030100000000049477e+03 5.277468590065836906e-04
4.031000000000049567e+03 5.196920828893780708e-04
4.031900000000049658e+03 5.193995311856269836e-04
4.032800000000049749e+03 5.214600823819637299e-04
4.033700000000049840e+03 5.257780430838465691e-04
4.034600000000049931e+03 5.321433418430387974e-04
4.035500000000050022e+03 5.395566695369780064e-04
4.036400000000050113e+03 5.485597648657858372e-04
4.037300000000050204e+03 5.559070268645882607e-04
4.038200000000050295e+03 5.580899887718260288e-04
4.039100000000050386e+03 5.551009089685976505e-04
4.040000000000050477e+03 5.488645983859896660e-04
4.040900000000050568e+03 5.451712058857083321e-04
4.041800000000050659e+03 5.484991124831140041e-04
4.042700000000050750e+03 5.509863258339464664e-04
4.043600000000050841e+03 5.407525459304451942e-04
4.044500000000050932e+03 5.181175656616687775e-04
4.045400000000051023e+03 5.003178375773131847e-04
4.046300000000051114e+03 5.071384948678314686e-04
4.047200000000051205e+03 5.289217224344611168e-04
4.048100000000051296e+03 5.400351947173476219e-04
4.049000000000051386e+03 5.401291418820619583e-04
4.049900000000051477e+03 5.418909131549298763e-04
4.050800000000051568e+03 5.434783524833619595e-04
4.051700000000051659e+03 5.390246515162289143e-04
4.052600000000051750e+03 5.308025865815579891e-04
4.053500000000051841e+03 5.243323394097387791e-04
4.054400000000051932e+03 5.223865155130624771e-04
4.055300000000052023e+03 5.251520196907222271e-04
4.056200000000052114e+03 5.272909183986485004e-04
4.057100000000052205e+03 5.240755272097885609e-04
4.058000000000052296e+03 5.217312136664986610e-04
4.058900000000052387e+03 5.268345121294260025e-04
4.059800000000052478e+03 5.349704879336059093e-04
4.060700000000052569e+03 5.369302234612405300e-04
4.061600000000052660e+03 5.270071560516953468e-04
4.062500000000052751e+03 5.072198109701275826e-04
4.063400000000052842e+03 4.937272751703858376e-04
4.064300000000052933e+03 5.010954919271171093e-04
4.065200000000053024e+03 5.152457742951810360e-04
4.066100000000053114e+03 5.159643478691577911e-04
4.067000000000053205e+03 5.105371237732470036e-04
4.067900000000053296e+03 5.158983985893428326e-04
4.068800000000053387e+03 5.271147820167243481e-04
4.069700000000053478e+03 5.262466729618608952e-04
4.070600000000053569e+03 5.108936456963419914e-04
4.071500000000053660e+03 4.980002995580434799e-04
4.072400000000053751e+03 5.015956703573465347e-04
4.073300000000053842e+03 5.128341144882142544e-04
4.074200000000053933e+03 5.149943754076957703e-04
4.075100000000054024e+03 5.038946983404457569e-04
4.076000000000054115e+03 4.832489066757261753e-04
4.076900000000054206e+03 4.632354830391705036e-04
4.077800000000054297e+03 4.593944177031517029e-04
4.078700000000054388e+03 4.735324182547628880e-04
4.079600000000054479e+03 4.898022161796689034e-04
4.080500000000054570e+03 4.980341764166951180e-04
4.081400000000054661e+03 4.979123477824032307e-04
4.082300000000054752e+03 4.900580388493835926e-04
4.083200000000054843e+03 4.781877796631306410e-04
4.084100000000054933e+03 4.677885444834828377e-04
4.085000000000055024e+03 4.613160272128880024e-04
4.085900000000055115e+03 4.590496537275612354e-04
4.086800000000055206e+03 4.595899372361600399e-04
4.087700000000055297e+03 4.593477060552686453e-04
4.088600000000055388e+03 4.542096867226064205e-04
4.089500000000055479e+03 4.438892647158354521e-04
4.090400000000055570e+03 4.312656819820404053e-04
4.091300000000055661e+03 4.176385700702667236e-04
4.092200000000055752e+03 4.041774955112487078e-04
4.093100000000055843e+03 3.931722021661698818e-04
4.094000000000055934e+03 3.808919282164424658e-04
4.094900000000056025e+03 3.613000735640525818e-04
4.095800000000056116e+03 3.375299856998026371e-04
4.096700000000056207e+03 3.163497895002365112e-04
4.097600000000056752e+03 2.978002885356545448e-04
4.098500000000056389e+03 2.775810426101088524e-04
4.099400000000056025e+03 2.508923644199967384e-04
4.100300000000056571e+03 2.167911443393677473e-04
4.101200000000057116e+03 1.889535924419760704e-04
4.102100000000056752e+03 1.883766672108322382e-04
4.103000000000056389e+03 2.150147483916953206e-04
4.103900000000056934e+03 2.488567261025309563e-04
4.104800000000057480e+03 2.780923969112336636e-04
4.105700000000057116e+03 3.031852538697421551e-04
4.106600000000056752e+03 3.243377723265439272e-04
4.107500000000057298e+03 3.413177910260856152e-04
4.108400000000057844e+03 3.545673680491745472e-04
4.109300000000057480e+03 3.645650576800107956e-04
4.110200000000057116e+03 3.749277966562658548e-04
4.111100000000057662e+03 3.884642792399972677e-04
4.112000000000058208e+03 4.036451864521950483e-04
4.112900000000057844e+03 4.189187311567366123e-04
4.113800000000057480e+03 4.333855467848479748e-04
4.114700000000058026e+03 4.456701572053134441e-04
4.115600000000058571e+03 4.563226539175957441e-04
4.116500000000058208e+03 4.632725613191723824e-04
4.117400000000057844e+03 4.622890846803784370e-04
4.118300000000058390e+03 4.573287733364850283e-04
4.119200000000058935e+03 4.597173538058996201e-04
4.120100000000058571e+03 4.702666192315518856e-04
4.121000000000058208e+03 4.778635629918426275e-04
4.121900000000058753e+03 4.782059404533356428e-04
4.122800000000059299e+03 4.788184014614671469e-04
4.123700000000058935e+03 4.853703139815479517e-04
4.124600000000058571e+03 4.940094659104943275e-04
4.125500000000059117e+03 4.967956338077783585e-04
4.126400000000059663e+03 4.902998334728181362e-04
4.127300000000059299e+03 4.790297243744134903e-04
4.128200000000058935e+03 4.732947563752532005e-04
4.129100000000059481e+03 4.758101422339677811e-04
4.130000000000060027e+03 4.778683360200375319e-04
4.130900000000059663e+03 4.754898545797914267e-04
4.131800000000059299e+03 4.731365188490599394e-04
4.132700000000059845e+03 4.772753745783120394e-04
4.133600000000060390e+03 4.862744244746863842e-04
4.134500000000060027e+03 4.960420192219316959e-04
4.135400000000059663e+03 5.060714902356266975e-04
4.136300000000060209e+03 5.114015075378119946e-04
4.137200000000060754e+03 5.112877115607261658e-04
4.138100000000060390e+03 5.144533934071660042e-04
4.139000000000060027e+03 5.205758498050272465e-04
4.139900000000060572e+03 5.229341913945972919e-04
4.140800000000061118e+03 5.194796249270439148e-04
4.141700000000060754e+03 5.086486344225704670e-04
4.142600000000060390e+03 4.911125870421528816e-04
4.143500000000060936e+03 4.798643058165907860e-04
4.144400000000061482e+03 4.861512570641934872e-04
4.145300000000061118e+03 5.004443810321390629e-04
4.146200000000060754e+03 5.097137182019650936e-04
4.147100000000061300e+03 5.132001824676990509e-04
4.148000000000061846e+03 5.118187400512397289e-04
4.148900000000061482e+03 5.060401745140552521e-04
4.149800000000061118e+03 5.016849027015268803e-04
4.150700000000061664e+03 5.039073294028639793e-04
4.151600000000062209e+03 5.073570064269006252e-04
4.152500000000061846e+03 5.072153871878981590e-04
4.153400000000061482e+03 5.030909087508916855e-04
4.154300000000062028e+03 4.985257983207702637e-04
4.155200000000062573e+03 4.984359838999807835e-04
4.156100000000062209e+03 4.996450734324753284e-04
4.157000000000061846e+03 5.015205824747681618e-04
4.157900000000062391e+03 5.067036836408078671e-04
4.158800000000062937e+03 5.129266064614057541e-04
4.159700000000062573e+03 5.150650395080447197e-04
4.160600000000062209e+03 5.118109402246773243e-04
4.161500000000062755e+03 5.094467196613550186e-04
4.162400000000063301e+03 5.116769461892545223e-04
4.163300000000062937e+03 5.128138000145554543e-04
4.164200000000062573e+03 5.140015855431556702e-04
4.165100000000063119e+03 5.166894989088177681e-04
4.166000000000063665e+03 5.150036304257810116e-04
4.166900000000063301e+03 5.093361833132803440e-04
4.167800000000062937e+03 5.088309990242123604e-04
4.168700000000063483e+03 5.148237687535583973e-04
4.169600000000064028e+03 5.159053835086524487e-04
4.170500000000063665e+03 5.058649694547057152e-04
4.171400000000063301e+03 4.881876229774206877e-04
4.172300000000063847e+03 4.722371231764554977e-04
4.173200000000064392e+03 4.693165828939527273e-04
4.174100000000064028e+03 4.802523471880704165e-04
4.175000000000063665e+03 4.934788448736071587e-04
4.175900000000064210e+03 4.973169416189193726e-04
4.176800000000064756e+03 4.896767786704003811e-04
4.177700000000064392e+03 4.790990496985614300e-04
4.178600000000064028e+03 4.781228199135512114e-04
4.179500000000064574e+03 4.889374831691384315e-04
4.180400000000065120e+03 4.998542135581374168e-04
4.181300000000064756e+03 5.014786147512495518e-04
4.182200000000064392e+03 4.996046773158013821e-04
4.183100000000064938e+03 5.010663298889994621e-04
4.184000000000065484e+03 5.058099050074815750e-04
4.184900000000065120e+03 5.114291561767458916e-04
4.185800000000064756e+03 5.099580739624798298e-04
4.186700000000065302e+03 4.982444224879145622e-04
4.187600000000065847e+03 4.910253337584435940e-04
4.188500000000065484e+03 4.975566407665610313e-04
4.189400000000065120e+03 5.067122983746230602e-04
4.190300000000065666e+03 5.073238280601799488e-04
4.191200000000066211e+03 5.040251999162137508e-04
4.192100000000065847e+03 5.078389076516032219e-04
4.193000000000065484e+03 5.165839684195816517e-04
4.193900000000066029e+03 5.177678540349006653e-04
4.194800000000066575e+03 5.083738942630589008e-04
4.195700000000066211e+03 4.982165410183370113e-04
4.196600000000065847e+03 4.928212147206068039e-04
4.197500000000066393e+03 4.863743670284748077e-04
4.198400000000066939e+03 4.810171085409820080e-04
4.199300000000066575e+03 4.856582090724259615e-04
4.200200000000066211e+03 4.930658033117651939e-04
4.201100000000066757e+03 4.915379686281085014e-04
4.202000000000067303e+03 4.873281577602028847e-04
4.202900000000066939e+03 4.898289917036890984e-04
4.203800000000066575e+03 4.935552133247256279e-04
4.204700000000067121e+03 4.934526514261960983e-04
4.205600000000067666e+03 4.958784556947648525e-04
4.206500000000067303e+03 5.021287943236529827e-04
4.207400000000066939e+03 5.069149774499237537e-04
4.208300000000067485e+03 5.073592765256762505e-04
4.209200000000068030e+03 5.046628066338598728e-04
4.210100000000067666e+03 5.031467881053686142e-04
4.211000000000067303e+03 5.059061222709715366e-04
4.211900000000067848e+03 5.102871218696236610e-04
4.212800000000068394e+03 5.106365424580872059e-04
4.213700000000068030e+03 5.031728069297969341e-04
4.214600000000067666e+03 4.877356404904276133e-04
4.215500000000068212e+03 4.756231210194528103e-04
4.216400000000068758e+03 4.820555914193391800e-04
4.217300000000068394e+03 4.985008854418992996e-04
4.218200000000068030e+03 5.085765151306986809e-04
4.219100000000068576e+03 5.110361380502581596e-04
4.220000000000069122e+03 5.132597289048135281e-04
4.220900000000068758e+03 5.153624806553125381e-04
4.221800000000068394e+03 5.120655405335128307e-04
4.222700000000068940e+03 5.034591304138302803e-04
4.223600000000069485e+03 4.935734905302524567e-04
4.224500000000069122e+03 4.818247398361563683e-04
4.225400000000068758e+03 4.661017155740410089e-04
4.226300000000069303e+03 4.511369334068149328e-04
4.227200000000069849e+03 4.541618109215050936e-04
4.228100000000069485e+03 4.793033876921981573e-04
4.229000000000069122e+03 5.034529021941125393e-04
4.229900000000069667e+03 5.129158962517976761e-04
4.230800000000070213e+03 5.124062881805002689e-04
4.231700000000069849e+03 5.016108625568449497e-04
4.232600000000069485e+03 4.837319720536470413e-04
4.233500000000070031e+03 4.770032537635415792e-04
4.234400000000070577e+03 4.846271767746657133e-04
4.235300000000070213e+03 4.878761828877031803e-04
4.236200000000069849e+03 4.853459831792861223e-04
4.237100000000070395e+03 4.878348554484546185e-04
4.238000000000070941e+03 4.907426191493868828e-04
4.238900000000070577e+03 4.907201509922742844e-04
4.239800000000070213e+03 4.927755217067897320e-04
4.240700000000070759e+03 4.980785306543111801e-04
4.241600000000071304e+03 4.991292953491210938e-04
4.242500000000070941e+03 4.957936471328139305e-04
4.243400000000070577e+03 4.979791701771318913e-04
4.244300000000071122e+03 5.041192052885890007e-04
4.245200000000071668e+03 5.021221586503088474e-04
4.246100000000071304e+03 4.910551942884922028e-04
4.247000000000070941e+03 4.820961621589958668e-04
4.247900000000071486e+03 4.821624606847763062e-04
4.248800000000072032e+03 4.836339794564992189e-04
4.249700000000071668e+03 4.789487284142524004e-04
4.250600000000071304e+03 4.762550524901598692e-04
4.251500000000071850e+03 4.843773203901946545e-04
4.252400000000072396e+03 4.921589279547333717e-04
4.253300000000072032e+03 4.895144375041127205e-04
4.254200000000071668e+03 4.836157313548028469e-04
4.255100000000072214e+03 4.847045638598501682e-04
4.256000000000072760e+03 4.925356479361653328e-04
4.256900000000072396e+03 4.984044353477656841e-04
4.257800000000072032e+03 4.939260543324053288e-04
4.258700000000072578e+03 4.827638331335037947e-04
4.259600000000073123e+03 4.724045575130730867e-04
4.260500000000072760e+03 4.667422326747328043e-04
4.261400000000072396e+03 4.720353172160685062e-04
4.262300000000072941e+03 4.863022477366030216e-04
4.263200000000073487e+03 4.985364503227174282e-04
4.264100000000073123e+03 5.033608758822083473e-04
4.265000000000072760e+03 5.056793452240526676e-04
4.265900000000073305e+03 5.064901779405772686e-04
4.266800000000073851e+03 5.017616786062717438e-04
4.267700000000073487e+03 4.934775060974061489e-04
4.268600000000073123e+03 4.869614786002784967e-04
4.269500000000073669e+03 4.793745756614953279e-04
4.270400000000074215e+03 4.654794174712151289e-04
4.271300000000073851e+03 4.516170884016901255e-04
4.272200000000073487e+03 4.518618516158312559e-04
4.273100000000074033e+03 4.614484496414661407e-04
4.274000000000074579e+03 4.649149777833372355e-04
4.274900000000074215e+03 4.660614067688584328e-04
4.275800000000073851e+03 4.751417145598679781e-04
4.276700000000074397e+03 4.869718686677515507e-04
4.277600000000074942e+03 4.924863460473716259e-04
4.278500000000074579e+03 4.913436132483184338e-04
4.279400000000074215e+03 4.842123598791658878e-04
4.280300000000074760e+03 4.762854950968176126e-04
4.281200000000075306e+03 4.741354205179959536e-04
4.282100000000074942e+03 4.752767272293567657e-04
4.283000000000074579e+03 4.773255786858499050e-04
4.283900000000075124e+03 4.790307430084794760e-04
4.284800000000075670e+03 4.758372961077839136e-04
4.285700000000075306e+03 4.712653753813356161e-04
4.286600000000074942e+03 4.700210993178188801e-04
4.287500000000075488e+03 4.685187304858118296e-04
4.288400000000076034e+03 4.591232864186167717e-04
4.289300000000075670e+03 4.441747441887855530e-04
4.290200000000075306e+03 4.393369599711149931e-04
4.291100000000075852e+03 4.514424072112888098e-04
4.292000000000076398e+03 4.669403133448213339e-04
4.292900000000076034e+03 4.719458229374140501e-04
4.293800000000075670e+03 4.656954552046954632e-04
4.294700000000076216e+03 4.593872872646898031e-04
4.295600000000076761e+03 4.571652098093181849e-04
4.296500000000076398e+03 4.543263639789074659e-04
4.297400000000076034e+03 4.491406143642961979e-04
4.298300000000076579e+03 4.380914615467190742e-04
4.299200000000077125e+03 4.213841166347265244e-04
4.300100000000076761e+03 4.125766572542488575e-04
4.301000000000076398e+03 4.155229835305362940e-04
4.301900000000076943e+03 4.178984672762453556e-04
4.302800000000077489e+03 4.186808073427528143e-04
4.303700000000077125e+03 4.254108062013983727e-04
4.304600000000076761e+03 4.327403148636221886e-04
4.305500000000077307e+03 4.337211430538445711e-04
4.306400000000077853e+03 4.277550906408578157e-04
4.307300000000077489e+03 4.161005490459501743e-04
4.308200000000077125e+03 4.082270024809986353e-04
4.309100000000077671e+03 4.127860884182155132e-04
4.310000000000078217e+03 4.233919898979365826e-04
4.310900000000077853e+03 4.297791747376322746e-04
4.311800000000077489e+03 4.288978525437414646e-04
4.312700000000078035e+03 4.236677486915141344e-04
4.313600000000078580e+03 4.188682942185550928e-04
4.314500000000078217e+03 4.206105659250169992e-04
4.315400000000077853e+03 4.353608237579464912e-04
4.316300000000078398e+03 4.542404494713991880e-04
4.317200000000078944e+03 4.625313158612698317e-04
4.318100000000078580e+03 4.602392145898193121e-04
4.319000000000078217e+03 4.540946683846414089e-04
4.319900000000078762e+03 4.452986759133636951e-04
4.320800000000079308e+03 4.364049527794122696e-04
4.321700000000078944e+03 4.326069611124694347e-04
4.322600000000078580e+03 4.260776622686535120e-04
4.323500000000079126e+03 4.085476102773100138e-04
4.324400000000079672e+03 3.862600133288651705e-04
4.325300000000079308e+03 3.704109694808721542e-04
4.326200000000078944e+03 3.713646729011088610e-04
4.327100000000079490e+03 3.855929826386272907e-04
4.328000000000080036e+03 3.967072407249361277e-04
4.328900000000079672e+03 3.947204677388072014e-04
4.329800000000079308e+03 3.819960402324795723e-04
4.330700000000079854e+03 3.684515540953725576e-04
4.331600000000080399e+03 3.607150283642113209e-04
4.332500000000080036e+03 3.533291455823928118e-04
4.333400000000079672e+03 3.418604901526123285e-04
4.334300000000080217e+03 3.300934913568198681e-04
4.335200000000080763e+03 3.181949432473629713e-04
4.336100000000080399e+03 2.980936842504888773e-04
4.337000000000080036e+03 2.670018293429166079e-04
4.337900000000080581e+03 2.348323323531076312e-04
4.338800000000081127e+03 2.069170295726507902e-04
4.339700000000080763e+03 1.828587119234725833e-04
4.340600000000080399e+03 1.766313798725605011e-04
4.341500000000080945e+03 1.992548204725608230e-04
4.342400000000081491e+03 2.334782766411080956e-04
4.343300000000081127e+03 2.585877664387226105e-04
4.344200000000080763e+03 2.773598534986376762e-04
4.345100000000081309e+03 2.985854807775467634e-04
4.346000000000081855e+03 3.170702257193624973e-04
4.346900000000081491e+03 3.294475900474935770e-04
4.347800000000081127e+03 3.429994976613670588e-04
4.348700000000081673e+03 3.596358583308756351e-04
4.349600000000082218e+03 3.690711164381355047e-04
4.350500000000081855e+03 3.625373356044292450e-04
4.351400000000081491e+03 3.512139664962887764e-04
4.352300000000082036e+03 3.555211005732417107e-04
4.353200000000082582e+03 3.760310646612197161e-04
4.354100000000082218e+03 3.947333316318690777e-04
4.355000000000081855e+03 4.049925773870199919e-04
4.355900000000082400e+03 4.135852796025574207e-04
4.356800000000082946e+03 4.222244024276733398e-04
4.357700000000082582e+03 4.254385421518236399e-04
4.358600000000082218e+03 4.234417865518480539e-04
4.359500000000082764e+03 4.245062300469726324e-04
4.360400000000083310e+03 4.331332165747880936e-04
4.361300000000082946e+03 4.429745895322412252e-04
4.362200000000082582e+03 4.473111766856163740e-04
4.363100000000083128e+03 4.494235618039965630e-04
4.364000000000083674e+03 4.556095518637448549e-04
4.364900000000083310e+03 4.626477311830967665e-04
4.365800000000082946e+03 4.622002015821635723e-04
4.366700000000083492e+03 4.531262675300240517e-04
4.367600000000084037e+03 4.445239901542663574e-04
4.368500000000083674e+03 4.445225058589130640e-04
4.369400000000083310e+03 4.490192513912916183e-04
4.370300000000083855e+03 4.522189847193658352e-04
4.371200000000084401e+03 4.556529456749558449e-04
4.372100000000084037e+03 4.584630660247057676e-04
4.373000000000083674e+03 4.539577930700033903e-04
4.373900000000084219e+03 4.414177383296191692e-04
4.374800000000084765e+03 4.336888378020375967e-04
4.375700000000084401e+03 4.409422108437865973e-04
4.376600000000084037e+03 4.569851444102823734e-04
4.377500000000084583e+03 4.695278767030686140e-04
4.378400000000085129e+03 4.734362883027642965e-04
4.379300000000084765e+03 4.712516674771904945e-04
4.380200000000084401e+03 4.688447224907577038e-04
4.381100000000084947e+03 4.664121370296925306e-04
4.382000000000085493e+03 4.529895668383687735e-04
4.382900000000085129e+03 4.257667751517146826e-04
4.383800000000084765e+03 4.048385599162429571e-04
4.384700000000085311e+03 4.077263874933123589e-04
4.385600000000085856e+03 4.277241532690823078e-04
4.386500000000085493e+03 4.464563098736107349e-04
4.387400000000085129e+03 4.543965042103081942e-04
4.388300000000085674e+03 4.560150264296680689e-04
4.389200000000086220e+03 4.542455717455595732e-04
4.390100000000085856e+03 4.498696653172373772e-04
4.391000000000085493e+03 4.498606140259653330e-04
4.391900000000086038e+03 4.574698104988783598e-04
4.392800000000086584e+03 4.615810466930270195e-04
4.393700000000086220e+03 4.531771992333233356e-04
4.394600000000085856e+03 4.416723968461155891e-04
4.395500000000086402e+03 4.438808537088334560e-04
4.396400000000086948e+03 4.596786166075617075e-04
4.397300000000086584e+03 4.711332148872315884e-04
4.398200000000086220e+03 4.686705360654741526e-04
4.399100000000086766e+03 4.575286293402314186e-04
4.400000000000087311e+03 4.472876025829464197e-04
4.400900000000086948e+03 4.484246310312300920e-04
4.401800000000086584e+03 4.607260634656995535e-04
4.402700000000087130e+03 4.674275405704975128e-04
4.403600000000087675e+03 4.573012120090425014e-04
4.404500000000087311e+03 4.438334144651889801e-04
4.405400000000086948e+03 4.462826764211058617e-04
4.406300000000087493e+03 4.581090470310300589e-04
4.407200000000088039e+03 4.606867732945829630e-04
4.408100000000087675e+03 4.553839098662137985e-04
4.409000000000087311e+03 4.555656341835856438e-04
4.409900000000087857e+03 4.632097261492162943e-04
4.410800000000088403e+03 4.709313798230141401e-04
4.411700000000088039e+03 4.763069737236946821e-04
4.412600000000087675e+03 4.781036695931106806e-04
4.413500000000088221e+03 4.706753243226557970e-04
4.414400000000088767e+03 4.538950743153691292e-04
4.415300000000088403e+03 4.405597574077546597e-04
4.416200000000088039e+03 4.385988868307322264e-04
4.417100000000088585e+03 4.426351806614547968e-04
4.418000000000089130e+03 4.511279985308647156e-04
4.418900000000088767e+03 4.647253372240811586e-04
4.419800000000088403e+03 4.751622909680008888e-04
4.420700000000088949e+03 4.739342839457094669e-04
4.421600000000089494e+03 4.645584558602422476e-04
4.422500000000089130e+03 4.581232788041234016e-04
4.423400000000088767e+03 4.605880239978432655e-04
4.424300000000089312e+03 4.662134451791644096e-04
4.425200000000089858e+03 4.682293219957500696e-04
4.426100000000089494e+03 4.672034410759806633e-04
4.427000000000089130e+03 4.652895440813153982e-04
4.427900000000089676e+03 4.656678065657615662e-04
4.428800000000090222e+03 4.660978447645902634e-04
4.429700000000089858e+03 4.613697819877415895e-04
4.430600000000089494e+03 4.581735411193221807e-04
4.431500000000090040e+03 4.618453676812350750e-04
4.432400000000090586e+03 4.636767262127250433e-04
4.433300000000090222e+03 4.574943450279533863e-04
4.434200000000089858e+03 4.479305935092270374e-04
4.435100000000090404e+03 4.432871355675160885e-04
4.436000000000090949e+03 4.495946923270821571e-04
4.436900000000090586e+03 4.630768089555203915e-04
4.437800000000090222e+03 4.735345719382166862e-04
4.438700000000090768e+03 4.779347800649702549e-04
4.439600000000091313e+03 4.760547599289566278e-04
4.440500000000090949e+03 4.683288570959120989e-04
4.441400000000090586e+03 4.559107183013111353e-04
4.442300000000091131e+03 4.415538569446653128e-04
4.443200000000091677e+03 4.325530317146331072e-04
4.444100000000091313e+03 4.379890451673418283e-04
4.445000000000090949e+03 4.546685086097568274e-04
4.445900000000091495e+03 4.660376871470361948e-04
4.446800000000092041e+03 4.652361676562577486e-04
4.447700000000091677e+03 4.630282055586576462e-04
4.448600000000091313e+03 4.634674987755715847e-04
4.449500000000091859e+03 4.592625191435217857e-04
4.450400000000092405e+03 4.536532505881041288e-04
4.451300000000092041e+03 4.560538800433278084e-04
4.452200000000091677e+03 4.621027910616248846e-04
4.453100000000092223e+03 4.608735616784542799e-04
4.454000000000092768e+03 4.504420794546604156e-04
4.454900000000092405e+03 4.404817009344696999e-04
4.455800000000092041e+03 4.411332192830741405e-04
4.456700000000092587e+03 4.480246861930936575e-04
4.457600000000093132e+03 4.509378049988299608e-04
4.458500000000092768e+03 4.489326383918523788e-04
4.459400000000092405e+03 4.474666493479162455e-04
4.460300000000092950e+03 4.461647477000951767e-04
4.461200000000093496e+03 4.419051692821085453e-04
4.462100000000093132e+03 4.423247009981423616e-04
4.463000000000092768e+03 4.504366952460259199e-04
4.463900000000093314e+03 4.555355117190629244e-04
4.464800000000093860e+03 4.544263065326958895e-04
4.465700000000093496e+03 4.526471311692148447e-04
4.466600000000093132e+03 4.503731033764779568e-04
4.467500000000093678e+03 4.450477426871657372e-04
4.468400000000094224e+03 4.384434723760932684e-04
4.469300000000093860e+03 4.370038805063813925e-04
4.470200000000093496e+03 4.418747557792812586e-04
4.471100000000094042e+03 4.478635382838547230e-04
4.472000000000094587e+03 4.531899176072329283e-04
4.472900000000094224e+03 4.592449986375868320e-04
4.473800000000093860e+03 4.646644229069352150e-04
4.474700000000094406e+03 4.659016558434814215e-04
4.475600000000094951e+03 4.642492567654699087e-04
4.476500000000094587e+03 4.660818376578390598e-04
4.477400000000094224e+03 4.699229612015187740e-04
4.478300000000094769e+03 4.666998574975878000e-04
4.479200000000095315e+03 4.497918416745960712e-04
4.480100000000094951e+03 4.224760341458022594e-04
4.481000000000094587e+03 4.033395089209079742e-04
4.481900000000095133e+03 4.101833910681307316e-04
4.482800000000095679e+03 4.343301407061517239e-04
4.483700000000095315e+03 4.549316945485770702e-04
4.484600000000094951e+03 4.645021108444780111e-04
4.485500000000095497e+03 4.678731493186205626e-04
4.486400000000096043e+03 4.668923211283981800e-04
4.487300000000095679e+03 4.596717481035739183e-04
4.488200000000095315e+03 4.478413611650466919e-04
4.489100000000095861e+03 4.393210692796856165e-04
4.490000000000096406e+03 4.394847783260047436e-04
4.490900000000096043e+03 4.457949253264814615e-04
4.491800000000095679e+03 4.539752844721078873e-04
4.492700000000096225e+03 4.585304413922131062e-04
4.493600000000096770e+03 4.548035503830760717e-04
4.494500000000096406e+03 4.489317652769386768e-04
4.495400000000096043e+03 4.485608660615980625e-04
4.496300000000096588e+03 4.516025073826313019e-04
4.497200000000097134e+03 4.568234144244343042e-04
4.498100000000096770e+03 4.621878033503890038e-04
4.499000000000096406e+03 4.629844333976507187e-04
4.499900000000096952e+03 4.562880494631826878e-04
4.500800000000097498e+03 4.465983656700700521e-04
4.501700000000097134e+03 4.463000223040580750e-04
4.502600000000096770e+03 4.588109732139855623e-04
4.503500000000097316e+03 4.713985545095056295e-04
4.504400000000097862e+03 4.757988499477505684e-04
4.505300000000097498e+03 4.735706897918134928e-04
4.506200000000097134e+03 4.678475088439881802e-04
4.507100000000097680e+03 4.597113584168255329e-04
4.508000000000098225e+03 4.542193491943180561e-04
4.508900000000097862e+03 4.566776042338460684e-04
4.509800000000097498e+03 4.639324033632874489e-04
4.510700000000098044e+03 4.679609264712780714e-04
4.511600000000098589e+03 4.666374588850885630e-04
4.512500000000098225e+03 4.622557607945054770e-04
4.513400000000097862e+03 4.557639476843178272e-04
4.514300000000098407e+03 4.473587032407522202e-04
4.515200000000098953e+03 4.440598422661423683e-04
4.516100000000098589e+03 4.490019637160003185e-04
4.517000000000098225e+03 4.534930048976093531e-04
4.517900000000098771e+03 4.522964591160416603e-04
4.518800000000099317e+03 4.499427741393446922e-04
4.519700000000098953e+03 4.494932654779404402e-04
4.520600000000098589e+03 4.503209202084690332e-04
4.521500000000099135e+03 4.472654254641383886e-04
4.522400000000099681e+03 4.396342264954000711e-04
4.523300000000099317e+03 4.386669606901705265e-04
4.524200000000098953e+03 4.435964801814407110e-04
4.525100000000099499e+03 4.446110397111624479e-04
4.526000000000100044e+03 4.416567389853298664e-04
4.526900000000099681e+03 4.373563569970428944e-04
4.527800000000099317e+03 4.317880375310778618e-04
4.528700000000099863e+03 4.281512810848653316e-04
4.529600000000100408e+03 4.306357004679739475e-04
4.530500000000100044e+03 4.360697057563811541e-04
4.531400000000099681e+03 4.401291953399777412e-04
4.532300000000100226e+03 4.384102358017116785e-04
4.533200000000100772e+03 4.277295665815472603e-04
4.534100000000100408e+03 4.196011286694556475e-04
4.535000000000100044e+03 4.236609383951872587e-04
4.535900000000100590e+03 4.367014917079359293e-04
4.536800000000101136e+03 4.519686626736074686e-04
4.537700000000100772e+03 4.601875843945890665e-04
4.538600000000100408e+03 4.578586667776107788e-04
4.539500000000100954e+03 4.501596558839082718e-04
4.540400000000101500e+03 4.428134998306632042e-04
4.541300000000101136e+03 4.411459085531532764e-04
4.542200000000100772e+03 4.469180130399763584e-04
4.543100000000101318e+03 4.523563256952911615e-04
4.544000000000101863e+03 4.499178903643041849e-04
4.544900000000101500e+03 4.446276579983532429e-04
4.545800000000101136e+03 4.443496582098305225e-04
4.546700000000101682e+03 4.456774913705885410e-04
4.547600000000102227e+03 4.391015681903809309e-04
4.548500000000101863e+03 4.211938066873699427e-04
4.549400000000101500e+03 4.074366879649460316e-04
4.550300000000102045e+03 4.161630931776016951e-04
4.551200000000102591e+03 4.349433584138751030e-04
4.552100000000102227e+03 4.412183188833296299e-04
4.553000000000101863e+03 4.348204238340258598e-04
4.553900000000102409e+03 4.243488947395235300e-04
4.554800000000102955e+03 4.174094938207417727e-04
4.555700000000102591e+03 4.203745920676738024e-04
4.556600000000102227e+03 4.313435347285121679e-04
4.557500000000102773e+03 4.390694666653871536e-04
4.558400000000103319e+03 4.396847216412425041e-04
4.559300000000102955e+03 4.420037730596959591e-04
4.560200000000102591e+03 4.476621979847550392e-04
4.561100000000103137e+03 4.512239247560501099e-04
4.562000000000103682e+03 4.485300160013139248e-04
4.562900000000103319e+03 4.381991748232394457e-04
4.563800000000102955e+03 4.282509326003491879e-04
4.564700000000103500e+03 4.267097974661737680e-04
4.565600000000104046e+03 4.324671754147857428e-04
4.566500000000103682e+03 4.420271434355527163e-04
4.567400000000103319e+03 4.501479270402342081e-04
4.568300000000103864e+03 4.524498654063791037e-04
4.569200000000104410e+03 4.508762795012444258e-04
4.570100000000104046e+03 4.444294609129428864e-04
4.571000000000103682e+03 4.310705116949975491e-04
4.571900000000104228e+03 4.241345450282096863e-04
4.572800000000104774e+03 4.338484432082623243e-04
4.573700000000104410e+03 4.455599992070347071e-04
4.574600000000104046e+03 4.463297082111239433e-04
4.575500000000104592e+03 4.422650381457060575e-04
4.576400000000105138e+03 4.415431467350572348e-04
4.577300000000104774e+03 4.438039613887667656e-04
4.578200000000104410e+03 4.432470013853162527e-04
4.579100000000104956e+03 4.375324642751365900e-04
4.580000000000105501e+03 4.311350057832896709e-04
4.580900000000105138e+03 4.279593413230031729e-04
4.581800000000104774e+03 4.253395309206098318e-04
4.582700000000105319e+03 4.194776411168277264e-04
4.583600000000105865e+03 4.156398354098200798e-04
4.584500000000105501e+03 4.214930813759565353e-04
4.585400000000105138e+03 4.306265327613800764e-04
4.586300000000105683e+03 4.341015301179140806e-04
4.587200000000106229e+03 4.338102880865335464e-04
4.588100000000105865e+03 4.339414881542325020e-04
4.589000000000105501e+03 4.355097480583935976e-04
4.589900000000106047e+03 4.360921157058328390e-04
4.590800000000106593e+03 4.332762910053133965e-04
4.591700000000106229e+03 4.293236997909843922e-04
4.592600000000105865e+03 4.295653197914361954e-04
4.593500000000106411e+03 4.334667464718222618e-04
4.594400000000106957e+03 4.352611431386321783e-04
4.595300000000106593e+03 4.341762978583574295e-04
4.596200000000106229e+03 4.343618056736886501e-04
4.597100000000106775e+03 4.361769242677837610e-04
4.598000000000107320e+03 4.379580786917358637e-04
4.598900000000106957e+03 4.390048561617732048e-04
4.599800000000106593e+03 4.362112376838922501e-04
4.600700000000107138e+03 4.325504414737224579e-04
4.601600000000107684e+03 4.334689001552760601e-04
4.602500000000107320e+03 4.357437719590961933e-04
4.603400000000106957e+03 4.365657805465161800e-04
4.604300000000107502e+03 4.361592291388660669e-04
4.605200000000108048e+03 4.353749391157180071e-04
4.606100000000107684e+03 4.365658096503466368e-04
4.607000000000107320e+03 4.400628095027059317e-04
4.607900000000107866e+03 4.448032414074987173e-04
4.608800000000108412e+03 4.483709344640374184e-04
4.609700000000108048e+03 4.475369642022997141e-04
4.610600000000107684e+03 4.430601547937840223e-04
4.611500000000108230e+03 4.395735741127282381e-04
4.612400000000108776e+03 4.380018799565732479e-04
4.613300000000108412e+03 4.368157242424786091e-04
4.614200000000108048e+03 4.379368619993329048e-04
4.615100000000108594e+03 4.379417805466800928e-04
4.616000000000109139e+03 4.343021719250828028e-04
4.616900000000108776e+03 4.325868794694542885e-04
4.617800000000108412e+03 4.313745594117790461e-04
4.618700000000108957e+03 4.265824682079255581e-04
4.619600000000109503e+03 4.248021868988871574e-04
4.620500000000109139e+03 4.300849686842411757e-04
4.621400000000108776e+03 4.360767197795212269e-04
4.622300000000109321e+03 4.392150440253317356e-04
4.623200000000109867e+03 4.408095555845648050e-04
4.624100000000109503e+03 4.399655736051499844e-04
4.625000000000109139e+03 4.362582985777407885e-04
4.625900000000109685e+03 4.343688488006591797e-04
4.626800000000110231e+03 4.353327094577252865e-04
4.627700000000109867e+03 4.331596137490123510e-04
4.628600000000109503e+03 4.261987050995230675e-04
4.629500000000110049e+03 4.235742671880871058e-04
4.630400000000110595e+03 4.306620103307068348e-04
4.631300000000110231e+03 4.384453350212424994e-04
4.632200000000109867e+03 4.366836510598659515e-04
4.633100000000110413e+03 4.287188639864325523e-04
4.634000000000110958e+03 4.237855609972029924e-04
4.634900000000110595e+03 4.250244528520852327e-04
4.635800000000110231e+03 4.283191810827702284e-04
4.636700000000110776e+03 4.288677300792187452e-04
4.637600000000111322e+03 4.270445206202566624e-04
4.638500000000110958e+03 4.270259523764252663e-04
4.639400000000110595e+03 4.281102737877517939e-04
4.640300000000111140e+03 4.301226872485131025e-04
4.641200000000111686e+03 4.342739994172006845e-04
4.642100000000111322e+03 4.370792885310947895e-04
4.643000000000110958e+03 4.361440660431981087e-04
4.643900000000111504e+03 4.339852021075785160e-04
4.644800000000112050e+03 4.309238283894956112e-04
4.645700000000111686e+03 4.246586468070745468e-04
4.646600000000111322e+03 4.183441633358597755e-04
4.647500000000111868e+03 4.167660954408347607e-04
4.648400000000112414e+03 4.199085524305701256e-04
4.649300000000112050e+03 4.255511448718607426e-04
4.650200000000111686e+03 4.304364847484976053e-04
4.651100000000112232e+03 4.318053252063691616e-04
4.652000000000112777e+03 4.321105661801993847e-04
4.652900000000112414e+03 4.322152817621827126e-04
4.653800000000112050e+03 4.283246234990656376e-04
4.654700000000112595e+03 4.225190205033868551e-04
4.655600000000113141e+03 4.190447798464447260e-04
4.656500000000112777e+03 4.183179116807878017e-04
4.657400000000112414e+03 4.234595980960875750e-04
4.658300000000112959e+03 4.333973338361829519e-04
4.659200000000113505e+03 4.407484666444361210e-04
4.660100000000113141e+03 4.413994902279227972e-04
4.661000000000112777e+03 4.368888330645859241e-04
4.661900000000113323e+03 4.300105792935937643e-04
4.662800000000113869e+03 4.238494148012250662e-04
4.663700000000113505e+03 4.218679678160697222e-04
4.664600000000113141e+03 4.228111647535115480e-04
4.665500000000113687e+03 4.184297285974025726e-04
4.666400000000114233e+03 4.069926217198371887e-04
4.667300000000113869e+03 3.987168602179735899e-04
4.668200000000113505e+03 4.005853261332958937e-04
4.669100000000114051e+03 4.077175981365144253e-04
4.670000000000114596e+03 4.147215804550796747e-04
4.670900000000114233e+03 4.211460473015904427e-04
4.671800000000113869e+03 4.244403680786490440e-04
4.672700000000114414e+03 4.235168453305959702e-04
4.673600000000114960e+03 4.225055745337158442e-04
4.674500000000114596e+03 4.242694994900375605e-04
4.675400000000114233e+03 4.281637084204703569e-04
4.676300000000114778e+03 4.313091631047427654e-04
4.677200000000115324e+03 4.297209961805492640e-04
4.678100000000114960e+03 4.237405082676559687e-04
4.679000000000114596e+03 4.185162251815199852e-04
4.679900000000115142e+03 4.169526509940624237e-04
4.680800000000115688e+03 4.171311447862535715e-04
4.681700000000115324e+03 4.183760902378708124e-04
4.682600000000114960e+03 4.213530919514596462e-04
4.683500000000115506e+03 4.244450537953525782e-04
4.684400000000116052e+03 4.249419725965708494e-04
4.685300000000115688e+03 4.248423210810869932e-04
4.686200000000115324e+03 4.255395615473389626e-04
4.687100000000115870e+03 4.250675847288221121e-04
4.688000000000116415e+03 4.240541311446577311e-04
4.688900000000116052e+03 4.240812559146434069e-04
4.689800000000115688e+03 4.235430096741765738e-04
4.690700000000116233e+03 4.213833308313041925e-04
4.691600000000116779e+03 4.208860627841204405e-04
4.692500000000116415e+03 4.229654441587626934e-04
4.693400000000116052e+03 4.247402539476752281e-04
4.694300000000116597e+03 4.260695714037865400e-04
4.695200000000117143e+03 4.280546272639185190e-04
4.696100000000116779e+03 4.286780313123017550e-04
4.697000000000116415e+03 4.251438949722796679e-04
4.697900000000116961e+03 4.183903220109641552e-04
4.698800000000117507e+03 4.142445686738938093e-04
4.699700000000117143e+03 4.157376242801547050e-04
4.700600000000116779e+03 4.178732051514089108e-04
4.701500000000117325e+03 4.152831388637423515e-04
4.702400000000117871e+03 4.096296324860304594e-04
4.703300000000117507e+03 4.082235391251742840e-04
4.704200000000117143e+03 4.140191886108368635e-04
4.705100000000117689e+03 4.196920781396329403e-04
4.706000000000118234e+03 4.195819783490151167e-04
4.706900000000117871e+03 4.145176790188997984e-04
4.707800000000117507e+03 4.095601907465606928e-04
4.708700000000118052e+03 4.079335485585033894e-04
4.709600000000118598e+03 4.104065592400729656e-04
4.710500000000118234e+03 4.166114667896181345e-04
4.711400000000117871e+03 4.219441907480359077e-04
4.712300000000118416e+03 4.215511726215481758e-04
4.713200000000118962e+03 4.164169949945062399e-04
4.714100000000118598e+03 4.108975990675389767e-04
4.715000000000118234e+03 4.112822061870247126e-04
4.715900000000118780e+03 4.179170646239072084e-04
4.716800000000119326e+03 4.236071254126727581e-04
4.717700000000118962e+03 4.249064077157527208e-04
4.718600000000118598e+03 4.252738726790994406e-04
4.719500000000119144e+03 4.267722542863339186e-04
4.720400000000119690e+03 4.274955426808446646e-04
4.721300000000119326e+03 4.259046691004186869e-04
4.722200000000118962e+03 4.235650703776627779e-04
4.723100000000119508e+03 4.238004621583968401e-04
4.724000000000120053e+03 4.268142802175134420e-04
4.724900000000119690e+03 4.289107455406337976e-04
4.725800000000119326e+03 4.264618328306823969e-04
4.726700000000119871e+03 4.186412843409925699e-04
4.727600000000120417e+03 4.109156143385916948e-04
4.728500000000120053e+03 4.087758134119212627e-04
4.729400000000119690e+03 4.094773903489112854e-04
4.730300000000120235e+03 4.084332322236150503e-04
4.731200000000120781e+03 4.077110497746616602e-04
4.732100000000120417e+03 4.113219620194286108e-04
4.733000000000120053e+03 4.157325020059943199e-04
4.733900000000120599e+03 4.177038790658116341e-04
4.734800000000121145e+03 4.183302226010710001e-04
4.735700000000120781e+03 4.149194865021854639e-04
4.736600000000120417e+03 4.098609206266701221e-04
4.737500000000120963e+03 4.112359310965985060e-04
4.738400000000121508e+03 4.172417975496500731e-04
4.739300000000121145e+03 4.188598250038921833e-04
4.740200000000120781e+03 4.161983961239457130e-04
4.741100000000121327e+03 4.150348831899464130e-04
4.742000000000121872e+03 4.172667104285210371e-04
4.742900000000121508e+03 4.201281408313661814e-04
4.743800000000121145e+03 4.207960737403482199e-04
4.744700000000121690e+03 4.191375337541103363e-04
4.745600000000122236e+03 4.189711180515587330e-04
4.746500000000121872e+03 4.211011400911957026e-04
4.747400000000121508e+03 4.216762026771903038e-04
4.748300000000122054e+03 4.201936535537242889e-04
4.749200000000122600e+03 4.202164709568023682e-04
4.750100000000122236e+03 4.214861546643078327e-04
4.751000000000121872e+03 4.213023930788040161e-04
4.751900000000122418e+03 4.190171894151717424e-04
4.752800000000122964e+03 4.166811413597315550e-04
4.753700000000122600e+03 4.142298712395131588e-04
4.754600000000122236e+03 4.117225180380046368e-04
4.755500000000122782e+03 4.102552775293588638e-04
4.756400000000123327e+03 4.102321108803153038e-04
4.757300000000122964e+03 4.122266836930066347e-04
4.758200000000122600e+03 4.146706778556108475e-04
4.759100000000123146e+03 4.166157450526952744e-04
4.760000000000123691e+03 4.169359162915498018e-04
4.760900000000123327e+03 4.124102706555277109e-04
4.761800000000122964e+03 4.043992084916681051e-04
4.762700000000123509e+03 3.992204146925359964e-04
4.763600000000124055e+03 3.981727058999240398e-04
4.764500000000123691e+03 3.981065819971263409e-04
4.765400000000123327e+03 3.977554733864963055e-04
4.766300000000123873e+03 3.993646823801100254e-04
4.767200000000124419e+03 4.035708261653780937e-04
4.768100000000124055e+03 4.078601195942610502e-04
4.769000000000123691e+03 4.112943133804947138e-04
4.769900000000124237e+03 4.128944710828363895e-04
4.770800000000124783e+03 4.097892378922551870e-04
4.771700000000124419e+03 4.056017787661403418e-04
4.772600000000124055e+03 4.061148792970925570e-04
4.773500000000124601e+03 4.110991430934518576e-04
4.774400000000125146e+03 4.153432673774659634e-04
4.775300000000124783e+03 4.153735062573105097e-04
4.776200000000124419e+03 4.143842088524252176e-04
4.777100000000124965e+03 4.158671363256871700e-04
4.778000000000125510e+03 4.161755205132067204e-04
4.778900000000125146e+03 4.127130086999386549e-04
4.779800000000124783e+03 4.093719762749969959e-04
4.780700000000125328e+03 4.104448307771235704e-04
4.781600000000125874e+03 4.120400117244571447e-04
4.782500000000125510e+03 4.095555050298571587e-04
4.783400000000125146e+03 4.067946283612400293e-04
4.784300000000125692e+03 4.082725790794938803e-04
4.785200000000126238e+03 4.086841945536434650e-04
4.786100000000125874e+03 4.043767694383859634e-04
4.787000000000125510e+03 4.024145891889929771e-04
4.787900000000126056e+03 4.042043874505907297e-04
4.788800000000126602e+03 4.037736216560006142e-04
4.789700000000126238e+03 4.030921554658561945e-04
4.790600000000125874e+03 4.052765725646167994e-04
4.791500000000126420e+03 4.071036819368600845e-04
4.792400000000126965e+03 4.081045044586062431e-04
4.793300000000126602e+03 4.112657043151557446e-04
4.794200000000126238e+03 4.153308982495218515e-04
4.795100000000126784e+03 4.164564597886055708e-04
4.796000000000127329e+03 4.144609556533396244e-04
4.796900000000126965e+03 4.108012944925576448e-04
4.797800000000126602e+03 4.060645005665719509e-04
4.798700000000127147e+03 4.015352460555732250e-04
4.799600000000127693e+03 3.998407337348908186e-04
4.800500000000127329e+03 4.021593485958874226e-04
4.801400000000126965e+03 4.072281881235539913e-04
4.802300000000127511e+03 4.109663423150777817e-04
4.803200000000128057e+03 4.095147305633872747e-04
4.804100000000127693e+03 4.031817370560020208e-04
4.805000000000127329e+03 3.978065506089478731e-04
4.805900000000127875e+03 3.983520728070288897e-04
4.806800000000128421e+03 4.008930700365453959e-04
4.807700000000128057e+03 4.010068951174616814e-04
4.808600000000127693e+03 4.007182142231613398e-04
4.809500000000128239e+03 4.010775301139801741e-04
4.810400000000128784e+03 4.007019160781055689e-04
4.811300000000128421e+03 4.000086919404566288e-04
4.812200000000128057e+03 4.003790381830185652e-04
4.813100000000128603e+03 4.018084437120705843e-04
4.814000000000129148e+03 4.030348500236868858e-04
4.814900000000128784e+03 4.039311315864324570e-04
4.815800000000128421e+03 4.047416441608220339e-04
4.816700000000128966e+03 4.052334697917103767e-04
4.817600000000129512e+03 4.048204864375293255e-04
4.818500000000129148e+03 4.047135298606008291e-04
4.819400000000128784e+03 4.046221729367971420e-04
4.820300000000129330e+03 4.033698060084134340e-04
4.821200000000129876e+03 4.016403399873524904e-04
4.822100000000129512e+03 3.962929185945540667e-04
4.823000000000129148e+03 3.852576774079352617e-04
4.823900000000129694e+03 3.782522981055080891e-04
4.824800000000130240e+03 3.827013424597680569e-04
4.825700000000129876e+03 3.914838889613747597e-04
4.826600000000129512e+03 3.955718420911580324e-04
4.827500000000130058e+03 3.941545728594064713e-04
4.828400000000130603e+03 3.905576304532587528e-04
4.829300000000130240e+03 3.886549093294888735e-04
4.830200000000129876e+03 3.883837198372930288e-04
4.831100000000130422e+03 3.859647840727120638e-04
4.832000000000130967e+03 3.824780287686735392e-04
4.832900000000130603e+03 3.826213069260120392e-04
4.833800000000130240e+03 3.846742038149386644e-04
4.834700000000130785e+03 3.842363075818866491e-04
4.835600000000131331e+03 3.811172209680080414e-04
4.836500000000130967e+03 3.793549258261919022e-04
4.837400000000130603e+03 3.789675829466432333e-04
4.838300000000131149e+03 3.754015197046101093e-04
4.839200000000131695e+03 3.691306046675890684e-04
4.840100000000131331e+03 3.651046718005090952e-04
4.841000000000130967e+03 3.652377636171877384e-04
4.841900000000131513e+03 3.648668935056775808e-04
4.842800000000132059e+03 3.608452680055052042e-04
4.843700000000131695e+03 3.574809234123677015e-04
4.844600000000131331e+03 3.574788570404052734e-04
4.845500000000131877e+03 3.569989057723432779e-04
4.846400000000132422e+03 3.523731138557195663e-04
4.847300000000132059e+03 3.427907358855009079e-04
4.848200000000131695e+03 3.325916768517345190e-04
4.849100000000132241e+03 3.284038975834846497e-04
4.850000000000132786e+03 3.290418826509267092e-04
4.850900000000132422e+03 3.270563320256769657e-04
4.851800000000132059e+03 3.209798596799373627e-04
4.852700000000132604e+03 3.137141466140747070e-04
4.853600000000133150e+03 3.037064743693917990e-04
4.854500000000132786e+03 2.883724228013306856e-04
4.855400000000132422e+03 2.737014438025653362e-04
4.856300000000132968e+03 2.665145148057490587e-04
4.857200000000133514e+03 2.621964958962053061e-04
4.858100000000133150e+03 2.512347127776592970e-04
4.859000000000132786e+03 2.296967140864580870e-04
4.859900000000133332e+03 1.990296295844018459e-04
4.860800000000133878e+03 1.722514134598895907e-04
4.861700000000133514e+03 1.717152335913851857e-04
4.862600000000133150e+03 1.980292436201125383e-04
4.863500000000133696e+03 2.264213544549420476e-04
4.864400000000134241e+03 2.451917971484363079e-04
4.865300000000133878e+03 2.600281150080263615e-04
4.866200000000133514e+03 2.736462047323584557e-04
4.867100000000134060e+03 2.847104915417730808e-04
4.868000000000134605e+03 2.938786055892705917e-04
4.868900000000134241e+03 3.022177261300384998e-04
4.869800000000133878e+03 3.059536975342780352e-04
4.870700000000134423e+03 3.033980901818722486e-04
4.871600000000134969e+03 3.032507374882698059e-04
4.872500000000134605e+03 3.124494978692382574e-04
4.873400000000134241e+03 3.246098931413143873e-04
4.874300000000134787e+03 3.319095994811505079e-04
4.875200000000135333e+03 3.344680881127715111e-04
4.876100000000134969e+03 3.372081555426120758e-04
4.877000000000134605e+03 3.423275484237819910e-04
4.877900000000135151e+03 3.487681970000267029e-04
4.878800000000135697e+03 3.575956798158586025e-04
4.879700000000135333e+03 3.652218147180974483e-04
4.880600000000134969e+03 3.655471082311123610e-04
4.881500000000135515e+03 3.618442860897630453e-04
4.882400000000136060e+03 3.613394219428300858e-04
4.883300000000135697e+03 3.629255515988916159e-04
4.884200000000135333e+03 3.623935626819729805e-04
4.885100000000135879e+03 3.608157858252525330e-04
4.886000000000136424e+03 3.613023436628282070e-04
4.886900000000136060e+03 3.645987017080187798e-04
4.887800000000135697e+03 3.682947717607021332e-04
4.888700000000136242e+03 3.693814796861261129e-04
4.889600000000136788e+03 3.662630915641784668e-04
4.890500000000136424e+03 3.596510214265435934e-04
4.891400000000136060e+03 3.591343702282756567e-04
4.892300000000136606e+03 3.698593354783952236e-04
4.893200000000137152e+03 3.822760772891342640e-04
4.894100000000136788e+03 3.895782283507287502e-04
4.895000000000136424e+03 3.933220868930220604e-04
4.895900000000136970e+03 3.943386545870453119e-04
4.896800000000137516e+03 3.942770417779684067e-04
4.897700000000137152e+03 3.939041635021567345e-04
4.898600000000136788e+03 3.907480277121067047e-04
4.899500000000137334e+03 3.846779582090675831e-04
4.900400000000137879e+03 3.824693558271974325e-04
4.901300000000137516e+03 3.853504313156008720e-04
4.902200000000137152e+03 3.861774166580289602e-04
4.903100000000137697e+03 3.834450617432594299e-04
4.904000000000138243e+03 3.835988463833928108e-04
4.904900000000137879e+03 3.888265928253531456e-04
4.905800000000137516e+03 3.941825998481363058e-04
4.906700000000138061e+03 3.948883095290511847e-04
4.907600000000138607e+03 3.913577820640057325e-04
4.908500000000138243e+03 3.861046570818871260e-04
4.909400000000137879e+03 3.791406052187085152e-04
4.910300000000138425e+03 3.730189346242696047e-04
4.911200000000138971e+03 3.730902972165495157e-04
4.912100000000138607e+03 3.785227600019425154e-04
4.913000000000138243e+03 3.837095573544502258e-04
4.913900000000138789e+03 3.876016999129205942e-04
4.914800000000139335e+03 3.921959432773292065e-04
4.915700000000138971e+03 3.950373211409896612e-04
4.916600000000138607e+03 3.919983864761888981e-04
4.917500000000139153e+03 3.828772460110485554e-04
4.918400000000139698e+03 3.707849537022411823e-04
4.919300000000139335e+03 3.606861282605677843e-04
4.920200000000138971e+03 3.567310341168195009e-04
4.921100000000139516e+03 3.612439031712710857e-04
4.922000000000140062e+03 3.681337693706154823e-04
4.922900000000139698e+03 3.673725004773586988e-04
4.923800000000139335e+03 3.625717654358595610e-04
4.924700000000139880e+03 3.665314579848200083e-04
4.925600000000140426e+03 3.789688926190137863e-04
4.926500000000140062e+03 3.881988232024013996e-04
4.927400000000139698e+03 3.903096076101064682e-04
4.928300000000140244e+03 3.916463756468147039e-04
4.929200000000140790e+03 3.939960733987390995e-04
4.930100000000140426e+03 3.942738985642790794e-04
4.931000000000140062e+03 3.929846279788762331e-04
4.931900000000140608e+03 3.891238302458077669e-04
4.932800000000141154e+03 3.796993987634778023e-04
4.933700000000140790e+03 3.716916253324598074e-04
4.934600000000140426e+03 3.748217714019119740e-04
4.935500000000140972e+03 3.828608605545014143e-04
4.936400000000141517e+03 3.842605801764875650e-04
4.937300000000141154e+03 3.782852436415851116e-04
4.938200000000140790e+03 3.712081816047430038e-04
4.939100000000141335e+03 3.701505775097757578e-04
4.940000000000141881e+03 3.775637014769017696e-04
4.940900000000141517e+03 3.867304185405373573e-04
4.941800000000141154e+03 3.905422054231166840e-04
4.942700000000141699e+03 3.912588290404528379e-04
4.943600000000142245e+03 3.926574136130511761e-04
4.944500000000141881e+03 3.919049049727618694e-04
4.945400000000141517e+03 3.882852615788578987e-04
4.946300000000142063e+03 3.865074831992387772e-04
4.947200000000142609e+03 3.886533377226442099e-04
4.948100000000142245e+03 3.910686646122485399e-04
4.949000000000141881e+03 3.914223925676196814e-04
4.949900000000142427e+03 3.910806844942271709e-04
4.950800000000142973e+03 3.909436345566064119e-04
4.951700000000142609e+03 3.894621331710368395e-04
4.952600000000142245e+03 3.868975327350199223e-04
4.953500000000142791e+03 3.858645504806190729e-04
4.954400000000143336e+03 3.865394683089107275e-04
4.955300000000142973e+03 3.846695180982351303e-04
4.956200000000142609e+03 3.735801437869668007e-04
4.957100000000143154e+03 3.581206256058067083e-04
4.958000000000143700e+03 3.570559783838689327e-04
4.958900000000143336e+03 3.723324916791170835e-04
4.959800000000142973e+03 3.861798904836177826e-04
4.960700000000143518e+03 3.900455776602029800e-04
4.961600000000144064e+03 3.885101177729666233e-04
4.962500000000143700e+03 3.880261792801320553e-04
4.963400000000143336e+03 3.885590704157948494e-04
4.964300000000143882e+03 3.858461277559399605e-04
4.965200000000144428e+03 3.801873826887458563e-04
4.966100000000144064e+03 3.770903858821839094e-04
4.967000000000143700e+03 3.770763578359037638e-04
4.967900000000144246e+03 3.768888709601014853e-04
4.968800000000144792e+03 3.764305729418992996e-04
4.969700000000144428e+03 3.769658796954900026e-04
4.970600000000144064e+03 3.785366425290703773e-04
4.971500000000144610e+03 3.817128599621355534e-04
4.972400000000145155e+03 3.844129387289285660e-04
4.973300000000144792e+03 3.858458949252963066e-04
4.974200000000144428e+03 3.869862412102520466e-04
4.975100000000144973e+03 3.865053586196154356e-04
4.976000000000145519e+03 3.845457104034721851e-04
4.976900000000145155e+03 3.823396691586822271e-04
4.977800000000144792e+03 3.792622010223567486e-04
4.978700000000145337e+03 3.768215829040855169e-04
4.979600000000145883e+03 3.759401733987033367e-04
4.980500000000145519e+03 3.735061909537762403e-04
4.981400000000145155e+03 3.663789830170571804e-04
4.982300000000145701e+03 3.572355490177869797e-04
4.983200000000146247e+03 3.533331619109958410e-04
4.984100000000145883e+03 3.563491045497357845e-04
4.985000000000145519e+03 3.624501696322113276e-04
4.985900000000146065e+03 3.697121283039450645e-04
4.986800000000146611e+03 3.772902709897607565e-04
4.987700000000146247e+03 3.809955378528684378e-04
4.988600000000145883e+03 3.794222138822078705e-04
4.989500000000146429e+03 3.754068457055836916e-04
4.990400000000146974e+03 3.711632161866873503e-04
4.991300000000146611e+03 3.700876550283282995e-04
4.992200000000146247e+03 3.724719863384962082e-04
4.993100000000146792e+03 3.729640156961977482e-04
4.994000000000147338e+03 3.726754512172192335e-04
4.994900000000146974e+03 3.757527447305619717e-04
4.995800000000146611e+03 3.787701716646552086e-04
4.996700000000147156e+03 3.787706955336034298e-04
4.997600000000147702e+03 3.770617186091840267e-04
4.998500000000147338e+03 3.731216420419514179e-04
4.999400000000146974e+03 3.672728780657052994e-04
5.000300000000147520e+03 3.621196374297142029e-04
5.001200000000148066e+03 3.594332665670663118e-04
5.002100000000147702e+03 3.604268422350287437e-04
5.003000000000147338e+03 3.640003269538283348e-04
5.003900000000147884e+03 3.649075806606560946e-04
5.004800000000148430e+03 3.598840557970106602e-04
5.005700000000148066e+03 3.531738766469061375e-04
5.006600000000147702e+03 3.530437534209340811e-04
5.007500000000148248e+03 3.615838941186666489e-04
5.008400000000148793e+03 3.709317534230649471e-04
5.009300000000148430e+03 3.734956553671509027e-04
5.010200000000148066e+03 3.709698503371328115e-04
5.011100000000148611e+03 3.662196686491370201e-04
5.012000000000149157e+03 3.596949100028723478e-04
5.012900000000148793e+03 3.544711216818541288e-04
5.013800000000148430e+03 3.522507031448185444e-04
5.014700000000148975e+03 3.544201317708939314e-04
5.015600000000149521e+03 3.588105319067835808e-04
5.016500000000149157e+03 3.571837150957435369e-04
5.017400000000148793e+03 3.471586387604475021e-04
5.018300000000149339e+03 3.400902787689119577e-04
5.019200000000149885e+03 3.455528640188276768e-04
5.020100000000149521e+03 3.558671451173722744e-04
5.021000000000149157e+03 3.599386836867779493e-04
5.021900000000149703e+03 3.584526421036571264e-04
5.022800000000150249e+03 3.592896973714232445e-04
5.023700000000149885e+03 3.641564399003982544e-04
5.024600000000149521e+03 3.677107160910964012e-04
5.025500000000150067e+03 3.682136011775583029e-04
5.026400000000150612e+03 3.653787134680896997e-04
5.027300000000150249e+03 3.611313004512339830e-04
5.028200000000149885e+03 3.619363124016672373e-04
5.029100000000150430e+03 3.661853843368589878e-04
5.030000000000150976e+03 3.672988677863031626e-04
5.030900000000150612e+03 3.667359706014394760e-04
5.031800000000150249e+03 3.693903854582458735e-04
5.032700000000150794e+03 3.738268569577485323e-04
5.033600000000151340e+03 3.749130701180547476e-04
5.034500000000150976e+03 3.690103767439723015e-04
5.035400000000150612e+03 3.598424373194575310e-04
5.036300000000151158e+03 3.572231798898428679e-04
5.037200000000151704e+03 3.614193701650947332e-04
5.038100000000151340e+03 3.622043586801737547e-04
5.039000000000150976e+03 3.556004958227276802e-04
5.039900000000151522e+03 3.443333553150296211e-04
5.040800000000152068e+03 3.348617756273597479e-04
5.041700000000151704e+03 3.382349968887865543e-04
5.042600000000151340e+03 3.534054849296808243e-04
5.043500000000151886e+03 3.657847992144525051e-04
5.044400000000152431e+03 3.711111785378307104e-04
5.045300000000152068e+03 3.741977561730891466e-04
5.046200000000151704e+03 3.754755307454615831e-04
5.047100000000152249e+03 3.716581559274345636e-04
5.048000000000152795e+03 3.638891212176531553e-04
5.048900000000152431e+03 3.582920762710273266e-04
5.049800000000152068e+03 3.572299319785088301e-04
5.050700000000152613e+03 3.572707064449787140e-04
5.051600000000153159e+03 3.569644177332520485e-04
5.052500000000152795e+03 3.597160975914448500e-04
5.053400000000152431e+03 3.648519632406532764e-04
5.054300000000152977e+03 3.671313752420246601e-04
5.055200000000153523e+03 3.647433477453887463e-04
5.056100000000153159e+03 3.624041564762592316e-04
5.057000000000152795e+03 3.647856647148728371e-04
5.057900000000153341e+03 3.692937316372990608e-04
5.058800000000153887e+03 3.710387099999934435e-04
5.059700000000153523e+03 3.706496790982782841e-04
5.060600000000153159e+03 3.714342601597309113e-04
5.061500000000153705e+03 3.731786273419857025e-04
5.062400000000154250e+03 3.730486787389963865e-04
5.063300000000153887e+03 3.682847309391945601e-04
5.064200000000153523e+03 3.594761365093290806e-04
5.065100000000154068e+03 3.547254309523850679e-04
5.066000000000154614e+03 3.576625022105872631e-04
5.066900000000154250e+03 3.604609228204935789e-04
5.067800000000153887e+03 3.592315770220011473e-04
5.068700000000154432e+03 3.587034298107028008e-04
5.069600000000154978e+03 3.618399496190249920e-04
5.070500000000154614e+03 3.637892659753561020e-04
5.071400000000154250e+03 3.600814670789986849e-04
5.072300000000154796e+03 3.560010809451341629e-04
5.073200000000155342e+03 3.571164561435580254e-04
5.074100000000154978e+03 3.589978150557726622e-04
5.075000000000154614e+03 3.578619507607072592e-04
5.075900000000155160e+03 3.577644820325076580e-04
5.076800000000155705e+03 3.607961698435246944e-04
5.077700000000155342e+03 3.607978869695216417e-04
5.078600000000154978e+03 3.522897604852914810e-04
5.079500000000155524e+03 3.422689915169030428e-04
5.080400000000156069e+03 3.413838567212224007e-04
5.081300000000155705e+03 3.479244478512555361e-04
5.082200000000155342e+03 3.529724199324846268e-04
5.083100000000155887e+03 3.534791467245668173e-04
5.084000000000156433e+03 3.549060493241995573e-04
5.084900000000156069e+03 3.589797997847199440e-04
5.085800000000155705e+03 3.613447770476341248e-04
5.086700000000156251e+03 3.602777142077684402e-04
5.087600000000156797e+03 3.590162668842822313e-04
5.088500000000156433e+03 3.599896444939076900e-04
5.089400000000156069e+03 3.615007735788822174e-04
5.090300000000156615e+03 3.613588633015751839e-04
5.091200000000157161e+03 3.613353183027356863e-04
5.092100000000156797e+03 3.628008125815540552e-04
5.093000000000156433e+03 3.646093828137964010e-04
5.093900000000156979e+03 3.651316510513424873e-04
5.094800000000157524e+03 3.638338530436158180e-04
5.095700000000157161e+03 3.601994540076702833e-04
5.096600000000156797e+03 3.541979240253567696e-04
5.097500000000157343e+03 3.476151323411613703e-04
5.098400000000157888e+03 3.420907014515250921e-04
5.099300000000157524e+03 3.407018084544688463e-04
5.100200000000157161e+03 3.457105485722422600e-04
5.101100000000157706e+03 3.534366551320999861e-04
5.102000000000158252e+03 3.586120728868991137e-04
5.102900000000157888e+03 3.594012232497334480e-04
5.103800000000157524e+03 3.581352357286959887e-04
5.104700000000158070e+03 3.570482658687978983e-04
5.105600000000158616e+03 3.557129821274429560e-04
5.106500000000158252e+03 3.525505308061838150e-04
5.107400000000157888e+03 3.492750693112611771e-04
5.108300000000158434e+03 3.494573757052421570e-04
5.109200000000158980e+03 3.501474566292017698e-04
5.110100000000158616e+03 3.497653233353048563e-04
5.111000000000158252e+03 3.523470659274607897e-04
5.111900000000158798e+03 3.568988759070634842e-04
5.112800000000159343e+03 3.592364664655178785e-04
5.113700000000158980e+03 3.598190087359398603e-04
5.114600000000158616e+03 3.595704038161784410e-04
5.115500000000159162e+03 3.593648434616625309e-04
5.116400000000159707e+03 3.609899431467056274e-04
5.117300000000159343e+03 3.635071043390780687e-04
5.118200000000158980e+03 3.641820221673697233e-04
5.119100000000159525e+03 3.626117540989071131e-04
5.120000000000160071e+03 3.597341419663280249e-04
5.120900000000159707e+03 3.566461673472076654e-04
5.121800000000159343e+03 3.530610119923949242e-04
5.122700000000159889e+03 3.480360319372266531e-04
5.123600000000160435e+03 3.436442057136446238e-04
5.124500000000160071e+03 3.431874501984566450e-04
5.125400000000159707e+03 3.448690695222467184e-04
5.126300000000160253e+03 3.455601108726114035e-04
5.127200000000160799e+03 3.445228503551334143e-04
5.128100000000160435e+03 3.430353826843202114e-04
5.129000000000160071e+03 3.424918104428797960e-04
5.129900000000160617e+03 3.446958726271986961e-04
5.130800000000161162e+03 3.486182831693440676e-04
5.131700000000160799e+03 3.506870707497000694e-04
5.132600000000160435e+03 3.504810447338968515e-04
5.133500000000160981e+03 3.505798231344670057e-04
5.134400000000161526e+03 3.539090976119041443e-04
5.135300000000161162e+03 3.568055108189582825e-04
5.136200000000160799e+03 3.536552831064909697e-04
5.137100000000161344e+03 3.478021244518458843e-04
5.138000000000161890e+03 3.436136466916650534e-04
5.138900000000161526e+03 3.405662137083709240e-04
5.139800000000161162e+03 3.422576701268553734e-04
5.140700000000161708e+03 3.470322117209434509e-04
5.141600000000162254e+03 3.452933160588145256e-04
5.142500000000161890e+03 3.400426357984542847e-04
5.143400000000161526e+03 3.413001832086592913e-04
5.144300000000162072e+03 3.458209102973341942e-04
5.145200000000162618e+03 3.459357249084860086e-04
5.146100000000162254e+03 3.433758392930030823e-04
5.147000000000161890e+03 3.418171254452317953e-04
5.147900000000162436e+03 3.420802822802215815e-04
5.148800000000162981e+03 3.444126632530242205e-04
5.149700000000162618e+03 3.459492872934788465e-04
5.150600000000162254e+03 3.439794818405061960e-04
5.151500000000162800e+03 3.411268990021198988e-04
5.152400000000163345e+03 3.394658851902931929e-04
5.153300000000162981e+03 3.382829017937183380e-04
5.154200000000162618e+03 3.390053170733153820e-04
5.155100000000163163e+03 3.433125384617596865e-04
5.156000000000163709e+03 3.486245695967227221e-04
5.156900000000163345e+03 3.527056251186877489e-04
5.157800000000162981e+03 3.544650098774582148e-04
5.158700000000163527e+03 3.540880861692130566e-04
5.159600000000164073e+03 3.534870920702815056e-04
5.160500000000163709e+03 3.525702923070639372e-04
5.161400000000163345e+03 3.490256203804165125e-04
5.162300000000163891e+03 3.454723046161234379e-04
5.163200000000164437e+03 3.450362419243901968e-04
5.164100000000164073e+03 3.434184473007917404e-04
5.165000000000163709e+03 3.355554072186350822e-04
5.165900000000164255e+03 3.216316399630159140e-04
5.166800000000164800e+03 3.054445842280983925e-04
5.167700000000164437e+03 2.958074328489601612e-04
5.168600000000164073e+03 2.997201227117329836e-04
5.169500000000164619e+03 3.143583016935735941e-04
5.170400000000165164e+03 3.251548041589558125e-04
5.171300000000164800e+03 3.187465772498399019e-04
5.172200000000164437e+03 3.049491206184029579e-04
5.173100000000164982e+03 3.063923213630914688e-04
5.174000000000165528e+03 3.251228772569447756e-04
5.174900000000165164e+03 3.424496972002089024e-04
5.175800000000164800e+03 3.479162405710667372e-04
5.176700000000165346e+03 3.474466793704777956e-04
5.177600000000165892e+03 3.481157182250171900e-04
5.178500000000165528e+03 3.492601681500673294e-04
5.179400000000165164e+03 3.488768415991216898e-04
5.180300000000165710e+03 3.475503181107342243e-04
5.181200000000166256e+03 3.429326461628079414e-04
5.182100000000165892e+03 3.285969723947346210e-04
5.183000000000165528e+03 3.078270528931170702e-04
5.183900000000166074e+03 3.001238801516592503e-04
5.184800000000166619e+03 3.138887987006455660e-04
5.185700000000166256e+03 3.323900455143302679e-04
5.186600000000165892e+03 3.412437799852341413e-04
5.187500000000166438e+03 3.403708396945148706e-04
5.188400000000166983e+03 3.373540530446916819e-04
5.189300000000166619e+03 3.396691754460334778e-04
5.190200000000166256e+03 3.418322303332388401e-04
5.191100000000166801e+03 3.344645665492862463e-04
5.192000000000167347e+03 3.253624017816036940e-04
5.192900000000166983e+03 3.267806023359298706e-04
5.193800000000166619e+03 3.337819944135844707e-04
5.194700000000167165e+03 3.351768827997148037e-04
5.195600000000167711e+03 3.329201717860996723e-04
5.196500000000167347e+03 3.323517739772796631e-04
5.197400000000166983e+03 3.334867651574313641e-04
5.198300000000167529e+03 3.366478485986590385e-04
5.199200000000168075e+03 3.413974773138761520e-04
5.200100000000167711e+03 3.444927569944411516e-04
5.201000000000167347e+03 3.445938345976173878e-04
5.201900000000167893e+03 3.431280783843249083e-04
5.202800000000168438e+03 3.412397636566311121e-04
5.203700000000168075e+03 3.370677877683192492e-04
5.204600000000167711e+03 3.298044321127235889e-04
5.205500000000168257e+03 3.253302711527794600e-04
5.206400000000168802e+03 3.272275207564234734e-04
5.207300000000168438e+03 3.291713073849678040e-04
5.208200000000168075e+03 3.272196045145392418e-04
5.209100000000168620e+03 3.283110854681581259e-04
5.210000000000169166e+03 3.337700327392667532e-04
5.210900000000168802e+03 3.388408222235739231e-04
5.211800000000168438e+03 3.432012454140931368e-04
5.212700000000168984e+03 3.465329355094581842e-04
5.213600000000169530e+03 3.461023152340203524e-04
5.214500000000169166e+03 3.403614682611078024e-04
5.215400000000168802e+03 3.329275350552052259e-04
5.216300000000169348e+03 3.297850489616394043e-04
5.217200000000169894e+03 3.326616715639829636e-04
5.218100000000169530e+03 3.388351469766348600e-04
5.219000000000169166e+03 3.441514272708445787e-04
5.219900000000169712e+03 3.466415801085531712e-04
5.220800000000170257e+03 3.474996483419090509e-04
5.221700000000169894e+03 3.471059608273208141e-04
5.222600000000169530e+03 3.448332427069544792e-04
5.223500000000170076e+03 3.403628943488001823e-04
5.224400000000170621e+03 3.331141488160938025e-04
5.225300000000170257e+03 3.218049823772162199e-04
5.226200000000169894e+03 3.092249098699539900e-04
5.227100000000170439e+03 3.064713382627815008e-04
5.228000000000170985e+03 3.190779534634202719e-04
5.228900000000170621e+03 3.342488198541104794e-04
5.229800000000170257e+03 3.413743397686630487e-04
5.230700000000170803e+03 3.430016222409904003e-04
5.231600000000171349e+03 3.400404530111700296e-04
5.232500000000170985e+03 3.318332601338624954e-04
5.233400000000170621e+03 3.250122827012091875e-04
5.234300000000171167e+03 3.242203383706510067e-04
5.235200000000171713e+03 3.283372789155691862e-04
5.236100000000171349e+03 3.345397126395255327e-04
5.237000000000170985e+03 3.390341880731284618e-04
5.237900000000171531e+03 3.408720949664711952e-04
5.238800000000172076e+03 3.415893297642469406e-04
5.239700000000171713e+03 3.422383742872625589e-04
5.240600000000171349e+03 3.436343977227807045e-04
5.241500000000171894e+03 3.440805885475128889e-04
5.242400000000172440e+03 3.424830210860818624e-04
5.243300000000172076e+03 3.419958229642361403e-04
5.244200000000171713e+03 3.447986673563718796e-04
5.245100000000172258e+03 3.461937594693154097e-04
5.246000000000172804e+03 3.414032398723065853e-04
5.246900000000172440e+03 3.344031283631920815e-04
5.247800000000172076e+03 3.327061713207513094e-04
5.248700000000172622e+03 3.343897697050124407e-04
5.249600000000173168e+03 3.325430443510413170e-04
5.250500000000172804e+03 3.296989307273179293e-04
5.251400000000172440e+03 3.316063375677913427e-04
5.252300000000172986e+03 3.358139947522431612e-04
5.253200000000173532e+03 3.367844328749924898e-04
5.254100000000173168e+03 3.334578359499573708e-04
5.255000000000172804e+03 3.306790604256093502e-04
5.255900000000173350e+03 3.339848481118679047e-04
5.256800000000173895e+03 3.406980540603399277e-04
5.257700000000173532e+03 3.451057127676904202e-04
5.258600000000173168e+03 3.456447157077491283e-04
5.259500000000173713e+03 3.429033677093684673e-04
5.260400000000174259e+03 3.381757414899766445e-04
5.261300000000173895e+03 3.316824440844357014e-04
5.262200000000173532e+03 3.239644865971058607e-04
5.263100000000174077e+03 3.165318921674042940e-04
5.264000000000174623e+03 3.104028874076902866e-04
5.264900000000174259e+03 3.069199738092720509e-04
5.265800000000173895e+03 3.083867777604609728e-04
5.266700000000174441e+03 3.166332317050546408e-04
5.267600000000174987e+03 3.238210047129541636e-04
5.268500000000174623e+03 3.182761138305068016e-04
5.269400000000174259e+03 3.061573952436447144e-04
5.270300000000174805e+03 3.059017763007432222e-04
5.271200000000175351e+03 3.188095288351178169e-04
5.272100000000174987e+03 3.288027946837246418e-04
5.273000000000174623e+03 3.290069580543786287e-04
5.273900000000175169e+03 3.241111407987773418e-04
5.274800000000175714e+03 3.176766913384199142e-04
5.275700000000175351e+03 3.158714389428496361e-04
5.276600000000174987e+03 3.245779662393033504e-04
5.277500000000175532e+03 3.364940057508647442e-04
5.278400000000176078e+03 3.412116202525794506e-04
5.279300000000175714e+03 3.385506861377507448e-04
5.280200000000175351e+03 3.341653791721910238e-04
5.281100000000175896e+03 3.312384651508182287e-04
5.282000000000176442e+03 3.285449056420475245e-04
5.282900000000176078e+03 3.241825615987181664e-04
5.283800000000175714e+03 3.216735494788736105e-04
5.284700000000176260e+03 3.276124189142137766e-04
5.285600000000176806e+03 3.385599993634968996e-04
5.286500000000176442e+03 3.450332442298531532e-04
5.287400000000176078e+03 3.449198557063937187e-04
5.288300000000176624e+03 3.428305499255657196e-04
5.289200000000177170e+03 3.427927149459719658e-04
5.290100000000176806e+03 3.440389700699597597e-04
5.291000000000176442e+03 3.439077117945998907e-04
5.291900000000176988e+03 3.418842388782650232e-04
5.292800000000177533e+03 3.395745588932186365e-04
5.293700000000177170e+03 3.390103229321539402e-04
5.294600000000176806e+03 3.392200160305947065e-04
5.295500000000177351e+03 3.364513977430760860e-04
5.296400000000177897e+03 3.290899621788412333e-04
5.297300000000177533e+03 3.211336152162402868e-04
5.298200000000177170e+03 3.195659082848578691e-04
5.299100000000177715e+03 3.257587377447634935e-04
5.300000000000178261e+03 3.317885857541114092e-04
5.300900000000177897e+03 3.319550596643239260e-04
5.301800000000177533e+03 3.298946830909699202e-04
5.302700000000178079e+03 3.314337809570133686e-04
5.303600000000178625e+03 3.363848954904824495e-04
5.304500000000178261e+03 3.398028784431517124e-04
5.305400000000177897e+03 3.391157661098986864e-04
5.306300000000178443e+03 3.358958638273179531e-04
5.307200000000178989e+03 3.335056826472282410e-04
5.308100000000178625e+03 3.347089514136314392e-04
5.309000000000178261e+03 3.381440474186092615e-04
5.309900000000178807e+03 3.403960436116904020e-04
5.310800000000179352e+03 3.403944429010152817e-04
5.311700000000178989e+03 3.390364290680736303e-04
5.312600000000178625e+03 3.368480538483709097e-04
5.313500000000179170e+03 3.350010083522647619e-04
5.314400000000179716e+03 3.328822785988450050e-04
5.315300000000179352e+03 3.265649138484150171e-04
5.316200000000178989e+03 3.182815853506326675e-04
5.317100000000179534e+03 3.178229671902954578e-04
5.318000000000180080e+03 3.256371419411152601e-04
5.318900000000179716e+03 3.321699332445859909e-04
5.319800000000179352e+03 3.339508839417248964e-04
5.320700000000179898e+03 3.339582763146609068e-04
5.321600000000180444e+03 3.333995700813829899e-04
5.322500000000180080e+03 3.310893662273883820e-04
5.323400000000179716e+03 3.258808574173599482e-04
5.324300000000180262e+03 3.214870812371373177e-04
5.325200000000180808e+03 3.224555402994155884e-04
5.326100000000180444e+03 3.235126205254346132e-04
5.327000000000180080e+03 3.154700680170208216e-04
5.327900000000180626e+03 3.022717719431966543e-04
5.328800000000181171e+03 3.000365977641195059e-04
5.329700000000180808e+03 3.118804015684872866e-04
5.330600000000180444e+03 3.247816348448395729e-04
5.331500000000180989e+03 3.300239623058587313e-04
5.332400000000181535e+03 3.292050096206367016e-04
5.333300000000181171e+03 3.284731646999716759e-04
5.334200000000180808e+03 3.304000420030206442e-04
5.335100000000181353e+03 3.316017973702400923e-04
5.336000000000181899e+03 3.294841444585472345e-04
5.336900000000181535e+03 3.265075501985847950e-04
5.337800000000181171e+03 3.254756738897413015e-04
5.338700000000181717e+03 3.237949858885258436e-04
5.339600000000182263e+03 3.189168346580117941e-04
5.340500000000181899e+03 3.160110500175505877e-04
5.341400000000181535e+03 3.204429813195019960e-04
5.342300000000182081e+03 3.279952507000416517e-04
5.343200000000182627e+03 3.319470852147787809e-04
5.344100000000182263e+03 3.317483642604202032e-04
5.345000000000181899e+03 3.285317216068506241e-04
5.345900000000182445e+03 3.257179923821240664e-04
5.346800000000182990e+03 3.261344681959599257e-04
5.347700000000182627e+03 3.264614788349717855e-04
5.348600000000182263e+03 3.246034611947834492e-04
5.349500000000182808e+03 3.243761893827468157e-04
5.350400000000183354e+03 3.280831442680209875e-04
5.351300000000182990e+03 3.325595753267407417e-04
5.352200000000182627e+03 3.335941000841557980e-04
5.353100000000183172e+03 3.327021549921482801e-04
5.354000000000183718e+03 3.339573158882558346e-04
5.354900000000183354e+03 3.372701758053153753e-04
5.355800000000182990e+03 3.390836936887353659e-04
5.356700000000183536e+03 3.389986231923103333e-04
5.357600000000184082e+03 3.383754519745707512e-04
5.358500000000183718e+03 3.379402332939207554e-04
5.359400000000183354e+03 3.375065571162849665e-04
5.360300000000183900e+03 3.357195528224110603e-04
5.361200000000184446e+03 3.309872408863157034e-04
5.362100000000184082e+03 3.253404283896088600e-04
5.363000000000183718e+03 3.227884008083492517e-04
5.363900000000184264e+03 3.229638386983424425e-04
5.364800000000184809e+03 3.227401466574519873e-04
5.365700000000184446e+03 3.230153524782508612e-04
5.366600000000184082e+03 3.239433572161942720e-04
5.367500000000184627e+03 3.242161765228956938e-04
5.368400000000185173e+03 3.228128189221024513e-04
5.369300000000184809e+03 3.177089383825659752e-04
5.370200000000184446e+03 3.108870878349989653e-04
5.371100000000184991e+03 3.083183837588876486e-04
5.372000000000185537e+03 3.142896166536957026e-04
5.372900000000185173e+03 3.244742983952164650e-04
5.373800000000184809e+03 3.313476627226918936e-04
5.374700000000185355e+03 3.339369141031056643e-04
5.375600000000185901e+03 3.340990515425801277e-04
5.376500000000185537e+03 3.328003222122788429e-04
5.377400000000185173e+03 3.318855597171932459e-04
5.378300000000185719e+03 3.313971974421292543e-04
5.379200000000186265e+03 3.294497146271169186e-04
5.380100000000185901e+03 3.261446545366197824e-04
5.381000000000185537e+03 3.242869861423969269e-04
5.381900000000186083e+03 3.238509816583245993e-04
5.382800000000186628e+03 3.228655550628900528e-04
5.383700000000186265e+03 3.238369536120444536e-04
5.384600000000185901e+03 3.276994393672794104e-04
5.385500000000186446e+03 3.299704985693097115e-04
5.386400000000186992e+03 3.293750633019953966e-04
5.387300000000186628e+03 3.283037804067134857e-04
5.388200000000186265e+03 3.270893939770758152e-04
5.389100000000186810e+03 3.245639964006841183e-04
5.390000000000187356e+03 3.222866216674447060e-04
5.390900000000186992e+03 3.214223834220319986e-04
5.391800000000186628e+03 3.209181013517081738e-04
5.392700000000187174e+03 3.199987404514104128e-04
5.393600000000187720e+03 3.196357283741235733e-04
5.394500000000187356e+03 3.200141072738915682e-04
5.395400000000186992e+03 3.182680811733007431e-04
5.396300000000187538e+03 3.126366646029055119e-04
5.397200000000188084e+03 3.096168220508843660e-04
5.398100000000187720e+03 3.142093773931264877e-04
5.399000000000187356e+03 3.199943457730114460e-04
5.399900000000187902e+03 3.207311092410236597e-04
5.400800000000188447e+03 3.197326441295444965e-04
5.401700000000188084e+03 3.206750552635639906e-04
5.402600000000187720e+03 3.195388417225331068e-04
5.403500000000188265e+03 3.133263671770691872e-04
5.404400000000188811e+03 3.060681920032948256e-04
5.405300000000188447e+03 3.033213724847882986e-04
5.406200000000188084e+03 3.067980578634887934e-04
5.407100000000188629e+03 3.132452548015862703e-04
5.408000000000189175e+03 3.163605579175055027e-04
5.408900000000188811e+03 3.135252336505800486e-04
5.409800000000188447e+03 3.096810251008719206e-04
5.410700000000188993e+03 3.114553401246666908e-04
5.411600000000189539e+03 3.179382183589041233e-04
5.412500000000189175e+03 3.225259133614599705e-04
5.413400000000188811e+03 3.214617026969790459e-04
5.414300000000189357e+03 3.179370833095163107e-04
5.415200000000189902e+03 3.178682236466556787e-04
5.416100000000189539e+03 3.223412786610424519e-04
5.417000000000189175e+03 3.258698561694473028e-04
5.417900000000189721e+03 3.252339083701372147e-04
5.418800000000190266e+03 3.224033571314066648e-04
5.419700000000189902e+03 3.198368067387491465e-04
5.420600000000189539e+03 3.193833690602332354e-04
5.421500000000190084e+03 3.213932213839143515e-04
5.422400000000190630e+03 3.216665936633944511e-04
5.423300000000190266e+03 3.163721994496881962e-04
5.424200000000189902e+03 3.112066478934139013e-04
5.425100000000190448e+03 3.135082370135933161e-04
5.426000000000190994e+03 3.207384434062987566e-04
5.426900000000190630e+03 3.255064366385340691e-04
5.427800000000190266e+03 3.227450361009687185e-04
5.428700000000190812e+03 3.132939164061099291e-04
5.429600000000191358e+03 3.070831589866429567e-04
5.430500000000190994e+03 3.111808327957987785e-04
5.431400000000190630e+03 3.171669668518006802e-04
5.432300000000191176e+03 3.163419605698436499e-04
5.433200000000191721e+03 3.123008355032652617e-04
5.434100000000191358e+03 3.095287829637527466e-04
5.435000000000190994e+03 3.096995060332119465e-04
5.435900000000191540e+03 3.125426592305302620e-04
5.436800000000192085e+03 3.170300333295017481e-04
5.437700000000191721e+03 3.222411323804408312e-04
5.438600000000191358e+03 3.261052770540118217e-04
5.439500000000191903e+03 3.276527568232268095e-04
5.440400000000192449e+03 3.274354094173759222e-04
5.441300000000192085e+03 3.262940153945237398e-04
5.442200000000191721e+03 3.255784686189144850e-04
5.443100000000192267e+03 3.246694977860897779e-04
5.444000000000192813e+03 3.213105082977563143e-04
5.444900000000192449e+03 3.148483228869736195e-04
5.445800000000192085e+03 3.072328981943428516e-04
5.446700000000192631e+03 3.038495779037475586e-04
5.447600000000193177e+03 3.090128302574157715e-04
5.448500000000192813e+03 3.172837023157626390e-04
5.449400000000192449e+03 3.216825134586542845e-04
5.450300000000192995e+03 3.221984079573303461e-04
5.451200000000193540e+03 3.214307944290339947e-04
5.452100000000193177e+03 3.205437096767127514e-04
5.453000000000192813e+03 3.184973029419779778e-04
5.453900000000193359e+03 3.129371034447103739e-04
5.454800000000193904e+03 3.047745849471539259e-04
5.455700000000193540e+03 3.018967108801007271e-04
5.456600000000193177e+03 3.084463824052363634e-04
5.457500000000193722e+03 3.170256386511027813e-04
5.458400000000194268e+03 3.211528819520026445e-04
5.459300000000193904e+03 3.208495618309825659e-04
5.460200000000193540e+03 3.187778056599199772e-04
5.461100000000194086e+03 3.159103798680007458e-04
5.462000000000194632e+03 3.112703852821141481e-04
5.462900000000194268e+03 3.075236163567751646e-04
5.463800000000193904e+03 3.090578829869627953e-04
5.464700000000194450e+03 3.129695833195000887e-04
5.465600000000194996e+03 3.135302395094186068e-04
5.466500000000194632e+03 3.124773793388158083e-04
5.467400000000194268e+03 3.141656052321195602e-04
5.468300000000194814e+03 3.167539252899587154e-04
5.469200000000195359e+03 3.168132388964295387e-04
5.470100000000194996e+03 3.149936965201050043e-04
5.471000000000194632e+03 3.141301567666232586e-04
5.471900000000195178e+03 3.132875717710703611e-04
5.472800000000195723e+03 3.109102835878729820e-04
5.473700000000195359e+03 3.097043372690677643e-04
5.474600000000194996e+03 3.094171697739511728e-04
5.475500000000195541e+03 3.044775221496820450e-04
5.476400000000196087e+03 2.971495850943028927e-04
5.477300000000195723e+03 2.973403024952858686e-04
5.478200000000195359e+03 3.053997061215341091e-04
5.479100000000195905e+03 3.119111061096191406e-04
5.480000000000196451e+03 3.110515244770795107e-04
5.480900000000196087e+03 3.065220080316066742e-04
5.481800000000195723e+03 3.053418768104165792e-04
5.482700000000196269e+03 3.084280178882181644e-04
5.483600000000196815e+03 3.127698437310755253e-04
5.484500000000196451e+03 3.165503439959138632e-04
5.485400000000196087e+03 3.172444121446460485e-04
5.486300000000196633e+03 3.134436847176402807e-04
5.487200000000197178e+03 3.086745273321866989e-04
5.488100000000196815e+03 3.083579649683088064e-04
5.489000000000196451e+03 3.111106343567371368e-04
5.489900000000196997e+03 3.127124218735843897e-04
5.490800000000197542e+03 3.131469711661338806e-04
5.491700000000197178e+03 3.130512195639312267e-04
5.492600000000196815e+03 3.114209976047277451e-04
5.493500000000197360e+03 3.101211332250386477e-04
5.494400000000197906e+03 3.116684965789318085e-04
5.495300000000197542e+03 3.135734586976468563e-04
5.496200000000197178e+03 3.114677674602717161e-04
5.497100000000197724e+03 3.077531873714178801e-04
5.498000000000198270e+03 3.087479562964290380e-04
5.498900000000197906e+03 3.134536964353173971e-04
5.499800000000197542e+03 3.142153145745396614e-04
5.500700000000198088e+03 3.091664402745664120e-04
5.501600000000198634e+03 3.040759766008704901e-04
5.502500000000198270e+03 3.037726273760199547e-04
5.503400000000197906e+03 3.068883088417351246e-04
5.504300000000198452e+03 3.090096579398959875e-04
5.505200000000198997e+03 3.068546066060662270e-04
5.506100000000198634e+03 3.028451465070247650e-04
5.507000000000198270e+03 3.032320819329470396e-04
5.507900000000198816e+03 3.074046107940375805e-04
5.508800000000199361e+03 3.090487443841993809e-04
5.509700000000198997e+03 3.078426525462418795e-04
5.510600000000198634e+03 3.063251497223973274e-04
5.511500000000199179e+03 3.043121250811964273e-04
5.512400000000199725e+03 3.025895857717841864e-04
5.513300000000199361e+03 3.033557441085577011e-04
5.514200000000198997e+03 3.058702568523585796e-04
5.515100000000199543e+03 3.084251075051724911e-04
5.516000000000200089e+03 3.100071917288005352e-04
5.516900000000199725e+03 3.112731210421770811e-04
5.517800000000199361e+03 3.133775317110121250e-04
5.518700000000199907e+03 3.149922704324126244e-04
5.519600000000200453e+03 3.147171228192746639e-04
5.520500000000200089e+03 3.135075967293232679e-04
5.521400000000199725e+03 3.126199881080538034e-04
5.522300000000200271e+03 3.123537753708660603e-04
5.523200000000200816e+03 3.123207716271281242e-04
5.524100000000200453e+03 3.113434358965605497e-04
5.525000000000200089e+03 3.088230732828378677e-04
5.525900000000200635e+03 3.052823594771325588e-04
5.526800000000201180e+03 3.006965562235563993e-04
5.527700000000200816e+03 2.963528968393802643e-04
5.528600000000200453e+03 2.967473119497299194e-04
5.529500000000200998e+03 3.025832993444055319e-04
5.530400000000201544e+03 3.082259208895266056e-04
5.531300000000201180e+03 3.099258465226739645e-04
5.532200000000200816e+03 3.090223181061446667e-04
5.533100000000201362e+03 3.068658115807920694e-04
5.534000000000201908e+03 3.032356326002627611e-04
5.534900000000201544e+03 3.008296189364045858e-04
5.535800000000201180e+03 3.030850493814796209e-04
5.536700000000201726e+03 3.071956452913582325e-04
5.537600000000202272e+03 3.091798571404069662e-04
5.538500000000201908e+03 3.099394671153277159e-04
5.539400000000201544e+03 3.112883423455059528e-04
5.540300000000202090e+03 3.125942021142691374e-04
5.541200000000202635e+03 3.125226357951760292e-04
5.542100000000202272e+03 3.100516914855688810e-04
5.543000000000201908e+03 3.064970369450747967e-04
5.543900000000202454e+03 3.050732484553009272e-04
5.544800000000202999e+03 3.057874855585396290e-04
5.545700000000202635e+03 3.065708151552826166e-04
5.546600000000202272e+03 3.074455598834902048e-04
5.547500000000202817e+03 3.093427803833037615e-04
5.548400000000203363e+03 3.112441336270421743e-04
5.549300000000202999e+03 3.121136687695980072e-04
5.550200000000202635e+03 3.124924551229923964e-04
5.551100000000203181e+03 3.120962937828153372e-04
5.552000000000203727e+03 3.105571959167718887e-04
5.552900000000203363e+03 3.082102630287408829e-04
5.553800000000202999e+03 3.060759336221963167e-04
5.554700000000203545e+03 3.056325076613575220e-04
5.555600000000204091e+03 3.070381353609263897e-04
5.556500000000203727e+03 3.081294125877320766e-04
5.557400000000203363e+03 3.077541186939924955e-04
5.558300000000203909e+03 3.073402622248977423e-04
5.559200000000204454e+03 3.074267006013542414e-04
5.560100000000204091e+03 3.074458800256252289e-04
5.561000000000203727e+03 3.068871446885168552e-04
5.561900000000204273e+03 3.051205130759626627e-04
5.562800000000204818e+03 3.028856590390205383e-04
5.563700000000204454e+03 3.022639721166342497e-04
5.564600000000204091e+03 3.022247983608394861e-04
5.565500000000204636e+03 3.014823014382272959e-04
5.566400000000205182e+03 3.014328249264508486e-04
5.567300000000204818e+03 3.021372249349951744e-04
5.568200000000204454e+03 3.018412971869111061e-04
5.569100000000205000e+03 3.004912286996841431e-04
5.570000000000205546e+03 3.012652159668505192e-04
5.570900000000205182e+03 3.036095004063099623e-04
5.571800000000204818e+03 3.022399323526769876e-04
5.572700000000205364e+03 2.990215434692800045e-04
5.573600000000205910e+03 3.004043828696012497e-04
5.574500000000205546e+03 3.039817675016820431e-04
5.575400000000205182e+03 3.041838936042040586e-04
5.576300000000205728e+03 3.029067302122712135e-04
5.577200000000206273e+03 3.032088861800730228e-04
5.578100000000205910e+03 3.037459973711520433e-04
5.579000000000205546e+03 3.045953053515404463e-04
5.579900000000206091e+03 3.057739813812077045e-04
5.580800000000206637e+03 3.050526429433375597e-04
5.581700000000206273e+03 3.031991072930395603e-04
5.582600000000205910e+03 3.027588536497205496e-04
5.583500000000206455e+03 3.036959096789360046e-04
5.584400000000207001e+03 3.034664841834455729e-04
5.585300000000206637e+03 2.996724797412753105e-04
5.586200000000206273e+03 2.932814822997897863e-04
5.587100000000206819e+03 2.882593253161758184e-04
5.588000000000207365e+03 2.872745099011808634e-04
5.588900000000207001e+03 2.897175145335495472e-04
5.589800000000206637e+03 2.938948455266654491e-04
5.590700000000207183e+03 2.979330602101981640e-04
5.591600000000207729e+03 2.996740222442895174e-04
5.592500000000207365e+03 2.990072243846952915e-04
5.593400000000207001e+03 2.969436172861605883e-04
5.594300000000207547e+03 2.961907885037362576e-04
5.595200000000208092e+03 2.994999231304973364e-04
5.596100000000207729e+03 3.034953842870891094e-04
5.597000000000207365e+03 3.024339675903320312e-04
5.597900000000207910e+03 2.978741540573537350e-04
5.598800000000208456e+03 2.957240794785320759e-04
5.599700000000208092e+03 2.965030726045370102e-04
5.600600000000207729e+03 2.962282742373645306e-04
5.601500000000208274e+03 2.937801764346659184e-04
5.602400000000208820e+03 2.919116523116827011e-04
5.603300000000208456e+03 2.943269500974565744e-04
5.604200000000208092e+03 3.003591264132410288e-04
5.605100000000208638e+03 3.052160027436912060e-04
5.606000000000209184e+03 3.071284445468336344e-04
5.606900000000208820e+03 3.071883402299135923e-04
5.607800000000208456e+03 3.063213371206074953e-04
5.608700000000209002e+03 3.056561399716883898e-04
5.609600000000209548e+03 3.052164393011480570e-04
5.610500000000209184e+03 3.052732208743691444e-04
5.611400000000208820e+03 3.063966287299990654e-04
5.612300000000209366e+03 3.070981474593281746e-04
5.613200000000209911e+03 3.047929785680025816e-04
5.614100000000209548e+03 2.973635564558207989e-04
5.615000000000209184e+03 2.889596798922866583e-04
5.615900000000209729e+03 2.878429077100008726e-04
5.616800000000210275e+03 2.938782854471355677e-04
5.617700000000209911e+03 2.990090579260140657e-04
5.618600000000209548e+03 2.997349074576050043e-04
5.619500000000210093e+03 2.986429026350378990e-04
5.620400000000210639e+03 2.987883344758301973e-04
5.621300000000210275e+03 3.004374448210000992e-04
5.622200000000209911e+03 3.012822999153286219e-04
5.623100000000210457e+03 2.979875716846436262e-04
5.624000000000211003e+03 2.925569133367389441e-04
5.624900000000210639e+03 2.904936845880001783e-04
5.625800000000210275e+03 2.936256059911102057e-04
5.626700000000210821e+03 2.974120434373617172e-04
5.627600000000211367e+03 2.988364722114056349e-04
5.628500000000211003e+03 3.000640717800706625e-04
5.629400000000210639e+03 3.020456933882087469e-04
5.630300000000211185e+03 3.031842352356761694e-04
5.631200000000211730e+03 3.031132800970226526e-04
5.632100000000211367e+03 3.020816075149923563e-04
5.633000000000211003e+03 3.001899167429655790e-04
5.633900000000211548e+03 2.986616746056824923e-04
5.634800000000212094e+03 2.977787225972861052e-04
5.635700000000211730e+03 2.966358151752501726e-04
5.636600000000211367e+03 2.948601031675934792e-04
5.637500000000211912e+03 2.939433034043759108e-04
5.638400000000212458e+03 2.951405185740441084e-04
5.639300000000212094e+03 2.966317115351557732e-04
5.640200000000211730e+03 2.955255331471562386e-04
5.641100000000212276e+03 2.934700169134885073e-04
5.642000000000212822e+03 2.937422541435807943e-04
5.642900000000212458e+03 2.954812080133706331e-04
5.643800000000212094e+03 2.963415172416716814e-04
5.644700000000212640e+03 2.967497857753187418e-04
5.645600000000213186e+03 2.973375376313924789e-04
5.646500000000212822e+03 2.981756988447159529e-04
5.647400000000212458e+03 2.987195039168000221e-04
5.648300000000213004e+03 2.982890291605144739e-04
5.649200000000213549e+03 2.974879462271928787e-04
5.650100000000213186e+03 2.974432718474417925e-04
5.651000000000212822e+03 2.983186859637498856e-04
5.651900000000213367e+03 2.994656970258802176e-04
5.652800000000213913e+03 2.992286172229796648e-04
5.653700000000213549e+03 2.967629116028547287e-04
5.654600000000213186e+03 2.939541882369667292e-04
5.655500000000213731e+03 2.937964163720607758e-04
5.656400000000214277e+03 2.935858501587063074e-04
5.657300000000213913e+03 2.880175306927412748e-04
5.658200000000213549e+03 2.813148603308945894e-04
5.659100000000214095e+03 2.823826507665216923e-04
5.660000000000214641e+03 2.890934410970658064e-04
5.660900000000214277e+03 2.924673899542540312e-04
5.661800000000213913e+03 2.904176362790167332e-04
5.662700000000214459e+03 2.890633477363735437e-04
5.663600000000215005e+03 2.917660749517381191e-04
5.664500000000214641e+03 2.956489915959537029e-04
5.665400000000214277e+03 2.968305780086666346e-04
5.666300000000214823e+03 2.947328612208366394e-04
5.667200000000215368e+03 2.920730912592262030e-04
5.668100000000215005e+03 2.912110066972672939e-04
5.669000000000214641e+03 2.920166589319705963e-04
5.669900000000215186e+03 2.933034556917846203e-04
5.670800000000215732e+03 2.946460444945842028e-04
5.671700000000215368e+03 2.965875901281833649e-04
5.672600000000215005e+03 2.987014595419168472e-04
5.673500000000215550e+03 2.995421818923205137e-04
5.674400000000216096e+03 2.986774488817900419e-04
5.675300000000215732e+03 2.974666422232985497e-04
5.676200000000215368e+03 2.976609393954277039e-04
5.677100000000215914e+03 2.980903373099863529e-04
5.678000000000216460e+03 2.972336078528314829e-04
5.678900000000216096e+03 2.961603167932480574e-04
5.679800000000215732e+03 2.958196273539215326e-04
5.680700000000216278e+03 2.952828363049775362e-04
5.681600000000216824e+03 2.926231827586889267e-04
5.682500000000216460e+03 2.896412916015833616e-04
5.683400000000216096e+03 2.891623880714178085e-04
5.684300000000216642e+03 2.906323934439569712e-04
5.685200000000217187e+03 2.917558595072478056e-04
5.686100000000216824e+03 2.909359754994511604e-04
5.687000000000216460e+03 2.891484473366290331e-04
5.687900000000217005e+03 2.882813278120011091e-04
5.688800000000217551e+03 2.893058699555695057e-04
5.689700000000217187e+03 2.917608944699168205e-04
5.690600000000216824e+03 2.938459510914981365e-04
5.691500000000217369e+03 2.954889787361025810e-04
5.692400000000217915e+03 2.965884050354361534e-04
5.693300000000217551e+03 2.962295839097350836e-04
5.694200000000217187e+03 2.951345231849700212e-04
5.695100000000217733e+03 2.949667687062174082e-04
5.696000000000218279e+03 2.957926189992576838e-04
5.696900000000217915e+03 2.955809177365154028e-04
5.697800000000217551e+03 2.934934163931757212e-04
5.698700000000218097e+03 2.917516976594924927e-04
5.699600000000218643e+03 2.908465103246271610e-04
5.700500000000218279e+03 2.891737967729568481e-04
5.701400000000217915e+03 2.875801874324679375e-04
5.702300000000218461e+03 2.882383414544165134e-04
5.703200000000219006e+03 2.906148147303611040e-04
5.704100000000218643e+03 2.920685801655054092e-04
5.705000000000218279e+03 2.906370791606605053e-04
5.705900000000218824e+03 2.874134224839508533e-04
5.706800000000219370e+03 2.850673045031726360e-04
5.707700000000219006e+03 2.832983736880123615e-04
5.708600000000218643e+03 2.807911951094865799e-04
5.709500000000219188e+03 2.800255315378308296e-04
5.710400000000219734e+03 2.812678867485374212e-04
5.711300000000219370e+03 2.819825313054025173e-04
5.712200000000219006e+03 2.841701789293438196e-04
5.713100000000219552e+03 2.889544120989739895e-04
5.714000000000220098e+03 2.920110709965229034e-04
5.714900000000219734e+03 2.921883424278348684e-04
5.715800000000219370e+03 2.920613042078912258e-04
5.716700000000219916e+03 2.922519925050437450e-04
5.717600000000220462e+03 2.917401725426316261e-04
5.718500000000220098e+03 2.915994555223733187e-04
5.719400000000219734e+03 2.924174768850207329e-04
5.720300000000220280e+03 2.932893985416740179e-04
5.721200000000220825e+03 2.941467100754380226e-04
5.722100000000220462e+03 2.948979963548481464e-04
5.723000000000220098e+03 2.954521914944052696e-04
5.723900000000220643e+03 2.955750096589326859e-04
5.724800000000221189e+03 2.948840556200593710e-04
5.725700000000220825e+03 2.931231283582746983e-04
5.726600000000220462e+03 2.907966554630547762e-04
5.727500000000221007e+03 2.902614069171249866e-04
5.728400000000221553e+03 2.919305115938186646e-04
5.729300000000221189e+03 2.930707414634525776e-04
5.730200000000220825e+03 2.919550461228936911e-04
5.731100000000221371e+03 2.898107049986720085e-04
5.732000000000221917e+03 2.895569195970892906e-04
5.732900000000221553e+03 2.915981167461723089e-04
5.733800000000221189e+03 2.934691437985748053e-04
5.734700000000221735e+03 2.941848943009972572e-04
5.735600000000222281e+03 2.938105608336627483e-04
5.736500000000221917e+03 2.926743763964623213e-04
5.737400000000221553e+03 2.916697703767567873e-04
5.738300000000222099e+03 2.913580392487347126e-04
5.739200000000222644e+03 2.914891229011118412e-04
5.740100000000222281e+03 2.916795783676207066e-04
5.741000000000221917e+03 2.912627242039889097e-04
5.741900000000222462e+03 2.903586428146809340e-04
5.742800000000223008e+03 2.900269755627959967e-04
5.743700000000222644e+03 2.909266913775354624e-04
5.744600000000222281e+03 2.923939318861812353e-04
5.745500000000222826e+03 2.929657348431646824e-04
5.746400000000223372e+03 2.913395001087337732e-04
5.747300000000223008e+03 2.879708190448582172e-04
5.748200000000222644e+03 2.866459835786372423e-04
5.749100000000223190e+03 2.888041490223258734e-04
5.750000000000223736e+03 2.917477395385503769e-04
5.750900000000223372e+03 2.917205274570733309e-04
5.751800000000223008e+03 2.881053369492292404e-04
5.752700000000223554e+03 2.835871709976345301e-04
5.753600000000224099e+03 2.809968718793243170e-04
5.754500000000223736e+03 2.823859394993633032e-04
5.755400000000223372e+03 2.867236908059567213e-04
5.756300000000223918e+03 2.903671120293438435e-04
5.757200000000224463e+03 2.920360711868852377e-04
5.758100000000224099e+03 2.918285899795591831e-04
5.759000000000223736e+03 2.902812266256660223e-04
5.759900000000224281e+03 2.881346445064991713e-04
5.760800000000224827e+03 2.856773207895457745e-04
5.761700000000224463e+03 2.831218007486313581e-04
5.762600000000224099e+03 2.818201901391148567e-04
5.763500000000224645e+03 2.838532091118395329e-04
5.764400000000225191e+03 2.882375556509941816e-04
5.765300000000224827e+03 2.911455812864005566e-04
5.766200000000224463e+03 2.918393875006586313e-04
5.767100000000225009e+03 2.914579235948622227e-04
5.768000000000225555e+03 2.906996814999729395e-04
5.768900000000225191e+03 2.900542458519339561e-04
5.769800000000224827e+03 2.895829093176871538e-04
5.770700000000225373e+03 2.887781010940670967e-04
5.771600000000225918e+03 2.876860671676695347e-04
5.772500000000225555e+03 2.873620251193642616e-04
5.773400000000225191e+03 2.874155761674046516e-04
5.774300000000225737e+03 2.866636787075549364e-04
5.775200000000226282e+03 2.866444701794534922e-04
5.776100000000225918e+03 2.876252983696758747e-04
5.777000000000225555e+03 2.884677378460764885e-04
5.777900000000226100e+03 2.885294379666447639e-04
5.778800000000226646e+03 2.869043673854321241e-04
5.779700000000226282e+03 2.829600416589528322e-04
5.780600000000225918e+03 2.785102406051009893e-04
5.781500000000226464e+03 2.765175595413893461e-04
5.782400000000227010e+03 2.773815649561583996e-04
5.783300000000226646e+03 2.786329423543065786e-04
5.784200000000226282e+03 2.784910320769995451e-04
5.785100000000226828e+03 2.780185604933649302e-04
5.786000000000227374e+03 2.797034103423357010e-04
5.786900000000227010e+03 2.826875133905559778e-04
5.787800000000226646e+03 2.846518473234027624e-04
5.788700000000227192e+03 2.855579368770122528e-04
5.789600000000227737e+03 2.848305157385766506e-04
5.790500000000227374e+03 2.827497664839029312e-04
5.791400000000227010e+03 2.822021779138594866e-04
5.792300000000227556e+03 2.836785570252686739e-04
5.793200000000228101e+03 2.853252517525106668e-04
5.794100000000227737e+03 2.866101276595145464e-04
5.795000000000227374e+03 2.878956729546189308e-04
5.795900000000227919e+03 2.878775994759052992e-04
5.796800000000228465e+03 2.853394253179430962e-04
5.797700000000228101e+03 2.831288729794323444e-04
5.798600000000227737e+03 2.843463735189288855e-04
5.799500000000228283e+03 2.875741338357329369e-04
5.800400000000228829e+03 2.895863144658505917e-04
5.801300000000228465e+03 2.901623665820807219e-04
5.802200000000228101e+03 2.896858786698430777e-04
5.803100000000228647e+03 2.876116195693612099e-04
5.804000000000229193e+03 2.849803422577679157e-04
5.804900000000228829e+03 2.834339102264493704e-04
5.805800000000228465e+03 2.832891477737575769e-04
5.806700000000229011e+03 2.842359244823455811e-04
5.807600000000229556e+03 2.851939934771507978e-04
5.808500000000229193e+03 2.854306367225944996e-04
5.809400000000228829e+03 2.856897190213203430e-04
5.810300000000229375e+03 2.863717090804129839e-04
5.811200000000229920e+03 2.868116425815969706e-04
5.812100000000229556e+03 2.866971481125801802e-04
5.813000000000229193e+03 2.862342516891658306e-04
5.813900000000229738e+03 2.855332568287849426e-04
5.814800000000230284e+03 2.837663050740957260e-04
5.815700000000229920e+03 2.819723449647426605e-04
5.816600000000229556e+03 2.821297093760222197e-04
5.817500000000230102e+03 2.847494615707546473e-04
5.818400000000230648e+03 2.873384219128638506e-04
5.819300000000230284e+03 2.881503314711153507e-04
5.820200000000229920e+03 2.880738757085055113e-04
5.821100000000230466e+03 2.878874947782605886e-04
5.822000000000231012e+03 2.873695630114525557e-04
5.822900000000230648e+03 2.867822477128356695e-04
5.823800000000230284e+03 2.866507566068321466e-04
5.824700000000230830e+03 2.871910110116004944e-04
5.825600000000231375e+03 2.873206394724547863e-04
5.826500000000231012e+03 2.869415329769253731e-04
5.827400000000230648e+03 2.868489536922425032e-04
5.828300000000231194e+03 2.871508186217397451e-04
5.829200000000231739e+03 2.874323981814086437e-04
5.830100000000231375e+03 2.870156313292682171e-04
5.831000000000231012e+03 2.864575653802603483e-04
5.831900000000231557e+03 2.864784910343587399e-04
5.832800000000232103e+03 2.863891713786870241e-04
5.833700000000231739e+03 2.855159400496631861e-04
5.834600000000231375e+03 2.845576091203838587e-04
5.835500000000231921e+03 2.847023715730756521e-04
5.836400000000232467e+03 2.854868362192064524e-04
5.837300000000232103e+03 2.855577622540295124e-04
5.838200000000231739e+03 2.850478340405970812e-04
5.839100000000232285e+03 2.851603494491428137e-04
5.840000000000232831e+03 2.862807887140661478e-04
5.840900000000232467e+03 2.872629556804895401e-04
5.841800000000232103e+03 2.874222991522401571e-04
5.842700000000232649e+03 2.869388845283538103e-04
5.843600000000233194e+03 2.859866362996399403e-04
5.844500000000232831e+03 2.849880547728389502e-04
5.845400000000232467e+03 2.841031528078019619e-04
5.846300000000233013e+03 2.826634445227682590e-04
5.847200000000233558e+03 2.814038307406008244e-04
5.848100000000233194e+03 2.814571780618280172e-04
5.849000000000232831e+03 2.822065143845975399e-04
5.849900000000233376e+03 2.824125695042312145e-04
5.850800000000233922e+03 2.816360502038151026e-04
5.851700000000233558e+03 2.795992477331310511e-04
5.852600000000233194e+03 2.766456454992294312e-04
5.853500000000233740e+03 2.747890248429030180e-04
5.854400000000234286e+03 2.759847848210483789e-04
5.855300000000233922e+03 2.778439666144549847e-04
5.856200000000233558e+03 2.765021927189081907e-04
5.857100000000234104e+03 2.728406980168074369e-04
5.858000000000234650e+03 2.717861207202076912e-04
5.858900000000234286e+03 2.741824428085237741e-04
5.859800000000233922e+03 2.769516722764819860e-04
5.860700000000234468e+03 2.784919051919132471e-04
5.861600000000235013e+03 2.781818620860576630e-04
5.862500000000234650e+03 2.776597393676638603e-04
5.863400000000234286e+03 2.786826225928962231e-04
5.864300000000234832e+03 2.803900279104709625e-04
5.865200000000235377e+03 2.806117990985512733e-04
5.866100000000235013e+03 2.788593701552599669e-04
5.867000000000234650e+03 2.778317721094936132e-04
5.867900000000235195e+03 2.790844882838428020e-04
5.868800000000235741e+03 2.809525467455387115e-04
5.869700000000235377e+03 2.818256034515798092e-04
5.870600000000235013e+03 2.816787746269255877e-04
5.871500000000235559e+03 2.810666337609291077e-04
5.872400000000236105e+03 2.804300747811794281e-04
5.873300000000235741e+03 2.803556271828711033e-04
5.874200000000235377e+03 2.806008851621299982e-04
5.875100000000235923e+03 2.802427916321903467e-04
5.876000000000236469e+03 2.794209867715835571e-04
5.876900000000236105e+03 2.788063429761677980e-04
5.877800000000235741e+03 2.783625677693635225e-04
5.878700000000236287e+03 2.778031630441546440e-04
5.879600000000236832e+03 2.767217811197042465e-04
5.880500000000236469e+03 2.761576906777918339e-04
5.881400000000236105e+03 2.766874385997653008e-04
5.882300000000236651e+03 2.766088582575321198e-04
5.883200000000237196e+03 2.751209540292620659e-04
5.884100000000236832e+03 2.740680647548288107e-04
5.885000000000236469e+03 2.745283418335020542e-04
5.885900000000237014e+03 2.755591121967881918e-04
5.886800000000237560e+03 2.750068961177021265e-04
5.887700000000237196e+03 2.695880830287933350e-04
5.888600000000236832e+03 2.559704298619180918e-04
5.889500000000237378e+03 2.402461832389235497e-04
5.890400000000237924e+03 2.376148331677541137e-04
5.891300000000237560e+03 2.495272783562541008e-04
5.892200000000237196e+03 2.618925063870847225e-04
5.893100000000237742e+03 2.671240363270044327e-04
5.894000000000238288e+03 2.650396199896931648e-04
5.894900000000237924e+03 2.548187039792537689e-04
5.895800000000237560e+03 2.447971492074429989e-04
5.896700000000238106e+03 2.478534006513655186e-04
5.897600000000238651e+03 2.598251739982515574e-04
5.898500000000238288e+03 2.678966266103088856e-04
5.899400000000237924e+03 2.701694029383361340e-04
5.900300000000238470e+03 2.712415589485317469e-04
5.901200000000239015e+03 2.724106889218091965e-04
5.902100000000238651e+03 2.726418606471270323e-04
5.903000000000238288e+03 2.729891566559672356e-04
5.903900000000238833e+03 2.739222836680710316e-04
5.904800000000239379e+03 2.740257477853447199e-04
5.905700000000239015e+03 2.734859008342027664e-04
5.906600000000238651e+03 2.737017639447003603e-04
5.907500000000239197e+03 2.746118698269128799e-04
5.908400000000239743e+03 2.749933046288788319e-04
5.909300000000239379e+03 2.743116347119212151e-04
5.910200000000239015e+03 2.741630596574395895e-04
5.911100000000239561e+03 2.751460415311157703e-04
5.912000000000240107e+03 2.753628068603575230e-04
5.912900000000239743e+03 2.727581013459712267e-04
5.913800000000239379e+03 2.691492554731667042e-04
5.914700000000239925e+03 2.677934244275093079e-04
5.915600000000240470e+03 2.688457898329943419e-04
5.916500000000240107e+03 2.705652732402086258e-04
5.917400000000239743e+03 2.720271877478808165e-04
5.918300000000240289e+03 2.724181103985756636e-04
5.919200000000240834e+03 2.724868536461144686e-04
5.920100000000240470e+03 2.727548999246209860e-04
5.921000000000240107e+03 2.726025122683495283e-04
5.921900000000240652e+03 2.721948549151420593e-04
5.922800000000241198e+03 2.722204080782830715e-04
5.923700000000240834e+03 2.726961101870983839e-04
5.924600000000240470e+03 2.732535649556666613e-04
5.925500000000241016e+03 2.740646596066653728e-04
5.926400000000241562e+03 2.746507234405726194e-04
5.927300000000241198e+03 2.739183837547898293e-04
5.928200000000240834e+03 2.721637138165533543e-04
5.929100000000241380e+03 2.696112496778368950e-04
5.930000000000241926e+03 2.681336482055485249e-04
5.930900000000241562e+03 2.698425378184765577e-04
5.931800000000241198e+03 2.726126112975180149e-04
5.932700000000241744e+03 2.733164874371141195e-04
5.933600000000242289e+03 2.716308808885514736e-04
5.934500000000241926e+03 2.699743199627846479e-04
5.935400000000241562e+03 2.707920211832970381e-04
5.936300000000242107e+03 2.730934938881546259e-04
5.937200000000242653e+03 2.745933306869119406e-04
5.938100000000242289e+03 2.750866697169840336e-04
5.939000000000241926e+03 2.749994164332747459e-04
5.939900000000242471e+03 2.731585991568863392e-04
5.940800000000243017e+03 2.702167548704892397e-04
5.941700000000242653e+03 2.687459345906972885e-04
5.942600000000242289e+03 2.693241694942116737e-04
5.943500000000242835e+03 2.709028485696762800e-04
5.944400000000243381e+03 2.726153761614114046e-04
5.945300000000243017e+03 2.735661983024328947e-04
5.946200000000242653e+03 2.730176784098148346e-04
5.947100000000243199e+03 2.708448155317455530e-04
5.948000000000243745e+03 2.679406607057899237e-04
5.948900000000243381e+03 2.665841893758624792e-04
5.949800000000243017e+03 2.681598416529595852e-04
5.950700000000243563e+03 2.705552033148705959e-04
5.951600000000244108e+03 2.704865473788231611e-04
5.952500000000243745e+03 2.685251529328525066e-04
5.953400000000243381e+03 2.685210201889276505e-04
5.954300000000243926e+03 2.702893689274787903e-04
5.955200000000244472e+03 2.703646023292094469e-04
5.956100000000244108e+03 2.683190105017274618e-04
5.957000000000243745e+03 2.665249048732221127e-04
5.957900000000244290e+03 2.667896042112261057e-04
5.958800000000244836e+03 2.689289103727787733e-04
5.959700000000244472e+03 2.713931316975504160e-04
5.960600000000244108e+03 2.728155814111232758e-04
5.961500000000244654e+03 2.733123837970197201e-04
5.962400000000245200e+03 2.734937588684260845e-04
5.963300000000244836e+03 2.732001885306090117e-04
5.964200000000244472e+03 2.724625810515135527e-04
5.965100000000245018e+03 2.712433633860200644e-04
5.966000000000245564e+03 2.704054058995097876e-04
5.966900000000245200e+03 2.708257525227963924e-04
5.967800000000244836e+03 2.716133021749556065e-04
5.968700000000245382e+03 2.722844365052878857e-04
5.969600000000245927e+03 2.729411062318831682e-04
5.970500000000245564e+03 2.736562164500355721e-04
5.971400000000245200e+03 2.740083436947315931e-04
5.972300000000245745e+03 2.736689348239451647e-04
5.973200000000246291e+03 2.733245200943201780e-04
5.974100000000245927e+03 2.725518133956938982e-04
5.975000000000245564e+03 2.704276121221482754e-04
5.975900000000246109e+03 2.677380398381501436e-04
5.976800000000246655e+03 2.658667217474430799e-04
5.977700000000246291e+03 2.655302232597023249e-04
5.978600000000245927e+03 2.666633808985352516e-04
5.979500000000246473e+03 2.690780675038695335e-04
5.980400000000247019e+03 2.713031135499477386e-04
5.981300000000246655e+03 2.718710456974804401e-04
5.982200000000246291e+03 2.704682992771267891e-04
5.983100000000246837e+03 2.672750269994139671e-04
5.984000000000247383e+03 2.642936888150870800e-04
5.984900000000247019e+03 2.645177883096039295e-04
5.985800000000246655e+03 2.666586660780012608e-04
5.986700000000247201e+03 2.674347488209605217e-04
5.987600000000247746e+03 2.674800343811511993e-04
5.988500000000247383e+03 2.684690989553928375e-04
5.989400000000247019e+03 2.693344722501933575e-04
5.990300000000247564e+03 2.682620252016931772e-04
5.991200000000248110e+03 2.665967913344502449e-04
5.992100000000247746e+03 2.671323600225150585e-04
5.993000000000247383e+03 2.695158182177692652e-04
5.993900000000247928e+03 2.710203407332301140e-04
5.994800000000248474e+03 2.707412641029804945e-04
5.995700000000248110e+03 2.695410221349447966e-04
5.996600000000247746e+03 2.676215372048318386e-04
5.997500000000248292e+03 2.659223391674458981e-04
5.998400000000248838e+03 2.658282464835792780e-04
5.999300000000248474e+03 2.670394896995276213e-04
6.000200000000248110e+03 2.681709593161940575e-04
6.001100000000248656e+03 2.680897014215588570e-04
6.002000000000249202e+03 2.665157662704586983e-04
6.002900000000248838e+03 2.651685208547860384e-04
6.003800000000248474e+03 2.656474534887820482e-04
6.004700000000249020e+03 2.666913787834346294e-04
6.005600000000249565e+03 2.664803760126233101e-04
6.006500000000249202e+03 2.648302470333874226e-04
6.007400000000248838e+03 2.620896848384290934e-04
6.008300000000249383e+03 2.606554771773517132e-04
6.009200000000249929e+03 2.630777016747742891e-04
6.010100000000249565e+03 2.669012756086885929e-04
6.011000000000249202e+03 2.680977922864258289e-04
6.011900000000249747e+03 2.662204788066446781e-04
6.012800000000250293e+03 2.636029676068574190e-04
6.013700000000249929e+03 2.629863156471401453e-04
6.014600000000249565e+03 2.644701453391462564e-04
6.015500000000250111e+03 2.651482645887881517e-04
6.016400000000250657e+03 2.639551239553838968e-04
6.017300000000250293e+03 2.637389698065817356e-04
6.018200000000249929e+03 2.649334783200174570e-04
6.019100000000250475e+03 2.644351625349372625e-04
6.020000000000251021e+03 2.623081672936677933e-04
6.020900000000250657e+03 2.615361881908029318e-04
6.021800000000250293e+03 2.624033368192613125e-04
6.022700000000250839e+03 2.631355309858918190e-04
6.023600000000251384e+03 2.629485097713768482e-04
6.024500000000251021e+03 2.635109995026141405e-04
6.025400000000250657e+03 2.652705297805368900e-04
6.026300000000251202e+03 2.658132289070636034e-04
6.027200000000251748e+03 2.651865652296692133e-04
6.028100000000251384e+03 2.656612778082489967e-04
6.029000000000251021e+03 2.669360255822539330e-04
6.029900000000251566e+03 2.674207789823412895e-04
6.030800000000252112e+03 2.669717941898852587e-04
6.031700000000251748e+03 2.671724359970539808e-04
6.032600000000251384e+03 2.682003832887858152e-04
6.033500000000251930e+03 2.686957304831594229e-04
6.034400000000252476e+03 2.684733481146395206e-04
6.035300000000252112e+03 2.681223850231617689e-04
6.036200000000251748e+03 2.680011384654790163e-04
6.037100000000252294e+03 2.680291363503783941e-04
6.038000000000252840e+03 2.676564326975494623e-04
6.038900000000252476e+03 2.670241519808769226e-04
6.039800000000252112e+03 2.664170751813799143e-04
6.040700000000252658e+03 2.658893354237079620e-04
6.041600000000253203e+03 2.653073461260646582e-04
6.042500000000252840e+03 2.655429416336119175e-04
6.043400000000252476e+03 2.668820088729262352e-04
6.044300000000253021e+03 2.678471209947019815e-04
6.045200000000253567e+03 2.675721771083772182e-04
6.046100000000253203e+03 2.669991517905145884e-04
6.047000000000252840e+03 2.672266273293644190e-04
6.047900000000253385e+03 2.676845469977706671e-04
6.048800000000253931e+03 2.675776777323335409e-04
6.049700000000253567e+03 2.675775031093508005e-04
6.050600000000253203e+03 2.675481373444199562e-04
6.051500000000253749e+03 2.668667875695973635e-04
6.052400000000254295e+03 2.655248390510678291e-04
6.053300000000253931e+03 2.644446212798357010e-04
6.054200000000253567e+03 2.644012856762856245e-04
6.055100000000254113e+03 2.643106563482433558e-04
6.056000000000254659e+03 2.636152494233101606e-04
6.056900000000254295e+03 2.638318110257387161e-04
6.057800000000253931e+03 2.653753326740115881e-04
6.058700000000254477e+03 2.666423388291150331e-04
6.059600000000255022e+03 2.668377128429710865e-04
6.060500000000254659e+03 2.666776126716285944e-04
6.061400000000254295e+03 2.664048224687576294e-04
6.062300000000254840e+03 2.655783609952777624e-04
6.063200000000255386e+03 2.643712796270847321e-04
6.064100000000255022e+03 2.621801104396581650e-04
6.065000000000254659e+03 2.593225508462637663e-04
6.065900000000255204e+03 2.593309618532657623e-04
6.066800000000255750e+03 2.631218521855771542e-04
6.067700000000255386e+03 2.664917847141623497e-04
6.068600000000255022e+03 2.671378606464713812e-04
6.069500000000255568e+03 2.666383225005120039e-04
6.070400000000256114e+03 2.664447529241442680e-04
6.071300000000255750e+03 2.665402134880423546e-04
6.072200000000255386e+03 2.668350643943995237e-04
6.073100000000255932e+03 2.671483671292662621e-04
6.074000000000256478e+03 2.674359129741787910e-04
6.074900000000256114e+03 2.673299459274858236e-04
6.075800000000255750e+03 2.667597436811774969e-04
6.076700000000256296e+03 2.654097334016114473e-04
6.077600000000256841e+03 2.627386420499533415e-04
6.078500000000256478e+03 2.603860630188137293e-04
6.079400000000256114e+03 2.607546630315482616e-04
6.080300000000256659e+03 2.620797604322433472e-04
6.081200000000257205e+03 2.617930003907531500e-04
6.082100000000256841e+03 2.605961053632199764e-04
6.083000000000256478e+03 2.604541950859129429e-04
6.083900000000257023e+03 2.607887436170130968e-04
6.084800000000257569e+03 2.605792833492159843e-04
6.085700000000257205e+03 2.605016343295574188e-04
6.086600000000256841e+03 2.611642412375658751e-04
6.087500000000257387e+03 2.620168379507958889e-04
6.088400000000257933e+03 2.619873848743736744e-04
6.089300000000257569e+03 2.606340858619660139e-04
6.090200000000257205e+03 2.594467077869921923e-04
6.091100000000257751e+03 2.595589903648942709e-04
6.092000000000258296e+03 2.600504085421562195e-04
6.092900000000257933e+03 2.601486921776086092e-04
6.093800000000257569e+03 2.610440133139491081e-04
6.094700000000258115e+03 2.627983340062201023e-04
6.095600000000258660e+03 2.636331773828715086e-04
6.096500000000258296e+03 2.629256923682987690e-04
6.097400000000257933e+03 2.620928862597793341e-04
6.098300000000258478e+03 2.623068867251276970e-04
6.099200000000259024e+03 2.632949035614728928e-04
6.100100000000258660e+03 2.635842538438737392e-04
6.101000000000258296e+03 2.606773923616856337e-04
6.101900000000258842e+03 2.539276028983294964e-04
6.102800000000259388e+03 2.495326334610581398e-04
6.103700000000259024e+03 2.529443881940096617e-04
6.104600000000258660e+03 2.592773817013949156e-04
6.105500000000259206e+03 2.622244646772742271e-04
6.106400000000259752e+03 2.618813887238502502e-04
6.107300000000259388e+03 2.604221226647496223e-04
6.108200000000259024e+03 2.600185107439756393e-04
6.109100000000259570e+03 2.611928503029048443e-04
6.110000000000260115e+03 2.619760343804955482e-04
6.110900000000259752e+03 2.613230317365378141e-04
6.111800000000259388e+03 2.607239584904164076e-04
6.112700000000259934e+03 2.612280950415879488e-04
6.113600000000260479e+03 2.622297615744173527e-04
6.114500000000260115e+03 2.627174835652112961e-04
6.115400000000259752e+03 2.615358098410069942e-04
6.116300000000260297e+03 2.599220024421811104e-04
6.117200000000260843e+03 2.603534376248717308e-04
6.118100000000260479e+03 2.613797842059284449e-04
6.119000000000260115e+03 2.607793139759451151e-04
6.119900000000260661e+03 2.590229560155421495e-04
6.120800000000261207e+03 2.562937443144619465e-04
6.121700000000260843e+03 2.529971243347972631e-04
6.122600000000260479e+03 2.528495388105511665e-04
6.123500000000261025e+03 2.569339412730187178e-04
6.124400000000261571e+03 2.599951403681188822e-04
6.125300000000261207e+03 2.598452556412667036e-04
6.126200000000260843e+03 2.589845680631697178e-04
6.127100000000261389e+03 2.582343004178255796e-04
6.128000000000261934e+03 2.573037636466324329e-04
6.128900000000261571e+03 2.570883079897612333e-04
6.129800000000261207e+03 2.582129382062703371e-04
6.130700000000261753e+03 2.596762788016349077e-04
6.131600000000262298e+03 2.604291075840592384e-04
6.132500000000261934e+03 2.609682269394397736e-04
6.133400000000261571e+03 2.613221295177936554e-04
6.134300000000262116e+03 2.597418206278234720e-04
6.135200000000262662e+03 2.552672231104224920e-04
6.136100000000262298e+03 2.477806992828845978e-04
6.137000000000261934e+03 2.420423697913065553e-04
6.137900000000262480e+03 2.446961298119276762e-04
6.138800000000263026e+03 2.532382495701313019e-04
6.139700000000262662e+03 2.583903260529041290e-04
6.140600000000262298e+03 2.560524444561451674e-04
6.141500000000262844e+03 2.514200168661773205e-04
6.142400000000263390e+03 2.518024703022092581e-04
6.143300000000263026e+03 2.566437760833650827e-04
6.144200000000262662e+03 2.601446176413446665e-04
6.145100000000263208e+03 2.603669126983731985e-04
6.146000000000263753e+03 2.593659446574747562e-04
6.146900000000263390e+03 2.575670368969440460e-04
6.147800000000263026e+03 2.547704789321869612e-04
6.148700000000263572e+03 2.528148179408162832e-04
6.149600000000264117e+03 2.528719487600028515e-04
6.150500000000263753e+03 2.545880561228841543e-04
6.151400000000263390e+03 2.565430477261543274e-04
6.152300000000263935e+03 2.576246333774179220e-04
6.153200000000264481e+03 2.577356353867799044e-04
6.154100000000264117e+03 2.564097812864929438e-04
6.155000000000263753e+03 2.547084877733141184e-04
6.155900000000264299e+03 2.542877045925706625e-04
6.156800000000264845e+03 2.541437861509621143e-04
6.157700000000264481e+03 2.535425883252173662e-04
6.158600000000264117e+03 2.535975363571196795e-04
6.159500000000264663e+03 2.530815836507827044e-04
6.160400000000265209e+03 2.489474718458950520e-04
6.161300000000264845e+03 2.424217818770557642e-04
6.162200000000264481e+03 2.390081936027854681e-04
6.163100000000265027e+03 2.412072499282658100e-04
6.164000000000265572e+03 2.461643307469785213e-04
6.164900000000265209e+03 2.497169771231710911e-04
6.165800000000264845e+03 2.508606121409684420e-04
6.166700000000265391e+03 2.518101246096193790e-04
6.167600000000265936e+03 2.520436828490346670e-04
6.168500000000265572e+03 2.486340817995369434e-04
6.169400000000265209e+03 2.441603573970496655e-04
6.170300000000265754e+03 2.445101854391396046e-04
6.171200000000266300e+03 2.491944760549813509e-04
6.172100000000265936e+03 2.522448194213211536e-04
6.173000000000265572e+03 2.518268884159624577e-04
6.173900000000266118e+03 2.510504564270377159e-04
6.174800000000266664e+03 2.511085767764598131e-04
6.175700000000266300e+03 2.508299075998365879e-04
6.176600000000265936e+03 2.503330761101096869e-04
6.177500000000266482e+03 2.512291830498725176e-04
6.178400000000267028e+03 2.527497708797454834e-04
6.179300000000266664e+03 2.524954616092145443e-04
6.180200000000266300e+03 2.518476685509085655e-04
6.181100000000266846e+03 2.528253244236111641e-04
6.182000000000267391e+03 2.542896545492112637e-04
6.182900000000267028e+03 2.547886397223919630e-04
6.183800000000266664e+03 2.545388124417513609e-04
6.184700000000267210e+03 2.538156986702233553e-04
6.185600000000267755e+03 2.523276780266314745e-04
6.186500000000267391e+03 2.507127646822482347e-04
6.187400000000267028e+03 2.499096153769642115e-04
6.188300000000267573e+03 2.502696879673749208e-04
6.189200000000268119e+03 2.507345052435994148e-04
6.190100000000267755e+03 2.481393166817724705e-04
6.191000000000267391e+03 2.431775501463562250e-04
6.191900000000267937e+03 2.422759862383827567e-04
6.192800000000268483e+03 2.467594167683273554e-04
6.193700000000268119e+03 2.508232719264924526e-04
6.194600000000267755e+03 2.519727277103811502e-04
6.195500000000268301e+03 2.523472649045288563e-04
6.196400000000268847e+03 2.533414226491004229e-04
6.197300000000268483e+03 2.537128457333892584e-04
6.198200000000268119e+03 2.522178110666573048e-04
6.199100000000268665e+03 2.496259985491633415e-04
6.200000000000269210e+03 2.479599497746676207e-04
6.200900000000268847e+03 2.490117331035435200e-04
6.201800000000268483e+03 2.515886153560131788e-04
6.202700000000269029e+03 2.533316437620669603e-04
6.203600000000269574e+03 2.535396197345107794e-04
6.204500000000269210e+03 2.532864746171981096e-04
6.205400000000268847e+03 2.535452658776193857e-04
6.206300000000269392e+03 2.537773107178509235e-04
6.207200000000269938e+03 2.536355459596961737e-04
6.208100000000269574e+03 2.534133091103285551e-04
6.209000000000269210e+03 2.533051592763513327e-04
6.209900000000269756e+03 2.530011697672307491e-04
6.210800000000270302e+03 2.522334107197821140e-04
6.211700000000269938e+03 2.511029015295207500e-04
6.212600000000269574e+03 2.485982549842447042e-04
6.213500000000270120e+03 2.453425840940326452e-04
6.214400000000270666e+03 2.436911745462566614e-04
6.215300000000270302e+03 2.441607066430151463e-04
6.216200000000269938e+03 2.461294934619218111e-04
6.217100000000270484e+03 2.484820724930614233e-04
6.218000000000271029e+03 2.487523597665131092e-04
6.218900000000270666e+03 2.463250129949301481e-04
6.219800000000270302e+03 2.444087003823369741e-04
6.220700000000270848e+03 2.449648745823651552e-04
6.221600000000271393e+03 2.468411985319107771e-04
6.222500000000271029e+03 2.482627460267394781e-04
6.223400000000270666e+03 2.482763957232236862e-04
6.224300000000271211e+03 2.479256363585591316e-04
6.225200000000271757e+03 2.483634452801197767e-04
6.226100000000271393e+03 2.486519515514373779e-04
6.227000000000271029e+03 2.486282319296151400e-04
6.227900000000271575e+03 2.485162694938480854e-04
6.228800000000272121e+03 2.464770514052361250e-04
6.229700000000271757e+03 2.420583186903968453e-04
6.230600000000271393e+03 2.385327679803594947e-04
6.231500000000271939e+03 2.389849396422505379e-04
6.232400000000272485e+03 2.420558157609775662e-04
6.233300000000272121e+03 2.453223569318652153e-04
6.234200000000271757e+03 2.485314325895160437e-04
6.235100000000272303e+03 2.501927665434777737e-04
6.236000000000272848e+03 2.492297498974949121e-04
6.236900000000272485e+03 2.466593577992171049e-04
6.237800000000272121e+03 2.437763178022578359e-04
6.238700000000272667e+03 2.420282835373654962e-04
6.239600000000273212e+03 2.416815987089648843e-04
6.240500000000272848e+03 2.427445870125666261e-04
6.241400000000272485e+03 2.442815457470715046e-04
6.242300000000273030e+03 2.438892261125147343e-04
6.243200000000273576e+03 2.421086683170869946e-04
6.244100000000273212e+03 2.413983456790447235e-04
6.245000000000272848e+03 2.409365988569334149e-04
6.245900000000273394e+03 2.395674964645877481e-04
6.246800000000273940e+03 2.393845497863367200e-04
6.247700000000273576e+03 2.418319054413586855e-04
6.248600000000273212e+03 2.452917397022247314e-04
6.249500000000273758e+03 2.474617213010787964e-04
6.250400000000274304e+03 2.473582571838051081e-04
6.251300000000273940e+03 2.445614663884043694e-04
6.252200000000273576e+03 2.407368592685088515e-04
6.253100000000274122e+03 2.386166161159053445e-04
6.254000000000274667e+03 2.386683190707117319e-04
6.254900000000274304e+03 2.396989293629303575e-04
6.255800000000273940e+03 2.400198573013767600e-04
6.256700000000274486e+03 2.392822061665356159e-04
6.257600000000275031e+03 2.384372783126309514e-04
6.258500000000274667e+03 2.387582790106534958e-04
6.259400000000274304e+03 2.409599401289597154e-04
6.260300000000274849e+03 2.431874308967962861e-04
6.261200000000275395e+03 2.443280245643109083e-04
6.262100000000275031e+03 2.459219249431043863e-04
6.263000000000274667e+03 2.476085501257330179e-04
6.263900000000275213e+03 2.469809260219335556e-04
6.264800000000275759e+03 2.443481935188174248e-04
6.265700000000275395e+03 2.436070499243214726e-04
6.266600000000275031e+03 2.456980291754007339e-04
6.267500000000275577e+03 2.474312495905905962e-04
6.268400000000276123e+03 2.468781312927603722e-04
6.269300000000275759e+03 2.451979671604931355e-04
6.270200000000275395e+03 2.442124532535672188e-04
6.271100000000275941e+03 2.445339050609618425e-04
6.272000000000276486e+03 2.457174123264849186e-04
6.272900000000276123e+03 2.468660240992903709e-04
6.273800000000275759e+03 2.473285421729087830e-04
6.274700000000276304e+03 2.473600907251238823e-04
6.275600000000276850e+03 2.474823559168726206e-04
6.276500000000276486e+03 2.471017069183290005e-04
6.277400000000276123e+03 2.458216913510113955e-04
6.278300000000276668e+03 2.442691184114664793e-04
6.279200000000277214e+03 2.425404381938278675e-04
6.280100000000276850e+03 2.409963490208610892e-04
6.281000000000276486e+03 2.413884649286046624e-04
6.281900000000277032e+03 2.433864283375442028e-04
6.282800000000277578e+03 2.451950567774474621e-04
6.283700000000277214e+03 2.463972487021237612e-04
6.284600000000276850e+03 2.467111335135996342e-04
6.285500000000277396e+03 2.467783924657851458e-04
6.286400000000277942e+03 2.473229542374610901e-04
6.287300000000277578e+03 2.483030257280915976e-04
6.288200000000277214e+03 2.489802718628197908e-04
6.289100000000277760e+03 2.486137964297086000e-04
6.290000000000278305e+03 2.470950421411544085e-04
6.290900000000277942e+03 2.452027692925184965e-04
6.291800000000277578e+03 2.442589611746370792e-04
6.292700000000278123e+03 2.444529964122921228e-04
6.293600000000278669e+03 2.453588240314275026e-04
6.294500000000278305e+03 2.460213727317750454e-04
6.295400000000277942e+03 2.451296895742416382e-04
6.296300000000278487e+03 2.429856976959854364e-04
6.297200000000279033e+03 2.414242626400664449e-04
6.298100000000278669e+03 2.412213943898677826e-04
6.299000000000278305e+03 2.421311655780300498e-04
6.299900000000278851e+03 2.422456454951316118e-04
6.300800000000279397e+03 2.401053498033434153e-04
6.301700000000279033e+03 2.379375218879431486e-04
6.302600000000278669e+03 2.387370477663353086e-04
6.303500000000279215e+03 2.419208030914887786e-04
6.304400000000279761e+03 2.441877149976789951e-04
6.305300000000279397e+03 2.446338767185807228e-04
6.306200000000279033e+03 2.451127802487462759e-04
6.307100000000279579e+03 2.462898846715688705e-04
6.308000000000280124e+03 2.470485924277454615e-04
6.308900000000279761e+03 2.466968144290149212e-04
6.309800000000279397e+03 2.448149316478520632e-04
6.310700000000279942e+03 2.427958097541704774e-04
6.311600000000280488e+03 2.424944250378757715e-04
6.312500000000280124e+03 2.436015347484499216e-04
6.313400000000279761e+03 2.433815243421122432e-04
6.314300000000280306e+03 2.406642452115193009e-04
6.315200000000280852e+03 2.388176944805309176e-04
6.316100000000280488e+03 2.394647744949907064e-04
6.317000000000280124e+03 2.390887821093201637e-04
6.317900000000280670e+03 2.369522262597456574e-04
6.318800000000281216e+03 2.369243011344224215e-04
6.319700000000280852e+03 2.395731571596115828e-04
6.320600000000280488e+03 2.418626390863209963e-04
6.321500000000281034e+03 2.421058015897870064e-04
6.322400000000281580e+03 2.413437614450231194e-04
6.323300000000281216e+03 2.420830714982002974e-04
6.324200000000280852e+03 2.441504620946943760e-04
6.325100000000281398e+03 2.453635970596224070e-04
6.326000000000281943e+03 2.452928456477820873e-04
6.326900000000281580e+03 2.443864650558680296e-04
6.327800000000281216e+03 2.438817900838330388e-04
6.328700000000281761e+03 2.442669356241822243e-04
6.329600000000282307e+03 2.436337090330198407e-04
6.330500000000281943e+03 2.425160346319898963e-04
6.331400000000281580e+03 2.430036547593772411e-04
6.332300000000282125e+03 2.443401317577809095e-04
6.333200000000282671e+03 2.447955484967678785e-04
6.334100000000282307e+03 2.426851715426892042e-04
6.335000000000281943e+03 2.381983795203268528e-04
6.335900000000282489e+03 2.351064613321796060e-04
6.336800000000283035e+03 2.361346414545550942e-04
6.337700000000282671e+03 2.389322180533781648e-04
6.338600000000282307e+03 2.400569937890395522e-04
6.339500000000282853e+03 2.409953594906255603e-04
6.340400000000283399e+03 2.428543230053037405e-04
6.341300000000283035e+03 2.436551731079816818e-04
6.342200000000282671e+03 2.426725841360166669e-04
6.343100000000283217e+03 2.402938116574659944e-04
6.344000000000283762e+03 2.382086531724780798e-04
6.344900000000283399e+03 2.375512849539518356e-04
6.345800000000283035e+03 2.362466184422373772e-04
6.346700000000283580e+03 2.342865191167220473e-04
6.347600000000284126e+03 2.352388255530968308e-04
6.348500000000283762e+03 2.391868038102984428e-04
6.349400000000283399e+03 2.421012759441509843e-04
6.350300000000283944e+03 2.427120925858616829e-04
6.351200000000284490e+03 2.427326980978250504e-04
6.352100000000284126e+03 2.426497085252776742e-04
6.353000000000283762e+03 2.416659990558400750e-04
6.353900000000284308e+03 2.394384064245969057e-04
6.354800000000284854e+03 2.377608616370707750e-04
6.355700000000284490e+03 2.380782680120319128e-04
6.356600000000284126e+03 2.387803251622244716e-04
6.357500000000284672e+03 2.377738856012001634e-04
6.358400000000285218e+03 2.357166958972811699e-04
6.359300000000284854e+03 2.351314615225419402e-04
6.360200000000284490e+03 2.360907965339720249e-04
6.361100000000285036e+03 2.358954079682007432e-04
6.362000000000285581e+03 2.343988016946241260e-04
6.362900000000285218e+03 2.340605278732255101e-04
6.363800000000284854e+03 2.351289294892922044e-04
6.364700000000285399e+03 2.365729596931487322e-04
6.365600000000285945e+03 2.377895580139011145e-04
6.366500000000285581e+03 2.387710992479696870e-04
6.367400000000285218e+03 2.398695505689829588e-04
6.368300000000285763e+03 2.400104713160544634e-04
6.369200000000286309e+03 2.382530801696702838e-04
6.370100000000285945e+03 2.352758019696921110e-04
6.371000000000285581e+03 2.340159408049657941e-04
6.371900000000286127e+03 2.364562969887629151e-04
6.372800000000286673e+03 2.400089288130402565e-04
6.373700000000286309e+03 2.417581417830660939e-04
6.374600000000285945e+03 2.420721430098637938e-04
6.375500000000286491e+03 2.420688397251069546e-04
6.376400000000287037e+03 2.417450305074453354e-04
6.377300000000286673e+03 2.406951971352100372e-04
6.378200000000286309e+03 2.394891780568286777e-04
6.379100000000286855e+03 2.388820867054164410e-04
6.380000000000287400e+03 2.385371626587584615e-04
6.380900000000287037e+03 2.386379783274605870e-04
6.381800000000286673e+03 2.394720650045201182e-04
6.382700000000287218e+03 2.398896904196590185e-04
6.383600000000287764e+03 2.390041481703519821e-04
6.384500000000287400e+03 2.381367667112499475e-04
6.385400000000287037e+03 2.386115520494058728e-04
6.386300000000287582e+03 2.400024532107636333e-04
6.387200000000288128e+03 2.409289008937776089e-04
6.388100000000287764e+03 2.408212458249181509e-04
6.389000000000287400e+03 2.404277183813974261e-04
6.389900000000287946e+03 2.404631086392328143e-04
6.390800000000288492e+03 2.403216931270435452e-04
6.391700000000288128e+03 2.383975079283118248e-04
6.392600000000287764e+03 2.344971871934831142e-04
6.393500000000288310e+03 2.322953223483636975e-04
6.394400000000288856e+03 2.345963002881035209e-04
6.395300000000288492e+03 2.387575514148920774e-04
6.396200000000288128e+03 2.413453039480373263e-04
6.397100000000288674e+03 2.419530646875500679e-04
6.398000000000289219e+03 2.402055106358602643e-04
6.398900000000288856e+03 2.354164316784590483e-04
6.399800000000288492e+03 2.308092662133276463e-04
6.400700000000289037e+03 2.319331542821601033e-04
6.401600000000289583e+03 2.373039314989000559e-04
6.402500000000289219e+03 2.412075700704008341e-04
6.403400000000288856e+03 2.422535471851006150e-04
6.404300000000289401e+03 2.419580850983038545e-04
6.405200000000289947e+03 2.411579189356416464e-04
6.406100000000289583e+03 2.392293245065957308e-04
6.407000000000289219e+03 2.361205988563597202e-04
6.407900000000289765e+03 2.344987151445820928e-04
6.408800000000290311e+03 2.363590610912069678e-04
6.409700000000289947e+03 2.387084678048267961e-04
6.410600000000289583e+03 2.373634924879297614e-04
6.411500000000290129e+03 2.350021532038226724e-04
6.412400000000290675e+03 2.355773322051391006e-04
6.413300000000290311e+03 2.371862938161939383e-04
6.414200000000289947e+03 2.374359901295974851e-04
6.415100000000290493e+03 2.371739828959107399e-04
6.416000000000291038e+03 2.370223810430616140e-04
6.416900000000290675e+03 2.367864944972097874e-04
6.417800000000290311e+03 2.367770794080570340e-04
6.418700000000290856e+03 2.360672660870477557e-04
6.419600000000291402e+03 2.335899771424010396e-04
6.420500000000291038e+03 2.311014541191980243e-04
6.421400000000290675e+03 2.319992345292121172e-04
6.422300000000291220e+03 2.362795494263991714e-04
6.423200000000291766e+03 2.399604854872450233e-04
6.424100000000291402e+03 2.404577680863440037e-04
6.425000000000291038e+03 2.397067437414079905e-04
6.425900000000291584e+03 2.398100332356989384e-04
6.426800000000292130e+03 2.406144485576078296e-04
6.427700000000291766e+03 2.408977888990193605e-04
6.428600000000291402e+03 2.395936171524226665e-04
6.429500000000291948e+03 2.363329112995415926e-04
6.430400000000292493e+03 2.324866945855319500e-04
6.431300000000292130e+03 2.310985728399828076e-04
6.432200000000291766e+03 2.329076232854276896e-04
6.433100000000292312e+03 2.356104523641988635e-04
6.434000000000292857e+03 2.378910139668732882e-04
6.434900000000292493e+03 2.393182949163019657e-04
6.435800000000292130e+03 2.399958466412499547e-04
6.436700000000292675e+03 2.393557078903540969e-04
6.437600000000293221e+03 2.358774509048089385e-04
6.438500000000292857e+03 2.313246368430554867e-04
6.439400000000292493e+03 2.309030387550592422e-04
6.440300000000293039e+03 2.353216550545766950e-04
6.441200000000293585e+03 2.393723116256296635e-04
6.442100000000293221e+03 2.404439001111313701e-04
6.443000000000292857e+03 2.400170342298224568e-04
6.443900000000293403e+03 2.396283380221575499e-04
6.444800000000293949e+03 2.394155744696035981e-04
6.445700000000293585e+03 2.397580974502488971e-04
6.446600000000293221e+03 2.401386445853859186e-04
6.447500000000293767e+03 2.389504952589049935e-04
6.448400000000294312e+03 2.345469547435641289e-04
6.449300000000293949e+03 2.286079397890716791e-04
6.450200000000293585e+03 2.270176773890852928e-04
6.451100000000294131e+03 2.311869902769103646e-04
6.452000000000294676e+03 2.361803199164569378e-04
6.452900000000294312e+03 2.382695965934544802e-04
6.453800000000293949e+03 2.369879803154617548e-04
6.454700000000294494e+03 2.325246314285323024e-04
6.455600000000295040e+03 2.272741403430700302e-04
6.456500000000294676e+03 2.265367802465334535e-04
6.457400000000294312e+03 2.310915151610970497e-04
6.458300000000294858e+03 2.361316001042723656e-04
6.459200000000295404e+03 2.385270927334204316e-04
6.460100000000295040e+03 2.383531536906957626e-04
6.461000000000294676e+03 2.349665446672588587e-04
6.461900000000295222e+03 2.290768898092210293e-04
6.462800000000295768e+03 2.264423092128708959e-04
6.463700000000295404e+03 2.298657491337507963e-04
6.464600000000295040e+03 2.344440435990691185e-04
6.465500000000295586e+03 2.366202679695561528e-04
6.466400000000296131e+03 2.374055911786854267e-04
6.467300000000295768e+03 2.375000476604327559e-04
6.468200000000295404e+03 2.366823318880051374e-04
6.469100000000295950e+03 2.354502794332802296e-04
6.470000000000296495e+03 2.343207015655934811e-04
6.470900000000296131e+03 2.328976406715810299e-04
6.471800000000295768e+03 2.324776869500055909e-04
6.472700000000296313e+03 2.340068458579480648e-04
6.473600000000296859e+03 2.348198468098416924e-04
6.474500000000296495e+03 2.334609162062406540e-04
6.475400000000296131e+03 2.322121436009183526e-04
6.476300000000296677e+03 2.329549897694960237e-04
6.477200000000297223e+03 2.345209795748814940e-04
6.478100000000296859e+03 2.347150730201974511e-04
6.479000000000296495e+03 2.340299397474154830e-04
6.479900000000297041e+03 2.328910049982368946e-04
6.480800000000297587e+03 2.301859203726053238e-04
6.481700000000297223e+03 2.267710951855406165e-04
6.482600000000296859e+03 2.255053404951468110e-04
6.483500000000297405e+03 2.271613047923892736e-04
6.484400000000297950e+03 2.297341125085949898e-04
6.485300000000297587e+03 2.313734585186466575e-04
6.486200000000297223e+03 2.322722866665571928e-04
6.487100000000297769e+03 2.327317488379776478e-04
6.488000000000298314e+03 2.328613772988319397e-04
6.488900000000297950e+03 2.321892679901793599e-04
6.489800000000297587e+03 2.304576628375798464e-04
6.490700000000298132e+03 2.284500515088438988e-04
6.491600000000298678e+03 2.269514516228809953e-04
6.492500000000298314e+03 2.245729992864653468e-04
6.493400000000297950e+03 2.195577981183305383e-04
6.494300000000298496e+03 2.143413585145026445e-04
6.495200000000299042e+03 2.123690210282802582e-04
6.496100000000298678e+03 2.132425288436934352e-04
6.497000000000298314e+03 2.163941244361922145e-04
6.497900000000298860e+03 2.207587822340428829e-04
6.498800000000299406e+03 2.233690611319616437e-04
6.499700000000299042e+03 2.248332311864942312e-04
6.500600000000298678e+03 2.273554418934509158e-04
6.501500000000299224e+03 2.296401944477111101e-04
6.502400000000299769e+03 2.306302048964425921e-04
6.503300000000299406e+03 2.309141127625480294e-04
6.504200000000299042e+03 2.311447460670024157e-04
6.505100000000299588e+03 2.316022000741213560e-04
6.506000000000300133e+03 2.320592466276139021e-04
6.506900000000299769e+03 2.319027989869937301e-04
6.507800000000299406e+03 2.310948621015995741e-04
6.508700000000299951e+03 2.305868838448077440e-04
6.509600000000300497e+03 2.308820694452151656e-04
6.510500000000300133e+03 2.311794232809916139e-04
6.511400000000299769e+03 2.308541297679767013e-04
6.512300000000300315e+03 2.301451313542202115e-04
6.513200000000300861e+03 2.296589082106947899e-04
6.514100000000300497e+03 2.282934583490714431e-04
6.515000000000300133e+03 2.251960104331374168e-04
6.515900000000300679e+03 2.223898918600752950e-04
6.516800000000301225e+03 2.217628643848001957e-04
6.517700000000300861e+03 2.225092175649479032e-04
6.518600000000300497e+03 2.236194268334656954e-04
6.519500000000301043e+03 2.256248844787478447e-04
6.520400000000301588e+03 2.278517058584839106e-04
6.521300000000301225e+03 2.289177355123683810e-04
6.522200000000300861e+03 2.288665127707645297e-04
6.523100000000301407e+03 2.284056390635669231e-04
6.524000000000301952e+03 2.282882342115044594e-04
6.524900000000301588e+03 2.279351319884881377e-04
6.525800000000301225e+03 2.264044014737010002e-04
6.526700000000301770e+03 2.247595984954386950e-04
6.527600000000302316e+03 2.247433876618742943e-04
6.528500000000301952e+03 2.261536574224010110e-04
6.529400000000301588e+03 2.271371631650254130e-04
6.530300000000302134e+03 2.265511720906943083e-04
6.531200000000302680e+03 2.247037773486226797e-04
6.532100000000302316e+03 2.226668148068711162e-04
6.533000000000301952e+03 2.216615685028955340e-04
6.533900000000302498e+03 2.222617040388286114e-04
6.534800000000303044e+03 2.236710570286959410e-04
6.535700000000302680e+03 2.243389462819322944e-04
6.536600000000302316e+03 2.236975124105811119e-04
6.537500000000302862e+03 2.227845252491533756e-04
6.538400000000303407e+03 2.228094817837700248e-04
6.539300000000303044e+03 2.231191319879144430e-04
6.540200000000302680e+03 2.225556236226111650e-04
6.541100000000303226e+03 2.212388353655114770e-04
6.542000000000303771e+03 2.195125125581398606e-04
6.542900000000303407e+03 2.176703710574656725e-04
6.543800000000303044e+03 2.157581475330516696e-04
6.544700000000303589e+03 2.133162488462403417e-04
6.545600000000304135e+03 2.098792319884523749e-04
6.546500000000303771e+03 2.080076665151864290e-04
6.547400000000303407e+03 2.089468762278556824e-04
6.548300000000303953e+03 2.099305129377171397e-04
6.549200000000304499e+03 2.092792710755020380e-04
6.550100000000304135e+03 2.074198127957060933e-04
6.551000000000303771e+03 2.051736664725467563e-04
6.551900000000304317e+03 2.030070900218561292e-04
6.552800000000304863e+03 2.005917776841670275e-04
6.553700000000304499e+03 1.977233478100970387e-04
6.554600000000304135e+03 1.946013799170032144e-04
6.555500000000304681e+03 1.920654758578166366e-04
6.556400000000305226e+03 1.903378724819049239e-04
6.557300000000304863e+03 1.883491349872201681e-04
6.558200000000304499e+03 1.850731641752645373e-04
6.559100000000305045e+03 1.799485035007819533e-04
6.560000000000305590e+03 1.713925885269418359e-04
6.560900000000305226e+03 1.541314995847642422e-04
6.561800000000304863e+03 1.286361948587000370e-04
6.562700000000305408e+03 1.134894846472889185e-04
6.563600000000305954e+03 1.252265792572870851e-04
6.564500000000305590e+03 1.512310700491070747e-04
6.565400000000305226e+03 1.704835594864562154e-04
6.566300000000305772e+03 1.798560551833361387e-04
6.567200000000306318e+03 1.844885700847953558e-04
6.568100000000305954e+03 1.866305829025804996e-04
6.569000000000305590e+03 1.880732161225751042e-04
6.569900000000306136e+03 1.908121193991973996e-04
6.570800000000306682e+03 1.940447982633486390e-04
6.571700000000306318e+03 1.958560751518234611e-04
6.572600000000305954e+03 1.963739487109705806e-04
6.573500000000306500e+03 1.967395219253376126e-04
6.574400000000307045e+03 1.977908250410109758e-04
6.575300000000306682e+03 2.006559661822393537e-04
6.576200000000306318e+03 2.050896291621029377e-04
6.577100000000306864e+03 2.086528693325817585e-04
6.578000000000307409e+03 2.104074956150725484e-04
6.578900000000307045e+03 2.108615444740280509e-04
6.579800000000306682e+03 2.103897422784939408e-04
6.580700000000307227e+03 2.101990830851718783e-04
6.581600000000307773e+03 2.114321978297084570e-04
6.582500000000307409e+03 2.134797396138310432e-04
6.583400000000307045e+03 2.149506908608600497e-04
6.584300000000307591e+03 2.152487286366522312e-04
6.585200000000308137e+03 2.145962062058970332e-04
6.586100000000307773e+03 2.140296855941414833e-04
6.587000000000307409e+03 2.149874489987269044e-04
6.587900000000307955e+03 2.169437211705371737e-04
6.588800000000308501e+03 2.184310869779437780e-04
6.589700000000308137e+03 2.191287931054830551e-04
6.590600000000307773e+03 2.185899065807461739e-04
6.591500000000308319e+03 2.154967369278892875e-04
6.592400000000308864e+03 2.105846651829779148e-04
6.593300000000308501e+03 2.084358566207811236e-04
6.594200000000308137e+03 2.115045499522238970e-04
6.595100000000308683e+03 2.162140881409868598e-04
6.596000000000309228e+03 2.186036290368065238e-04
6.596900000000308864e+03 2.182777679990977049e-04
6.597800000000308501e+03 2.171369269490242004e-04
6.598700000000309046e+03 2.173311804654076695e-04
6.599600000000309592e+03 2.187886711908504367e-04
6.600500000000309228e+03 2.202897594543173909e-04
6.601400000000308864e+03 2.210805396316573024e-04
6.602300000000309410e+03 2.212091785622760653e-04
6.603200000000309956e+03 2.205565397161990404e-04
6.604100000000309592e+03 2.192782703787088394e-04
6.605000000000309228e+03 2.184201002819463611e-04
6.605900000000309774e+03 2.186160709243267775e-04
6.606800000000310320e+03 2.187274949392303824e-04
6.607700000000309956e+03 2.177292044507339597e-04
6.608600000000309592e+03 2.163649915019050241e-04
6.609500000000310138e+03 2.169554791180416942e-04
6.610400000000310683e+03 2.198405563831329346e-04
6.611300000000310320e+03 2.221577742602676153e-04
6.612200000000309956e+03 2.220301103079691529e-04
6.613100000000310501e+03 2.207844663644209504e-04
6.614000000000311047e+03 2.206924109486863017e-04
6.614900000000310683e+03 2.219239977421239018e-04
6.615800000000310320e+03 2.224852360086515546e-04
6.616700000000310865e+03 2.220903115812689066e-04
6.617600000000311411e+03 2.218097069999203086e-04
6.618500000000311047e+03 2.219591260654851794e-04
6.619400000000310683e+03 2.222761249868199229e-04
6.620300000000311229e+03 2.223749179393053055e-04
6.621200000000311775e+03 2.222629118477925658e-04
6.622100000000311411e+03 2.218568115495145321e-04
6.623000000000311047e+03 2.207736106356605887e-04
6.623900000000311593e+03 2.191305975429713726e-04
6.624800000000312139e+03 2.182267053285613656e-04
6.625700000000311775e+03 2.187449281336739659e-04
6.626600000000311411e+03 2.194073749706149101e-04
6.627500000000311957e+03 2.198058646172285080e-04
6.628400000000312502e+03 2.202187024522572756e-04
6.629300000000312139e+03 2.203019685111939907e-04
6.630200000000311775e+03 2.201545285061001778e-04
6.631100000000312320e+03 2.197142603108659387e-04
6.632000000000312866e+03 2.183061878895387053e-04
6.632900000000312502e+03 2.160396252293139696e-04
6.633800000000312139e+03 2.147326449630782008e-04
6.634700000000312684e+03 2.157295821234583855e-04
6.635600000000313230e+03 2.180227747885510325e-04
6.636500000000312866e+03 2.198615839006379247e-04
6.637400000000312502e+03 2.205360506195574999e-04
6.638300000000313048e+03 2.199845912400633097e-04
6.639200000000313594e+03 2.192419487982988358e-04
6.640100000000313230e+03 2.195857960032299161e-04
6.641000000000312866e+03 2.205823984695598483e-04
6.641900000000313412e+03 2.198904257966205478e-04
6.642800000000313958e+03 2.170109801227226853e-04
6.643700000000313594e+03 2.153418317902833223e-04
6.644600000000313230e+03 2.167546917917206883e-04
6.645500000000313776e+03 2.187703212257474661e-04
6.646400000000314321e+03 2.193934342358261347e-04
6.647300000000313958e+03 2.192259271396324039e-04
6.648200000000313594e+03 2.194471744587644935e-04
6.649100000000314139e+03 2.196897548856213689e-04
6.650000000000314685e+03 2.191173844039440155e-04
6.650900000000314321e+03 2.184292097808793187e-04
6.651800000000313958e+03 2.181342424592003226e-04
6.652700000000314503e+03 2.180314331781119108e-04
6.653600000000315049e+03 2.180304727517068386e-04
6.654500000000314685e+03 2.182047901442274451e-04
6.655400000000314321e+03 2.181462914450094104e-04
6.656300000000314867e+03 2.177951828343793750e-04
6.657200000000315413e+03 2.178203721996396780e-04
6.658100000000315049e+03 2.180051378672942519e-04
6.659000000000314685e+03 2.178693539462983608e-04
6.659900000000315231e+03 2.174158435082063079e-04
6.660800000000315777e+03 2.167445636587217450e-04
6.661700000000315413e+03 2.153224486391991377e-04
6.662600000000315049e+03 2.130157809006050229e-04
6.663500000000315595e+03 2.120879944413900375e-04
6.664400000000316140e+03 2.138944109901785851e-04
6.665300000000315777e+03 2.158956776838749647e-04
6.666200000000315413e+03 2.163303724955767393e-04
6.667100000000315958e+03 2.162509917980059981e-04
6.668000000000316504e+03 2.166876802220940590e-04
6.668900000000316140e+03 2.174593973904848099e-04
6.669800000000315777e+03 2.181198360631242394e-04
6.670700000000316322e+03 2.182426251238211989e-04
6.671600000000316868e+03 2.179456496378406882e-04
6.672500000000316504e+03 2.178746362915262580e-04
6.673400000000316140e+03 2.182293246733024716e-04
6.674300000000316686e+03 2.187334466725587845e-04
6.675200000000317232e+03 2.187281206715852022e-04
6.676100000000316868e+03 2.166979538742452860e-04
6.677000000000316504e+03 2.125355676980689168e-04
6.677900000000317050e+03 2.097745309583842754e-04
6.678800000000317596e+03 2.111103967763483524e-04
6.679700000000317232e+03 2.140269498340785503e-04
6.680600000000316868e+03 2.152441302314400673e-04
6.681500000000317414e+03 2.153917594114318490e-04
6.682400000000317959e+03 2.158316783607006073e-04
6.683300000000317596e+03 2.164480392821133137e-04
6.684200000000317232e+03 2.168975042877718806e-04
6.685100000000317777e+03 2.169349609175696969e-04
6.686000000000318323e+03 2.166685735573992133e-04
6.686900000000317959e+03 2.163853641832247376e-04
6.687800000000317596e+03 2.162956225220113993e-04
6.688700000000318141e+03 2.166285557905212045e-04
6.689600000000318687e+03 2.168224309571087360e-04
6.690500000000318323e+03 2.167267666663974524e-04
6.691400000000317959e+03 2.165901096304878592e-04
6.692300000000318505e+03 2.164854522561654449e-04
6.693200000000319051e+03 2.166494086850434542e-04
6.694100000000318687e+03 2.166572376154363155e-04
6.695000000000318323e+03 2.154062531189993024e-04
6.695900000000318869e+03 2.136874536518007517e-04
6.696800000000319415e+03 2.133068337570875883e-04
6.697700000000319051e+03 2.142134035238996148e-04
6.698600000000318687e+03 2.150967193301767111e-04
6.699500000000319233e+03 2.159198193112388253e-04
6.700400000000319778e+03 2.165473706554621458e-04
6.701300000000319415e+03 2.165853948099538684e-04
6.702200000000319051e+03 2.158030983991920948e-04
6.703100000000319596e+03 2.142265002476051450e-04
6.704000000000320142e+03 2.132484514731913805e-04
6.704900000000319778e+03 2.137421979568898678e-04
6.705800000000319415e+03 2.144096069969236851e-04
6.706700000000319960e+03 2.142900775652378798e-04
6.707600000000320506e+03 2.142053854186087847e-04
6.708500000000320142e+03 2.146770566469058394e-04
6.709400000000319778e+03 2.147588675143197179e-04
6.710300000000320324e+03 2.146490878658369184e-04
6.711200000000320870e+03 2.149601932615041733e-04
6.712100000000320506e+03 2.147392369806766510e-04
6.713000000000320142e+03 2.137121773557737470e-04
6.713900000000320688e+03 2.126203908119350672e-04
6.714800000000321234e+03 2.117796248057857156e-04
6.715700000000320870e+03 2.105366584146395326e-04
6.716600000000320506e+03 2.084578300127759576e-04
6.717500000000321052e+03 2.074554649880155921e-04
6.718400000000321597e+03 2.093305956805124879e-04
6.719300000000321234e+03 2.119112759828567505e-04
6.720200000000320870e+03 2.128728083334863186e-04
6.721100000000321415e+03 2.125137252733111382e-04
6.722000000000321961e+03 2.123213926097378135e-04
6.722900000000321597e+03 2.131008513970300555e-04
6.723800000000321234e+03 2.136489929398521781e-04
6.724700000000321779e+03 2.130337088601663709e-04
6.725600000000322325e+03 2.119136042892932892e-04
6.726500000000321961e+03 2.115671959472820163e-04
6.727400000000321597e+03 2.121755096595734358e-04
6.728300000000322143e+03 2.130141074303537607e-04
6.729200000000322689e+03 2.136733819497749209e-04
6.730100000000322325e+03 2.139320131391286850e-04
6.731000000000321961e+03 2.136761322617530823e-04
6.731900000000322507e+03 2.132331283064559102e-04
6.732800000000323053e+03 2.128823252860456705e-04
6.733700000000322689e+03 2.127485495293512940e-04
6.734600000000322325e+03 2.130182401742786169e-04
6.735500000000322871e+03 2.135749382432550192e-04
6.736400000000323416e+03 2.134897658834233880e-04
6.737300000000323053e+03 2.124900493072345853e-04
6.738200000000322689e+03 2.113407099386677146e-04
6.739100000000323234e+03 2.109716151608154178e-04
6.740000000000323780e+03 2.115185343427583575e-04
6.740900000000323416e+03 2.122174337273463607e-04
6.741800000000323053e+03 2.118856209563091397e-04
6.742700000000323598e+03 2.112302463501691818e-04
6.743600000000324144e+03 2.113647060468792915e-04
6.744500000000323780e+03 2.119534474331885576e-04
6.745400000000323416e+03 2.122551377397030592e-04
6.746300000000323962e+03 2.119096752721816301e-04
6.747200000000324508e+03 2.111043868353590369e-04
6.748100000000324144e+03 2.100120618706569076e-04
6.749000000000323780e+03 2.090402413159608841e-04
6.749900000000324326e+03 2.090137277264147997e-04
6.750800000000324872e+03 2.098352706525474787e-04
6.751700000000324508e+03 2.104373561451211572e-04
6.752600000000324144e+03 2.103800507029518485e-04
6.753500000000324690e+03 2.106126339640468359e-04
6.754400000000325235e+03 2.112860966008156538e-04
6.755300000000324872e+03 2.115289535140618682e-04
6.756200000000324508e+03 2.115103416144847870e-04
6.757100000000325053e+03 2.117312105838209391e-04
6.758000000000325599e+03 2.125347236869856715e-04
6.758900000000325235e+03 2.133568195858970284e-04
6.759800000000324872e+03 2.135477552656084299e-04
6.760700000000325417e+03 2.134245878551155329e-04
6.761600000000325963e+03 2.133135567419230938e-04
6.762500000000325599e+03 2.132695808541029692e-04
6.763400000000325235e+03 2.132886729668825865e-04
6.764300000000325781e+03 2.131087239831686020e-04
6.765200000000326327e+03 2.126662875525653362e-04
6.766100000000325963e+03 2.111673238687217236e-04
6.767000000000325599e+03 2.093688963213935494e-04
6.767900000000326145e+03 2.093528164550662041e-04
6.768800000000326690e+03 2.107776381308212876e-04
6.769700000000326327e+03 2.111992944264784455e-04
6.770600000000325963e+03 2.105727180605754256e-04
6.771500000000326509e+03 2.104782615788280964e-04
6.772400000000327054e+03 2.112604415742680430e-04
6.773300000000326690e+03 2.123826270690187812e-04
6.774200000000326327e+03 2.134635724360123277e-04
6.775100000000326872e+03 2.140055876225233078e-04
6.776000000000327418e+03 2.139042771887034178e-04
6.776900000000327054e+03 2.136586408596485853e-04
6.777800000000326690e+03 2.135838440153747797e-04
6.778700000000327236e+03 2.139557618647813797e-04
6.779600000000327782e+03 2.141129662049934268e-04
6.780500000000327418e+03 2.132321533281356096e-04
6.781400000000327054e+03 2.116661053150892258e-04
6.782300000000327600e+03 2.102058933814987540e-04
6.783200000000328146e+03 2.092266804538667202e-04
6.784100000000327782e+03 2.088657638523727655e-04
6.785000000000327418e+03 2.087915490847080946e-04
6.785900000000327964e+03 2.088017936330288649e-04
6.786800000000328509e+03 2.092154900310561061e-04
6.787700000000328146e+03 2.101475402014330029e-04
6.788600000000327782e+03 2.108687767758965492e-04
6.789500000000328328e+03 2.111630601575598121e-04
6.790400000000328873e+03 2.111803187290206552e-04
6.791300000000328509e+03 2.108090848196297884e-04
6.792200000000328146e+03 2.100379351759329438e-04
6.793100000000328691e+03 2.092227659886702895e-04
6.794000000000329237e+03 2.090622001560404897e-04
6.794900000000328873e+03 2.095627569360658526e-04
6.795800000000328509e+03 2.100909914588555694e-04
6.796700000000329055e+03 2.104738669004291296e-04
6.797600000000329601e+03 2.105841704178601503e-04
6.798500000000329237e+03 2.105186431435868144e-04
6.799400000000328873e+03 2.105461608152836561e-04
6.800300000000329419e+03 2.108352200593799353e-04
6.801200000000329965e+03 2.112939691869542003e-04
6.802100000000329601e+03 2.113333175657317042e-04
6.803000000000329237e+03 2.107684704242274165e-04
6.803900000000329783e+03 2.103836159221827984e-04
6.804800000000330328e+03 2.104396116919815540e-04
6.805700000000329965e+03 2.103367733070626855e-04
6.806600000000329601e+03 2.099269477184861898e-04
6.807500000000330147e+03 2.100053243339061737e-04
6.808400000000330692e+03 2.104085142491385341e-04
6.809300000000330328e+03 2.098827972076833248e-04
6.810200000000329965e+03 2.095400996040552855e-04
6.811100000000330510e+03 2.102338767144829035e-04
6.812000000000331056e+03 2.108181361109018326e-04
6.812900000000330692e+03 2.105895255226641893e-04
6.813800000000330328e+03 2.094945230055600405e-04
6.814700000000330874e+03 2.084492007270455360e-04
6.815600000000331420e+03 2.087219181703403592e-04
6.816500000000331056e+03 2.100989804603159428e-04
6.817400000000330692e+03 2.109279012074694037e-04
6.818300000000331238e+03 2.103776641888543963e-04
6.819200000000331784e+03 2.094461378874257207e-04
6.820100000000331420e+03 2.092743525281548500e-04
6.821000000000331056e+03 2.099939301842823625e-04
6.821900000000331602e+03 2.107996697304770350e-04
6.822800000000332147e+03 2.112720394507050514e-04
6.823700000000331784e+03 2.114785456797108054e-04
6.824600000000331420e+03 2.113898663083091378e-04
6.825500000000331966e+03 2.111015346599742770e-04
6.826400000000332511e+03 2.102723228745162487e-04
6.827300000000332147e+03 2.087664470309391618e-04
6.828200000000331784e+03 2.080722333630546927e-04
6.829100000000332329e+03 2.088146138703450561e-04
6.830000000000332875e+03 2.101498685078695416e-04
6.830900000000332511e+03 2.110498608089983463e-04
6.831800000000332147e+03 2.110564382746815681e-04
6.832700000000332693e+03 2.106180472765117884e-04
6.833600000000333239e+03 2.106436004396528006e-04
6.834500000000332875e+03 2.110282221110537648e-04
6.835400000000332511e+03 2.111388894263654947e-04
6.836300000000333057e+03 2.105002931784838438e-04
6.837200000000333603e+03 2.095759991789236665e-04
6.838100000000333239e+03 2.086392487399280071e-04
6.839000000000332875e+03 2.075420634355396032e-04
6.839900000000333421e+03 2.062695566564798355e-04
6.840800000000333966e+03 2.049525646725669503e-04
6.841700000000333603e+03 2.044852881226688623e-04
6.842600000000333239e+03 2.054000942735001445e-04
6.843500000000333785e+03 2.072821225738152862e-04
6.844400000000334330e+03 2.092991926474496722e-04
6.845300000000333966e+03 2.104391314787790179e-04
6.846200000000333603e+03 2.106137108057737350e-04
6.847100000000334148e+03 2.102936996379867196e-04
6.848000000000334694e+03 2.099906268995255232e-04
6.848900000000334330e+03 2.098604018101468682e-04
6.849800000000333966e+03 2.096910757245495915e-04
6.850700000000334512e+03 2.094786468660458922e-04
6.851600000000335058e+03 2.096628595609217882e-04
6.852500000000334694e+03 2.097944088745862246e-04
6.853400000000334330e+03 2.088700566673651338e-04
6.854300000000334876e+03 2.068150351988151670e-04
6.855200000000335422e+03 2.055457589449360967e-04
6.856100000000335058e+03 2.059674880001693964e-04
6.857000000000334694e+03 2.067639143206179142e-04
6.857900000000335240e+03 2.072351635433733463e-04
6.858800000000335785e+03 2.077518001897260547e-04
6.859700000000335422e+03 2.077944518532603979e-04
6.860600000000335058e+03 2.068009926006197929e-04
6.861500000000335604e+03 2.062408311758190393e-04
6.862400000000336149e+03 2.071965718641877174e-04
6.863300000000335785e+03 2.091740752803161740e-04
6.864200000000335422e+03 2.103697188431397080e-04
6.865100000000335967e+03 2.099103003274649382e-04
6.866000000000336513e+03 2.083890722133219242e-04
6.866900000000336149e+03 2.064539585262537003e-04
6.867800000000335785e+03 2.054856449831277132e-04
6.868700000000336331e+03 2.066029555862769485e-04
6.869600000000336877e+03 2.079324331134557724e-04
6.870500000000336513e+03 2.079869009321555495e-04
6.871400000000336149e+03 2.075785014312714338e-04
6.872300000000336695e+03 2.073326322715729475e-04
6.873200000000337241e+03 2.077241661027073860e-04
6.874100000000336877e+03 2.083940198644995689e-04
6.875000000000336513e+03 2.087511820718646049e-04
6.875900000000337059e+03 2.088758483296260238e-04
6.876800000000337604e+03 2.092496579280123115e-04
6.877700000000337241e+03 2.102090802509337664e-04
6.878600000000336877e+03 2.105424937326461077e-04
6.879500000000337423e+03 2.099611738231033087e-04
6.880400000000337968e+03 2.090905763907358050e-04
6.881300000000337604e+03 2.079412079183384776e-04
6.882200000000337241e+03 2.069439069600775838e-04
6.883100000000337786e+03 2.070054615614935756e-04
6.884000000000338332e+03 2.078720863210037351e-04
6.884900000000337968e+03 2.083116414723917842e-04
6.885800000000337604e+03 2.082347346004098654e-04
6.886700000000338150e+03 2.089879126287996769e-04
6.887600000000338696e+03 2.099357370752841234e-04
6.888500000000338332e+03 2.100135461660102010e-04
6.889400000000337968e+03 2.103307924699038267e-04
6.890300000000338514e+03 2.110384957632049918e-04
6.891200000000339060e+03 2.107520267600193620e-04
6.892100000000338696e+03 2.101085992762818933e-04
6.893000000000338332e+03 2.103608130710199475e-04
6.893900000000338878e+03 2.105807798216119409e-04
6.894800000000339423e+03 2.098005061270669103e-04
6.895700000000339060e+03 2.091353380819782615e-04
6.896600000000338696e+03 2.094327646773308516e-04
6.897500000000339242e+03 2.100057317875325680e-04
6.898400000000339787e+03 2.098626282531768084e-04
6.899300000000339423e+03 2.091743081109598279e-04
6.900200000000339060e+03 2.092552604153752327e-04
6.901100000000339605e+03 2.102391445077955723e-04
6.902000000000340151e+03 2.108683402184396982e-04
6.902900000000339787e+03 2.108520857291296124e-04
6.903800000000339423e+03 2.106932370224967599e-04
6.904700000000339969e+03 2.107563050230965018e-04
6.905600000000340515e+03 2.111853827955201268e-04
6.906500000000340151e+03 2.115115348715335131e-04
6.907400000000339787e+03 2.114930248353630304e-04
6.908300000000340333e+03 2.112242364091798663e-04
6.909200000000340879e+03 2.111739449901506305e-04
6.910100000000340515e+03 2.111248613800853491e-04
6.911000000000340151e+03 2.105436433339491487e-04
6.911900000000340697e+03 2.097430842695757747e-04
6.912800000000341242e+03 2.087149186991155148e-04
6.913700000000340879e+03 2.077958633890375495e-04
6.914600000000340515e+03 2.076736709568649530e-04
6.915500000000341061e+03 2.078718534903600812e-04
6.916400000000341606e+03 2.080109697999432683e-04
6.917300000000341242e+03 2.081332204397767782e-04
6.918200000000340879e+03 2.085327141685411334e-04
6.919100000000341424e+03 2.090691414196044207e-04
6.920000000000341970e+03 2.096340176649391651e-04
6.920900000000341606e+03 2.099226403515785933e-04
6.921800000000341242e+03 2.096978714689612389e-04
6.922700000000341788e+03 2.087093162117525935e-04
6.923600000000342334e+03 2.072721545118838549e-04
6.924500000000341970e+03 2.062779240077361465e-04
6.925400000000341606e+03 2.063052961602807045e-04
6.926300000000342152e+03 2.071694761980324984e-04
6.927200000000342698e+03 2.081709681078791618e-04
6.928100000000342334e+03 2.084929001284763217e-04
6.929000000000341970e+03 2.086414024233818054e-04
6.929900000000342516e+03 2.090255002258345485e-04
6.930800000000343061e+03 2.089720510412007570e-04
6.931700000000342698e+03 2.082608989439904690e-04
6.932600000000342334e+03 2.074577350867912173e-04
6.933500000000342880e+03 2.074346266454085708e-04
6.934400000000343425e+03 2.082725259242579341e-04
6.935300000000343061e+03 2.091054484480991960e-04
6.936200000000342698e+03 2.092150825774297118e-04
6.937100000000343243e+03 2.087505999952554703e-04
6.938000000000343789e+03 2.084777806885540485e-04
6.938900000000343425e+03 2.084236621158197522e-04
6.939800000000343061e+03 2.085763262584805489e-04
6.940700000000343607e+03 2.090036432491615415e-04
6.941600000000344153e+03 2.090195921482518315e-04
6.942500000000343789e+03 2.083184081129729748e-04
6.943400000000343425e+03 2.071684866677969694e-04
6.944300000000343971e+03 2.060143888229504228e-04
6.945200000000344517e+03 2.056421217275783420e-04
6.946100000000344153e+03 2.062068815575912595e-04
6.947000000000343789e+03 2.073626819765195251e-04
6.947900000000344335e+03 2.084147272398695350e-04
6.948800000000344880e+03 2.089513727696612477e-04
6.949700000000344517e+03 2.089178742608055472e-04
6.950600000000344153e+03 2.078971301671117544e-04
6.951500000000344698e+03 2.065290173050016165e-04
6.952400000000345244e+03 2.059375983662903309e-04
6.953300000000344880e+03 2.059979597106575966e-04
6.954200000000344517e+03 2.063983411062508821e-04
6.955100000000345062e+03 2.066985325654968619e-04
6.956000000000345608e+03 2.073596842819824815e-04
6.956900000000345244e+03 2.084347361233085394e-04
6.957800000000344880e+03 2.087586035486310720e-04
6.958700000000345426e+03 2.083619765471667051e-04
6.959600000000345972e+03 2.083064027829095721e-04
6.960500000000345608e+03 2.087699103867635131e-04
6.961400000000345244e+03 2.094671945087611675e-04
6.962300000000345790e+03 2.101575955748558044e-04
6.963200000000346336e+03 2.103081496898084879e-04
6.964100000000345972e+03 2.098944532917812467e-04
6.965000000000345608e+03 2.093219227390363812e-04
6.965900000000346154e+03 2.091089409077540040e-04
6.966800000000346699e+03 2.096718963002786040e-04
6.967700000000346336e+03 2.106660103891044855e-04
6.968600000000345972e+03 2.108130283886566758e-04
6.969500000000346517e+03 2.099287521559745073e-04
6.970400000000347063e+03 2.093043585773557425e-04
6.971300000000346699e+03 2.093714138027280569e-04
6.972200000000346336e+03 2.097160759149119258e-04
6.973100000000346881e+03 2.098055265378206968e-04
6.974000000000347427e+03 2.092940849252045155e-04
6.974900000000347063e+03 2.080903796013444662e-04
6.975800000000346699e+03 2.063138381345197558e-04
6.976700000000347245e+03 2.043139975285157561e-04
6.977600000000347791e+03 2.022408734774217010e-04
6.978500000000347427e+03 2.012308250414207578e-04
6.979400000000347063e+03 2.026257716352120042e-04
6.980300000000347609e+03 2.055411605397239327e-04
6.981200000000348155e+03 2.080268168356269598e-04
6.982100000000347791e+03 2.094718511216342449e-04
6.983000000000347427e+03 2.100553392665460706e-04
6.983900000000347973e+03 2.099901757901534438e-04
6.984800000000348518e+03 2.096837415592744946e-04
6.985700000000348155e+03 2.093899383908137679e-04
6.986600000000347791e+03 2.088088949676603079e-04
6.987500000000348336e+03 2.079488622257485986e-04
6.988400000000348882e+03 2.070537011604756117e-04
6.989300000000348518e+03 2.067425375571474433e-04
6.990200000000348155e+03 2.073287905659526587e-04
6.991100000000348700e+03 2.081341226585209370e-04
6.992000000000349246e+03 2.085448068100959063e-04
6.992900000000348882e+03 2.084891166305169463e-04
6.993800000000348518e+03 2.083439758280292153e-04
6.994700000000349064e+03 2.085950109176337719e-04
6.995600000000349610e+03 2.089929184876382351e-04
6.996500000000349246e+03 2.087803004542365670e-04
6.997400000000348882e+03 2.076781092910096049e-04
6.998300000000349428e+03 2.063507417915388942e-04
6.999200000000349974e+03 2.056204975815489888e-04
7.000100000000349610e+03 2.058891259366646409e-04
7.001000000000349246e+03 2.068238391075283289e-04
7.001900000000349792e+03 2.072514616884291172e-04
7.002800000000350337e+03 2.063534921035170555e-04
7.003700000000349974e+03 2.047185698756948113e-04
7.004600000000349610e+03 2.039184764726087451e-04
7.005500000000350155e+03 2.042962587438523769e-04
7.006400000000350701e+03 2.051094343187287450e-04
7.007300000000350337e+03 2.060262049781158566e-04
7.008200000000349974e+03 2.068890171358361840e-04
7.009100000000350519e+03 2.073989599011838436e-04
7.010000000000351065e+03 2.071441849693655968e-04
7.010900000000350701e+03 2.065085427602753043e-04
7.011800000000350337e+03 2.065371081698685884e-04
7.012700000000350883e+03 2.068617468466982245e-04
7.013600000000351429e+03 2.060993865597993135e-04
7.014500000000351065e+03 2.037651865975931287e-04
7.015400000000350701e+03 2.011762553593143821e-04
7.016300000000351247e+03 2.003520203288644552e-04
7.017200000000351793e+03 2.023486740654334426e-04
7.018100000000351429e+03 2.056240773526951671e-04
7.019000000000351065e+03 2.078586257994174957e-04
7.019900000000351611e+03 2.085782180074602365e-04
7.020800000000352156e+03 2.081982966046780348e-04
7.021700000000351793e+03 2.067857276415452361e-04
7.022600000000351429e+03 2.048208407359197736e-04
7.023500000000351974e+03 2.035152865573763847e-04
7.024400000000352520e+03 2.033210330409929156e-04
7.025300000000352156e+03 2.041960105998441577e-04
7.026200000000351793e+03 2.055124641628935933e-04
7.027100000000352338e+03 2.065066510112956166e-04
7.028000000000352884e+03 2.068828907795250416e-04
7.028900000000352520e+03 2.068456960842013359e-04
7.029800000000352156e+03 2.068946778308600187e-04
7.030700000000352702e+03 2.071152848657220602e-04
7.031600000000353248e+03 2.072603383567184210e-04
7.032500000000352884e+03 2.071184571832418442e-04
7.033400000000352520e+03 2.067187015200033784e-04
7.034300000000353066e+03 2.063637657556682825e-04
7.035200000000353612e+03 2.061374107142910361e-04
7.036100000000353248e+03 2.056616503978148103e-04
7.037000000000352884e+03 2.041851839749142528e-04
7.037900000000353430e+03 2.021950058406218886e-04
7.038800000000353975e+03 2.022357366513460875e-04
7.039700000000353612e+03 2.053084172075614333e-04
7.040600000000353248e+03 2.084230072796344757e-04
7.041500000000353793e+03 2.097558026434853673e-04
7.042400000000354339e+03 2.097376418532803655e-04
7.043300000000353975e+03 2.089404879370704293e-04
7.044200000000353612e+03 2.078192919725552201e-04
7.045100000000354157e+03 2.068307512672618032e-04
7.046000000000354703e+03 2.070607297355309129e-04
7.046900000000354339e+03 2.084670122712850571e-04
7.047800000000353975e+03 2.095752133755013347e-04
7.048700000000354521e+03 2.096152020385488868e-04
7.049600000000355067e+03 2.084783773170784116e-04
7.050500000000354703e+03 2.069498877972364426e-04
7.051400000000354339e+03 2.052895288215950131e-04
7.052300000000354885e+03 2.030465693678706884e-04
7.053200000000355431e+03 2.003778063226491213e-04
7.054100000000355067e+03 1.980172964977100492e-04
7.055000000000354703e+03 1.970707235159352422e-04
7.055900000000355249e+03 1.976703933905810118e-04
7.056800000000355794e+03 1.985647249966859818e-04
7.057700000000355431e+03 1.988403673749417067e-04
7.058600000000355067e+03 1.982062385650351644e-04
7.059500000000355612e+03 1.970948360394686460e-04
7.060400000000356158e+03 1.964941620826721191e-04
7.061300000000355794e+03 1.969334844034165144e-04
7.062200000000355431e+03 1.978854852495715022e-04
7.063100000000355976e+03 1.991319586522877216e-04
7.064000000000356522e+03 2.004575217142701149e-04
7.064900000000356158e+03 2.006338327191770077e-04
7.065800000000355794e+03 1.991143944906070828e-04
7.066700000000356340e+03 1.970268349396064878e-04
7.067600000000356886e+03 1.955722254933789372e-04
7.068500000000356522e+03 1.952209713635966182e-04
7.069400000000356158e+03 1.962245587492361665e-04
7.070300000000356704e+03 1.978520595002919436e-04
7.071200000000357250e+03 1.988194562727585435e-04
7.072100000000356886e+03 1.992075704038143158e-04
7.073000000000356522e+03 1.991169410757720470e-04
7.073900000000357068e+03 1.987243304029107094e-04
7.074800000000357613e+03 1.983720867428928614e-04
7.075700000000357250e+03 1.981168752536177635e-04
7.076600000000356886e+03 1.979076769202947617e-04
7.077500000000357431e+03 1.981232780963182449e-04
7.078400000000357977e+03 1.985436392715200782e-04
7.079300000000357613e+03 1.989399315789341927e-04
7.080200000000357250e+03 1.993553596548736095e-04
7.081100000000357795e+03 1.993771875277161598e-04
7.082000000000358341e+03 1.983118563657626510e-04
7.082900000000357977e+03 1.963596150744706392e-04
7.083800000000357613e+03 1.940274378284811974e-04
7.084700000000358159e+03 1.924104290083050728e-04
7.085600000000358705e+03 1.923734962474554777e-04
7.086500000000358341e+03 1.925292162923142314e-04
7.087400000000357977e+03 1.914932945510372519e-04
7.088300000000358523e+03 1.902934891404584050e-04
7.089200000000359069e+03 1.900123170344159007e-04
7.090100000000358705e+03 1.899617927847430110e-04
7.091000000000358341e+03 1.901434588944539428e-04
7.091900000000358887e+03 1.906680117826908827e-04
7.092800000000359432e+03 1.907062251120805740e-04
7.093700000000359069e+03 1.905933459056541324e-04
7.094600000000358705e+03 1.904555392684414983e-04
7.095500000000359250e+03 1.903150841826573014e-04
7.096400000000359796e+03 1.904277596622705460e-04
7.097300000000359432e+03 1.908723934320732951e-04
7.098200000000359069e+03 1.920022623380646110e-04
7.099100000000359614e+03 1.931921869982033968e-04
7.100000000000360160e+03 1.935999462148174644e-04
7.100900000000359796e+03 1.934799947775900364e-04
7.101800000000359432e+03 1.930527942022308707e-04
7.102700000000359978e+03 1.928776182467117906e-04
7.103600000000360524e+03 1.935210602823644876e-04
7.104500000000360160e+03 1.941837690537795424e-04
7.105400000000359796e+03 1.941218797583132982e-04
7.106300000000360342e+03 1.937019260367378592e-04
7.107200000000360887e+03 1.933855237439274788e-04
7.108100000000360524e+03 1.933537423610687256e-04
7.109000000000360160e+03 1.931827864609658718e-04
7.109900000000360706e+03 1.921031507663428783e-04
7.110800000000361251e+03 1.908053527586162090e-04
7.111700000000360887e+03 1.904448436107486486e-04
7.112600000000360524e+03 1.913297601277008653e-04
7.113500000000361069e+03 1.922764786286279559e-04
7.114400000000361615e+03 1.924999087350443006e-04
7.115300000000361251e+03 1.925530814332887530e-04
7.116200000000360887e+03 1.930953148985281587e-04
7.117100000000361433e+03 1.933843886945396662e-04
7.118000000000361979e+03 1.933673192979767919e-04
7.118900000000361615e+03 1.931676379172131419e-04
7.119800000000361251e+03 1.928055135067552328e-04
7.120700000000361797e+03 1.925955584738403559e-04
7.121600000000362343e+03 1.924537355080246925e-04
7.122500000000361979e+03 1.925562246469780803e-04
7.123400000000361615e+03 1.932483864948153496e-04
7.124300000000362161e+03 1.932391460286453366e-04
7.125200000000362706e+03 1.920759241329506040e-04
7.126100000000362343e+03 1.908980921143665910e-04
7.127000000000361979e+03 1.909097336465492845e-04
7.127900000000362525e+03 1.914364111144095659e-04
7.128800000000363070e+03 1.913054147735238075e-04
7.129700000000362706e+03 1.903886150103062391e-04
7.130600000000362343e+03 1.894304296001791954e-04
7.131500000000362888e+03 1.895236928248777986e-04
7.132400000000363434e+03 1.906643883557990193e-04
7.133300000000363070e+03 1.919109927257522941e-04
7.134200000000362706e+03 1.928896526806056499e-04
7.135100000000363252e+03 1.931871811393648386e-04
7.136000000000363798e+03 1.931915176101028919e-04
7.136900000000363434e+03 1.934074825840070844e-04
7.137800000000363070e+03 1.935176260303705931e-04
7.138700000000363616e+03 1.933645107783377171e-04
7.139600000000364162e+03 1.934316096594557166e-04
7.140500000000363798e+03 1.939217763720080256e-04
7.141400000000363434e+03 1.942482340382412076e-04
7.142300000000363980e+03 1.939363719429820776e-04
7.143200000000364525e+03 1.938162022270262241e-04
7.144100000000364162e+03 1.940819638548418880e-04
7.145000000000363798e+03 1.937519555212929845e-04
7.145900000000364344e+03 1.930638100020587444e-04
7.146800000000364889e+03 1.922662049764767289e-04
7.147700000000364525e+03 1.907481928355991840e-04
7.148600000000364162e+03 1.902200892800465226e-04
7.149500000000364707e+03 1.918733469210565090e-04
7.150400000000365253e+03 1.936626504175364971e-04
7.151300000000364889e+03 1.945609110407531261e-04
7.152200000000364525e+03 1.953619503183290362e-04
7.153100000000365071e+03 1.958522771019488573e-04
7.154000000000365617e+03 1.955858897417783737e-04
7.154900000000365253e+03 1.951026497408747673e-04
7.155800000000364889e+03 1.952194870682433248e-04
7.156700000000365435e+03 1.958540524356067181e-04
7.157600000000365981e+03 1.958728389581665397e-04
7.158500000000365617e+03 1.951458252733573318e-04
7.159400000000365253e+03 1.945646654348820448e-04
7.160300000000365799e+03 1.943313109222799540e-04
7.161200000000366344e+03 1.941638329299166799e-04
7.162100000000365981e+03 1.935853215400129557e-04
7.163000000000365617e+03 1.922793308040127158e-04
7.163900000000366163e+03 1.902725198306143284e-04
7.164800000000366708e+03 1.887026592157781124e-04
7.165700000000366344e+03 1.892604486783966422e-04
7.166600000000365981e+03 1.917713234433904290e-04
7.167500000000366526e+03 1.937733468366786838e-04
7.168400000000367072e+03 1.940577931236475706e-04
7.169300000000366708e+03 1.940143702086061239e-04
7.170200000000366344e+03 1.938895875355228782e-04
7.171100000000366890e+03 1.934407628141343594e-04
7.172000000000367436e+03 1.939629728440195322e-04
7.172900000000367072e+03 1.951790618477389216e-04
7.173800000000366708e+03 1.952787279151380062e-04
7.174700000000367254e+03 1.938515197252854705e-04
7.175600000000367800e+03 1.922442315844818950e-04
7.176500000000367436e+03 1.922525989357382059e-04
7.177400000000367072e+03 1.935941108968108892e-04
7.178300000000367618e+03 1.940785150509327650e-04
7.179200000000368163e+03 1.926856930367648602e-04
7.180100000000367800e+03 1.909486163640394807e-04
7.181000000000367436e+03 1.906285906443372369e-04
7.181900000000367982e+03 1.917200279422104359e-04
7.182800000000368527e+03 1.937767665367573500e-04
7.183700000000368163e+03 1.948522840393707156e-04
7.184600000000367800e+03 1.936164044309407473e-04
7.185500000000368345e+03 1.924596581375226378e-04
7.186400000000368891e+03 1.918058405863121152e-04
7.187300000000368527e+03 1.909125421661883593e-04
7.188200000000368163e+03 1.907755067804828286e-04
7.189100000000368709e+03 1.905880344565957785e-04
7.190000000000369255e+03 1.907779078464955091e-04
7.190900000000368891e+03 1.917743356898427010e-04
7.191800000000368527e+03 1.922982046380639076e-04
7.192700000000369073e+03 1.923454983625560999e-04
7.193600000000369619e+03 1.924821990542113781e-04
7.194500000000369255e+03 1.928819256136193871e-04
7.195400000000368891e+03 1.927964622154831886e-04
7.196300000000369437e+03 1.923139498103410006e-04
7.197200000000369982e+03 1.926470577018335462e-04
7.198100000000369619e+03 1.928521378431469202e-04
7.199000000000369255e+03 1.929941354319453239e-04
7.199900000000369801e+03 1.941002847161144018e-04
7.200800000000370346e+03 1.944561081472784281e-04
7.201700000000369982e+03 1.934276369865983725e-04
7.202600000000369619e+03 1.934209285536780953e-04
7.203500000000370164e+03 1.942126546055078506e-04
7.204400000000370710e+03 1.942352828336879611e-04
7.205300000000370346e+03 1.938816276378929615e-04
7.206200000000369982e+03 1.921290386235341430e-04
7.207100000000370528e+03 1.895924651762470603e-04
7.208000000000371074e+03 1.891416613943874836e-04
7.208900000000370710e+03 1.908180856844410300e-04
7.209800000000370346e+03 1.929638820001855493e-04
7.210700000000370892e+03 1.946465636137872934e-04
7.211600000000371438e+03 1.949775032699108124e-04
7.212500000000371074e+03 1.942239323398098350e-04
7.213400000000370710e+03 1.933183957589790225e-04
7.214300000000371256e+03 1.925160031532868743e-04
7.215200000000371801e+03 1.922540250234305859e-04
7.216100000000371438e+03 1.926962722791358829e-04
7.217000000000371074e+03 1.937458000611513853e-04
7.217900000000371620e+03 1.948943099705502391e-04
7.218800000000372165e+03 1.952655729837715626e-04
7.219700000000371801e+03 1.944689720403403044e-04
7.220600000000371438e+03 1.932667219080030918e-04
7.221500000000371983e+03 1.927506382344290614e-04
7.222400000000372529e+03 1.930998114403337240e-04
7.223300000000372165e+03 1.935058389790356159e-04
7.224200000000371801e+03 1.941096561495214701e-04
7.225100000000372347e+03 1.946738339029252529e-04
7.226000000000372893e+03 1.953003520611673594e-04
7.226900000000372529e+03 1.960613299161195755e-04
7.227800000000372165e+03 1.960896042874082923e-04
7.228700000000372711e+03 1.956627384060993791e-04
7.229600000000373257e+03 1.957046624738723040e-04
7.230500000000372893e+03 1.962464302778244019e-04
7.231400000000372529e+03 1.971372548723593354e-04
7.232300000000373075e+03 1.971831079572439194e-04
7.233200000000373620e+03 1.970284647541120648e-04
7.234100000000373257e+03 1.970011799130588770e-04
7.235000000000372893e+03 1.966436684597283602e-04
7.235900000000373439e+03 1.962492096936330199e-04
7.236800000000373984e+03 1.957506610779091716e-04
7.237700000000373620e+03 1.947240816662088037e-04
7.238600000000373257e+03 1.941614900715649128e-04
7.239500000000373802e+03 1.949397410498932004e-04
7.240400000000374348e+03 1.952375605469569564e-04
7.241300000000373984e+03 1.948884892044588923e-04
7.242200000000373620e+03 1.952274033101275563e-04
7.243100000000374166e+03 1.947804121300578117e-04
7.244000000000374712e+03 1.935937907546758652e-04
7.244900000000374348e+03 1.932543236762285233e-04
7.245800000000373984e+03 1.941168593475595117e-04
7.246700000000374530e+03 1.955610932782292366e-04
7.247600000000375076e+03 1.966474374057725072e-04
7.248500000000374712e+03 1.973725738935172558e-04
7.249400000000374348e+03 1.966048585018143058e-04
7.250300000000374894e+03 1.939969224622473121e-04
7.251200000000375439e+03 1.926937693497166038e-04
7.252100000000375076e+03 1.941157097462564707e-04
7.253000000000374712e+03 1.962517708307132125e-04
7.253900000000375258e+03 1.972902537090703845e-04
7.254800000000375803e+03 1.968866708921268582e-04
7.255700000000375439e+03 1.968240976566448808e-04
7.256600000000375076e+03 1.978227373911067843e-04
7.257500000000375621e+03 1.996893988689407706e-04
7.258400000000376167e+03 1.978151267394423485e-04
7.259300000000375803e+03 1.968771539395675063e-04
7.260200000000375439e+03 1.955660845851525664e-04
7.261100000000375985e+03 1.941826776601374149e-04
7.262000000000376531e+03 1.941180235007777810e-04
7.262900000000376167e+03 1.958314678631722927e-04
7.263800000000375803e+03 1.982380053959786892e-04
7.264700000000376349e+03 1.996434293687343597e-04
7.265600000000376895e+03 1.995694619836285710e-04
7.266500000000376531e+03 1.991544413613155484e-04
7.267400000000376167e+03 1.989636803045868874e-04
7.268300000000376713e+03 1.991832250496372581e-04
7.269200000000377258e+03 1.987344439839944243e-04
7.270100000000376895e+03 1.970561133930459619e-04
7.271000000000376531e+03 1.959772198460996151e-04
7.271900000000377077e+03 1.962018286576494575e-04
7.272800000000377622e+03 1.964217808563262224e-04
7.273700000000377258e+03 1.964178518392145634e-04
7.274600000000376895e+03 1.960402296390384436e-04
7.275500000000377440e+03 1.962105889106169343e-04
7.276400000000377986e+03 1.971803139895200729e-04
7.277300000000377622e+03 1.975697523448616266e-04
7.278200000000377258e+03 1.974127953872084618e-04
7.279100000000377804e+03 1.970713346963748336e-04
7.280000000000378350e+03 1.965067349374294281e-04
7.280900000000377986e+03 1.957901695277541876e-04
7.281800000000377622e+03 1.946728734765201807e-04
7.282700000000378168e+03 1.939519570441916585e-04
7.283600000000378714e+03 1.935990439960733056e-04
7.284500000000378350e+03 1.931239821715280414e-04
7.285400000000377986e+03 1.935849722940474749e-04
7.286300000000378532e+03 1.953370665432885289e-04
7.287200000000379077e+03 1.955248153535649180e-04
7.288100000000378714e+03 1.930144935613498092e-04
7.289000000000378350e+03 1.912476582219824195e-04
7.289900000000378895e+03 1.913319429149851203e-04
7.290800000000379441e+03 1.918241905514150858e-04
7.291700000000379077e+03 1.920688519021496177e-04
7.292600000000378714e+03 1.925810356624424458e-04
7.293500000000379259e+03 1.943903189385309815e-04
7.294400000000379805e+03 1.967316347872838378e-04
7.295300000000379441e+03 1.985676499316468835e-04
7.296200000000379077e+03 1.994643389480188489e-04
7.297100000000379623e+03 1.990470045711845160e-04
7.298000000000380169e+03 1.984046248253434896e-04
7.298900000000379805e+03 1.979282533284276724e-04
7.299800000000379441e+03 1.970827433979138732e-04
7.300700000000379987e+03 1.966810377780348063e-04
7.301600000000380533e+03 1.976312196347862482e-04
7.302500000000380169e+03 1.988900912692770362e-04
7.303400000000379805e+03 1.995290949707850814e-04
7.304300000000380351e+03 1.997643266804516315e-04
7.305200000000380896e+03 1.992713805520907044e-04
7.306100000000380533e+03 1.977448846446350217e-04
7.307000000000380169e+03 1.961415691766887903e-04
7.307900000000380714e+03 1.958770881174132228e-04
7.308800000000381260e+03 1.969708100659772754e-04
7.309700000000380896e+03 1.976591884158551693e-04
7.310600000000380533e+03 1.974836486624553800e-04
7.311500000000381078e+03 1.974474143935367465e-04
7.312400000000381624e+03 1.979211665457114577e-04
7.313300000000381260e+03 1.986272691283375025e-04
7.314200000000380896e+03 1.990802848013117909e-04
7.315100000000381442e+03 1.987018767977133393e-04
7.316000000000381988e+03 1.983579568332061172e-04
7.316900000000381624e+03 1.988341391552239656e-04
7.317800000000381260e+03 1.994020567508414388e-04
7.318700000000381806e+03 1.999663945753127337e-04
7.319600000000382352e+03 2.003621193580329418e-04
7.320500000000381988e+03 1.998983934754505754e-04
7.321400000000381624e+03 1.994297781493514776e-04
7.322300000000382170e+03 1.994519261643290520e-04
7.323200000000382715e+03 1.992339530261233449e-04
7.324100000000382352e+03 1.986944407690316439e-04
7.325000000000381988e+03 1.981237001018598676e-04
7.325900000000382533e+03 1.978731888812035322e-04
7.326800000000383079e+03 1.986177230719476938e-04
7.327700000000382715e+03 2.001287502935156226e-04
7.328600000000382352e+03 2.008482260862365365e-04
7.329500000000382897e+03 2.005115238716825843e-04
7.330400000000383443e+03 1.999908708967268467e-04
7.331300000000383079e+03 1.998207444557920098e-04
7.332200000000382715e+03 1.998290535993874073e-04
7.333100000000383261e+03 2.000070235226303339e-04
7.334000000000383807e+03 2.004955313168466091e-04
7.334900000000383443e+03 2.011003671213984489e-04
7.335800000000383079e+03 2.018959494307637215e-04
7.336700000000383625e+03 2.027236041612923145e-04
7.337600000000384171e+03 2.028335584327578545e-04
7.338500000000383807e+03 2.025213034357875586e-04
7.339400000000383443e+03 2.024835703196004033e-04
7.340300000000383989e+03 2.024158602580428123e-04
7.341200000000384534e+03 2.019229141296818852e-04
7.342100000000384171e+03 2.012247277889400721e-04
7.343000000000383807e+03 1.998398511204868555e-04
7.343900000000384352e+03 1.981170789804309607e-04
7.344800000000384898e+03 1.972750178538262844e-04
7.345700000000384534e+03 1.978252839762717485e-04
7.346600000000384171e+03 1.990799355553463101e-04
7.347500000000384716e+03 2.002410619752481580e-04
7.348400000000385262e+03 2.006563590839505196e-04
7.349300000000384898e+03 1.998579537030309439e-04
7.350200000000384534e+03 1.984700356842949986e-04
7.351100000000385080e+03 1.975441264221444726e-04
7.352000000000385626e+03 1.974904589587822556e-04
7.352900000000385262e+03 1.977516803890466690e-04
7.353800000000384898e+03 1.975663617486134171e-04
7.354700000000385444e+03 1.966863346751779318e-04
7.355600000000385990e+03 1.954829931491985917e-04
7.356500000000385626e+03 1.952622696990147233e-04
7.357400000000385262e+03 1.968458527699112892e-04
7.358300000000385808e+03 1.990267483051866293e-04
7.359200000000386353e+03 2.001662942348048091e-04
7.360100000000385990e+03 1.997429790208116174e-04
7.361000000000385626e+03 1.985189301194623113e-04
7.361900000000386171e+03 1.972482277778908610e-04
7.362800000000386717e+03 1.964017574209719896e-04
7.363700000000386353e+03 1.965054398169741035e-04
7.364600000000385990e+03 1.971435121959075332e-04
7.365500000000386535e+03 1.977913052542135119e-04
7.366400000000387081e+03 1.986636634683236480e-04
7.367300000000386717e+03 1.994015765376389027e-04
7.368200000000386353e+03 1.993970654439181089e-04
7.369100000000386899e+03 1.991207100218161941e-04
7.370000000000387445e+03 1.991834287764504552e-04
7.370900000000387081e+03 1.994725171243771911e-04
7.371800000000386717e+03 1.992803008761256933e-04
7.372700000000387263e+03 1.982463872991502285e-04
7.373600000000387809e+03 1.971930760191753507e-04
7.374500000000387445e+03 1.965416449820622802e-04
7.375400000000387081e+03 1.963311078725382686e-04
7.376300000000387627e+03 1.965904957614839077e-04
7.377200000000388172e+03 1.969594595720991492e-04
7.378100000000387809e+03 1.974968181457370520e-04
7.379000000000387445e+03 1.978008804144337773e-04
7.379900000000387990e+03 1.970242301467806101e-04
7.380800000000388536e+03 1.952852035174146295e-04
7.381700000000388172e+03 1.937641791300848126e-04
7.382600000000387809e+03 1.925668620970100164e-04
7.383500000000388354e+03 1.918430934892967343e-04
7.384400000000388900e+03 1.906527613755315542e-04
7.385300000000388536e+03 1.893763837870210409e-04
7.386200000000388172e+03 1.889690029202029109e-04
7.387100000000388718e+03 1.892626169137656689e-04
7.388000000000389264e+03 1.890959101729094982e-04
7.388900000000388900e+03 1.884669909486547112e-04
7.389800000000388536e+03 1.887211401481181383e-04
7.390700000000389082e+03 1.900799834402278066e-04
7.391600000000389628e+03 1.908806443680077791e-04
7.392500000000389264e+03 1.903396623674780130e-04
7.393400000000388900e+03 1.894757733680307865e-04
7.394300000000389446e+03 1.897310576168820262e-04
7.395200000000389991e+03 1.911452563945204020e-04
7.396100000000389628e+03 1.921323564602062106e-04
7.397000000000389264e+03 1.922871015267446637e-04
7.397900000000389809e+03 1.924772659549489617e-04
7.398800000000390355e+03 1.922538649523630738e-04
7.399700000000389991e+03 1.919282804010435939e-04
7.400600000000389628e+03 1.921470538945868611e-04
7.401500000000390173e+03 1.932607119670137763e-04
7.402400000000390719e+03 1.949293509824201465e-04
7.403300000000390355e+03 1.960372901521623135e-04
7.404200000000389991e+03 1.954288891283795238e-04
7.405100000000390537e+03 1.938785862876102328e-04
7.406000000000391083e+03 1.929990830831229687e-04
7.406900000000390719e+03 1.929886784637346864e-04
7.407800000000390355e+03 1.931653823703527451e-04
7.408700000000390901e+03 1.923872187035158277e-04
7.409600000000391447e+03 1.770108210621401668e-04
