3.540500000000000000e+03 1.089323632186278701e-04
3.541400000000000091e+03 1.065755423041991889e-04
3.542300000000000182e+03 1.070613725460134447e-04
3.543200000000000273e+03 1.095151019399054348e-04
3.544100000000000364e+03 1.109418299165554345e-04
3.545000000000000455e+03 1.107651332858949900e-04
3.545900000000000546e+03 1.105213523260317743e-04
3.546800000000000637e+03 1.099041182897053659e-04
3.547700000000000728e+03 1.094744802685454488e-04
3.548600000000000819e+03 1.105459086829796433e-04
3.549500000000000909e+03 1.122920293710194528e-04
3.550400000000001000e+03 1.127119539887644351e-04
3.551300000000001091e+03 1.112499376176856458e-04
3.552200000000001182e+03 1.090028526959940791e-04
3.553100000000001273e+03 1.066937329596839845e-04
3.554000000000001364e+03 1.052974694175645709e-04
3.554900000000001455e+03 1.060732465703040361e-04
3.555800000000001546e+03 1.077088891179300845e-04
3.556700000000001637e+03 1.078611821867525578e-04
3.557600000000001728e+03 1.068632845999673009e-04
3.558500000000001819e+03 1.063429372152313590e-04
3.559400000000001910e+03 1.068636483978480101e-04
3.560300000000002001e+03 1.076150438166223466e-04
3.561200000000002092e+03 1.088075296138413250e-04
3.562100000000002183e+03 1.113494654418900609e-04
3.563000000000002274e+03 1.123994588851928711e-04
3.563900000000002365e+03 1.076137996278703213e-04
3.564800000000002456e+03 9.887402120511978865e-05
3.565700000000002547e+03 9.361050615552812815e-05
3.566600000000002638e+03 9.517355647403746843e-05
3.567500000000002728e+03 9.851531649474054575e-05
3.568400000000002819e+03 9.752227197168394923e-05
3.569300000000002910e+03 9.340341784991323948e-05
3.570200000000003001e+03 9.138620225712656975e-05
3.571100000000003092e+03 9.264879918191581964e-05
3.572000000000003183e+03 9.534212586004287004e-05
3.572900000000003274e+03 9.770072210812941194e-05
3.573800000000003365e+03 9.972736006602644920e-05
3.574700000000003456e+03 1.006854581646621227e-04
3.575600000000003547e+03 1.012119973893277347e-04
3.576500000000003638e+03 1.021089337882585824e-04
3.577400000000003729e+03 1.021721764118410647e-04
3.578300000000003820e+03 1.010171836242079735e-04
3.579200000000003911e+03 9.906645573209971189e-05
3.580100000000004002e+03 9.417127876076847315e-05
3.581000000000004093e+03 8.867216820362955332e-05
3.581900000000004184e+03 8.945597801357507706e-05
3.582800000000004275e+03 9.423885057913139462e-05
3.583700000000004366e+03 9.330274770036339760e-05
3.584600000000004457e+03 8.576642721891403198e-05
3.585500000000004547e+03 8.039402018766850233e-05
3.586400000000004638e+03 8.127940236590802670e-05
3.587300000000004729e+03 8.522620191797614098e-05
3.588200000000004820e+03 8.883052214514464140e-05
3.589100000000004911e+03 9.197432518703863025e-05
3.590000000000005002e+03 9.775778016773983836e-05
3.590900000000005093e+03 1.053452360793016851e-04
3.591800000000005184e+03 1.083863608073443174e-04
3.592700000000005275e+03 1.062006413121707737e-04
3.593600000000005366e+03 1.052273000823333859e-04
3.594500000000005457e+03 1.078862769645638764e-04
3.595400000000005548e+03 1.113160324166528881e-04
3.596300000000005639e+03 1.140642561949789524e-04
3.597200000000005730e+03 1.157106307800859213e-04
3.598100000000005821e+03 1.159811872639693320e-04
3.599000000000005912e+03 1.163062770501710474e-04
3.599900000000006003e+03 1.168338858406059444e-04
3.600800000000006094e+03 1.141261964221484959e-04
3.601700000000006185e+03 1.071448205038905144e-04
3.602600000000006276e+03 1.007867685984820127e-04
3.603500000000006366e+03 9.848145418800413609e-05
3.604400000000006457e+03 9.821904677664861083e-05
3.605300000000006548e+03 9.878628770820796490e-05
3.606200000000006639e+03 1.013120636343955994e-04
3.607100000000006730e+03 1.025055462378077209e-04
3.608000000000006821e+03 9.826868335949257016e-05
3.608900000000006912e+03 9.253268945030868053e-05
3.609800000000007003e+03 9.168120595859363675e-05
3.610700000000007094e+03 9.583028440829366446e-05
3.611600000000007185e+03 9.950422099791467190e-05
3.612500000000007276e+03 9.822996071306988597e-05
3.613400000000007367e+03 9.634933667257428169e-05
3.614300000000007458e+03 1.005303201964125037e-04
3.615200000000007549e+03 1.076268235919997096e-04
3.616100000000007640e+03 1.098847133107483387e-04
3.617000000000007731e+03 1.039342823787592351e-04
3.617900000000007822e+03 9.325431892648339272e-05
3.618800000000007913e+03 8.758896728977560997e-05
3.619700000000008004e+03 9.153003338724374771e-05
3.620600000000008095e+03 9.873861563391983509e-05
3.621500000000008185e+03 1.043552110786549747e-04
3.622400000000008276e+03 1.079816574929282069e-04
3.623300000000008367e+03 1.076886619557626545e-04
3.624200000000008458e+03 1.067849225364625454e-04
3.625100000000008549e+03 1.114275946747511625e-04
3.626000000000008640e+03 1.188020396512001753e-04
3.626900000000008731e+03 1.218048128066584468e-04
3.627800000000008822e+03 1.204440777655690908e-04
3.628700000000008913e+03 1.169743918580934405e-04
3.629600000000009004e+03 1.081804948626086116e-04
3.630500000000009095e+03 9.443354065297171474e-05
3.631400000000009186e+03 8.713280112715438008e-05
3.632300000000009277e+03 9.146033698925748467e-05
3.633200000000009368e+03 9.797168604563921690e-05
3.634100000000009459e+03 1.004268342512659729e-04
3.635000000000009550e+03 1.022750075208023190e-04
3.635900000000009641e+03 1.051022190949879587e-04
3.636800000000009732e+03 1.074257015716284513e-04
3.637700000000009823e+03 1.105549745261669159e-04
3.638600000000009913e+03 1.144508423749357462e-04
3.639500000000010004e+03 1.160496758529916406e-04
3.640400000000010095e+03 1.142046821769326925e-04
3.641300000000010186e+03 1.106964191421866417e-04
3.642200000000010277e+03 1.072577433660626411e-04
3.643100000000010368e+03 1.044566524797119200e-04
3.644000000000010459e+03 1.018281400320120156e-04
3.644900000000010550e+03 1.006409365800209343e-04
3.645800000000010641e+03 1.019896590150892735e-04
3.646700000000010732e+03 1.020542913465760648e-04
3.647600000000010823e+03 9.966070501832291484e-05
3.648500000000010914e+03 9.903198952088132501e-05
3.649400000000011005e+03 1.005367812467738986e-04
3.650300000000011096e+03 1.026003883453086019e-04
3.651200000000011187e+03 1.059761125361546874e-04
3.652100000000011278e+03 1.111713572754524648e-04
3.653000000000011369e+03 1.153392149717546999e-04
3.653900000000011460e+03 1.163218839792534709e-04
3.654800000000011551e+03 1.156500802608206868e-04
3.655700000000011642e+03 1.163342021754942834e-04
3.656600000000011732e+03 1.185730143333785236e-04
3.657500000000011823e+03 1.204698855872265995e-04
3.658400000000011914e+03 1.211552080349065363e-04
3.659300000000012005e+03 1.204107829835265875e-04
3.660200000000012096e+03 1.193119896925054491e-04
3.661100000000012187e+03 1.184255306725390255e-04
3.662000000000012278e+03 1.164266432169824839e-04
3.662900000000012369e+03 1.139139494625851512e-04
3.663800000000012460e+03 1.129416705225594342e-04
3.664700000000012551e+03 1.146967624663375318e-04
3.665600000000012642e+03 1.168632297776639462e-04
3.666500000000012733e+03 1.169920142274349928e-04
3.667400000000012824e+03 1.157087899628095329e-04
3.668300000000012915e+03 1.123735128203406930e-04
3.669200000000013006e+03 1.086064658011309803e-04
3.670100000000013097e+03 1.094607214326970279e-04
3.671000000000013188e+03 1.149824020103551447e-04
3.671900000000013279e+03 1.193273419630713761e-04
3.672800000000013370e+03 1.190289112855680287e-04
3.673700000000013461e+03 1.172104239230975509e-04
3.674600000000013551e+03 1.178058955701999366e-04
3.675500000000013642e+03 1.178691891254857183e-04
3.676400000000013733e+03 1.128892763517796993e-04
3.677300000000013824e+03 1.066902259481139481e-04
3.678200000000013915e+03 1.047689511324279010e-04
3.679100000000014006e+03 1.049872007570229471e-04
3.680000000000014097e+03 1.058406633092090487e-04
3.680900000000014188e+03 1.086544070858508348e-04
3.681800000000014279e+03 1.110180237446911633e-04
3.682700000000014370e+03 1.117959909606724977e-04
3.683600000000014461e+03 1.118155705626122653e-04
3.684500000000014552e+03 1.091450976673513651e-04
3.685400000000014643e+03 1.041500581777654588e-04
3.686300000000014734e+03 9.998241876019164920e-05
3.687200000000014825e+03 9.923165634972974658e-05
3.688100000000014916e+03 1.038783157127909362e-04
3.689000000000015007e+03 1.108789947465993464e-04
3.689900000000015098e+03 1.157270962721668184e-04
3.690800000000015189e+03 1.187555099022574723e-04
3.691700000000015280e+03 1.205476219183765352e-04
3.692600000000015370e+03 1.196093071484938264e-04
3.693500000000015461e+03 1.170296309283003211e-04
3.694400000000015552e+03 1.161059844889678061e-04
3.695300000000015643e+03 1.154621495516039431e-04
3.696200000000015734e+03 1.122913381550461054e-04
3.697100000000015825e+03 1.109562581405043602e-04
3.698000000000015916e+03 1.173069031210616231e-04
3.698900000000016007e+03 1.277663104701787233e-04
3.699800000000016098e+03 1.334182743448764086e-04
3.700700000000016189e+03 1.312387612415477633e-04
3.701600000000016280e+03 1.247378822881728411e-04
3.702500000000016371e+03 1.156392681878060102e-04
3.703400000000016462e+03 1.048957419698126614e-04
3.704300000000016553e+03 9.707335993880406022e-05
3.705200000000016644e+03 9.562339255353435874e-05
3.706100000000016735e+03 1.004013174679130316e-04
3.707000000000016826e+03 1.072300074156373739e-04
3.707900000000016917e+03 1.101864108932204545e-04
3.708800000000017008e+03 1.087491255020722747e-04
3.709700000000017099e+03 1.065121032297611237e-04
3.710600000000017189e+03 1.047143305186182261e-04
3.711500000000017280e+03 1.042029398377053440e-04
3.712400000000017371e+03 1.101947564166039228e-04
3.713300000000017462e+03 1.229050249094143510e-04
3.714200000000017553e+03 1.325979537796229124e-04
3.715100000000017644e+03 1.346371573163196445e-04
3.716000000000017735e+03 1.356315333396196365e-04
3.716900000000017826e+03 1.377305889036506414e-04
3.717800000000017917e+03 1.333662075921893120e-04
3.718700000000018008e+03 1.193846983369439840e-04
3.719600000000018099e+03 1.017829126794822514e-04
3.720500000000018190e+03 8.781361975707113743e-05
3.721400000000018281e+03 8.150380017468705773e-05
3.722300000000018372e+03 8.633945253677666187e-05
3.723200000000018463e+03 1.010130654321983457e-04
3.724100000000018554e+03 1.178309903480112553e-04
3.725000000000018645e+03 1.308134233113378286e-04
3.725900000000018736e+03 1.341601600870490074e-04
3.726800000000018827e+03 1.275602990062907338e-04
3.727700000000018917e+03 1.246927713509649038e-04
3.728600000000019008e+03 1.317365240538492799e-04
3.729500000000019099e+03 1.354620471829548478e-04
3.730400000000019190e+03 1.287997292820364237e-04
3.731300000000019281e+03 1.173996861325576901e-04
3.732200000000019372e+03 1.033137887134216726e-04
3.733100000000019463e+03 8.717885066289454699e-05
3.734000000000019554e+03 7.583694969071075320e-05
3.734900000000019645e+03 7.534641918027773499e-05
3.735800000000019736e+03 8.288487151730805635e-05
3.736700000000019827e+03 9.321829566033557057e-05
3.737600000000019918e+03 1.075005930033512414e-04
3.738500000000020009e+03 1.241050194948911667e-04
3.739400000000020100e+03 1.368029188597574830e-04
3.740300000000020191e+03 1.434684963896870613e-04
3.741200000000020282e+03 1.435830490663647652e-04
3.742100000000020373e+03 1.378745655529201031e-04
3.743000000000020464e+03 1.307620696024969220e-04
3.743900000000020555e+03 1.256231626030057669e-04
3.744800000000020646e+03 1.196727607748471200e-04
3.745700000000020736e+03 1.121988971135579050e-04
3.746600000000020827e+03 1.063345844158902764e-04
3.747500000000020918e+03 9.685161057859659195e-05
3.748400000000021009e+03 8.157684351317584515e-05
3.749300000000021100e+03 7.201318658189848065e-05
3.750200000000021191e+03 7.767579518258571625e-05
3.751100000000021282e+03 9.449762001167982817e-05
3.752000000000021373e+03 1.116276325774379075e-04
3.752900000000021464e+03 1.244490704266354442e-04
3.753800000000021555e+03 1.365668722428381443e-04
3.754700000000021646e+03 1.487488334532827139e-04
3.755600000000021737e+03 1.545203849673271179e-04
3.756500000000021828e+03 1.476733596064150333e-04
3.757400000000021919e+03 1.328789076069369912e-04
3.758300000000022010e+03 1.240270212292671204e-04
3.759200000000022101e+03 1.270671345992013812e-04
3.760100000000022192e+03 1.345419877907261252e-04
3.761000000000022283e+03 1.397722953697666526e-04
3.761900000000022374e+03 1.427240931661799550e-04
3.762800000000022465e+03 1.425199297955259681e-04
3.763700000000022555e+03 1.402034249622374773e-04
3.764600000000022646e+03 1.395291037624701858e-04
3.765500000000022737e+03 1.358876324957236648e-04
3.766400000000022828e+03 1.255999522982165217e-04
3.767300000000022919e+03 1.160388419521041214e-04
3.768200000000023010e+03 1.108942597056739032e-04
3.769100000000023101e+03 1.037393376464024186e-04
3.770000000000023192e+03 9.460288856644183397e-05
3.770900000000023283e+03 9.507074719294905663e-05
3.771800000000023374e+03 1.083668321371078491e-04
3.772700000000023465e+03 1.232179638464003801e-04
3.773600000000023556e+03 1.313469692831858993e-04
3.774500000000023647e+03 1.352781691821292043e-04
3.775400000000023738e+03 1.404167996952310205e-04
3.776300000000023829e+03 1.481265207985416055e-04
3.777200000000023920e+03 1.554778573336079717e-04
3.778100000000024011e+03 1.610046747373417020e-04
3.779000000000024102e+03 1.676051469985395670e-04
3.779900000000024193e+03 1.753979013301432133e-04
3.780800000000024284e+03 1.795608404790982604e-04
3.781700000000024374e+03 1.790295646060258150e-04
3.782600000000024465e+03 1.787159417290240526e-04
3.783500000000024556e+03 1.817935990402474999e-04
3.784400000000024647e+03 1.827334344852715731e-04
3.785300000000024738e+03 1.735395053401589394e-04
3.786200000000024829e+03 1.600972027517855167e-04
3.787100000000024920e+03 1.533027971163392067e-04
3.788000000000025011e+03 1.509242574684321880e-04
3.788900000000025102e+03 1.476135657867416739e-04
3.789800000000025193e+03 1.454555022064596415e-04
3.790700000000025284e+03 1.466033281758427620e-04
3.791600000000025375e+03 1.463921944377943873e-04
3.792500000000025466e+03 1.396481529809534550e-04
3.793400000000025557e+03 1.280935539398342371e-04
3.794300000000025648e+03 1.165743233286775649e-04
3.795200000000025739e+03 1.076834014384075999e-04
3.796100000000025830e+03 9.898358985083177686e-05
3.797000000000025921e+03 8.799986972007900476e-05
3.797900000000026012e+03 8.120299025904387236e-05
3.798800000000026102e+03 8.682672341819852591e-05
3.799700000000026193e+03 1.029611521516926587e-04
3.800600000000026284e+03 1.202178682433441281e-04
3.801500000000026375e+03 1.333861000603064895e-04
3.802400000000026466e+03 1.451253046980127692e-04
3.803300000000026557e+03 1.555641356389969587e-04
3.804200000000026648e+03 1.611831248737871647e-04
3.805100000000026739e+03 1.614308857824653387e-04
3.806000000000026830e+03 1.582653785590082407e-04
3.806900000000026921e+03 1.572187902638688684e-04
3.807800000000027012e+03 1.639270485611632466e-04
3.808700000000027103e+03 1.753696560626849532e-04
3.809600000000027194e+03 1.848788378993049264e-04
3.810500000000027285e+03 1.896323810797184706e-04
3.811400000000027376e+03 1.879874907899647951e-04
3.812300000000027467e+03 1.788958470569923520e-04
3.813200000000027558e+03 1.673700899118557572e-04
3.814100000000027649e+03 1.608293532626703382e-04
3.815000000000027740e+03 1.597189257154241204e-04
3.815900000000027831e+03 1.637989480514079332e-04
3.816800000000027921e+03 1.737274142215028405e-04
3.817700000000028012e+03 1.816481235437095165e-04
3.818600000000028103e+03 1.785549393389374018e-04
3.819500000000028194e+03 1.662254944676533341e-04
3.820400000000028285e+03 1.573704212205484509e-04
3.821300000000028376e+03 1.611002080608159304e-04
3.822200000000028467e+03 1.688941265456378460e-04
3.823100000000028558e+03 1.657685934333130717e-04
3.824000000000028649e+03 1.522239472251385450e-04
3.824900000000028740e+03 1.413460558978840709e-04
3.825800000000028831e+03 1.381964102620258927e-04
3.826700000000028922e+03 1.374785933876410127e-04
3.827600000000029013e+03 1.347064535366371274e-04
3.828500000000029104e+03 1.307724596699699759e-04
3.829400000000029195e+03 1.283107849303632975e-04
3.830300000000029286e+03 1.253170339623466134e-04
3.831200000000029377e+03 1.162897460744716227e-04
3.832100000000029468e+03 1.021022326312959194e-04
3.833000000000029559e+03 8.966143650468438864e-05
3.833900000000029650e+03 8.082167914835736156e-05
3.834800000000029740e+03 7.650021143490448594e-05
3.835700000000029831e+03 8.000704110600054264e-05
3.836600000000029922e+03 8.856605563778430223e-05
3.837500000000030013e+03 9.553055861033499241e-05
3.838400000000030104e+03 1.008863328024744987e-04
3.839300000000030195e+03 1.076878470485098660e-04
3.840200000000030286e+03 1.158921950263902545e-04
3.841100000000030377e+03 1.274524984182789922e-04
3.842000000000030468e+03 1.416941086063161492e-04
3.842900000000030559e+03 1.524607505416497588e-04
3.843800000000030650e+03 1.584521669428795576e-04
3.844700000000030741e+03 1.615089277038350701e-04
3.845600000000030832e+03 1.632566127227619290e-04
3.846500000000030923e+03 1.678486296441406012e-04
3.847400000000031014e+03 1.750674709910526872e-04
3.848300000000031105e+03 1.771020470187067986e-04
3.849200000000031196e+03 1.724881731206551194e-04
3.850100000000031287e+03 1.713729579932987690e-04
3.851000000000031378e+03 1.793723204173147678e-04
3.851900000000031469e+03 1.881038915598765016e-04
3.852800000000031559e+03 1.899476337712258101e-04
3.853700000000031650e+03 1.879236806416884065e-04
3.854600000000031741e+03 1.845403021434322000e-04
3.855500000000031832e+03 1.804034400265663862e-04
3.856400000000031923e+03 1.806742657208815217e-04
3.857300000000032014e+03 1.838888856582343578e-04
3.858200000000032105e+03 1.808155939215794206e-04
3.859100000000032196e+03 1.744675100781023502e-04
3.860000000000032287e+03 1.760924496920779347e-04
3.860900000000032378e+03 1.856445305747911334e-04
3.861800000000032469e+03 1.947221026057377458e-04
3.862700000000032560e+03 1.989973097806796432e-04
3.863600000000032651e+03 1.993684418266639113e-04
3.864500000000032742e+03 1.969492441276088357e-04
3.865400000000032833e+03 1.935189065989106894e-04
3.866300000000032924e+03 1.926337863551452756e-04
3.867200000000033015e+03 1.946360425790771842e-04
3.868100000000033106e+03 1.964257535291835666e-04
3.869000000000033197e+03 1.953024620888754725e-04
3.869900000000033288e+03 1.900929491966962814e-04
3.870800000000033378e+03 1.812641567084938288e-04
3.871700000000033469e+03 1.708723575575277209e-04
3.872600000000033560e+03 1.657320681260898709e-04
3.873500000000033651e+03 1.713374513201415539e-04
3.874400000000033742e+03 1.819677563617005944e-04
3.875300000000033833e+03 1.872955181170254946e-04
3.876200000000033924e+03 1.826748921303078532e-04
3.877100000000034015e+03 1.684579328866675496e-04
3.878000000000034106e+03 1.536586933070793748e-04
3.878900000000034197e+03 1.517813798272982240e-04
3.879800000000034288e+03 1.591823383932933211e-04
3.880700000000034379e+03 1.594456989550963044e-04
3.881600000000034470e+03 1.505164400441572070e-04
3.882500000000034561e+03 1.436857273802161217e-04
3.883400000000034652e+03 1.436957245459780097e-04
3.884300000000034743e+03 1.411324337823316455e-04
3.885200000000034834e+03 1.281848526559770107e-04
3.886100000000034925e+03 1.118390136980451643e-04
3.887000000000035016e+03 1.005542799248360097e-04
3.887900000000035106e+03 9.250157017959281802e-05
3.888800000000035197e+03 8.758948388276621699e-05
3.889700000000035288e+03 9.326449799118563533e-05
3.890600000000035379e+03 1.089238357963040471e-04
3.891500000000035470e+03 1.254242961294949055e-04
3.892400000000035561e+03 1.368784287478774786e-04
3.893300000000035652e+03 1.431136624887585640e-04
3.894200000000035743e+03 1.463670923840254545e-04
3.895100000000035834e+03 1.493731542723253369e-04
3.896000000000035925e+03 1.558733056299388409e-04
3.896900000000036016e+03 1.642130227992311120e-04
3.897800000000036107e+03 1.676145766396075487e-04
3.898700000000036198e+03 1.665162853896617889e-04
3.899600000000036289e+03 1.675660751061514020e-04
3.900500000000036380e+03 1.757480058586224914e-04
3.901400000000036471e+03 1.854327128967270255e-04
3.902300000000036562e+03 1.865661906776949763e-04
3.903200000000036653e+03 1.834956492530182004e-04
3.904100000000036744e+03 1.827766827773302794e-04
3.905000000000036835e+03 1.799719175323843956e-04
3.905900000000036925e+03 1.780265301931649446e-04
3.906800000000037016e+03 1.850708649726584554e-04
3.907700000000037107e+03 1.973958860617130995e-04
3.908600000000037198e+03 2.067789464490488172e-04
3.909500000000037289e+03 2.111007925122976303e-04
3.910400000000037380e+03 2.137567498721182346e-04
3.911300000000037471e+03 2.165679470635950565e-04
3.912200000000037562e+03 2.149047068087384105e-04
3.913100000000037653e+03 2.078228862956166267e-04
3.914000000000037744e+03 2.042901905952021480e-04
3.914900000000037835e+03 2.069162001134827733e-04
3.915800000000037926e+03 2.073126815957948565e-04
3.916700000000038017e+03 2.043596468865871429e-04
3.917600000000038108e+03 2.021430118475109339e-04
3.918500000000038199e+03 1.998744264710694551e-04
3.919400000000038290e+03 1.971569436136633158e-04
3.920300000000038381e+03 1.953486353158950806e-04
3.921200000000038472e+03 1.960128865903243423e-04
3.922100000000038563e+03 1.985522394534200430e-04
3.923000000000038654e+03 2.018679369939491153e-04
3.923900000000038744e+03 2.047557354671880603e-04
3.924800000000038835e+03 2.021334512392058969e-04
3.925700000000038926e+03 1.946924021467566490e-04
3.926600000000039017e+03 1.867932878667488694e-04
3.927500000000039108e+03 1.767038193065673113e-04
3.928400000000039199e+03 1.648779580136761069e-04
3.929300000000039290e+03 1.528106658952310681e-04
3.930200000000039381e+03 1.377744629280641675e-04
3.931100000000039472e+03 1.177078447653912008e-04
3.932000000000039563e+03 9.288358705816790462e-05
3.932900000000039654e+03 7.102719246177002788e-05
3.933800000000039745e+03 6.567165110027417541e-05
3.934700000000039836e+03 8.121142309391871095e-05
3.935600000000039927e+03 1.081046357285231352e-04
3.936500000000040018e+03 1.336436398560181260e-04
3.937400000000040109e+03 1.518378849141299725e-04
3.938300000000040200e+03 1.657228858675807714e-04
3.939200000000040291e+03 1.790786773199215531e-04
3.940100000000040382e+03 1.883966324385255575e-04
3.941000000000040473e+03 1.906713005155324936e-04
3.941900000000040563e+03 1.892876898637041450e-04
3.942800000000040654e+03 1.863036886788904667e-04
3.943700000000040745e+03 1.834804133977741003e-04
3.944600000000040836e+03 1.873957662610337138e-04
3.945500000000040927e+03 1.983499969355762005e-04
3.946400000000041018e+03 2.045895525952801108e-04
3.947300000000041109e+03 1.999430533032864332e-04
3.948200000000041200e+03 1.932429877342656255e-04
3.949100000000041291e+03 1.934432366397231817e-04
3.950000000000041382e+03 1.983102119993418455e-04
3.950900000000041473e+03 1.999849628191441298e-04
3.951800000000041564e+03 1.956885389517992735e-04
3.952700000000041655e+03 1.923600502777844667e-04
3.953600000000041746e+03 1.968202559510245919e-04
3.954500000000041837e+03 2.004248090088367462e-04
3.955400000000041928e+03 1.927066477946937084e-04
3.956300000000042019e+03 1.809456298360601068e-04
3.957200000000042110e+03 1.777405850589275360e-04
3.958100000000042201e+03 1.827739906730130315e-04
3.959000000000042292e+03 1.864131481852382421e-04
3.959900000000042382e+03 1.803295162972062826e-04
3.960800000000042473e+03 1.645161828491836786e-04
3.961700000000042564e+03 1.491807342972606421e-04
3.962600000000042655e+03 1.411198609275743365e-04
3.963500000000042746e+03 1.357148867100477219e-04
3.964400000000042837e+03 1.269867061637341976e-04
3.965300000000042928e+03 1.128398944274522364e-04
3.966200000000043019e+03 9.375734953209757805e-05
3.967100000000043110e+03 7.295138493645936251e-05
3.968000000000043201e+03 5.630425221170298755e-05
3.968900000000043292e+03 4.983781400369480252e-05
3.969800000000043383e+03 5.522221181308850646e-05
3.970700000000043474e+03 6.916446727700531483e-05
3.971600000000043565e+03 8.630762749817222357e-05
3.972500000000043656e+03 1.020280978991650045e-04
3.973400000000043747e+03 1.152292170445434749e-04
3.974300000000043838e+03 1.279607968172058463e-04
3.975200000000043929e+03 1.399319153279066086e-04
3.976100000000044020e+03 1.488011621404439211e-04
3.977000000000044110e+03 1.566670543979853392e-04
3.977900000000044201e+03 1.667534816078841686e-04
3.978800000000044292e+03 1.776349818101152778e-04
3.979700000000044383e+03 1.865781086962670088e-04
3.980600000000044474e+03 1.902676449390128255e-04
3.981500000000044565e+03 1.881147327367216349e-04
3.982400000000044656e+03 1.860669290181249380e-04
3.983300000000044747e+03 1.885489327833056450e-04
3.984200000000044838e+03 1.941549853654578328e-04
3.985100000000044929e+03 1.996994978981092572e-04
3.986000000000045020e+03 2.024070709012448788e-04
3.986900000000045111e+03 2.052356139756739140e-04
3.987800000000045202e+03 2.112791116815060377e-04
3.988700000000045293e+03 2.148306375602260232e-04
3.989600000000045384e+03 2.134541718987748027e-04
3.990500000000045475e+03 2.138401614502072334e-04
3.991400000000045566e+03 2.188161743106320500e-04
3.992300000000045657e+03 2.246371586807072163e-04
3.993200000000045748e+03 2.273235731991007924e-04
3.994100000000045839e+03 2.254399441881105304e-04
3.995000000000045929e+03 2.210327947977930307e-04
3.995900000000046020e+03 2.157875424018129706e-04
3.996800000000046111e+03 2.100729907397180796e-04
3.997700000000046202e+03 2.087234461214393377e-04
3.998600000000046293e+03 2.168219943996518850e-04
3.999500000000046384e+03 2.284354559378698468e-04
4.000400000000046475e+03 2.335835015401244164e-04
4.001300000000046566e+03 2.333377196919173002e-04
4.002200000000046657e+03 2.347486297367140651e-04
4.003100000000046748e+03 2.355154720135033131e-04
4.004000000000046839e+03 2.267888630740344524e-04
4.004900000000046930e+03 2.114182279910892248e-04
4.005800000000047021e+03 2.058305690297856927e-04
4.006700000000047112e+03 2.156973059754818678e-04
4.007600000000047203e+03 2.288925606990233064e-04
4.008500000000047294e+03 2.352994197281077504e-04
4.009400000000047385e+03 2.359552890993654728e-04
4.010300000000047476e+03 2.361004735575988889e-04
4.011200000000047567e+03 2.356658515054732561e-04
4.012100000000047658e+03 2.339619095437228680e-04
4.013000000000047748e+03 2.334907330805435777e-04
4.013900000000047839e+03 2.344561507925391197e-04
4.014800000000047930e+03 2.368639397900551558e-04
4.015700000000048021e+03 2.393421746091917157e-04
4.016600000000048112e+03 2.372922899667173624e-04
4.017500000000048203e+03 2.345782704651355743e-04
4.018400000000048294e+03 2.389645378571003675e-04
4.019300000000048385e+03 2.460543182678520679e-04
4.020200000000048476e+03 2.466815349180251360e-04
4.021100000000048567e+03 2.422735851723700762e-04
4.022000000000048658e+03 2.390703011769801378e-04
4.022900000000048749e+03 2.369485591771081090e-04
4.023800000000048840e+03 2.326247777091339231e-04
4.024700000000048931e+03 2.300627384101971984e-04
4.025600000000049022e+03 2.361726656090468168e-04
4.026500000000049113e+03 2.459499519318342209e-04
4.027400000000049204e+03 2.499632828403264284e-04
4.028300000000049295e+03 2.471647458150982857e-04
4.029200000000049386e+03 2.378015924477949739e-04
4.030100000000049477e+03 2.235347055830061436e-04
4.031000000000049567e+03 2.140602155122905970e-04
4.031900000000049658e+03 2.133858361048623919e-04
4.032800000000049749e+03 2.156252739951014519e-04
4.033700000000049840e+03 2.195537381339818239e-04
4.034600000000049931e+03 2.257940068375319242e-04
4.035500000000050022e+03 2.338007034268230200e-04
4.036400000000050113e+03 2.435312926536425948e-04
4.037300000000050204e+03 2.516466192901134491e-04
4.038200000000050295e+03 2.540365967433899641e-04
4.039100000000050386e+03 2.502241404727101326e-04
4.040000000000050477e+03 2.430727618047967553e-04
4.040900000000050568e+03 2.390571025898680091e-04
4.041800000000050659e+03 2.425488346489146352e-04
4.042700000000050750e+03 2.454167697578668594e-04
4.043600000000050841e+03 2.363372477702796459e-04
4.044500000000050932e+03 2.169475774280726910e-04
4.045400000000051023e+03 2.025409485213458538e-04
4.046300000000051114e+03 2.087949978886172175e-04
4.047200000000051205e+03 2.288782125106081367e-04
4.048100000000051296e+03 2.416006173007190228e-04
4.049000000000051386e+03 2.434579655528068542e-04
4.049900000000051477e+03 2.443205448798835278e-04
4.050800000000051568e+03 2.448370214551687241e-04
4.051700000000051659e+03 2.407417196081951261e-04
4.052600000000051750e+03 2.340055652894079685e-04
4.053500000000051841e+03 2.285493683302775025e-04
4.054400000000051932e+03 2.254518039990216494e-04
4.055300000000052023e+03 2.257172454847022891e-04
4.056200000000052114e+03 2.264964132336899638e-04
4.057100000000052205e+03 2.229218371212482452e-04
4.058000000000052296e+03 2.202843170380219817e-04
4.058900000000052387e+03 2.260391920572146773e-04
4.059800000000052478e+03 2.360479556955397129e-04
4.060700000000052569e+03 2.403998805675655603e-04
4.061600000000052660e+03 2.331178693566471338e-04
4.062500000000052751e+03 2.168510400224477053e-04
4.063400000000052842e+03 2.052556228591129184e-04
4.064300000000052933e+03 2.106809988617897034e-04
4.065200000000053024e+03 2.231046382803469896e-04
4.066100000000053114e+03 2.247775410069152713e-04
4.067000000000053205e+03 2.200168528361245990e-04
4.067900000000053296e+03 2.239538589492440224e-04
4.068800000000053387e+03 2.347564732190221548e-04
4.069700000000053478e+03 2.369097201153635979e-04
4.070600000000053569e+03 2.250230754725635052e-04
4.071500000000053660e+03 2.128740743501111865e-04
4.072400000000053751e+03 2.152985834982246161e-04
4.073300000000053842e+03 2.259035099996253848e-04
4.074200000000053933e+03 2.292531426064670086e-04
4.075100000000054024e+03 2.217215514974668622e-04
4.076000000000054115e+03 2.065090229734778404e-04
4.076900000000054206e+03 1.912985608214512467e-04
4.077800000000054297e+03 1.879483897937461734e-04
4.078700000000054388e+03 1.984220725717023015e-04
4.079600000000054479e+03 2.125847386196255684e-04
4.080500000000054570e+03 2.232739498140290380e-04
4.081400000000054661e+03 2.274979487992823124e-04
4.082300000000054752e+03 2.231068501714617014e-04
4.083200000000054843e+03 2.144003665307536721e-04
4.084100000000054933e+03 2.078863908536732197e-04
4.085000000000055024e+03 2.054375800071284175e-04
4.085900000000055115e+03 2.069210167974233627e-04
4.086800000000055206e+03 2.118890988640487194e-04
4.087700000000055297e+03 2.173383836634457111e-04
4.088600000000055388e+03 2.187539212172850966e-04
4.089500000000055479e+03 2.152061060769483447e-04
4.090400000000055570e+03 2.097169781336560845e-04
4.091300000000055661e+03 2.039798855548724532e-04
4.092200000000055752e+03 1.988255535252392292e-04
4.093100000000055843e+03 1.963760587386786938e-04
4.094000000000055934e+03 1.935731852427124977e-04
4.094900000000056025e+03 1.846363011281937361e-04
4.095800000000056116e+03 1.732257805997505784e-04
4.096700000000056207e+03 1.651409838814288378e-04
4.097600000000056752e+03 1.596077781869098544e-04
4.098500000000056389e+03 1.527787680970504880e-04
4.099400000000056025e+03 1.411902776453644037e-04
4.100300000000056571e+03 1.229248591698706150e-04
4.101200000000057116e+03 1.059126952895894647e-04
4.102100000000056752e+03 1.045613898895680904e-04
4.103000000000056389e+03 1.196847661049105227e-04
4.103900000000056934e+03 1.381257170578464866e-04
4.104800000000057480e+03 1.528311549918726087e-04
4.105700000000057116e+03 1.646295422688126564e-04
4.106600000000056752e+03 1.728885545162484050e-04
4.107500000000057298e+03 1.775447308318689466e-04
4.108400000000057844e+03 1.801759790396317840e-04
4.109300000000057480e+03 1.812709524529054761e-04
4.110200000000057116e+03 1.831007102737203240e-04
4.111100000000057662e+03 1.876522728707641363e-04
4.112000000000058208e+03 1.937904162332415581e-04
4.112900000000057844e+03 2.004471316467970610e-04
4.113800000000057480e+03 2.066528832074254751e-04
4.114700000000058026e+03 2.116422110702842474e-04
4.115600000000058571e+03 2.160673757316544652e-04
4.116500000000058208e+03 2.182625757995992899e-04
4.117400000000057844e+03 2.144140744348987937e-04
4.118300000000058390e+03 2.068205794785171747e-04
4.119200000000058935e+03 2.049898175755515695e-04
4.120100000000058571e+03 2.107280888594686985e-04
4.121000000000058208e+03 2.148462954210117459e-04
4.121900000000058753e+03 2.138408599421381950e-04
4.122800000000059299e+03 2.133020316250622272e-04
4.123700000000058935e+03 2.172141830669716001e-04
4.124600000000058571e+03 2.227785880677402020e-04
4.125500000000059117e+03 2.240565663669258356e-04
4.126400000000059663e+03 2.199660375481471419e-04
4.127300000000059299e+03 2.142808370990678668e-04
4.128200000000058935e+03 2.119342825608327985e-04
4.129100000000059481e+03 2.143560559488832951e-04
4.130000000000060027e+03 2.166174963349476457e-04
4.130900000000059663e+03 2.139608259312808514e-04
4.131800000000059299e+03 2.076622768072411418e-04
4.132700000000059845e+03 2.054254000540822744e-04
4.133600000000060390e+03 2.096796815749257803e-04
4.134500000000060027e+03 2.170686348108574748e-04
4.135400000000059663e+03 2.264482900500297546e-04
4.136300000000060209e+03 2.323171065654605627e-04
4.137200000000060754e+03 2.331582218175753951e-04
4.138100000000060390e+03 2.359809004701673985e-04
4.139000000000060027e+03 2.409258886473253369e-04
4.139900000000060572e+03 2.427828294457867742e-04
4.140800000000061118e+03 2.401474339421838522e-04
4.141700000000060754e+03 2.306410606252029538e-04
4.142600000000060390e+03 2.149496140191331506e-04
4.143500000000060936e+03 2.053542848443612456e-04
4.144400000000061482e+03 2.117819531122222543e-04
4.145300000000061118e+03 2.254185528727248311e-04
4.146200000000060754e+03 2.331342402612790465e-04
4.147100000000061300e+03 2.344605018151924014e-04
4.148000000000061846e+03 2.327115362277254462e-04
4.148900000000061482e+03 2.283645007992163301e-04
4.149800000000061118e+03 2.251265686936676502e-04
4.150700000000061664e+03 2.265651855850592256e-04
4.151600000000062209e+03 2.285482478328049183e-04
4.152500000000061846e+03 2.273395366501063108e-04
4.153400000000061482e+03 2.230847603641450405e-04
4.154300000000062028e+03 2.186661440646275878e-04
4.155200000000062573e+03 2.180996089009568095e-04
4.156100000000062209e+03 2.187000063713639975e-04
4.157000000000061846e+03 2.197690191678702831e-04
4.157900000000062391e+03 2.243235066998749971e-04
4.158800000000062937e+03 2.302001230418682098e-04
4.159700000000062573e+03 2.332777366973459721e-04
4.160600000000062209e+03 2.320355997653678060e-04
4.161500000000062755e+03 2.314838056918233633e-04
4.162400000000063301e+03 2.349356363993138075e-04
4.163300000000062937e+03 2.373443567194044590e-04
4.164200000000062573e+03 2.376370539423078299e-04
4.165100000000063119e+03 2.378323697485029697e-04
4.166000000000063665e+03 2.344690583413466811e-04
4.166900000000063301e+03 2.276963205076754093e-04
4.167800000000062937e+03 2.265008515678346157e-04
4.168700000000063483e+03 2.332136791665107012e-04
4.169600000000064028e+03 2.367268025409430265e-04
4.170500000000063665e+03 2.298874460393562913e-04
4.171400000000063301e+03 2.158028510166332126e-04
4.172300000000063847e+03 2.033104537986218929e-04
4.173200000000064392e+03 2.012988697970286012e-04
4.174100000000064028e+03 2.091598144033923745e-04
4.175000000000063665e+03 2.178922732127830386e-04
4.175900000000064210e+03 2.204493212047964334e-04
4.176800000000064756e+03 2.161769079975783825e-04
4.177700000000064392e+03 2.105331222992390394e-04
4.178600000000064028e+03 2.113397640641778708e-04
4.179500000000064574e+03 2.192579122493043542e-04
4.180400000000065120e+03 2.257428859593346715e-04
4.181300000000064756e+03 2.244560309918597341e-04
4.182200000000064392e+03 2.211386890849098563e-04
4.183100000000064938e+03 2.220133756054565310e-04
4.184000000000065484e+03 2.263182541355490685e-04
4.184900000000065120e+03 2.317360340384766459e-04
4.185800000000064756e+03 2.314230659976601601e-04
4.186700000000065302e+03 2.217370492871850729e-04
4.187600000000065847e+03 2.148847415810450912e-04
4.188500000000065484e+03 2.208381774835288525e-04
4.189400000000065120e+03 2.307117829332128167e-04
4.190300000000065666e+03 2.326755202375352383e-04
4.191200000000066211e+03 2.297276078024879098e-04
4.192100000000065847e+03 2.326497924514114857e-04
4.193000000000065484e+03 2.406552812317386270e-04
4.193900000000066029e+03 2.417423820588737726e-04
4.194800000000066575e+03 2.327991969650611281e-04
4.195700000000066211e+03 2.229262172477319837e-04
4.196600000000065847e+03 2.179730072384700179e-04
4.197500000000066393e+03 2.132374065695330501e-04
4.198400000000066939e+03 2.087987813865765929e-04
4.199300000000066575e+03 2.129705389961600304e-04
4.200200000000066211e+03 2.207480283686891198e-04
4.201100000000066757e+03 2.201606257585808635e-04
4.202000000000067303e+03 2.161521988455206156e-04
4.202900000000066939e+03 2.183033502660691738e-04
4.203800000000066575e+03 2.226099313702434301e-04
4.204700000000067121e+03 2.243626804556697607e-04
4.205600000000067666e+03 2.275848382851108909e-04
4.206500000000067303e+03 2.325014065718278289e-04
4.207400000000066939e+03 2.358109486522153020e-04
4.208300000000067485e+03 2.358761557843536139e-04
4.209200000000068030e+03 2.327269030502066016e-04
4.210100000000067666e+03 2.305223169969394803e-04
4.211000000000067303e+03 2.331239084014669061e-04
4.211900000000067848e+03 2.380449732299894094e-04
4.212800000000068394e+03 2.394291514065116644e-04
4.213700000000068030e+03 2.335850003873929381e-04
4.214600000000067666e+03 2.206477656727656722e-04
4.215500000000068212e+03 2.100745332427322865e-04
4.216400000000068758e+03 2.146477781934663653e-04
4.217300000000068394e+03 2.288913965458050370e-04
4.218200000000068030e+03 2.375126641709357500e-04
4.219100000000068576e+03 2.387131098657846451e-04
4.220000000000069122e+03 2.397216012468561530e-04
4.220900000000068758e+03 2.420597447780892253e-04
4.221800000000068394e+03 2.401406236458569765e-04
4.222700000000068940e+03 2.331714931642636657e-04
4.223600000000069485e+03 2.245845680590718985e-04
4.224500000000069122e+03 2.136381226591765881e-04
4.225400000000068758e+03 1.981004752451553941e-04
4.226300000000069303e+03 1.838321913965046406e-04
4.227200000000069849e+03 1.868812396423891187e-04
4.228100000000069485e+03 2.102332364302128553e-04
4.229000000000069122e+03 2.332261065021157265e-04
4.229900000000069667e+03 2.429694141028448939e-04
4.230800000000070213e+03 2.445206337142735720e-04
4.231700000000069849e+03 2.386301493970677257e-04
4.232600000000069485e+03 2.257951418869197369e-04
4.233500000000070031e+03 2.186099009122699499e-04
4.234400000000070577e+03 2.213223342550918460e-04
4.235300000000070213e+03 2.220159076387062669e-04
4.236200000000069849e+03 2.196841232944279909e-04
4.237100000000070395e+03 2.216320863226428628e-04
4.238000000000070941e+03 2.234096464235335588e-04
4.238900000000070577e+03 2.219975140178576112e-04
4.239800000000070213e+03 2.236366854049265385e-04
4.240700000000070759e+03 2.304352528881281614e-04
4.241600000000071304e+03 2.350405702600255609e-04
4.242500000000070941e+03 2.340914361411705613e-04
4.243400000000070577e+03 2.354767493670806289e-04
4.244300000000071122e+03 2.398414362687617540e-04
4.245200000000071668e+03 2.376837801421061158e-04
4.246100000000071304e+03 2.276340819662436843e-04
4.247000000000070941e+03 2.190490631619468331e-04
4.247900000000071486e+03 2.187830687034875154e-04
4.248800000000072032e+03 2.209569502156227827e-04
4.249700000000071668e+03 2.174832916352897882e-04
4.250600000000071304e+03 2.151610096916556358e-04
4.251500000000071850e+03 2.226095093647018075e-04
4.252400000000072396e+03 2.308359544258564711e-04
4.253300000000072032e+03 2.293621218996122479e-04
4.254200000000071668e+03 2.234094281448051333e-04
4.255100000000072214e+03 2.237517473986372352e-04
4.256000000000072760e+03 2.313875011168420315e-04
4.256900000000072396e+03 2.372652816120535135e-04
4.257800000000072032e+03 2.336731558898463845e-04
4.258700000000072578e+03 2.236745494883507490e-04
4.259600000000073123e+03 2.136641996912658215e-04
4.260500000000072760e+03 2.084645675495266914e-04
4.261400000000072396e+03 2.143718156730756164e-04
4.262300000000072941e+03 2.279548643855378032e-04
4.263200000000073487e+03 2.383558312430977821e-04
4.264100000000073123e+03 2.420328819425776601e-04
4.265000000000072760e+03 2.436733484501019120e-04
4.265900000000073305e+03 2.444600977469235659e-04
4.266800000000073851e+03 2.405278646619990468e-04
4.267700000000073487e+03 2.336883044335991144e-04
4.268600000000073123e+03 2.290049014845862985e-04
4.269500000000073669e+03 2.238874876638874412e-04
4.270400000000074215e+03 2.124723105225712061e-04
4.271300000000073851e+03 1.999070082092657685e-04
4.272200000000073487e+03 1.993862097151577473e-04
4.273100000000074033e+03 2.076702949125319719e-04
4.274000000000074579e+03 2.107334439642727375e-04
4.274900000000074215e+03 2.116500254487618804e-04
4.275800000000073851e+03 2.197897847509011626e-04
4.276700000000074397e+03 2.306826208950951695e-04
4.277600000000074942e+03 2.365678519709035754e-04
4.278500000000074579e+03 2.366108965361490846e-04
4.279400000000074215e+03 2.312973228981718421e-04
4.280300000000074760e+03 2.248545351903885603e-04
4.281200000000075306e+03 2.223793708253651857e-04
4.282100000000074942e+03 2.213657135143876076e-04
4.283000000000074579e+03 2.216381981270387769e-04
4.283900000000075124e+03 2.239446184830740094e-04
4.284800000000075670e+03 2.231256949016824365e-04
4.285700000000075306e+03 2.200874878326430917e-04
4.286600000000074942e+03 2.190645755035802722e-04
4.287500000000075488e+03 2.173123066313564777e-04
4.288400000000076034e+03 2.084810694213956594e-04
4.289300000000075670e+03 1.951442245626822114e-04
4.290200000000075306e+03 1.915152533911168575e-04
4.291100000000075852e+03 2.030636824201792479e-04
4.292000000000076398e+03 2.178798458771780133e-04
4.292900000000076034e+03 2.234213752672076225e-04
4.293800000000075670e+03 2.185887424275279045e-04
4.294700000000076216e+03 2.137018018402159214e-04
4.295600000000076761e+03 2.135966642526909709e-04
4.296500000000076398e+03 2.122482692357152700e-04
4.297400000000076034e+03 2.068152534775435925e-04
4.298300000000076579e+03 1.958230277523398399e-04
4.299200000000077125e+03 1.818889431888237596e-04
4.300100000000076761e+03 1.763819018378853798e-04
4.301000000000076398e+03 1.802047045202925801e-04
4.301900000000076943e+03 1.824329519877210259e-04
4.302800000000077489e+03 1.833533751778304577e-04
4.303700000000077125e+03 1.893788139568641782e-04
4.304600000000076761e+03 1.949999277712777257e-04
4.305500000000077307e+03 1.949006982613354921e-04
4.306400000000077853e+03 1.909342390717938542e-04
4.307300000000077489e+03 1.831566914916038513e-04
4.308200000000077125e+03 1.766249770298600197e-04
4.309100000000077671e+03 1.792675175238400698e-04
4.310000000000078217e+03 1.883264631032943726e-04
4.310900000000077853e+03 1.962389651453122497e-04
4.311800000000077489e+03 1.988705334952101111e-04
4.312700000000078035e+03 1.969663862837478518e-04
4.313600000000078580e+03 1.936965272761881351e-04
4.314500000000078217e+03 1.948026765603572130e-04
4.315400000000077853e+03 2.069233305519446731e-04
4.316300000000078398e+03 2.233597188023850322e-04
4.317200000000078944e+03 2.305487869307398796e-04
4.318100000000078580e+03 2.286019152961671352e-04
4.319000000000078217e+03 2.242513583041727543e-04
4.319900000000078762e+03 2.186204364988952875e-04
4.320800000000079308e+03 2.130694483639672399e-04
4.321700000000078944e+03 2.119448618032038212e-04
4.322600000000078580e+03 2.096266107400879264e-04
4.323500000000079126e+03 1.983605616260319948e-04
4.324400000000079672e+03 1.819596363930031657e-04
4.325300000000079308e+03 1.700596476439386606e-04
4.326200000000078944e+03 1.726869668345898390e-04
4.327100000000079490e+03 1.886030077002942562e-04
4.328000000000080036e+03 2.033878845395520329e-04
4.328900000000079672e+03 2.074047224596142769e-04
4.329800000000079308e+03 2.016865328187122941e-04
4.330700000000079854e+03 1.946869451785460114e-04
4.331600000000080399e+03 1.928675192175433040e-04
4.332500000000080036e+03 1.924809621414169669e-04
4.333400000000079672e+03 1.896864996524527669e-04
4.334300000000080217e+03 1.871187996584922075e-04
4.335200000000080763e+03 1.843222416937351227e-04
4.336100000000080399e+03 1.740992738632485271e-04
4.337000000000080036e+03 1.547188148833811283e-04
4.337900000000080581e+03 1.356815628241747618e-04
4.338800000000081127e+03 1.210593763971701264e-04
4.339700000000080763e+03 1.073855819413438439e-04
4.340600000000080399e+03 1.028900878736749291e-04
4.341500000000080945e+03 1.167869195342063904e-04
4.342400000000081491e+03 1.377065636916086078e-04
4.343300000000081127e+03 1.504590036347508430e-04
4.344200000000080763e+03 1.585585123393684626e-04
4.345100000000081309e+03 1.693293743301182985e-04
4.346000000000081855e+03 1.783764892024919391e-04
4.346900000000081491e+03 1.826606167014688253e-04
4.347800000000081127e+03 1.879638584796339273e-04
4.348700000000081673e+03 1.961620146175846457e-04
4.349600000000082218e+03 1.989183656405657530e-04
4.350500000000081855e+03 1.888539700303226709e-04
4.351400000000081491e+03 1.744752080412581563e-04
4.352300000000082036e+03 1.731258380459621549e-04
4.353200000000082582e+03 1.862864155555143952e-04
4.354100000000082218e+03 1.988535368582233787e-04
4.355000000000081855e+03 2.043566346401348710e-04
4.355900000000082400e+03 2.092764916596934199e-04
4.356800000000082946e+03 2.146826445823535323e-04
4.357700000000082582e+03 2.143362362403422594e-04
4.358600000000082218e+03 2.089201152557507157e-04
4.359500000000082764e+03 2.076336822938174009e-04
4.360400000000083310e+03 2.144116588169708848e-04
4.361300000000082946e+03 2.227532095275819302e-04
4.362200000000082582e+03 2.258153253933414817e-04
4.363100000000083128e+03 2.259977773064747453e-04
4.364000000000083674e+03 2.292830758960917592e-04
4.364900000000083310e+03 2.338443009648472071e-04
4.365800000000082946e+03 2.324748347746208310e-04
4.366700000000083492e+03 2.239091409137472510e-04
4.367600000000084037e+03 2.158349088858813047e-04
4.368500000000083674e+03 2.151090448023751378e-04
4.369400000000083310e+03 2.182844909839332104e-04
4.370300000000083855e+03 2.205680211773142219e-04
4.371200000000084401e+03 2.233621635241433978e-04
4.372100000000084037e+03 2.257164305774495006e-04
4.373000000000083674e+03 2.211607497883960605e-04
4.373900000000084219e+03 2.091323694912716746e-04
4.374800000000084765e+03 2.006210852414369583e-04
4.375700000000084401e+03 2.056183293461799622e-04
4.376600000000084037e+03 2.198823349317535758e-04
4.377500000000084583e+03 2.315182355232536793e-04
4.378400000000085129e+03 2.350469731027260423e-04
4.379300000000084765e+03 2.329913986613973975e-04
4.380200000000084401e+03 2.309622796019539237e-04
4.381100000000084947e+03 2.288248360855504870e-04
4.382000000000085493e+03 2.177118876716122031e-04
4.382900000000085129e+03 1.958226785063743591e-04
4.383800000000084765e+03 1.796578872017562389e-04
4.384700000000085311e+03 1.831252884585410357e-04
4.385600000000085856e+03 2.002539986278861761e-04
4.386500000000085493e+03 2.153386012651026249e-04
4.387400000000085129e+03 2.205029159085825086e-04
4.388300000000085674e+03 2.206794015364721417e-04
4.389200000000086220e+03 2.197969588451087475e-04
4.390100000000085856e+03 2.176010748371481895e-04
4.391000000000085493e+03 2.178773283958435059e-04
4.391900000000086038e+03 2.230531390523537993e-04
4.392800000000086584e+03 2.260748442495241761e-04
4.393700000000086220e+03 2.205767959821969271e-04
4.394600000000085856e+03 2.123136509908363223e-04
4.395500000000086402e+03 2.134699898306280375e-04
4.396400000000086948e+03 2.255831495858728886e-04
4.397300000000086584e+03 2.350330032641068101e-04
4.398200000000086220e+03 2.332239382667466998e-04
4.399100000000086766e+03 2.234338899143040180e-04
4.400000000000087311e+03 2.129327767761424184e-04
4.400900000000086948e+03 2.119760174537077546e-04
4.401800000000086584e+03 2.227253135060891509e-04
4.402700000000087130e+03 2.299420884810388088e-04
4.403600000000087675e+03 2.213890402344986796e-04
4.404500000000087311e+03 2.090240450343117118e-04
4.405400000000086948e+03 2.109403721988201141e-04
4.406300000000087493e+03 2.213995176134631038e-04
4.407200000000088039e+03 2.233963750768452883e-04
4.408100000000087675e+03 2.188247453887015581e-04
4.409000000000087311e+03 2.203533367719501257e-04
4.409900000000087857e+03 2.284689835505560040e-04
4.410800000000088403e+03 2.350002905586734414e-04
4.411700000000088039e+03 2.390394511166960001e-04
4.412600000000087675e+03 2.411834866506978869e-04
4.413500000000088221e+03 2.352499723201617599e-04
4.414400000000088767e+03 2.199548180215060711e-04
4.415300000000088403e+03 2.084410371026024222e-04
4.416200000000088039e+03 2.091328642563894391e-04
4.417100000000088585e+03 2.147918712580576539e-04
4.418000000000089130e+03 2.220008609583601356e-04
4.418900000000088767e+03 2.324144879821687937e-04
4.419800000000088403e+03 2.401185483904555440e-04
4.420700000000088949e+03 2.385355473961681128e-04
4.421600000000089494e+03 2.301793720107525587e-04
4.422500000000089130e+03 2.238999877590686083e-04
4.423400000000088767e+03 2.253898855997249484e-04
4.424300000000089312e+03 2.297946921316906810e-04
4.425200000000089858e+03 2.306517853867262602e-04
4.426100000000089494e+03 2.292331919306889176e-04
4.427000000000089130e+03 2.288282848894596100e-04
4.427900000000089676e+03 2.309129195054993033e-04
4.428800000000090222e+03 2.322508080396801233e-04
4.429700000000089858e+03 2.279556647408753633e-04
4.430600000000089494e+03 2.244663482997566462e-04
4.431500000000090040e+03 2.277599123772233725e-04
4.432400000000090586e+03 2.299938787473365664e-04
4.433300000000090222e+03 2.247211523354053497e-04
4.434200000000089858e+03 2.155836264137178659e-04
4.435100000000090404e+03 2.105771418428048491e-04
4.436000000000090949e+03 2.160772273782640696e-04
4.436900000000090586e+03 2.287959796376526356e-04
4.437800000000090222e+03 2.391959133092314005e-04
4.438700000000090768e+03 2.436516806483268738e-04
4.439600000000091313e+03 2.420004311716184020e-04
4.440500000000090949e+03 2.346304827369749546e-04
4.441400000000090586e+03 2.236450382042676210e-04
4.442300000000091131e+03 2.125650498783215880e-04
4.443200000000091677e+03 2.074167277896776795e-04
4.444100000000091313e+03 2.136335388058796525e-04
4.445000000000090949e+03 2.274374855915084481e-04
4.445900000000091495e+03 2.361428778385743499e-04
4.446800000000092041e+03 2.347857080167159438e-04
4.447700000000091677e+03 2.329737617401406169e-04
4.448600000000091313e+03 2.345655375393107533e-04
4.449500000000091859e+03 2.322594227734953165e-04
4.450400000000092405e+03 2.275117294630035758e-04
4.451300000000092041e+03 2.284561051055788994e-04
4.452200000000091677e+03 2.322485379409044981e-04
4.453100000000092223e+03 2.295754384249448776e-04
4.454000000000092768e+03 2.186353958677500486e-04
4.454900000000092405e+03 2.085117885144427419e-04
4.455800000000092041e+03 2.086462773149833083e-04
4.456700000000092587e+03 2.155345136998221278e-04
4.457600000000093132e+03 2.186884084949269891e-04
4.458500000000092768e+03 2.167874772567301989e-04
4.459400000000092405e+03 2.156470873160287738e-04
4.460300000000092950e+03 2.154356916435062885e-04
4.461200000000093496e+03 2.124556340277194977e-04
4.462100000000093132e+03 2.127641637343913317e-04
4.463000000000092768e+03 2.206822246080264449e-04
4.463900000000093314e+03 2.268126554554328322e-04
4.464800000000093860e+03 2.265212096972391009e-04
4.465700000000093496e+03 2.250007382826879621e-04
4.466600000000093132e+03 2.240306930616497993e-04
4.467500000000093678e+03 2.213197294622659683e-04
4.468400000000094224e+03 2.162852615583688021e-04
4.469300000000093860e+03 2.139069256372749805e-04
4.470200000000093496e+03 2.180435112677514553e-04
4.471100000000094042e+03 2.247720258310437202e-04
4.472000000000094587e+03 2.303242072230204940e-04
4.472900000000094224e+03 2.351912553422152996e-04
4.473800000000093860e+03 2.388805733062326908e-04
4.474700000000094406e+03 2.385976404184475541e-04
4.475600000000094951e+03 2.361378137720748782e-04
4.476500000000094587e+03 2.377232740400359035e-04
4.477400000000094224e+03 2.419458905933424830e-04
4.478300000000094769e+03 2.406207058811560273e-04
4.479200000000095315e+03 2.298307081218808889e-04
4.480100000000094951e+03 2.134085953002795577e-04
4.481000000000094587e+03 2.011751639656722546e-04
4.481900000000095133e+03 2.025372814387083054e-04
4.482800000000095679e+03 2.160605363314971328e-04
4.483700000000095315e+03 2.302828215761110187e-04
4.484600000000094951e+03 2.381447120569646358e-04
4.485500000000095497e+03 2.413998154224827886e-04
4.486400000000096043e+03 2.413878683000802994e-04
4.487300000000095679e+03 2.363358507864177227e-04
4.488200000000095315e+03 2.268851822009310126e-04
4.489100000000095861e+03 2.189105871366336942e-04
4.490000000000096406e+03 2.179675066145136952e-04
4.490900000000096043e+03 2.233942359453067183e-04
4.491800000000095679e+03 2.306441747350618243e-04
4.492700000000096225e+03 2.340082864975556731e-04
4.493600000000096770e+03 2.297999162692576647e-04
4.494500000000096406e+03 2.236781438114121556e-04
4.495400000000096043e+03 2.228736702818423510e-04
4.496300000000096588e+03 2.262284688185900450e-04
4.497200000000097134e+03 2.317176840733736753e-04
4.498100000000096770e+03 2.373863972024992108e-04
4.499000000000096406e+03 2.393442991888150573e-04
4.499900000000096952e+03 2.355546166654676199e-04
4.500800000000097498e+03 2.282799541717395186e-04
4.501700000000097134e+03 2.271093544550240040e-04
4.502600000000096770e+03 2.363604580750688910e-04
4.503500000000097316e+03 2.467172162141650915e-04
4.504400000000097862e+03 2.502980059944093227e-04
4.505300000000097498e+03 2.488429890945553780e-04
4.506200000000097134e+03 2.451999753247946501e-04
4.507100000000097680e+03 2.398781798547133803e-04
4.508000000000098225e+03 2.357540361117571592e-04
4.508900000000097862e+03 2.369896101299673319e-04
4.509800000000097498e+03 2.421507379040122032e-04
4.510700000000098044e+03 2.454625500831753016e-04
4.511600000000098589e+03 2.438881492707878351e-04
4.512500000000098225e+03 2.397571806795895100e-04
4.513400000000097862e+03 2.351189323235303164e-04
4.514300000000098407e+03 2.304055524291470647e-04
4.515200000000098953e+03 2.288268588017672300e-04
4.516100000000098589e+03 2.315712481504306197e-04
4.517000000000098225e+03 2.328890259377658367e-04
4.517900000000098771e+03 2.312376891495659947e-04
4.518800000000099317e+03 2.311155258212238550e-04
4.519700000000098953e+03 2.327246038476005197e-04
4.520600000000098589e+03 2.343718660995364189e-04
4.521500000000099135e+03 2.326449903193861246e-04
4.522400000000099681e+03 2.265077637275680900e-04
4.523300000000099317e+03 2.243238996015861630e-04
4.524200000000098953e+03 2.263776405015960336e-04
4.525100000000099499e+03 2.252959384350106120e-04
4.526000000000100044e+03 2.212463878095149994e-04
4.526900000000099681e+03 2.169977378798648715e-04
4.527800000000099317e+03 2.125796600012108684e-04
4.528700000000099863e+03 2.097306860378012061e-04
4.529600000000100408e+03 2.119159616995602846e-04
4.530500000000100044e+03 2.165983460145071149e-04
4.531400000000099681e+03 2.209148660767823458e-04
4.532300000000100226e+03 2.221084723714739084e-04
4.533200000000100772e+03 2.159377909265458584e-04
4.534100000000100408e+03 2.089657791657373309e-04
4.535000000000100044e+03 2.097100223181769252e-04
4.535900000000100590e+03 2.191017701989039779e-04
4.536800000000101136e+03 2.327070105820894241e-04
4.537700000000100772e+03 2.407374413451179862e-04
4.538600000000100408e+03 2.393916802247986197e-04
4.539500000000100954e+03 2.335333556402474642e-04
4.540400000000101500e+03 2.277212188346311450e-04
4.541300000000101136e+03 2.259667817270383239e-04
4.542200000000100772e+03 2.299609332112595439e-04
4.543100000000101318e+03 2.338520571356639266e-04
4.544000000000101863e+03 2.317199978278949857e-04
4.544900000000101500e+03 2.273972932016476989e-04
4.545800000000101136e+03 2.272001438541337848e-04
4.546700000000101682e+03 2.288065443281084299e-04
4.547600000000102227e+03 2.257694286527112126e-04
4.548500000000101863e+03 2.154631947632879019e-04
4.549400000000101500e+03 2.065950830001384020e-04
4.550300000000102045e+03 2.115664246957749128e-04
4.551200000000102591e+03 2.230681129731237888e-04
4.552100000000102227e+03 2.262938214698806405e-04
4.553000000000101863e+03 2.212270192103460431e-04
4.553900000000102409e+03 2.139789430657401681e-04
4.554800000000102955e+03 2.097842079820111394e-04
4.555700000000102591e+03 2.128987689502537251e-04
4.556600000000102227e+03 2.219528978457674384e-04
4.557500000000102773e+03 2.292241115355864167e-04
4.558400000000103319e+03 2.308275870746001601e-04
4.559300000000102955e+03 2.318984334124252200e-04
4.560200000000102591e+03 2.345684624742716551e-04
4.561100000000103137e+03 2.368992427363991737e-04
4.562000000000103682e+03 2.356843906454741955e-04
4.562900000000103319e+03 2.285817172378301620e-04
4.563800000000102955e+03 2.204932097811251879e-04
4.564700000000103500e+03 2.178981958422809839e-04
4.565600000000104046e+03 2.213794650742784142e-04
4.566500000000103682e+03 2.290951233590021729e-04
4.567400000000103319e+03 2.362332452321425080e-04
4.568300000000103864e+03 2.384678373346105218e-04
4.569200000000104410e+03 2.376686461502686143e-04
4.570100000000104046e+03 2.334206801606342196e-04
4.571000000000103682e+03 2.236982400063425303e-04
4.571900000000104228e+03 2.187593927374109626e-04
4.572800000000104774e+03 2.264607610413804650e-04
4.573700000000104410e+03 2.352095179958269000e-04
4.574600000000104046e+03 2.354137541260570288e-04
4.575500000000104592e+03 2.327600232092663646e-04
4.576400000000105138e+03 2.324157248949632049e-04
4.577300000000104774e+03 2.331237046746537089e-04
4.578200000000104410e+03 2.315072051715105772e-04
4.579100000000104956e+03 2.263501082779839635e-04
4.580000000000105501e+03 2.205784694524481893e-04
4.580900000000105138e+03 2.178675204049795866e-04
4.581800000000104774e+03 2.178822760470211506e-04
4.582700000000105319e+03 2.165593177778646350e-04
4.583600000000105865e+03 2.146832994185388088e-04
4.584500000000105501e+03 2.167990169255062938e-04
4.585400000000105138e+03 2.204909396823495626e-04
4.586300000000105683e+03 2.228520752396434546e-04
4.587200000000106229e+03 2.256716397823765874e-04
4.588100000000105865e+03 2.285252994624897838e-04
4.589000000000105501e+03 2.301367348991334438e-04
4.589900000000106047e+03 2.297777391504496336e-04
4.590800000000106593e+03 2.264561335323378444e-04
4.591700000000106229e+03 2.220368187408894300e-04
4.592600000000105865e+03 2.211328246630728245e-04
4.593500000000106411e+03 2.239016903331503272e-04
4.594400000000106957e+03 2.252139820484444499e-04
4.595300000000106593e+03 2.242987102363258600e-04
4.596200000000106229e+03 2.245151554234325886e-04
4.597100000000106775e+03 2.259465400129556656e-04
4.598000000000107320e+03 2.275161677971482277e-04
4.598900000000106957e+03 2.287566021550446749e-04
4.599800000000106593e+03 2.263914211653172970e-04
4.600700000000107138e+03 2.232654951512813568e-04
4.601600000000107684e+03 2.245172363473102450e-04
4.602500000000107320e+03 2.270276600029319525e-04
4.603400000000106957e+03 2.280558110214769840e-04
4.604300000000107502e+03 2.275506267324090004e-04
4.605200000000108048e+03 2.263250062242150307e-04
4.606100000000107684e+03 2.272164711030200124e-04
4.607000000000107320e+03 2.307029353687539697e-04
4.607900000000107866e+03 2.354888565605506301e-04
4.608800000000108412e+03 2.394721377640962601e-04
4.609700000000108048e+03 2.392516034888103604e-04
4.610600000000107684e+03 2.350907889194786549e-04
4.611500000000108230e+03 2.315390447620302439e-04
4.612400000000108776e+03 2.302338398294523358e-04
4.613300000000108412e+03 2.297343889949843287e-04
4.614200000000108048e+03 2.313897275598719716e-04
4.615100000000108594e+03 2.327036345377564430e-04
4.616000000000109139e+03 2.308066759724169970e-04
4.616900000000108776e+03 2.298392209922894835e-04
4.617800000000108412e+03 2.292601857334375381e-04
4.618700000000108957e+03 2.256900770589709282e-04
4.619600000000109503e+03 2.244171482743695378e-04
4.620500000000109139e+03 2.293763391207903624e-04
4.621400000000108776e+03 2.342740335734561086e-04
4.622300000000109321e+03 2.351518487557768822e-04
4.623200000000109867e+03 2.350878348806872964e-04
4.624100000000109503e+03 2.346739784115925431e-04
4.625000000000109139e+03 2.322810905752703547e-04
4.625900000000109685e+03 2.306615788256749511e-04
4.626800000000110231e+03 2.318651531822979450e-04
4.627700000000109867e+03 2.315977035323157907e-04
4.628600000000109503e+03 2.270357072120532393e-04
4.629500000000110049e+03 2.242889167973771691e-04
4.630400000000110595e+03 2.289563999511301517e-04
4.631300000000110231e+03 2.347386907786130905e-04
4.632200000000109867e+03 2.332289586775004864e-04
4.633100000000110413e+03 2.271417033625766635e-04
4.634000000000110958e+03 2.240609901491552591e-04
4.634900000000110595e+03 2.253428974654525518e-04
4.635800000000110231e+03 2.271697303513064981e-04
4.636700000000110776e+03 2.261840854771435261e-04
4.637600000000111322e+03 2.236261934740468860e-04
4.638500000000110958e+03 2.232643309980630875e-04
4.639400000000110595e+03 2.242213522549718618e-04
4.640300000000111140e+03 2.260442852275446057e-04
4.641200000000111686e+03 2.299265470355749130e-04
4.642100000000111322e+03 2.321580395800992846e-04
4.643000000000110958e+03 2.305975067429244518e-04
4.643900000000111504e+03 2.281260822201147676e-04
4.644800000000112050e+03 2.252170233987271786e-04
4.645700000000111686e+03 2.193776890635490417e-04
4.646600000000111322e+03 2.134679089067503810e-04
4.647500000000111868e+03 2.122203150065615773e-04
4.648400000000112414e+03 2.156549016945064068e-04
4.649300000000112050e+03 2.214775886386632919e-04
4.650200000000111686e+03 2.266066439915448427e-04
4.651100000000112232e+03 2.287263923790305853e-04
4.652000000000112777e+03 2.295275189680978656e-04
4.652900000000112414e+03 2.297082828590646386e-04
4.653800000000112050e+03 2.259078610222786665e-04
4.654700000000112595e+03 2.205319178756326437e-04
4.655600000000113141e+03 2.183766773669049144e-04
4.656500000000112777e+03 2.192560350522398949e-04
4.657400000000112414e+03 2.241795154986903071e-04
4.658300000000112959e+03 2.323834778508171439e-04
4.659200000000113505e+03 2.383602550253272057e-04
4.660100000000113141e+03 2.389202127233147621e-04
4.661000000000112777e+03 2.350121940253302455e-04
4.661900000000113323e+03 2.291061100549995899e-04
4.662800000000113869e+03 2.241446491098031402e-04
4.663700000000113505e+03 2.228010853286832571e-04
4.664600000000113141e+03 2.235099818790331483e-04
4.665500000000113687e+03 2.192908432334661484e-04
4.666400000000114233e+03 2.084198931697756052e-04
4.667300000000113869e+03 2.001855318667367101e-04
4.668200000000113505e+03 2.021879481617361307e-04
4.669100000000114051e+03 2.101334684994071722e-04
4.670000000000114596e+03 2.174388064304366708e-04
4.670900000000114233e+03 2.230937971035018563e-04
4.671800000000113869e+03 2.254505379823967814e-04
4.672700000000114414e+03 2.240403118776157498e-04
4.673600000000114960e+03 2.229422243544831872e-04
4.674500000000114596e+03 2.247715601697564125e-04
4.675400000000114233e+03 2.287983515998348594e-04
4.676300000000114778e+03 2.318625774933025241e-04
4.677200000000115324e+03 2.299544721608981490e-04
4.678100000000114960e+03 2.241978945676237345e-04
4.679000000000114596e+03 2.197183202952146530e-04
4.679900000000115142e+03 2.183470496674999595e-04
4.680800000000115688e+03 2.181845047743991017e-04
4.681700000000115324e+03 2.189168008044362068e-04
4.682600000000114960e+03 2.222412731498479843e-04
4.683500000000115506e+03 2.263966307509690523e-04
4.684400000000116052e+03 2.276390150655061007e-04
4.685300000000115688e+03 2.270894328830763698e-04
4.686200000000115324e+03 2.267417730763554573e-04
4.687100000000115870e+03 2.257493906654417515e-04
4.688000000000116415e+03 2.247862721560522914e-04
4.688900000000116052e+03 2.248885866720229387e-04
4.689800000000115688e+03 2.243052585981786251e-04
4.690700000000116233e+03 2.221418108092620969e-04
4.691600000000116779e+03 2.213493426097556949e-04
4.692500000000116415e+03 2.234172716271132231e-04
4.693400000000116052e+03 2.256243315059691668e-04
4.694300000000116597e+03 2.273718273499980569e-04
4.695200000000117143e+03 2.297641476616263390e-04
4.696100000000116779e+03 2.310962299816310406e-04
4.697000000000116415e+03 2.282799541717395186e-04
4.697900000000116961e+03 2.216252032667398453e-04
4.698800000000117507e+03 2.167501224903389812e-04
4.699700000000117143e+03 2.175220142817124724e-04
4.700600000000116779e+03 2.191984385717660189e-04
4.701500000000117325e+03 2.167407219531014562e-04
4.702400000000117871e+03 2.117587864631786942e-04
4.703300000000117507e+03 2.106548345182090998e-04
4.704200000000117143e+03 2.161613228963688016e-04
4.705100000000117689e+03 2.218862500740215182e-04
4.706000000000118234e+03 2.221336471848189831e-04
4.706900000000117871e+03 2.177866408601403236e-04
4.707800000000117507e+03 2.136351249646395445e-04
4.708700000000118052e+03 2.125479368260130286e-04
4.709600000000118598e+03 2.150455256924033165e-04
4.710500000000118234e+03 2.209781960118561983e-04
4.711400000000117871e+03 2.260545006720349193e-04
4.712300000000118416e+03 2.260448673041537404e-04
4.713200000000118962e+03 2.217810979345813394e-04
4.714100000000118598e+03 2.169276558561250567e-04
4.715000000000118234e+03 2.170654915971681476e-04
4.715900000000118780e+03 2.229020028607919812e-04
4.716800000000119326e+03 2.280098851770162582e-04
4.717700000000118962e+03 2.293843863299116492e-04
4.718600000000118598e+03 2.301876374986022711e-04
4.719500000000119144e+03 2.316840109415352345e-04
4.720400000000119690e+03 2.318050828762352467e-04
4.721300000000119326e+03 2.298884210176765919e-04
4.722200000000118962e+03 2.278923057019710541e-04
4.723100000000119508e+03 2.284844813402742147e-04
4.724000000000120053e+03 2.315128513146191835e-04
4.724900000000119690e+03 2.336984907742589712e-04
4.725800000000119326e+03 2.316318132216110826e-04
4.726700000000119871e+03 2.240822796011343598e-04
4.727600000000120417e+03 2.159701980417594314e-04
4.728500000000120053e+03 2.133158122887834907e-04
4.729400000000119690e+03 2.144182653864845634e-04
4.730300000000120235e+03 2.147351624444127083e-04
4.731200000000120781e+03 2.152375818695873022e-04
4.732100000000120417e+03 2.186466299463063478e-04
4.733000000000120053e+03 2.222852344857528806e-04
4.733900000000120599e+03 2.242485061287879944e-04
4.734800000000121145e+03 2.250881807412952185e-04
4.735700000000120781e+03 2.220232854597270489e-04
4.736600000000120417e+03 2.175008703488856554e-04
4.737500000000120963e+03 2.193151740357279778e-04
4.738400000000121508e+03 2.253884013043716550e-04
4.739300000000121145e+03 2.271061675855889916e-04
4.740200000000120781e+03 2.243039634777233005e-04
4.741100000000121327e+03 2.227728691650554538e-04
4.742000000000121872e+03 2.246804360765963793e-04
4.742900000000121508e+03 2.274528087582439184e-04
4.743800000000121145e+03 2.278846513945609331e-04
4.744700000000121690e+03 2.260536421090364456e-04
4.745600000000122236e+03 2.259303291793912649e-04
4.746500000000121872e+03 2.281115012010559440e-04
4.747400000000121508e+03 2.284389775013551116e-04
4.748300000000122054e+03 2.270698460051789880e-04
4.749200000000122600e+03 2.273849386256188154e-04
4.750100000000122236e+03 2.286979579366743565e-04
4.751000000000121872e+03 2.281539200339466333e-04
4.751900000000122418e+03 2.255079307360574603e-04
4.752800000000122964e+03 2.231492544524371624e-04
4.753700000000122600e+03 2.211613173130899668e-04
4.754600000000122236e+03 2.196030691266059875e-04
4.755500000000122782e+03 2.188875660067424178e-04
4.756400000000123327e+03 2.192475803894922137e-04
4.757300000000122964e+03 2.213797270087525249e-04
4.758200000000122600e+03 2.240663743577897549e-04
4.759100000000123146e+03 2.265189104946330190e-04
4.760000000000123691e+03 2.271982230013236403e-04
4.760900000000123327e+03 2.229479432571679354e-04
4.761800000000122964e+03 2.155621041310951114e-04
4.762700000000123509e+03 2.114818489644676447e-04
4.763600000000124055e+03 2.115828247042372823e-04
4.764500000000123691e+03 2.113889349857345223e-04
4.765400000000123327e+03 2.100442507071420550e-04
4.766300000000123873e+03 2.108446642523631454e-04
4.767200000000124419e+03 2.150384389096871018e-04
4.768100000000124055e+03 2.193683030782267451e-04
4.769000000000123691e+03 2.228422963526099920e-04
4.769900000000124237e+03 2.243205526610836387e-04
4.770800000000124783e+03 2.211498067481443286e-04
4.771700000000124419e+03 2.173081447836011648e-04
4.772600000000124055e+03 2.183372998842969537e-04
4.773500000000124601e+03 2.235041320091113448e-04
4.774400000000125146e+03 2.279589098179712892e-04
4.775300000000124783e+03 2.279330219607800245e-04
4.776200000000124419e+03 2.266829687869176269e-04
4.777100000000124965e+03 2.280312473885715008e-04
4.778000000000125510e+03 2.286758681293576956e-04
4.778900000000125146e+03 2.259076718473806977e-04
4.779800000000124783e+03 2.231922262581065297e-04
4.780700000000125328e+03 2.239833702333271503e-04
4.781600000000125874e+03 2.248551900265738368e-04
4.782500000000125510e+03 2.219368034275248647e-04
4.783400000000125146e+03 2.191646781284362078e-04
4.784300000000125692e+03 2.209192607551813126e-04
4.785200000000126238e+03 2.214690030086785555e-04
4.786100000000125874e+03 2.171851374441757798e-04
4.787000000000125510e+03 2.155758265871554613e-04
4.787900000000126056e+03 2.176623529521748424e-04
4.788800000000126602e+03 2.173761167796328664e-04
4.789700000000126238e+03 2.168261562474071980e-04
4.790600000000125874e+03 2.190444793086498976e-04
4.791500000000126420e+03 2.210670354543253779e-04
4.792400000000126965e+03 2.227104705525562167e-04
4.793300000000126602e+03 2.264865179313346744e-04
4.794200000000126238e+03 2.306452952325344086e-04
4.795100000000126784e+03 2.319371269550174475e-04
4.796000000000127329e+03 2.301620261278003454e-04
4.796900000000126965e+03 2.267225354444235563e-04
4.797800000000126602e+03 2.221472095698118210e-04
4.798700000000127147e+03 2.177375572500750422e-04
4.799600000000127693e+03 2.159745781682431698e-04
4.800500000000127329e+03 2.181400195695459843e-04
4.801400000000126965e+03 2.230204700026661158e-04
4.802300000000127511e+03 2.265577495563775301e-04
4.803200000000128057e+03 2.257857704535126686e-04
4.804100000000127693e+03 2.211278624599799514e-04
4.805000000000127329e+03 2.168605860788375139e-04
4.805900000000127875e+03 2.170161897083744407e-04
4.806800000000128421e+03 2.180758310714736581e-04
4.807700000000128057e+03 2.172887179767712951e-04
4.808600000000127693e+03 2.174056426156312227e-04
4.809500000000128239e+03 2.191428357036784291e-04
4.810400000000128784e+03 2.201261668233200908e-04
4.811300000000128421e+03 2.199533919338136911e-04
4.812200000000128057e+03 2.198464790126308799e-04
4.813100000000128603e+03 2.202210889663547277e-04
4.814000000000129148e+03 2.212941762991249561e-04
4.814900000000128784e+03 2.226878132205456495e-04
4.815800000000128421e+03 2.238665329059585929e-04
4.816700000000128966e+03 2.245217619929462671e-04
4.817600000000129512e+03 2.245844225399196148e-04
4.818500000000129148e+03 2.250544202979654074e-04
4.819400000000128784e+03 2.256081352243199944e-04
4.820300000000129330e+03 2.247443917440250516e-04
4.821200000000129876e+03 2.230024547316133976e-04
4.822100000000129512e+03 2.181565796490758657e-04
4.823000000000129148e+03 2.091722708428278565e-04
4.823900000000129694e+03 2.045393339358270168e-04
4.824800000000130240e+03 2.094348310492932796e-04
4.825700000000129876e+03 2.168405771953985095e-04
4.826600000000129512e+03 2.198917354689911008e-04
4.827500000000130058e+03 2.182607422582805157e-04
4.828400000000130603e+03 2.151266235159710050e-04
4.829300000000130240e+03 2.139793505193665624e-04
4.830200000000129876e+03 2.146361512131989002e-04
4.831100000000130422e+03 2.127891202690079808e-04
4.832000000000130967e+03 2.099013072438538074e-04
4.832900000000130603e+03 2.107523614540696144e-04
4.833800000000130240e+03 2.135301765520125628e-04
4.834700000000130785e+03 2.141126460628584027e-04
4.835600000000131331e+03 2.124028251273557544e-04
4.836500000000130967e+03 2.116023388225585222e-04
4.837400000000130603e+03 2.118913835147395730e-04
4.838300000000131149e+03 2.093066868837922812e-04
4.839200000000131695e+03 2.046575973508879542e-04
4.840100000000131331e+03 2.023579727392643690e-04
4.841000000000130967e+03 2.037408121395856142e-04
4.841900000000131513e+03 2.048197784461081028e-04
4.842800000000132059e+03 2.026526781264692545e-04
4.843700000000131695e+03 2.015396894421428442e-04
4.844600000000131331e+03 2.040172985289245844e-04
4.845500000000131877e+03 2.059221296804025769e-04
4.846400000000132422e+03 2.039983082795515656e-04
4.847300000000132059e+03 1.982055982807651162e-04
4.848200000000131695e+03 1.918616326292976737e-04
4.849100000000132241e+03 1.904424279928207397e-04
4.850000000000132786e+03 1.935498003149405122e-04
4.850900000000132422e+03 1.945120893651619554e-04
4.851800000000132059e+03 1.918290508911013603e-04
4.852700000000132604e+03 1.887484104372560978e-04
4.853600000000133150e+03 1.835724106058478355e-04
4.854500000000132786e+03 1.740751176839694381e-04
4.855400000000132422e+03 1.656953972997143865e-04
4.856300000000132968e+03 1.644470175961032510e-04
4.857200000000133514e+03 1.655137748457491398e-04
4.858100000000133150e+03 1.604422723175957799e-04
4.859000000000132786e+03 1.471062569180503488e-04
4.859900000000133332e+03 1.271100190933793783e-04
4.860800000000133878e+03 1.089151992346160114e-04
4.861700000000133514e+03 1.083293973351828754e-04
4.862600000000133150e+03 1.263208832824602723e-04
4.863500000000133696e+03 1.442154898541048169e-04
4.864400000000134241e+03 1.545531267765909433e-04
4.865300000000133878e+03 1.627213496249169111e-04
4.866200000000133514e+03 1.699240674497559667e-04
4.867100000000134060e+03 1.749405491864308715e-04
4.868000000000134605e+03 1.785923959687352180e-04
4.868900000000134241e+03 1.818964374251663685e-04
4.869800000000133878e+03 1.810102403396740556e-04
4.870700000000134423e+03 1.740842708386480808e-04
4.871600000000134969e+03 1.700703869573771954e-04
4.872500000000134605e+03 1.760131999617442489e-04
4.873400000000134241e+03 1.853601133916527033e-04
4.874300000000134787e+03 1.902018993860110641e-04
4.875200000000135333e+03 1.910460850922390819e-04
4.876100000000134969e+03 1.918942725751549006e-04
4.877000000000134605e+03 1.938440836966037750e-04
4.877900000000135151e+03 1.963990653166547418e-04
4.878800000000135697e+03 2.021209074882790446e-04
4.879700000000135333e+03 2.077929821098223329e-04
4.880600000000134969e+03 2.065625158138573170e-04
4.881500000000135515e+03 2.020582178374752402e-04
4.882400000000136060e+03 2.011866599787026644e-04
4.883300000000135697e+03 2.022542466875165701e-04
4.884200000000135333e+03 2.008648007176816463e-04
4.885100000000135879e+03 1.979293156182393432e-04
4.886000000000136424e+03 1.966844720300287008e-04
4.886900000000136060e+03 1.985335111385211349e-04
4.887800000000135697e+03 2.011043688980862498e-04
4.888700000000136242e+03 2.015631762333214283e-04
4.889600000000136788e+03 1.981009991141036153e-04
4.890500000000136424e+03 1.912996231112629175e-04
4.891400000000136060e+03 1.900344359455630183e-04
4.892300000000136606e+03 2.003344998229295015e-04
4.893200000000137152e+03 2.123788581229746342e-04
4.894100000000136788e+03 2.191426901845261455e-04
4.895000000000136424e+03 2.223554474767297506e-04
4.895900000000136970e+03 2.229050005553290248e-04
4.896800000000137516e+03 2.221136965090408921e-04
4.897700000000137152e+03 2.213081606896594167e-04
4.898600000000136788e+03 2.182403550250455737e-04
4.899500000000137334e+03 2.129311469616368413e-04
4.900400000000137879e+03 2.112668153131380677e-04
4.901300000000137516e+03 2.141325530828908086e-04
4.902200000000137152e+03 2.142479206668213010e-04
4.903100000000137697e+03 2.109038032358512282e-04
4.904000000000138243e+03 2.106823812937363982e-04
4.904900000000137879e+03 2.158282295567914844e-04
4.905800000000137516e+03 2.213378611486405134e-04
4.906700000000138061e+03 2.222562907263636589e-04
4.907600000000138607e+03 2.188355429098010063e-04
4.908500000000138243e+03 2.135832182830199599e-04
4.909400000000137879e+03 2.070186747005209327e-04
4.910300000000138425e+03 2.021846885327249765e-04
4.911200000000138971e+03 2.037174272118136287e-04
4.912100000000138607e+03 2.095388481393456459e-04
4.913000000000138243e+03 2.141309669241309166e-04
4.913900000000138789e+03 2.169372892240062356e-04
4.914800000000139335e+03 2.201755123678594828e-04
4.915700000000138971e+03 2.220286696683615446e-04
4.916600000000138607e+03 2.188707876484841108e-04
4.917500000000139153e+03 2.099435369018465281e-04
4.918400000000139698e+03 1.984535338124260306e-04
4.919300000000139335e+03 1.896462199511006474e-04
4.920200000000138971e+03 1.873387809609994292e-04
4.921100000000139516e+03 1.927873818203806877e-04
4.922000000000140062e+03 2.008530573220923543e-04
4.922900000000139698e+03 2.025676658377051353e-04
4.923800000000139335e+03 1.992384350160136819e-04
4.924700000000139880e+03 2.006875583902001381e-04
4.925600000000140426e+03 2.090486668748781085e-04
4.926500000000140062e+03 2.161116717616096139e-04
4.927400000000139698e+03 2.182202297262847424e-04
4.928300000000140244e+03 2.198032452724874020e-04
4.929200000000140790e+03 2.219539601355791092e-04
4.930100000000140426e+03 2.218487788923084736e-04
4.931000000000140062e+03 2.204845950473099947e-04
4.931900000000140608e+03 2.168750652344897389e-04
4.932800000000141154e+03 2.080808480968698859e-04
4.933700000000140790e+03 2.009228483075276017e-04
4.934600000000140426e+03 2.043217828031629324e-04
4.935500000000140972e+03 2.119853888871148229e-04
4.936400000000141517e+03 2.126168838003650308e-04
4.937300000000141154e+03 2.060784754576161504e-04
4.938200000000140790e+03 1.989207376027479768e-04
4.939100000000141335e+03 1.983153197215870023e-04
4.940000000000141881e+03 2.062890853267163038e-04
4.940900000000141517e+03 2.158354473067447543e-04
4.941800000000141154e+03 2.196768473368138075e-04
4.942700000000141699e+03 2.203587791882455349e-04
4.943600000000142245e+03 2.215348358731716871e-04
4.944500000000141881e+03 2.205927157774567604e-04
4.945400000000141517e+03 2.168599748983979225e-04
4.946300000000142063e+03 2.152723027393221855e-04
4.947200000000142609e+03 2.178873110096901655e-04
4.948100000000142245e+03 2.207121287938207388e-04
4.949000000000141881e+03 2.211953251389786601e-04
4.949900000000142427e+03 2.210224192822352052e-04
4.950800000000142973e+03 2.216062421211972833e-04
4.951700000000142609e+03 2.208992809755727649e-04
4.952600000000142245e+03 2.182497119065374136e-04
4.953500000000142791e+03 2.167296770494431257e-04
4.954400000000143336e+03 2.171154774259775877e-04
4.955300000000142973e+03 2.153750101570039988e-04
4.956200000000142609e+03 2.051943301921710372e-04
4.957100000000143154e+03 1.910493156174197793e-04
4.958000000000143700e+03 1.904764358187094331e-04
4.958900000000143336e+03 2.051221090368926525e-04
4.959800000000142973e+03 2.178636204916983843e-04
4.960700000000143518e+03 2.209774102084338665e-04
4.961600000000144064e+03 2.192784886574372649e-04
4.962500000000143700e+03 2.187608333770185709e-04
4.963400000000143336e+03 2.194971748394891620e-04
4.964300000000143882e+03 2.170683437725529075e-04
4.965200000000144428e+03 2.117215335601940751e-04
4.966100000000144064e+03 2.087768079945817590e-04
4.967000000000143700e+03 2.090866473736241460e-04
4.967900000000144246e+03 2.093090442940592766e-04
4.968800000000144792e+03 2.093231887556612492e-04
4.969700000000144428e+03 2.098620752803981304e-04
4.970600000000144064e+03 2.111791982315480709e-04
4.971500000000144610e+03 2.140346332453191280e-04
4.972400000000145155e+03 2.164201869163662195e-04
4.973300000000144792e+03 2.178503200411796570e-04
4.974200000000144428e+03 2.195318520534783602e-04
4.975100000000144973e+03 2.197537978645414114e-04
4.976000000000145519e+03 2.182227617595344782e-04
4.976900000000145155e+03 2.158882853109389544e-04
4.977800000000144792e+03 2.122350124409422278e-04
4.978700000000145337e+03 2.092239883495494723e-04
4.979600000000145883e+03 2.084494481096044183e-04
4.980500000000145519e+03 2.064214640995487571e-04
4.981400000000145155e+03 1.994796184590086341e-04
4.982300000000145701e+03 1.906154793687164783e-04
4.983200000000146247e+03 1.870826090453192592e-04
4.984100000000145883e+03 1.904183009173721075e-04
4.985000000000145519e+03 1.962085516424849629e-04
4.985900000000146065e+03 2.029971656156703830e-04
4.986800000000146611e+03 2.105856983689591289e-04
4.987700000000146247e+03 2.146250189980491996e-04
4.988600000000145883e+03 2.134127134922891855e-04
4.989500000000146429e+03 2.102593862218782306e-04
4.990400000000146974e+03 2.071283524855971336e-04
4.991300000000146611e+03 2.066666202154010534e-04
4.992200000000146247e+03 2.092105569317936897e-04
4.993100000000146792e+03 2.096871467074379325e-04
4.994000000000147338e+03 2.089665067614987493e-04
4.994900000000146974e+03 2.113222726620733738e-04
4.995800000000146611e+03 2.135459508281201124e-04
4.996700000000147156e+03 2.131569781340658665e-04
4.997600000000147702e+03 2.118995180353522301e-04
4.998500000000147338e+03 2.088782057398930192e-04
4.999400000000146974e+03 2.038079546764492989e-04
5.000300000000147520e+03 1.997592189582064748e-04
5.001200000000148066e+03 1.983374240808188915e-04
5.002100000000147702e+03 1.995548518607392907e-04
5.003000000000147338e+03 2.024869900196790695e-04
5.003900000000147884e+03 2.029206516453996301e-04
5.004800000000148430e+03 1.976493513211607933e-04
5.005700000000148066e+03 1.906970428535714746e-04
5.006600000000147702e+03 1.906647521536797285e-04
5.007500000000148248e+03 1.992883480852469802e-04
5.008400000000148793e+03 2.084056759485974908e-04
5.009300000000148430e+03 2.110385685227811337e-04
5.010200000000148066e+03 2.084841107716783881e-04
5.011100000000148611e+03 2.032359625445678830e-04
5.012000000000149157e+03 1.966749405255541205e-04
5.012900000000148793e+03 1.921357179526239634e-04
5.013800000000148430e+03 1.908223930513486266e-04
5.014700000000148975e+03 1.934158644871786237e-04
5.015600000000149521e+03 1.982369140023365617e-04
5.016500000000149157e+03 1.981875102501362562e-04
5.017400000000148793e+03 1.915695611387491226e-04
5.018300000000149339e+03 1.872242864919826388e-04
5.019200000000149885e+03 1.913951564347371459e-04
5.020100000000149521e+03 1.981853274628520012e-04
5.021000000000149157e+03 2.002968103624880314e-04
5.021900000000149703e+03 1.989528245758265257e-04
5.022800000000150249e+03 2.000878739636391401e-04
5.023700000000149885e+03 2.043769491137936711e-04
5.024600000000149521e+03 2.071305207209661603e-04
5.025500000000150067e+03 2.071695489576086402e-04
5.026400000000150612e+03 2.040905528701841831e-04
5.027300000000150249e+03 1.997766376007348299e-04
5.028200000000149885e+03 2.009452146012336016e-04
5.029100000000150430e+03 2.060930564766749740e-04
5.030000000000150976e+03 2.080081612803041935e-04
5.030900000000150612e+03 2.079521073028445244e-04
5.031800000000150249e+03 2.106275787809863687e-04
5.032700000000150794e+03 2.148025814676657319e-04
5.033600000000151340e+03 2.156491827918216586e-04
5.034500000000150976e+03 2.100486453855410218e-04
5.035400000000150612e+03 2.015699283219873905e-04
5.036300000000151158e+03 1.988911972148343921e-04
5.037200000000151704e+03 2.022689586738124490e-04
5.038100000000151340e+03 2.026456786552444100e-04
5.039000000000150976e+03 1.969649747479707003e-04
5.039900000000151522e+03 1.878741604741662741e-04
5.040800000000152068e+03 1.797099830582737923e-04
5.041700000000151704e+03 1.820535544538870454e-04
5.042600000000151340e+03 1.953186001628637314e-04
5.043500000000151886e+03 2.068596804747357965e-04
5.044400000000152431e+03 2.122284204233437777e-04
5.045300000000152068e+03 2.155351539840921760e-04
5.046200000000151704e+03 2.167150960303843021e-04
5.047100000000152249e+03 2.127775951521471143e-04
5.048000000000152795e+03 2.049299073405563831e-04
5.048900000000152431e+03 1.991788740269839764e-04
5.049800000000152068e+03 1.980928063858300447e-04
5.050700000000152613e+03 1.982576213777065277e-04
5.051600000000153159e+03 1.979997032321989536e-04
5.052500000000152795e+03 2.007768198382109404e-04
5.053400000000152431e+03 2.064110740320757031e-04
5.054300000000152977e+03 2.104188461089506745e-04
5.055200000000153523e+03 2.110705390805378556e-04
5.056100000000153159e+03 2.102060534525662661e-04
5.057000000000152795e+03 2.105531893903389573e-04
5.057900000000153341e+03 2.122610312653705478e-04
5.058800000000153887e+03 2.133525413228198886e-04
5.059700000000153523e+03 2.136930124834179878e-04
5.060600000000153159e+03 2.150173240806907415e-04
5.061500000000153705e+03 2.166155900340527296e-04
5.062400000000154250e+03 2.160443837055936456e-04
5.063300000000153887e+03 2.110643108608201146e-04
5.064200000000153523e+03 2.023174893110990524e-04
5.065100000000154068e+03 1.976682979147881269e-04
5.066000000000154614e+03 2.007328002946451306e-04
5.066900000000154250e+03 2.038439415628090501e-04
5.067800000000153887e+03 2.028379531111568213e-04
5.068700000000154432e+03 2.025039284490048885e-04
5.069600000000154978e+03 2.059630205621942878e-04
5.070500000000154614e+03 2.080448175547644496e-04
5.071400000000154250e+03 2.041968837147578597e-04
5.072300000000154796e+03 2.001821994781494141e-04
5.073200000000155342e+03 2.017357037402689457e-04
5.074100000000154978e+03 2.039663522737100720e-04
5.075000000000154614e+03 2.031668263953179121e-04
5.075900000000155160e+03 2.032308402704074979e-04
5.076800000000155705e+03 2.058258542092517018e-04
5.077700000000155342e+03 2.051422052318230271e-04
5.078600000000154978e+03 1.963543036254122853e-04
5.079500000000155524e+03 1.865959493443369865e-04
5.080400000000156069e+03 1.859308686107397079e-04
5.081300000000155705e+03 1.927118719322606921e-04
5.082200000000155342e+03 1.979936059797182679e-04
5.083100000000155887e+03 1.987315190490335226e-04
5.084000000000156433e+03 2.001494140131399035e-04
5.084900000000156069e+03 2.042806154349818826e-04
5.085800000000155705e+03 2.068547619273886085e-04
5.086700000000156251e+03 2.057919191429391503e-04
5.087600000000156797e+03 2.044594584731385112e-04
5.088500000000156433e+03 2.055822551483288407e-04
5.089400000000156069e+03 2.072388742817565799e-04
5.090300000000156615e+03 2.071867493214085698e-04
5.091200000000157161e+03 2.073489304166287184e-04
5.092100000000156797e+03 2.094545197905972600e-04
5.093000000000156433e+03 2.117788098985329270e-04
5.093900000000156979e+03 2.122729056281968951e-04
5.094800000000157524e+03 2.107574255205690861e-04
5.095700000000157161e+03 2.073168725473806262e-04
5.096600000000156797e+03 2.017654187511652708e-04
5.097500000000157343e+03 1.954180916072800756e-04
5.098400000000157888e+03 1.900193456094712019e-04
5.099300000000157524e+03 1.895091118058189750e-04
5.100200000000157161e+03 1.959041692316532135e-04
5.101100000000157706e+03 2.038224629359319806e-04
5.102000000000158252e+03 2.076611999655142426e-04
5.102900000000157888e+03 2.071663620881736279e-04
5.103800000000157524e+03 2.053962962236255407e-04
5.104700000000158070e+03 2.043899003183469176e-04
5.105600000000158616e+03 2.034266653936356306e-04
5.106500000000158252e+03 2.004170964937657118e-04
5.107400000000157888e+03 1.970237499335780740e-04
5.108300000000158434e+03 1.970311859622597694e-04
5.109200000000158980e+03 1.976140774786472321e-04
5.110100000000158616e+03 1.972064055735245347e-04
5.111000000000158252e+03 2.001777320401743054e-04
5.111900000000158798e+03 2.050732000498101115e-04
5.112800000000159343e+03 2.073577197734266520e-04
5.113700000000158980e+03 2.076207310892641544e-04
5.114600000000158616e+03 2.073045325232669711e-04
5.115500000000159162e+03 2.072694333037361503e-04
5.116400000000159707e+03 2.091633505187928677e-04
5.117300000000159343e+03 2.117095136782154441e-04
5.118200000000158980e+03 2.123424928868189454e-04
5.119100000000159525e+03 2.108125336235389113e-04
5.120000000000160071e+03 2.078890538541600108e-04
5.120900000000159707e+03 2.045909641310572624e-04
5.121800000000159343e+03 2.012909826589748263e-04
5.122700000000159889e+03 1.968259894056245685e-04
5.123600000000160435e+03 1.927361590787768364e-04
5.124500000000160071e+03 1.921977236634120345e-04
5.125400000000159707e+03 1.942576491273939610e-04
5.126300000000160253e+03 1.961906964424997568e-04
5.127200000000160799e+03 1.963720133062452078e-04
5.128100000000160435e+03 1.953018072526901960e-04
5.129000000000160071e+03 1.944648975040763617e-04
5.129900000000160617e+03 1.960153022082522511e-04
5.130800000000161162e+03 1.990289456443861127e-04
5.131700000000160799e+03 2.004375855904072523e-04
5.132600000000160435e+03 1.998301740968599916e-04
5.133500000000160981e+03 1.996164210140705109e-04
5.134400000000161526e+03 2.027856826316565275e-04
5.135300000000161162e+03 2.057469246210530400e-04
5.136200000000160799e+03 2.029018651228398085e-04
5.137100000000161344e+03 1.973184262169525027e-04
5.138000000000161890e+03 1.930977450683712959e-04
5.138900000000161526e+03 1.899676717584952712e-04
5.139800000000161162e+03 1.921512011904269457e-04
5.140700000000161708e+03 1.974075130419805646e-04
5.141600000000162254e+03 1.957187487278133631e-04
5.142500000000161890e+03 1.909536949824541807e-04
5.143400000000161526e+03 1.934381725732237101e-04
5.144300000000162072e+03 1.987504074349999428e-04
5.145200000000162618e+03 1.987256837310269475e-04
5.146100000000162254e+03 1.954707404365763068e-04
5.147000000000161890e+03 1.932958839461207390e-04
5.147900000000162436e+03 1.938632485689595342e-04
5.148800000000162981e+03 1.972686732187867165e-04
5.149700000000162618e+03 1.993527112063020468e-04
5.150600000000162254e+03 1.974328770302236080e-04
5.151500000000162800e+03 1.950118312379345298e-04
5.152400000000163345e+03 1.941711525432765484e-04
5.153300000000162981e+03 1.933643070515245199e-04
5.154200000000162618e+03 1.935371401486918330e-04
5.155100000000163163e+03 1.964980910997837782e-04
5.156000000000163709e+03 2.008145529543980956e-04
5.156900000000163345e+03 2.046321606030687690e-04
5.157800000000162981e+03 2.064028376480564475e-04
5.158700000000163527e+03 2.059414691757410765e-04
5.159600000000164073e+03 2.056004159385338426e-04
5.160500000000163709e+03 2.051512419711798429e-04
5.161400000000163345e+03 2.017921651713550091e-04
5.162300000000163891e+03 1.983964466489851475e-04
5.163200000000164437e+03 1.986122224479913712e-04
5.164100000000164073e+03 1.976255152840167284e-04
5.165000000000163709e+03 1.903894735733047128e-04
5.165900000000164255e+03 1.775390555849298835e-04
5.166800000000164800e+03 1.631056802580133080e-04
5.167700000000164437e+03 1.558102521812543273e-04
5.168600000000164073e+03 1.612357445992529392e-04
5.169500000000164619e+03 1.745345361996442080e-04
5.170400000000165164e+03 1.818640303099527955e-04
5.171300000000164800e+03 1.733198296278715134e-04
5.172200000000164437e+03 1.599815004738047719e-04
5.173100000000164982e+03 1.619503455003723502e-04
5.174000000000165528e+03 1.797649456420913339e-04
5.174900000000165164e+03 1.959550281753763556e-04
5.175800000000164800e+03 2.012537297559902072e-04
5.176700000000165346e+03 2.012808836298063397e-04
5.177600000000165892e+03 2.021675463765859604e-04
5.178500000000165528e+03 2.029368188232183456e-04
5.179400000000165164e+03 2.019563398789614439e-04
5.180300000000165710e+03 1.999832747969776392e-04
5.181200000000166256e+03 1.951089652720838785e-04
5.182100000000165892e+03 1.816728326957672834e-04
5.183000000000165528e+03 1.629144389880821109e-04
5.183900000000166074e+03 1.569476880831643939e-04
5.184800000000166619e+03 1.709582284092903137e-04
5.185700000000166256e+03 1.886351819848641753e-04
5.186600000000165892e+03 1.967597199836745858e-04
5.187500000000166438e+03 1.956216292455792427e-04
5.188400000000166983e+03 1.925316028064116836e-04
5.189300000000166619e+03 1.948856079252436757e-04
5.190200000000166256e+03 1.968645374290645123e-04
5.191100000000166801e+03 1.894656161312013865e-04
5.192000000000167347e+03 1.809577079256996512e-04
5.192900000000166983e+03 1.831136469263583422e-04
5.193800000000166619e+03 1.898644404718652368e-04
5.194700000000167165e+03 1.904519594972953200e-04
5.195600000000167711e+03 1.881053176475688815e-04
5.196500000000167347e+03 1.887618127511814237e-04
5.197400000000166983e+03 1.911104191094636917e-04
5.198300000000167529e+03 1.943350362125784159e-04
5.199200000000168075e+03 1.982604735530912876e-04
5.200100000000167711e+03 2.003433764912188053e-04
5.201000000000167347e+03 1.996246137423440814e-04
5.201900000000167893e+03 1.978176587726920843e-04
5.202800000000168438e+03 1.964536932064220309e-04
5.203700000000168075e+03 1.926937693497166038e-04
5.204600000000167711e+03 1.851957931648939848e-04
5.205500000000168257e+03 1.804641797207295895e-04
5.206400000000168802e+03 1.821449841372668743e-04
5.207300000000168438e+03 1.838263124227523804e-04
5.208200000000168075e+03 1.819235476432368159e-04
5.209100000000168620e+03 1.838967145886272192e-04
5.210000000000169166e+03 1.901555369840934873e-04
5.210900000000168802e+03 1.954286417458206415e-04
5.211800000000168438e+03 1.996737264562398195e-04
5.212700000000168984e+03 2.029004972428083420e-04
5.213600000000169530e+03 2.026255824603140354e-04
5.214500000000169166e+03 1.972822210518643260e-04
5.215400000000168802e+03 1.904799428302794695e-04
5.216300000000169348e+03 1.878617622423917055e-04
5.217200000000169894e+03 1.906204270198941231e-04
5.218100000000169530e+03 1.962016831384971738e-04
5.219000000000169166e+03 2.010021999012678862e-04
5.219900000000169712e+03 2.030859322985634208e-04
5.220800000000170257e+03 2.038313978118821979e-04
5.221700000000169894e+03 2.036731893895193934e-04
5.222600000000169530e+03 2.017107035499066114e-04
5.223500000000170076e+03 1.977756328415125608e-04
5.224400000000170621e+03 1.915272587211802602e-04
5.225300000000170257e+03 1.820183533709496260e-04
5.226200000000169894e+03 1.712163211777806282e-04
5.227100000000170439e+03 1.688545307843014598e-04
5.228000000000170985e+03 1.798180310288444161e-04
5.228900000000170621e+03 1.922379742609336972e-04
5.229800000000170257e+03 1.974898041225969791e-04
5.230700000000170803e+03 1.992192119359970093e-04
5.231600000000171349e+03 1.972566387848928571e-04
5.232500000000170985e+03 1.902856602100655437e-04
5.233400000000170621e+03 1.851804699981585145e-04
5.234300000000171167e+03 1.855464070104062557e-04
5.235200000000171713e+03 1.893234148155897856e-04
5.236100000000171349e+03 1.948465651366859674e-04
5.237000000000170985e+03 1.991943863686174154e-04
5.237900000000171531e+03 2.010315656661987305e-04
5.238800000000172076e+03 2.012706681853160262e-04
5.239700000000171713e+03 2.013183257076889277e-04
5.240600000000171349e+03 2.021193213295191526e-04
5.241500000000171894e+03 2.018582163145765662e-04
5.242400000000172440e+03 1.998612424358725548e-04
5.243300000000172076e+03 1.998017542064189911e-04
5.244200000000171713e+03 2.030528994509950280e-04
5.245100000000172258e+03 2.045946748694404960e-04
5.246000000000172804e+03 2.002639812417328358e-04
5.246900000000172440e+03 1.942120143212378025e-04
5.247800000000172076e+03 1.931974547915160656e-04
5.248700000000172622e+03 1.946818665601313114e-04
5.249600000000173168e+03 1.926679688040167093e-04
5.250500000000172804e+03 1.904523523990064859e-04
5.251400000000172440e+03 1.927790581248700619e-04
5.252300000000172986e+03 1.965219416888430715e-04
5.253200000000173532e+03 1.972150930669158697e-04
5.254100000000173168e+03 1.940717338584363461e-04
5.255000000000172804e+03 1.912416919367387891e-04
5.255900000000173350e+03 1.944408722920343280e-04
5.256800000000173895e+03 2.010075550060719252e-04
5.257700000000173532e+03 2.051554911304265261e-04
5.258600000000173168e+03 2.060214319499209523e-04
5.259500000000173713e+03 2.040474209934473038e-04
5.260400000000174259e+03 1.993911137105897069e-04
5.261300000000173895e+03 1.920804206747561693e-04
5.262200000000173532e+03 1.841225021053105593e-04
5.263100000000174077e+03 1.780133025022223592e-04
5.264000000000174623e+03 1.734816760290414095e-04
5.264900000000174259e+03 1.700256543699651957e-04
5.265800000000173895e+03 1.700020802672952414e-04
5.266700000000174441e+03 1.768742949934676290e-04
5.267600000000174987e+03 1.834285503719002008e-04
5.268500000000174623e+03 1.775674027157947421e-04
5.269400000000174259e+03 1.654764346312731504e-04
5.270300000000174805e+03 1.659226836636662483e-04
5.271200000000175351e+03 1.795820717234164476e-04
5.272100000000174987e+03 1.896537869470193982e-04
5.273000000000174623e+03 1.901873620226979256e-04
5.273900000000175169e+03 1.870796986622735858e-04
5.274800000000175714e+03 1.828696113079786301e-04
5.275700000000175351e+03 1.819408062146976590e-04
5.276600000000174987e+03 1.896238536573946476e-04
5.277500000000175532e+03 1.996440114453434944e-04
5.278400000000176078e+03 2.032510674325749278e-04
5.279300000000175714e+03 2.004510606639087200e-04
5.280200000000175351e+03 1.957303029485046864e-04
5.281100000000175896e+03 1.920992363011464477e-04
5.282000000000176442e+03 1.894249580800533295e-04
5.282900000000176078e+03 1.862609060481190681e-04
5.283800000000175714e+03 1.849631080403923988e-04
5.284700000000176260e+03 1.907978585222736001e-04
5.285600000000176806e+03 2.006466675084084272e-04
5.286500000000176442e+03 2.063612628262490034e-04
5.287400000000176078e+03 2.061478153336793184e-04
5.288300000000176624e+03 2.041492407443001866e-04
5.289200000000177170e+03 2.043123240582644939e-04
5.290100000000176806e+03 2.061189588857814670e-04
5.291000000000176442e+03 2.065892331302165985e-04
5.291900000000176988e+03 2.047951129497960210e-04
5.292800000000177533e+03 2.024094283115118742e-04
5.293700000000177170e+03 2.017622173298150301e-04
5.294600000000176806e+03 2.019127568928524852e-04
5.295500000000177351e+03 1.991139724850654602e-04
5.296400000000177897e+03 1.920679642353206873e-04
5.297300000000177533e+03 1.847659295890480280e-04
5.298200000000177170e+03 1.839286705944687128e-04
5.299100000000177715e+03 1.902732619782909751e-04
5.300000000000178261e+03 1.955822954187169671e-04
5.300900000000177897e+03 1.950961886905133724e-04
5.301800000000177533e+03 1.932651357492431998e-04
5.302700000000178079e+03 1.952288439497351646e-04
5.303600000000178625e+03 2.003898844122886658e-04
5.304500000000178261e+03 2.042016712948679924e-04
5.305400000000177897e+03 2.041636762442067266e-04
5.306300000000178443e+03 2.013160847127437592e-04
5.307200000000178989e+03 1.990530290640890598e-04
5.308100000000178625e+03 2.001375833060592413e-04
5.309000000000178261e+03 2.032781048910692334e-04
5.309900000000178807e+03 2.050399343715980649e-04
5.310800000000179352e+03 2.046935696853324771e-04
5.311700000000178989e+03 2.035352517850697041e-04
5.312600000000178625e+03 2.019262465182691813e-04
5.313500000000179170e+03 2.005974965868517756e-04
5.314400000000179716e+03 1.994870835915207863e-04
5.315300000000179352e+03 1.956886262632906437e-04
5.316200000000178989e+03 1.902115473058074713e-04
5.317100000000179534e+03 1.896630856208503246e-04
5.318000000000180080e+03 1.946357369888573885e-04
5.318900000000179716e+03 1.986052666325122118e-04
5.319800000000179352e+03 1.994846097659319639e-04
5.320700000000179898e+03 1.993137266254052520e-04
5.321600000000180444e+03 1.988051517400890589e-04
5.322500000000180080e+03 1.965494739124551415e-04
5.323400000000179716e+03 1.913782762130722404e-04
5.324300000000180262e+03 1.876030000858008862e-04
5.325200000000180808e+03 1.892383734229952097e-04
5.326100000000180444e+03 1.898195478133857250e-04
5.327000000000180080e+03 1.808471279218792915e-04
5.327900000000180626e+03 1.679176057223230600e-04
5.328800000000181171e+03 1.673921506153419614e-04
5.329700000000180808e+03 1.803725754143670201e-04
5.330600000000180444e+03 1.926510012708604336e-04
5.331500000000180989e+03 1.966059353435412049e-04
5.332400000000181535e+03 1.952376333065330982e-04
5.333300000000181171e+03 1.950745063368231058e-04
5.334200000000180808e+03 1.976792555069550872e-04
5.335100000000181353e+03 1.990150194615125656e-04
5.336000000000181899e+03 1.972010359168052673e-04
5.336900000000181535e+03 1.949654688360169530e-04
5.337800000000181171e+03 1.943731913343071938e-04
5.338700000000181717e+03 1.923526288010179996e-04
5.339600000000182263e+03 1.866547972895205021e-04
5.340500000000181899e+03 1.830121473176404834e-04
5.341400000000181535e+03 1.871229469543322921e-04
5.342300000000182081e+03 1.944643299793824553e-04
5.343200000000182627e+03 1.983465917874127626e-04
5.344100000000182263e+03 1.985783455893397331e-04
5.345000000000181899e+03 1.962271344382315874e-04
5.345900000000182445e+03 1.941549126058816910e-04
5.346800000000182990e+03 1.947334385477006435e-04
5.347700000000182627e+03 1.942076924024149776e-04
5.348600000000182263e+03 1.912483858177438378e-04
5.349500000000182808e+03 1.906671241158619523e-04
5.350400000000183354e+03 1.947650016518309712e-04
5.351300000000182990e+03 1.995568163692951202e-04
5.352200000000182627e+03 2.006632421398535371e-04
5.353100000000183172e+03 1.997911167563870549e-04
5.354000000000183718e+03 2.012371260207146406e-04
5.354900000000183354e+03 2.044901339104399085e-04
5.355800000000182990e+03 2.059960825135931373e-04
5.356700000000183536e+03 2.058633253909647465e-04
5.357600000000184082e+03 2.057031815638765693e-04
5.358500000000183718e+03 2.057254896499216557e-04
5.359400000000183354e+03 2.053772041108459234e-04
5.360300000000183900e+03 2.035881916526705027e-04
5.361200000000184446e+03 1.996152714127674699e-04
5.362100000000184082e+03 1.953020982909947634e-04
5.363000000000183718e+03 1.933331805048510432e-04
5.363900000000184264e+03 1.926577533595263958e-04
5.364800000000184809e+03 1.915242319228127599e-04
5.365700000000184446e+03 1.919163478305563331e-04
5.366600000000184082e+03 1.930701400851830840e-04
5.367500000000184627e+03 1.931538572534918785e-04
5.368400000000185173e+03 1.918119087349623442e-04
5.369300000000184809e+03 1.869208499556407332e-04
5.370200000000184446e+03 1.801201287889853120e-04
5.371100000000184991e+03 1.775996788637712598e-04
5.372000000000185537e+03 1.834454160416498780e-04
5.372900000000185173e+03 1.931934239109978080e-04
5.373800000000184809e+03 1.995547063415870070e-04
5.374700000000185355e+03 2.021786349359899759e-04
5.375600000000185901e+03 2.023738197749480605e-04
5.376500000000185537e+03 2.008260198635980487e-04
5.377400000000185173e+03 1.998205698328092694e-04
5.378300000000185719e+03 1.997197541641071439e-04
5.379200000000186265e+03 1.982174144359305501e-04
5.380100000000185901e+03 1.954310428118333220e-04
5.381000000000185537e+03 1.938923232955858111e-04
5.381900000000186083e+03 1.933249441208317876e-04
5.382800000000186628e+03 1.922146038850769401e-04
5.383700000000186265e+03 1.932577288243919611e-04
5.384600000000185901e+03 1.971238380065187812e-04
5.385500000000186446e+03 1.995573111344128847e-04
5.386400000000186992e+03 1.992116303881630301e-04
5.387300000000186628e+03 1.980766537599265575e-04
5.388200000000186265e+03 1.966269628610461950e-04
5.389100000000186810e+03 1.942118979059159756e-04
5.390000000000187356e+03 1.920751237776130438e-04
5.390900000000186992e+03 1.910483115352690220e-04
5.391800000000186628e+03 1.904163509607315063e-04
5.392700000000187174e+03 1.898358314065262675e-04
5.393600000000187720e+03 1.900873467093333602e-04
5.394500000000187356e+03 1.911472791107371449e-04
5.395400000000186992e+03 1.897658221423625946e-04
5.396300000000187538e+03 1.840767363319173455e-04
5.397200000000188084e+03 1.806376239983364940e-04
5.398100000000187720e+03 1.848901592893525958e-04
5.399000000000187356e+03 1.904953387565910816e-04
5.399900000000187902e+03 1.915150787681341171e-04
5.400800000000188447e+03 1.914144522743299603e-04
5.401700000000188084e+03 1.929263380588963628e-04
5.402600000000187720e+03 1.915380707941949368e-04
5.403500000000188265e+03 1.846072700573131442e-04
5.404400000000188811e+03 1.769326336216181517e-04
5.405300000000188447e+03 1.740331790642812848e-04
5.406200000000188084e+03 1.776771823642775416e-04
5.407100000000188629e+03 1.847039093263447285e-04
5.408000000000189175e+03 1.883434015326201916e-04
5.408900000000188811e+03 1.857286260928958654e-04
5.409800000000188447e+03 1.819133321987465024e-04
5.410700000000188993e+03 1.836556912166997790e-04
5.411600000000189539e+03 1.899438357213512063e-04
5.412500000000189175e+03 1.944237883435562253e-04
5.413400000000188811e+03 1.938697678269818425e-04
5.414300000000189357e+03 1.909047423396259546e-04
5.415200000000189902e+03 1.905333920149132609e-04
5.416100000000189539e+03 1.942152011906728148e-04
5.417000000000189175e+03 1.974674378288909793e-04
5.417900000000189721e+03 1.972472236957401037e-04
5.418800000000190266e+03 1.949466968653723598e-04
5.419700000000189902e+03 1.926048280438408256e-04
5.420600000000189539e+03 1.918391644721850753e-04
5.421500000000190084e+03 1.934152969624847174e-04
5.422400000000190630e+03 1.936643529916182160e-04
5.423300000000190266e+03 1.890736311906948686e-04
5.424200000000189902e+03 1.849917898653075099e-04
5.425100000000190448e+03 1.879912451840937138e-04
5.426000000000190994e+03 1.949252327904105186e-04
5.426900000000190630e+03 1.990537712117657065e-04
5.427800000000190266e+03 1.959488290594890714e-04
5.428700000000190812e+03 1.865169906523078680e-04
5.429600000000191358e+03 1.805421343306079507e-04
5.430500000000190994e+03 1.848526735557243228e-04
5.431400000000190630e+03 1.907257828861474991e-04
5.432300000000191176e+03 1.898443151731044054e-04
5.433200000000191721e+03 1.855870650615543127e-04
5.434100000000191358e+03 1.825981889851391315e-04
5.435000000000190994e+03 1.828672102419659495e-04
5.435900000000191540e+03 1.859987969510257244e-04
5.436800000000192085e+03 1.904913951875641942e-04
5.437700000000191721e+03 1.955208572326228023e-04
5.438600000000191358e+03 1.992400357266888022e-04
5.439500000000191903e+03 2.006573922699317336e-04
5.440400000000192449e+03 2.004253328777849674e-04
5.441300000000192085e+03 1.997172221308574080e-04
5.442200000000191721e+03 1.996038190554827452e-04
5.443100000000192267e+03 1.989366137422621250e-04
5.444000000000192813e+03 1.953457103809341788e-04
5.444900000000192449e+03 1.885932579170912504e-04
5.445800000000192085e+03 1.807656226446852088e-04
5.446700000000192631e+03 1.773180119926109910e-04
5.447600000000193177e+03 1.827932865126058459e-04
5.448500000000192813e+03 1.915987813845276833e-04
5.449400000000192449e+03 1.964842085726559162e-04
5.450300000000192995e+03 1.972177124116569757e-04
5.451200000000193540e+03 1.964624680113047361e-04
5.452100000000193177e+03 1.955766347236931324e-04
5.453000000000192813e+03 1.936285843839868903e-04
5.453900000000193359e+03 1.882582728285342455e-04
5.454800000000193904e+03 1.803802442736923695e-04
5.455700000000193540e+03 1.780162274371832609e-04
5.456600000000193177e+03 1.849700202001258731e-04
5.457500000000193722e+03 1.934617321239784360e-04
5.458400000000194268e+03 1.972711615962907672e-04
5.459300000000193904e+03 1.968752039829269052e-04
5.460200000000193540e+03 1.947112905327230692e-04
5.461100000000194086e+03 1.915920147439464927e-04
5.462000000000194632e+03 1.866706588771194220e-04
5.462900000000194268e+03 1.828007516451179981e-04
5.463800000000193904e+03 1.848178799264132977e-04
5.464700000000194450e+03 1.898119371617212892e-04
5.465600000000194996e+03 1.915244793053716421e-04
5.466500000000194632e+03 1.909433194668963552e-04
5.467400000000194268e+03 1.920260692713782191e-04
5.468300000000194814e+03 1.935406471602618694e-04
5.469200000000195359e+03 1.929417485371232033e-04
5.470100000000194996e+03 1.912750012706965208e-04
5.471000000000194632e+03 1.910021092044189572e-04
5.471900000000195178e+03 1.906626130221411586e-04
5.472800000000195723e+03 1.882775977719575167e-04
5.473700000000195359e+03 1.867411483544856310e-04
5.474600000000194996e+03 1.862076896941289306e-04
5.475500000000195541e+03 1.812382979551330209e-04
5.476400000000196087e+03 1.742456370266154408e-04
5.477300000000195723e+03 1.752305834088474512e-04
5.478200000000195359e+03 1.836348528740927577e-04
5.479100000000195905e+03 1.895921013783663511e-04
5.480000000000196451e+03 1.881784264696761966e-04
5.480900000000196087e+03 1.838175521697849035e-04
5.481800000000195723e+03 1.831178815336897969e-04
5.482700000000196269e+03 1.861775381257757545e-04
5.483600000000196815e+03 1.901497016660869122e-04
5.484500000000196451e+03 1.937324414029717445e-04
5.485400000000196087e+03 1.945231779245659709e-04
5.486300000000196633e+03 1.911129074869677424e-04
5.487200000000197178e+03 1.867375685833394527e-04
5.488100000000196815e+03 1.863103098003193736e-04
5.489000000000196451e+03 1.886388054117560387e-04
5.489900000000196997e+03 1.900574861792847514e-04
5.490800000000197542e+03 1.911413128254935145e-04
5.491700000000197178e+03 1.918295165523886681e-04
5.492600000000196815e+03 1.903518277686089277e-04
5.493500000000197360e+03 1.886349200503900647e-04
5.494400000000197906e+03 1.896540052257478237e-04
5.495300000000197542e+03 1.912551379064098001e-04
5.496200000000197178e+03 1.894681627163663507e-04
5.497100000000197724e+03 1.863172365119680762e-04
5.498000000000198270e+03 1.876385940704494715e-04
5.498900000000197906e+03 1.920510694617405534e-04
5.499800000000197542e+03 1.927682606037706137e-04
5.500700000000198088e+03 1.885808305814862251e-04
5.501600000000198634e+03 1.846229279180988669e-04
5.502500000000198270e+03 1.846324303187429905e-04
5.503400000000197906e+03 1.871474669314920902e-04
5.504300000000198452e+03 1.888565020635724068e-04
5.505200000000198997e+03 1.870283012976869941e-04
5.506100000000198634e+03 1.834731519920751452e-04
5.507000000000198270e+03 1.837859163060784340e-04
5.507900000000198816e+03 1.873941655503585935e-04
5.508800000000199361e+03 1.889832929009571671e-04
5.509700000000198997e+03 1.882239012047648430e-04
5.510600000000198634e+03 1.868576218839734793e-04
5.511500000000199179e+03 1.842972123995423317e-04
5.512400000000199725e+03 1.819196913857012987e-04
5.513300000000199361e+03 1.825102372094988823e-04
5.514200000000198997e+03 1.850870612543076277e-04
5.515100000000199543e+03 1.875972229754552245e-04
5.516000000000200089e+03 1.889979757834225893e-04
5.516900000000199725e+03 1.901801151689141989e-04
5.517800000000199361e+03 1.923585659824311733e-04
5.518700000000199907e+03 1.939491921802982688e-04
5.519600000000200453e+03 1.936683111125603318e-04
5.520500000000200089e+03 1.925745891639962792e-04
5.521400000000199725e+03 1.918795896926894784e-04
5.522300000000200271e+03 1.917945628520101309e-04
5.523200000000200816e+03 1.920279319165274501e-04
5.524100000000200453e+03 1.914015592774376273e-04
5.525000000000200089e+03 1.890442799776792526e-04
5.525900000000200635e+03 1.855175214586779475e-04
5.526800000000201180e+03 1.811074907891452312e-04
5.527700000000200816e+03 1.772495597833767533e-04
5.528600000000200453e+03 1.782117760740220547e-04
5.529500000000200998e+03 1.843517093220725656e-04
5.530400000000201544e+03 1.897525216918438673e-04
5.531300000000201180e+03 1.911361032398417592e-04
5.532200000000200816e+03 1.901609502965584397e-04
5.533100000000201362e+03 1.883754885056987405e-04
5.534000000000201908e+03 1.854725705925375223e-04
5.534900000000201544e+03 1.832977432059124112e-04
5.535800000000201180e+03 1.850483531598001719e-04
5.536700000000201726e+03 1.884040830191224813e-04
5.537600000000202272e+03 1.896783651318401098e-04
5.538500000000201908e+03 1.902064541354775429e-04
5.539400000000201544e+03 1.918054331326857209e-04
5.540300000000202090e+03 1.934699830599129200e-04
5.541200000000202635e+03 1.935292821144685149e-04
5.542100000000202272e+03 1.911925646709278226e-04
5.543000000000201908e+03 1.881366770248860121e-04
5.543900000000202454e+03 1.872028951765969396e-04
5.544800000000202999e+03 1.878849870990961790e-04
5.545700000000202635e+03 1.880972849903628230e-04
5.546600000000202272e+03 1.887541584437713027e-04
5.547500000000202817e+03 1.910815481096506119e-04
5.548400000000203363e+03 1.932637387653812766e-04
5.549300000000202999e+03 1.939100329764187336e-04
5.550200000000202635e+03 1.939395297085866332e-04
5.551100000000203181e+03 1.935641921591013670e-04
5.552000000000203727e+03 1.922818191815167665e-04
5.552900000000203363e+03 1.898491900647059083e-04
5.553800000000202999e+03 1.875168090919032693e-04
5.554700000000203545e+03 1.874697773018851876e-04
5.555600000000204091e+03 1.893284643301740289e-04
5.556500000000203727e+03 1.903733354993164539e-04
5.557400000000203363e+03 1.899289491120725870e-04
5.558300000000203909e+03 1.898263144539669156e-04
5.559200000000204454e+03 1.901785290101543069e-04
5.560100000000204091e+03 1.899212365970015526e-04
5.561000000000203727e+03 1.891311112558469176e-04
5.561900000000204273e+03 1.874900772236287594e-04
5.562800000000204818e+03 1.857049064710736275e-04
5.563700000000204454e+03 1.856199378380551934e-04
5.564600000000204091e+03 1.857486640801653266e-04
5.565500000000204636e+03 1.846668601501733065e-04
5.566400000000205182e+03 1.844138605520129204e-04
5.567300000000204818e+03 1.852798886829987168e-04
5.568200000000204454e+03 1.851003762567415833e-04
5.569100000000205000e+03 1.837058371165767312e-04
5.570000000000205546e+03 1.846713130362331867e-04
5.570900000000205182e+03 1.867819810286164284e-04
5.571800000000204818e+03 1.847227831603959203e-04
5.572700000000205364e+03 1.816690491978079081e-04
5.573600000000205910e+03 1.838582247728481889e-04
5.574500000000205546e+03 1.875639136414974928e-04
5.575400000000205182e+03 1.874770823633298278e-04
5.576300000000205728e+03 1.865658705355599523e-04
5.577200000000206273e+03 1.876482419902458787e-04
5.578100000000205910e+03 1.884523662738502026e-04
5.579000000000205546e+03 1.889074046630412340e-04
5.579900000000206091e+03 1.898206246551126242e-04
5.580800000000206637e+03 1.889205304905772209e-04
5.581700000000206273e+03 1.869672996690496802e-04
5.582600000000205910e+03 1.870335108833387494e-04
5.583500000000206455e+03 1.882977230707183480e-04
5.584400000000207001e+03 1.876391906989738345e-04
5.585300000000206637e+03 1.838757452787831426e-04
5.586200000000206273e+03 1.778912555892020464e-04
5.587100000000206819e+03 1.729648356558755040e-04
5.588000000000207365e+03 1.713663659757003188e-04
5.588900000000207001e+03 1.728114439174532890e-04
5.589800000000206637e+03 1.767133071552962065e-04
5.590700000000207183e+03 1.811625552363693714e-04
5.591600000000207729e+03 1.833331771194934845e-04
5.592500000000207365e+03 1.827145752031356096e-04
5.593400000000207001e+03 1.802838960429653525e-04
5.594300000000207547e+03 1.791886170394718647e-04
5.595200000000208092e+03 1.831163099268451333e-04
5.596100000000207729e+03 1.877635513665154576e-04
5.597000000000207365e+03 1.865271187853068113e-04
5.597900000000207910e+03 1.815151772461831570e-04
5.598800000000208456e+03 1.794267736840993166e-04
5.599700000000208092e+03 1.803200138965621591e-04
5.600600000000207729e+03 1.795852149371057749e-04
5.601500000000208274e+03 1.769472728483378887e-04
5.602400000000208820e+03 1.755765406414866447e-04
5.603300000000208456e+03 1.787768560461699963e-04
5.604200000000208092e+03 1.854677248047664762e-04
5.605100000000208638e+03 1.903819211293011904e-04
5.606000000000209184e+03 1.920122158480808139e-04
5.606900000000208820e+03 1.919761707540601492e-04
5.607800000000208456e+03 1.915125758387148380e-04
5.608700000000209002e+03 1.911758445203304291e-04
5.609600000000209548e+03 1.908970734803006053e-04
5.610500000000209184e+03 1.911381696118041873e-04
5.611400000000208820e+03 1.920499635161831975e-04
5.612300000000209366e+03 1.925433898577466607e-04
5.613200000000209911e+03 1.901027862913906574e-04
5.614100000000209548e+03 1.825039362302049994e-04
5.615000000000209184e+03 1.740392763167619705e-04
5.615900000000209729e+03 1.733259268803521991e-04
5.616800000000210275e+03 1.797520380932837725e-04
5.617700000000209911e+03 1.847282110247761011e-04
5.618600000000209548e+03 1.852078858064487576e-04
5.619500000000210093e+03 1.844733633333817124e-04
5.620400000000210639e+03 1.853785943239927292e-04
5.621300000000210275e+03 1.874801237136125565e-04
5.622200000000209911e+03 1.879136980278417468e-04
5.623100000000210457e+03 1.842389319790527225e-04
5.624000000000211003e+03 1.786724315024912357e-04
5.624900000000210639e+03 1.770503440639004111e-04
5.625800000000210275e+03 1.804895437089726329e-04
5.626700000000210821e+03 1.841953780967742205e-04
5.627600000000211367e+03 1.857157767517492175e-04
5.628500000000211003e+03 1.870865671662613750e-04
5.629400000000210639e+03 1.889847626443952322e-04
5.630300000000211185e+03 1.900788774946704507e-04
5.631200000000211730e+03 1.899988128570839763e-04
5.632100000000211367e+03 1.891002902993932366e-04
5.633000000000211003e+03 1.874976005638018250e-04
5.633900000000211548e+03 1.859784970292821527e-04
5.634800000000212094e+03 1.850939734140411019e-04
5.635700000000211730e+03 1.838483149185776711e-04
5.636600000000211367e+03 1.818580494727939367e-04
5.637500000000211912e+03 1.808736269595101476e-04
5.638400000000212458e+03 1.822729245759546757e-04
5.639300000000212094e+03 1.838507450884208083e-04
5.640200000000211730e+03 1.827181986300274730e-04
5.641100000000212276e+03 1.807209919206798077e-04
5.642000000000212822e+03 1.812427944969385862e-04
5.642900000000212458e+03 1.830512046581134200e-04
5.643800000000212094e+03 1.838523166952654719e-04
5.644700000000212640e+03 1.844114449340850115e-04
5.645600000000213186e+03 1.852264394983649254e-04
5.646500000000212822e+03 1.862665667431429029e-04
5.647400000000212458e+03 1.869903790066018701e-04
5.648300000000213004e+03 1.863279758254066110e-04
5.649200000000213549e+03 1.847870589699596167e-04
5.650100000000213186e+03 1.841164921643212438e-04
5.651000000000212822e+03 1.851656998042017221e-04
5.651900000000213367e+03 1.867582905106246471e-04
5.652800000000213913e+03 1.866785023594275117e-04
5.653700000000213549e+03 1.840355107560753822e-04
5.654600000000213186e+03 1.811162655940279365e-04
5.655500000000213731e+03 1.811744878068566322e-04
5.656400000000214277e+03 1.813610142562538385e-04
5.657300000000213913e+03 1.762456813594326377e-04
5.658200000000213549e+03 1.702468289295211434e-04
5.659100000000214095e+03 1.719357969705015421e-04
5.660000000000214641e+03 1.784425112418830395e-04
5.660900000000214277e+03 1.808967208489775658e-04
5.661800000000213913e+03 1.784102933015674353e-04
5.662700000000214459e+03 1.771452807588502765e-04
5.663600000000215005e+03 1.801046164473518729e-04
5.664500000000214641e+03 1.840425829868763685e-04
5.665400000000214277e+03 1.852081186370924115e-04
5.666300000000214823e+03 1.834720897022634745e-04
5.667200000000215368e+03 1.813240523915737867e-04
5.668100000000215005e+03 1.807839871617034078e-04
5.669000000000214641e+03 1.815161958802491426e-04
5.669900000000215186e+03 1.825704239308834076e-04
5.670800000000215732e+03 1.839627511799335480e-04
5.671700000000215368e+03 1.859942130977287889e-04
5.672600000000215005e+03 1.882050419226288795e-04
5.673500000000215550e+03 1.888755941763520241e-04
5.674400000000216096e+03 1.874366425909101963e-04
5.675300000000215732e+03 1.860729244071990252e-04
5.676200000000215368e+03 1.868727704277262092e-04
5.677100000000215914e+03 1.878247276181355119e-04
5.678000000000216460e+03 1.869154948508366942e-04
5.678900000000216096e+03 1.856159942690283060e-04
5.679800000000215732e+03 1.853921858128160238e-04
5.680700000000216278e+03 1.847147505031898618e-04
5.681600000000216824e+03 1.817318116081878543e-04
5.682500000000216460e+03 1.787996443454176188e-04
5.683400000000216096e+03 1.787422661436721683e-04
5.684300000000216642e+03 1.804478961275890470e-04
5.685200000000217187e+03 1.815055875340476632e-04
5.686100000000216824e+03 1.803765189833939075e-04
5.687000000000216460e+03 1.782715989975258708e-04
5.687900000000217005e+03 1.775590499164536595e-04
5.688800000000217551e+03 1.793074188753962517e-04
5.689700000000217187e+03 1.821134937927126884e-04
5.690600000000216824e+03 1.839036121964454651e-04
5.691500000000217369e+03 1.851576525950804353e-04
5.692400000000217915e+03 1.861390337580814958e-04
5.693300000000217551e+03 1.858855684986338019e-04
5.694200000000217187e+03 1.851538690971210599e-04
5.695100000000217733e+03 1.852382847573608160e-04
5.696000000000218279e+03 1.858290488598868251e-04
5.696900000000217915e+03 1.852007262641564012e-04
5.697800000000217551e+03 1.830405817599967122e-04
5.698700000000218097e+03 1.817874726839363575e-04
5.699600000000218643e+03 1.814721472328528762e-04
5.700500000000218279e+03 1.798644370865076780e-04
5.701400000000217915e+03 1.781678583938628435e-04
5.702300000000218461e+03 1.788534136721864343e-04
5.703200000000219006e+03 1.812667760532349348e-04
5.704100000000218643e+03 1.824886858230456710e-04
5.705000000000218279e+03 1.807692169677466154e-04
5.705900000000218824e+03 1.777839788701385260e-04
5.706800000000219370e+03 1.758988073561340570e-04
5.707700000000219006e+03 1.741644664434716105e-04
5.708600000000218643e+03 1.719057036098092794e-04
5.709500000000219188e+03 1.715675898594781756e-04
5.710400000000219734e+03 1.728455681586638093e-04
5.711300000000219370e+03 1.734584075165912509e-04
5.712200000000219006e+03 1.756461279001086950e-04
5.713100000000219552e+03 1.800682948669418693e-04
5.714000000000220098e+03 1.827478554332628846e-04
5.714900000000219734e+03 1.832443085731938481e-04
5.715800000000219370e+03 1.839196047512814403e-04
5.716700000000219916e+03 1.841585471993312240e-04
5.717600000000220462e+03 1.834442518884316087e-04
5.718500000000220098e+03 1.838278840295970440e-04
5.719400000000219734e+03 1.850842527346685529e-04
5.720300000000220280e+03 1.857997558545321226e-04
5.721200000000220825e+03 1.864320220192894340e-04
5.722100000000220462e+03 1.871954591479152441e-04
5.723000000000220098e+03 1.874098525149747729e-04
5.723900000000220643e+03 1.871953427325934172e-04
5.724800000000221189e+03 1.866393140517175198e-04
5.725700000000220825e+03 1.850879343692213297e-04
5.726600000000220462e+03 1.829316897783428431e-04
5.727500000000221007e+03 1.826125953812152147e-04
5.728400000000221553e+03 1.845405204221606255e-04
5.729300000000221189e+03 1.858809700934216380e-04
5.730200000000220825e+03 1.847227831603959203e-04
5.731100000000221371e+03 1.823363563744351268e-04
5.732000000000221917e+03 1.819781173253431916e-04
5.732900000000221553e+03 1.840148033807054162e-04
5.733800000000221189e+03 1.858785690274089575e-04
5.734700000000221735e+03 1.865420053945854306e-04
5.735600000000222281e+03 1.862030039774253964e-04
5.736500000000221917e+03 1.852335117291659117e-04
5.737400000000221553e+03 1.844876678660511971e-04
5.738300000000222099e+03 1.843649515649303794e-04
5.739200000000222644e+03 1.845860679168254137e-04
5.740100000000222281e+03 1.846743689384311438e-04
5.741000000000221917e+03 1.842766941990703344e-04
5.741900000000222462e+03 1.835182483773678541e-04
5.742800000000223008e+03 1.831740955822169781e-04
5.743700000000222644e+03 1.840039331000298262e-04
5.744600000000222281e+03 1.855551090557128191e-04
5.745500000000222826e+03 1.863571378635242581e-04
5.746400000000223372e+03 1.848508545663207769e-04
5.747300000000223008e+03 1.815510477172210813e-04
5.748200000000222644e+03 1.801708713173866272e-04
5.749100000000223190e+03 1.823034544941037893e-04
5.750000000000223736e+03 1.849530526669695973e-04
5.750900000000223372e+03 1.846976811066269875e-04
5.751800000000223008e+03 1.812447153497487307e-04
5.752700000000223554e+03 1.769559457898139954e-04
5.753600000000224099e+03 1.746963971527293324e-04
5.754500000000223736e+03 1.763632171787321568e-04
5.755400000000223372e+03 1.806416112231090665e-04
5.756300000000223918e+03 1.840795885073021054e-04
5.757200000000224463e+03 1.856122980825603008e-04
5.758100000000224099e+03 1.854540896601974964e-04
5.759000000000223736e+03 1.838182943174615502e-04
5.759900000000224281e+03 1.816156145650893450e-04
5.760800000000224827e+03 1.793613046174868941e-04
5.761700000000224463e+03 1.768351939972490072e-04
5.762600000000224099e+03 1.754806871758773923e-04
5.763500000000224645e+03 1.779509766492992640e-04
5.764400000000225191e+03 1.825330255087465048e-04
5.765300000000224827e+03 1.852238347055390477e-04
5.766200000000224463e+03 1.858000614447519183e-04
5.767100000000225009e+03 1.857548195403069258e-04
5.768000000000225555e+03 1.853503054007887840e-04
5.768900000000225191e+03 1.846873201429843903e-04
5.769800000000224827e+03 1.841348130255937576e-04
5.770700000000225373e+03 1.834015420172363520e-04
5.771600000000225918e+03 1.824304199544712901e-04
5.772500000000225555e+03 1.821202313294634223e-04
5.773400000000225191e+03 1.821784680942073464e-04
5.774300000000225737e+03 1.816570584196597338e-04
5.775200000000226282e+03 1.817887678043916821e-04
5.776100000000225918e+03 1.830994151532649994e-04
5.777000000000225555e+03 1.840748154791072011e-04
5.777900000000226100e+03 1.837847376009449363e-04
5.778800000000226646e+03 1.820108445826917887e-04
5.779700000000226282e+03 1.783970219548791647e-04
5.780600000000225918e+03 1.740231527946889400e-04
5.781500000000226464e+03 1.720942236715927720e-04
5.782400000000227010e+03 1.733038225211203098e-04
5.783300000000226646e+03 1.746868510963395238e-04
5.784200000000226282e+03 1.739343861117959023e-04
5.785100000000226828e+03 1.729642681311815977e-04
5.786000000000227374e+03 1.749837247189134359e-04
5.786900000000227010e+03 1.785778440535068512e-04
5.787800000000226646e+03 1.807150110835209489e-04
5.788700000000227192e+03 1.815433206502348185e-04
5.789600000000227737e+03 1.807721855584532022e-04
5.790500000000227374e+03 1.787248038453981280e-04
5.791400000000227010e+03 1.781868049874901772e-04
5.792300000000227556e+03 1.794660056475549936e-04
5.793200000000228101e+03 1.807562075555324554e-04
5.794100000000227737e+03 1.822280028136447072e-04
5.795000000000227374e+03 1.834947033785283566e-04
5.795900000000227919e+03 1.829433167586103082e-04
5.796800000000228465e+03 1.803522900445386767e-04
5.797700000000228101e+03 1.784183987183496356e-04
5.798600000000227737e+03 1.798806624719873071e-04
5.799500000000228283e+03 1.832293928600847721e-04
5.800400000000228829e+03 1.852537534432485700e-04
5.801300000000228465e+03 1.857983297668397427e-04
5.802200000000228101e+03 1.854578440543264151e-04
5.803100000000228647e+03 1.834422728279605508e-04
5.804000000000229193e+03 1.806779619073495269e-04
5.804900000000228829e+03 1.793076517060399055e-04
5.805800000000228465e+03 1.795542775653302670e-04
5.806700000000229011e+03 1.806577201932668686e-04
5.807600000000229556e+03 1.816605799831449986e-04
5.808500000000229193e+03 1.819233730202540755e-04
5.809400000000228829e+03 1.821916230255737901e-04
5.810300000000229375e+03 1.829449465731158853e-04
5.811200000000229920e+03 1.834964496083557606e-04
5.812100000000229556e+03 1.835049915825948119e-04
5.813000000000229193e+03 1.831764675443992019e-04
5.813900000000229738e+03 1.821725891204550862e-04
5.814800000000230284e+03 1.802172191673889756e-04
5.815700000000229920e+03 1.783509360393509269e-04
5.816600000000229556e+03 1.786952634574845433e-04
5.817500000000230102e+03 1.815627183532342315e-04
5.818400000000230648e+03 1.842169003793969750e-04
5.819300000000230284e+03 1.850537955760955811e-04
5.820200000000229920e+03 1.850872649811208248e-04
5.821100000000230466e+03 1.849261170718818903e-04
5.822000000000231012e+03 1.843826903495937586e-04
5.822900000000230648e+03 1.837690506363287568e-04
5.823800000000230284e+03 1.836657320382073522e-04
5.824700000000230830e+03 1.841483608586713672e-04
5.825600000000231375e+03 1.843024074332788587e-04
5.826500000000231012e+03 1.839838514570146799e-04
5.827400000000230648e+03 1.837375166360288858e-04
5.828300000000231194e+03 1.839898759499192238e-04
5.829200000000231739e+03 1.844970975071191788e-04
5.830100000000231375e+03 1.843054633354768157e-04
5.831000000000231012e+03 1.837617310229688883e-04
5.831900000000231557e+03 1.837141171563416719e-04
5.832800000000232103e+03 1.837732852436602116e-04
5.833700000000231739e+03 1.831575209507718682e-04
5.834600000000231375e+03 1.823661878006532788e-04
5.835500000000231921e+03 1.826552324928343296e-04
5.836400000000232467e+03 1.832689886214211583e-04
5.837300000000232103e+03 1.827646483434364200e-04
5.838200000000231739e+03 1.820994511945173144e-04
5.839100000000232285e+03 1.825940562412142754e-04
5.840000000000232831e+03 1.838210155256092548e-04
5.840900000000232467e+03 1.846865343395620584e-04
5.841800000000232103e+03 1.849651453085243702e-04
5.842700000000232649e+03 1.848872343543916941e-04
5.843600000000233194e+03 1.842734054662287235e-04
5.844500000000232831e+03 1.833722053561359644e-04
5.845400000000232467e+03 1.823309721658006310e-04
5.846300000000233013e+03 1.808591041481122375e-04
5.847200000000233558e+03 1.796646101865917444e-04
5.848100000000233194e+03 1.796769502107053995e-04
5.849000000000232831e+03 1.805971405701711774e-04
5.849900000000233376e+03 1.813726266846060753e-04
5.850800000000233922e+03 1.809808454709127545e-04
5.851700000000233558e+03 1.787676301319152117e-04
5.852600000000233194e+03 1.755521952873095870e-04
5.853500000000233740e+03 1.740769803291186690e-04
5.854400000000234286e+03 1.756691199261695147e-04
5.855300000000233922e+03 1.770380622474476695e-04
5.856200000000233558e+03 1.748396607581526041e-04
5.857100000000234104e+03 1.709123607724905014e-04
5.858000000000234650e+03 1.700893335510045290e-04
5.858900000000234286e+03 1.729211217025294900e-04
5.859800000000233922e+03 1.762097381288185716e-04
5.860700000000234468e+03 1.779975136741995811e-04
5.861600000000235013e+03 1.774636475602164865e-04
5.862500000000234650e+03 1.766351633705198765e-04
5.863400000000234286e+03 1.778455480234697461e-04
5.864300000000234832e+03 1.796532887965440750e-04
5.865200000000235377e+03 1.796957803890109062e-04
5.866100000000235013e+03 1.781565078999847174e-04
5.867000000000234650e+03 1.776123972376808524e-04
5.867900000000235195e+03 1.790452661225572228e-04
5.868800000000235741e+03 1.808039669413119555e-04
5.869700000000235377e+03 1.817271986510604620e-04
5.870600000000235013e+03 1.817415468394756317e-04
5.871500000000235559e+03 1.811286638258025050e-04
5.872400000000236105e+03 1.802697224775329232e-04
5.873300000000235741e+03 1.800136378733441234e-04
5.874200000000235377e+03 1.806432701414451003e-04
5.875100000000235923e+03 1.808436791179701686e-04
5.876000000000236469e+03 1.803318737074732780e-04
5.876900000000236105e+03 1.796779688447713852e-04
5.877800000000235741e+03 1.790133974282070994e-04
5.878700000000236287e+03 1.781540340743958950e-04
5.879600000000236832e+03 1.769298251019790769e-04
5.880500000000236469e+03 1.765222114045172930e-04
5.881400000000236105e+03 1.774220727384090424e-04
5.882300000000236651e+03 1.777551224222406745e-04
5.883200000000237196e+03 1.765501365298405290e-04
5.884100000000236832e+03 1.756735437083989382e-04
5.885000000000236469e+03 1.764515618560835719e-04
5.885900000000237014e+03 1.774999400367960334e-04
5.886800000000237560e+03 1.767780631780624390e-04
5.887700000000237196e+03 1.712603116175159812e-04
5.888600000000236832e+03 1.579617237439379096e-04
5.889500000000237378e+03 1.433572615496814251e-04
5.890400000000237924e+03 1.418922620359808207e-04
5.891300000000237560e+03 1.538409851491451263e-04
5.892200000000237196e+03 1.651008788030594587e-04
5.893100000000237742e+03 1.694592938292771578e-04
5.894000000000238288e+03 1.670514029683545232e-04
5.894900000000237924e+03 1.569855521665886045e-04
5.895800000000237560e+03 1.480018108850345016e-04
5.896700000000238106e+03 1.521145750302821398e-04
5.897600000000238651e+03 1.637809909880161285e-04
5.898500000000238288e+03 1.707564370008185506e-04
5.899400000000237924e+03 1.727879862301051617e-04
5.900300000000238470e+03 1.744090550346300006e-04
5.901200000000239015e+03 1.759241858962923288e-04
5.902100000000238651e+03 1.764294720487669110e-04
5.903000000000238288e+03 1.767234061844646931e-04
5.903900000000238833e+03 1.768911897670477629e-04
5.904800000000239379e+03 1.760786544764414430e-04
5.905700000000239015e+03 1.751254021655768156e-04
5.906600000000238651e+03 1.755171833792701364e-04
5.907500000000239197e+03 1.768128422554582357e-04
5.908400000000239743e+03 1.774199772626161575e-04
5.909300000000239379e+03 1.769195077940821648e-04
5.910200000000239015e+03 1.769329246599227190e-04
5.911100000000239561e+03 1.778489386197179556e-04
5.912000000000240107e+03 1.777860161382704973e-04
5.912900000000239743e+03 1.752324169501662254e-04
5.913800000000239379e+03 1.717819395707920194e-04
5.914700000000239925e+03 1.706239563645794988e-04
5.915600000000240470e+03 1.716845436021685600e-04
5.916500000000240107e+03 1.734085089992731810e-04
5.917400000000239743e+03 1.750709780026227236e-04
5.918300000000240289e+03 1.758892176439985633e-04
5.919200000000240834e+03 1.765042397892102599e-04
5.920100000000240470e+03 1.770532689988613129e-04
5.921000000000240107e+03 1.766532805049791932e-04
5.921900000000240652e+03 1.757155841914936900e-04
5.922800000000241198e+03 1.756134297465905547e-04
5.923700000000240834e+03 1.764407643349841237e-04
5.924600000000240470e+03 1.773615804268047214e-04
5.925500000000241016e+03 1.780295133357867599e-04
5.926400000000241562e+03 1.778795267455279827e-04
5.927300000000241198e+03 1.766762579791247845e-04
5.928200000000240834e+03 1.749397342791780829e-04
5.929100000000241380e+03 1.727277558529749513e-04
5.930000000000241926e+03 1.715972612146288157e-04
5.930900000000241562e+03 1.735299156280234456e-04
5.931800000000241198e+03 1.764547778293490410e-04
5.932700000000241744e+03 1.771299575921148062e-04
5.933600000000242289e+03 1.751849631546065211e-04
5.934500000000241926e+03 1.733710087137296796e-04
5.935400000000241562e+03 1.742026943247765303e-04
5.936300000000242107e+03 1.763042528182268143e-04
5.937200000000242653e+03 1.774558477336540818e-04
5.938100000000242289e+03 1.778788137016817927e-04
5.939000000000241926e+03 1.778427395038306713e-04
5.939900000000242471e+03 1.763296313583850861e-04
5.940800000000243017e+03 1.739906292641535401e-04
5.941700000000242653e+03 1.731146476231515408e-04
5.942600000000242289e+03 1.739605504553765059e-04
5.943500000000242835e+03 1.752950774971395731e-04
5.944400000000243381e+03 1.764889020705595613e-04
5.945300000000243017e+03 1.773275143932551146e-04
5.946200000000242653e+03 1.773017575033009052e-04
5.947100000000243199e+03 1.755357807269319892e-04
5.948000000000243745e+03 1.724999019643291831e-04
5.948900000000243381e+03 1.710382493911311030e-04
5.949800000000243017e+03 1.728709175949916244e-04
5.950700000000243563e+03 1.752572425175458193e-04
5.951600000000244108e+03 1.747752248775213957e-04
5.952500000000243745e+03 1.726419286569580436e-04
5.953400000000243381e+03 1.727365015540271997e-04
5.954300000000243926e+03 1.748326321830973029e-04
5.955200000000244472e+03 1.753600809024646878e-04
5.956100000000244108e+03 1.737306884024292231e-04
5.957000000000243745e+03 1.724085886962711811e-04
5.957900000000244290e+03 1.728409843053668737e-04
5.958800000000244836e+03 1.744287874316796660e-04
5.959700000000244472e+03 1.761808234732598066e-04
5.960600000000244108e+03 1.773399126250296831e-04
5.961500000000244654e+03 1.778168661985546350e-04
5.962400000000245200e+03 1.778057776391506195e-04
5.963300000000244836e+03 1.775479904608801007e-04
5.964200000000244472e+03 1.768711808836087584e-04
5.965100000000245018e+03 1.755397097440436482e-04
5.966000000000245564e+03 1.748206996126100421e-04
5.966900000000245200e+03 1.755632110871374607e-04
5.967800000000244836e+03 1.765317429089918733e-04
5.968700000000245382e+03 1.770871313055977225e-04
5.969600000000245927e+03 1.775731798261404037e-04
5.970500000000245564e+03 1.780830934876576066e-04
5.971400000000245200e+03 1.783725019777193666e-04
5.972300000000245745e+03 1.782998442649841309e-04
5.973200000000246291e+03 1.779700687620788813e-04
5.974100000000245927e+03 1.768258662195876241e-04
5.975000000000245564e+03 1.746011548675596714e-04
5.975900000000246109e+03 1.723582245176658034e-04
5.976800000000246655e+03 1.713688834570348263e-04
5.977700000000246291e+03 1.718544372124597430e-04
5.978600000000245927e+03 1.731947413645684719e-04
5.979500000000246473e+03 1.750065421219915152e-04
5.980400000000247019e+03 1.765177585184574127e-04
5.981300000000246655e+03 1.767422072589397430e-04
5.982200000000246291e+03 1.752844982547685504e-04
5.983100000000246837e+03 1.719828142086043954e-04
5.984000000000247383e+03 1.689716882538050413e-04
5.984900000000247019e+03 1.692059886408969760e-04
5.985800000000246655e+03 1.715537655400112271e-04
5.986700000000247201e+03 1.728566858218982816e-04
5.987600000000247746e+03 1.732745877234265208e-04
5.988500000000247383e+03 1.742741005728021264e-04
5.989400000000247019e+03 1.751041272655129433e-04
5.990300000000247564e+03 1.742876484058797359e-04
5.991200000000248110e+03 1.728398347040638328e-04
5.992100000000247746e+03 1.731617376208305359e-04
5.993000000000247383e+03 1.752167008817195892e-04
5.993900000000247928e+03 1.767939102137461305e-04
5.994800000000248474e+03 1.767797075444832444e-04
5.995700000000248110e+03 1.754455443006008863e-04
5.996600000000247746e+03 1.732666860334575176e-04
5.997500000000248292e+03 1.715713297016918659e-04
5.998400000000248838e+03 1.716949918773025274e-04
5.999300000000248474e+03 1.730740623315796256e-04
6.000200000000248110e+03 1.742736058076843619e-04
6.001100000000248656e+03 1.741598098305985332e-04
6.002000000000249202e+03 1.725068868836387992e-04
6.002900000000248838e+03 1.713200908852741122e-04
6.003800000000248474e+03 1.722503657219931483e-04
6.004700000000249020e+03 1.734663383103907108e-04
6.005600000000249565e+03 1.729961077217012644e-04
6.006500000000249202e+03 1.709877833491191268e-04
6.007400000000248838e+03 1.681473222561180592e-04
6.008300000000249383e+03 1.671260251896455884e-04
6.009200000000249929e+03 1.699180575087666512e-04
6.010100000000249565e+03 1.735940604703500867e-04
6.011000000000249202e+03 1.745720073813572526e-04
6.011900000000249747e+03 1.727265916997566819e-04
6.012800000000250293e+03 1.703338202787563205e-04
6.013700000000249929e+03 1.700393040664494038e-04
6.014600000000249565e+03 1.714625686872750521e-04
6.015500000000250111e+03 1.716557890176773071e-04
6.016400000000250657e+03 1.705747999949380755e-04
6.017300000000250293e+03 1.708888012217357755e-04
6.018200000000249929e+03 1.718588464427739382e-04
6.019100000000250475e+03 1.706504845060408115e-04
6.020000000000251021e+03 1.683168375166133046e-04
6.020900000000250657e+03 1.677285035839304328e-04
6.021800000000250293e+03 1.688387710601091385e-04
6.022700000000250839e+03 1.697006082395091653e-04
6.023600000000251384e+03 1.694705424597486854e-04
6.024500000000251021e+03 1.701451838016510010e-04
6.025400000000250657e+03 1.720083673717454076e-04
6.026300000000251202e+03 1.725343172438442707e-04
6.027200000000251748e+03 1.722368469927459955e-04
6.028100000000251384e+03 1.731367665342986584e-04
6.029000000000251021e+03 1.743804605212062597e-04
6.029900000000251566e+03 1.746448979247361422e-04
6.030800000000252112e+03 1.744986948324367404e-04
6.031700000000251748e+03 1.748488575685769320e-04
6.032600000000251384e+03 1.753621036186814308e-04
6.033500000000251930e+03 1.754056283971294761e-04
6.034400000000252476e+03 1.751578529365360737e-04
6.035300000000252112e+03 1.750624651322141290e-04
6.036200000000251748e+03 1.752249954733997583e-04
6.037100000000252294e+03 1.754566474119201303e-04
6.038000000000252840e+03 1.754155673552304506e-04
6.038900000000252476e+03 1.748112117638811469e-04
6.039800000000252112e+03 1.740626903483644128e-04
6.040700000000252658e+03 1.734333636704832315e-04
6.041600000000253203e+03 1.727602939354255795e-04
6.042500000000252840e+03 1.730316143948584795e-04
6.043400000000252476e+03 1.744012261042371392e-04
6.044300000000253021e+03 1.752117677824571729e-04
6.045200000000253567e+03 1.750559749780222774e-04
6.046100000000253203e+03 1.749134098645299673e-04
6.047000000000252840e+03 1.752572716213762760e-04
6.047900000000253385e+03 1.753941178321838379e-04
6.048800000000253931e+03 1.752029202179983258e-04
6.049700000000253567e+03 1.754411932779476047e-04
6.050600000000253203e+03 1.757430873112753034e-04
6.051500000000253749e+03 1.752059761201962829e-04
6.052400000000254295e+03 1.738081045914441347e-04
6.053300000000253931e+03 1.725322799757122993e-04
6.054200000000253567e+03 1.721442968118935823e-04
6.055100000000254113e+03 1.716901315376162529e-04
6.056000000000254659e+03 1.709632197162136436e-04
6.056900000000254295e+03 1.713254750939086080e-04
6.057800000000253931e+03 1.726409536786377430e-04
6.058700000000254477e+03 1.739087747409939766e-04
6.059600000000255022e+03 1.745997724356129766e-04
6.060500000000254659e+03 1.746984926285222173e-04
6.061400000000254295e+03 1.741006271913647652e-04
6.062300000000254840e+03 1.729963260004296899e-04
6.063200000000255386e+03 1.718455168884247541e-04
6.064100000000255022e+03 1.697253464953973889e-04
6.065000000000254659e+03 1.671239006100222468e-04
6.065900000000255204e+03 1.676797110121697187e-04
6.066800000000255750e+03 1.715188263915479183e-04
6.067700000000255386e+03 1.745500630931928754e-04
6.068600000000255022e+03 1.752857060637325048e-04
6.069500000000255568e+03 1.751286472426727414e-04
6.070400000000256114e+03 1.750580850057303905e-04
6.071300000000255750e+03 1.751094241626560688e-04
6.072200000000255386e+03 1.753276301315054297e-04
6.073100000000255932e+03 1.755839330144226551e-04
6.074000000000256478e+03 1.755672419676557183e-04
6.074900000000256114e+03 1.751659146975725889e-04
6.075800000000255750e+03 1.744698965921998024e-04
6.076700000000256296e+03 1.731609663693234324e-04
6.077600000000256841e+03 1.706555485725402832e-04
6.078500000000256478e+03 1.685489987721666694e-04
6.079400000000256114e+03 1.691635698080062866e-04
6.080300000000256659e+03 1.707580377114936709e-04
6.081200000000257205e+03 1.705364556983113289e-04
6.082100000000256841e+03 1.693977828836068511e-04
6.083000000000256478e+03 1.693591475486755371e-04
6.083900000000257023e+03 1.697434636298567057e-04
6.084800000000257569e+03 1.692880759947001934e-04
6.085700000000257205e+03 1.690493081696331501e-04
6.086600000000256841e+03 1.699576241662725806e-04
6.087500000000257387e+03 1.711931836325675249e-04
6.088400000000257933e+03 1.712770608719438314e-04
6.089300000000257569e+03 1.698260311968624592e-04
6.090200000000257205e+03 1.684823364485055208e-04
6.091100000000257751e+03 1.684788876445963979e-04
6.092000000000258296e+03 1.688948832452297211e-04
6.092900000000257933e+03 1.691266952548176050e-04
6.093800000000257569e+03 1.701420260360464454e-04
6.094700000000258115e+03 1.719733263598755002e-04
6.095600000000258660e+03 1.725909387459978461e-04
6.096500000000258296e+03 1.716826664051041007e-04
6.097400000000257933e+03 1.712367666186764836e-04
6.098300000000258478e+03 1.719060674076899886e-04
6.099200000000259024e+03 1.728873030515387654e-04
6.100100000000258660e+03 1.727322523947805166e-04
6.101000000000258296e+03 1.692763180471956730e-04
6.101900000000258842e+03 1.625041331863030791e-04
6.102800000000259388e+03 1.586444996064528823e-04
6.103700000000259024e+03 1.625849399715662003e-04
6.104600000000258660e+03 1.690584613243117929e-04
6.105500000000259206e+03 1.720543659757822752e-04
6.106400000000259752e+03 1.717432169243693352e-04
6.107300000000259388e+03 1.703149609966203570e-04
6.108200000000259024e+03 1.700786961009725928e-04
6.109100000000259570e+03 1.715557591523975134e-04
6.110000000000260115e+03 1.722905581118538976e-04
6.110900000000259752e+03 1.712073280941694975e-04
6.111800000000259388e+03 1.704235764918848872e-04
6.112700000000259934e+03 1.711560471449047327e-04
6.113600000000260479e+03 1.723385212244465947e-04
6.114500000000260115e+03 1.726436748867854476e-04
6.115400000000259752e+03 1.712297671474516392e-04
6.116300000000260297e+03 1.697046827757731080e-04
6.117200000000260843e+03 1.703991583781316876e-04
6.118100000000260479e+03 1.715947000775486231e-04
6.119000000000260115e+03 1.710987271508201957e-04
6.119900000000260661e+03 1.692704536253586411e-04
6.120800000000261207e+03 1.660423877183347940e-04
6.121700000000260843e+03 1.621390256332233548e-04
6.122600000000260479e+03 1.619690010556951165e-04
6.123500000000261025e+03 1.664817536948248744e-04
6.124400000000261571e+03 1.701134460745379329e-04
6.125300000000261207e+03 1.704071473795920610e-04
6.126200000000260843e+03 1.695948012638837099e-04
6.127100000000261389e+03 1.687172625679522753e-04
6.128000000000261934e+03 1.678475528024137020e-04
6.128900000000261571e+03 1.679741835687309504e-04
6.129800000000261207e+03 1.691753277555108070e-04
6.130700000000261753e+03 1.701956498436629772e-04
6.131600000000262298e+03 1.704434835119172931e-04
6.132500000000261934e+03 1.708987401798367500e-04
6.133400000000261571e+03 1.711886870907619596e-04
6.134300000000262116e+03 1.696569233899936080e-04
6.135200000000262662e+03 1.651197380851954222e-04
6.136100000000262298e+03 1.577681687194854021e-04
6.137000000000261934e+03 1.527754357084631920e-04
6.137900000000262480e+03 1.561468525324016809e-04
6.138800000000263026e+03 1.645405864110216498e-04
6.139700000000262662e+03 1.692173827905207872e-04
6.140600000000262298e+03 1.667974283918738365e-04
6.141500000000262844e+03 1.623038697289302945e-04
6.142400000000263390e+03 1.628155441721901298e-04
6.143300000000263026e+03 1.675547682680189610e-04
6.144200000000262662e+03 1.708742638584226370e-04
6.145100000000263208e+03 1.712910307105630636e-04
6.146000000000263753e+03 1.705386093817651272e-04
6.146900000000263390e+03 1.689252530923113227e-04
6.147800000000263026e+03 1.666729367570951581e-04
6.148700000000263572e+03 1.653223152970895171e-04
6.149600000000264117e+03 1.654387597227469087e-04
6.150500000000263753e+03 1.666115131229162216e-04
6.151400000000263390e+03 1.680937275523319840e-04
6.152300000000263935e+03 1.692986115813255310e-04
6.153200000000264481e+03 1.692560617811977863e-04
6.154100000000264117e+03 1.674306113272905350e-04
6.155000000000263753e+03 1.659156259847804904e-04
6.155900000000264299e+03 1.661847782088443637e-04
6.156800000000264845e+03 1.666608295636251569e-04
6.157700000000264481e+03 1.665605232119560242e-04
6.158600000000264117e+03 1.667902542976662517e-04
6.159500000000264663e+03 1.658647379372268915e-04
6.160400000000265209e+03 1.610575272934511304e-04
6.161300000000264845e+03 1.541199599159881473e-04
6.162200000000264481e+03 1.507848210167139769e-04
6.163100000000265027e+03 1.533315517008304596e-04
6.164000000000265572e+03 1.585240097483620048e-04
6.164900000000265209e+03 1.623075950192287564e-04
6.165800000000264845e+03 1.637166424188762903e-04
6.166700000000265391e+03 1.647894823690876365e-04
6.167600000000265936e+03 1.647480967221781611e-04
6.168500000000265572e+03 1.607811864232644439e-04
6.169400000000265209e+03 1.561099634272977710e-04
6.170300000000265754e+03 1.569120067870244384e-04
6.171200000000266300e+03 1.621448027435690165e-04
6.172100000000265936e+03 1.654693769523873925e-04
6.173000000000265572e+03 1.652922801440581679e-04
6.173900000000266118e+03 1.649381301831454039e-04
6.174800000000266664e+03 1.652384962653741241e-04
6.175700000000266300e+03 1.647792232688516378e-04
6.176600000000265936e+03 1.641569251660257578e-04
6.177500000000266482e+03 1.650194462854415178e-04
6.178400000000267028e+03 1.664897135924547911e-04
6.179300000000266664e+03 1.663612056290730834e-04
6.180200000000266300e+03 1.657765824347734451e-04
6.181100000000266846e+03 1.666697062319144607e-04
6.182000000000267391e+03 1.679238339420408010e-04
6.182900000000267028e+03 1.681083085713908076e-04
6.183800000000266664e+03 1.678734697634354234e-04
6.184700000000267210e+03 1.674375525908544660e-04
6.185600000000267755e+03 1.660296984482556581e-04
6.186500000000267391e+03 1.643478753976523876e-04
6.187400000000267028e+03 1.635559456190094352e-04
6.188300000000267573e+03 1.638027606531977654e-04
6.189200000000268119e+03 1.640058471821248531e-04
6.190100000000267755e+03 1.613759814063087106e-04
6.191000000000267391e+03 1.567658764543011785e-04
6.191900000000267937e+03 1.563599071232602000e-04
6.192800000000268483e+03 1.611108309589326382e-04
6.193700000000268119e+03 1.651284401305019855e-04
6.194600000000267755e+03 1.661962305661290884e-04
6.195500000000268301e+03 1.665127783780917525e-04
6.196400000000268847e+03 1.673266961006447673e-04
6.197300000000268483e+03 1.676768879406154156e-04
6.198200000000268119e+03 1.662679569562897086e-04
6.199100000000268665e+03 1.634993386687710881e-04
6.200000000000269210e+03 1.619897375348955393e-04
6.200900000000268847e+03 1.634117070352658629e-04
6.201800000000268483e+03 1.659426488913595676e-04
6.202700000000269029e+03 1.673390943324193358e-04
6.203600000000269574e+03 1.673505175858736038e-04
6.204500000000269210e+03 1.669802441028878093e-04
6.205400000000268847e+03 1.671159843681380153e-04
6.206300000000269392e+03 1.674476225161924958e-04
6.207200000000269938e+03 1.675472158240154386e-04
6.208100000000269574e+03 1.674961822573095560e-04
6.209000000000269210e+03 1.672799553489312530e-04
6.209900000000269756e+03 1.668057957431301475e-04
6.210800000000270302e+03 1.663085713516920805e-04
6.211700000000269938e+03 1.653862855164334178e-04
6.212600000000269574e+03 1.628624158911406994e-04
6.213500000000270120e+03 1.597284717718139291e-04
6.214400000000270666e+03 1.582163240527734160e-04
6.215300000000270302e+03 1.584937854204326868e-04
6.216200000000269938e+03 1.604603021405637264e-04
6.217100000000270484e+03 1.630180049687623978e-04
6.218000000000271029e+03 1.633036881685256958e-04
6.218900000000270666e+03 1.608746970305219293e-04
6.219800000000270302e+03 1.589672174304723740e-04
6.220700000000270848e+03 1.596915972186252475e-04
6.221600000000271393e+03 1.618919486645609140e-04
6.222500000000271029e+03 1.635485241422429681e-04
6.223400000000270666e+03 1.635150692891329527e-04
6.224300000000271211e+03 1.628939207876101136e-04
6.225200000000271757e+03 1.631202903809025884e-04
6.226100000000271393e+03 1.635252119740471244e-04
6.227000000000271029e+03 1.636730157770216465e-04
6.227900000000271575e+03 1.635812077438458800e-04
6.228800000000272121e+03 1.615594956092536449e-04
6.229700000000271757e+03 1.572591863805428147e-04
6.230600000000271393e+03 1.542326062917709351e-04
6.231500000000271939e+03 1.553028123453259468e-04
6.232400000000272485e+03 1.581860415171831846e-04
6.233300000000272121e+03 1.611413172213360667e-04
6.234200000000271757e+03 1.643768628127872944e-04
6.235100000000272303e+03 1.660441776039078832e-04
6.236000000000272848e+03 1.651361963013187051e-04
6.236900000000272485e+03 1.627032615942880511e-04
6.237800000000272121e+03 1.603732089279219508e-04
6.238700000000272667e+03 1.590749016031622887e-04
6.239600000000273212e+03 1.585629070177674294e-04
6.240500000000272848e+03 1.593187771504744887e-04
6.241400000000272485e+03 1.607148151379078627e-04
6.242300000000273030e+03 1.600946270627900958e-04
6.243200000000273576e+03 1.581344695296138525e-04
6.244100000000273212e+03 1.573961053509265184e-04
6.245000000000272848e+03 1.569757732795551419e-04
6.245900000000273394e+03 1.559949450893327594e-04
6.246800000000273940e+03 1.564912818139418960e-04
6.247700000000273576e+03 1.592066982993856072e-04
6.248600000000273212e+03 1.620843540877103806e-04
6.249500000000273758e+03 1.635947555769234896e-04
6.250400000000274304e+03 1.632983185118064284e-04
6.251300000000273940e+03 1.604086282895877957e-04
6.252200000000273576e+03 1.564933627378195524e-04
6.253100000000274122e+03 1.545466948300600052e-04
6.254000000000274667e+03 1.549669686937704682e-04
6.254900000000274304e+03 1.562133693369105458e-04
6.255800000000273940e+03 1.565686980029568076e-04
6.256700000000274486e+03 1.558146177558228374e-04
6.257600000000275031e+03 1.548071013530716300e-04
6.258500000000274667e+03 1.549363660160452127e-04
6.259400000000274304e+03 1.573587214807048440e-04
6.260300000000274849e+03 1.597893860889598727e-04
6.261200000000275395e+03 1.609492901479825377e-04
6.262100000000275031e+03 1.626173470867797732e-04
6.263000000000274667e+03 1.642818242544308305e-04
6.263900000000275213e+03 1.635235676076263189e-04
6.264800000000275759e+03 1.609945611562579870e-04
6.265700000000275395e+03 1.605367870070040226e-04
6.266600000000275031e+03 1.625179429538547993e-04
6.267500000000275577e+03 1.637600944377481937e-04
6.268400000000276123e+03 1.631223567528650165e-04
6.269300000000275759e+03 1.618367532500997186e-04
6.270200000000275395e+03 1.610270555829629302e-04
6.271100000000275941e+03 1.613587082829326391e-04
6.272000000000276486e+03 1.626891462365165353e-04
6.272900000000276123e+03 1.638228859519585967e-04
6.273800000000275759e+03 1.638665125938132405e-04
6.274700000000276304e+03 1.637023669900372624e-04
6.275600000000276850e+03 1.638737012399360538e-04
6.276500000000276486e+03 1.636863744352012873e-04
6.277400000000276123e+03 1.629927719477564096e-04
6.278300000000276668e+03 1.620131661184132099e-04
6.279200000000277214e+03 1.602709380676969886e-04
6.280100000000276850e+03 1.585258141858503222e-04
6.281000000000276486e+03 1.588719169376417994e-04
6.281900000000277032e+03 1.606828591320663691e-04
6.282800000000277578e+03 1.622370473342016339e-04
6.283700000000277214e+03 1.632826752029359341e-04
6.284600000000276850e+03 1.633366773603484035e-04
6.285500000000277396e+03 1.630650367587804794e-04
6.286400000000277942e+03 1.636573433643206954e-04
6.287300000000277578e+03 1.647107128519564867e-04
6.288200000000277214e+03 1.653377403272315860e-04
6.289100000000277760e+03 1.649791374802589417e-04
6.290000000000278305e+03 1.634875370655208826e-04
6.290900000000277942e+03 1.620041584828868508e-04
6.291800000000277578e+03 1.615321816643700004e-04
6.292700000000278123e+03 1.617082743905484676e-04
6.293600000000278669e+03 1.623991847736760974e-04
6.294500000000278305e+03 1.629995385883376002e-04
6.295400000000277942e+03 1.621488481760025024e-04
6.296300000000278487e+03 1.600828400114551187e-04
6.297200000000279033e+03 1.585912104928866029e-04
6.298100000000278669e+03 1.587807055329903960e-04
6.299000000000278305e+03 1.599823299329727888e-04
6.299900000000278851e+03 1.598619710421189666e-04
6.300800000000279397e+03 1.575166825205087662e-04
6.301700000000279033e+03 1.553952315589413047e-04
6.302600000000278669e+03 1.565096317790448666e-04
6.303500000000279215e+03 1.598192466190084815e-04
6.304400000000279761e+03 1.619207760086283088e-04
6.305300000000279397e+03 1.621362171135842800e-04
6.306200000000279033e+03 1.626010780455544591e-04
6.307100000000279579e+03 1.638520625419914722e-04
6.308000000000280124e+03 1.644748990656808019e-04
6.308900000000279761e+03 1.637718669371679425e-04
6.309800000000279397e+03 1.620583061594516039e-04
6.310700000000279942e+03 1.606050209375098348e-04
6.311600000000280488e+03 1.604953577043488622e-04
6.312500000000280124e+03 1.613994536455720663e-04
6.313400000000279761e+03 1.611031620996072888e-04
6.314300000000280306e+03 1.584304554853588343e-04
6.315200000000280852e+03 1.564664416946470737e-04
6.316100000000280488e+03 1.571746688568964601e-04
6.317000000000280124e+03 1.570279709994792938e-04
6.317900000000280670e+03 1.547417923575267196e-04
6.318800000000281216e+03 1.545037666801363230e-04
6.319700000000280852e+03 1.574052002979442477e-04
6.320600000000280488e+03 1.599935349076986313e-04
6.321500000000281034e+03 1.601951662451028824e-04
6.322400000000281580e+03 1.595608482602983713e-04
6.323300000000281216e+03 1.605344587005674839e-04
6.324200000000280852e+03 1.625497825443744659e-04
6.325100000000281398e+03 1.635491789784282446e-04
6.326000000000281943e+03 1.632308994885534048e-04
6.326900000000281580e+03 1.623187854420393705e-04
6.327800000000281216e+03 1.620950060896575451e-04
6.328700000000281761e+03 1.624380820430815220e-04
6.329600000000282307e+03 1.617634989088401198e-04
6.330500000000281943e+03 1.609071478014811873e-04
6.331400000000281580e+03 1.615864603081718087e-04
6.332300000000282125e+03 1.630227488931268454e-04
6.333200000000282671e+03 1.634125510463491082e-04
6.334100000000282307e+03 1.610834442544728518e-04
6.335000000000281943e+03 1.567387662362307310e-04
6.335900000000282489e+03 1.541248784633353353e-04
6.336800000000283035e+03 1.551637978991493583e-04
6.337700000000282671e+03 1.575443893671035767e-04
6.338600000000282307e+03 1.587041188031435013e-04
6.339500000000282853e+03 1.598473900230601430e-04
6.340400000000283399e+03 1.617011585040017962e-04
6.341300000000283035e+03 1.622466370463371277e-04
6.342200000000282671e+03 1.607761514605954289e-04
6.343100000000283217e+03 1.582831901032477617e-04
6.344000000000283762e+03 1.567737053846940398e-04
6.344900000000283399e+03 1.572821929585188627e-04
6.345800000000283035e+03 1.577406219439581037e-04
6.346700000000283580e+03 1.572305918671190739e-04
6.347600000000284126e+03 1.579592935740947723e-04
6.348500000000283762e+03 1.601563708391040564e-04
6.349400000000283399e+03 1.616381487110629678e-04
6.350300000000283944e+03 1.620033435756340623e-04
6.351200000000284490e+03 1.621849223738536239e-04
6.352100000000284126e+03 1.620984548935666680e-04
6.353000000000283762e+03 1.611720363143831491e-04
6.353900000000284308e+03 1.591229083715006709e-04
6.354800000000284854e+03 1.574026246089488268e-04
6.355700000000284490e+03 1.579147792654111981e-04
6.356600000000284126e+03 1.590311730979010463e-04
6.357500000000284672e+03 1.579313684487715364e-04
6.358400000000285218e+03 1.556230126880109310e-04
6.359300000000284854e+03 1.549039297970011830e-04
6.360200000000284490e+03 1.553559413878247142e-04
6.361100000000285036e+03 1.548039581393823028e-04
6.362000000000285581e+03 1.536263880552724004e-04
6.362900000000285218e+03 1.536107592983171344e-04
6.363800000000284854e+03 1.549365115351974964e-04
6.364700000000285399e+03 1.565205602673813701e-04
6.365600000000285945e+03 1.577095099491998553e-04
6.366500000000285581e+03 1.586397993378341198e-04
6.367400000000285218e+03 1.598362578079104424e-04
6.368300000000285763e+03 1.603891869308426976e-04
6.369200000000286309e+03 1.594624045537784696e-04
6.370100000000285945e+03 1.578007213538512588e-04
6.371000000000285581e+03 1.572844776092097163e-04
6.371900000000286127e+03 1.588566228747367859e-04
6.372800000000286673e+03 1.609967730473726988e-04
6.373700000000286309e+03 1.618936803424730897e-04
6.374600000000285945e+03 1.617049420019611716e-04
6.375500000000286491e+03 1.615944056538864970e-04
6.376400000000287037e+03 1.616385852685198188e-04
6.377300000000286673e+03 1.609951141290366650e-04
6.378200000000286309e+03 1.598829112481325865e-04
6.379100000000286855e+03 1.592331100255250931e-04
6.380000000000287400e+03 1.589090388733893633e-04
6.380900000000287037e+03 1.590182509971782565e-04
6.381800000000286673e+03 1.599407842149958014e-04
6.382700000000287218e+03 1.606185978744179010e-04
6.383600000000287764e+03 1.600304967723786831e-04
6.384500000000287400e+03 1.591509062564000487e-04
6.385400000000287037e+03 1.595223875483497977e-04
6.386300000000287582e+03 1.607561425771564245e-04
6.387200000000288128e+03 1.614397915545850992e-04
6.388100000000287764e+03 1.614487991901114583e-04
6.389000000000287400e+03 1.613925123820081353e-04
6.389900000000287946e+03 1.613320782780647278e-04
6.390800000000288492e+03 1.607826125109568238e-04
6.391700000000288128e+03 1.586485159350559115e-04
6.392600000000287764e+03 1.548054860904812813e-04
6.393500000000288310e+03 1.526835694676265121e-04
6.394400000000288856e+03 1.549826847622171044e-04
6.395300000000288492e+03 1.589368330314755440e-04
6.396200000000288128e+03 1.614414359210059047e-04
6.397100000000288674e+03 1.621095725568011403e-04
6.398000000000289219e+03 1.605587749509140849e-04
6.398900000000288856e+03 1.558090880280360579e-04
6.399800000000288492e+03 1.510881993453949690e-04
6.400700000000289037e+03 1.524106337456032634e-04
6.401600000000289583e+03 1.579127711011096835e-04
6.402500000000289219e+03 1.614917127881199121e-04
6.403400000000288856e+03 1.622875570319592953e-04
6.404300000000289401e+03 1.621160481590777636e-04
6.405200000000289947e+03 1.613977365195751190e-04
6.406100000000289583e+03 1.595621724845841527e-04
6.407000000000289219e+03 1.566372666275128722e-04
6.407900000000289765e+03 1.550371816847473383e-04
6.408800000000290311e+03 1.568853913340717554e-04
6.409700000000289947e+03 1.590372849022969604e-04
6.410600000000289583e+03 1.576518843648955226e-04
6.411500000000290129e+03 1.553834154037758708e-04
6.412400000000290675e+03 1.561569661134853959e-04
6.413300000000290311e+03 1.579692179802805185e-04
6.414200000000289947e+03 1.582292607054114342e-04
6.415100000000290493e+03 1.580356620252132416e-04
6.416000000000291038e+03 1.581257820362225175e-04
6.416900000000290675e+03 1.580625103088095784e-04
6.417800000000290311e+03 1.580030366312712431e-04
6.418700000000290856e+03 1.571162283653393388e-04
6.419600000000291402e+03 1.546214334666728973e-04
6.420500000000291038e+03 1.524345425423234701e-04
6.421400000000290675e+03 1.532871101517230272e-04
6.422300000000291220e+03 1.572775945533066988e-04
6.423200000000291766e+03 1.607656449778005481e-04
6.424100000000291402e+03 1.614048524061217904e-04
6.425000000000291038e+03 1.608105667401105165e-04
6.425900000000291584e+03 1.609650062164291739e-04
6.426800000000292130e+03 1.616716763237491250e-04
6.427700000000291766e+03 1.619332615518942475e-04
6.428600000000291402e+03 1.607547455932945013e-04
6.429500000000291948e+03 1.575542119098827243e-04
6.430400000000292493e+03 1.538835058454424143e-04
6.431300000000292130e+03 1.529588771518319845e-04
6.432200000000291766e+03 1.549347653053700924e-04
6.433100000000292312e+03 1.573469780851155519e-04
6.434000000000292857e+03 1.592478802194818854e-04
6.434900000000292493e+03 1.605295983608812094e-04
6.435800000000292130e+03 1.610325853107497096e-04
6.436700000000292675e+03 1.601289695827290416e-04
6.437600000000293221e+03 1.566273713251575828e-04
6.438500000000292857e+03 1.522300299257040024e-04
6.439400000000292493e+03 1.520561636425554752e-04
6.440300000000293039e+03 1.566262217238545418e-04
6.441200000000293585e+03 1.607015728950500488e-04
6.442100000000293221e+03 1.619333779672160745e-04
6.443000000000292857e+03 1.617313537281006575e-04
6.443900000000293403e+03 1.614346692804247141e-04
6.444800000000293949e+03 1.614235661691054702e-04
6.445700000000293585e+03 1.617505331523716450e-04
6.446600000000293221e+03 1.618774549569934607e-04
6.447500000000293767e+03 1.605424040462821722e-04
6.448400000000294312e+03 1.560869714012369514e-04
6.449300000000293949e+03 1.502200029790401459e-04
6.450200000000293585e+03 1.487760746385902166e-04
6.451100000000294131e+03 1.530513400211930275e-04
6.452000000000294676e+03 1.578353403601795435e-04
6.452900000000294312e+03 1.599435345269739628e-04
6.453800000000293949e+03 1.592659828020259738e-04
6.454700000000294494e+03 1.558714429847896099e-04
6.455600000000295040e+03 1.517206692369654775e-04
6.456500000000294676e+03 1.509433641331270337e-04
6.457400000000294312e+03 1.543760445201769471e-04
6.458300000000294858e+03 1.584929996170103550e-04
6.459200000000295404e+03 1.607010490261018276e-04
6.460100000000295040e+03 1.605626748641952872e-04
6.461000000000294676e+03 1.570873864693567157e-04
6.461900000000295222e+03 1.510790752945467830e-04
6.462800000000295768e+03 1.483879896113649011e-04
6.463700000000295404e+03 1.520216173958033323e-04
6.464600000000295040e+03 1.568033185321837664e-04
6.465500000000295586e+03 1.591198233654722571e-04
6.466400000000296131e+03 1.598211820237338543e-04
6.467300000000295768e+03 1.598062808625400066e-04
6.468200000000295404e+03 1.588436425663530827e-04
6.469100000000295950e+03 1.574101042933762074e-04
6.470000000000296495e+03 1.563347759656608105e-04
6.470900000000296131e+03 1.551237219246104360e-04
6.471800000000295768e+03 1.547410793136805296e-04
6.472700000000296313e+03 1.563113910378888249e-04
6.473600000000296859e+03 1.574535854160785675e-04
6.474500000000296495e+03 1.566544087836518884e-04
6.475400000000296131e+03 1.558797957841306925e-04
6.476300000000296677e+03 1.568804436828941107e-04
6.477200000000297223e+03 1.582192780915647745e-04
6.478100000000296859e+03 1.582691620569676161e-04
6.479000000000296495e+03 1.578238734509795904e-04
6.479900000000297041e+03 1.571752072777599096e-04
6.480800000000297587e+03 1.550838351249694824e-04
6.481700000000297223e+03 1.522110978839918971e-04
6.482600000000296859e+03 1.512238522991538048e-04
6.483500000000297405e+03 1.528822904219850898e-04
6.484400000000297950e+03 1.551909517729654908e-04
6.485300000000297587e+03 1.564828271511942148e-04
6.486200000000297223e+03 1.569847663631662726e-04
6.487100000000297769e+03 1.572121254866942763e-04
6.488000000000298314e+03 1.571179454913362861e-04
6.488900000000297950e+03 1.564053964102640748e-04
6.489800000000297587e+03 1.550713204778730869e-04
6.490700000000298132e+03 1.535949268145486712e-04
6.491600000000298678e+03 1.522912789369001985e-04
6.492500000000298314e+03 1.497435878263786435e-04
6.493400000000297950e+03 1.443899818696081638e-04
6.494300000000298496e+03 1.389220706187188625e-04
6.495200000000299042e+03 1.370691607007756829e-04
6.496100000000298678e+03 1.383750350214540958e-04
6.497000000000298314e+03 1.415113656548783183e-04
6.497900000000298860e+03 1.453457516618072987e-04
6.498800000000299406e+03 1.475736353313550353e-04
6.499700000000299042e+03 1.491768925916403532e-04
6.500600000000298678e+03 1.515807380201295018e-04
6.501500000000299224e+03 1.534771581646054983e-04
6.502400000000299769e+03 1.544968545204028487e-04
6.503300000000299406e+03 1.550444867461919785e-04
6.504200000000299042e+03 1.553972542751580477e-04
6.505100000000299588e+03 1.558531366754323244e-04
6.506000000000300133e+03 1.561285898787900805e-04
6.506900000000299769e+03 1.557451905682682991e-04
6.507800000000299406e+03 1.549542066641151905e-04
6.508700000000299951e+03 1.546070852782577276e-04
6.509600000000300497e+03 1.550870219944044948e-04
6.510500000000300133e+03 1.557148207211866975e-04
6.511400000000299769e+03 1.557660143589600921e-04
6.512300000000300315e+03 1.553833717480301857e-04
6.513200000000300861e+03 1.549000444356352091e-04
6.514100000000300497e+03 1.536520430818200111e-04
6.515000000000300133e+03 1.514293253421783447e-04
6.515900000000300679e+03 1.496754266554489732e-04
6.516800000000301225e+03 1.493826275691390038e-04
6.517700000000300861e+03 1.495690084993839264e-04
6.518600000000300497e+03 1.499511417932808399e-04
6.519500000000301043e+03 1.516182092018425465e-04
6.520400000000301588e+03 1.536393683636561036e-04
6.521300000000301225e+03 1.543942053103819489e-04
6.522200000000300861e+03 1.541518431622534990e-04
6.523100000000301407e+03 1.539728255011141300e-04
6.524000000000301952e+03 1.542761019663885236e-04
6.524900000000301588e+03 1.541409728815779090e-04
6.525800000000301225e+03 1.525553525425493717e-04
6.526700000000301770e+03 1.506950793555006385e-04
6.527600000000302316e+03 1.505898981122300029e-04
6.528500000000301952e+03 1.520488294772803783e-04
6.529400000000301588e+03 1.532664609840139747e-04
6.530300000000302134e+03 1.531878515379503369e-04
6.531200000000302680e+03 1.519795332569628954e-04
6.532100000000302316e+03 1.504648244008421898e-04
6.533000000000301952e+03 1.496399345342069864e-04
6.533900000000302498e+03 1.501872466178610921e-04
6.534800000000303044e+03 1.515596959507092834e-04
6.535700000000302680e+03 1.522492821095511317e-04
6.536600000000302316e+03 1.517103955848142505e-04
6.537500000000302862e+03 1.510608271928504109e-04
6.538400000000303407e+03 1.512928574811667204e-04
6.539300000000303044e+03 1.519617217127233744e-04
6.540200000000302680e+03 1.519804354757070541e-04
6.541100000000303226e+03 1.510124857304617763e-04
6.542000000000303771e+03 1.496703189332038164e-04
6.542900000000303407e+03 1.486419205320999026e-04
6.543800000000303044e+03 1.478308840887621045e-04
6.544700000000303589e+03 1.461407227907329798e-04
6.545600000000304135e+03 1.432587305316701531e-04
6.546500000000303771e+03 1.418551255483180285e-04
6.547400000000303407e+03 1.432743738405406475e-04
6.548300000000303953e+03 1.451074349461123347e-04
6.549200000000304499e+03 1.453812292311340570e-04
6.550100000000304135e+03 1.442196371499449015e-04
6.551000000000303771e+03 1.426102971890941262e-04
6.551900000000304317e+03 1.414041907992213964e-04
6.552800000000304863e+03 1.403203496010974050e-04
6.553700000000304499e+03 1.385802897857502103e-04
6.554600000000304135e+03 1.361615286441519856e-04
6.555500000000304681e+03 1.341881434200331569e-04
6.556400000000305226e+03 1.335157430730760098e-04
6.557300000000304863e+03 1.332050742348656058e-04
6.558200000000304499e+03 1.318010909017175436e-04
6.559100000000305045e+03 1.287883642362430692e-04
6.560000000000305590e+03 1.232085487572476268e-04
6.560900000000305226e+03 1.112609024858102202e-04
6.561800000000304863e+03 9.256115299649536610e-05
6.562700000000305408e+03 8.040803368203341961e-05
6.563600000000305954e+03 8.816242188913747668e-05
6.564500000000305590e+03 1.075035324902273715e-04
6.565400000000305226e+03 1.222143473569303751e-04
6.566300000000305772e+03 1.291625376325100660e-04
6.567200000000306318e+03 1.321261806879192591e-04
6.568100000000305954e+03 1.328638900304213166e-04
6.569000000000305590e+03 1.328464422840625048e-04
6.569900000000306136e+03 1.341171446256339550e-04
6.570800000000306682e+03 1.361669856123626232e-04
6.571700000000306318e+03 1.370243408018723130e-04
6.572600000000305954e+03 1.366266515105962753e-04
6.573500000000306500e+03 1.361854665447026491e-04
6.574400000000307045e+03 1.364615600323304534e-04
6.575300000000306682e+03 1.384011411573737860e-04
6.576200000000306318e+03 1.417464518453925848e-04
6.577100000000306864e+03 1.443964720238000154e-04
6.578000000000307409e+03 1.455144374631345272e-04
6.578900000000307045e+03 1.455574383726343513e-04
6.579800000000306682e+03 1.447746617486700416e-04
6.580700000000307227e+03 1.440188207197934389e-04
6.581600000000307773e+03 1.445308880647644401e-04
6.582500000000307409e+03 1.460264174966141582e-04
6.583400000000307045e+03 1.470548158977180719e-04
6.584300000000307591e+03 1.470823044655844569e-04
6.585200000000308137e+03 1.463632943341508508e-04
6.586100000000307773e+03 1.457015168853104115e-04
6.587000000000307409e+03 1.462624641135334969e-04
6.587900000000307955e+03 1.476924080634489655e-04
6.588800000000308501e+03 1.488351845182478428e-04
6.589700000000308137e+03 1.494326133979484439e-04
6.590600000000307773e+03 1.488317939219996333e-04
6.591500000000308319e+03 1.457915204809978604e-04
6.592400000000308864e+03 1.412066485499963164e-04
6.593300000000308501e+03 1.392124249832704663e-04
6.594200000000308137e+03 1.419754116795957088e-04
6.595100000000308683e+03 1.461645442759618163e-04
6.596000000000309228e+03 1.481659128330647945e-04
6.596900000000308864e+03 1.479118654970079660e-04
6.597800000000308501e+03 1.469077833462506533e-04
6.598700000000309046e+03 1.467976690037176013e-04
6.599600000000309592e+03 1.481453218730166554e-04
6.600500000000309228e+03 1.497852936154231429e-04
6.601400000000308864e+03 1.504979445599019527e-04
6.602300000000309410e+03 1.503474777564406395e-04
6.603200000000309956e+03 1.494969619670882821e-04
6.604100000000309592e+03 1.482292864238843322e-04
6.605000000000309228e+03 1.474875316489487886e-04
6.605900000000309774e+03 1.476065372116863728e-04
6.606800000000310320e+03 1.474956516176462173e-04
6.607700000000309956e+03 1.464394008507952094e-04
6.608600000000309592e+03 1.450661657145246863e-04
6.609500000000310138e+03 1.453972217859700322e-04
6.610400000000310683e+03 1.479339698562398553e-04
6.611300000000310320e+03 1.501779042882844806e-04
6.612200000000309956e+03 1.503154780948534608e-04
6.613100000000310501e+03 1.492734445491805673e-04
6.614000000000311047e+03 1.490397989982739091e-04
6.614900000000310683e+03 1.500908110756427050e-04
6.615800000000310320e+03 1.508364366600289941e-04
6.616700000000310865e+03 1.506402186350896955e-04
6.617600000000311411e+03 1.503072126070037484e-04
6.618500000000311047e+03 1.504721585661172867e-04
6.619400000000310683e+03 1.509871071903035045e-04
6.620300000000311229e+03 1.513395691290497780e-04
6.621200000000311775e+03 1.513159222668036819e-04
6.622100000000311411e+03 1.507511915406212211e-04
6.623000000000311047e+03 1.495686592534184456e-04
6.623900000000311593e+03 1.479985367041081190e-04
6.624800000000312139e+03 1.472731819376349449e-04
6.625700000000311775e+03 1.481505605624988675e-04
6.626600000000311411e+03 1.491018483648076653e-04
6.627500000000311957e+03 1.492531737312674522e-04
6.628400000000312502e+03 1.492317242082208395e-04
6.629300000000312139e+03 1.491881412221118808e-04
6.630200000000311775e+03 1.490237482357770205e-04
6.631100000000312320e+03 1.485314714955165982e-04
6.632000000000312866e+03 1.470976567361503839e-04
6.632900000000312502e+03 1.448294060537591577e-04
6.633800000000312139e+03 1.434550649719312787e-04
6.634700000000312684e+03 1.445662783225998282e-04
6.635600000000313230e+03 1.470715214964002371e-04
6.636500000000312866e+03 1.489728456363081932e-04
6.637400000000312502e+03 1.497205084888264537e-04
6.638300000000313048e+03 1.493833260610699654e-04
6.639200000000313594e+03 1.486417022533714771e-04
6.640100000000313230e+03 1.486804831074550748e-04
6.641000000000312866e+03 1.495077885920181870e-04
6.641900000000313412e+03 1.491044386057183146e-04
6.642800000000313958e+03 1.467923138989135623e-04
6.643700000000313594e+03 1.453418226446956396e-04
6.644600000000313230e+03 1.464809029130265117e-04
6.645500000000313776e+03 1.482476072851568460e-04
6.646400000000314321e+03 1.487495610490441322e-04
6.647300000000313958e+03 1.486071414547041059e-04
6.648200000000313594e+03 1.488926936872303486e-04
6.649100000000314139e+03 1.493760209996253252e-04
6.650000000000314685e+03 1.492006122134625912e-04
6.650900000000314321e+03 1.486868713982403278e-04
6.651800000000313958e+03 1.484846725361421704e-04
6.652700000000314503e+03 1.485522370785474777e-04
6.653600000000315049e+03 1.486330002080649137e-04
6.654500000000314685e+03 1.488230627728626132e-04
6.655400000000314321e+03 1.488308625994250178e-04
6.656300000000314867e+03 1.485235407017171383e-04
6.657200000000315413e+03 1.485604734625667334e-04
6.658100000000315049e+03 1.488686393713578582e-04
6.659000000000314685e+03 1.488236885052174330e-04
6.659900000000315231e+03 1.483349333284422755e-04
6.660800000000315777e+03 1.477009936934337020e-04
6.661700000000315413e+03 1.465785462642088532e-04
6.662600000000315049e+03 1.445306697860360146e-04
6.663500000000315595e+03 1.433950965292751789e-04
6.664400000000316140e+03 1.446912792744114995e-04
6.665300000000315777e+03 1.463833032175898552e-04
6.666200000000315413e+03 1.468160480726510286e-04
6.667100000000315958e+03 1.466848625568673015e-04
6.668000000000316504e+03 1.469583512516692281e-04
6.668900000000316140e+03 1.478212361689656973e-04
6.669800000000315777e+03 1.486751716583967209e-04
6.670700000000316322e+03 1.489921851316466928e-04
6.671600000000316868e+03 1.488949346821755171e-04
6.672500000000316504e+03 1.488260604673996568e-04
6.673400000000316140e+03 1.489100395701825619e-04
6.674300000000316686e+03 1.490556605858728290e-04
6.675200000000317232e+03 1.490939612267538905e-04
6.676100000000316868e+03 1.476107572671025991e-04
6.677000000000316504e+03 1.439223706256598234e-04
6.677900000000317050e+03 1.409723481629043818e-04
6.678800000000317596e+03 1.420244807377457619e-04
6.679700000000317232e+03 1.451175630791112781e-04
6.680600000000316868e+03 1.467377296648919582e-04
6.681500000000317414e+03 1.470919960411265492e-04
6.682400000000317959e+03 1.474315213272348046e-04
6.683300000000317596e+03 1.478613703511655331e-04
6.684200000000317232e+03 1.481680519646033645e-04
6.685100000000317777e+03 1.481879589846357703e-04
6.686000000000318323e+03 1.480199280194938183e-04
6.686900000000317959e+03 1.476774195907637477e-04
6.687800000000317596e+03 1.473456795793026686e-04
6.688700000000318141e+03 1.474347664043307304e-04
6.689600000000318687e+03 1.476682809880003333e-04
6.690500000000318323e+03 1.477046898799017072e-04
6.691400000000317959e+03 1.475770550314337015e-04
6.692300000000318505e+03 1.475228928029537201e-04
6.693200000000319051e+03 1.477331097703427076e-04
6.694100000000318687e+03 1.476457837270572782e-04
6.695000000000318323e+03 1.464317465433850884e-04
6.695900000000318869e+03 1.447882532374933362e-04
6.696800000000319415e+03 1.442864013370126486e-04
6.697700000000319051e+03 1.450269628548994660e-04
6.698600000000318687e+03 1.459763298043981194e-04
6.699500000000319233e+03 1.469552371418103576e-04
6.700400000000319778e+03 1.477127225371077657e-04
6.701300000000319415e+03 1.478160556871443987e-04
6.702200000000319051e+03 1.471918367315083742e-04
6.703100000000319596e+03 1.459209306631237268e-04
6.704000000000320142e+03 1.449248229619115591e-04
6.704900000000319778e+03 1.451090647606179118e-04
6.705800000000319415e+03 1.459610211895778775e-04
6.706700000000319960e+03 1.463818916818127036e-04
6.707600000000320506e+03 1.463227381464093924e-04
6.708500000000320142e+03 1.463177904952317476e-04
6.709400000000319778e+03 1.461136998841539025e-04
6.710300000000320324e+03 1.458016922697424889e-04
6.711200000000320870e+03 1.459668565075844526e-04
6.712100000000320506e+03 1.458603219361975789e-04
6.713000000000320142e+03 1.451153948437422514e-04
6.713900000000320688e+03 1.445052330382168293e-04
6.714800000000321234e+03 1.439797197235748172e-04
6.715700000000320870e+03 1.428514806320890784e-04
6.716600000000320506e+03 1.409382821293547750e-04
6.717500000000321052e+03 1.398201420670375228e-04
6.718400000000321597e+03 1.414046419085934758e-04
6.719300000000321234e+03 1.441824279027059674e-04
6.720200000000320870e+03 1.455457386327907443e-04
6.721100000000321415e+03 1.454030862078070641e-04
6.722000000000321961e+03 1.451188581995666027e-04
6.722900000000321597e+03 1.456610625609755516e-04
6.723800000000321234e+03 1.462333020754158497e-04
6.724700000000321779e+03 1.458940096199512482e-04
6.725600000000322325e+03 1.449404517188668251e-04
6.726500000000321961e+03 1.444613735657185316e-04
6.727400000000321597e+03 1.449153496650978923e-04
6.728300000000322143e+03 1.456919562770053744e-04
6.729200000000322689e+03 1.462261279812082648e-04
6.730100000000322325e+03 1.465298264520242810e-04
6.731000000000321961e+03 1.465544337406754494e-04
6.731900000000322507e+03 1.461356005165725946e-04
6.732800000000323053e+03 1.455751626053825021e-04
6.733700000000322689e+03 1.455224846722558141e-04
6.734600000000322325e+03 1.460156781831756234e-04
6.735500000000322871e+03 1.464450178900733590e-04
6.736400000000323416e+03 1.461778883822262287e-04
6.737300000000323053e+03 1.451105345040559769e-04
6.738200000000322689e+03 1.439442567061632872e-04
6.739100000000323234e+03 1.436495513189584017e-04
6.740000000000323780e+03 1.443295332137495279e-04
6.740900000000323416e+03 1.449221017537638545e-04
6.741800000000323053e+03 1.444471563445404172e-04
6.742700000000323598e+03 1.436459424439817667e-04
6.743600000000324144e+03 1.437304163118824363e-04
6.744500000000323780e+03 1.444995141355320811e-04
6.745400000000323416e+03 1.448165858164429665e-04
6.746300000000323962e+03 1.445823145331814885e-04
6.747200000000324508e+03 1.441058993805199862e-04
6.748100000000324144e+03 1.432169083273038268e-04
6.749000000000323780e+03 1.421194756403565407e-04
6.749900000000324326e+03 1.417968160239979625e-04
6.750800000000324872e+03 1.426740345777943730e-04
6.751700000000324508e+03 1.434712467016652226e-04
6.752600000000324144e+03 1.434155274182558060e-04
6.753500000000324690e+03 1.437368773622438312e-04
6.754400000000325235e+03 1.445320667698979378e-04
6.755300000000324872e+03 1.448414259357377887e-04
6.756200000000324508e+03 1.448424445698037744e-04
6.757100000000325053e+03 1.450309355277568102e-04
6.758000000000325599e+03 1.455293822800740600e-04
6.758900000000325235e+03 1.460887433495372534e-04
6.759800000000324872e+03 1.463930093450471759e-04
6.760700000000325417e+03 1.463805238017812371e-04
6.761600000000325963e+03 1.461965293856337667e-04
6.762500000000325599e+03 1.461229112464934587e-04
6.763400000000325235e+03 1.461461215512827039e-04
6.764300000000325781e+03 1.460599887650460005e-04
6.765200000000326327e+03 1.455161109333857894e-04
6.766100000000325963e+03 1.441396452719345689e-04
6.767000000000325599e+03 1.426599192200228572e-04
6.767900000000326145e+03 1.424951624358072877e-04
6.768800000000326690e+03 1.436538732377812266e-04
6.769700000000326327e+03 1.442601205781102180e-04
6.770600000000325963e+03 1.436457532690837979e-04
6.771500000000326509e+03 1.431225246051326394e-04
6.772400000000327054e+03 1.436139136785641313e-04
6.773300000000326690e+03 1.447742833988741040e-04
6.774200000000326327e+03 1.459380873711779714e-04
6.775100000000326872e+03 1.466707617510110140e-04
6.776000000000327418e+03 1.467599940951913595e-04
6.776900000000327054e+03 1.464007946196943521e-04
6.777800000000326690e+03 1.462384389014914632e-04
6.778700000000327236e+03 1.465861569158732891e-04
6.779600000000327782e+03 1.467468391638249159e-04
6.780500000000327418e+03 1.461853826185688376e-04
6.781400000000327054e+03 1.450202835258096457e-04
6.782300000000327600e+03 1.435308658983558416e-04
6.783200000000328146e+03 1.422913337592035532e-04
6.784100000000327782e+03 1.418368919985368848e-04
6.785000000000327418e+03 1.421199413016438484e-04
6.785900000000327964e+03 1.425134250894188881e-04
6.786800000000328509e+03 1.430662669008597732e-04
6.787700000000328146e+03 1.441380445612594485e-04
6.788600000000327782e+03 1.448541152058169246e-04
6.789500000000328328e+03 1.448879338568076491e-04
6.790400000000328873e+03 1.449512928957119584e-04
6.791300000000328509e+03 1.450642885174602270e-04
6.792200000000328146e+03 1.445452508050948381e-04
6.793100000000328691e+03 1.434516016161069274e-04
6.794000000000329237e+03 1.429441617801785469e-04
6.794900000000328873e+03 1.432390563422814012e-04
6.795800000000328509e+03 1.435551967006176710e-04
6.796700000000329055e+03 1.438850158592686057e-04
6.797600000000329601e+03 1.441222120774909854e-04
6.798500000000329237e+03 1.441391650587320328e-04
6.799400000000328873e+03 1.442994253011420369e-04
6.800300000000329419e+03 1.446488749934360385e-04
6.801200000000329965e+03 1.449162518838420510e-04
6.802100000000329601e+03 1.448219263693317771e-04
6.803000000000329237e+03 1.442595967091619968e-04
6.803900000000329783e+03 1.437756727682426572e-04
6.804800000000330328e+03 1.438988547306507826e-04
6.805700000000329965e+03 1.440299820387735963e-04
6.806600000000329601e+03 1.437482133042067289e-04
6.807500000000330147e+03 1.438742619939148426e-04
6.808400000000330692e+03 1.442350039724260569e-04
6.809300000000330328e+03 1.438609760953113437e-04
6.810200000000329965e+03 1.435492158634588122e-04
6.811100000000330510e+03 1.440159394405782223e-04
6.812000000000331056e+03 1.444430381525307894e-04
6.812900000000330692e+03 1.441598578821867704e-04
6.813800000000330328e+03 1.432917924830690026e-04
6.814700000000330874e+03 1.426043600076809525e-04
6.815600000000331420e+03 1.430185075150802732e-04
6.816500000000331056e+03 1.442126085748896003e-04
6.817400000000330692e+03 1.449136179871857166e-04
6.818300000000331238e+03 1.445193192921578884e-04
6.819200000000331784e+03 1.434965379303321242e-04
6.820100000000331420e+03 1.428724208381026983e-04
6.821000000000331056e+03 1.433779543731361628e-04
6.821900000000331602e+03 1.443896762793883681e-04
6.822800000000332147e+03 1.449875708203762770e-04
6.823700000000331784e+03 1.452161668566986918e-04
6.824600000000331420e+03 1.452950236853212118e-04
6.825500000000331966e+03 1.451928546885028481e-04
6.826400000000332511e+03 1.444700610591098666e-04
6.827300000000332147e+03 1.429830444976687431e-04
6.828200000000331784e+03 1.418394094798713923e-04
6.829100000000332329e+03 1.422889035893604159e-04
6.830000000000332875e+03 1.437237078789621592e-04
6.830900000000332511e+03 1.446396927349269390e-04
6.831800000000332147e+03 1.445536618120968342e-04
6.832700000000332693e+03 1.442382199456915259e-04
6.833600000000333239e+03 1.444431545678526163e-04
6.834500000000332875e+03 1.448564871679991484e-04
6.835400000000332511e+03 1.449234114261344075e-04
6.836300000000333057e+03 1.443134970031678677e-04
6.837200000000333603e+03 1.433544821338728070e-04
6.838100000000333239e+03 1.423000358045101166e-04
6.839000000000332875e+03 1.410620316164568067e-04
6.839900000000333421e+03 1.398162567056715488e-04
6.840800000000333966e+03 1.386074145557358861e-04
6.841700000000333603e+03 1.380406465614214540e-04
6.842600000000333239e+03 1.387883094139397144e-04
6.843500000000333785e+03 1.404326758347451687e-04
6.844400000000334330e+03 1.423206267645582557e-04
6.845300000000333966e+03 1.435828598914667964e-04
6.846200000000333603e+03 1.438707549823448062e-04
6.847100000000334148e+03 1.437623432138934731e-04
6.848000000000334694e+03 1.436288584955036640e-04
6.848900000000334330e+03 1.434391160728409886e-04
6.849800000000333966e+03 1.432376011507585645e-04
6.850700000000334512e+03 1.431539712939411402e-04
6.851600000000335058e+03 1.433577417628839612e-04
6.852500000000334694e+03 1.435825688531622291e-04
6.853400000000334330e+03 1.428332034265622497e-04
6.854300000000334876e+03 1.407686359016224742e-04
6.855200000000335422e+03 1.392590929754078388e-04
6.856100000000335058e+03 1.397592277498915792e-04
6.857000000000334694e+03 1.408404496032744646e-04
6.857900000000335240e+03 1.413407007930800319e-04
6.858800000000335785e+03 1.417621824657544494e-04
6.859700000000335422e+03 1.417265157215297222e-04
6.860600000000335058e+03 1.407090894645079970e-04
6.861500000000335604e+03 1.400232868036255240e-04
6.862400000000336149e+03 1.410277327522635460e-04
6.863300000000335785e+03 1.429873082088306546e-04
6.864200000000335422e+03 1.440319465473294258e-04
6.865100000000335967e+03 1.435502781532704830e-04
6.866000000000336513e+03 1.421645865775644779e-04
6.866900000000336149e+03 1.406914088875055313e-04
6.867800000000335785e+03 1.400101755280047655e-04
6.868700000000336331e+03 1.406045339535921812e-04
6.869600000000336877e+03 1.414929429301992059e-04
6.870500000000336513e+03 1.417690364178270102e-04
6.871400000000336149e+03 1.413011777913197875e-04
6.872300000000336695e+03 1.406958035659044981e-04
6.873200000000337241e+03 1.410743861924856901e-04
6.874100000000336877e+03 1.417644816683605313e-04
6.875000000000336513e+03 1.419030450051650405e-04
6.875900000000337059e+03 1.419521286152303219e-04
6.876800000000337604e+03 1.425554655725136399e-04
6.877700000000337241e+03 1.434001605957746506e-04
6.878600000000336877e+03 1.435535668861120939e-04
6.879500000000337423e+03 1.431847194908186793e-04
6.880400000000337968e+03 1.424125366611406207e-04
6.881300000000337604e+03 1.410353579558432102e-04
6.882200000000337241e+03 1.399728498654440045e-04
6.883100000000337786e+03 1.402901543769985437e-04
6.884000000000338332e+03 1.415067090420052409e-04
6.884900000000337968e+03 1.421307533746585250e-04
6.885800000000337604e+03 1.419539912603795528e-04
6.886700000000338150e+03 1.423250505467876792e-04
6.887600000000338696e+03 1.431781856808811426e-04
6.888500000000338332e+03 1.436657039448618889e-04
6.889400000000337968e+03 1.439705956727266312e-04
6.890300000000338514e+03 1.442231005057692528e-04
6.891200000000339060e+03 1.441185158910229802e-04
6.892100000000338696e+03 1.438508334103971720e-04
6.893000000000338332e+03 1.437883620383217931e-04
6.893900000000338878e+03 1.436946768080815673e-04
6.894800000000339423e+03 1.431690034223720431e-04
6.895700000000339060e+03 1.427794923074543476e-04
6.896600000000338696e+03 1.429842523066326976e-04
6.897500000000339242e+03 1.433983707102015615e-04
6.898400000000339787e+03 1.434442383470013738e-04
6.899300000000339423e+03 1.432382996426895261e-04
6.900200000000339060e+03 1.432212302461266518e-04
6.901100000000339605e+03 1.435089070582762361e-04
6.902000000000340151e+03 1.437859755242243409e-04
6.902900000000339787e+03 1.439276820747181773e-04
6.903800000000339423e+03 1.439384504919871688e-04
6.904700000000339969e+03 1.438528124708682299e-04
6.905600000000340515e+03 1.438275212422013283e-04
6.906500000000340151e+03 1.440294436179101467e-04
6.907400000000339787e+03 1.444184163119643927e-04
6.908300000000340333e+03 1.446275273337960243e-04
6.909200000000340879e+03 1.446023088647052646e-04
6.910100000000340515e+03 1.442008651793003082e-04
6.911000000000340151e+03 1.435011799912899733e-04
6.911900000000340697e+03 1.430813863407820463e-04
6.912800000000341242e+03 1.424623478669673204e-04
6.913700000000340879e+03 1.412423298461362720e-04
6.914600000000340515e+03 1.405066723236814141e-04
6.915500000000341061e+03 1.407630625180900097e-04
6.916400000000341606e+03 1.411226112395524979e-04
6.917300000000341242e+03 1.415806618751958013e-04
6.918200000000340879e+03 1.424423535354435444e-04
6.919100000000341424e+03 1.432202261639758945e-04
6.920000000000341970e+03 1.437484606867656112e-04
6.920900000000341606e+03 1.441200001863762736e-04
6.921800000000341242e+03 1.441398635506629944e-04
6.922700000000341788e+03 1.433704455848783255e-04
6.923600000000342334e+03 1.419079053448513150e-04
6.924500000000341970e+03 1.405682996846735477e-04
6.925400000000341606e+03 1.402236521244049072e-04
6.926300000000342152e+03 1.410881232004612684e-04
6.927200000000342698e+03 1.424261135980486870e-04
6.928100000000342334e+03 1.431075215805321932e-04
6.929000000000341970e+03 1.431405835319310427e-04
6.929900000000342516e+03 1.431430864613503218e-04
6.930800000000343061e+03 1.429637777619063854e-04
6.931700000000342698e+03 1.422555505996569991e-04
6.932600000000342334e+03 1.412305864505469799e-04
6.933500000000342880e+03 1.409651886206120253e-04
6.934400000000343425e+03 1.419023756170645356e-04
6.935300000000343061e+03 1.427742390660569072e-04
6.936200000000342698e+03 1.428029499948024750e-04
6.937100000000343243e+03 1.424274087185040116e-04
6.938000000000343789e+03 1.422894856659695506e-04
6.938900000000343425e+03 1.425668888259679079e-04
6.939800000000343061e+03 1.431039709132164717e-04
6.940700000000343607e+03 1.435700396541506052e-04
6.941600000000344153e+03 1.434362493455410004e-04
6.942500000000343789e+03 1.426522212568670511e-04
6.943400000000343425e+03 1.414273865520954132e-04
6.944300000000343971e+03 1.399100583512336016e-04
6.945200000000344517e+03 1.391451514791697264e-04
6.946100000000344153e+03 1.400533656124025583e-04
6.947000000000343789e+03 1.416362210875377059e-04
6.947900000000344335e+03 1.426988164894282818e-04
6.948800000000344880e+03 1.431480923201888800e-04
6.949700000000344517e+03 1.428930263500660658e-04
6.950600000000344153e+03 1.417515595676377416e-04
6.951500000000344698e+03 1.407036907039582729e-04
6.952400000000345244e+03 1.405184157192707062e-04
6.953300000000344880e+03 1.406964001944288611e-04
6.954200000000344517e+03 1.409429532941430807e-04
6.955100000000345062e+03 1.413841819157823920e-04
6.956000000000345608e+03 1.421756460331380367e-04
6.956900000000345244e+03 1.428577961632981896e-04
6.957800000000344880e+03 1.429202384315431118e-04
6.958700000000345426e+03 1.427461829734966159e-04
6.959600000000345972e+03 1.427119859727099538e-04
6.960500000000345608e+03 1.428825198672711849e-04
6.961400000000345244e+03 1.431843993486836553e-04
6.962300000000345790e+03 1.434596197213977575e-04
6.963200000000346336e+03 1.436547318007797003e-04
6.964100000000345972e+03 1.434892037650570273e-04
6.965000000000345608e+03 1.428331161150708795e-04
6.965900000000346154e+03 1.424851798219606280e-04
6.966800000000346699e+03 1.430859410902485251e-04
6.967700000000346336e+03 1.440078922314569354e-04
6.968600000000345972e+03 1.443128130631521344e-04
6.969500000000346517e+03 1.438817125745117664e-04
6.970400000000347063e+03 1.431079872418195009e-04
6.971300000000346699e+03 1.427956594852730632e-04
6.972200000000346336e+03 1.433258730685338378e-04
6.973100000000346881e+03 1.438006729586049914e-04
6.974000000000347427e+03 1.433349243598058820e-04
6.974900000000347063e+03 1.420486805727705359e-04
6.975800000000346699e+03 1.404272188665345311e-04
6.976700000000347245e+03 1.384777424391359091e-04
6.977600000000347791e+03 1.362402254017069936e-04
6.978500000000347427e+03 1.350012025795876980e-04
6.979400000000347063e+03 1.364240015391260386e-04
6.980300000000347609e+03 1.395296421833336353e-04
6.981200000000348155e+03 1.419532054569572210e-04
6.982100000000347791e+03 1.432386052329093218e-04
6.983000000000347427e+03 1.438806648366153240e-04
6.983900000000347973e+03 1.439323968952521682e-04
6.984800000000348518e+03 1.437068422092124820e-04
6.985700000000348155e+03 1.434729638276621699e-04
6.986600000000347791e+03 1.431087293894961476e-04
6.987500000000348336e+03 1.425101654604077339e-04
6.988400000000348882e+03 1.417620223946869373e-04
6.989300000000348518e+03 1.415169099345803261e-04
6.990200000000348155e+03 1.420364860678091645e-04
6.991100000000348700e+03 1.427817915100604296e-04
6.992000000000349246e+03 1.432276767445728183e-04
6.992900000000348882e+03 1.431474811397492886e-04
6.993800000000348518e+03 1.427875104127451777e-04
6.994700000000349064e+03 1.427056849934160709e-04
6.995600000000349610e+03 1.430238044122233987e-04
6.996500000000349246e+03 1.432065619155764580e-04
6.997400000000348882e+03 1.427284005330875516e-04
6.998300000000349428e+03 1.414700673194602132e-04
6.999200000000349974e+03 1.400042674504220486e-04
7.000100000000349610e+03 1.396419684169813991e-04
7.001000000000349246e+03 1.407133095199242234e-04
7.001900000000349792e+03 1.417004386894404888e-04
7.002800000000350337e+03 1.412019191775470972e-04
7.003700000000349974e+03 1.396858424413949251e-04
7.004600000000349610e+03 1.386741932947188616e-04
7.005500000000350155e+03 1.386945659760385752e-04
7.006400000000350701e+03 1.392616977682337165e-04
7.007300000000350337e+03 1.402206689817830920e-04
7.008200000000349974e+03 1.412897545378655195e-04
7.009100000000350519e+03 1.419124164385721087e-04
7.010000000000351065e+03 1.417696621501818299e-04
7.010900000000350701e+03 1.413365243934094906e-04
7.011800000000350337e+03 1.413808349752798676e-04
7.012700000000350883e+03 1.418517349520698190e-04
7.013600000000351429e+03 1.417371531715616584e-04
7.014500000000351065e+03 1.400437031406909227e-04
7.015400000000350701e+03 1.372498809359967709e-04
7.016300000000351247e+03 1.355859421892091632e-04
7.017200000000351793e+03 1.369776873616501689e-04
7.018100000000351429e+03 1.401678018737584352e-04
7.019000000000351065e+03 1.424622168997302651e-04
7.019900000000351611e+03 1.432553544873371720e-04
7.020800000000352156e+03 1.430453994544222951e-04
7.021700000000351793e+03 1.418208994437009096e-04
7.022600000000351429e+03 1.398224994773045182e-04
7.023500000000351974e+03 1.382590708089992404e-04
7.024400000000352520e+03 1.380143949063494802e-04
7.025300000000352156e+03 1.390650868415832520e-04
7.026200000000351793e+03 1.404227950843051076e-04
7.027100000000352338e+03 1.411459234077483416e-04
7.028000000000352884e+03 1.413533027516677976e-04
7.028900000000352520e+03 1.414578291587531567e-04
7.029800000000352156e+03 1.416462182532995939e-04
7.030700000000352702e+03 1.417446037521585822e-04
7.031600000000353248e+03 1.415748847648501396e-04
7.032500000000352884e+03 1.412023120792582631e-04
7.033400000000352520e+03 1.407374802511185408e-04
7.034300000000353066e+03 1.403942587785422802e-04
7.035200000000353612e+03 1.404871873091906309e-04
7.036100000000353248e+03 1.406697119819000363e-04
7.037000000000352884e+03 1.397498417645692825e-04
7.037900000000353430e+03 1.381214824505150318e-04
7.038800000000353975e+03 1.382967748213559389e-04
7.039700000000353612e+03 1.409850374329835176e-04
7.040600000000353248e+03 1.437761675333604217e-04
7.041500000000353793e+03 1.450693525839596987e-04
7.042400000000354339e+03 1.451481075491756201e-04
7.043300000000353975e+03 1.445308298571035266e-04
7.044200000000353612e+03 1.434178266208618879e-04
7.045100000000354157e+03 1.425131049472838640e-04
7.046000000000354703e+03 1.427793031325563788e-04
7.046900000000354339e+03 1.438921608496457338e-04
7.047800000000353975e+03 1.448163820896297693e-04
7.048700000000354521e+03 1.449901610612869263e-04
7.049600000000355067e+03 1.443951477995142341e-04
7.050500000000354703e+03 1.433043507859110832e-04
7.051400000000354339e+03 1.415379520040005445e-04
7.052300000000354885e+03 1.391894038533791900e-04
7.053200000000355431e+03 1.372116530546918511e-04
7.054100000000355067e+03 1.363659539492800832e-04
7.055000000000354703e+03 1.365628413623198867e-04
7.055900000000355249e+03 1.373929117107763886e-04
7.056800000000355794e+03 1.381230831611901522e-04
7.057700000000355431e+03 1.381018373649567366e-04
7.058600000000355067e+03 1.371468679280951619e-04
7.059500000000355612e+03 1.358743611490353942e-04
7.060400000000356158e+03 1.353087573079392314e-04
7.061300000000355794e+03 1.358293666271492839e-04
7.062200000000355431e+03 1.367153454339131713e-04
7.063100000000355976e+03 1.375865103909745812e-04
7.064000000000356522e+03 1.384055067319422960e-04
7.064900000000356158e+03 1.385195500915870070e-04
7.065800000000355794e+03 1.374331186525523663e-04
7.066700000000356340e+03 1.356787252007052302e-04
7.067600000000356886e+03 1.342137693427503109e-04
7.068500000000356522e+03 1.339002919849008322e-04
7.069400000000356158e+03 1.351437822449952364e-04
7.070300000000356704e+03 1.369152450934052467e-04
7.071200000000357250e+03 1.377775188302621245e-04
7.072100000000356886e+03 1.378719753120094538e-04
7.073000000000356522e+03 1.380009343847632408e-04
7.073900000000357068e+03 1.381532783852890134e-04
7.074800000000357613e+03 1.380539906676858664e-04
7.075700000000357250e+03 1.378416491206735373e-04
7.076600000000356886e+03 1.377307635266333818e-04
7.077500000000357431e+03 1.379326859023422003e-04
7.078400000000357977e+03 1.382623449899256229e-04
7.079300000000357613e+03 1.385705545544624329e-04
7.080200000000357250e+03 1.388458476867526770e-04
7.081100000000357795e+03 1.386601652484387159e-04
7.082000000000358341e+03 1.374908169964328408e-04
7.082900000000357977e+03 1.354278647340834141e-04
7.083800000000357613e+03 1.332148094661533833e-04
7.084700000000358159e+03 1.320040173595771194e-04
7.085600000000358705e+03 1.323188334936276078e-04
7.086500000000358341e+03 1.328457728959619999e-04
7.087400000000357977e+03 1.324747281614691019e-04
7.088300000000358523e+03 1.317471032962203026e-04
7.089200000000359069e+03 1.312178937951102853e-04
7.090100000000358705e+03 1.309984945692121983e-04
7.091000000000358341e+03 1.313290849793702364e-04
7.091900000000358887e+03 1.318301219725981355e-04
7.092800000000359432e+03 1.318408176302909851e-04
7.093700000000359069e+03 1.317625574301928282e-04
7.094600000000358705e+03 1.318396243732422590e-04
7.095500000000359250e+03 1.317866408498957753e-04
7.096400000000359796e+03 1.318398426519706845e-04
7.097300000000359432e+03 1.323050237260758877e-04
7.098200000000359069e+03 1.333612599410116673e-04
7.099100000000359614e+03 1.340854068985208869e-04
7.100000000000360160e+03 1.343137701041996479e-04
7.100900000000359796e+03 1.340778835583478212e-04
7.101800000000359432e+03 1.336114219157025218e-04
7.102700000000359978e+03 1.334885018877685070e-04
7.103600000000360524e+03 1.341036841040477157e-04
7.104500000000360160e+03 1.349766389466822147e-04
7.105400000000359796e+03 1.351554965367540717e-04
7.106300000000360342e+03 1.345109776593744755e-04
7.107200000000360887e+03 1.338274596491828561e-04
7.108100000000360524e+03 1.337832800345495343e-04
7.109000000000360160e+03 1.337726280326023698e-04
7.109900000000360706e+03 1.328927028225734830e-04
7.110800000000361251e+03 1.316778943873941898e-04
7.111700000000360887e+03 1.313346583629027009e-04
7.112600000000360524e+03 1.319465227425098419e-04
7.113500000000361069e+03 1.326620695181190968e-04
7.114400000000361615e+03 1.329687074758112431e-04
7.115300000000361251e+03 1.331216044491156936e-04
7.116200000000360887e+03 1.334032131126150489e-04
7.117100000000361433e+03 1.335481210844591260e-04
7.118000000000361979e+03 1.335837587248533964e-04
7.118900000000361615e+03 1.335583510808646679e-04
7.119800000000361251e+03 1.333771215286105871e-04
7.120700000000361797e+03 1.329998340224847198e-04
7.121600000000362343e+03 1.325181947322562337e-04
7.122500000000361979e+03 1.325559424003586173e-04
7.123400000000361615e+03 1.334842236246913671e-04
7.124300000000362161e+03 1.338537404080852866e-04
7.125200000000362706e+03 1.331392268184572458e-04
7.126100000000362343e+03 1.325459306826815009e-04
7.127000000000361979e+03 1.327494537690654397e-04
7.127900000000362525e+03 1.331936218775808811e-04
7.128800000000363070e+03 1.329898805124685168e-04
7.129700000000362706e+03 1.317234855378046632e-04
7.130600000000362343e+03 1.305503246840089560e-04
7.131500000000362888e+03 1.307896745856851339e-04
7.132400000000363434e+03 1.321136951446533203e-04
7.133300000000363070e+03 1.333681721007451415e-04
7.134200000000362706e+03 1.342828036285936832e-04
7.135100000000363252e+03 1.347258803434669971e-04
7.136000000000363798e+03 1.349288359051570296e-04
7.136900000000363434e+03 1.351600221823900938e-04
7.137800000000363070e+03 1.349824015051126480e-04
7.138700000000363616e+03 1.342660252703353763e-04
7.139600000000364162e+03 1.339889277005568147e-04
7.140500000000363798e+03 1.346381759503856301e-04
7.141400000000363434e+03 1.351858081761747599e-04
7.142300000000363980e+03 1.349407248198986053e-04
7.143200000000364525e+03 1.345595519524067640e-04
7.144100000000364162e+03 1.344996999250724912e-04
7.145000000000363798e+03 1.343957701465114951e-04
7.145900000000364344e+03 1.339787559118121862e-04
7.146800000000364889e+03 1.328196522081270814e-04
7.147700000000364525e+03 1.309233193751424551e-04
7.148600000000364162e+03 1.301841839449480176e-04
7.149500000000364707e+03 1.315299887210130692e-04
7.150400000000365253e+03 1.331680687144398689e-04
7.151300000000364889e+03 1.342413161182776093e-04
7.152200000000364525e+03 1.352986146230250597e-04
7.153100000000365071e+03 1.359930029138922691e-04
7.154000000000365617e+03 1.357253786409273744e-04
7.154900000000365253e+03 1.350503443973138928e-04
7.155800000000364889e+03 1.350274251308292150e-04
7.156700000000365435e+03 1.358088047709316015e-04
7.157600000000365981e+03 1.361628383165225387e-04
7.158500000000365617e+03 1.355177664663642645e-04
7.159400000000365253e+03 1.347078359685838223e-04
7.160300000000365799e+03 1.343978365184739232e-04
7.161200000000366344e+03 1.345656201010569930e-04
7.162100000000365981e+03 1.344902266282588243e-04
7.163000000000365617e+03 1.331234670942649245e-04
7.163900000000366163e+03 1.306311605731025338e-04
7.164800000000366708e+03 1.289322535740211606e-04
7.165700000000366344e+03 1.297181443078443408e-04
7.166600000000365981e+03 1.321906456723809242e-04
7.167500000000366526e+03 1.341927272733300924e-04
7.168400000000367072e+03 1.348959922324866056e-04
7.169300000000366708e+03 1.349037047475576401e-04
7.170200000000366344e+03 1.348247606074437499e-04
7.171100000000366890e+03 1.350717357126995921e-04
7.172000000000367436e+03 1.357046858174726367e-04
7.172900000000367072e+03 1.362177426926791668e-04
7.173800000000366708e+03 1.359999878332018852e-04
7.174700000000367254e+03 1.349490485154092312e-04
7.175600000000367800e+03 1.337678550044074655e-04
7.176500000000367436e+03 1.336212008027359843e-04
7.177400000000367072e+03 1.344955817330628633e-04
7.178300000000367618e+03 1.349109516013413668e-04
7.179200000000368163e+03 1.337301509920507669e-04
7.180100000000367800e+03 1.318053109571337700e-04
7.181000000000367436e+03 1.306679914705455303e-04
7.181900000000367982e+03 1.312511012656614184e-04
7.182800000000368527e+03 1.333407853962853551e-04
7.183700000000368163e+03 1.348547812085598707e-04
7.184600000000367800e+03 1.345984783256426454e-04
7.185500000000368345e+03 1.334208645857870579e-04
7.186400000000368891e+03 1.316893612965941429e-04
7.187300000000368527e+03 1.300779986195266247e-04
7.188200000000368163e+03 1.298070565098896623e-04
7.189100000000368709e+03 1.304758770857006311e-04
7.190000000000369255e+03 1.315039116889238358e-04
7.190900000000368891e+03 1.324135228060185909e-04
7.191800000000368527e+03 1.325705379713326693e-04
7.192700000000369073e+03 1.323676260653883219e-04
7.193600000000369619e+03 1.324805343756452203e-04
7.194500000000369255e+03 1.331585954176262021e-04
7.195400000000368891e+03 1.334795379079878330e-04
7.196300000000369437e+03 1.330473460257053375e-04
7.197200000000369982e+03 1.328617363469675183e-04
7.198100000000369619e+03 1.335378328803926706e-04
7.199000000000369255e+03 1.345528580714017153e-04
7.199900000000369801e+03 1.348932564724236727e-04
7.200800000000370346e+03 1.340343878837302327e-04
7.201700000000369982e+03 1.329282531514763832e-04
7.202600000000369619e+03 1.331398088950663805e-04
7.203500000000370164e+03 1.344136253464967012e-04
7.204400000000370710e+03 1.351919054286554456e-04
7.205300000000370346e+03 1.343943731626495719e-04
7.206200000000369982e+03 1.317992573603987694e-04
7.207100000000370528e+03 1.292385422857478261e-04
7.208000000000371074e+03 1.289749634452164173e-04
7.208900000000370710e+03 1.308116916334256530e-04
7.209800000000370346e+03 1.331466919509693980e-04
7.210700000000370892e+03 1.349769445369020104e-04
7.211600000000371438e+03 1.355147251160815358e-04
7.212500000000371074e+03 1.347797951893880963e-04
7.213400000000370710e+03 1.337342982878908515e-04
7.214300000000371256e+03 1.329950318904593587e-04
7.215200000000371801e+03 1.328164944425225258e-04
7.216100000000371438e+03 1.332993851974606514e-04
7.217000000000371074e+03 1.343178882962092757e-04
7.217900000000371620e+03 1.351102546323090792e-04
7.218800000000372165e+03 1.349821832263842225e-04
7.219700000000371801e+03 1.342574396403506398e-04
7.220600000000371438e+03 1.335676352027803659e-04
7.221500000000371983e+03 1.332593819824978709e-04
7.222400000000372529e+03 1.332384272245690227e-04
7.223300000000372165e+03 1.332700339844450355e-04
7.224200000000371801e+03 1.336759742116555572e-04
7.225100000000372347e+03 1.344999473076313734e-04
7.226000000000372893e+03 1.351861137663945556e-04
7.226900000000372529e+03 1.353982370346784592e-04
7.227800000000372165e+03 1.350058300886303186e-04
7.228700000000372711e+03 1.345616328762844205e-04
7.229600000000373257e+03 1.348977966699749231e-04
7.230500000000372893e+03 1.358306762995198369e-04
7.231400000000372529e+03 1.367162476526573300e-04
7.232300000000373075e+03 1.370548998238518834e-04
7.233200000000373620e+03 1.370891404803842306e-04
7.234100000000373257e+03 1.369194797007367015e-04
7.235000000000372893e+03 1.364054332952946424e-04
7.235900000000373439e+03 1.357231376459822059e-04
7.236800000000373984e+03 1.353173574898391962e-04
7.237700000000373620e+03 1.351091341348364949e-04
7.238600000000373257e+03 1.349295343970879912e-04
7.239500000000373802e+03 1.349986268905922771e-04
7.240400000000374348e+03 1.353104016743600368e-04
7.241300000000373984e+03 1.359354500891640782e-04
7.242200000000373620e+03 1.363572519039735198e-04
7.243100000000374166e+03 1.356988359475508332e-04
7.244000000000374712e+03 1.345037890132516623e-04
7.244900000000374348e+03 1.339253212790936232e-04
7.245800000000373984e+03 1.345228811260312796e-04
7.246700000000374530e+03 1.358381268801167607e-04
7.247600000000375076e+03 1.368912344332784414e-04
7.248500000000374712e+03 1.370090321870520711e-04
7.249400000000374348e+03 1.360269088763743639e-04
7.250300000000374894e+03 1.344892370980232954e-04
7.251200000000375439e+03 1.337595895165577531e-04
7.252100000000375076e+03 1.343697076663374901e-04
7.253000000000374712e+03 1.354722044197842479e-04
7.253900000000375258e+03 1.361784961773082614e-04
7.254800000000375803e+03 1.363164337817579508e-04
7.255700000000375439e+03 1.365332282148301601e-04
7.256600000000375076e+03 1.371231919620186090e-04
7.257500000000375621e+03 1.379705208819359541e-04
7.258400000000376167e+03 1.371036923956125975e-04
7.259300000000375803e+03 1.360855821985751390e-04
7.260200000000375439e+03 1.344790216535329819e-04
7.261100000000375985e+03 1.329783553956076503e-04
7.262000000000376531e+03 1.331543171545490623e-04
7.262900000000376167e+03 1.350769016426056623e-04
7.263800000000375803e+03 1.369619421893730760e-04
7.264700000000376349e+03 1.376408617943525314e-04
7.265600000000376895e+03 1.376017607981339097e-04
7.266500000000376531e+03 1.376174041070044041e-04
7.267400000000376167e+03 1.377616426907479763e-04
7.268300000000376713e+03 1.378379529342055321e-04
7.269200000000377258e+03 1.374942803522571921e-04
7.270100000000376895e+03 1.367006043437868357e-04
7.271000000000376531e+03 1.360701717203482985e-04
7.271900000000377077e+03 1.359701418550685048e-04
7.272800000000377622e+03 1.361252507194876671e-04
7.273700000000377258e+03 1.364349591312929988e-04
7.274600000000376895e+03 1.367459917673841119e-04
7.275500000000377440e+03 1.371560501866042614e-04
7.276400000000377986e+03 1.375993160763755441e-04
7.277300000000377622e+03 1.375594001729041338e-04
7.278200000000377258e+03 1.371917605865746737e-04
7.279100000000377804e+03 1.369366073049604893e-04
7.280000000000378350e+03 1.365264033665880561e-04
7.280900000000377986e+03 1.356664433842524886e-04
7.281800000000377622e+03 1.343930780421942472e-04
7.282700000000378168e+03 1.334455882897600532e-04
7.283600000000378714e+03 1.332170213572680950e-04
7.284500000000378350e+03 1.335290580755099654e-04
7.285400000000377986e+03 1.343063922831788659e-04
7.286300000000378532e+03 1.350869424641132355e-04
7.287200000000379077e+03 1.346872159047052264e-04
7.288100000000378714e+03 1.330301020061597228e-04
7.289000000000378350e+03 1.317241840297356248e-04
7.289900000000378895e+03 1.313861284870654345e-04
7.290800000000379441e+03 1.314082910539582372e-04
7.291700000000379077e+03 1.314446271862834692e-04
7.292600000000378714e+03 1.319931034231558442e-04
7.293500000000379259e+03 1.335911947535350919e-04
7.294400000000379805e+03 1.356492721242830157e-04
7.295300000000379441e+03 1.373611885355785489e-04
7.296200000000379077e+03 1.383445924147963524e-04
7.297100000000379623e+03 1.382717746309936047e-04
7.298000000000380169e+03 1.374939747620373964e-04
7.298900000000379805e+03 1.366878859698772430e-04
7.299800000000379441e+03 1.362885086564347148e-04
7.300700000000379987e+03 1.364506315439939499e-04
7.301600000000380533e+03 1.370731188217177987e-04
7.302500000000380169e+03 1.376376458210870624e-04
7.303400000000379805e+03 1.378921733703464270e-04
7.304300000000380351e+03 1.379298919346183538e-04
7.305200000000380896e+03 1.374594576191157103e-04
7.306100000000380533e+03 1.363675546599552035e-04
7.307000000000380169e+03 1.353176048723980784e-04
7.307900000000380714e+03 1.349918311461806297e-04
7.308800000000381260e+03 1.354081323370337486e-04
7.309700000000380896e+03 1.357662986265495420e-04
7.310600000000380533e+03 1.356195280095562339e-04
7.311500000000381078e+03 1.355540298391133547e-04
7.312400000000381624e+03 1.362058537779375911e-04
7.313300000000381260e+03 1.372099941363558173e-04
7.314200000000380896e+03 1.377594890072941780e-04
7.315100000000381442e+03 1.375579886371269822e-04
7.316000000000381988e+03 1.371455582557246089e-04
7.316900000000381624e+03 1.370846584904938936e-04
7.317800000000381260e+03 1.371680118609219790e-04
7.318700000000381806e+03 1.373686973238363862e-04
7.319600000000382352e+03 1.376335567329078913e-04
7.320500000000381988e+03 1.376136497128754854e-04
7.321400000000381624e+03 1.375249557895585895e-04
7.322300000000382170e+03 1.374088460579514503e-04
7.323200000000382715e+03 1.367765798931941390e-04
7.324100000000382352e+03 1.357838773401454091e-04
7.325000000000381988e+03 1.349219965049996972e-04
7.325900000000382533e+03 1.346822391496971250e-04
7.326800000000383079e+03 1.356840512016788125e-04
7.327700000000382715e+03 1.372880942653864622e-04
7.328600000000382352e+03 1.379813911626115441e-04
7.329500000000382897e+03 1.376010623062029481e-04
7.330400000000383443e+03 1.371800026390701532e-04
7.331300000000383079e+03 1.373368140775710344e-04
7.332200000000382715e+03 1.376741420244798064e-04
7.333100000000383261e+03 1.377965672872960567e-04
7.334000000000383807e+03 1.379624445689842105e-04
7.334900000000383443e+03 1.384882489219307899e-04
7.335800000000383079e+03 1.391746918670833111e-04
7.336700000000383625e+03 1.395963627146556973e-04
7.337600000000384171e+03 1.396037405356764793e-04
7.338500000000383807e+03 1.394702412653714418e-04
7.339400000000383443e+03 1.395730068907141685e-04
7.340300000000383989e+03 1.397590676788240671e-04
7.341200000000384534e+03 1.396936713717877865e-04
7.342100000000384171e+03 1.391155965393409133e-04
7.343000000000383807e+03 1.377559528918936849e-04
7.343900000000384352e+03 1.362907787552103400e-04
7.344800000000384898e+03 1.359435991616919637e-04
7.345700000000384534e+03 1.368665980407968163e-04
7.346600000000384171e+03 1.380228495690971613e-04
7.347500000000384716e+03 1.387285010423511267e-04
7.348400000000385262e+03 1.386389194522053003e-04
7.349300000000384898e+03 1.377904991386458278e-04
7.350200000000384534e+03 1.366977812722325325e-04
7.351100000000385080e+03 1.360693277092650533e-04
7.352000000000385626e+03 1.361964968964457512e-04
7.352900000000385262e+03 1.364023337373510003e-04
7.353800000000384898e+03 1.358802255708724260e-04
7.354700000000385444e+03 1.346948120044544339e-04
7.355600000000385990e+03 1.337211870122700930e-04
7.356500000000385626e+03 1.339449809165671468e-04
7.357400000000385262e+03 1.355836866423487663e-04
7.358300000000385808e+03 1.374932908220216632e-04
7.359200000000386353e+03 1.383793714921921492e-04
7.360100000000385990e+03 1.378841261612251401e-04
7.361000000000385626e+03 1.366086944472044706e-04
7.361900000000386171e+03 1.353945262962952256e-04
7.362800000000386717e+03 1.348394289379939437e-04
7.363700000000386353e+03 1.351534883724525571e-04
7.364600000000385990e+03 1.359640300506725907e-04
7.365500000000386535e+03 1.367101212963461876e-04
7.366400000000387081e+03 1.372768601868301630e-04
7.367300000000386717e+03 1.376463915221393108e-04
7.368200000000386353e+03 1.376418076688423753e-04
7.369100000000386899e+03 1.374811981804668903e-04
7.370000000000387445e+03 1.377027801936492324e-04
7.370900000000387081e+03 1.380792964482679963e-04
7.371800000000386717e+03 1.380314497509971261e-04
7.372700000000387263e+03 1.375268475385382771e-04
7.373600000000387809e+03 1.369895180687308311e-04
7.374500000000387445e+03 1.365974749205633998e-04
7.375400000000387081e+03 1.364032359560951591e-04
7.376300000000387627e+03 1.366659125778824091e-04
7.377200000000388172e+03 1.371446123812347651e-04
7.378100000000387809e+03 1.375638967147096992e-04
7.379000000000387445e+03 1.375518477289006114e-04
7.379900000000387990e+03 1.367358781863003969e-04
7.380800000000388536e+03 1.353705738438293338e-04
7.381700000000388172e+03 1.344191987300291657e-04
7.382600000000387809e+03 1.336480636382475495e-04
7.383500000000388354e+03 1.331202511209994555e-04
7.384400000000388900e+03 1.320925657637417316e-04
7.385300000000388536e+03 1.307537022512406111e-04
7.386200000000388172e+03 1.298578135902062058e-04
7.387100000000388718e+03 1.295891124755144119e-04
7.388000000000389264e+03 1.294597605010494590e-04
7.388900000000388900e+03 1.293688837904483080e-04
7.389800000000388536e+03 1.298420975217595696e-04
7.390700000000389082e+03 1.309224462602287531e-04
7.391600000000389628e+03 1.315756962867453694e-04
7.392500000000389264e+03 1.312592503381893039e-04
7.393400000000388900e+03 1.307538041146472096e-04
7.394300000000389446e+03 1.311623491346836090e-04
7.395200000000389991e+03 1.323314063483849168e-04
7.396100000000389628e+03 1.331257226411253214e-04
7.397000000000389264e+03 1.332671527052298188e-04
7.397900000000389809e+03 1.330855739070102572e-04
7.398800000000390355e+03 1.325940829701721668e-04
7.399700000000389991e+03 1.321385934716090560e-04
7.400600000000389628e+03 1.322922034887596965e-04
7.401500000000390173e+03 1.333276741206645966e-04
7.402400000000390719e+03 1.346713834209367633e-04
7.403300000000390355e+03 1.354500127490609884e-04
7.404200000000389991e+03 1.351573591819033027e-04
7.405100000000390537e+03 1.342426985502243042e-04
7.406000000000391083e+03 1.336454151896759868e-04
7.406900000000390719e+03 1.334489206783473492e-04
7.407800000000390355e+03 1.331085513811558485e-04
7.408700000000390901e+03 1.318120921496301889e-04
7.409600000000391447e+03 1.256165851373225451e-04
