3.540500000000000000e+03 1.859503972809761763e-04
3.541400000000000091e+03 1.834495778894051909e-04
3.542300000000000182e+03 1.839396863942965865e-04
3.543200000000000273e+03 1.865373342297971249e-04
3.544100000000000364e+03 1.880570780485868454e-04
3.545000000000000455e+03 1.884157536551356316e-04
3.545900000000000546e+03 1.893493754323571920e-04
3.546800000000000637e+03 1.893686567200347781e-04
3.547700000000000728e+03 1.884729135781526566e-04
3.548600000000000819e+03 1.889826962724328041e-04
3.549500000000000909e+03 1.909691782202571630e-04
3.550400000000001000e+03 1.918641210068017244e-04
3.551300000000001091e+03 1.905753597384318709e-04
3.552200000000001182e+03 1.881477801362052560e-04
3.553100000000001273e+03 1.853337307693436742e-04
3.554000000000001364e+03 1.836433802964165807e-04
3.554900000000001455e+03 1.846121595008298755e-04
3.555800000000001546e+03 1.862257049651816487e-04
3.556700000000001637e+03 1.861800556071102619e-04
3.557600000000001728e+03 1.858336909208446741e-04
3.558500000000001819e+03 1.862714561866596341e-04
3.559400000000001910e+03 1.869435509433969855e-04
3.560300000000002001e+03 1.871529675554484129e-04
3.561200000000002092e+03 1.885607489384710789e-04
3.562100000000002183e+03 1.924321113619953394e-04
3.563000000000002274e+03 1.939270441653206944e-04
3.563900000000002365e+03 1.877031172625720501e-04
3.564800000000002456e+03 1.762948813848197460e-04
3.565700000000002547e+03 1.689216005615890026e-04
3.566600000000002638e+03 1.708097697701305151e-04
3.567500000000002728e+03 1.754194236127659678e-04
3.568400000000002819e+03 1.745274348650127649e-04
3.569300000000002910e+03 1.695240353001281619e-04
3.570200000000003001e+03 1.663110306253656745e-04
3.571100000000003092e+03 1.659556728554889560e-04
3.572000000000003183e+03 1.685563329374417663e-04
3.572900000000003274e+03 1.706616749288514256e-04
3.573800000000003365e+03 1.725944312056526542e-04
3.574700000000003456e+03 1.742725580697879195e-04
3.575600000000003547e+03 1.755660050548613071e-04
3.576500000000003638e+03 1.762340543791651726e-04
3.577400000000003729e+03 1.760868326527997851e-04
3.578300000000003820e+03 1.764509943313896656e-04
3.579200000000003911e+03 1.767914800439029932e-04
3.580100000000004002e+03 1.726321497699245811e-04
3.581000000000004093e+03 1.665982708800584078e-04
3.581900000000004184e+03 1.676628016866743565e-04
3.582800000000004275e+03 1.726177142700180411e-04
3.583700000000004366e+03 1.683754235273227096e-04
3.584600000000004457e+03 1.561016542837023735e-04
3.585500000000004547e+03 1.496139593655243516e-04
3.586400000000004638e+03 1.533071626909077168e-04
3.587300000000004729e+03 1.596073998371139169e-04
3.588200000000004820e+03 1.639010006329044700e-04
3.589100000000004911e+03 1.678056287346407771e-04
3.590000000000005002e+03 1.750755618559196591e-04
3.590900000000005093e+03 1.840703189373016357e-04
3.591800000000005184e+03 1.871945278253406286e-04
3.592700000000005275e+03 1.837336167227476835e-04
3.593600000000005366e+03 1.818956516217440367e-04
3.594500000000005457e+03 1.846363738877698779e-04
3.595400000000005548e+03 1.892541331471875310e-04
3.596300000000005639e+03 1.930552825797349215e-04
3.597200000000005730e+03 1.950435835169628263e-04
3.598100000000005821e+03 1.956455089384689927e-04
3.599000000000005912e+03 1.955006591742858291e-04
3.599900000000006003e+03 1.946080737980082631e-04
3.600800000000006094e+03 1.905190583784133196e-04
3.601700000000006185e+03 1.820798934204503894e-04
3.602600000000006276e+03 1.736281410558149219e-04
3.603500000000006366e+03 1.696140243439003825e-04
3.604400000000006457e+03 1.689715281827375293e-04
3.605300000000006548e+03 1.704831374809145927e-04
3.606200000000006639e+03 1.749255752656608820e-04
3.607100000000006730e+03 1.776050776243209839e-04
3.608000000000006821e+03 1.734433899400755763e-04
3.608900000000006912e+03 1.668920886004343629e-04
3.609800000000007003e+03 1.648797187954187393e-04
3.610700000000007094e+03 1.683451264398172498e-04
3.611600000000007185e+03 1.714110403554514050e-04
3.612500000000007276e+03 1.693567319307476282e-04
3.613400000000007367e+03 1.676416140981018543e-04
3.614300000000007458e+03 1.741083688102662563e-04
3.615200000000007549e+03 1.838103489717468619e-04
3.616100000000007640e+03 1.867645187303423882e-04
3.617000000000007731e+03 1.794342097127810121e-04
3.617900000000007822e+03 1.670496567385271192e-04
3.618800000000007913e+03 1.607660669833421707e-04
3.619700000000008004e+03 1.640020054765045643e-04
3.620600000000008095e+03 1.704246533336117864e-04
3.621500000000008185e+03 1.764056505635380745e-04
3.622400000000008276e+03 1.818541932152584195e-04
3.623300000000008367e+03 1.831351255532354116e-04
3.624200000000008458e+03 1.828695385484024882e-04
3.625100000000008549e+03 1.887754915514960885e-04
3.626000000000008640e+03 1.977099600480869412e-04
3.626900000000008731e+03 2.016443322645500302e-04
3.627800000000008822e+03 2.002116380026564002e-04
3.628700000000008913e+03 1.955711049959063530e-04
3.629600000000009004e+03 1.842422934714704752e-04
3.630500000000009095e+03 1.671584323048591614e-04
3.631400000000009186e+03 1.578155352035537362e-04
3.632300000000009277e+03 1.620360126253217459e-04
3.633200000000009368e+03 1.702505396679043770e-04
3.634100000000009459e+03 1.745607441989704967e-04
3.635000000000009550e+03 1.775915588950738311e-04
3.635900000000009641e+03 1.818039017962291837e-04
3.636800000000009732e+03 1.851508859544992447e-04
3.637700000000009823e+03 1.877947506727650762e-04
3.638600000000009913e+03 1.912185689434409142e-04
3.639500000000010004e+03 1.931839942699298263e-04
3.640400000000010095e+03 1.913560845423489809e-04
3.641300000000010186e+03 1.876599853858351707e-04
3.642200000000010277e+03 1.841308258008211851e-04
3.643100000000010368e+03 1.810575049603357911e-04
3.644000000000010459e+03 1.774499687599018216e-04
3.644900000000010550e+03 1.750958035700023174e-04
3.645800000000010641e+03 1.758419384714215994e-04
3.646700000000010732e+03 1.761526509653776884e-04
3.647600000000010823e+03 1.737521961331367493e-04
3.648500000000010914e+03 1.727809139993041754e-04
3.649400000000011005e+03 1.738902356009930372e-04
3.650300000000011096e+03 1.766163477441295981e-04
3.651200000000011187e+03 1.821398764150217175e-04
3.652100000000011278e+03 1.894102897495031357e-04
3.653000000000011369e+03 1.942928647622466087e-04
3.653900000000011460e+03 1.948315330082550645e-04
3.654800000000011551e+03 1.936736371135339141e-04
3.655700000000011642e+03 1.943911338457837701e-04
3.656600000000011732e+03 1.972858008230105042e-04
3.657500000000011823e+03 1.994827180169522762e-04
3.658400000000011914e+03 1.997924555325880647e-04
3.659300000000012005e+03 1.988058356801047921e-04
3.660200000000012096e+03 1.976947824005037546e-04
3.661100000000012187e+03 1.962689420906826854e-04
3.662000000000012278e+03 1.934993633767589927e-04
3.662900000000012369e+03 1.902651711134240031e-04
3.663800000000012460e+03 1.883893710328266025e-04
3.664700000000012551e+03 1.900206843856722116e-04
3.665600000000012642e+03 1.932144950842484832e-04
3.666500000000012733e+03 1.944650284713134170e-04
3.667400000000012824e+03 1.932887680595740676e-04
3.668300000000012915e+03 1.889712293632328510e-04
3.669200000000013006e+03 1.839667966123670340e-04
3.670100000000013097e+03 1.846677041612565517e-04
3.671000000000013188e+03 1.915960456244647503e-04
3.671900000000013279e+03 1.977678621187806129e-04
3.672800000000013370e+03 1.981779641937464476e-04
3.673700000000013461e+03 1.959100482054054737e-04
3.674600000000013551e+03 1.961001835297793150e-04
3.675500000000013642e+03 1.950597797986119986e-04
3.676400000000013733e+03 1.875394373200833797e-04
3.677300000000013824e+03 1.788215886335819960e-04
3.678200000000013915e+03 1.766407949617132545e-04
3.679100000000014006e+03 1.782577601261436939e-04
3.680000000000014097e+03 1.804886705940589309e-04
3.680900000000014188e+03 1.837777963373810053e-04
3.681800000000014279e+03 1.860622141975909472e-04
3.682700000000014370e+03 1.868231338448822498e-04
3.683600000000014461e+03 1.865101221483200788e-04
3.684500000000014552e+03 1.824580685934051871e-04
3.685400000000014643e+03 1.752638927428051829e-04
3.686300000000014734e+03 1.702146255411207676e-04
3.687200000000014825e+03 1.715907710604369640e-04
3.688100000000014916e+03 1.803326449589803815e-04
3.689000000000015007e+03 1.903404045151546597e-04
3.689900000000015098e+03 1.947149430634453893e-04
3.690800000000015189e+03 1.949097350006923079e-04
3.691700000000015280e+03 1.967750868061557412e-04
3.692600000000015370e+03 1.994875492528080940e-04
3.693500000000015461e+03 1.996285864152014256e-04
3.694400000000015552e+03 1.980310917133465409e-04
3.695300000000015643e+03 1.934278116095811129e-04
3.696200000000015734e+03 1.846272207330912352e-04
3.697100000000015825e+03 1.815752766560763121e-04
3.698000000000015916e+03 1.926641562022268772e-04
3.698900000000016007e+03 2.105692838085815310e-04
3.699800000000016098e+03 2.214284177171066403e-04
3.700700000000016189e+03 2.193374384660273790e-04
3.701600000000016280e+03 2.079525729641318321e-04
3.702500000000016371e+03 1.912862644530832767e-04
3.703400000000016462e+03 1.745242188917472959e-04
3.704300000000016553e+03 1.660442794673144817e-04
3.705200000000016644e+03 1.682049623923376203e-04
3.706100000000016735e+03 1.788082881830632687e-04
3.707000000000016826e+03 1.919621281558647752e-04
3.707900000000016917e+03 1.986967254197224975e-04
3.708800000000017008e+03 1.955040206667035818e-04
3.709700000000017099e+03 1.863782526925206184e-04
3.710600000000017189e+03 1.758048747433349490e-04
3.711500000000017280e+03 1.691758516244590282e-04
3.712400000000017371e+03 1.762247411534190178e-04
3.713300000000017462e+03 1.973210164578631520e-04
3.714200000000017553e+03 2.164804900530725718e-04
3.715100000000017644e+03 2.255428407806903124e-04
3.716000000000017735e+03 2.329241542611271143e-04
3.716900000000017826e+03 2.396136696916073561e-04
3.717800000000017917e+03 2.349055430386215448e-04
3.718700000000018008e+03 2.148651838069781661e-04
3.719600000000018099e+03 1.865490048658102751e-04
3.720500000000018190e+03 1.594574860064312816e-04
3.721400000000018281e+03 1.437362079741433263e-04
3.722300000000018372e+03 1.488116831751540303e-04
3.723200000000018463e+03 1.721456792438402772e-04
3.724100000000018554e+03 2.008823066717013717e-04
3.725000000000018645e+03 2.251026744488626719e-04
3.725900000000018736e+03 2.353280433453619480e-04
3.726800000000018827e+03 2.303437941009178758e-04
3.727700000000018917e+03 2.285458613187074661e-04
3.728600000000019008e+03 2.386011037742719054e-04
3.729500000000019099e+03 2.424934500595554709e-04
3.730400000000019190e+03 2.292894932907074690e-04
3.731300000000019281e+03 2.063773863483220339e-04
3.732200000000019372e+03 1.796400611056014895e-04
3.733100000000019463e+03 1.524914987385272980e-04
3.734000000000019554e+03 1.353458646917715669e-04
3.734900000000019645e+03 1.371053513139486313e-04
3.735800000000019736e+03 1.524189865449443460e-04
3.736700000000019827e+03 1.728067436488345265e-04
3.737600000000019918e+03 1.987463620025664568e-04
3.738500000000020009e+03 2.276342274853959680e-04
3.739400000000020100e+03 2.512057544663548470e-04
3.740300000000020191e+03 2.648454101290553808e-04
3.741200000000020282e+03 2.660338359419256449e-04
3.742100000000020373e+03 2.571130171418190002e-04
3.743000000000020464e+03 2.463509736116975546e-04
3.743900000000020555e+03 2.385571715421974659e-04
3.744800000000020646e+03 2.277132443850860000e-04
3.745700000000020736e+03 2.116353716701269150e-04
3.746600000000020827e+03 1.954889157786965370e-04
3.747500000000020918e+03 1.745964400470256805e-04
3.748400000000021009e+03 1.479496859246864915e-04
3.749300000000021100e+03 1.296019472647458315e-04
3.750200000000021191e+03 1.339591835858300328e-04
3.751100000000021282e+03 1.591126783750951290e-04
3.752000000000021373e+03 1.900023780763149261e-04
3.752900000000021464e+03 2.169258659705519676e-04
3.753800000000021555e+03 2.408037835266441107e-04
3.754700000000021646e+03 2.634102420415729284e-04
3.755600000000021737e+03 2.778426860459148884e-04
3.756500000000021828e+03 2.741443167906254530e-04
3.757400000000021919e+03 2.572337980382144451e-04
3.758300000000022010e+03 2.471303450874984264e-04
3.759200000000022101e+03 2.517448447179049253e-04
3.760100000000022192e+03 2.606539637781679630e-04
3.761000000000022283e+03 2.653585688676685095e-04
3.761900000000022374e+03 2.688389213290065527e-04
3.762800000000022465e+03 2.694516733754426241e-04
3.763700000000022555e+03 2.644492196850478649e-04
3.764600000000022646e+03 2.586291520856320858e-04
3.765500000000022737e+03 2.475785149727016687e-04
3.766400000000022828e+03 2.277320891153067350e-04
3.767300000000022919e+03 2.069028996629640460e-04
3.768200000000023010e+03 1.896941103041172028e-04
3.769100000000023101e+03 1.704272290226072073e-04
3.770000000000023192e+03 1.529558212496340275e-04
3.770900000000023283e+03 1.541919045848771930e-04
3.771800000000023374e+03 1.774592965375632048e-04
3.772700000000023465e+03 2.060044062091037631e-04
3.773600000000023556e+03 2.262148045701906085e-04
3.774500000000023647e+03 2.404606493655592203e-04
3.775400000000023738e+03 2.553221129346638918e-04
3.776300000000023829e+03 2.731346467044204473e-04
3.777200000000023920e+03 2.908870810642838478e-04
3.778100000000024011e+03 3.049488295800983906e-04
3.779000000000024102e+03 3.185904060956090689e-04
3.779900000000024193e+03 3.328224411234259605e-04
3.780800000000024284e+03 3.415811515878885984e-04
3.781700000000024374e+03 3.440582368057221174e-04
3.782600000000024465e+03 3.466930647846311331e-04
3.783500000000024556e+03 3.531291149556636810e-04
3.784400000000024647e+03 3.547546803019940853e-04
3.785300000000024738e+03 3.396424290258437395e-04
3.786200000000024829e+03 3.168611438013613224e-04
3.787100000000024920e+03 3.029455256182700396e-04
3.788000000000025011e+03 2.961669233627617359e-04
3.788900000000025102e+03 2.895854413509368896e-04
3.789800000000025193e+03 2.839080407284200191e-04
3.790700000000025284e+03 2.799618232529610395e-04
3.791600000000025375e+03 2.731913700699806213e-04
3.792500000000025466e+03 2.580590953584760427e-04
3.793400000000025557e+03 2.359399513807147741e-04
3.794300000000025648e+03 2.125869505107402802e-04
3.795200000000025739e+03 1.911622239276766777e-04
3.796100000000025830e+03 1.695753744570538402e-04
3.797000000000025921e+03 1.479786005802452564e-04
3.797900000000026012e+03 1.377077423967421055e-04
3.798800000000026102e+03 1.496363111073151231e-04
3.799700000000026193e+03 1.783572806743904948e-04
3.800600000000026284e+03 2.091180504066869617e-04
3.801500000000026375e+03 2.355299657210707664e-04
3.802400000000026466e+03 2.610060037113726139e-04
3.803300000000026557e+03 2.830225566867738962e-04
3.804200000000026648e+03 2.959737321361899376e-04
3.805100000000026739e+03 3.008898347616195679e-04
3.806000000000026830e+03 3.017279668711125851e-04
3.806900000000026921e+03 3.058705769944936037e-04
3.807800000000027012e+03 3.211213625036180019e-04
3.808700000000027103e+03 3.429187054280191660e-04
3.809600000000027194e+03 3.623607626650482416e-04
3.810500000000027285e+03 3.746088477782905102e-04
3.811400000000027376e+03 3.748489543795585632e-04
3.812300000000027467e+03 3.599571064114570618e-04
3.813200000000027558e+03 3.385306335985660553e-04
3.814100000000027649e+03 3.255953779444098473e-04
3.815000000000027740e+03 3.251201414968818426e-04
3.815900000000027831e+03 3.356230736244469881e-04
3.816800000000027921e+03 3.535328141879290342e-04
3.817700000000028012e+03 3.657078195828944445e-04
3.818600000000028103e+03 3.608640690799802542e-04
3.819500000000028194e+03 3.428961499594151974e-04
3.820400000000028285e+03 3.297666262369602919e-04
3.821300000000028376e+03 3.345398872625082731e-04
3.822200000000028467e+03 3.450738440733402967e-04
3.823100000000028558e+03 3.383073781151324511e-04
3.824000000000028649e+03 3.145332448184490204e-04
3.824900000000028740e+03 2.946525928564369678e-04
3.825800000000028831e+03 2.850891905836760998e-04
3.826700000000028922e+03 2.777579356916248798e-04
3.827600000000029013e+03 2.681715996004641056e-04
3.828500000000029104e+03 2.571403747424483299e-04
3.829400000000029195e+03 2.471170737408101559e-04
3.830300000000029286e+03 2.360339567530900240e-04
3.831200000000029377e+03 2.174082474084571004e-04
3.832100000000029468e+03 1.916681503644213080e-04
3.833000000000029559e+03 1.670853671384975314e-04
3.833900000000029650e+03 1.465587411075830460e-04
3.834800000000029740e+03 1.341212482657283545e-04
3.835700000000029831e+03 1.377087610308080912e-04
3.836600000000029922e+03 1.548263971926644444e-04
3.837500000000030013e+03 1.739486469887197018e-04
3.838400000000030104e+03 1.908925187308341265e-04
3.839300000000030195e+03 2.072689385386183858e-04
3.840200000000030286e+03 2.242284244857728481e-04
3.841100000000030377e+03 2.468186139594763517e-04
3.842000000000030468e+03 2.731488784775137901e-04
3.842900000000030559e+03 2.936090750154107809e-04
3.843800000000030650e+03 3.066160134039819241e-04
3.844700000000030741e+03 3.154732112307101488e-04
3.845600000000030832e+03 3.233485040254890919e-04
3.846500000000030923e+03 3.355263324920088053e-04
3.847400000000031014e+03 3.501088067423552275e-04
3.848300000000031105e+03 3.551378031261265278e-04
3.849200000000031196e+03 3.503184125293046236e-04
3.850100000000031287e+03 3.535367141012102365e-04
3.851000000000031378e+03 3.715386555995792150e-04
3.851900000000031469e+03 3.870047803502529860e-04
3.852800000000031559e+03 3.878037096001207829e-04
3.853700000000031650e+03 3.815895179286599159e-04
3.854600000000031741e+03 3.740940010175108910e-04
3.855500000000031832e+03 3.688457654789090157e-04
3.856400000000031923e+03 3.759128740057349205e-04
3.857300000000032014e+03 3.883412864524871111e-04
3.858200000000032105e+03 3.869176725856959820e-04
3.859100000000032196e+03 3.780922270379960537e-04
3.860000000000032287e+03 3.819417615886777639e-04
3.860900000000032378e+03 3.959099412895739079e-04
3.861800000000032469e+03 4.041980137117207050e-04
3.862700000000032560e+03 4.046658577863126993e-04
3.863600000000032651e+03 4.036672180518507957e-04
3.864500000000032742e+03 4.002656787633895874e-04
3.865400000000032833e+03 3.944406053051352501e-04
3.866300000000032924e+03 3.942287876270711422e-04
3.867200000000033015e+03 4.019616753794252872e-04
3.868100000000033106e+03 4.098467179574072361e-04
3.869000000000033197e+03 4.104086256120353937e-04
3.869900000000033288e+03 4.029235860798507929e-04
3.870800000000033378e+03 3.873669193126261234e-04
3.871700000000033469e+03 3.658036876004189253e-04
3.872600000000033560e+03 3.514447016641497612e-04
3.873500000000033651e+03 3.548706590663641691e-04
3.874400000000033742e+03 3.679065848700702190e-04
3.875300000000033833e+03 3.748980816453695297e-04
3.876200000000033924e+03 3.670251753646880388e-04
3.877100000000034015e+03 3.420352586545050144e-04
3.878000000000034106e+03 3.145703813061118126e-04
3.878900000000034197e+03 3.091839025728404522e-04
3.879800000000034288e+03 3.199539787601679564e-04
3.880700000000034379e+03 3.186096728313714266e-04
3.881600000000034470e+03 2.998702402692288160e-04
3.882500000000034561e+03 2.801230875775218010e-04
3.883400000000034652e+03 2.681754413060843945e-04
3.884300000000034743e+03 2.545355528127402067e-04
3.885200000000034834e+03 2.305619273101910949e-04
3.886100000000034925e+03 2.019225648837164044e-04
3.887000000000035016e+03 1.770067028701305389e-04
3.887900000000035106e+03 1.564069971209391952e-04
3.888800000000035197e+03 1.452738506486639380e-04
3.889700000000035288e+03 1.548094151075929403e-04
3.890600000000035379e+03 1.817613228922709823e-04
3.891500000000035470e+03 2.120769204339012504e-04
3.892400000000035561e+03 2.369131252635270357e-04
3.893300000000035652e+03 2.541785943321883678e-04
3.894200000000035743e+03 2.657221048139035702e-04
3.895100000000035834e+03 2.760768402367830276e-04
3.896000000000035925e+03 2.903324202634394169e-04
3.896900000000036016e+03 3.059441514778882265e-04
3.897800000000036107e+03 3.155781596433371305e-04
3.898700000000036198e+03 3.201213839929550886e-04
3.899600000000036289e+03 3.274946939200162888e-04
3.900500000000036380e+03 3.462705644778907299e-04
3.901400000000036471e+03 3.665336989797651768e-04
3.902300000000036562e+03 3.704220289364457130e-04
3.903200000000036653e+03 3.668015706352889538e-04
3.904100000000036744e+03 3.687264979816973209e-04
3.905000000000036835e+03 3.665247932076454163e-04
3.905900000000036925e+03 3.623577649705111980e-04
3.906800000000037016e+03 3.723374393302947283e-04
3.907700000000037107e+03 3.941549803130328655e-04
3.908600000000037198e+03 4.133124311920255423e-04
3.909500000000037289e+03 4.243260773364454508e-04
3.910400000000037380e+03 4.298310668673366308e-04
3.911300000000037471e+03 4.313021199777722359e-04
3.912200000000037562e+03 4.259095876477658749e-04
3.913100000000037653e+03 4.145404091104865074e-04
3.914000000000037744e+03 4.093646421097218990e-04
3.914900000000037835e+03 4.130851011723279953e-04
3.915800000000037926e+03 4.123126564081758261e-04
3.916700000000038017e+03 4.063254455104470253e-04
3.917600000000038108e+03 4.029297269880771637e-04
3.918500000000038199e+03 4.013718280475586653e-04
3.919400000000038290e+03 4.009648109786212444e-04
3.920300000000038381e+03 4.026876122225075960e-04
3.921200000000038472e+03 4.079198406543582678e-04
3.922100000000038563e+03 4.142218967899680138e-04
3.923000000000038654e+03 4.199398681521415710e-04
3.923900000000038744e+03 4.243747971486300230e-04
3.924800000000038835e+03 4.204636788927018642e-04
3.925700000000038926e+03 4.093456373084336519e-04
3.926600000000039017e+03 3.983884234912693501e-04
3.927500000000039108e+03 3.850412613246589899e-04
3.928400000000039199e+03 3.669714787974953651e-04
3.929300000000039290e+03 3.454745456110686064e-04
3.930200000000039381e+03 3.214084426872432232e-04
3.931100000000039472e+03 2.928656176663935184e-04
3.932000000000039563e+03 2.524476440157741308e-04
3.932900000000039654e+03 2.093055663863196969e-04
3.933800000000039745e+03 1.963965623872354627e-04
3.934700000000039836e+03 2.270758704980835319e-04
3.935600000000039927e+03 2.773203304968774319e-04
3.936500000000040018e+03 3.191519645042717457e-04
3.937400000000040109e+03 3.444952017161995173e-04
3.938300000000040200e+03 3.628983686212450266e-04
3.939200000000040291e+03 3.829275665339082479e-04
3.940100000000040382e+03 3.972840204369276762e-04
3.941000000000040473e+03 3.993057471234351397e-04
3.941900000000040563e+03 3.945709322579205036e-04
3.942800000000040654e+03 3.870608634315431118e-04
3.943700000000040745e+03 3.799134574364870787e-04
3.944600000000040836e+03 3.843150334432721138e-04
3.945500000000040927e+03 4.019713960587978363e-04
3.946400000000041018e+03 4.132412432227283716e-04
3.947300000000041109e+03 4.057571059092879295e-04
3.948200000000041200e+03 3.924228367395699024e-04
3.949100000000041291e+03 3.884973120875656605e-04
3.950000000000041382e+03 3.927665820810943842e-04
3.950900000000041473e+03 3.936722350772470236e-04
3.951800000000041564e+03 3.863576566800475121e-04
3.952700000000041655e+03 3.817524120677262545e-04
3.953600000000041746e+03 3.883126773871481419e-04
3.954500000000041837e+03 3.916484711226075888e-04
3.955400000000041928e+03 3.768972819671034813e-04
3.956300000000042019e+03 3.563613281585276127e-04
3.957200000000042110e+03 3.490814706310629845e-04
3.958100000000042201e+03 3.542660560924559832e-04
3.959000000000042292e+03 3.579599433578550816e-04
3.959900000000042382e+03 3.478255821391940117e-04
3.960800000000042473e+03 3.236528427805751562e-04
3.961700000000042564e+03 2.983336453326046467e-04
3.962600000000042655e+03 2.807532728184014559e-04
3.963500000000042746e+03 2.670725225470960140e-04
3.964400000000042837e+03 2.499671536497771740e-04
3.965300000000042928e+03 2.254304417874664068e-04
3.966200000000043019e+03 1.931806764332577586e-04
3.967100000000043110e+03 1.568463922012597322e-04
3.968000000000043201e+03 1.237797114299610257e-04
3.968900000000043292e+03 1.048958074534311891e-04
3.969800000000043383e+03 1.070926446118392050e-04
3.970700000000043474e+03 1.276465045521035790e-04
3.971600000000043565e+03 1.575397036504000425e-04
3.972500000000043656e+03 1.868808176368474960e-04
3.973400000000043747e+03 2.117563853971660137e-04
3.974300000000043838e+03 2.353903109906241298e-04
3.975200000000043929e+03 2.579605206847190857e-04
3.976100000000044020e+03 2.760274801403284073e-04
3.977000000000044110e+03 2.922581043094396591e-04
3.977900000000044201e+03 3.112476260866969824e-04
3.978800000000044292e+03 3.310524043627083302e-04
3.979700000000044383e+03 3.481816966086626053e-04
3.980600000000044474e+03 3.565636288840323687e-04
3.981500000000044565e+03 3.555541334208101034e-04
3.982400000000044656e+03 3.553180140443146229e-04
3.983300000000044747e+03 3.617953625507652760e-04
3.984200000000044838e+03 3.728547017090022564e-04
3.985100000000044929e+03 3.841969592031091452e-04
3.986000000000045020e+03 3.920319722965359688e-04
3.986900000000045111e+03 3.995830484200268984e-04
3.987800000000045202e+03 4.101241065654903650e-04
3.988700000000045293e+03 4.153627960477024317e-04
3.989600000000045384e+03 4.131630994379520416e-04
3.990500000000045475e+03 4.137078067287802696e-04
3.991400000000045566e+03 4.213146457914263010e-04
3.992300000000045657e+03 4.316649283282458782e-04
3.993200000000045748e+03 4.385799111332744360e-04
3.994100000000045839e+03 4.381549078971147537e-04
3.995000000000045929e+03 4.315039550419896841e-04
3.995900000000046020e+03 4.215763765387237072e-04
3.996800000000046111e+03 4.122156533412635326e-04
3.997700000000046202e+03 4.116667259950190783e-04
3.998600000000046293e+03 4.253081569913774729e-04
3.999500000000046384e+03 4.435783193912357092e-04
4.000400000000046475e+03 4.510422295425087214e-04
4.001300000000046566e+03 4.467325343284755945e-04
4.002200000000046657e+03 4.429686523508280516e-04
4.003100000000046748e+03 4.428159154485911131e-04
4.004000000000046839e+03 4.335621197242289782e-04
4.004900000000046930e+03 4.150714376010000706e-04
4.005800000000047021e+03 4.100302176084369421e-04
4.006700000000047112e+03 4.267198673915117979e-04
4.007600000000047203e+03 4.482159274630248547e-04
4.008500000000047294e+03 4.591823089867830276e-04
4.009400000000047385e+03 4.603484412655234337e-04
4.010300000000047476e+03 4.583913541864603758e-04
4.011200000000047567e+03 4.525507974904030561e-04
4.012100000000047658e+03 4.453691362868994474e-04
4.013000000000047748e+03 4.453088040463626385e-04
4.013900000000047839e+03 4.501124203670769930e-04
4.014800000000047930e+03 4.549859149847179651e-04
4.015700000000048021e+03 4.579111409839242697e-04
4.016600000000048112e+03 4.546413838397711515e-04
4.017500000000048203e+03 4.518284404184669256e-04
4.018400000000048294e+03 4.610126779880374670e-04
4.019300000000048385e+03 4.752399399876594543e-04
4.020200000000048476e+03 4.790682287421077490e-04
4.021100000000048567e+03 4.714360693469643593e-04
4.022000000000048658e+03 4.625088477041572332e-04
4.022900000000048749e+03 4.559658118523657322e-04
4.023800000000048840e+03 4.466495884116739035e-04
4.024700000000048931e+03 4.412595590110868216e-04
4.025600000000049022e+03 4.526826669462025166e-04
4.026500000000049113e+03 4.704089660663157701e-04
4.027400000000049204e+03 4.764780751429498196e-04
4.028300000000049295e+03 4.702723526861518621e-04
4.029200000000049386e+03 4.536350024864077568e-04
4.030100000000049477e+03 4.299568245187401772e-04
4.031000000000049567e+03 4.150624445173889399e-04
4.031900000000049658e+03 4.146401188336312771e-04
4.032800000000049749e+03 4.210469778627157211e-04
4.033700000000049840e+03 4.315290425438433886e-04
4.034600000000049931e+03 4.430956032592803240e-04
4.035500000000050022e+03 4.539676592685282230e-04
4.036400000000050113e+03 4.652386414818465710e-04
4.037300000000050204e+03 4.734988033305853605e-04
4.038200000000050295e+03 4.757079877890646458e-04
4.039100000000050386e+03 4.721294390037655830e-04
4.040000000000050477e+03 4.648769390769302845e-04
4.040900000000050568e+03 4.604460846167057753e-04
4.041800000000050659e+03 4.648533940780907869e-04
4.042700000000050750e+03 4.687000473495572805e-04
4.043600000000050841e+03 4.556079220492392778e-04
4.044500000000050932e+03 4.265223979018628597e-04
4.045400000000051023e+03 4.045872774440795183e-04
4.046300000000051114e+03 4.149350861553102732e-04
4.047200000000051205e+03 4.444625228643417358e-04
4.048100000000051296e+03 4.586094873957335949e-04
4.049000000000051386e+03 4.565909330267459154e-04
4.049900000000051477e+03 4.579476953949779272e-04
4.050800000000051568e+03 4.604336572811007500e-04
4.051700000000051659e+03 4.541798261925578117e-04
4.052600000000051750e+03 4.423257778398692608e-04
4.053500000000051841e+03 4.324430192355066538e-04
4.054400000000051932e+03 4.286492476239800453e-04
4.055300000000052023e+03 4.317959246691316366e-04
4.056200000000052114e+03 4.346302303019911051e-04
4.057100000000052205e+03 4.308651550672948360e-04
4.058000000000052296e+03 4.290871147532016039e-04
4.058900000000052387e+03 4.384671046864241362e-04
4.059800000000052478e+03 4.513620515353977680e-04
4.060700000000052569e+03 4.539895453490316868e-04
4.061600000000052660e+03 4.403076018206775188e-04
4.062500000000052751e+03 4.163760168012231588e-04
4.063400000000052842e+03 4.022248322144150734e-04
4.064300000000052933e+03 4.131810565013438463e-04
4.065200000000053024e+03 4.312629753258079290e-04
4.066100000000053114e+03 4.310316289775073528e-04
4.067000000000053205e+03 4.214186919853091240e-04
4.067900000000053296e+03 4.267059266567230225e-04
4.068800000000053387e+03 4.425256338436156511e-04
4.069700000000053478e+03 4.442643548827618361e-04
4.070600000000053569e+03 4.265972820576280355e-04
4.071500000000053660e+03 4.105223924852907658e-04
4.072400000000053751e+03 4.143846163060516119e-04
4.073300000000053842e+03 4.285041941329836845e-04
4.074200000000053933e+03 4.313288372941315174e-04
4.075100000000054024e+03 4.153955669607967138e-04
4.076000000000054115e+03 3.853668749798089266e-04
4.076900000000054206e+03 3.571782726794481277e-04
4.077800000000054297e+03 3.537346201483160257e-04
4.078700000000054388e+03 3.769139584619551897e-04
4.079600000000054479e+03 4.045313980896025896e-04
4.080500000000054570e+03 4.220824921503663063e-04
4.081400000000054661e+03 4.271858197171241045e-04
4.082300000000054752e+03 4.200784023851156235e-04
4.083200000000054843e+03 4.066949477419257164e-04
4.084100000000054933e+03 3.941655741073191166e-04
4.085000000000055024e+03 3.851966757792979479e-04
4.085900000000055115e+03 3.824562882073223591e-04
4.086800000000055206e+03 3.863037272822111845e-04
4.087700000000055297e+03 3.912879328709095716e-04
4.088600000000055388e+03 3.908290236722677946e-04
4.089500000000055479e+03 3.838165721390396357e-04
4.090400000000055570e+03 3.742402768693864346e-04
4.091300000000055661e+03 3.644892713055014610e-04
4.092200000000055752e+03 3.544281353242695332e-04
4.093100000000055843e+03 3.461173037067055702e-04
4.094000000000055934e+03 3.367363242432475090e-04
4.094900000000056025e+03 3.201413783244788647e-04
4.095800000000056116e+03 2.992044901475310326e-04
4.096700000000056207e+03 2.795321343000978231e-04
4.097600000000056752e+03 2.614606928545981646e-04
4.098500000000056389e+03 2.433507324894890189e-04
4.099400000000056025e+03 2.211325045209378004e-04
4.100300000000056571e+03 1.909153652377426624e-04
4.101200000000057116e+03 1.643781288294121623e-04
4.102100000000056752e+03 1.626923913136124611e-04
4.103000000000056389e+03 1.867872633738443255e-04
4.103900000000056934e+03 2.184135519200935960e-04
4.104800000000057480e+03 2.464309509377926588e-04
4.105700000000057116e+03 2.698151511140167713e-04
4.106600000000056752e+03 2.876042271964251995e-04
4.107500000000057298e+03 3.003971360158175230e-04
4.108400000000057844e+03 3.096577129326760769e-04
4.109300000000057480e+03 3.152234712615609169e-04
4.110200000000057116e+03 3.197455080226063728e-04
4.111100000000057662e+03 3.281063691247254610e-04
4.112000000000058208e+03 3.410160716157406569e-04
4.112900000000057844e+03 3.569168620742857456e-04
4.113800000000057480e+03 3.730647440534085035e-04
4.114700000000058026e+03 3.869568463414907455e-04
4.115600000000058571e+03 3.981133922934532166e-04
4.116500000000058208e+03 4.032519354950636625e-04
4.117400000000057844e+03 3.968797100242227316e-04
4.118300000000058390e+03 3.844779275823384523e-04
4.119200000000058935e+03 3.823225561063736677e-04
4.120100000000058571e+03 3.933099796995520592e-04
4.121000000000058208e+03 4.015766025986522436e-04
4.121900000000058753e+03 3.993130521848797798e-04
4.122800000000059299e+03 3.975521831307560205e-04
4.123700000000058935e+03 4.053643497172743082e-04
4.124600000000058571e+03 4.162281402386724949e-04
4.125500000000059117e+03 4.182380216661840677e-04
4.126400000000059663e+03 4.085616965312510729e-04
4.127300000000059299e+03 3.932483668904751539e-04
4.128200000000058935e+03 3.839789424091577530e-04
4.129100000000059481e+03 3.854501119349151850e-04
4.130000000000060027e+03 3.891454252880066633e-04
4.130900000000059663e+03 3.871940425597131252e-04
4.131800000000059299e+03 3.831773647107183933e-04
4.132700000000059845e+03 3.880550793837755919e-04
4.133600000000060390e+03 4.017620813101530075e-04
4.134500000000060027e+03 4.167817824054509401e-04
4.135400000000059663e+03 4.308898060116916895e-04
4.136300000000060209e+03 4.373769043013453484e-04
4.137200000000060754e+03 4.363581829238682985e-04
4.138100000000060390e+03 4.400782345328480005e-04
4.139000000000060027e+03 4.493684391491115093e-04
4.139900000000060572e+03 4.554247134365141392e-04
4.140800000000061118e+03 4.525967815425246954e-04
4.141700000000060754e+03 4.371828108560293913e-04
4.142600000000060390e+03 4.124885017517954111e-04
4.143500000000060936e+03 3.976707230322062969e-04
4.144400000000061482e+03 4.057913902215659618e-04
4.145300000000061118e+03 4.230475460644811392e-04
4.146200000000060754e+03 4.332691605668514967e-04
4.147100000000061300e+03 4.375553689897060394e-04
4.148000000000061846e+03 4.372701223473995924e-04
4.148900000000061482e+03 4.313354438636451960e-04
4.149800000000061118e+03 4.252916260156780481e-04
4.150700000000061664e+03 4.251693608239293098e-04
4.151600000000062209e+03 4.269293567631393671e-04
4.152500000000061846e+03 4.257213731762021780e-04
4.153400000000061482e+03 4.195194051135331392e-04
4.154300000000062028e+03 4.129619919694960117e-04
4.155200000000062573e+03 4.126079147681593895e-04
4.156100000000062209e+03 4.141862737014889717e-04
4.157000000000061846e+03 4.167458100710064173e-04
4.157900000000062391e+03 4.242204886395484209e-04
4.158800000000062937e+03 4.327056522015482187e-04
4.159700000000062573e+03 4.349192313384264708e-04
4.160600000000062209e+03 4.293105448596179485e-04
4.161500000000062755e+03 4.273407394066452980e-04
4.162400000000063301e+03 4.357449070084840059e-04
4.163300000000062937e+03 4.439108597580343485e-04
4.164200000000062573e+03 4.481979412958025932e-04
4.165100000000063119e+03 4.499365168157964945e-04
4.166000000000063665e+03 4.448223626241087914e-04
4.166900000000063301e+03 4.361814935691654682e-04
4.167800000000062937e+03 4.363819025456905365e-04
4.168700000000063483e+03 4.441447963472455740e-04
4.169600000000064028e+03 4.421382618602365255e-04
4.170500000000063665e+03 4.239905974827706814e-04
4.171400000000063301e+03 3.985175862908363342e-04
4.172300000000063847e+03 3.790499176830053329e-04
4.173200000000064392e+03 3.772635536734014750e-04
4.174100000000064028e+03 3.924501943401992321e-04
4.175000000000063665e+03 4.097295459359884262e-04
4.175900000000064210e+03 4.148824082221835852e-04
4.176800000000064756e+03 4.053635930176824331e-04
4.177700000000064392e+03 3.916777786798775196e-04
4.178600000000064028e+03 3.904312907252460718e-04
4.179500000000064574e+03 4.058538470417261124e-04
4.180400000000065120e+03 4.211776249576359987e-04
4.181300000000064756e+03 4.217120877001434565e-04
4.182200000000064392e+03 4.160792450420558453e-04
4.183100000000064938e+03 4.149805172346532345e-04
4.184000000000065484e+03 4.195124492980539799e-04
4.184900000000065120e+03 4.290528304409235716e-04
4.185800000000064756e+03 4.312087257858365774e-04
4.186700000000065302e+03 4.170517495367676020e-04
4.187600000000065847e+03 4.059842904098331928e-04
4.188500000000065484e+03 4.154906491748988628e-04
4.189400000000065120e+03 4.310140502639114857e-04
4.190300000000065666e+03 4.329549265094101429e-04
4.191200000000066211e+03 4.276633262634277344e-04
4.192100000000065847e+03 4.340790619608014822e-04
4.193000000000065484e+03 4.486360412556678057e-04
4.193900000000066029e+03 4.511400766205042601e-04
4.194800000000066575e+03 4.370402311906218529e-04
4.195700000000066211e+03 4.212415369693189859e-04
4.196600000000065847e+03 4.119081131648272276e-04
4.197500000000066393e+03 4.004786896985024214e-04
4.198400000000066939e+03 3.914148546755313873e-04
4.199300000000066575e+03 4.000072367489337921e-04
4.200200000000066211e+03 4.152746696490794420e-04
4.201100000000066757e+03 4.158287192694842815e-04
4.202000000000067303e+03 4.084951360709965229e-04
4.202900000000066939e+03 4.092371964361518621e-04
4.203800000000066575e+03 4.116254858672618866e-04
4.204700000000067121e+03 4.102275997865945101e-04
4.205600000000067666e+03 4.150617460254579782e-04
4.206500000000067303e+03 4.259061242919415236e-04
4.207400000000066939e+03 4.326901398599147797e-04
4.208300000000067485e+03 4.315683909226208925e-04
4.209200000000068030e+03 4.265730385668575764e-04
4.210100000000067666e+03 4.258558328729122877e-04
4.211000000000067303e+03 4.333499236963689327e-04
4.211900000000067848e+03 4.430632689036428928e-04
4.212800000000068394e+03 4.455345624592155218e-04
4.213700000000068030e+03 4.338323487900197506e-04
4.214600000000067666e+03 4.081020888406783342e-04
4.215500000000068212e+03 3.883865429088473320e-04
4.216400000000068758e+03 3.972964768763631582e-04
4.217300000000068394e+03 4.228552861604839563e-04
4.218200000000068030e+03 4.404491628520190716e-04
4.219100000000068576e+03 4.444410151336342096e-04
4.220000000000069122e+03 4.454055451788008213e-04
4.220900000000068758e+03 4.479843191802501678e-04
4.221800000000068394e+03 4.455240850802510977e-04
4.222700000000068940e+03 4.364355991128832102e-04
4.223600000000069485e+03 4.222455609124153852e-04
4.224500000000069122e+03 4.031980352010577917e-04
4.225400000000068758e+03 3.821426944341510534e-04
4.226300000000069303e+03 3.662082308437675238e-04
4.227200000000069849e+03 3.728781885001808405e-04
4.228100000000069485e+03 4.061794606968760490e-04
4.229000000000069122e+03 4.386944056022912264e-04
4.229900000000069667e+03 4.531355807557702065e-04
4.230800000000070213e+03 4.543116374406963587e-04
4.231700000000069849e+03 4.403314960654824972e-04
4.232600000000069485e+03 4.151030443608760834e-04
4.233500000000070031e+03 4.030835989397019148e-04
4.234400000000070577e+03 4.110163717996329069e-04
4.235300000000070213e+03 4.160215030424296856e-04
4.236200000000069849e+03 4.153601475991308689e-04
4.237100000000070395e+03 4.180659016128629446e-04
4.238000000000070941e+03 4.170960455667227507e-04
4.238900000000070577e+03 4.131478490307927132e-04
4.239800000000070213e+03 4.171110631432384253e-04
4.240700000000070759e+03 4.282055306248366833e-04
4.241600000000071304e+03 4.339001607149839401e-04
4.242500000000070941e+03 4.335416015237569809e-04
4.243400000000070577e+03 4.382077895570546389e-04
4.244300000000071122e+03 4.441909841261804104e-04
4.245200000000071668e+03 4.382109618745744228e-04
4.246100000000071304e+03 4.226369201205670834e-04
4.247000000000070941e+03 4.134043992962688208e-04
4.247900000000071486e+03 4.174281784798949957e-04
4.248800000000072032e+03 4.215628141537308693e-04
4.249700000000071668e+03 4.127027059439569712e-04
4.250600000000071304e+03 4.038866900373250246e-04
4.251500000000071850e+03 4.111520829610526562e-04
4.252400000000072396e+03 4.223253927193582058e-04
4.253300000000072032e+03 4.219910770189017057e-04
4.254200000000071668e+03 4.166501457802951336e-04
4.255100000000072214e+03 4.201584961265325546e-04
4.256000000000072760e+03 4.313104436732828617e-04
4.256900000000072396e+03 4.370878741610795259e-04
4.257800000000072032e+03 4.297638370189815760e-04
4.258700000000072578e+03 4.157977818977087736e-04
4.259600000000073123e+03 4.013304715044796467e-04
4.260500000000072760e+03 3.924129414372146130e-04
4.261400000000072396e+03 3.996095329057425261e-04
4.262300000000072941e+03 4.194749926682561636e-04
4.263200000000073487e+03 4.369828675407916307e-04
4.264100000000073123e+03 4.461361095309257507e-04
4.265000000000072760e+03 4.518245987128466368e-04
4.265900000000073305e+03 4.543535178527235985e-04
4.266800000000073851e+03 4.490209976211190224e-04
4.267700000000073487e+03 4.369763191789388657e-04
4.268600000000073123e+03 4.249270423315465450e-04
4.269500000000073669e+03 4.143025726079940796e-04
4.270400000000074215e+03 3.987528325524181128e-04
4.271300000000073851e+03 3.822888829745352268e-04
4.272200000000073487e+03 3.821396385319530964e-04
4.273100000000074033e+03 3.943399642594158649e-04
4.274000000000074579e+03 3.995306324213743210e-04
4.274900000000074215e+03 4.009462718386203051e-04
4.275800000000073851e+03 4.119852092117071152e-04
4.276700000000074397e+03 4.268989141564816236e-04
4.277600000000074942e+03 4.338028666097670794e-04
4.278500000000074579e+03 4.338018188718706369e-04
4.279400000000074215e+03 4.288588534109294415e-04
4.280300000000074760e+03 4.217744863126426935e-04
4.281200000000075306e+03 4.177424707449972630e-04
4.282100000000074942e+03 4.149357555434107780e-04
4.283000000000074579e+03 4.136092320550233126e-04
4.283900000000075124e+03 4.152074106968939304e-04
4.284800000000075670e+03 4.159601521678268909e-04
4.285700000000075306e+03 4.157182702329009771e-04
4.286600000000074942e+03 4.150254535488784313e-04
4.287500000000075488e+03 4.097832425031810999e-04
4.288400000000076034e+03 3.935655404347926378e-04
4.289300000000075670e+03 3.707918804138898849e-04
4.290200000000075306e+03 3.648515848908573389e-04
4.291100000000075852e+03 3.849163476843386889e-04
4.292000000000076398e+03 4.092943272553384304e-04
4.292900000000076034e+03 4.170713073108345270e-04
4.293800000000075670e+03 4.089523572474718094e-04
4.294700000000076216e+03 4.004531656391918659e-04
4.295600000000076761e+03 3.968817472923547029e-04
4.296500000000076398e+03 3.947523073293268681e-04
4.297400000000076034e+03 3.920749004464596510e-04
4.298300000000076579e+03 3.791182534769177437e-04
4.299200000000077125e+03 3.563431091606616974e-04
4.300100000000076761e+03 3.453489916864782572e-04
4.301000000000076398e+03 3.504499618429690599e-04
4.301900000000076943e+03 3.539284225553274155e-04
4.302800000000077489e+03 3.563002683222293854e-04
4.303700000000077125e+03 3.669378638733178377e-04
4.304600000000076761e+03 3.757068770937621593e-04
4.305500000000077307e+03 3.754476201720535755e-04
4.306400000000077853e+03 3.696121275424957275e-04
4.307300000000077489e+03 3.579601179808378220e-04
4.308200000000077125e+03 3.484060871414840221e-04
4.309100000000077671e+03 3.539678000379353762e-04
4.310000000000078217e+03 3.723900881595909595e-04
4.310900000000077853e+03 3.890615771524608135e-04
4.311800000000077489e+03 3.913703549187630415e-04
4.312700000000078035e+03 3.811391652561724186e-04
4.313600000000078580e+03 3.680860390886664391e-04
4.314500000000078217e+03 3.631044528447091579e-04
4.315400000000077853e+03 3.766129084397107363e-04
4.316300000000078398e+03 3.989237593486905098e-04
4.317200000000078944e+03 4.100846126675605774e-04
4.318100000000078580e+03 4.079052596352994442e-04
4.319000000000078217e+03 4.003505455330014229e-04
4.319900000000078762e+03 3.900038718711584806e-04
4.320800000000079308e+03 3.817124525085091591e-04
4.321700000000078944e+03 3.833280061371624470e-04
4.322600000000078580e+03 3.854873357340693474e-04
4.323500000000079126e+03 3.725909336935728788e-04
4.324400000000079672e+03 3.451585944276303053e-04
4.325300000000079308e+03 3.200990031473338604e-04
4.326200000000078944e+03 3.178232873324304819e-04
4.327100000000079490e+03 3.372094943188130856e-04
4.328000000000080036e+03 3.567467792890965939e-04
4.328900000000079672e+03 3.603856312111020088e-04
4.329800000000079308e+03 3.482318134047091007e-04
4.330700000000079854e+03 3.336722438689321280e-04
4.331600000000080399e+03 3.268066793680191040e-04
4.332500000000080036e+03 3.222361847292631865e-04
4.333400000000079672e+03 3.145641530863940716e-04
4.334300000000080217e+03 3.059849550481885672e-04
4.335200000000080763e+03 2.954459341708570719e-04
4.336100000000080399e+03 2.750113781075924635e-04
4.337000000000080036e+03 2.433036861475557089e-04
4.337900000000080581e+03 2.123502636095508933e-04
4.338800000000081127e+03 1.867296523414552212e-04
4.339700000000080763e+03 1.637292152736335993e-04
4.340600000000080399e+03 1.565752172609791160e-04
4.341500000000080945e+03 1.772861141944304109e-04
4.342400000000081491e+03 2.096487878588959575e-04
4.343300000000081127e+03 2.327745314687490463e-04
4.344200000000080763e+03 2.496611268725246191e-04
4.345100000000081309e+03 2.697383461054414511e-04
4.346000000000081855e+03 2.881432010326534510e-04
4.346900000000081491e+03 3.010819782502949238e-04
4.347800000000081127e+03 3.146168019156903028e-04
4.348700000000081673e+03 3.298397350590676069e-04
4.349600000000082218e+03 3.358893154654651880e-04
4.350500000000081855e+03 3.238678909838199615e-04
4.351400000000081491e+03 3.065171185880899429e-04
4.352300000000082036e+03 3.082031325902789831e-04
4.353200000000082582e+03 3.299399395473301411e-04
4.354100000000082218e+03 3.512734838295727968e-04
4.355000000000081855e+03 3.642204974312335253e-04
4.355900000000082400e+03 3.740017418749630451e-04
4.356800000000082946e+03 3.804959706030786037e-04
4.357700000000082582e+03 3.791362105403095484e-04
4.358600000000082218e+03 3.730012685991823673e-04
4.359500000000082764e+03 3.737243241630494595e-04
4.360400000000083310e+03 3.848408232443034649e-04
4.361300000000082946e+03 3.968153614550828934e-04
4.362200000000082582e+03 4.025280068162828684e-04
4.363100000000083128e+03 4.059252678416669369e-04
4.364000000000083674e+03 4.133946786168962717e-04
4.364900000000083310e+03 4.210305633023381233e-04
4.365800000000082946e+03 4.194467619527131319e-04
4.366700000000083492e+03 4.062177613377571106e-04
4.367600000000084037e+03 3.913884866051375866e-04
4.368500000000083674e+03 3.871094668284058571e-04
4.369400000000083310e+03 3.912972169928252697e-04
4.370300000000083855e+03 3.981536428909748793e-04
4.371200000000084401e+03 4.068562702741473913e-04
4.372100000000084037e+03 4.125566629227250814e-04
4.373000000000083674e+03 4.050904244650155306e-04
4.373900000000084219e+03 3.851425426546484232e-04
4.374800000000084765e+03 3.724738780874758959e-04
4.375700000000084401e+03 3.818600089289247990e-04
4.376600000000084037e+03 4.043873050250113010e-04
4.377500000000084583e+03 4.223831929266452789e-04
4.378400000000085129e+03 4.280986613593995571e-04
4.379300000000084765e+03 4.244162992108613253e-04
4.380200000000084401e+03 4.195754881948232651e-04
4.381100000000084947e+03 4.153127083554863930e-04
4.382000000000085493e+03 3.992711717728525400e-04
4.382900000000085129e+03 3.666434495244175196e-04
4.383800000000084765e+03 3.398838161956518888e-04
4.384700000000085311e+03 3.411408397369086742e-04
4.385600000000085856e+03 3.649206191767007113e-04
4.386500000000085493e+03 3.881706797983497381e-04
4.387400000000085129e+03 3.979154862463474274e-04
4.388300000000085674e+03 4.010382399428635836e-04
4.389200000000086220e+03 4.012759600300341845e-04
4.390100000000085856e+03 3.963479248341172934e-04
4.391000000000085493e+03 3.942206676583737135e-04
4.391900000000086038e+03 4.020871710963547230e-04
4.392800000000086584e+03 4.085025866515934467e-04
4.393700000000086220e+03 4.003795620519667864e-04
4.394600000000085856e+03 3.870067303068935871e-04
4.395500000000086402e+03 3.895277041010558605e-04
4.396400000000086948e+03 4.089184512849897146e-04
4.397300000000086584e+03 4.230060440022498369e-04
4.398200000000086220e+03 4.200378607492893934e-04
4.399100000000086766e+03 4.061463405378162861e-04
4.400000000000087311e+03 3.925857599824666977e-04
4.400900000000086948e+03 3.918558941222727299e-04
4.401800000000086584e+03 4.051922878716140985e-04
4.402700000000087130e+03 4.133875772822648287e-04
4.403600000000087675e+03 4.021004424430429935e-04
4.404500000000087311e+03 3.873918612953275442e-04
4.405400000000086948e+03 3.911691892426460981e-04
4.406300000000087493e+03 4.042690852656960487e-04
4.407200000000088039e+03 4.055523895658552647e-04
4.408100000000087675e+03 3.987079835496842861e-04
4.409000000000087311e+03 3.999490872956812382e-04
4.409900000000087857e+03 4.095054755453020334e-04
4.410800000000088403e+03 4.177727387286722660e-04
4.411700000000088039e+03 4.236419044900685549e-04
4.412600000000087675e+03 4.255841486155986786e-04
4.413500000000088221e+03 4.149528685957193375e-04
4.414400000000088767e+03 3.938538720831274986e-04
4.415300000000088403e+03 3.800674749072641134e-04
4.416200000000088039e+03 3.800605481956154108e-04
4.417100000000088585e+03 3.844432358164340258e-04
4.418000000000089130e+03 3.931486571673303843e-04
4.418900000000088767e+03 4.091779410373419523e-04
4.419800000000088403e+03 4.228774632792919874e-04
4.420700000000088949e+03 4.220905830152332783e-04
4.421600000000089494e+03 4.070149734616279602e-04
4.422500000000089130e+03 3.931052051484584808e-04
4.423400000000088767e+03 3.946687211282551289e-04
4.424300000000089312e+03 4.065684624947607517e-04
4.425200000000089858e+03 4.146380233578383923e-04
4.426100000000089494e+03 4.141663375776261091e-04
4.427000000000089130e+03 4.100338846910744905e-04
4.427900000000089676e+03 4.100236110389232635e-04
4.428800000000090222e+03 4.099538200534880161e-04
4.429700000000089858e+03 4.021062632091343403e-04
4.430600000000089494e+03 3.970935649704188108e-04
4.431500000000090040e+03 4.018947656732052565e-04
4.432400000000090586e+03 4.037795297335833311e-04
4.433300000000090222e+03 3.952991683036088943e-04
4.434200000000089858e+03 3.838636039290577173e-04
4.435100000000090404e+03 3.794945660047233105e-04
4.436000000000090949e+03 3.893454559147357941e-04
4.436900000000090586e+03 4.084616375621408224e-04
4.437800000000090222e+03 4.242252907715737820e-04
4.438700000000090768e+03 4.320302105043083429e-04
4.439600000000091313e+03 4.302705638110637665e-04
4.440500000000090949e+03 4.180319956503808498e-04
4.441400000000090586e+03 3.989837132394313812e-04
4.442300000000091131e+03 3.797395329456776381e-04
4.443200000000091677e+03 3.698554937727749348e-04
4.444100000000091313e+03 3.791619965340942144e-04
4.445000000000090949e+03 4.021175554953515530e-04
4.445900000000091495e+03 4.171298933215439320e-04
4.446800000000092041e+03 4.161880933679640293e-04
4.447700000000091677e+03 4.133782640565186739e-04
4.448600000000091313e+03 4.142999241594225168e-04
4.449500000000091859e+03 4.090617876499891281e-04
4.450400000000092405e+03 4.019681655336171389e-04
4.451300000000092041e+03 4.047226393595337868e-04
4.452200000000091677e+03 4.116301133763045073e-04
4.453100000000092223e+03 4.085843975190073252e-04
4.454000000000092768e+03 3.924516495317220688e-04
4.454900000000092405e+03 3.770535695366561413e-04
4.455800000000092041e+03 3.771095653064548969e-04
4.456700000000092587e+03 3.861944715026766062e-04
4.457600000000093132e+03 3.892762179020792246e-04
4.458500000000092768e+03 3.859307034872472286e-04
4.459400000000092405e+03 3.848277847282588482e-04
4.460300000000092950e+03 3.838626726064831018e-04
4.461200000000093496e+03 3.785100416280329227e-04
4.462100000000093132e+03 3.801261191256344318e-04
4.463000000000092768e+03 3.922058967873454094e-04
4.463900000000093314e+03 3.990984114352613688e-04
4.464800000000093860e+03 3.964419593103230000e-04
4.465700000000093496e+03 3.932444960810244083e-04
4.466600000000093132e+03 3.911155799869447947e-04
4.467500000000093678e+03 3.870427608489990234e-04
4.468400000000094224e+03 3.810577909462153912e-04
4.469300000000093860e+03 3.798798716161400080e-04
4.470200000000093496e+03 3.863405436277389526e-04
4.471100000000094042e+03 3.947369405068457127e-04
4.472000000000094587e+03 4.015021550003439188e-04
4.472900000000094224e+03 4.079382051713764668e-04
4.473800000000093860e+03 4.138727090321481228e-04
4.474700000000094406e+03 4.143179685343056917e-04
4.475600000000094951e+03 4.119953955523669720e-04
4.476500000000094587e+03 4.164154524914920330e-04
4.477400000000094224e+03 4.243963048793375492e-04
4.478300000000094769e+03 4.214882501401007175e-04
4.479200000000095315e+03 4.005462396889925003e-04
4.480100000000094951e+03 3.676036139950156212e-04
4.481000000000094587e+03 3.437730774749070406e-04
4.481900000000095133e+03 3.493533004075288773e-04
4.482800000000095679e+03 3.766422742046415806e-04
4.483700000000095315e+03 4.015027661807835102e-04
4.484600000000094951e+03 4.145408747717738152e-04
4.485500000000095497e+03 4.205342556815594435e-04
4.486400000000096043e+03 4.200493567623198032e-04
4.487300000000095679e+03 4.091558221261948347e-04
4.488200000000095315e+03 3.914631670340895653e-04
4.489100000000095861e+03 3.793336800299584866e-04
4.490000000000096406e+03 3.796975361183285713e-04
4.490900000000096043e+03 3.883687022607773542e-04
4.491800000000095679e+03 4.003106441814452410e-04
4.492700000000096225e+03 4.072955343872308731e-04
4.493600000000096770e+03 4.014560545329004526e-04
4.494500000000096406e+03 3.922654141206294298e-04
4.495400000000096043e+03 3.925438213627785444e-04
4.496300000000096588e+03 3.992482961621135473e-04
4.497200000000097134e+03 4.071475705131888390e-04
4.498100000000096770e+03 4.140494856983423233e-04
4.499000000000096406e+03 4.145909624639898539e-04
4.499900000000096952e+03 4.060865030623972416e-04
4.500800000000097498e+03 3.941921459045261145e-04
4.501700000000097134e+03 3.950481477659195662e-04
4.502600000000096770e+03 4.118768847547471523e-04
4.503500000000097316e+03 4.281392320990562439e-04
4.504400000000097862e+03 4.335289704613387585e-04
4.505300000000097498e+03 4.304154426790773869e-04
4.506200000000097134e+03 4.219738184474408627e-04
4.507100000000097680e+03 4.104248946532607079e-04
4.508000000000098225e+03 4.030314739793539047e-04
4.508900000000097862e+03 4.067102563567459583e-04
4.509800000000097498e+03 4.171885084360837936e-04
4.510700000000098044e+03 4.231093334965407848e-04
4.511600000000098589e+03 4.213342617731541395e-04
4.512500000000098225e+03 4.163217672612518072e-04
4.513400000000097862e+03 4.079559294041246176e-04
4.514300000000098407e+03 3.958707675337791443e-04
4.515200000000098953e+03 3.902620228473097086e-04
4.516100000000098589e+03 3.972203994635492563e-04
4.517000000000098225e+03 4.053818993270397186e-04
4.517900000000098771e+03 4.065111570525914431e-04
4.518800000000099317e+03 4.039506602566689253e-04
4.519700000000098953e+03 4.014161240775138140e-04
4.520600000000098589e+03 4.011754062958061695e-04
4.521500000000099135e+03 3.975681029260158539e-04
4.522400000000099681e+03 3.884317411575466394e-04
4.523300000000099317e+03 3.866592014674097300e-04
4.524200000000098953e+03 3.903012548107653856e-04
4.525100000000099499e+03 3.878027782775461674e-04
4.526000000000100044e+03 3.827442124020308256e-04
4.526900000000099681e+03 3.789980837609618902e-04
4.527800000000099317e+03 3.738957457244396210e-04
4.528700000000099863e+03 3.695407649502158165e-04
4.529600000000100408e+03 3.719204396475106478e-04
4.530500000000100044e+03 3.790509654209017754e-04
4.531400000000099681e+03 3.863598685711622238e-04
4.532300000000100226e+03 3.872901143040508032e-04
4.533200000000100772e+03 3.763184649869799614e-04
4.534100000000100408e+03 3.666327102109789848e-04
4.535000000000100044e+03 3.721443063113838434e-04
4.535900000000100590e+03 3.901319578289985657e-04
4.536800000000101136e+03 4.102972743567079306e-04
4.537700000000100772e+03 4.191297339275479317e-04
4.538600000000100408e+03 4.119207151234149933e-04
4.539500000000100954e+03 3.977729938924312592e-04
4.540400000000101500e+03 3.870592627208679914e-04
4.541300000000101136e+03 3.866566403303295374e-04
4.542200000000100772e+03 3.966484509874135256e-04
4.543100000000101318e+03 4.049648705404251814e-04
4.544000000000101863e+03 4.016889142803847790e-04
4.544900000000101500e+03 3.944982308894395828e-04
4.545800000000101136e+03 3.942877228837460279e-04
4.546700000000101682e+03 3.976509906351566315e-04
4.547600000000102227e+03 3.921649768017232418e-04
4.548500000000101863e+03 3.718981170095503330e-04
4.549400000000101500e+03 3.547157393768429756e-04
4.550300000000102045e+03 3.635888861026614904e-04
4.551200000000102591e+03 3.855370741803199053e-04
4.552100000000102227e+03 3.942421462852507830e-04
4.553000000000101863e+03 3.863530582748353481e-04
4.553900000000102409e+03 3.709076845552772284e-04
4.554800000000102955e+03 3.594072477426379919e-04
4.555700000000102591e+03 3.631256404332816601e-04
4.556600000000102227e+03 3.785919398069381714e-04
4.557500000000102773e+03 3.878037969116121531e-04
4.558400000000103319e+03 3.878961433656513691e-04
4.559300000000102955e+03 3.927035431843250990e-04
4.560200000000102591e+03 4.024528316222131252e-04
4.561100000000103137e+03 4.087403067387640476e-04
4.562000000000103682e+03 4.063635715283453465e-04
4.562900000000103319e+03 3.933646075893193483e-04
4.563800000000102955e+03 3.791248018387705088e-04
4.564700000000103500e+03 3.747485461644828320e-04
4.565600000000104046e+03 3.809440240729600191e-04
4.566500000000103682e+03 3.946139186155050993e-04
4.567400000000103319e+03 4.077469056937843561e-04
4.568300000000103864e+03 4.121862584725022316e-04
4.569200000000104410e+03 4.099207872059196234e-04
4.570100000000104046e+03 4.014669975731521845e-04
4.571000000000103682e+03 3.847994667012244463e-04
4.571900000000104228e+03 3.755967481993138790e-04
4.572800000000104774e+03 3.868720377795398235e-04
4.573700000000104410e+03 4.016889433842152357e-04
4.574600000000104046e+03 4.036835161969065666e-04
4.575500000000104592e+03 3.987721865996718407e-04
4.576400000000105138e+03 3.975208383053541183e-04
4.577300000000104774e+03 4.003350622951984406e-04
4.578200000000104410e+03 3.990191034972667694e-04
4.579100000000104956e+03 3.899951698258519173e-04
4.580000000000105501e+03 3.801672428380697966e-04
4.580900000000105138e+03 3.756000078283250332e-04
4.581800000000104774e+03 3.720232052728533745e-04
4.582700000000105319e+03 3.647077537607401609e-04
4.583600000000105865e+03 3.611350257415324450e-04
4.584500000000105501e+03 3.692578757181763649e-04
4.585400000000105138e+03 3.804769075941294432e-04
4.586300000000105683e+03 3.845645405817776918e-04
4.587200000000106229e+03 3.828454937320202589e-04
4.588100000000105865e+03 3.822405415121465921e-04
4.589000000000105501e+03 3.856972616631537676e-04
4.589900000000106047e+03 3.878261486534029245e-04
4.590800000000106593e+03 3.835804236587136984e-04
4.591700000000106229e+03 3.770691982936114073e-04
4.592600000000105865e+03 3.777848905883729458e-04
4.593500000000106411e+03 3.845524624921381474e-04
4.594400000000106957e+03 3.869444190058857203e-04
4.595300000000106593e+03 3.841314173769205809e-04
4.596200000000106229e+03 3.837801923509687185e-04
4.597100000000106775e+03 3.861412697006016970e-04
4.598000000000107320e+03 3.889064537361264229e-04
4.598900000000106957e+03 3.909427905455231667e-04
4.599800000000106593e+03 3.874614776577800512e-04
4.600700000000107138e+03 3.827498294413089752e-04
4.601600000000107684e+03 3.853661473840475082e-04
4.602500000000107320e+03 3.904554178006947041e-04
4.603400000000106957e+03 3.918426518794149160e-04
4.604300000000107502e+03 3.891960077453404665e-04
4.605200000000108048e+03 3.864331811200827360e-04
4.606100000000107684e+03 3.889808722306042910e-04
4.607000000000107320e+03 3.960173344239592552e-04
4.607900000000107866e+03 4.043535154778510332e-04
4.608800000000108412e+03 4.100978840142488480e-04
4.609700000000108048e+03 4.086701082997024059e-04
4.610600000000107684e+03 4.011649871245026588e-04
4.611500000000108230e+03 3.950181708205491304e-04
4.612400000000108776e+03 3.931368410121649504e-04
4.613300000000108412e+03 3.925947530660778284e-04
4.614200000000108048e+03 3.939831512980163097e-04
4.615100000000108594e+03 3.932442050427198410e-04
4.616000000000109139e+03 3.886512422468513250e-04
4.616900000000108776e+03 3.873534151352941990e-04
4.617800000000108412e+03 3.859270073007792234e-04
4.618700000000108957e+03 3.788890608120709658e-04
4.619600000000109503e+03 3.765153232961893082e-04
4.620500000000109139e+03 3.840925346594303846e-04
4.621400000000108776e+03 3.925518831238150597e-04
4.622300000000109321e+03 3.969258978031575680e-04
4.623200000000109867e+03 3.998595348093658686e-04
4.624100000000109503e+03 3.990278055425733328e-04
4.625000000000109139e+03 3.931539831683039665e-04
4.625900000000109685e+03 3.899036091752350330e-04
4.626800000000110231e+03 3.917856665793806314e-04
4.627700000000109867e+03 3.905555931851267815e-04
4.628600000000109503e+03 3.830288187600672245e-04
4.629500000000110049e+03 3.804360458161681890e-04
4.630400000000110595e+03 3.898082941304892302e-04
4.631300000000110231e+03 3.995909064542502165e-04
4.632200000000109867e+03 3.967702214140444994e-04
4.633100000000110413e+03 3.849073546007275581e-04
4.634000000000110958e+03 3.766937879845499992e-04
4.634900000000110595e+03 3.782138519454747438e-04
4.635800000000110231e+03 3.839424462057650089e-04
4.636700000000110776e+03 3.848207416012883186e-04
4.637600000000111322e+03 3.815697273239493370e-04
4.638500000000110958e+03 3.811522619798779488e-04
4.639400000000110595e+03 3.822756698355078697e-04
4.640300000000111140e+03 3.834828094113618135e-04
4.641200000000111686e+03 3.877523704431951046e-04
4.642100000000111322e+03 3.915152337867766619e-04
4.643000000000110958e+03 3.900619340129196644e-04
4.643900000000111504e+03 3.861890872940421104e-04
4.644800000000112050e+03 3.803659055847674608e-04
4.645700000000111686e+03 3.697937063407152891e-04
4.646600000000111322e+03 3.599647898226976395e-04
4.647500000000111868e+03 3.578767937142401934e-04
4.648400000000112414e+03 3.636603069026023149e-04
4.649300000000112050e+03 3.739852108992636204e-04
4.650200000000111686e+03 3.834824310615658760e-04
4.651100000000112232e+03 3.878519637510180473e-04
4.652000000000112777e+03 3.899885923601686954e-04
4.652900000000112414e+03 3.902826283592730761e-04
4.653800000000112050e+03 3.837613330688327551e-04
4.654700000000112595e+03 3.750684845726937056e-04
4.655600000000113141e+03 3.703380352817475796e-04
4.656500000000112777e+03 3.696680068969726562e-04
4.657400000000112414e+03 3.771841002162545919e-04
4.658300000000112959e+03 3.913207037840038538e-04
4.659200000000113505e+03 4.018619365524500608e-04
4.660100000000113141e+03 4.032366559840738773e-04
4.661000000000112777e+03 3.968605888076126575e-04
4.661900000000113323e+03 3.863578021991997957e-04
4.662800000000113869e+03 3.760149993468075991e-04
4.663700000000113505e+03 3.717828658409416676e-04
4.664600000000113141e+03 3.719484084285795689e-04
4.665500000000113687e+03 3.642125229816883802e-04
4.666400000000114233e+03 3.474400728009641171e-04
4.667300000000113869e+03 3.376031818334013224e-04
4.668200000000113505e+03 3.428392228670418262e-04
4.669100000000114051e+03 3.546796797309070826e-04
4.670000000000114596e+03 3.662072704173624516e-04
4.670900000000114233e+03 3.749577736016362906e-04
4.671800000000113869e+03 3.774847136810421944e-04
4.672700000000114414e+03 3.754392091650515795e-04
4.673600000000114960e+03 3.757645608857274055e-04
4.674500000000114596e+03 3.803382278420031071e-04
4.675400000000114233e+03 3.872117376886308193e-04
4.676300000000114778e+03 3.917522262781858444e-04
4.677200000000115324e+03 3.878548741340637207e-04
4.678100000000114960e+03 3.778456593863666058e-04
4.679000000000114596e+03 3.711833269335329533e-04
4.679900000000115142e+03 3.709399024955928326e-04
4.680800000000115688e+03 3.726437280420213938e-04
4.681700000000115324e+03 3.748675517272204161e-04
4.682600000000114960e+03 3.792972711380571127e-04
4.683500000000115506e+03 3.836959949694573879e-04
4.684400000000116052e+03 3.843104932457208633e-04
4.685300000000115688e+03 3.839332784991711378e-04
4.686200000000115324e+03 3.846331965178251266e-04
4.687100000000115870e+03 3.833817900158464909e-04
4.688000000000116415e+03 3.799681435339152813e-04
4.688900000000116052e+03 3.778685641009360552e-04
4.689800000000115688e+03 3.773344215005636215e-04
4.690700000000116233e+03 3.752886841539293528e-04
4.691600000000116779e+03 3.735403588507324457e-04
4.692500000000116415e+03 3.747031732928007841e-04
4.693400000000116052e+03 3.771157935261726379e-04
4.694300000000116597e+03 3.804732696153223515e-04
4.695200000000117143e+03 3.846223698928952217e-04
4.696100000000116779e+03 3.861925797536969185e-04
4.697000000000116415e+03 3.803980944212526083e-04
4.697900000000116961e+03 3.691315359901636839e-04
4.698800000000117507e+03 3.618728078436106443e-04
4.699700000000117143e+03 3.635530592873692513e-04
4.700600000000116779e+03 3.669171419460326433e-04
4.701500000000117325e+03 3.644927346613258123e-04
4.702400000000117871e+03 3.584231890272349119e-04
4.703300000000117507e+03 3.578077885322272778e-04
4.704200000000117143e+03 3.658863133750855923e-04
4.705100000000117689e+03 3.737461811397224665e-04
4.706000000000118234e+03 3.737341321539133787e-04
4.706900000000117871e+03 3.670040750876069069e-04
4.707800000000117507e+03 3.608780389185994864e-04
4.708700000000118052e+03 3.602758806664496660e-04
4.709600000000118598e+03 3.652888117358088493e-04
4.710500000000118234e+03 3.738500236067920923e-04
4.711400000000117871e+03 3.793482901528477669e-04
4.712300000000118416e+03 3.768329625017940998e-04
4.713200000000118962e+03 3.690088342409580946e-04
4.714100000000118598e+03 3.626053221523761749e-04
4.715000000000118234e+03 3.651802835520356894e-04
4.715900000000118780e+03 3.748952876776456833e-04
4.716800000000119326e+03 3.815111413132399321e-04
4.717700000000118962e+03 3.826647007372230291e-04
4.718600000000118598e+03 3.843145677819848061e-04
4.719500000000119144e+03 3.877432318404316902e-04
4.720400000000119690e+03 3.890323569066822529e-04
4.721300000000119326e+03 3.863403107970952988e-04
4.722200000000118962e+03 3.819521807599812746e-04
4.723100000000119508e+03 3.810832859016954899e-04
4.724000000000120053e+03 3.856826515402644873e-04
4.724900000000119690e+03 3.898178983945399523e-04
4.725800000000119326e+03 3.867677296511828899e-04
4.726700000000119871e+03 3.757088270504027605e-04
4.727600000000120417e+03 3.642571682576090097e-04
4.728500000000120053e+03 3.594716545194387436e-04
4.729400000000119690e+03 3.585127706173807383e-04
4.730300000000120235e+03 3.567449166439473629e-04
4.731200000000120781e+03 3.577206225600093603e-04
4.732100000000120417e+03 3.654769679997116327e-04
4.733000000000120053e+03 3.738623927347362041e-04
4.733900000000120599e+03 3.778330574277788401e-04
4.734800000000121145e+03 3.781476116273552179e-04
4.735700000000120781e+03 3.722432011272758245e-04
4.736600000000120417e+03 3.645951510407030582e-04
4.737500000000120963e+03 3.671325102914124727e-04
4.738400000000121508e+03 3.765667206607758999e-04
4.739300000000121145e+03 3.794098447542637587e-04
4.740200000000120781e+03 3.754754143301397562e-04
4.741100000000121327e+03 3.732468176167458296e-04
4.742000000000121872e+03 3.754855424631386995e-04
4.742900000000121508e+03 3.783431311603635550e-04
4.743800000000121145e+03 3.780499391723424196e-04
4.744700000000121690e+03 3.757079830393195152e-04
4.745600000000122236e+03 3.761989064514636993e-04
4.746500000000121872e+03 3.787428140640258789e-04
4.747400000000121508e+03 3.779314574785530567e-04
4.748300000000122054e+03 3.755747165996581316e-04
4.749200000000122600e+03 3.769068571273237467e-04
4.750100000000122236e+03 3.798452380578964949e-04
4.751000000000121872e+03 3.786403394769877195e-04
4.751900000000122418e+03 3.737049701157957315e-04
4.752800000000122964e+03 3.701721434481441975e-04
4.753700000000122600e+03 3.678508219309151173e-04
4.754600000000122236e+03 3.647596749942749739e-04
4.755500000000122782e+03 3.624802629929035902e-04
4.756400000000123327e+03 3.637458139564841986e-04
4.757300000000122964e+03 3.689320583362132311e-04
4.758200000000122600e+03 3.746685106307268143e-04
4.759100000000123146e+03 3.782801504712551832e-04
4.760000000000123691e+03 3.779707767535001040e-04
4.760900000000123327e+03 3.715697093866765499e-04
4.761800000000122964e+03 3.620436764322221279e-04
4.762700000000123509e+03 3.558780299499630928e-04
4.763600000000124055e+03 3.528989618644118309e-04
4.764500000000123691e+03 3.499843587633222342e-04
4.765400000000123327e+03 3.484092885628342628e-04
4.766300000000123873e+03 3.512523544486612082e-04
4.767200000000124419e+03 3.583491488825529814e-04
4.768100000000124055e+03 3.659533394966274500e-04
4.769000000000123691e+03 3.720148524735122919e-04
4.769900000000124237e+03 3.737354709301143885e-04
4.770800000000124783e+03 3.689464647322893143e-04
4.771700000000124419e+03 3.645166580099612474e-04
4.772600000000124055e+03 3.670254372991621494e-04
4.773500000000124601e+03 3.738550294656306505e-04
4.774400000000125146e+03 3.784183063544332981e-04
4.775300000000124783e+03 3.777070087380707264e-04
4.776200000000124419e+03 3.770827315747737885e-04
4.777100000000124965e+03 3.804606676567345858e-04
4.778000000000125510e+03 3.818291879724711180e-04
4.778900000000125146e+03 3.774324140977114439e-04
4.779800000000124783e+03 3.739888197742402554e-04
4.780700000000125328e+03 3.759039391297847033e-04
4.781600000000125874e+03 3.763791464734822512e-04
4.782500000000125510e+03 3.706190327648073435e-04
4.783400000000125146e+03 3.662393719423562288e-04
4.784300000000125692e+03 3.689279546961188316e-04
4.785200000000126238e+03 3.694277256727218628e-04
4.786100000000125874e+03 3.632685984484851360e-04
4.787000000000125510e+03 3.613299923017621040e-04
4.787900000000126056e+03 3.648116835393011570e-04
4.788800000000126602e+03 3.645298129413276911e-04
4.789700000000126238e+03 3.630973515100777149e-04
4.790600000000125874e+03 3.650277212727814913e-04
4.791500000000126420e+03 3.672203165479004383e-04
4.792400000000126965e+03 3.698744112625718117e-04
4.793300000000126602e+03 3.761385742109268904e-04
4.794200000000126238e+03 3.826837928500026464e-04
4.795100000000126784e+03 3.836173273157328367e-04
4.796000000000127329e+03 3.792694187723100185e-04
4.796900000000126965e+03 3.737864026334136724e-04
4.797800000000126602e+03 3.681078378576785326e-04
4.798700000000127147e+03 3.621053765527904034e-04
4.799600000000127693e+03 3.583742072805762291e-04
4.800500000000127329e+03 3.606542595662176609e-04
4.801400000000126965e+03 3.682045789901167154e-04
4.802300000000127511e+03 3.739247622434049845e-04
4.803200000000128057e+03 3.722099063452333212e-04
4.804100000000127693e+03 3.634828317444771528e-04
4.805000000000127329e+03 3.560328332241624594e-04
4.805900000000127875e+03 3.570395638234913349e-04
4.806800000000128421e+03 3.608837723731994629e-04
4.807700000000128057e+03 3.618218470364809036e-04
4.808600000000127693e+03 3.620772913563996553e-04
4.809500000000128239e+03 3.631834115367382765e-04
4.810400000000128784e+03 3.632659499999135733e-04
4.811300000000128421e+03 3.619001072365790606e-04
4.812200000000128057e+03 3.614010638557374477e-04
4.813100000000128603e+03 3.633703454397618771e-04
4.814000000000129148e+03 3.660646616481244564e-04
4.814900000000128784e+03 3.676889173220843077e-04
4.815800000000128421e+03 3.686452691908925772e-04
4.816700000000128966e+03 3.695545601658523083e-04
4.817600000000129512e+03 3.706130373757332563e-04
4.818500000000129148e+03 3.725106071215122938e-04
4.819400000000128784e+03 3.739309904631227255e-04
4.820300000000129330e+03 3.725251008290797472e-04
4.821200000000129876e+03 3.687323478516191244e-04
4.822100000000129512e+03 3.589880652725696564e-04
4.823000000000129148e+03 3.423010348342359066e-04
4.823900000000129694e+03 3.333010827191174030e-04
4.824800000000130240e+03 3.409767232369631529e-04
4.825700000000129876e+03 3.538357559591531754e-04
4.826600000000129512e+03 3.600057680159807205e-04
4.827500000000130058e+03 3.587394603528082371e-04
4.828400000000130603e+03 3.540081961546093225e-04
4.829300000000130240e+03 3.516574506647884846e-04
4.830200000000129876e+03 3.523962805047631264e-04
4.831100000000130422e+03 3.501428000163286924e-04
4.832000000000130967e+03 3.461782762315124273e-04
4.832900000000130603e+03 3.465077024884521961e-04
4.833800000000130240e+03 3.497936122585088015e-04
4.834700000000130785e+03 3.497410507407039404e-04
4.835600000000131331e+03 3.455848200246691704e-04
4.836500000000130967e+03 3.437965060584247112e-04
4.837400000000130603e+03 3.448039060458540916e-04
4.838300000000131149e+03 3.418606647755950689e-04
4.839200000000131695e+03 3.352025232743471861e-04
4.840100000000131331e+03 3.314431523904204369e-04
4.841000000000130967e+03 3.330430481582880020e-04
4.841900000000131513e+03 3.337557718623429537e-04
4.842800000000132059e+03 3.297901712357997894e-04
4.843700000000131695e+03 3.270803717896342278e-04
4.844600000000131331e+03 3.283674886915832758e-04
4.845500000000131877e+03 3.286525316070765257e-04
4.846400000000132422e+03 3.232513263355940580e-04
4.847300000000132059e+03 3.118672175332903862e-04
4.848200000000131695e+03 3.006947517860680819e-04
4.849100000000132241e+03 2.976413234136998653e-04
4.850000000000132786e+03 3.007697814609855413e-04
4.850900000000132422e+03 3.008528146892786026e-04
4.851800000000132059e+03 2.957735268864780664e-04
4.852700000000132604e+03 2.887031005229800940e-04
4.853600000000133150e+03 2.776084002107381821e-04
4.854500000000132786e+03 2.606571651995182037e-04
4.855400000000132422e+03 2.454815839882940054e-04
4.856300000000132968e+03 2.398286305833607912e-04
4.857200000000133514e+03 2.374974574195221066e-04
4.858100000000133150e+03 2.277447492815554142e-04
4.859000000000132786e+03 2.069358888547867537e-04
4.859900000000133332e+03 1.778056030161678791e-04
4.860800000000133878e+03 1.532792230136692524e-04
4.861700000000133514e+03 1.535062910988926888e-04
4.862600000000133150e+03 1.776624267222359776e-04
4.863500000000133696e+03 2.027880254900082946e-04
4.864400000000134241e+03 2.199606242356821895e-04
4.865300000000133878e+03 2.350823051529005170e-04
4.866200000000133514e+03 2.495000662747770548e-04
4.867100000000134060e+03 2.607068454381078482e-04
4.868000000000134605e+03 2.690565015655010939e-04
4.868900000000134241e+03 2.758703485596925020e-04
4.869800000000133878e+03 2.764399687293916941e-04
4.870700000000134423e+03 2.689897955860942602e-04
4.871600000000134969e+03 2.655744610819965601e-04
4.872500000000134605e+03 2.754466840997338295e-04
4.873400000000134241e+03 2.902470296248793602e-04
4.874300000000134787e+03 2.988402848131954670e-04
4.875200000000135333e+03 3.005085163749754429e-04
4.876100000000134969e+03 3.015090769622474909e-04
4.877000000000134605e+03 3.061251190956681967e-04
4.877900000000135151e+03 3.139162727165967226e-04
4.878800000000135697e+03 3.251633315812796354e-04
4.879700000000135333e+03 3.338794631417840719e-04
4.880600000000134969e+03 3.330909821670502424e-04
4.881500000000135515e+03 3.277280775364488363e-04
4.882400000000136060e+03 3.254124021623283625e-04
4.883300000000135697e+03 3.238152421545237303e-04
4.884200000000135333e+03 3.195559838786721230e-04
4.885100000000135879e+03 3.158062463626265526e-04
4.886000000000136424e+03 3.159078769385814667e-04
4.886900000000136060e+03 3.202999068889766932e-04
4.887800000000135697e+03 3.257335338275879622e-04
4.888700000000136242e+03 3.279047377873212099e-04
4.889600000000136788e+03 3.234737669117748737e-04
4.890500000000136424e+03 3.128040116280317307e-04
4.891400000000136060e+03 3.112055419478565454e-04
4.892300000000136606e+03 3.263265243731439114e-04
4.893200000000137152e+03 3.434039244893938303e-04
4.894100000000136788e+03 3.532833361532539129e-04
4.895000000000136424e+03 3.582508652471005917e-04
4.895900000000136970e+03 3.592491266317665577e-04
4.896800000000137516e+03 3.582909412216395140e-04
4.897700000000137152e+03 3.569950349628925323e-04
4.898600000000136788e+03 3.520665632095187902e-04
4.899500000000137334e+03 3.436460392549633980e-04
4.900400000000137879e+03 3.409847267903387547e-04
4.901300000000137516e+03 3.453670942690223455e-04
4.902200000000137152e+03 3.466720227152109146e-04
4.903100000000137697e+03 3.433906822465360165e-04
4.904000000000138243e+03 3.441789885982871056e-04
4.904900000000137879e+03 3.519597230479121208e-04
4.905800000000137516e+03 3.599953197408467531e-04
4.906700000000138061e+03 3.609968407545238733e-04
4.907600000000138607e+03 3.556380106601864100e-04
4.908500000000138243e+03 3.475447592791169882e-04
4.909400000000137879e+03 3.368098405189812183e-04
4.910300000000138425e+03 3.279267984908074141e-04
4.911200000000138971e+03 3.286155406385660172e-04
4.912100000000138607e+03 3.372191567905247211e-04
4.913000000000138243e+03 3.458793507888913155e-04
4.913900000000138789e+03 3.524988715071231127e-04
4.914800000000139335e+03 3.585606755223125219e-04
4.915700000000138971e+03 3.609535342548042536e-04
4.916600000000138607e+03 3.553271235432475805e-04
4.917500000000139153e+03 3.413662489037960768e-04
4.918400000000139698e+03 3.235102631151676178e-04
4.919300000000139335e+03 3.097079461440443993e-04
4.920200000000138971e+03 3.056872228626161814e-04
4.921100000000139516e+03 3.132428682874888182e-04
4.922000000000140062e+03 3.234471951145678759e-04
4.922900000000139698e+03 3.233608440496027470e-04
4.923800000000139335e+03 3.181295760441571474e-04
4.924700000000139880e+03 3.242935636080801487e-04
4.925600000000140426e+03 3.408403717912733555e-04
4.926500000000140062e+03 3.523155464790761471e-04
4.927400000000139698e+03 3.550306137185543776e-04
4.928300000000140244e+03 3.575043810997158289e-04
4.929200000000140790e+03 3.604933444876223803e-04
4.930100000000140426e+03 3.599844349082559347e-04
4.931000000000140062e+03 3.584916994441300631e-04
4.931900000000140608e+03 3.539744066074490547e-04
4.932800000000141154e+03 3.412957303225994110e-04
4.933700000000140790e+03 3.306114522274583578e-04
4.934600000000140426e+03 3.348834870848804712e-04
4.935500000000140972e+03 3.445872571319341660e-04
4.936400000000141517e+03 3.443405148573219776e-04
4.937300000000141154e+03 3.346731537021696568e-04
4.938200000000140790e+03 3.249038418289273977e-04
4.939100000000141335e+03 3.249283763580024242e-04
4.940000000000141881e+03 3.369537298567593098e-04
4.940900000000141517e+03 3.507805522531270981e-04
4.941800000000141154e+03 3.568080719560384750e-04
4.942700000000141699e+03 3.581944911275058985e-04
4.943600000000142245e+03 3.595891757868230343e-04
4.944500000000141881e+03 3.574631991796195507e-04
4.945400000000141517e+03 3.518496523611247540e-04
4.946300000000142063e+03 3.496594144962728024e-04
4.947200000000142609e+03 3.526480868458747864e-04
4.948100000000142245e+03 3.552199050318449736e-04
4.949000000000141881e+03 3.550247929524630308e-04
4.949900000000142427e+03 3.548622480593621731e-04
4.950800000000142973e+03 3.553343412932008505e-04
4.951700000000142609e+03 3.532080736476927996e-04
4.952600000000142245e+03 3.492355172056704760e-04
4.953500000000142791e+03 3.482717729639261961e-04
4.954400000000143336e+03 3.506756911519914865e-04
4.955300000000142973e+03 3.498978039715439081e-04
4.956200000000142609e+03 3.354647196829319000e-04
4.957100000000143154e+03 3.146916569676250219e-04
4.958000000000143700e+03 3.145193622913211584e-04
4.958900000000143336e+03 3.363408613950014114e-04
4.959800000000142973e+03 3.548957465682178736e-04
4.960700000000143518e+03 3.594224399421364069e-04
4.961600000000144064e+03 3.571806300897151232e-04
4.962500000000143700e+03 3.568741667550057173e-04
4.963400000000143336e+03 3.581261844374239445e-04
4.964300000000143882e+03 3.542607882991433144e-04
4.965200000000144428e+03 3.460492589510977268e-04
4.966100000000144064e+03 3.412056830711662769e-04
4.967000000000143700e+03 3.409047494642436504e-04
4.967900000000144246e+03 3.408049815334379673e-04
4.968800000000144792e+03 3.406089963391423225e-04
4.969700000000144428e+03 3.407261101529002190e-04
4.970600000000144064e+03 3.417819971218705177e-04
4.971500000000144610e+03 3.457168058957904577e-04
4.972400000000145155e+03 3.499987942632287741e-04
4.973300000000144792e+03 3.532899718265980482e-04
4.974200000000144428e+03 3.561858029570430517e-04
4.975100000000144973e+03 3.563555947039276361e-04
4.976000000000145519e+03 3.534401184879243374e-04
4.976900000000145155e+03 3.495426790323108435e-04
4.977800000000144792e+03 3.451017837505787611e-04
4.978700000000145337e+03 3.418323467485606670e-04
4.979600000000145883e+03 3.404978779144585133e-04
4.980500000000145519e+03 3.366531163919717073e-04
4.981400000000145155e+03 3.255811752751469612e-04
4.982300000000145701e+03 3.113774873781949282e-04
4.983200000000146247e+03 3.046165802516043186e-04
4.984100000000145883e+03 3.084001073148101568e-04
4.985000000000145519e+03 3.173282020725309849e-04
4.985900000000146065e+03 3.287607978563755751e-04
4.986800000000146611e+03 3.411138604860752821e-04
4.987700000000146247e+03 3.478699654806405306e-04
4.988600000000145883e+03 3.467767965048551559e-04
4.989500000000146429e+03 3.418495180085301399e-04
4.990400000000146974e+03 3.361541603226214647e-04
4.991300000000146611e+03 3.343893331475555897e-04
4.992200000000146247e+03 3.368598408997058868e-04
4.993100000000146792e+03 3.368288453202694654e-04
4.994000000000147338e+03 3.368905163370072842e-04
4.994900000000146974e+03 3.416133404243737459e-04
4.995800000000146611e+03 3.455858386587351561e-04
4.996700000000147156e+03 3.462699241936206818e-04
4.997600000000147702e+03 3.448372008278965950e-04
4.998500000000147338e+03 3.394668456166982651e-04
4.999400000000146974e+03 3.309986495878547430e-04
5.000300000000147520e+03 3.227677952963858843e-04
5.001200000000148066e+03 3.175595484208315611e-04
5.002100000000147702e+03 3.186032699886709452e-04
5.003000000000147338e+03 3.237326454836875200e-04
5.003900000000147884e+03 3.243298560846596956e-04
5.004800000000148430e+03 3.162357897963374853e-04
5.005700000000148066e+03 3.064597840420901775e-04
5.006600000000147702e+03 3.072696563322097063e-04
5.007500000000148248e+03 3.206766559742391109e-04
5.008400000000148793e+03 3.346385201439261436e-04
5.009300000000148430e+03 3.388596524018794298e-04
5.010200000000148066e+03 3.359555557835847139e-04
5.011100000000148611e+03 3.296796348877251148e-04
5.012000000000149157e+03 3.208309644833207130e-04
5.012900000000148793e+03 3.139050386380404234e-04
5.013800000000148430e+03 3.118404129054397345e-04
5.014700000000148975e+03 3.155957092531025410e-04
5.015600000000149521e+03 3.216100449208170176e-04
5.016500000000149157e+03 3.189298731740564108e-04
5.017400000000148793e+03 3.047988866455852985e-04
5.018300000000149339e+03 2.950357738882303238e-04
5.019200000000149885e+03 3.020636213477700949e-04
5.020100000000149521e+03 3.152436693198978901e-04
5.021000000000149157e+03 3.203696687705814838e-04
5.021900000000149703e+03 3.189638373441994190e-04
5.022800000000150249e+03 3.215840552002191544e-04
5.023700000000149885e+03 3.295571077615022659e-04
5.024600000000149521e+03 3.352707135491073132e-04
5.025500000000150067e+03 3.351469931658357382e-04
5.026400000000150612e+03 3.284217964392155409e-04
5.027300000000150249e+03 3.203180967830121517e-04
5.028200000000149885e+03 3.218745987396687269e-04
5.029100000000150430e+03 3.299202071502804756e-04
5.030000000000150976e+03 3.332656051497906446e-04
5.030900000000150612e+03 3.334002685733139515e-04
5.031800000000150249e+03 3.370431950315833092e-04
5.032700000000150794e+03 3.431541845202445984e-04
5.033600000000151340e+03 3.452380187809467316e-04
5.034500000000150976e+03 3.376881650183349848e-04
5.035400000000150612e+03 3.255545161664485931e-04
5.036300000000151158e+03 3.220157523173838854e-04
5.037200000000151704e+03 3.276573261246085167e-04
5.038100000000151340e+03 3.292234905529767275e-04
5.039000000000150976e+03 3.213113232050091028e-04
5.039900000000151522e+03 3.072226827498525381e-04
5.040800000000152068e+03 2.950601920019835234e-04
5.041700000000151704e+03 2.991101355291903019e-04
5.042600000000151340e+03 3.180710191372781992e-04
5.043500000000151886e+03 3.336324589326977730e-04
5.044400000000152431e+03 3.408010525163263083e-04
5.045300000000152068e+03 3.453519602771848440e-04
5.046200000000151704e+03 3.464630572125315666e-04
5.047100000000152249e+03 3.395222302060574293e-04
5.048000000000152795e+03 3.276021161582320929e-04
5.048900000000152431e+03 3.202469088137149811e-04
5.049800000000152068e+03 3.196130564901977777e-04
5.050700000000152613e+03 3.204901004210114479e-04
5.051600000000153159e+03 3.210186841897666454e-04
5.052500000000152795e+03 3.249169967602938414e-04
5.053400000000152431e+03 3.315768553875386715e-04
5.054300000000152977e+03 3.350015031173825264e-04
5.055200000000153523e+03 3.325644065625965595e-04
5.056100000000153159e+03 3.295919450465589762e-04
5.057000000000152795e+03 3.324630088172852993e-04
5.057900000000153341e+03 3.384058363735675812e-04
5.058800000000153887e+03 3.418511769268661737e-04
5.059700000000153523e+03 3.428297932259738445e-04
5.060600000000153159e+03 3.441557055339217186e-04
5.061500000000153705e+03 3.457159618847072124e-04
5.062400000000154250e+03 3.448985808063298464e-04
5.063300000000153887e+03 3.381720453035086393e-04
5.064200000000153523e+03 3.262943646404892206e-04
5.065100000000154068e+03 3.196890465915203094e-04
5.066000000000154614e+03 3.224821994081139565e-04
5.066900000000154250e+03 3.251323068980127573e-04
5.067800000000153887e+03 3.235197509638965130e-04
5.068700000000154432e+03 3.240057558286935091e-04
5.069600000000154978e+03 3.291378379799425602e-04
5.070500000000154614e+03 3.310730971861630678e-04
5.071400000000154250e+03 3.248732537031173706e-04
5.072300000000154796e+03 3.192150907125324011e-04
5.073200000000155342e+03 3.208893176633864641e-04
5.074100000000154978e+03 3.224587126169353724e-04
5.075000000000154614e+03 3.204089007340371609e-04
5.075900000000155160e+03 3.218049823772162199e-04
5.076800000000155705e+03 3.275154449511319399e-04
5.077700000000155342e+03 3.266880521550774574e-04
5.078600000000154978e+03 3.139874315820634365e-04
5.079500000000155524e+03 3.017382405232638121e-04
5.080400000000156069e+03 3.020631265826523304e-04
5.081300000000155705e+03 3.110927937086671591e-04
5.082200000000155342e+03 3.177590551786124706e-04
5.083100000000155887e+03 3.189761482644826174e-04
5.084000000000156433e+03 3.209972928743809462e-04
5.084900000000156069e+03 3.257913049310445786e-04
5.085800000000155705e+03 3.280410310253500938e-04
5.086700000000156251e+03 3.260561206843703985e-04
5.087600000000156797e+03 3.251579764764755964e-04
5.088500000000156433e+03 3.277435025665909052e-04
5.089400000000156069e+03 3.296960494481027126e-04
5.090300000000156615e+03 3.288131556473672390e-04
5.091200000000157161e+03 3.290718887001276016e-04
5.092100000000156797e+03 3.322026459500193596e-04
5.093000000000156433e+03 3.351686755195260048e-04
5.093900000000156979e+03 3.360786649864166975e-04
5.094800000000157524e+03 3.347174497321248055e-04
5.095700000000157161e+03 3.290453460067510605e-04
5.096600000000156797e+03 3.187957918271422386e-04
5.097500000000157343e+03 3.086617216467857361e-04
5.098400000000157888e+03 3.017781709786504507e-04
5.099300000000157524e+03 3.008252533618360758e-04
5.100200000000157161e+03 3.078347072005271912e-04
5.101100000000157706e+03 3.184487286489456892e-04
5.102000000000158252e+03 3.259600489400327206e-04
5.102900000000157888e+03 3.280657692812383175e-04
5.103800000000157524e+03 3.274960909038782120e-04
5.104700000000158070e+03 3.267792053520679474e-04
5.105600000000158616e+03 3.252031747251749039e-04
5.106500000000158252e+03 3.208340203855186701e-04
5.107400000000157888e+03 3.162135253660380840e-04
5.108300000000158434e+03 3.153215511702001095e-04
5.109200000000158980e+03 3.149438416585326195e-04
5.110100000000158616e+03 3.146088565699756145e-04
5.111000000000158252e+03 3.192200383637100458e-04
5.111900000000158798e+03 3.255108604207634926e-04
5.112800000000159343e+03 3.284386184532195330e-04
5.113700000000158980e+03 3.291432221885770559e-04
5.114600000000158616e+03 3.285215061623603106e-04
5.115500000000159162e+03 3.281623066868633032e-04
5.116400000000159707e+03 3.305394784547388554e-04
5.117300000000159343e+03 3.340370021760463715e-04
5.118200000000158980e+03 3.350942279212176800e-04
5.119100000000159525e+03 3.327644371893256903e-04
5.120000000000160071e+03 3.285142011009156704e-04
5.120900000000159707e+03 3.241450176574289799e-04
5.121800000000159343e+03 3.191948344465345144e-04
5.122700000000159889e+03 3.124730719719082117e-04
5.123600000000160435e+03 3.070121456403285265e-04
5.124500000000160071e+03 3.059257578570395708e-04
5.125400000000159707e+03 3.075168933719396591e-04
5.126300000000160253e+03 3.093336417805403471e-04
5.127200000000160799e+03 3.099679888691753149e-04
5.128100000000160435e+03 3.093149862252175808e-04
5.129000000000160071e+03 3.091490943916141987e-04
5.129900000000160617e+03 3.120482142549008131e-04
5.130800000000161162e+03 3.163354122079908848e-04
5.131700000000160799e+03 3.176581230945885181e-04
5.132600000000160435e+03 3.154767910018563271e-04
5.133500000000160981e+03 3.145065275020897388e-04
5.134400000000161526e+03 3.194730670657008886e-04
5.135300000000161162e+03 3.239138459321111441e-04
5.136200000000160799e+03 3.195604658685624599e-04
5.137100000000161344e+03 3.116244624834507704e-04
5.138000000000161890e+03 3.057497378904372454e-04
5.138900000000161526e+03 3.017572453245520592e-04
5.139800000000161162e+03 3.051575622521340847e-04
5.140700000000161708e+03 3.120190813206136227e-04
5.141600000000162254e+03 3.096592554356902838e-04
5.142500000000161890e+03 3.038810682483017445e-04
5.143400000000161526e+03 3.069305967073887587e-04
5.144300000000162072e+03 3.129616961814463139e-04
5.145200000000162618e+03 3.123264177702367306e-04
5.146100000000162254e+03 3.077915753237903118e-04
5.147000000000161890e+03 3.045592457056045532e-04
5.147900000000162436e+03 3.043170145247131586e-04
5.148800000000162981e+03 3.078450681641697884e-04
5.149700000000162618e+03 3.113231796305626631e-04
5.150600000000162254e+03 3.110437537543475628e-04
5.151500000000162800e+03 3.093104460276663303e-04
5.152400000000163345e+03 3.067363577429205179e-04
5.153300000000162981e+03 3.029114741366356611e-04
5.154200000000162618e+03 3.025262849405407906e-04
5.155100000000163163e+03 3.078802837990224361e-04
5.156000000000163709e+03 3.143734065815806389e-04
5.156900000000163345e+03 3.191787109244614840e-04
5.157800000000162981e+03 3.219376667402684689e-04
5.158700000000163527e+03 3.222970117349177599e-04
5.159600000000164073e+03 3.214730240870267153e-04
5.160500000000163709e+03 3.187291149515658617e-04
5.161400000000163345e+03 3.127112868241965771e-04
5.162300000000163891e+03 3.087275545112788677e-04
5.163200000000164437e+03 3.102660411968827248e-04
5.164100000000164073e+03 3.098654269706457853e-04
5.165000000000163709e+03 3.008184139616787434e-04
5.165900000000164255e+03 2.839544613379985094e-04
5.166800000000164800e+03 2.648054505698382854e-04
5.167700000000164437e+03 2.537440159358084202e-04
5.168600000000164073e+03 2.587471390143036842e-04
5.169500000000164619e+03 2.763826341833919287e-04
5.170400000000165164e+03 2.880877582356333733e-04
5.171300000000164800e+03 2.793239254970103502e-04
5.172200000000164437e+03 2.649568195920437574e-04
5.173100000000164982e+03 2.705863735172897577e-04
5.174000000000165528e+03 2.941635029856115580e-04
5.174900000000165164e+03 3.127332020085304976e-04
5.175800000000164800e+03 3.167334652971476316e-04
5.176700000000165346e+03 3.152579593006521463e-04
5.177600000000165892e+03 3.162522043567150831e-04
5.178500000000165528e+03 3.178565530106425285e-04
5.179400000000165164e+03 3.170722629874944687e-04
5.180300000000165710e+03 3.147264942526817322e-04
5.181200000000166256e+03 3.085295029450207949e-04
5.182100000000165892e+03 2.914167125709354877e-04
5.183000000000165528e+03 2.680151956155896187e-04
5.183900000000166074e+03 2.611702948343008757e-04
5.184800000000166619e+03 2.780728973448276520e-04
5.185700000000166256e+03 2.982874866575002670e-04
5.186600000000165892e+03 3.071149112656712532e-04
5.187500000000166438e+03 3.055330307688564062e-04
5.188400000000166983e+03 3.029110957868397236e-04
5.189300000000166619e+03 3.070695383939892054e-04
5.190200000000166256e+03 3.078554000239819288e-04
5.191100000000166801e+03 2.952579525299370289e-04
5.192000000000167347e+03 2.840301021933555603e-04
5.192900000000166983e+03 2.890551404561847448e-04
5.193800000000166619e+03 2.987506159115582705e-04
5.194700000000167165e+03 2.986400213558226824e-04
5.195600000000167711e+03 2.943283470813184977e-04
5.196500000000167347e+03 2.939467958640307188e-04
5.197400000000166983e+03 2.967938198707997799e-04
5.198300000000167529e+03 3.021757584065198898e-04
5.199200000000168075e+03 3.080365422647446394e-04
5.200100000000167711e+03 3.109275421593338251e-04
5.201000000000167347e+03 3.107302472926676273e-04
5.201900000000167893e+03 3.090902464464306831e-04
5.202800000000168438e+03 3.066599601879715919e-04
5.203700000000168075e+03 3.001268778461962938e-04
5.204600000000167711e+03 2.894542703870683908e-04
5.205500000000168257e+03 2.837053616531193256e-04
5.206400000000168802e+03 2.873815828934311867e-04
5.207300000000168438e+03 2.904865832533687353e-04
5.208200000000168075e+03 2.886681468226015568e-04
5.209100000000168620e+03 2.921845298260450363e-04
5.210000000000169166e+03 3.005244361702352762e-04
5.210900000000168802e+03 3.068246878683567047e-04
5.211800000000168438e+03 3.119602624792605639e-04
5.212700000000168984e+03 3.154285950586199760e-04
5.213600000000169530e+03 3.126720257569104433e-04
5.214500000000169166e+03 3.028552746400237083e-04
5.215400000000168802e+03 2.929281035903841257e-04
5.216300000000169348e+03 2.905616711359471083e-04
5.217200000000169894e+03 2.964193408843129873e-04
5.218100000000169530e+03 3.061016614083200693e-04
5.219000000000169166e+03 3.140488406643271446e-04
5.219900000000169712e+03 3.172451397404074669e-04
5.220800000000170257e+03 3.173652512487024069e-04
5.221700000000169894e+03 3.159928310196846724e-04
5.222600000000169530e+03 3.126632946077734232e-04
5.223500000000170076e+03 3.067110374104231596e-04
5.224400000000170621e+03 2.969781344290822744e-04
5.225300000000170257e+03 2.815466432366520166e-04
5.226200000000169894e+03 2.642169420141726732e-04
5.227100000000170439e+03 2.609320799820125103e-04
5.228000000000170985e+03 2.781343064270913601e-04
5.228900000000170621e+03 2.980155986733734608e-04
5.229800000000170257e+03 3.078793524764478207e-04
5.230700000000170803e+03 3.105926152784377337e-04
5.231600000000171349e+03 3.052658576052635908e-04
5.232500000000170985e+03 2.935297670774161816e-04
5.233400000000170621e+03 2.861544489860534668e-04
5.234300000000171167e+03 2.867739240173250437e-04
5.235200000000171713e+03 2.924564178101718426e-04
5.236100000000171349e+03 2.993652306031435728e-04
5.237000000000170985e+03 3.035686386283487082e-04
5.237900000000171531e+03 3.064172633457928896e-04
5.238800000000172076e+03 3.093226987402886152e-04
5.239700000000171713e+03 3.113878192380070686e-04
5.240600000000171349e+03 3.127929521724581718e-04
5.241500000000171894e+03 3.118537133559584618e-04
5.242400000000172440e+03 3.083889605477452278e-04
5.243300000000172076e+03 3.083070332650095224e-04
5.244200000000171713e+03 3.137176099698990583e-04
5.245100000000172258e+03 3.165327652823179960e-04
5.246000000000172804e+03 3.106232907157391310e-04
5.246900000000172440e+03 3.027755010407418013e-04
5.247800000000172076e+03 3.013423120137304068e-04
5.248700000000172622e+03 3.020872536581009626e-04
5.249600000000173168e+03 2.988917112816125154e-04
5.250500000000172804e+03 2.969045599456876516e-04
5.251400000000172440e+03 3.011297085322439671e-04
5.252300000000172986e+03 3.064612974412739277e-04
5.253200000000173532e+03 3.063317562919110060e-04
5.254100000000173168e+03 3.002842422574758530e-04
5.255000000000172804e+03 2.961663412861526012e-04
5.255900000000173350e+03 3.009272040799260139e-04
5.256800000000173895e+03 3.097256412729620934e-04
5.257700000000173532e+03 3.156778111588209867e-04
5.258600000000173168e+03 3.172110009472817183e-04
5.259500000000173713e+03 3.137881285510957241e-04
5.260400000000174259e+03 3.064912452828139067e-04
5.261300000000173895e+03 2.969610213767737150e-04
5.262200000000173532e+03 2.865461865440011024e-04
5.263100000000174077e+03 2.764238161034882069e-04
5.264000000000174623e+03 2.673369599506258965e-04
5.264900000000174259e+03 2.615886623971164227e-04
5.265800000000173895e+03 2.631364623084664345e-04
5.266700000000174441e+03 2.741968492045998573e-04
5.267600000000174987e+03 2.838590589817613363e-04
5.268500000000174623e+03 2.771654399111866951e-04
5.269400000000174259e+03 2.632985706441104412e-04
5.270300000000174805e+03 2.650983806233853102e-04
5.271200000000175351e+03 2.814111066982150078e-04
5.272100000000174987e+03 2.922612766269594431e-04
5.273000000000174623e+03 2.916505618486553431e-04
5.273900000000175169e+03 2.846913412213325500e-04
5.274800000000175714e+03 2.749787527136504650e-04
5.275700000000175351e+03 2.741241769399493933e-04
5.276600000000174987e+03 2.890161122195422649e-04
5.277500000000175532e+03 3.050251107197254896e-04
5.278400000000176078e+03 3.085414937231689692e-04
5.279300000000175714e+03 3.027136845048516989e-04
5.280200000000175351e+03 2.967376494780182838e-04
5.281100000000175896e+03 2.944595762528479099e-04
5.282000000000176442e+03 2.925681183114647865e-04
5.282900000000176078e+03 2.870069001801311970e-04
5.283800000000175714e+03 2.832061145454645157e-04
5.284700000000176260e+03 2.915805089287459850e-04
5.285600000000176806e+03 3.072064428124576807e-04
5.286500000000176442e+03 3.162561624776571989e-04
5.287400000000176078e+03 3.162923094350844622e-04
5.288300000000176624e+03 3.144181100651621819e-04
5.289200000000177170e+03 3.155526355840265751e-04
5.290100000000176806e+03 3.177865000907331705e-04
5.291000000000176442e+03 3.174888843204826117e-04
5.291900000000176988e+03 3.140826593153178692e-04
5.292800000000177533e+03 3.100628091488033533e-04
5.293700000000177170e+03 3.086800570599734783e-04
5.294600000000176806e+03 3.090164100285619497e-04
5.295500000000177351e+03 3.055042761843651533e-04
5.296400000000177897e+03 2.948040200863033533e-04
5.297300000000177533e+03 2.827944990713149309e-04
5.298200000000177170e+03 2.812409366015344858e-04
5.299100000000177715e+03 2.914522774517536163e-04
5.300000000000178261e+03 3.003953606821596622e-04
5.300900000000177897e+03 3.005283942911773920e-04
5.301800000000177533e+03 2.974911767523735762e-04
5.302700000000178079e+03 2.993908419739454985e-04
5.303600000000178625e+03 3.059531736653298140e-04
5.304500000000178261e+03 3.103359777014702559e-04
5.305400000000177897e+03 3.089950769208371639e-04
5.306300000000178443e+03 3.049861697945743799e-04
5.307200000000178989e+03 3.029147046618163586e-04
5.308100000000178625e+03 3.048647486139088869e-04
5.309000000000178261e+03 3.090680402237921953e-04
5.309900000000178807e+03 3.116463194601237774e-04
5.310800000000179352e+03 3.117720480076968670e-04
5.311700000000178989e+03 3.102758782915771008e-04
5.312600000000178625e+03 3.067003563046455383e-04
5.313500000000179170e+03 3.036416601389646530e-04
5.314400000000179716e+03 3.015724651049822569e-04
5.315300000000179352e+03 2.944599837064743042e-04
5.316200000000178989e+03 2.848171861842274666e-04
5.317100000000179534e+03 2.851813915185630322e-04
5.318000000000180080e+03 2.950038760900497437e-04
5.318900000000179716e+03 3.029510844498872757e-04
5.319800000000179352e+03 3.058672882616519928e-04
5.320700000000179898e+03 3.062417381443083286e-04
5.321600000000180444e+03 3.053052932955324650e-04
5.322500000000180080e+03 3.011702792719006538e-04
5.323400000000179716e+03 2.923322899732738733e-04
5.324300000000180262e+03 2.855960628949105740e-04
5.325200000000180808e+03 2.874039055313915014e-04
5.326100000000180444e+03 2.893831406254321337e-04
5.327000000000180080e+03 2.782550873234868050e-04
5.327900000000180626e+03 2.605525660328567028e-04
5.328800000000181171e+03 2.591242082417011261e-04
5.329700000000180808e+03 2.767305122688412666e-04
5.330600000000180444e+03 2.948148467112332582e-04
5.331500000000180989e+03 3.017097769770771265e-04
5.332400000000181535e+03 3.005098551511764526e-04
5.333300000000181171e+03 2.993789385072886944e-04
5.334200000000180808e+03 3.006957413163036108e-04
5.335100000000181353e+03 3.013347159139811993e-04
5.336000000000181899e+03 2.989996864926069975e-04
5.336900000000181535e+03 2.953850198537111282e-04
5.337800000000181171e+03 2.929808979388326406e-04
5.338700000000181717e+03 2.888688468374311924e-04
5.339600000000182263e+03 2.816995256580412388e-04
5.340500000000181899e+03 2.798650821205228567e-04
5.341400000000181535e+03 2.884202694986015558e-04
5.342300000000182081e+03 2.992028894368559122e-04
5.343200000000182627e+03 3.042577591259032488e-04
5.344100000000182263e+03 3.032715176232159138e-04
5.345000000000181899e+03 2.976311661768704653e-04
5.345900000000182445e+03 2.928907342720776796e-04
5.346800000000182990e+03 2.937041863333433867e-04
5.347700000000182627e+03 2.950890921056270599e-04
5.348600000000182263e+03 2.935645170509815216e-04
5.349500000000182808e+03 2.938000252470374107e-04
5.350400000000183354e+03 2.988864143844693899e-04
5.351300000000182990e+03 3.045194316655397415e-04
5.352200000000182627e+03 3.056555869989097118e-04
5.353100000000183172e+03 3.045117482542991638e-04
5.354000000000183718e+03 3.064834163524210453e-04
5.354900000000183354e+03 3.108233795501291752e-04
5.355800000000182990e+03 3.133112331852316856e-04
5.356700000000183536e+03 3.136249724775552750e-04
5.357600000000184082e+03 3.127886157017201185e-04
5.358500000000183718e+03 3.119665198028087616e-04
5.359400000000183354e+03 3.115601430181413889e-04
5.360300000000183900e+03 3.092073020525276661e-04
5.361200000000184446e+03 3.026959020644426346e-04
5.362100000000184082e+03 2.950510533992201090e-04
5.363000000000183718e+03 2.914433716796338558e-04
5.363900000000184264e+03 2.908545429818332195e-04
5.364800000000184809e+03 2.901328552979975939e-04
5.365700000000184446e+03 2.907132438849657774e-04
5.366600000000184082e+03 2.912348718382418156e-04
5.367500000000184627e+03 2.901658590417355299e-04
5.368400000000185173e+03 2.871786418836563826e-04
5.369300000000184809e+03 2.797359484247863293e-04
5.370200000000184446e+03 2.715719165280461311e-04
5.371100000000184991e+03 2.712700515985488892e-04
5.372000000000185537e+03 2.817080821841955185e-04
5.372900000000185173e+03 2.949617919512093067e-04
5.373800000000184809e+03 3.025929618161171675e-04
5.374700000000185355e+03 3.052862593904137611e-04
5.375600000000185901e+03 3.051700477954000235e-04
5.376500000000185537e+03 3.030981170013546944e-04
5.377400000000185173e+03 3.016751434188336134e-04
5.378300000000185719e+03 3.014247631654143333e-04
5.379200000000186265e+03 2.993261150550097227e-04
5.380100000000185901e+03 2.955496893264353275e-04
5.381000000000185537e+03 2.932984207291156054e-04
5.381900000000186083e+03 2.918071695603430271e-04
5.382800000000186628e+03 2.898351522162556648e-04
5.383700000000186265e+03 2.923353749793022871e-04
5.384600000000185901e+03 2.992005611304193735e-04
5.385500000000186446e+03 3.024633624590933323e-04
5.386400000000186992e+03 3.005663747899234295e-04
5.387300000000186628e+03 2.983071026392281055e-04
5.388200000000186265e+03 2.964041195809841156e-04
5.389100000000186810e+03 2.927056921180337667e-04
5.390000000000187356e+03 2.887767332140356302e-04
5.390900000000186992e+03 2.872663608286529779e-04
5.391800000000186628e+03 2.873118501156568527e-04
5.392700000000187174e+03 2.874831261578947306e-04
5.393600000000187720e+03 2.885919529944658279e-04
5.394500000000187356e+03 2.897368103731423616e-04
5.395400000000186992e+03 2.861547982320189476e-04
5.396300000000187538e+03 2.772351726889610291e-04
5.397200000000188084e+03 2.731828135438263416e-04
5.398100000000187720e+03 2.797741326503455639e-04
5.399000000000187356e+03 2.872631885111331940e-04
5.399900000000187902e+03 2.877537626773118973e-04
5.400800000000188447e+03 2.865730202756822109e-04
5.401700000000188084e+03 2.879884559661149979e-04
5.402600000000187720e+03 2.860674576368182898e-04
5.403500000000188265e+03 2.770311257336288691e-04
5.404400000000188811e+03 2.674103016033768654e-04
5.405300000000188447e+03 2.649326343089342117e-04
5.406200000000188084e+03 2.709423424676060677e-04
5.407100000000188629e+03 2.798724453896284103e-04
5.408000000000189175e+03 2.834431361407041550e-04
5.408900000000188811e+03 2.788202255032956600e-04
5.409800000000188447e+03 2.734140143729746342e-04
5.410700000000188993e+03 2.764146483968943357e-04
5.411600000000189539e+03 2.861141401808708906e-04
5.412500000000189175e+03 2.921838313341140747e-04
5.413400000000188811e+03 2.896962687373161316e-04
5.414300000000189357e+03 2.843289403244853020e-04
5.415200000000189902e+03 2.849404700100421906e-04
5.416100000000189539e+03 2.921623527072370052e-04
5.417000000000189175e+03 2.977679832838475704e-04
5.417900000000189721e+03 2.974664093926548958e-04
5.418800000000190266e+03 2.939581463579088449e-04
5.419700000000189902e+03 2.900484832935035229e-04
5.420600000000189539e+03 2.885067078750580549e-04
5.421500000000190084e+03 2.907697344198822975e-04
5.422400000000190630e+03 2.910539915319532156e-04
5.423300000000190266e+03 2.837148203980177641e-04
5.424200000000189902e+03 2.771266445051878691e-04
5.425100000000190448e+03 2.815324405673891306e-04
5.426000000000190994e+03 2.921433479059487581e-04
5.426900000000190630e+03 2.980270655825734138e-04
5.427800000000190266e+03 2.931421913672238588e-04
5.428700000000190812e+03 2.803201787173748016e-04
5.429600000000191358e+03 2.737136092036962509e-04
5.430500000000190994e+03 2.811581653077155352e-04
5.431400000000190630e+03 2.891241747420281172e-04
5.432300000000191176e+03 2.869790769182145596e-04
5.433200000000191721e+03 2.809365978464484215e-04
5.434100000000191358e+03 2.778393100015819073e-04
5.435000000000190994e+03 2.791472652461379766e-04
5.435900000000191540e+03 2.835909253917634487e-04
5.436800000000192085e+03 2.897000522352755070e-04
5.437700000000191721e+03 2.963009465020149946e-04
5.438600000000191358e+03 3.007020859513431787e-04
5.439500000000191903e+03 3.019238938577473164e-04
5.440400000000192449e+03 3.013018576893955469e-04
5.441300000000192085e+03 3.000976576004177332e-04
5.442200000000191721e+03 2.992722438648343086e-04
5.443100000000192267e+03 2.973403898067772388e-04
5.444000000000192813e+03 2.914404030889272690e-04
5.444900000000192449e+03 2.818864013534039259e-04
5.445800000000192085e+03 2.721542259678244591e-04
5.446700000000192631e+03 2.695185830816626549e-04
5.447600000000193177e+03 2.784922835417091846e-04
5.448500000000192813e+03 2.908323367591947317e-04
5.449400000000192449e+03 2.971937065012753010e-04
5.450300000000192995e+03 2.980879216920584440e-04
5.451200000000193540e+03 2.971298818010836840e-04
5.452100000000193177e+03 2.956640382762998343e-04
5.453000000000192813e+03 2.924281579907983541e-04
5.453900000000193359e+03 2.844157279469072819e-04
5.454800000000193904e+03 2.731650602072477341e-04
5.455700000000193540e+03 2.702109050005674362e-04
5.456600000000193177e+03 2.802154049277305603e-04
5.457500000000193722e+03 2.920433762483298779e-04
5.458400000000194268e+03 2.972141373902559280e-04
5.459300000000193904e+03 2.967036271002143621e-04
5.460200000000193540e+03 2.939196710940450430e-04
5.461100000000194086e+03 2.894066274166107178e-04
5.462000000000194632e+03 2.815909101627767086e-04
5.462900000000194268e+03 2.752501168288290501e-04
5.463800000000193904e+03 2.777722547762095928e-04
5.464700000000194450e+03 2.842644462361931801e-04
5.465600000000194996e+03 2.855655329767614603e-04
5.466500000000194632e+03 2.844365080818533897e-04
5.467400000000194268e+03 2.867784642148762941e-04
5.468300000000194814e+03 2.900082909036427736e-04
5.469200000000195359e+03 2.900259278248995543e-04
5.470100000000194996e+03 2.883524284698069096e-04
5.471000000000194632e+03 2.876353682950139046e-04
5.471900000000195178e+03 2.856783976312726736e-04
5.472800000000195723e+03 2.815924817696213722e-04
5.473700000000195359e+03 2.802985254675149918e-04
5.474600000000194996e+03 2.800345246214419603e-04
5.475500000000195541e+03 2.721963392104953527e-04
5.476400000000196087e+03 2.615888661239296198e-04
5.477300000000195723e+03 2.621504827402532101e-04
5.478200000000195359e+03 2.733696892391890287e-04
5.479100000000195905e+03 2.819999936036765575e-04
5.480000000000196451e+03 2.805271651595830917e-04
5.480900000000196087e+03 2.751045394688844681e-04
5.481800000000195723e+03 2.751071879174560308e-04
5.482700000000196269e+03 2.805023977998644114e-04
5.483600000000196815e+03 2.867305593099445105e-04
5.484500000000196451e+03 2.915487857535481453e-04
5.485400000000196087e+03 2.918389800470322371e-04
5.486300000000196633e+03 2.857483050320297480e-04
5.487200000000197178e+03 2.785376564133912325e-04
5.488100000000196815e+03 2.780884678941220045e-04
5.489000000000196451e+03 2.823101822286844254e-04
5.489900000000196997e+03 2.851494355127215385e-04
5.490800000000197542e+03 2.864864654839038849e-04
5.491700000000197178e+03 2.861251996364444494e-04
5.492600000000196815e+03 2.831787278410047293e-04
5.493500000000197360e+03 2.813584287650883198e-04
5.494400000000197906e+03 2.839239314198493958e-04
5.495300000000197542e+03 2.863612608052790165e-04
5.496200000000197178e+03 2.831489837262779474e-04
5.497100000000197724e+03 2.784270327538251877e-04
5.498000000000198270e+03 2.807698328979313374e-04
5.498900000000197906e+03 2.876216603908687830e-04
5.499800000000197542e+03 2.886549045797437429e-04
5.500700000000198088e+03 2.816352061927318573e-04
5.501600000000198634e+03 2.739813935477286577e-04
5.502500000000198270e+03 2.724043442867696285e-04
5.503400000000197906e+03 2.762899675872176886e-04
5.504300000000198452e+03 2.798445930238813162e-04
5.505200000000198997e+03 2.777198678813874722e-04
5.506100000000198634e+03 2.732334833126515150e-04
5.507000000000198270e+03 2.741407370194792747e-04
5.507900000000198816e+03 2.785832621157169342e-04
5.508800000000199361e+03 2.796324552036821842e-04
5.509700000000198997e+03 2.775771426968276501e-04
5.510600000000198634e+03 2.756289613898843527e-04
5.511500000000199179e+03 2.738829352892935276e-04
5.512400000000199725e+03 2.734042645897716284e-04
5.513300000000199361e+03 2.758083865046501160e-04
5.514200000000198997e+03 2.794377214740961790e-04
5.515100000000199543e+03 2.822103851940482855e-04
5.516000000000200089e+03 2.837066422216594219e-04
5.516900000000199725e+03 2.854321792256087065e-04
5.517800000000199361e+03 2.881452965084463358e-04
5.518700000000199907e+03 2.894281933549791574e-04
5.519600000000200453e+03 2.882269618567079306e-04
5.520500000000200089e+03 2.863039553631097078e-04
5.521400000000199725e+03 2.854963531717658043e-04
5.522300000000200271e+03 2.860804379452019930e-04
5.523200000000200816e+03 2.864022098947316408e-04
5.524100000000200453e+03 2.842201502062380314e-04
5.525000000000200089e+03 2.802208182401955128e-04
5.525900000000200635e+03 2.766473044175654650e-04
5.526800000000201180e+03 2.724145597312599421e-04
5.527700000000200816e+03 2.671874826774001122e-04
5.528600000000200453e+03 2.669777895789593458e-04
5.529500000000200998e+03 2.737246686592698097e-04
5.530400000000201544e+03 2.805918920785188675e-04
5.531300000000201180e+03 2.829025033861398697e-04
5.532200000000200816e+03 2.820979862008243799e-04
5.533100000000201362e+03 2.793165622279047966e-04
5.534000000000201908e+03 2.738990297075361013e-04
5.534900000000201544e+03 2.704735961742699146e-04
5.535800000000201180e+03 2.739644842222332954e-04
5.536700000000201726e+03 2.797219203785061836e-04
5.537600000000202272e+03 2.822571550495922565e-04
5.538500000000201908e+03 2.833997423294931650e-04
5.539400000000201544e+03 2.853404439520090818e-04
5.540300000000202090e+03 2.868520678021013737e-04
5.541200000000202635e+03 2.859461819753050804e-04
5.542100000000202272e+03 2.814795880112797022e-04
5.543000000000201908e+03 2.762457006610929966e-04
5.543900000000202454e+03 2.747660619206726551e-04
5.544800000000202999e+03 2.763766387943178415e-04
5.545700000000202635e+03 2.777470217552036047e-04
5.546600000000202272e+03 2.792995655909180641e-04
5.547500000000202817e+03 2.824704570230096579e-04
5.548400000000203363e+03 2.850336022675037384e-04
5.549300000000202999e+03 2.857514773495495319e-04
5.550200000000202635e+03 2.861429820768535137e-04
5.551100000000203181e+03 2.861916727852076292e-04
5.552000000000203727e+03 2.846354036591947079e-04
5.552900000000203363e+03 2.809950674418359995e-04
5.553800000000202999e+03 2.778275811579078436e-04
5.554700000000203545e+03 2.777909394353628159e-04
5.555600000000204091e+03 2.802860981319099665e-04
5.556500000000203727e+03 2.819089568220078945e-04
5.557400000000203363e+03 2.810460573527961969e-04
5.558300000000203909e+03 2.799551293719559908e-04
5.559200000000204454e+03 2.798269852064549923e-04
5.560100000000204091e+03 2.795940090436488390e-04
5.561000000000203727e+03 2.786875120364129543e-04
5.561900000000204273e+03 2.764996315818279982e-04
5.562800000000204818e+03 2.742203359957784414e-04
5.563700000000204454e+03 2.741858770605176687e-04
5.564600000000204091e+03 2.742833166848868132e-04
5.565500000000204636e+03 2.727076935116201639e-04
5.566400000000205182e+03 2.721530618146061897e-04
5.567300000000204818e+03 2.728718100115656853e-04
5.568200000000204454e+03 2.720562915783375502e-04
5.569100000000205000e+03 2.703027275856584311e-04
5.570000000000205546e+03 2.723830693867057562e-04
5.570900000000205182e+03 2.762059739325195551e-04
5.571800000000204818e+03 2.734847657848149538e-04
5.572700000000205364e+03 2.682108606677502394e-04
5.573600000000205910e+03 2.705690276343375444e-04
5.574500000000205546e+03 2.762518415693193674e-04
5.575400000000205182e+03 2.765744575299322605e-04
5.576300000000205728e+03 2.748027909547090530e-04
5.577200000000206273e+03 2.754335873760282993e-04
5.578100000000205910e+03 2.764594391919672489e-04
5.579000000000205546e+03 2.774138702079653740e-04
5.579900000000206091e+03 2.789268619380891323e-04
5.580800000000206637e+03 2.784041571430861950e-04
5.581700000000206273e+03 2.761061768978834152e-04
5.582600000000205910e+03 2.755289606284350157e-04
5.583500000000206455e+03 2.766447432804852724e-04
5.584400000000207001e+03 2.761745708994567394e-04
5.585300000000206637e+03 2.706845698412507772e-04
5.586200000000206273e+03 2.610528317745774984e-04
5.587100000000206819e+03 2.541316789574921131e-04
5.588000000000207365e+03 2.539292036090046167e-04
5.588900000000207001e+03 2.578597632236778736e-04
5.589800000000206637e+03 2.634179254528135061e-04
5.590700000000207183e+03 2.684492792468518019e-04
5.591600000000207729e+03 2.706567465793341398e-04
5.592500000000207365e+03 2.700219047255814075e-04
5.593400000000207001e+03 2.672122791409492493e-04
5.594300000000207547e+03 2.659460005816072226e-04
5.595200000000208092e+03 2.711486886255443096e-04
5.596100000000207729e+03 2.776973706204444170e-04
5.597000000000207365e+03 2.766429097391664982e-04
5.597900000000207910e+03 2.701779885683208704e-04
5.598800000000208456e+03 2.674454881343990564e-04
5.599700000000208092e+03 2.678235177882015705e-04
5.600600000000207729e+03 2.653723640833050013e-04
5.601500000000208274e+03 2.613409305922687054e-04
5.602400000000208820e+03 2.602048625703901052e-04
5.603300000000208456e+03 2.651218674145638943e-04
5.604200000000208092e+03 2.738148032221943140e-04
5.605100000000208638e+03 2.801177324727177620e-04
5.606000000000209184e+03 2.824899565894156694e-04
5.606900000000208820e+03 2.827212447300553322e-04
5.607800000000208456e+03 2.821242087520658970e-04
5.608700000000209002e+03 2.811595331877470016e-04
5.609600000000209548e+03 2.803107490763068199e-04
5.610500000000209184e+03 2.808341814670711756e-04
5.611400000000208820e+03 2.824045368470251560e-04
5.612300000000209366e+03 2.828350989148020744e-04
5.613200000000209911e+03 2.793305611703544855e-04
5.614100000000209548e+03 2.695111907087266445e-04
5.615000000000209184e+03 2.583344175945967436e-04
5.615900000000209729e+03 2.567461633589118719e-04
5.616800000000210275e+03 2.650947717484086752e-04
5.617700000000209911e+03 2.722947974689304829e-04
5.618600000000209548e+03 2.730288833845406771e-04
5.619500000000210093e+03 2.711189445108175278e-04
5.620400000000210639e+03 2.712272980716079473e-04
5.621300000000210275e+03 2.736790047492831945e-04
5.622200000000209911e+03 2.746828540693968534e-04
5.623100000000210457e+03 2.701985649764537811e-04
5.624000000000211003e+03 2.627088979352265596e-04
5.624900000000210639e+03 2.600234292913228273e-04
5.625800000000210275e+03 2.643536427058279514e-04
5.626700000000210821e+03 2.693639835342764854e-04
5.627600000000211367e+03 2.715763694141060114e-04
5.628500000000211003e+03 2.739161718636751175e-04
5.629400000000210639e+03 2.771482977550476789e-04
5.630300000000211185e+03 2.790260768961161375e-04
5.631200000000211730e+03 2.791254664771258831e-04
5.632100000000211367e+03 2.778010675683617592e-04
5.633000000000211003e+03 2.753476437646895647e-04
5.633900000000211548e+03 2.732365392148494720e-04
5.634800000000212094e+03 2.720920310821384192e-04
5.635700000000211730e+03 2.704016515053808689e-04
5.636600000000211367e+03 2.671988040674477816e-04
5.637500000000211912e+03 2.648836816661059856e-04
5.638400000000212458e+03 2.667767985258251429e-04
5.639300000000212094e+03 2.698259777389466763e-04
5.640200000000211730e+03 2.690811234060674906e-04
5.641100000000212276e+03 2.662397164385765791e-04
5.642000000000212822e+03 2.660413447301834822e-04
5.642900000000212458e+03 2.677568409126251936e-04
5.643800000000212094e+03 2.685842046048492193e-04
5.644700000000212640e+03 2.694111608434468508e-04
5.645600000000213186e+03 2.711138222366571426e-04
5.646500000000212822e+03 2.731179702095687389e-04
5.647400000000212458e+03 2.739748160820454359e-04
5.648300000000213004e+03 2.723685465753078461e-04
5.649200000000213549e+03 2.696580486372113228e-04
5.650100000000213186e+03 2.685640356503427029e-04
5.651000000000212822e+03 2.702283672988414764e-04
5.651900000000213367e+03 2.727157552726566792e-04
5.652800000000213913e+03 2.726150851231068373e-04
5.653700000000213549e+03 2.683390630409121513e-04
5.654600000000213186e+03 2.636342542245984077e-04
5.655500000000213731e+03 2.640478487592190504e-04
5.656400000000214277e+03 2.660208556335419416e-04
5.657300000000213913e+03 2.606007619760930538e-04
5.658200000000213549e+03 2.520876005291938782e-04
5.659100000000214095e+03 2.530638012103736401e-04
5.660000000000214641e+03 2.611114759929478168e-04
5.660900000000214277e+03 2.643581537995487452e-04
5.661800000000213913e+03 2.610850206110626459e-04
5.662700000000214459e+03 2.588838979136198759e-04
5.663600000000215005e+03 2.626827917993068695e-04
5.664500000000214641e+03 2.686865336727350950e-04
5.665400000000214277e+03 2.709496766328811646e-04
5.666300000000214823e+03 2.686227089725434780e-04
5.667200000000215368e+03 2.654709387570619583e-04
5.668100000000215005e+03 2.647288201842457056e-04
5.669000000000214641e+03 2.662029291968792677e-04
5.669900000000215186e+03 2.682218619156628847e-04
5.670800000000215732e+03 2.699042961467057467e-04
5.671700000000215368e+03 2.722273929975926876e-04
5.672600000000215005e+03 2.749738923739641905e-04
5.673500000000215550e+03 2.757463080342859030e-04
5.674400000000216096e+03 2.734885492827743292e-04
5.675300000000215732e+03 2.711479028221219778e-04
5.676200000000215368e+03 2.719613839872181416e-04
5.677100000000215914e+03 2.729261759668588638e-04
5.678000000000216460e+03 2.713181020226329565e-04
5.678900000000216096e+03 2.697850868571549654e-04
5.679800000000215732e+03 2.702746132854372263e-04
5.680700000000216278e+03 2.696577284950762987e-04
5.681600000000216824e+03 2.650979149620980024e-04
5.682500000000216460e+03 2.606786438263952732e-04
5.683400000000216096e+03 2.610057126730680466e-04
5.684300000000216642e+03 2.639608865138143301e-04
5.685200000000217187e+03 2.652839175425469875e-04
5.686100000000216824e+03 2.632197574712336063e-04
5.687000000000216460e+03 2.606927300803363323e-04
5.687900000000217005e+03 2.607906644698232412e-04
5.688800000000217551e+03 2.636866993270814419e-04
5.689700000000217187e+03 2.675799769349396229e-04
5.690600000000216824e+03 2.696698065847158432e-04
5.691500000000217369e+03 2.709479595068842173e-04
5.692400000000217915e+03 2.720339398365467787e-04
5.693300000000217551e+03 2.710823027882725000e-04
5.694200000000217187e+03 2.693092392291873693e-04
5.695100000000217733e+03 2.693742862902581692e-04
5.696000000000218279e+03 2.708873653318732977e-04
5.696900000000217915e+03 2.707990643102675676e-04
5.697800000000217551e+03 2.679990429896861315e-04
5.698700000000218097e+03 2.658358716871589422e-04
5.699600000000218643e+03 2.649317902978509665e-04
5.700500000000218279e+03 2.625797933433204889e-04
5.701400000000217915e+03 2.599896106403321028e-04
5.702300000000218461e+03 2.610872616060078144e-04
5.703200000000219006e+03 2.650194219313561916e-04
5.704100000000218643e+03 2.667027001734822989e-04
5.705000000000218279e+03 2.636754361446946859e-04
5.705900000000218824e+03 2.589863725006580353e-04
5.706800000000219370e+03 2.563610032666474581e-04
5.707700000000219006e+03 2.545214083511382341e-04
5.708600000000218643e+03 2.520282287150621414e-04
5.709500000000219188e+03 2.518630353733897209e-04
5.710400000000219734e+03 2.536442771088331938e-04
5.711300000000219370e+03 2.539784181863069534e-04
5.712200000000219006e+03 2.560841676313430071e-04
5.713100000000219552e+03 2.617364225443452597e-04
5.714000000000220098e+03 2.655975404195487499e-04
5.714900000000219734e+03 2.664859057404100895e-04
5.715800000000219370e+03 2.676050644367933273e-04
5.716700000000219916e+03 2.681711630430072546e-04
5.717600000000220462e+03 2.672563423402607441e-04
5.718500000000220098e+03 2.673744747880846262e-04
5.719400000000219734e+03 2.687078958842903376e-04
5.720300000000220280e+03 2.698222233448177576e-04
5.721200000000220825e+03 2.709919353947043419e-04
5.722100000000220462e+03 2.722156641539186239e-04
5.723000000000220098e+03 2.727225364651530981e-04
5.723900000000220643e+03 2.724547812249511480e-04
5.724800000000221189e+03 2.717681636568158865e-04
5.725700000000220825e+03 2.699722535908222198e-04
5.726600000000220462e+03 2.670471440069377422e-04
5.727500000000221007e+03 2.662018814589828253e-04
5.728400000000221553e+03 2.680624602362513542e-04
5.729300000000221189e+03 2.692856360226869583e-04
5.730200000000220825e+03 2.679114986676722765e-04
5.731100000000221371e+03 2.648837980814278126e-04
5.732000000000221917e+03 2.638864971231669188e-04
5.732900000000221553e+03 2.663153863977640867e-04
5.733800000000221189e+03 2.692420675884932280e-04
5.734700000000221735e+03 2.707906241994351149e-04
5.735600000000222281e+03 2.706864906940609217e-04
5.736500000000221917e+03 2.692594425752758980e-04
5.737400000000221553e+03 2.680412726476788521e-04
5.738300000000222099e+03 2.679475292097777128e-04
5.739200000000222644e+03 2.685287327039986849e-04
5.740100000000222281e+03 2.686344960238784552e-04
5.741000000000221917e+03 2.678935125004500151e-04
5.741900000000222462e+03 2.666868676897138357e-04
5.742800000000223008e+03 2.660812751855701208e-04
5.743700000000222644e+03 2.674912684597074986e-04
5.744600000000222281e+03 2.697676536627113819e-04
5.745500000000222826e+03 2.703356440179049969e-04
5.746400000000223372e+03 2.674435963854193687e-04
5.747300000000223008e+03 2.625323249958455563e-04
5.748200000000222644e+03 2.606408088468015194e-04
5.749100000000223190e+03 2.638883015606552362e-04
5.750000000000223736e+03 2.680044563021510839e-04
5.750900000000223372e+03 2.681064361240714788e-04
5.751800000000223008e+03 2.635352429933845997e-04
5.752700000000223554e+03 2.573364472482353449e-04
5.753600000000224099e+03 2.539442793931812048e-04
5.754500000000223736e+03 2.561832661740481853e-04
5.755400000000223372e+03 2.619856095407158136e-04
5.756300000000223918e+03 2.664760395418852568e-04
5.757200000000224463e+03 2.681887126527726650e-04
5.758100000000224099e+03 2.681206096895039082e-04
5.759000000000223736e+03 2.663664054125547409e-04
5.759900000000224281e+03 2.633674303069710732e-04
5.760800000000224827e+03 2.600545994937419891e-04
5.761700000000224463e+03 2.563786401879042387e-04
5.762600000000224099e+03 2.544755407143384218e-04
5.763500000000224645e+03 2.580722211860120296e-04
5.764400000000225191e+03 2.649058005772531033e-04
5.765300000000224827e+03 2.688223612494766712e-04
5.766200000000224463e+03 2.693974529393017292e-04
5.767100000000225009e+03 2.692901762202382088e-04
5.768000000000225555e+03 2.685523359104990959e-04
5.768900000000225191e+03 2.672425180207937956e-04
5.769800000000224827e+03 2.662145998328924179e-04
5.770700000000225373e+03 2.650923852343112230e-04
5.771600000000225918e+03 2.632999967318028212e-04
5.772500000000225555e+03 2.625506895128637552e-04
5.773400000000225191e+03 2.627637877594679594e-04
5.774300000000225737e+03 2.620267623569816351e-04
5.775200000000226282e+03 2.620478917378932238e-04
5.776100000000225918e+03 2.643001207616180182e-04
5.777000000000225555e+03 2.665218489710241556e-04
5.777900000000226100e+03 2.664122730493545532e-04
5.778800000000226646e+03 2.632302639540284872e-04
5.779700000000226282e+03 2.571688382886350155e-04
5.780600000000225918e+03 2.506002492737025023e-04
5.781500000000226464e+03 2.476856461726129055e-04
5.782400000000227010e+03 2.491326013114303350e-04
5.783300000000226646e+03 2.504442818462848663e-04
5.784200000000226282e+03 2.489722974132746458e-04
5.785100000000226828e+03 2.477832022123038769e-04
5.786000000000227374e+03 2.508058678358793259e-04
5.786900000000227010e+03 2.558013657107949257e-04
5.787800000000226646e+03 2.590120420791208744e-04
5.788700000000227192e+03 2.607440110296010971e-04
5.789600000000227737e+03 2.596208651084452868e-04
5.790500000000227374e+03 2.559181593824177980e-04
5.791400000000227010e+03 2.551915531512349844e-04
5.792300000000227556e+03 2.579273714218288660e-04
5.793200000000228101e+03 2.604537294246256351e-04
5.794100000000227737e+03 2.622547326609492302e-04
5.795000000000227374e+03 2.635171404108405113e-04
5.795900000000227919e+03 2.628581423778086901e-04
5.796800000000228465e+03 2.598018618300557137e-04
5.797700000000228101e+03 2.575762337073683739e-04
5.798600000000227737e+03 2.594490943010896444e-04
5.799500000000228283e+03 2.637440047692507505e-04
5.800400000000228829e+03 2.664511557668447495e-04
5.801300000000228465e+03 2.670456888154149055e-04
5.802200000000228101e+03 2.663533377926796675e-04
5.803100000000228647e+03 2.636514836922287941e-04
5.804000000000229193e+03 2.598018327262252569e-04
5.804900000000228829e+03 2.575770195107907057e-04
5.805800000000228465e+03 2.576698316261172295e-04
5.806700000000229011e+03 2.589534269645810127e-04
5.807600000000229556e+03 2.601335581857711077e-04
5.808500000000229193e+03 2.605545450933277607e-04
5.809400000000228829e+03 2.614026307128369808e-04
5.810300000000229375e+03 2.631979587022215128e-04
5.811200000000229920e+03 2.643275074660778046e-04
5.812100000000229556e+03 2.638799196574836969e-04
5.813000000000229193e+03 2.628421352710574865e-04
5.813900000000229738e+03 2.617104910314083099e-04
5.814800000000230284e+03 2.593153622001409531e-04
5.815700000000229920e+03 2.565195027273148298e-04
5.816600000000229556e+03 2.568390336818993092e-04
5.817500000000230102e+03 2.607650530990213156e-04
5.818400000000230648e+03 2.641618775669485331e-04
5.819300000000230284e+03 2.651801623869687319e-04
5.820200000000229920e+03 2.654199197422713041e-04
5.821100000000230466e+03 2.651738177519291639e-04
5.822000000000231012e+03 2.640133898239582777e-04
5.822900000000230648e+03 2.627131470944732428e-04
5.823800000000230284e+03 2.624563639983534813e-04
5.824700000000230830e+03 2.632302639540284872e-04
5.825600000000231375e+03 2.634794218465685844e-04
5.826500000000231012e+03 2.629415830597281456e-04
5.827400000000230648e+03 2.628399815876036882e-04
5.828300000000231194e+03 2.635204582475125790e-04
5.829200000000231739e+03 2.642627514433115721e-04
5.830100000000231375e+03 2.640824241098016500e-04
5.831000000000231012e+03 2.634745032992213964e-04
5.831900000000231557e+03 2.634224947541952133e-04
5.832800000000232103e+03 2.630300296004861593e-04
5.833700000000231739e+03 2.611391246318817139e-04
5.834600000000231375e+03 2.590258081909269094e-04
5.835500000000231921e+03 2.594333491288125515e-04
5.836400000000232467e+03 2.613507385831326246e-04
5.837300000000232103e+03 2.614996337797492743e-04
5.838200000000231739e+03 2.607976784929633141e-04
5.839100000000232285e+03 2.614300756249576807e-04
5.840000000000232831e+03 2.629813970997929573e-04
5.840900000000232467e+03 2.640443271957337856e-04
5.841800000000232103e+03 2.641107130330055952e-04
5.842700000000232649e+03 2.637001452967524529e-04
5.843600000000233194e+03 2.629385562613606453e-04
5.844500000000232831e+03 2.613744582049548626e-04
5.845400000000232467e+03 2.595770638436079025e-04
5.846300000000233013e+03 2.579893916845321655e-04
5.847200000000233558e+03 2.573205274529755116e-04
5.848100000000233194e+03 2.578910207375884056e-04
5.849000000000232831e+03 2.593568351585417986e-04
5.849900000000233376e+03 2.606238122098147869e-04
5.850800000000233922e+03 2.601642918307334185e-04
5.851700000000233558e+03 2.570903161540627480e-04
5.852600000000233194e+03 2.526942989788949490e-04
5.853500000000233740e+03 2.500940463505685329e-04
5.854400000000234286e+03 2.514974039513617754e-04
5.855300000000233922e+03 2.536360116209834814e-04
5.856200000000233558e+03 2.516657987143844366e-04
5.857100000000234104e+03 2.470493200235068798e-04
5.858000000000234650e+03 2.457524824421852827e-04
5.858900000000234286e+03 2.487923775333911180e-04
5.859800000000233922e+03 2.527715405449271202e-04
5.860700000000234468e+03 2.551580255385488272e-04
5.861600000000235013e+03 2.543857553973793983e-04
5.862500000000234650e+03 2.531688078306615353e-04
5.863400000000234286e+03 2.545622992329299450e-04
5.864300000000234832e+03 2.568823110777884722e-04
5.865200000000235377e+03 2.572174707893282175e-04
5.866100000000235013e+03 2.556979598011821508e-04
5.867000000000234650e+03 2.550543285906314850e-04
5.867900000000235195e+03 2.566018374636769295e-04
5.868800000000235741e+03 2.587852359283715487e-04
5.869700000000235377e+03 2.599780855234712362e-04
5.870600000000235013e+03 2.598027349449694157e-04
5.871500000000235559e+03 2.586950431577861309e-04
5.872400000000236105e+03 2.574849058873951435e-04
5.873300000000235741e+03 2.573980309534817934e-04
5.874200000000235377e+03 2.586079644970595837e-04
5.875100000000235923e+03 2.589646319393068552e-04
5.876000000000236469e+03 2.578008570708334446e-04
5.876900000000236105e+03 2.566591138020157814e-04
5.877800000000235741e+03 2.558252308517694473e-04
5.878700000000236287e+03 2.544808667153120041e-04
5.879600000000236832e+03 2.527548349462449551e-04
5.880500000000236469e+03 2.524015435483306646e-04
5.881400000000236105e+03 2.539363340474665165e-04
5.882300000000236651e+03 2.543430600780993700e-04
5.883200000000237196e+03 2.522472641430795193e-04
5.884100000000236832e+03 2.504866861272603273e-04
5.885000000000236469e+03 2.510742633603513241e-04
5.885900000000237014e+03 2.522993017919361591e-04
5.886800000000237560e+03 2.511839265935122967e-04
5.887700000000237196e+03 2.441736869513988495e-04
5.888600000000236832e+03 2.277308522025123239e-04
5.889500000000237378e+03 2.097090909956023097e-04
5.890400000000237924e+03 2.078530087601393461e-04
5.891300000000237560e+03 2.222390903625637293e-04
5.892200000000237196e+03 2.358220226597040892e-04
5.893100000000237742e+03 2.413200709270313382e-04
5.894000000000238288e+03 2.384049439569935203e-04
5.894900000000237924e+03 2.257196611026301980e-04
5.895800000000237560e+03 2.144972968380898237e-04
5.896700000000238106e+03 2.200061717303469777e-04
5.897600000000238651e+03 2.352082519792020321e-04
5.898500000000238288e+03 2.445948484819382429e-04
5.899400000000237924e+03 2.477229281794279814e-04
5.900300000000238470e+03 2.497042005416005850e-04
5.901200000000239015e+03 2.508429752197116613e-04
5.902100000000238651e+03 2.508720499463379383e-04
5.903000000000238288e+03 2.507161698304116726e-04
5.903900000000238833e+03 2.506289456505328417e-04
5.904800000000239379e+03 2.500559203326702118e-04
5.905700000000239015e+03 2.495382505003362894e-04
5.906600000000238651e+03 2.504766453057527542e-04
5.907500000000239197e+03 2.525887102819979191e-04
5.908400000000239743e+03 2.536136016715317965e-04
5.909300000000239379e+03 2.530463971197605133e-04
5.910200000000239015e+03 2.531828358769416809e-04
5.911100000000239561e+03 2.543941664043813944e-04
5.912000000000240107e+03 2.538191911298781633e-04
5.912900000000239743e+03 2.494430518709123135e-04
5.913800000000239379e+03 2.443520934320986271e-04
5.914700000000239925e+03 2.431828470434993505e-04
5.915600000000240470e+03 2.454183122608810663e-04
5.916500000000240107e+03 2.483352727722376585e-04
5.917400000000239743e+03 2.507143653929233551e-04
5.918300000000240289e+03 2.514718216843903065e-04
5.919200000000240834e+03 2.517180109862238169e-04
5.920100000000240470e+03 2.521661808714270592e-04
5.921000000000240107e+03 2.515895175747573376e-04
5.921900000000240652e+03 2.504047006368637085e-04
5.922800000000241198e+03 2.500238770153373480e-04
5.923700000000240834e+03 2.508462348487228155e-04
5.924600000000240470e+03 2.518912660889327526e-04
5.925500000000241016e+03 2.528790209908038378e-04
5.926400000000241562e+03 2.531447098590433598e-04
5.927300000000241198e+03 2.515194937586784363e-04
5.928200000000240834e+03 2.484009019099175930e-04
5.929100000000241380e+03 2.445516292937099934e-04
5.930000000000241926e+03 2.428356237942352891e-04
5.930900000000241562e+03 2.461450058035552502e-04
5.931800000000241198e+03 2.506585151422768831e-04
5.932700000000241744e+03 2.514910011086612940e-04
5.933600000000242289e+03 2.490379556547850370e-04
5.934500000000241926e+03 2.471703919582068920e-04
5.935400000000241562e+03 2.485601289663463831e-04
5.936300000000242107e+03 2.511573547963052988e-04
5.937200000000242653e+03 2.525838790461421013e-04
5.938100000000242289e+03 2.535259118303656578e-04
5.939000000000241926e+03 2.537127584218978882e-04
5.939900000000242471e+03 2.514733350835740566e-04
5.940800000000243017e+03 2.480264520272612572e-04
5.941700000000242653e+03 2.467817103024572134e-04
5.942600000000242289e+03 2.480062539689242840e-04
5.943500000000242835e+03 2.499202964827418327e-04
5.944400000000243381e+03 2.518743276596069336e-04
5.945300000000243017e+03 2.528845216147601604e-04
5.946200000000242653e+03 2.520820416975766420e-04
5.947100000000243199e+03 2.491177001502364874e-04
5.948000000000243745e+03 2.449042221996933222e-04
5.948900000000243381e+03 2.433874178677797318e-04
5.949800000000243017e+03 2.463897399138659239e-04
5.950700000000243563e+03 2.495047519914805889e-04
5.951600000000244108e+03 2.482551208231598139e-04
5.952500000000243745e+03 2.447028527967631817e-04
5.953400000000243381e+03 2.448913292028009892e-04
5.954300000000243926e+03 2.480838447809219360e-04
5.955200000000244472e+03 2.487161837052553892e-04
5.956100000000244108e+03 2.463878190610557795e-04
5.957000000000243745e+03 2.445890859235078096e-04
5.957900000000244290e+03 2.449333260301500559e-04
5.958800000000244836e+03 2.471752814017236233e-04
5.959700000000244472e+03 2.496269880793988705e-04
5.960600000000244108e+03 2.506744349375367165e-04
5.961500000000244654e+03 2.507782483007758856e-04
5.962400000000245200e+03 2.511566272005438805e-04
5.963300000000244836e+03 2.518373948987573385e-04
5.964200000000244472e+03 2.512674254830926657e-04
5.965100000000245018e+03 2.491616178303956985e-04
5.966000000000245564e+03 2.477463567629456520e-04
5.966900000000245200e+03 2.486103039700537920e-04
5.967800000000244836e+03 2.501223934814333916e-04
5.968700000000245382e+03 2.510985941626131535e-04
5.969600000000245927e+03 2.521218266338109970e-04
5.970500000000245564e+03 2.530330384615808725e-04
5.971400000000245200e+03 2.532842336222529411e-04
5.972300000000245745e+03 2.529161574784666300e-04
5.973200000000246291e+03 2.526907192077487707e-04
5.974100000000245927e+03 2.515161759220063686e-04
5.975000000000245564e+03 2.483208081685006618e-04
5.975900000000246109e+03 2.449526218697428703e-04
5.976800000000246655e+03 2.432363689877092838e-04
5.977700000000246291e+03 2.432690234854817390e-04
5.978600000000245927e+03 2.444712154101580381e-04
5.979500000000246473e+03 2.472540654707700014e-04
5.980400000000247019e+03 2.500311238691210747e-04
5.981300000000246655e+03 2.500340924598276615e-04
5.982200000000246291e+03 2.469617174938321114e-04
5.983100000000246837e+03 2.417197683826088905e-04
5.984000000000247383e+03 2.379233919782564044e-04
5.984900000000247019e+03 2.389972796663641930e-04
5.985800000000246655e+03 2.422921534162014723e-04
5.986700000000247201e+03 2.435743226669728756e-04
5.987600000000247746e+03 2.438384108245372772e-04
5.988500000000247383e+03 2.454838249832391739e-04
5.989400000000247019e+03 2.470072358846664429e-04
5.990300000000247564e+03 2.454263158142566681e-04
5.991200000000248110e+03 2.428587322356179357e-04
5.992100000000247746e+03 2.437290822854265571e-04
5.993000000000247383e+03 2.471116604283452034e-04
5.993900000000247928e+03 2.491390623617917299e-04
5.994800000000248474e+03 2.489038161002099514e-04
5.995700000000248110e+03 2.471964689902961254e-04
5.996600000000247746e+03 2.439692616462707520e-04
5.997500000000248292e+03 2.414390764897689223e-04
5.998400000000248838e+03 2.420298114884644747e-04
5.999300000000248474e+03 2.442660043016076088e-04
6.000200000000248110e+03 2.458163362462073565e-04
6.001100000000248656e+03 2.456737565807998180e-04
6.002000000000249202e+03 2.435693895677104592e-04
6.002900000000248838e+03 2.417879150016233325e-04
6.003800000000248474e+03 2.426911523798480630e-04
6.004700000000249020e+03 2.440764510538429022e-04
6.005600000000249565e+03 2.434361522318795323e-04
6.006500000000249202e+03 2.408873842796310782e-04
6.007400000000248838e+03 2.371629088884219527e-04
6.008300000000249383e+03 2.358735946472734213e-04
6.009200000000249929e+03 2.398035285295918584e-04
6.010100000000249565e+03 2.446580037940293550e-04
6.011000000000249202e+03 2.459124953020364046e-04
6.011900000000249747e+03 2.433966583339497447e-04
6.012800000000250293e+03 2.396704221609979868e-04
6.013700000000249929e+03 2.390045119682326913e-04
6.014600000000249565e+03 2.411053719697520137e-04
6.015500000000250111e+03 2.416159113636240363e-04
6.016400000000250657e+03 2.404797851340845227e-04
6.017300000000250293e+03 2.410864399280399084e-04
6.018200000000249929e+03 2.422673424007371068e-04
6.019100000000250475e+03 2.402732061455026269e-04
6.020000000000251021e+03 2.369803405599668622e-04
6.020900000000250657e+03 2.364555693930014968e-04
6.021800000000250293e+03 2.380312362220138311e-04
6.022700000000250839e+03 2.392309979768469930e-04
6.023600000000251384e+03 2.388428256381303072e-04
6.024500000000251021e+03 2.395293122390285134e-04
6.025400000000250657e+03 2.421107637928798795e-04
6.026300000000251202e+03 2.424659905955195427e-04
6.027200000000251748e+03 2.417337236693128943e-04
6.028100000000251384e+03 2.429698506603017449e-04
6.029000000000251021e+03 2.446321013849228621e-04
6.029900000000251566e+03 2.451088803354650736e-04
6.030800000000252112e+03 2.450484025757759809e-04
6.031700000000251748e+03 2.456253278069198132e-04
6.032600000000251384e+03 2.461774856783449650e-04
6.033500000000251930e+03 2.462681150063872337e-04
6.034400000000252476e+03 2.459581010043621063e-04
6.035300000000252112e+03 2.457906957715749741e-04
6.036200000000251748e+03 2.463098498992621899e-04
6.037100000000252294e+03 2.469406754244118929e-04
6.038000000000252840e+03 2.470367471687495708e-04
6.038900000000252476e+03 2.461552503518760204e-04
6.039800000000252112e+03 2.446066355332732201e-04
6.040700000000252658e+03 2.432027249597012997e-04
6.041600000000253203e+03 2.421710232738405466e-04
6.042500000000252840e+03 2.428138686809688807e-04
6.043400000000252476e+03 2.451496548019349575e-04
6.044300000000253021e+03 2.461797848809510469e-04
6.045200000000253567e+03 2.452837361488491297e-04
6.046100000000253203e+03 2.447386214043945074e-04
6.047000000000252840e+03 2.453316701576113701e-04
6.047900000000253385e+03 2.456788788549602032e-04
6.048800000000253931e+03 2.453300694469362497e-04
6.049700000000253567e+03 2.455625508446246386e-04
6.050600000000253203e+03 2.459952083881944418e-04
6.051500000000253749e+03 2.445551799610257149e-04
6.052400000000254295e+03 2.413987240288406610e-04
6.053300000000253931e+03 2.391577436355873942e-04
6.054200000000253567e+03 2.390883309999480844e-04
6.055100000000254113e+03 2.392568567302078009e-04
6.056000000000254659e+03 2.390173758612945676e-04
6.056900000000254295e+03 2.403048565611243248e-04
6.057800000000253931e+03 2.427110448479652405e-04
6.058700000000254477e+03 2.442666154820472002e-04
6.059600000000255022e+03 2.446433936711400747e-04
6.060500000000254659e+03 2.441986289341002703e-04
6.061400000000254295e+03 2.434182533761486411e-04
6.062300000000254840e+03 2.425712591502815485e-04
6.063200000000255386e+03 2.417097421130165458e-04
6.064100000000255022e+03 2.391993184573948383e-04
6.065000000000254659e+03 2.356637851335108280e-04
6.065900000000255204e+03 2.362383384024724364e-04
6.066800000000255750e+03 2.407422434771433473e-04
6.067700000000255386e+03 2.439265808789059520e-04
6.068600000000255022e+03 2.442004915792495012e-04
6.069500000000255568e+03 2.437436196487396955e-04
6.070400000000256114e+03 2.437793300487101078e-04
6.071300000000255750e+03 2.443003759253770113e-04
6.072200000000255386e+03 2.452350163366645575e-04
6.073100000000255932e+03 2.459836250636726618e-04
6.074000000000256478e+03 2.460611285641789436e-04
6.074900000000256114e+03 2.454052446410059929e-04
6.075800000000255750e+03 2.441382093820720911e-04
6.076700000000256296e+03 2.419324591755867004e-04
6.077600000000256841e+03 2.383711689617484808e-04
6.078500000000256478e+03 2.355791220907121897e-04
6.079400000000256114e+03 2.366556145716458559e-04
6.080300000000256659e+03 2.389364090049639344e-04
6.081200000000257205e+03 2.385637344559654593e-04
6.082100000000256841e+03 2.371834707446396351e-04
6.083000000000256478e+03 2.369408175582066178e-04
6.083900000000257023e+03 2.369996509514749050e-04
6.084800000000257569e+03 2.364596293773502111e-04
6.085700000000257205e+03 2.362890809308737516e-04
6.086600000000256841e+03 2.374548930674791336e-04
6.087500000000257387e+03 2.391425223322585225e-04
6.088400000000257933e+03 2.392297610640525818e-04
6.089300000000257569e+03 2.373548049945384264e-04
6.090200000000257205e+03 2.360058279009535909e-04
6.091100000000257751e+03 2.364551473874598742e-04
6.092000000000258296e+03 2.370524452999234200e-04
6.092900000000257933e+03 2.371429582126438618e-04
6.093800000000257569e+03 2.380128426011651754e-04
6.094700000000258115e+03 2.398688229732215405e-04
6.095600000000258660e+03 2.407039137324318290e-04
6.096500000000258296e+03 2.398900833213701844e-04
6.097400000000257933e+03 2.392192109255120158e-04
6.098300000000258478e+03 2.398248325334861875e-04
6.099200000000259024e+03 2.409197622910141945e-04
6.100100000000258660e+03 2.405062696198001504e-04
6.101000000000258296e+03 2.359343634452670813e-04
6.101900000000258842e+03 2.273294230690225959e-04
6.102800000000259388e+03 2.224209310952574015e-04
6.103700000000259024e+03 2.271792036481201649e-04
6.104600000000258660e+03 2.351527073187753558e-04
6.105500000000259206e+03 2.388201828580349684e-04
6.106400000000259752e+03 2.388037974014878273e-04
6.107300000000259388e+03 2.379444485995918512e-04
6.108200000000259024e+03 2.383207756793126464e-04
6.109100000000259570e+03 2.402526442892849445e-04
6.110000000000260115e+03 2.409936714684590697e-04
6.110900000000259752e+03 2.393011382082477212e-04
6.111800000000259388e+03 2.378740318818017840e-04
6.112700000000259934e+03 2.381836238782852888e-04
6.113600000000260479e+03 2.395360206719487906e-04
6.114500000000260115e+03 2.400291268713772297e-04
6.115400000000259752e+03 2.381424274062737823e-04
6.116300000000260297e+03 2.362674276810139418e-04
6.117200000000260843e+03 2.374734176555648446e-04
6.118100000000260479e+03 2.392408787272870541e-04
6.119000000000260115e+03 2.384563558734953403e-04
6.119900000000260661e+03 2.361885417485609651e-04
6.120800000000261207e+03 2.326127723790705204e-04
6.121700000000260843e+03 2.279829641338437796e-04
6.122600000000260479e+03 2.273413410875946283e-04
6.123500000000261025e+03 2.321231877431273460e-04
6.124400000000261571e+03 2.357720077270641923e-04
6.125300000000261207e+03 2.361127844778820872e-04
6.126200000000260843e+03 2.356757613597437739e-04
6.127100000000261389e+03 2.346430410398170352e-04
6.128000000000261934e+03 2.328749542357400060e-04
6.128900000000261571e+03 2.321520878467708826e-04
6.129800000000261207e+03 2.331901050638407469e-04
6.130700000000261753e+03 2.346723340451717377e-04
6.131600000000262298e+03 2.354929893044754863e-04
6.132500000000261934e+03 2.368065324844792485e-04
6.133400000000261571e+03 2.380742080276831985e-04
6.134300000000262116e+03 2.361006190767511725e-04
6.135200000000262662e+03 2.296704478794708848e-04
6.136100000000262298e+03 2.201379684265702963e-04
6.137000000000261934e+03 2.139071002602577209e-04
6.137900000000262480e+03 2.178942813770845532e-04
6.138800000000263026e+03 2.283843641635030508e-04
6.139700000000262662e+03 2.345113025512546301e-04
6.140600000000262298e+03 2.315932069905102253e-04
6.141500000000262844e+03 2.258278982480987906e-04
6.142400000000263390e+03 2.268237440148368478e-04
6.143300000000263026e+03 2.330553397769108415e-04
6.144200000000262662e+03 2.368414134252816439e-04
6.145100000000263208e+03 2.370228030486032367e-04
6.146000000000263753e+03 2.353806921746581793e-04
6.146900000000263390e+03 2.321521460544317961e-04
6.147800000000263026e+03 2.286218514200299978e-04
6.148700000000263572e+03 2.272868296131491661e-04
6.149600000000264117e+03 2.284750371472910047e-04
6.150500000000263753e+03 2.312262076884508133e-04
6.151400000000263390e+03 2.338640915695577860e-04
6.152300000000263935e+03 2.350415743421763182e-04
6.153200000000264481e+03 2.342620864510536194e-04
6.154100000000264117e+03 2.314385783392935991e-04
6.155000000000263753e+03 2.294509904459118843e-04
6.155900000000264299e+03 2.298659528605639935e-04
6.156800000000264845e+03 2.299764892086386681e-04
6.157700000000264481e+03 2.293697179993614554e-04
6.158600000000264117e+03 2.300697087775915861e-04
6.159500000000264663e+03 2.296789025422185659e-04
6.160400000000265209e+03 2.243023918708786368e-04
6.161300000000264845e+03 2.165713231079280376e-04
6.162200000000264481e+03 2.134331443812698126e-04
6.163100000000265027e+03 2.171148516936227679e-04
6.164000000000265572e+03 2.234304556623101234e-04
6.164900000000265209e+03 2.278756583109498024e-04
6.165800000000264845e+03 2.295538433827459812e-04
6.166700000000265391e+03 2.309496485395357013e-04
6.167600000000265936e+03 2.306771493749693036e-04
6.168500000000265572e+03 2.254070132039487362e-04
6.169400000000265209e+03 2.193788968725129962e-04
6.170300000000265754e+03 2.199909795308485627e-04
6.171200000000266300e+03 2.261183835798874497e-04
6.172100000000265936e+03 2.301298663951456547e-04
6.173000000000265572e+03 2.300927881151437759e-04
6.173900000000266118e+03 2.299087936989963055e-04
6.174800000000266664e+03 2.295833110110834241e-04
6.175700000000266300e+03 2.282206114614382386e-04
6.176600000000265936e+03 2.275552833452820778e-04
6.177500000000266482e+03 2.288207178935408592e-04
6.178400000000267028e+03 2.301255008205771446e-04
6.179300000000266664e+03 2.295561571372672915e-04
6.180200000000266300e+03 2.292794233653694391e-04
6.181100000000266846e+03 2.310476411366835237e-04
6.182000000000267391e+03 2.331049327040091157e-04
6.182900000000267028e+03 2.334217278985306621e-04
6.183800000000266664e+03 2.330095885554328561e-04
6.184700000000267210e+03 2.324323722859844565e-04
6.185600000000267755e+03 2.305938396602869034e-04
6.186500000000267391e+03 2.284136135131120682e-04
6.187400000000267028e+03 2.275980950798839331e-04
6.188300000000267573e+03 2.281655470142140985e-04
6.189200000000268119e+03 2.285325754201039672e-04
6.190100000000267755e+03 2.257225714856758714e-04
6.191000000000267391e+03 2.204272022936493158e-04
6.191900000000267937e+03 2.199238952016457915e-04
6.192800000000268483e+03 2.256689040223136544e-04
6.193700000000268119e+03 2.300280175404623151e-04
6.194600000000267755e+03 2.304427471244707704e-04
6.195500000000268301e+03 2.307587856194004416e-04
6.196400000000268847e+03 2.324671368114650249e-04
6.197300000000268483e+03 2.331702271476387978e-04
6.198200000000268119e+03 2.310930867679417133e-04
6.199100000000268665e+03 2.272519486723467708e-04
6.200000000000269210e+03 2.255847794003784657e-04
6.200900000000268847e+03 2.280706685269251466e-04
6.201800000000268483e+03 2.316831378266215324e-04
6.202700000000269029e+03 2.332871517864987254e-04
6.203600000000269574e+03 2.327646652702242136e-04
6.204500000000269210e+03 2.321499632671475410e-04
6.205400000000268847e+03 2.325076056877151132e-04
6.206300000000269392e+03 2.329102426301687956e-04
6.207200000000269938e+03 2.326224930584430695e-04
6.208100000000269574e+03 2.321679930901154876e-04
6.209000000000269210e+03 2.318573388038203120e-04
6.209900000000269756e+03 2.316808531759306788e-04
6.210800000000270302e+03 2.315377932973206043e-04
6.211700000000269938e+03 2.301074127899482846e-04
6.212600000000269574e+03 2.262651687487959862e-04
6.213500000000270120e+03 2.221012400696054101e-04
6.214400000000270666e+03 2.198696456616744399e-04
6.215300000000270302e+03 2.201196766691282392e-04
6.216200000000269938e+03 2.227069198852404952e-04
6.217100000000270484e+03 2.259215834783390164e-04
6.218000000000271029e+03 2.262353955302387476e-04
6.218900000000270666e+03 2.232156111858785152e-04
6.219800000000270302e+03 2.210102393291890621e-04
6.220700000000270848e+03 2.223066840087994933e-04
6.221600000000271393e+03 2.253985439892858267e-04
6.222500000000271029e+03 2.276322775287553668e-04
6.223400000000270666e+03 2.274354919791221619e-04
6.224300000000271211e+03 2.264379436383023858e-04
6.225200000000271757e+03 2.266240626340731978e-04
6.226100000000271393e+03 2.272511483170092106e-04
6.227000000000271029e+03 2.277584571857005358e-04
6.227900000000271575e+03 2.279398468090221286e-04
6.228800000000272121e+03 2.252699778182432055e-04
6.229700000000271757e+03 2.195451525039970875e-04
6.230600000000271393e+03 2.154938847525045276e-04
6.231500000000271939e+03 2.165718033211305737e-04
6.232400000000272485e+03 2.197927824454382062e-04
6.233300000000272121e+03 2.232304832432419062e-04
6.234200000000271757e+03 2.279434265801683068e-04
6.235100000000272303e+03 2.308046241523697972e-04
6.236000000000272848e+03 2.291722776135429740e-04
6.236900000000272485e+03 2.246799558633938432e-04
6.237800000000272121e+03 2.200231247115880251e-04
6.238700000000272667e+03 2.175220288336277008e-04
6.239600000000273212e+03 2.173579559894278646e-04
6.240500000000272848e+03 2.196442801505327225e-04
6.241400000000272485e+03 2.226951328339055181e-04
6.242300000000273030e+03 2.221719187218695879e-04
6.243200000000273576e+03 2.191907988162711263e-04
6.244100000000273212e+03 2.179389121010899544e-04
6.245000000000272848e+03 2.176552661694586277e-04
6.245900000000273394e+03 2.161356242140755057e-04
6.246800000000273940e+03 2.153789391741156578e-04
6.247700000000273576e+03 2.178007271140813828e-04
6.248600000000273212e+03 2.217675209976732731e-04
6.249500000000273758e+03 2.247161464765667915e-04
6.250400000000274304e+03 2.251925616292282939e-04
6.251300000000273940e+03 2.218625159002840519e-04
6.252200000000273576e+03 2.169410145143046975e-04
6.253100000000274122e+03 2.144747850252315402e-04
6.254000000000274667e+03 2.146917249774560332e-04
6.254900000000274304e+03 2.161990414606407285e-04
6.255800000000273940e+03 2.168896171497181058e-04
6.256700000000274486e+03 2.167372877011075616e-04
6.257600000000275031e+03 2.164055767934769392e-04
6.258500000000274667e+03 2.166007179766893387e-04
6.259400000000274304e+03 2.190816303482279181e-04
6.260300000000274849e+03 2.216688881162554026e-04
6.261200000000275395e+03 2.226873912150040269e-04
6.262100000000275031e+03 2.243417256977409124e-04
6.263000000000274667e+03 2.261012705275788903e-04
6.263900000000275213e+03 2.248665114166215062e-04
6.264800000000275759e+03 2.220541500719264150e-04
6.265700000000275395e+03 2.220802271040156484e-04
6.266600000000275031e+03 2.248870005132630467e-04
6.267500000000275577e+03 2.261921908939257264e-04
6.268400000000276123e+03 2.251194382552057505e-04
6.269300000000275759e+03 2.233172854175791144e-04
6.270200000000275395e+03 2.222986804554238915e-04
6.271100000000275941e+03 2.223182091256603599e-04
6.272000000000276486e+03 2.237192093161866069e-04
6.272900000000276123e+03 2.254221035400405526e-04
6.273800000000275759e+03 2.258187596453353763e-04
6.274700000000276304e+03 2.257193264085799456e-04
6.275600000000276850e+03 2.260765759274363518e-04
6.276500000000276486e+03 2.258524473290890455e-04
6.277400000000276123e+03 2.248333039460703731e-04
6.278300000000276668e+03 2.235773717984557152e-04
6.279200000000277214e+03 2.215387357864528894e-04
6.280100000000276850e+03 2.196902350988239050e-04
6.281000000000276486e+03 2.204122429247945547e-04
6.281900000000277032e+03 2.222826733486726880e-04
6.282800000000277578e+03 2.239741588709875941e-04
6.283700000000277214e+03 2.255197468912228942e-04
6.284600000000276850e+03 2.256192383356392384e-04
6.285500000000277396e+03 2.248381351819261909e-04
6.286400000000277942e+03 2.254334249300882220e-04
6.287300000000277578e+03 2.268781099701300263e-04
6.288200000000277214e+03 2.277054009027779102e-04
6.289100000000277760e+03 2.270356635563075542e-04
6.290000000000278305e+03 2.244635543320327997e-04
6.290900000000277942e+03 2.219959569629281759e-04
6.291800000000277578e+03 2.215141867054626346e-04
6.292700000000278123e+03 2.222013863502070308e-04
6.293600000000278669e+03 2.234912244603037834e-04
6.294500000000278305e+03 2.248134114779531956e-04
6.295400000000277942e+03 2.242345944978296757e-04
6.296300000000278487e+03 2.217090368503704667e-04
6.297200000000279033e+03 2.193010586779564619e-04
6.298100000000278669e+03 2.183583856094628572e-04
6.299000000000278305e+03 2.190498780691996217e-04
6.299900000000278851e+03 2.191271923948079348e-04
6.300800000000279397e+03 2.166103950003162026e-04
6.301700000000279033e+03 2.138648706022650003e-04
6.302600000000278669e+03 2.153674140572547913e-04
6.303500000000279215e+03 2.192252577515318990e-04
6.304400000000279761e+03 2.209373196819797158e-04
6.305300000000279397e+03 2.208227379014715552e-04
6.306200000000279033e+03 2.218782319687306881e-04
6.307100000000279579e+03 2.240831527160480618e-04
6.308000000000280124e+03 2.251927653560414910e-04
6.308900000000279761e+03 2.243723865831270814e-04
6.309800000000279397e+03 2.220185415353626013e-04
6.310700000000279942e+03 2.200457965955138206e-04
6.311600000000280488e+03 2.197398280259221792e-04
6.312500000000280124e+03 2.206607605330646038e-04
6.313400000000279761e+03 2.201638126280158758e-04
6.314300000000280306e+03 2.167650382034480572e-04
6.315200000000280852e+03 2.144455065717920661e-04
6.316100000000280488e+03 2.150333311874419451e-04
6.317000000000280124e+03 2.142170851584523916e-04
6.317900000000280670e+03 2.110756904585286975e-04
6.318800000000281216e+03 2.108629705617204309e-04
6.319700000000280852e+03 2.148251514881849289e-04
6.320600000000280488e+03 2.183969918405637145e-04
6.321500000000281034e+03 2.190419763792306185e-04
6.322400000000281580e+03 2.185321500292047858e-04
6.323300000000281216e+03 2.196823916165158153e-04
6.324200000000280852e+03 2.223242336185649037e-04
6.325100000000281398e+03 2.236933942185714841e-04
6.326000000000281943e+03 2.230903774034231901e-04
6.326900000000281580e+03 2.215150743722915649e-04
6.327800000000281216e+03 2.209937956649810076e-04
6.328700000000281761e+03 2.217554283561185002e-04
6.329600000000282307e+03 2.210831880802288651e-04
6.330500000000281943e+03 2.193299151258543134e-04
6.331400000000281580e+03 2.189353544963523746e-04
6.332300000000282125e+03 2.204320626333355904e-04
6.333200000000282671e+03 2.216871362179517746e-04
6.334100000000282307e+03 2.197225694544613361e-04
6.335000000000281943e+03 2.146878978237509727e-04
6.335900000000282489e+03 2.109078195644542575e-04
6.336800000000283035e+03 2.112454094458371401e-04
6.337700000000282671e+03 2.139626012649387121e-04
6.338600000000282307e+03 2.157820854336023331e-04
6.339500000000282853e+03 2.172836539102718234e-04
6.340400000000283399e+03 2.195776469307020307e-04
6.341300000000283035e+03 2.200557064497843385e-04
6.342200000000282671e+03 2.181548625230789185e-04
6.343100000000283217e+03 2.150798682123422623e-04
6.344000000000283762e+03 2.132125664502382278e-04
6.344900000000283399e+03 2.134896931238472462e-04
6.345800000000283035e+03 2.120228018611669540e-04
6.346700000000283580e+03 2.088511537294834852e-04
6.347600000000284126e+03 2.096952521242201328e-04
6.348500000000283762e+03 2.146785700460895896e-04
6.349400000000283399e+03 2.182121243095025420e-04
6.350300000000283944e+03 2.192639221902936697e-04
6.351200000000284490e+03 2.195967972511425614e-04
6.352100000000284126e+03 2.197419817093759775e-04
6.353000000000283762e+03 2.189885562984272838e-04
6.353900000000284308e+03 2.166376652894541621e-04
6.354800000000284854e+03 2.148448693333193660e-04
6.355700000000284490e+03 2.153019449906423688e-04
6.356600000000284126e+03 2.162668388336896896e-04
6.357500000000284672e+03 2.145648031728342175e-04
6.358400000000285218e+03 2.117918047588318586e-04
6.359300000000284854e+03 2.106752508552744985e-04
6.360200000000284490e+03 2.105844905599951744e-04
6.361100000000285036e+03 2.090920024784281850e-04
6.362000000000285581e+03 2.071413473458960652e-04
6.362900000000285218e+03 2.075506054097786546e-04
6.363800000000284854e+03 2.102597209159284830e-04
6.364700000000285399e+03 2.131356741301715374e-04
6.365600000000285945e+03 2.152067463612183928e-04
6.366500000000285581e+03 2.164117468055337667e-04
6.367400000000285218e+03 2.175233530579134822e-04
6.368300000000285763e+03 2.170659572584554553e-04
6.369200000000286309e+03 2.145672187907621264e-04
6.370100000000285945e+03 2.111717622028663754e-04
6.371000000000285581e+03 2.095874078804627061e-04
6.371900000000286127e+03 2.124195161741226912e-04
6.372800000000286673e+03 2.172153908759355545e-04
6.373700000000286309e+03 2.195472334278747439e-04
6.374600000000285945e+03 2.195384440710768104e-04
6.375500000000286491e+03 2.194422995671629906e-04
6.376400000000287037e+03 2.195649867644533515e-04
6.377300000000286673e+03 2.185946650570258498e-04
6.378200000000286309e+03 2.171697997255250812e-04
6.379100000000286855e+03 2.163735043723136187e-04
6.380000000000287400e+03 2.158898423658683896e-04
6.380900000000287037e+03 2.157519920729100704e-04
6.381800000000286673e+03 2.164382894989103079e-04
6.382700000000287218e+03 2.167981438105925918e-04
6.383600000000287764e+03 2.158045390387997031e-04
6.384500000000287400e+03 2.146742335753515363e-04
6.385400000000287037e+03 2.152813976863399148e-04
6.386300000000287582e+03 2.171888045268133283e-04
6.387200000000288128e+03 2.189463848480954766e-04
6.388100000000287764e+03 2.193097461713477969e-04
6.389000000000287400e+03 2.189677179558202624e-04
6.389900000000287946e+03 2.188162179663777351e-04
6.390800000000288492e+03 2.184781042160466313e-04
6.391700000000288128e+03 2.161789452657103539e-04
6.392600000000287764e+03 2.112944348482415080e-04
6.393500000000288310e+03 2.082706196233630180e-04
6.394400000000288856e+03 2.107406762661412358e-04
6.395300000000288492e+03 2.156130940420553088e-04
6.396200000000288128e+03 2.186763886129483581e-04
6.397100000000288674e+03 2.194740663981065154e-04
6.398000000000289219e+03 2.176925481762737036e-04
6.398900000000288856e+03 2.117762051057070494e-04
6.399800000000288492e+03 2.059588878182694316e-04
6.400700000000289037e+03 2.077638637274503708e-04
6.401600000000289583e+03 2.147693594451993704e-04
6.402500000000289219e+03 2.191034000134095550e-04
6.403400000000288856e+03 2.198116708314046264e-04
6.404300000000289401e+03 2.193084510508924723e-04
6.405200000000289947e+03 2.178917929995805025e-04
6.406100000000289583e+03 2.149064239347353578e-04
6.407000000000289219e+03 2.107645705109462142e-04
6.407900000000289765e+03 2.086981548927724361e-04
6.408800000000290311e+03 2.114782400894910097e-04
6.409700000000289947e+03 2.143421152140945196e-04
6.410600000000289583e+03 2.124864549841731787e-04
6.411500000000290129e+03 2.102464786730706692e-04
6.412400000000290675e+03 2.119005512213334441e-04
6.413300000000290311e+03 2.140188007615506649e-04
6.414200000000289947e+03 2.138378767995163798e-04
6.415100000000290493e+03 2.128519845427945256e-04
6.416000000000291038e+03 2.120691642630845308e-04
6.416900000000290675e+03 2.114199742209166288e-04
6.417800000000290311e+03 2.117668773280456662e-04
6.418700000000290856e+03 2.114616800099611282e-04
6.419600000000291402e+03 2.088030596496537328e-04
6.420500000000291038e+03 2.066041779471561313e-04
6.421400000000290675e+03 2.083110011881217360e-04
6.422300000000291220e+03 2.135264949174597859e-04
6.423200000000291766e+03 2.176271955249831080e-04
6.424100000000291402e+03 2.180614683311432600e-04
6.425000000000291038e+03 2.169364597648382187e-04
6.425900000000291584e+03 2.170967345591634512e-04
6.426800000000292130e+03 2.181099698645994067e-04
6.427700000000291766e+03 2.186672936659306288e-04
6.428600000000291402e+03 2.175190602429211140e-04
6.429500000000291948e+03 2.135918330168351531e-04
6.430400000000292493e+03 2.085669402731582522e-04
6.431300000000292130e+03 2.061039267573505640e-04
6.432200000000291766e+03 2.070945774903520942e-04
6.433100000000292312e+03 2.100558340316638350e-04
6.434000000000292857e+03 2.137061965186148882e-04
6.434900000000292493e+03 2.161134470952674747e-04
6.435800000000292130e+03 2.164131146855652332e-04
6.436700000000292675e+03 2.146821207134053111e-04
6.437600000000293221e+03 2.104658342432230711e-04
6.438500000000292857e+03 2.058689715340733528e-04
6.439400000000292493e+03 2.062582498183473945e-04
6.440300000000293039e+03 2.118132688337936997e-04
6.441200000000293585e+03 2.162892051273956895e-04
6.442100000000293221e+03 2.169288782170042396e-04
6.443000000000292857e+03 2.161557058570906520e-04
6.443900000000293403e+03 2.161433221772313118e-04
6.444800000000293949e+03 2.166006597690284252e-04
6.445700000000293585e+03 2.169388608308508992e-04
6.446600000000293221e+03 2.170351945096626878e-04
6.447500000000293767e+03 2.154494577553123236e-04
6.448400000000294312e+03 2.100183774018660188e-04
6.449300000000293949e+03 2.031008043559268117e-04
6.450200000000293585e+03 2.016919752350077033e-04
6.451100000000294131e+03 2.068360336124897003e-04
6.452000000000294676e+03 2.123791346093639731e-04
6.452900000000294312e+03 2.148146886611357331e-04
6.453800000000293949e+03 2.136580151272937655e-04
6.454700000000294494e+03 2.081579004880040884e-04
6.455600000000295040e+03 2.008381125051528215e-04
6.456500000000294676e+03 1.989346928894519806e-04
6.457400000000294312e+03 2.048651949735358357e-04
6.458300000000294858e+03 2.121200668625533581e-04
6.459200000000295404e+03 2.158165298169478774e-04
6.460100000000295040e+03 2.157137496396899223e-04
6.461000000000294676e+03 2.116070681950077415e-04
6.461900000000295222e+03 2.048091992037370801e-04
6.462800000000295768e+03 2.019480743911117315e-04
6.463700000000295404e+03 2.062101702904328704e-04
6.464600000000295040e+03 2.112748479703441262e-04
6.465500000000295586e+03 2.133415982825681567e-04
6.466400000000296131e+03 2.139255666406825185e-04
6.467300000000295768e+03 2.141538134310394526e-04
6.468200000000295404e+03 2.135948161594569683e-04
6.469100000000295950e+03 2.119060663972049952e-04
6.470000000000296495e+03 2.102720318362116814e-04
6.470900000000296131e+03 2.088387846015393734e-04
6.471800000000295768e+03 2.086711756419390440e-04
6.472700000000296313e+03 2.110080531565472484e-04
6.473600000000296859e+03 2.126738982042297721e-04
6.474500000000296495e+03 2.116876567015424371e-04
6.475400000000296131e+03 2.106503234244883060e-04
6.476300000000296677e+03 2.117070253007113934e-04
6.477200000000297223e+03 2.131367364199832082e-04
6.478100000000296859e+03 2.130494540324434638e-04
6.479000000000296495e+03 2.125019382219761610e-04
6.479900000000297041e+03 2.116883697453886271e-04
6.480800000000297587e+03 2.088028850266709924e-04
6.481700000000297223e+03 2.046465378953143954e-04
6.482600000000296859e+03 2.028862509177997708e-04
6.483500000000297405e+03 2.049573231488466263e-04
6.484400000000297950e+03 2.080432313960045576e-04
6.485300000000297587e+03 2.098054101224988699e-04
6.486200000000297223e+03 2.104499289998784661e-04
6.487100000000297769e+03 2.107638574671000242e-04
6.488000000000298314e+03 2.109043707605451345e-04
6.488900000000297950e+03 2.101712598232552409e-04
6.489800000000297587e+03 2.080176782328635454e-04
6.490700000000298132e+03 2.054024953395128250e-04
6.491600000000298678e+03 2.035375509876757860e-04
6.492500000000298314e+03 2.007122820941731334e-04
6.493400000000297950e+03 1.941712980624288321e-04
6.494300000000298496e+03 1.872817229013890028e-04
6.495200000000299042e+03 1.849357795435935259e-04
6.496100000000298678e+03 1.866061938926577568e-04
6.497000000000298314e+03 1.908394478959962726e-04
6.497900000000298860e+03 1.963819231605157256e-04
6.498800000000299406e+03 1.996714709093794227e-04
6.499700000000299042e+03 2.015597856370732188e-04
6.500600000000298678e+03 2.042272826656699181e-04
6.501500000000299224e+03 2.060811239061877131e-04
6.502400000000299769e+03 2.070767659461125731e-04
6.503300000000299406e+03 2.078578545479103923e-04
6.504200000000299042e+03 2.081195852952077985e-04
6.505100000000299588e+03 2.083935250993818045e-04
6.506000000000300133e+03 2.087931934511289001e-04
6.506900000000299769e+03 2.087539905915036798e-04
6.507800000000299406e+03 2.077808312606066465e-04
6.508700000000299951e+03 2.070170739898458123e-04
6.509600000000300497e+03 2.075203665299341083e-04
6.510500000000300133e+03 2.082584105664864182e-04
6.511400000000299769e+03 2.082159335259348154e-04
6.512300000000300315e+03 2.077682875096797943e-04
6.513200000000300861e+03 2.072805509669706225e-04
6.514100000000300497e+03 2.057788806268945336e-04
6.515000000000300133e+03 2.024014102062210441e-04
6.515900000000300679e+03 1.989767624763771892e-04
6.516800000000301225e+03 1.982995599973946810e-04
6.517700000000300861e+03 1.993145706364884973e-04
6.518600000000300497e+03 2.005922287935391068e-04
6.519500000000301043e+03 2.029957104241475463e-04
6.520400000000301588e+03 2.057476231129840016e-04
6.521300000000301225e+03 2.069554029731079936e-04
6.522200000000300861e+03 2.065120788756757975e-04
6.523100000000301407e+03 2.057209640042856336e-04
6.524000000000301952e+03 2.056281664408743382e-04
6.524900000000301588e+03 2.052241616183891892e-04
6.525800000000301225e+03 2.029692841460928321e-04
6.526700000000301770e+03 2.003888512263074517e-04
6.527600000000302316e+03 2.001929969992488623e-04
6.528500000000301952e+03 2.019272797042503953e-04
6.529400000000301588e+03 2.034496283158659935e-04
6.530300000000302134e+03 2.036553487414494157e-04
6.531200000000302680e+03 2.024003624683246017e-04
6.532100000000302316e+03 2.003853878704831004e-04
6.533000000000301952e+03 1.989232841879129410e-04
6.533900000000302498e+03 1.991861354326829314e-04
6.534800000000303044e+03 2.007767034228891134e-04
6.535700000000302680e+03 2.015380014199763536e-04
6.536600000000302316e+03 2.005001879297196865e-04
6.537500000000302862e+03 1.992092729778960347e-04
6.538400000000303407e+03 1.993169280467554927e-04
6.539300000000303044e+03 2.001484535867348313e-04
6.540200000000302680e+03 1.999856613110750914e-04
6.541100000000303226e+03 1.984981208806857467e-04
6.542000000000303771e+03 1.966522540897130966e-04
6.542900000000303407e+03 1.952612510649487376e-04
6.543800000000303044e+03 1.939785579452291131e-04
6.544700000000303589e+03 1.914437889354303479e-04
6.545600000000304135e+03 1.875533926067873836e-04
6.546500000000303771e+03 1.854616275522857904e-04
6.547400000000303407e+03 1.866100501501932740e-04
6.548300000000303953e+03 1.884076627902686596e-04
6.549200000000304499e+03 1.884335215436294675e-04
6.550100000000304135e+03 1.864518708316609263e-04
6.551000000000303771e+03 1.841042540036141872e-04
6.551900000000304317e+03 1.822062185965478420e-04
6.552800000000304863e+03 1.800934696802869439e-04
6.553700000000304499e+03 1.769733644323423505e-04
6.554600000000304135e+03 1.730503718135878444e-04
6.555500000000304681e+03 1.697325205896049738e-04
6.556400000000305226e+03 1.678347762208431959e-04
6.557300000000304863e+03 1.661282294662669301e-04
6.558200000000304499e+03 1.629052712814882398e-04
6.559100000000305045e+03 1.578628580318763852e-04
6.560000000000305590e+03 1.499378704465925694e-04
6.560900000000305226e+03 1.352086983388289809e-04
6.561800000000304863e+03 1.133854239014908671e-04
6.562700000000305408e+03 9.955861605703830719e-05
6.563600000000305954e+03 1.091135636670514941e-04
6.564500000000305590e+03 1.321014715358614922e-04
6.565400000000305226e+03 1.498701021773740649e-04
6.566300000000305772e+03 1.592948101460933685e-04
6.567200000000306318e+03 1.645240699872374535e-04
6.568100000000305954e+03 1.667828764766454697e-04
6.569000000000305590e+03 1.676416140981018543e-04
6.569900000000306136e+03 1.698741543805226684e-04
6.570800000000306682e+03 1.733914104988798499e-04
6.571700000000306318e+03 1.758125727064907551e-04
6.572600000000305954e+03 1.765873457770794630e-04
6.573500000000306500e+03 1.769880036590620875e-04
6.574400000000307045e+03 1.779281301423907280e-04
6.575300000000306682e+03 1.805166830308735371e-04
6.576200000000306318e+03 1.848181418608874083e-04
6.577100000000306864e+03 1.886580721475183964e-04
6.578000000000307409e+03 1.906899851746857166e-04
6.578900000000307045e+03 1.908866543089970946e-04
6.579800000000306682e+03 1.899135968415066600e-04
6.580700000000307227e+03 1.892993022920563817e-04
6.581600000000307773e+03 1.901603682199493051e-04
6.582500000000307409e+03 1.920071517815813422e-04
6.583400000000307045e+03 1.932319573825225234e-04
6.584300000000307591e+03 1.934342435561120510e-04
6.585200000000308137e+03 1.927461125887930393e-04
6.586100000000307773e+03 1.918240304803475738e-04
6.587000000000307409e+03 1.925667165778577328e-04
6.587900000000307955e+03 1.949513243744149804e-04
6.588800000000308501e+03 1.970959128811955452e-04
6.589700000000308137e+03 1.978209766093641520e-04
6.590600000000307773e+03 1.967627322301268578e-04
6.591500000000308319e+03 1.931570732267573476e-04
6.592400000000308864e+03 1.879658375401049852e-04
6.593300000000308501e+03 1.857635215856134892e-04
6.594200000000308137e+03 1.893194275908172131e-04
6.595100000000308683e+03 1.943235547514632344e-04
6.596000000000309228e+03 1.963213435374200344e-04
6.596900000000308864e+03 1.957372005563229322e-04
6.597800000000308501e+03 1.950333098648115993e-04
6.598700000000309046e+03 1.957690838025882840e-04
6.599600000000309592e+03 1.976149942493066192e-04
6.600500000000309228e+03 1.995614438783377409e-04
6.601400000000308864e+03 2.008716546697542071e-04
6.602300000000309410e+03 2.009377349168062210e-04
6.603200000000309956e+03 1.998286752495914698e-04
6.604100000000309592e+03 1.980572851607576013e-04
6.605000000000309228e+03 1.967502903426066041e-04
6.605900000000309774e+03 1.964530238183215261e-04
6.606800000000310320e+03 1.962618553079664707e-04
6.607700000000309956e+03 1.952971506398171186e-04
6.608600000000309592e+03 1.937983615789562464e-04
6.609500000000310138e+03 1.940734073286876082e-04
6.610400000000310683e+03 1.970302546396851540e-04
6.611300000000310320e+03 1.995328639168292284e-04
6.612200000000309956e+03 1.993296755244955420e-04
6.613100000000310501e+03 1.978246873477473855e-04
6.614000000000311047e+03 1.978091750061139464e-04
6.614900000000310683e+03 1.997157960431650281e-04
6.615800000000310320e+03 2.008537849178537726e-04
6.616700000000310865e+03 2.004182460950687528e-04
6.617600000000311411e+03 1.999724918277934194e-04
6.618500000000311047e+03 2.003678964683786035e-04
6.619400000000310683e+03 2.012663753703236580e-04
6.620300000000311229e+03 2.016798825934529305e-04
6.621200000000311775e+03 2.011094184126704931e-04
6.622100000000311411e+03 2.001549291890114546e-04
6.623000000000311047e+03 1.990607561310753226e-04
6.623900000000311593e+03 1.977281062863767147e-04
6.624800000000312139e+03 1.969965669559314847e-04
6.625700000000311775e+03 1.975673512788489461e-04
6.626600000000311411e+03 1.982351532205939293e-04
6.627500000000311957e+03 1.984861009987071157e-04
6.628400000000312502e+03 1.989261654671281576e-04
6.629300000000312139e+03 1.991799799725413322e-04
6.630200000000311775e+03 1.987154682865366340e-04
6.631100000000312320e+03 1.975471532205119729e-04
6.632000000000312866e+03 1.954241015482693911e-04
6.632900000000312502e+03 1.923592790262773633e-04
6.633800000000312139e+03 1.904720120364800096e-04
6.634700000000312684e+03 1.918998023029416800e-04
6.635600000000313230e+03 1.952206657733768225e-04
6.636500000000312866e+03 1.979257649509236217e-04
6.637400000000312502e+03 1.992935722228139639e-04
6.638300000000313048e+03 1.989407319342717528e-04
6.639200000000313594e+03 1.977732026716694236e-04
6.640100000000313230e+03 1.977690699277445674e-04
6.641000000000312866e+03 1.989297597901895642e-04
6.641900000000313412e+03 1.983905822271481156e-04
6.642800000000313958e+03 1.955885672941803932e-04
6.643700000000313594e+03 1.933842286234721541e-04
6.644600000000313230e+03 1.940854272106662393e-04
6.645500000000313776e+03 1.963637914741411805e-04
6.646400000000314321e+03 1.977624779101461172e-04
6.647300000000313958e+03 1.979536027647554874e-04
6.648200000000313594e+03 1.983941619982942939e-04
6.649100000000314139e+03 1.991569442907348275e-04
6.650000000000314685e+03 1.990015880437567830e-04
6.650900000000314321e+03 1.980858360184356570e-04
6.651800000000313958e+03 1.976746134459972382e-04
6.652700000000314503e+03 1.979669177671894431e-04
6.653600000000315049e+03 1.983280380954965949e-04
6.654500000000314685e+03 1.984007249120622873e-04
6.655400000000314321e+03 1.980081142392009497e-04
6.656300000000314867e+03 1.973655162146314979e-04
6.657200000000315413e+03 1.975115883396938443e-04
6.658100000000315049e+03 1.981577079277485609e-04
6.659000000000314685e+03 1.980111119337379932e-04
6.659900000000315231e+03 1.970865996554493904e-04
6.660800000000315777e+03 1.959668879862874746e-04
6.661700000000315413e+03 1.943913812283426523e-04
6.662600000000315049e+03 1.919717469718307257e-04
6.663500000000315595e+03 1.908452104544267058e-04
6.664400000000316140e+03 1.925085234688594937e-04
6.665300000000315777e+03 1.944344257935881615e-04
6.666200000000315413e+03 1.948547433130443096e-04
6.667100000000315958e+03 1.944724499480798841e-04
6.668000000000316504e+03 1.944698597071692348e-04
6.668900000000316140e+03 1.954746985575184226e-04
6.669800000000315777e+03 1.969144796021282673e-04
6.670700000000316322e+03 1.976698258658871055e-04
6.671600000000316868e+03 1.976090570678934455e-04
6.672500000000316504e+03 1.976043422473594546e-04
6.673400000000316140e+03 1.977118954528123140e-04
6.674300000000316686e+03 1.979819935513660312e-04
6.675200000000317232e+03 1.979958033189177513e-04
6.676100000000316868e+03 1.957078347913920879e-04
6.677000000000316504e+03 1.905029639601707458e-04
6.677900000000317050e+03 1.865190570242702961e-04
6.678800000000317596e+03 1.876583992270752788e-04
6.679700000000317232e+03 1.917111367220059037e-04
6.680600000000316868e+03 1.944385585375130177e-04
6.681500000000317414e+03 1.955403567990288138e-04
6.682400000000317959e+03 1.962985261343419552e-04
6.683300000000317596e+03 1.969970908248797059e-04
6.684200000000317232e+03 1.973532052943482995e-04
6.685100000000317777e+03 1.972357713384553790e-04
6.686000000000318323e+03 1.968867582036182284e-04
6.686900000000317959e+03 1.965964765986427665e-04
6.687800000000317596e+03 1.966646668734028935e-04
6.688700000000318141e+03 1.969406730495393276e-04
6.689600000000318687e+03 1.969948352780193090e-04
6.690500000000318323e+03 1.969156292034313083e-04
6.691400000000317959e+03 1.967161224456503987e-04
6.692300000000318505e+03 1.966249546967446804e-04
6.693200000000319051e+03 1.969183795154094696e-04
6.694100000000318687e+03 1.967728312592953444e-04
6.695000000000318323e+03 1.951087615452706814e-04
6.695900000000318869e+03 1.927036937559023499e-04
6.696800000000319415e+03 1.916719338623806834e-04
6.697700000000319051e+03 1.923652162076905370e-04
6.698600000000318687e+03 1.936674525495618582e-04
6.699500000000319233e+03 1.951259473571553826e-04
6.700400000000319778e+03 1.961256057256832719e-04
6.701300000000319415e+03 1.961637608474120498e-04
6.702200000000319051e+03 1.953366736415773630e-04
6.703100000000319596e+03 1.935853069880977273e-04
6.704000000000320142e+03 1.921425864566117525e-04
6.704900000000319778e+03 1.924829557538032532e-04
6.705800000000319415e+03 1.939604262588545680e-04
6.706700000000319960e+03 1.948409189935773611e-04
6.707600000000320506e+03 1.946467818925157189e-04
6.708500000000320142e+03 1.942804956343024969e-04
6.709400000000319778e+03 1.938077184604480863e-04
6.710300000000320324e+03 1.935651234816759825e-04
6.711200000000320870e+03 1.939614885486662388e-04
6.712100000000320506e+03 1.934451865963637829e-04
6.713000000000320142e+03 1.920635841088369489e-04
6.713900000000320688e+03 1.913028536364436150e-04
6.714800000000321234e+03 1.906637917272746563e-04
6.715700000000320870e+03 1.892256987048313022e-04
6.716600000000320506e+03 1.868968392955139279e-04
6.717500000000321052e+03 1.855420705396682024e-04
6.718400000000321597e+03 1.874680601758882403e-04
6.719300000000321234e+03 1.908533158712089062e-04
6.720200000000320870e+03 1.923939998960122466e-04
6.721100000000321415e+03 1.919208443723618984e-04
6.722000000000321961e+03 1.915637840284034610e-04
6.722900000000321597e+03 1.927013508975505829e-04
6.723800000000321234e+03 1.939102803589776158e-04
6.724700000000321779e+03 1.936347398441284895e-04
6.725600000000322325e+03 1.921317598316818476e-04
6.726500000000321961e+03 1.910263381432741880e-04
6.727400000000321597e+03 1.914636668516322970e-04
6.728300000000322143e+03 1.925672986544668674e-04
6.729200000000322689e+03 1.935222971951588988e-04
6.730100000000322325e+03 1.943048555403947830e-04
6.731000000000321961e+03 1.945162366610020399e-04
6.731900000000322507e+03 1.938414934556931257e-04
6.732800000000323053e+03 1.928077690536156297e-04
6.733700000000322689e+03 1.923467352753505111e-04
6.734600000000322325e+03 1.926624099723994732e-04
6.735500000000322871e+03 1.933821913553401828e-04
6.736400000000323416e+03 1.934799802256748080e-04
6.737300000000323053e+03 1.923507079482078552e-04
6.738200000000322689e+03 1.908477861434221268e-04
6.739100000000323234e+03 1.906102261273190379e-04
6.740000000000323780e+03 1.915705070132389665e-04
6.740900000000323416e+03 1.920619106385856867e-04
6.741800000000323053e+03 1.913427549879997969e-04
6.742700000000323598e+03 1.903009833768010139e-04
6.743600000000324144e+03 1.900575589388608932e-04
6.744500000000323780e+03 1.905535900732502341e-04
6.745400000000323416e+03 1.908122503664344549e-04
6.746300000000323962e+03 1.903871889226138592e-04
6.747200000000324508e+03 1.896398171084001660e-04
6.748100000000324144e+03 1.889288105303421617e-04
6.749000000000323780e+03 1.882307842606678605e-04
6.749900000000324326e+03 1.878358452813699841e-04
6.750800000000324872e+03 1.882856013253331184e-04
6.751700000000324508e+03 1.887777762021869421e-04
6.752600000000324144e+03 1.886997197289019823e-04
6.753500000000324690e+03 1.891149586299434304e-04
6.754400000000325235e+03 1.899910421343520284e-04
6.755300000000324872e+03 1.902529184008017182e-04
6.756200000000324508e+03 1.900586212286725640e-04
6.757100000000325053e+03 1.903524971567094326e-04
6.758000000000325599e+03 1.913858868647366762e-04
6.758900000000325235e+03 1.925279066199436784e-04
6.759800000000324872e+03 1.931255683302879333e-04
6.760700000000325417e+03 1.930267608258873224e-04
6.761600000000325963e+03 1.925234100781381130e-04
6.762500000000325599e+03 1.923855306813493371e-04
6.763400000000325235e+03 1.927945122588425875e-04
6.764300000000325781e+03 1.928137062350288033e-04
6.765200000000326327e+03 1.919989008456468582e-04
6.766100000000325963e+03 1.903037191368639469e-04
6.767000000000325599e+03 1.886231184471398592e-04
6.767900000000326145e+03 1.883501390693709254e-04
6.768800000000326690e+03 1.894300949061289430e-04
6.769700000000326327e+03 1.901016948977485299e-04
6.770600000000325963e+03 1.896757021313533187e-04
6.771500000000326509e+03 1.893743610708042979e-04
6.772400000000327054e+03 1.901397336041554809e-04
6.773300000000326690e+03 1.914804452098906040e-04
6.774200000000326327e+03 1.927850680658593774e-04
6.775100000000326872e+03 1.935552136274054646e-04
6.776000000000327418e+03 1.935281616169959307e-04
6.776900000000327054e+03 1.929870486492291093e-04
6.777800000000326690e+03 1.929200079757720232e-04
6.778700000000327236e+03 1.936213811859488487e-04
6.779600000000327782e+03 1.938689238158985972e-04
6.780500000000327418e+03 1.929232530528679490e-04
6.781400000000327054e+03 1.913018058985471725e-04
6.782300000000327600e+03 1.892937289085239172e-04
6.783200000000328146e+03 1.872280408861115575e-04
6.784100000000327782e+03 1.860641641542315483e-04
6.785000000000327418e+03 1.861756027210503817e-04
6.785900000000327964e+03 1.867963437689468265e-04
6.786800000000328509e+03 1.877678732853382826e-04
6.787700000000328146e+03 1.893315929919481277e-04
6.788600000000327782e+03 1.903815427795052528e-04
6.789500000000328328e+03 1.905600074678659439e-04
6.790400000000328873e+03 1.907741097966209054e-04
6.791300000000328509e+03 1.909096317831426859e-04
6.792200000000328146e+03 1.900800707517191768e-04
6.793100000000328691e+03 1.885624806163832545e-04
6.794000000000329237e+03 1.877613394754007459e-04
6.794900000000328873e+03 1.878770854091271758e-04
6.795800000000328509e+03 1.882105134427547455e-04
6.796700000000329055e+03 1.886857644421979785e-04
6.797600000000329601e+03 1.892223372124135494e-04
6.798500000000329237e+03 1.895461755339056253e-04
6.799400000000328873e+03 1.898456248454749584e-04
6.800300000000329419e+03 1.901021751109510660e-04
6.801200000000329965e+03 1.903589436551555991e-04
6.802100000000329601e+03 1.902491057990118861e-04
6.803000000000329237e+03 1.894838060252368450e-04
6.803900000000329783e+03 1.889002160169184208e-04
6.804800000000330328e+03 1.891354040708392859e-04
6.805700000000329965e+03 1.892352738650515676e-04
6.806600000000329601e+03 1.886831596493721008e-04
6.807500000000330147e+03 1.886815443867817521e-04
6.808400000000330692e+03 1.889549457700923085e-04
6.809300000000330328e+03 1.882250071503221989e-04
6.810200000000329965e+03 1.874489535111933947e-04
6.811100000000330510e+03 1.878175389720126987e-04
6.812000000000331056e+03 1.884099910967051983e-04
6.812900000000330692e+03 1.880257041193544865e-04
6.813800000000330328e+03 1.868880935944616795e-04
6.814700000000330874e+03 1.863173383753746748e-04
6.815600000000331420e+03 1.872878492577001452e-04
6.816500000000331056e+03 1.890271814772859216e-04
6.817400000000330692e+03 1.898826449178159237e-04
6.818300000000331238e+03 1.894003362394869328e-04
6.819200000000331784e+03 1.881619828054681420e-04
6.820100000000331420e+03 1.873392320703715086e-04
6.821000000000331056e+03 1.879725314211100340e-04
6.821900000000331602e+03 1.895449677249416709e-04
6.822800000000332147e+03 1.908139674924314022e-04
6.823700000000331784e+03 1.913354208227247000e-04
6.824600000000331420e+03 1.913145242724567652e-04
6.825500000000331966e+03 1.910258870339021087e-04
6.826400000000332511e+03 1.898509799502789974e-04
6.827300000000332147e+03 1.873521105153486133e-04
6.828200000000331784e+03 1.853710273280739784e-04
6.829100000000332329e+03 1.859691838035359979e-04
6.830000000000332875e+03 1.881186908576637506e-04
6.830900000000332511e+03 1.895324239740148187e-04
6.831800000000332147e+03 1.893852459033951163e-04
6.832700000000332693e+03 1.885507954284548759e-04
6.833600000000333239e+03 1.883612567326053977e-04
6.834500000000332875e+03 1.888676488306373358e-04
6.835400000000332511e+03 1.889624836621806026e-04
6.836300000000333057e+03 1.880735944723710418e-04
6.837200000000333603e+03 1.867250248324126005e-04
6.838100000000333239e+03 1.851002452895045280e-04
6.839000000000332875e+03 1.834615395637229085e-04
6.839900000000333421e+03 1.819467579480260611e-04
6.840800000000333966e+03 1.802521437639370561e-04
6.841700000000333603e+03 1.793105911929160357e-04
6.842600000000333239e+03 1.802695624064654112e-04
6.843500000000333785e+03 1.827378437155857682e-04
6.844400000000334330e+03 1.856506132753565907e-04
6.845300000000333966e+03 1.875396701507270336e-04
6.846200000000333603e+03 1.879343326436355710e-04
6.847100000000334148e+03 1.877207250799983740e-04
6.848000000000334694e+03 1.874869340099394321e-04
6.848900000000334330e+03 1.875621237559244037e-04
6.849800000000333966e+03 1.878354087239131331e-04
6.850700000000334512e+03 1.882364886114373803e-04
6.851600000000335058e+03 1.888329861685633659e-04
6.852500000000334694e+03 1.891762076411396265e-04
6.853400000000334330e+03 1.880942727439105511e-04
6.854300000000334876e+03 1.851297565735876560e-04
6.855200000000335422e+03 1.827551895985379815e-04
6.856100000000335058e+03 1.829679531510919333e-04
6.857000000000334694e+03 1.838638709159567952e-04
6.857900000000335240e+03 1.845139922806993127e-04
6.858800000000335785e+03 1.856652525020763278e-04
6.859700000000335422e+03 1.858785690274089575e-04
6.860600000000335058e+03 1.842177007347345352e-04
6.861500000000335604e+03 1.828487584134563804e-04
6.862400000000336149e+03 1.839252799982205033e-04
6.863300000000335785e+03 1.866222883109003305e-04
6.864200000000335422e+03 1.883733784779906273e-04
6.865100000000335967e+03 1.880246854852885008e-04
6.866000000000336513e+03 1.859979674918577075e-04
6.866900000000336149e+03 1.835184957599267364e-04
6.867800000000335785e+03 1.826110674301162362e-04
6.868700000000336331e+03 1.842151250457391143e-04
6.869600000000336877e+03 1.860396587289869785e-04
6.870500000000336513e+03 1.859412004705518484e-04
6.871400000000336149e+03 1.848076644819229841e-04
6.872300000000336695e+03 1.840418990468606353e-04
6.873200000000337241e+03 1.842982310336083174e-04
6.874100000000336877e+03 1.849673571996390820e-04
6.875000000000336513e+03 1.853127469075843692e-04
6.875900000000337059e+03 1.855980808613821864e-04
6.876800000000337604e+03 1.861029741121456027e-04
6.877700000000337241e+03 1.864647201728075743e-04
6.878600000000336877e+03 1.864176447270438075e-04
6.879500000000337423e+03 1.859230105765163898e-04
6.880400000000337968e+03 1.844786311266943812e-04
6.881300000000337604e+03 1.819132157834246755e-04
6.882200000000337241e+03 1.801780163077637553e-04
6.883100000000337786e+03 1.815155992517247796e-04
6.884000000000338332e+03 1.845139486249536276e-04
6.884900000000337968e+03 1.857613242464140058e-04
6.885800000000337604e+03 1.853016146924346685e-04
6.886700000000338150e+03 1.856074668467044830e-04
6.887600000000338696e+03 1.865864760475233197e-04
6.888500000000338332e+03 1.870279957074671984e-04
6.889400000000337968e+03 1.876099122455343604e-04
6.890300000000338514e+03 1.884509256342425942e-04
6.891200000000339060e+03 1.882599608507007360e-04
6.892100000000338696e+03 1.873285218607634306e-04
6.893000000000338332e+03 1.871983840828761458e-04
6.893900000000338878e+03 1.874699228210374713e-04
6.894800000000339423e+03 1.862246572272852063e-04
6.895700000000339060e+03 1.846211816882714629e-04
6.896600000000338696e+03 1.850501721492037177e-04
6.897500000000339242e+03 1.865898520918563008e-04
6.898400000000339787e+03 1.866349048214033246e-04
6.899300000000339423e+03 1.853663998190313578e-04
6.900200000000339060e+03 1.850596599979326129e-04
6.901100000000339605e+03 1.861491473391652107e-04
6.902000000000340151e+03 1.870133419288322330e-04
6.902900000000339787e+03 1.865975500550121069e-04
6.903800000000339423e+03 1.857996685430407524e-04
6.904700000000339969e+03 1.856337767094373703e-04
6.905600000000340515e+03 1.858853938756510615e-04
6.906500000000340151e+03 1.862794742919504642e-04
6.907400000000339787e+03 1.863429642980918288e-04
6.908300000000340333e+03 1.863326615421101451e-04
6.909200000000340879e+03 1.868783874670043588e-04
6.910100000000340515e+03 1.871713757282122970e-04
6.911000000000340151e+03 1.866376114776358008e-04
6.911900000000340697e+03 1.857056486187502742e-04
6.912800000000341242e+03 1.843395730247721076e-04
6.913700000000340879e+03 1.828221575124189258e-04
6.914600000000340515e+03 1.826762600103393197e-04
6.915500000000341061e+03 1.834926370065659285e-04
6.916400000000341606e+03 1.836240408010780811e-04
6.917300000000341242e+03 1.835785660659894347e-04
6.918200000000340879e+03 1.844725775299593806e-04
6.919100000000341424e+03 1.855857990449294448e-04
6.920000000000341970e+03 1.863953802967444062e-04
6.920900000000341606e+03 1.867777027655392885e-04
6.921800000000341242e+03 1.866591192083433270e-04
6.922700000000341788e+03 1.854541333159431815e-04
6.923600000000342334e+03 1.828707900131121278e-04
6.924500000000341970e+03 1.804287021514028311e-04
6.925400000000341606e+03 1.799413439584895968e-04
6.926300000000342152e+03 1.814165589166805148e-04
6.927200000000342698e+03 1.833487040130421519e-04
6.928100000000342334e+03 1.845918741310015321e-04
6.929000000000341970e+03 1.849654800025746226e-04
6.929900000000342516e+03 1.848326355684548616e-04
6.930800000000343061e+03 1.845672959461808205e-04
6.931700000000342698e+03 1.839562901295721531e-04
6.932600000000342334e+03 1.828938839025795460e-04
6.933500000000342880e+03 1.825374347390606999e-04
6.934400000000343425e+03 1.834342547226697206e-04
6.935300000000343061e+03 1.843870850279927254e-04
6.936200000000342698e+03 1.845146762207150459e-04
6.937100000000343243e+03 1.842798956204205751e-04
6.938000000000343789e+03 1.846555824158713222e-04
6.938900000000343425e+03 1.855413720477372408e-04
6.939800000000343061e+03 1.861521304817870259e-04
6.940700000000343607e+03 1.862710632849484682e-04
6.941600000000344153e+03 1.856308081187307835e-04
6.942500000000343789e+03 1.841885823523625731e-04
6.943400000000343425e+03 1.821879559429362416e-04
6.944300000000343971e+03 1.802054612198844552e-04
6.945200000000344517e+03 1.794756681192666292e-04
6.946100000000344153e+03 1.807440712582319975e-04
6.947000000000343789e+03 1.823535130824893713e-04
6.947900000000344335e+03 1.834264403441920877e-04
6.948800000000344880e+03 1.841221819631755352e-04
6.949700000000344517e+03 1.837269810494035482e-04
6.950600000000344153e+03 1.820328761823475361e-04
6.951500000000344698e+03 1.805414649425074458e-04
6.952400000000345244e+03 1.803186460165306926e-04
6.953300000000344880e+03 1.806353684514760971e-04
6.954200000000344517e+03 1.810804242268204689e-04
6.955100000000345062e+03 1.818775199353694916e-04
6.956000000000345608e+03 1.829484972404316068e-04
6.956900000000345244e+03 1.836514711612835526e-04
6.957800000000344880e+03 1.836707378970459104e-04
6.958700000000345426e+03 1.835268340073525906e-04
6.959600000000345972e+03 1.831958215916529298e-04
6.960500000000345608e+03 1.831830159062519670e-04
6.961400000000345244e+03 1.837379531934857368e-04
6.962300000000345790e+03 1.840896002249792218e-04
6.963200000000346336e+03 1.839359465520828962e-04
6.964100000000345972e+03 1.833322312450036407e-04
6.965000000000345608e+03 1.821255573304370046e-04
6.965900000000346154e+03 1.812156260712072253e-04
6.966800000000346699e+03 1.819730532588437200e-04
6.967700000000346336e+03 1.837328600231558084e-04
6.968600000000345972e+03 1.846569648478180170e-04
6.969500000000346517e+03 1.841133926063776016e-04
6.970400000000347063e+03 1.827543164836242795e-04
6.971300000000346699e+03 1.820116158341988921e-04
6.972200000000346336e+03 1.826469670049846172e-04
6.973100000000346881e+03 1.833842252381145954e-04
6.974000000000347427e+03 1.826802035793662071e-04
6.974900000000347063e+03 1.806304353522136807e-04
6.975800000000346699e+03 1.782251347322016954e-04
6.976700000000347245e+03 1.756307174218818545e-04
6.977600000000347791e+03 1.725717156659811735e-04
6.978500000000347427e+03 1.706354523776099086e-04
6.979400000000347063e+03 1.725379406707361341e-04
6.980300000000347609e+03 1.766687928466126323e-04
6.981200000000348155e+03 1.799484598450362682e-04
6.982100000000347791e+03 1.818580494727939367e-04
6.983000000000347427e+03 1.830225373851135373e-04
6.983900000000347973e+03 1.833604619605466723e-04
6.984800000000348518e+03 1.828811655286699533e-04
6.985700000000348155e+03 1.822164340410381556e-04
6.986600000000347791e+03 1.819426834117621183e-04
6.987500000000348336e+03 1.818450255086645484e-04
6.988400000000348882e+03 1.812310802051797509e-04
6.989300000000348518e+03 1.805248903110623360e-04
6.990200000000348155e+03 1.810145186027511954e-04
6.991100000000348700e+03 1.823407801566645503e-04
6.992000000000349246e+03 1.832115522120147943e-04
6.992900000000348882e+03 1.831258996389806271e-04
6.993800000000348518e+03 1.820717588998377323e-04
6.994700000000349064e+03 1.812702685128897429e-04
6.995600000000349610e+03 1.816816948121413589e-04
6.996500000000349246e+03 1.826472289394587278e-04
6.997400000000348882e+03 1.826861989684402943e-04
6.998300000000349428e+03 1.807353110052645206e-04
6.999200000000349974e+03 1.781498722266405821e-04
7.000100000000349610e+03 1.774552656570449471e-04
7.001000000000349246e+03 1.790850510587915778e-04
7.001900000000349792e+03 1.809501845855265856e-04
7.002800000000350337e+03 1.808588131098076701e-04
7.003700000000349974e+03 1.789387315511703491e-04
7.004600000000349610e+03 1.769945956766605377e-04
7.005500000000350155e+03 1.761337043717503548e-04
7.006400000000350701e+03 1.767095964169129729e-04
7.007300000000350337e+03 1.783233747119084001e-04
7.008200000000349974e+03 1.800745085347443819e-04
7.009100000000350519e+03 1.810714602470397949e-04
7.010000000000351065e+03 1.807334047043696046e-04
7.010900000000350701e+03 1.795041025616228580e-04
7.011800000000350337e+03 1.787553192116320133e-04
7.012700000000350883e+03 1.791201066225767136e-04
7.013600000000351429e+03 1.796536671463400126e-04
7.014500000000351065e+03 1.781636819941923022e-04
7.015400000000350701e+03 1.740760926622897387e-04
7.016300000000351247e+03 1.708497584331780672e-04
7.017200000000351793e+03 1.723571913316845894e-04
7.018100000000351429e+03 1.767212816048413515e-04
7.019000000000351065e+03 1.798651792341843247e-04
7.019900000000351611e+03 1.809710811357945204e-04
7.020800000000352156e+03 1.809404930099844933e-04
7.021700000000351793e+03 1.793852570699527860e-04
7.022600000000351429e+03 1.764233456924557686e-04
7.023500000000351974e+03 1.741403393680229783e-04
7.024400000000352520e+03 1.739276631269603968e-04
7.025300000000352156e+03 1.757300924509763718e-04
7.026200000000351793e+03 1.778167061274871230e-04
7.027100000000352338e+03 1.788584340829402208e-04
7.028000000000352884e+03 1.790878741303458810e-04
7.028900000000352520e+03 1.790928654372692108e-04
7.029800000000352156e+03 1.793478586478158832e-04
7.030700000000352702e+03 1.795617718016728759e-04
7.031600000000353248e+03 1.793789997464045882e-04
7.032500000000352884e+03 1.791099493857473135e-04
7.033400000000352520e+03 1.785517961252480745e-04
7.034300000000353066e+03 1.778096921043470502e-04
7.035200000000353612e+03 1.783030311344191432e-04
7.036100000000353248e+03 1.792592956917360425e-04
7.037000000000352884e+03 1.779982412699609995e-04
7.037900000000353430e+03 1.753968390403315425e-04
7.038800000000353975e+03 1.754225086187943816e-04
7.039700000000353612e+03 1.788794761523604393e-04
7.040600000000353248e+03 1.823404018068686128e-04
7.041500000000353793e+03 1.838377793319523335e-04
7.042400000000354339e+03 1.838349562603980303e-04
7.043300000000353975e+03 1.823901839088648558e-04
7.044200000000353612e+03 1.799941674107685685e-04
7.045100000000354157e+03 1.786216889740899205e-04
7.046000000000354703e+03 1.794713753042742610e-04
7.046900000000354339e+03 1.813089475035667419e-04
7.047800000000353975e+03 1.824915962060913444e-04
7.048700000000354521e+03 1.827545347623527050e-04
7.049600000000355067e+03 1.821968326112255454e-04
7.050500000000354703e+03 1.808952220017090440e-04
7.051400000000354339e+03 1.787544752005487680e-04
7.052300000000354885e+03 1.759467122610658407e-04
7.053200000000355431e+03 1.740921143209561706e-04
7.054100000000355067e+03 1.740102161420509219e-04
7.055000000000354703e+03 1.750848605297505856e-04
7.055900000000355249e+03 1.766056375345215201e-04
7.056800000000355794e+03 1.776629069354385138e-04
7.057700000000355431e+03 1.775793352862820029e-04
7.058600000000355067e+03 1.761836756486445665e-04
7.059500000000355612e+03 1.743755856296047568e-04
7.060400000000356158e+03 1.739525614539161325e-04
7.061300000000355794e+03 1.750553637975826859e-04
7.062200000000355431e+03 1.763800682965666056e-04
7.063100000000355976e+03 1.778884179657325149e-04
7.064000000000356522e+03 1.795724674593657255e-04
7.064900000000356158e+03 1.797592412913218141e-04
7.065800000000355794e+03 1.776405406417325139e-04
7.066700000000356340e+03 1.743948232615366578e-04
7.067600000000356886e+03 1.715193793643265963e-04
7.068500000000356522e+03 1.708171766949817538e-04
7.069400000000356158e+03 1.731400698190554976e-04
7.070300000000356704e+03 1.758807484293356538e-04
7.071200000000357250e+03 1.767768990248441696e-04
7.072100000000356886e+03 1.768612273735925555e-04
7.073000000000356522e+03 1.771602255757898092e-04
7.073900000000357068e+03 1.773303665686398745e-04
7.074800000000357613e+03 1.769678347045555711e-04
7.075700000000357250e+03 1.760133163770660758e-04
7.076600000000356886e+03 1.752411480993032455e-04
7.077500000000357431e+03 1.755171542754396796e-04
7.078400000000357977e+03 1.761125167831778526e-04
7.079300000000357613e+03 1.766804343787953258e-04
7.080200000000357250e+03 1.774628908606246114e-04
7.081100000000357795e+03 1.774524134816601872e-04
7.082000000000358341e+03 1.758146536303684115e-04
7.082900000000357977e+03 1.727660128381103277e-04
7.083800000000357613e+03 1.693926606094464660e-04
7.084700000000358159e+03 1.678024127613753080e-04
7.085600000000358705e+03 1.689898490440100431e-04
7.086500000000358341e+03 1.705905742710456252e-04
7.087400000000357977e+03 1.708004128886386752e-04
7.088300000000358523e+03 1.704336027614772320e-04
7.089200000000359069e+03 1.699207350611686707e-04
7.090100000000358705e+03 1.693114463705569506e-04
7.091000000000358341e+03 1.695116079645231366e-04
7.091900000000358887e+03 1.699812419246882200e-04
7.092800000000359432e+03 1.699704298516735435e-04
7.093700000000359069e+03 1.700965513009577990e-04
7.094600000000358705e+03 1.703112502582371235e-04
7.095500000000359250e+03 1.702901790849864483e-04
7.096400000000359796e+03 1.703884336166083813e-04
7.097300000000359432e+03 1.708981726551428437e-04
7.098200000000359069e+03 1.719621795928105712e-04
7.099100000000359614e+03 1.730024814605712891e-04
7.100000000000360160e+03 1.732816599542275071e-04
7.100900000000359796e+03 1.729206851450726390e-04
7.101800000000359432e+03 1.722217275528237224e-04
7.102700000000359978e+03 1.720347499940544367e-04
7.103600000000360524e+03 1.728188071865588427e-04
7.104500000000360160e+03 1.737937855068594217e-04
7.105400000000359796e+03 1.737083075568079948e-04
7.106300000000360342e+03 1.724597241263836622e-04
7.107200000000360887e+03 1.714414393063634634e-04
7.108100000000360524e+03 1.715227845124900341e-04
7.109000000000360160e+03 1.715817925287410617e-04
7.109900000000360706e+03 1.703847956378012896e-04
7.110800000000361251e+03 1.686856412561610341e-04
7.111700000000360887e+03 1.680080313235521317e-04
7.112600000000360524e+03 1.687681069597601891e-04
7.113500000000361069e+03 1.698846317594870925e-04
7.114400000000361615e+03 1.704179594526067376e-04
7.115300000000361251e+03 1.707298943074420094e-04
7.116200000000360887e+03 1.711348595563322306e-04
7.117100000000361433e+03 1.710301730781793594e-04
7.118000000000361979e+03 1.706279435893520713e-04
7.118900000000361615e+03 1.701782020973041654e-04
7.119800000000361251e+03 1.698249689070507884e-04
7.120700000000361797e+03 1.695433165878057480e-04
7.121600000000362343e+03 1.687990297796204686e-04
7.122500000000361979e+03 1.687592448433861136e-04
7.123400000000361615e+03 1.702695444691926241e-04
7.124300000000362161e+03 1.712252997094765306e-04
7.125200000000362706e+03 1.705913891782984138e-04
7.126100000000362343e+03 1.696370018180459738e-04
7.127000000000361979e+03 1.698031992418691516e-04
7.127900000000362525e+03 1.705633039819076657e-04
7.128800000000363070e+03 1.700814173091202974e-04
7.129700000000362706e+03 1.676195824984461069e-04
7.130600000000362343e+03 1.653812214499339461e-04
7.131500000000362888e+03 1.657714310567826033e-04
7.132400000000363434e+03 1.678672997513785958e-04
7.133300000000363070e+03 1.699237327557057142e-04
7.134200000000362706e+03 1.710927172098308802e-04
7.135100000000363252e+03 1.712117082206532359e-04
7.136000000000363798e+03 1.714041281957179308e-04
7.136900000000363434e+03 1.721045991871505976e-04
7.137800000000363070e+03 1.723180030239745975e-04
7.138700000000363616e+03 1.714597019599750638e-04
7.139600000000364162e+03 1.707534829620271921e-04
7.140500000000363798e+03 1.713426463538780808e-04
7.141400000000363434e+03 1.718086277833208442e-04
7.142300000000363980e+03 1.713084639050066471e-04
7.143200000000364525e+03 1.710027136141434312e-04
7.144100000000364162e+03 1.710866490611806512e-04
7.145000000000363798e+03 1.709763600956648588e-04
7.145900000000364344e+03 1.704989117570221424e-04
7.146800000000364889e+03 1.687947224127128720e-04
7.147700000000364525e+03 1.661228743614628911e-04
7.148600000000364162e+03 1.654284278629347682e-04
7.149500000000364707e+03 1.671514037298038602e-04
7.150400000000365253e+03 1.689267664914950728e-04
7.151300000000364889e+03 1.703607267700135708e-04
7.152200000000364525e+03 1.720946020213887095e-04
7.153100000000365071e+03 1.730214426061138511e-04
7.154000000000365617e+03 1.719348510960116982e-04
7.154900000000365253e+03 1.701276196399703622e-04
7.155800000000364889e+03 1.702802983345463872e-04
7.156700000000365435e+03 1.721221633488312364e-04
7.157600000000365981e+03 1.728021015878766775e-04
7.158500000000365617e+03 1.717880513751879334e-04
7.159400000000365253e+03 1.705497707007452846e-04
7.160300000000365799e+03 1.701011788100004196e-04
7.161200000000366344e+03 1.707045594230294228e-04
7.162100000000365981e+03 1.708927884465083480e-04
7.163000000000365617e+03 1.686097530182451010e-04
7.163900000000366163e+03 1.641732669668272138e-04
7.164800000000366708e+03 1.615184301044791937e-04
7.165700000000366344e+03 1.633757201489061117e-04
7.166600000000365981e+03 1.678245462244376540e-04
7.167500000000366526e+03 1.714876852929592133e-04
7.168400000000367072e+03 1.729058567434549332e-04
7.169300000000366708e+03 1.726338523440063000e-04
7.170200000000366344e+03 1.721528678899630904e-04
7.171100000000366890e+03 1.724648755043745041e-04
7.172000000000367436e+03 1.732800737954676151e-04
7.172900000000367072e+03 1.738000719342380762e-04
7.173800000000366708e+03 1.735174446366727352e-04
7.174700000000367254e+03 1.720522996038198471e-04
7.175600000000367800e+03 1.699438871582970023e-04
7.176500000000367436e+03 1.693186932243406773e-04
7.177400000000367072e+03 1.707115734461694956e-04
7.178300000000367618e+03 1.715506659820675850e-04
7.179200000000368163e+03 1.697949046501889825e-04
7.180100000000367800e+03 1.662191207287833095e-04
7.181000000000367436e+03 1.639449183130636811e-04
7.181900000000367982e+03 1.653746003285050392e-04
7.182800000000368527e+03 1.688739284873008728e-04
7.183700000000368163e+03 1.707871851976960897e-04
7.184600000000367800e+03 1.703814923530444503e-04
7.185500000000368345e+03 1.684976305114105344e-04
7.186400000000368891e+03 1.653702638577669859e-04
7.187300000000368527e+03 1.630084443604573607e-04
7.188200000000368163e+03 1.634458749322220683e-04
7.189100000000368709e+03 1.650128542678430676e-04
7.190000000000369255e+03 1.664474111748859286e-04
7.190900000000368891e+03 1.672157086431980133e-04
7.191800000000368527e+03 1.664023729972541332e-04
7.192700000000369073e+03 1.650302438065409660e-04
7.193600000000369619e+03 1.649889745749533176e-04
7.194500000000369255e+03 1.665964664425700903e-04
7.195400000000368891e+03 1.677342952461913228e-04
7.196300000000369437e+03 1.670544297667220235e-04
7.197200000000369982e+03 1.665325398789718747e-04
7.198100000000369619e+03 1.673243823461234570e-04
7.199000000000369255e+03 1.683893060544505715e-04
7.199900000000369801e+03 1.684870512690395117e-04
7.200800000000370346e+03 1.671541540417820215e-04
7.201700000000369982e+03 1.660666457610204816e-04
7.202600000000369619e+03 1.671287463977932930e-04
7.203500000000370164e+03 1.692533114692196250e-04
7.204400000000370710e+03 1.700758439255878329e-04
7.205300000000370346e+03 1.680905261309817433e-04
7.206200000000369982e+03 1.635490189073607326e-04
7.207100000000370528e+03 1.600295072421431541e-04
7.208000000000371074e+03 1.607361773494631052e-04
7.208900000000370710e+03 1.639553665881976485e-04
7.209800000000370346e+03 1.671175996307283640e-04
7.210700000000370892e+03 1.688830961938947439e-04
7.211600000000371438e+03 1.685655297478660941e-04
7.212500000000371074e+03 1.671356440056115389e-04
7.213400000000370710e+03 1.658841501921415329e-04
7.214300000000371256e+03 1.653200597502291203e-04
7.215200000000371801e+03 1.655554806347936392e-04
7.216100000000371438e+03 1.663385919528082013e-04
7.217000000000371074e+03 1.673524384386837482e-04
7.217900000000371620e+03 1.678761036600917578e-04
7.218800000000372165e+03 1.674700470175594091e-04
7.219700000000371801e+03 1.665322633925825357e-04
7.220600000000371438e+03 1.655022351769730449e-04
7.221500000000371983e+03 1.646850287215784192e-04
7.222400000000372529e+03 1.642926799831911922e-04
7.223300000000372165e+03 1.645579468458890915e-04
7.224200000000371801e+03 1.658198889344930649e-04
7.225100000000372347e+03 1.674243540037423372e-04
7.226000000000372893e+03 1.686181640252470970e-04
7.226900000000372529e+03 1.693132508080452681e-04
7.227800000000372165e+03 1.688483462203294039e-04
7.228700000000372711e+03 1.680770074017345905e-04
7.229600000000373257e+03 1.686315808910876513e-04
7.230500000000372893e+03 1.703828602330759168e-04
7.231400000000372529e+03 1.720790605759248137e-04
7.232300000000373075e+03 1.727814669720828533e-04
7.233200000000373620e+03 1.726237387629225850e-04
7.234100000000373257e+03 1.718662388157099485e-04
7.235000000000372893e+03 1.705172762740403414e-04
7.235900000000373439e+03 1.695993851171806455e-04
7.236800000000373984e+03 1.695719256531447172e-04
7.237700000000373620e+03 1.700806460576131940e-04
7.238600000000373257e+03 1.689301134319975972e-04
7.239500000000373802e+03 1.685055322013795376e-04
7.240400000000374348e+03 1.693207159405574203e-04
7.241300000000373984e+03 1.705565955489873886e-04
7.242200000000373620e+03 1.707603805698454380e-04
7.243100000000374166e+03 1.695318933343514800e-04
7.244000000000374712e+03 1.677866239333525300e-04
7.244900000000374348e+03 1.669523917371407151e-04
7.245800000000373984e+03 1.675804669503122568e-04
7.246700000000374530e+03 1.691464276518672705e-04
7.247600000000375076e+03 1.705135073279961944e-04
7.248500000000374712e+03 1.704913447611033916e-04
7.249400000000374348e+03 1.687202166067436337e-04
7.250300000000374894e+03 1.663199363974854350e-04
7.251200000000375439e+03 1.652609789744019508e-04
7.252100000000375076e+03 1.661459536990150809e-04
7.253000000000374712e+03 1.676125248195603490e-04
7.253900000000375258e+03 1.684088929323479533e-04
7.254800000000375803e+03 1.686579344095662236e-04
7.255700000000375439e+03 1.692275109235197306e-04
7.256600000000375076e+03 1.702346635283902287e-04
7.257500000000375621e+03 1.711109653115272522e-04
7.258400000000376167e+03 1.700658613117411733e-04
7.259300000000375803e+03 1.686662726569920778e-04
7.260200000000375439e+03 1.660316193010658026e-04
7.261100000000375985e+03 1.635238149901852012e-04
7.262000000000376531e+03 1.641220587771385908e-04
7.262900000000376167e+03 1.668301119934767485e-04
7.263800000000375803e+03 1.683951268205419183e-04
7.264700000000376349e+03 1.688780175754800439e-04
7.265600000000376895e+03 1.695514656603336334e-04
7.266500000000376531e+03 1.705612812656909227e-04
7.267400000000376167e+03 1.709935895632952452e-04
7.268300000000376713e+03 1.705304603092372417e-04
7.269200000000377258e+03 1.698028936516493559e-04
7.270100000000376895e+03 1.690044009592384100e-04
7.271000000000376531e+03 1.683407754171639681e-04
7.271900000000377077e+03 1.681309804553166032e-04
7.272800000000377622e+03 1.682433503447100520e-04
7.273700000000377258e+03 1.683916052570566535e-04
7.274600000000376895e+03 1.684666058281436563e-04
7.275500000000377440e+03 1.689451746642589569e-04
7.276400000000377986e+03 1.694780512480065227e-04
7.277300000000377622e+03 1.688823249423876405e-04
7.278200000000377258e+03 1.678047847235575318e-04
7.279100000000377804e+03 1.675851090112701058e-04
7.280000000000378350e+03 1.674754603300243616e-04
7.280900000000377986e+03 1.658685650909319520e-04
7.281800000000377622e+03 1.631363265914842486e-04
7.282700000000378168e+03 1.615566288819536567e-04
7.283600000000378714e+03 1.618021924514323473e-04
7.284500000000378350e+03 1.631943450774997473e-04
7.285400000000377986e+03 1.651184138609096408e-04
7.286300000000378532e+03 1.662585418671369553e-04
7.287200000000379077e+03 1.651801430853083730e-04
7.288100000000378714e+03 1.624832075322046876e-04
7.289000000000378350e+03 1.609310857020318508e-04
7.289900000000378895e+03 1.615390792721882463e-04
7.290800000000379441e+03 1.621745905140414834e-04
7.291700000000379077e+03 1.619825925445184112e-04
7.292600000000378714e+03 1.623136777197942138e-04
7.293500000000379259e+03 1.642042916500940919e-04
7.294400000000379805e+03 1.668629120104014874e-04
7.295300000000379441e+03 1.688562333583831787e-04
7.296200000000379077e+03 1.696722756605595350e-04
7.297100000000379623e+03 1.691796933300793171e-04
7.298000000000380169e+03 1.680185378063470125e-04
7.298900000000379805e+03 1.670303172431886196e-04
7.299800000000379441e+03 1.663337752688676119e-04
7.300700000000379987e+03 1.663504081079736352e-04
7.301600000000380533e+03 1.670789933996275067e-04
7.302500000000380169e+03 1.677537366049364209e-04
7.303400000000379805e+03 1.682878792053088546e-04
7.304300000000380351e+03 1.688720076344907284e-04
7.305200000000380896e+03 1.685075403656810522e-04
7.306100000000380533e+03 1.666590396780520678e-04
7.307000000000380169e+03 1.644300500629469752e-04
7.307900000000380714e+03 1.634701475268229842e-04
7.308800000000381260e+03 1.642163551878184080e-04
7.309700000000380896e+03 1.648288016440346837e-04
7.310600000000380533e+03 1.643253635847941041e-04
7.311500000000381078e+03 1.644414442125707865e-04
7.312400000000381624e+03 1.660420966800302267e-04
7.313300000000381260e+03 1.679147244431078434e-04
7.314200000000380896e+03 1.689056662144139409e-04
7.315100000000381442e+03 1.688277407083660364e-04
7.316000000000381988e+03 1.681209250818938017e-04
7.316900000000381624e+03 1.676949759712442756e-04
7.317800000000381260e+03 1.679727138252928853e-04
7.318700000000381806e+03 1.684783637756481767e-04
7.319600000000382352e+03 1.683556474745273590e-04
7.320500000000381988e+03 1.682093570707365870e-04
7.321400000000381624e+03 1.688714110059663653e-04
7.322300000000382170e+03 1.694035163382068276e-04
7.323200000000382715e+03 1.687528711045160890e-04
7.324100000000382352e+03 1.670970814302563667e-04
7.325000000000381988e+03 1.651528145885095000e-04
7.325900000000382533e+03 1.645775046199560165e-04
7.326800000000383079e+03 1.663545554038137197e-04
7.327700000000382715e+03 1.684757444309070706e-04
7.328600000000382352e+03 1.684871676843613386e-04
7.329500000000382897e+03 1.674736122367903590e-04
7.330400000000383443e+03 1.673541555646806955e-04
7.331300000000383079e+03 1.680966233834624290e-04
7.332200000000382715e+03 1.684732560534030199e-04
7.333100000000383261e+03 1.683297159615904093e-04
7.334000000000383807e+03 1.683231239439919591e-04
7.334900000000383443e+03 1.688986230874434114e-04
7.335800000000383079e+03 1.699933054624125361e-04
7.336700000000383625e+03 1.708739291643723845e-04
7.337600000000384171e+03 1.707503834040835500e-04
7.338500000000383807e+03 1.701549917925149202e-04
7.339400000000383443e+03 1.700262801023200154e-04
7.340300000000383989e+03 1.705927279544994235e-04
7.341200000000384534e+03 1.711152435746043921e-04
7.342100000000384171e+03 1.704116875771433115e-04
7.343000000000383807e+03 1.684268936514854431e-04
7.343900000000384352e+03 1.665767777012661099e-04
7.344800000000384898e+03 1.663580915192142129e-04
7.345700000000384534e+03 1.675634121056646109e-04
7.346600000000384171e+03 1.689345372142270207e-04
7.347500000000384716e+03 1.697978732408955693e-04
7.348400000000385262e+03 1.697219413472339511e-04
7.349300000000384898e+03 1.682894071564078331e-04
7.350200000000384534e+03 1.662313588894903660e-04
7.351100000000385080e+03 1.653081126278266311e-04
7.352000000000385626e+03 1.658187393331900239e-04
7.352900000000385262e+03 1.661305868765339255e-04
7.353800000000384898e+03 1.650371996220201254e-04
7.354700000000385444e+03 1.630633487366139889e-04
7.355600000000385990e+03 1.617835368961095810e-04
7.356500000000385626e+03 1.627224846743047237e-04
7.357400000000385262e+03 1.653518265811726451e-04
7.358300000000385808e+03 1.678975240793079138e-04
7.359200000000386353e+03 1.690128556219860911e-04
7.360100000000385990e+03 1.682561560301110148e-04
7.361000000000385626e+03 1.662444701651111245e-04
7.361900000000386171e+03 1.643734867684543133e-04
7.362800000000386717e+03 1.637487730477005243e-04
7.363700000000386353e+03 1.642414281377568841e-04
7.364600000000385990e+03 1.652772480156272650e-04
7.365500000000386535e+03 1.662532304180786014e-04
7.366400000000387081e+03 1.667534816078841686e-04
7.367300000000386717e+03 1.667595497565343976e-04
7.368200000000386353e+03 1.662888389546424150e-04
7.369100000000386899e+03 1.659248373471200466e-04
7.370000000000387445e+03 1.664679584791883826e-04
7.370900000000387081e+03 1.672930666245520115e-04
7.371800000000386717e+03 1.673400256549939513e-04
7.372700000000387263e+03 1.665677846176549792e-04
7.373600000000387809e+03 1.654626103118062019e-04
7.374500000000387445e+03 1.644324511289596558e-04
7.375400000000387081e+03 1.638130634091794491e-04
7.376300000000387627e+03 1.641601702431216836e-04
7.377200000000388172e+03 1.654856459936127067e-04
7.378100000000387809e+03 1.667413598624989390e-04
7.379000000000387445e+03 1.667264441493898630e-04
7.379900000000387990e+03 1.652256178203970194e-04
7.380800000000388536e+03 1.631209161132574081e-04
7.381700000000388172e+03 1.615056098671630025e-04
7.382600000000387809e+03 1.607361773494631052e-04
7.383500000000388354e+03 1.598019880475476384e-04
7.384400000000388900e+03 1.578475348651409149e-04
7.385300000000388536e+03 1.556264178361743689e-04
7.386200000000388172e+03 1.544112747069448233e-04
7.387100000000388718e+03 1.541684468975290656e-04
7.388000000000389264e+03 1.541086821816861629e-04
7.388900000000388900e+03 1.543657708680257201e-04
7.389800000000388536e+03 1.559780212119221687e-04
7.390700000000389082e+03 1.578544470248743892e-04
7.391600000000389628e+03 1.581386750331148505e-04
7.392500000000389264e+03 1.572012115502730012e-04
7.393400000000388900e+03 1.569282903801649809e-04
7.394300000000389446e+03 1.581493124831467867e-04
7.395200000000389991e+03 1.597699883859604597e-04
7.396100000000389628e+03 1.607392332516610622e-04
7.397000000000389264e+03 1.610881445230916142e-04
7.397900000000389809e+03 1.608525053597986698e-04
7.398800000000390355e+03 1.600480609340593219e-04
7.399700000000389991e+03 1.593156193848699331e-04
7.400600000000389628e+03 1.597333757672458887e-04
7.401500000000390173e+03 1.615809014765545726e-04
7.402400000000390719e+03 1.636547240195795894e-04
7.403300000000390355e+03 1.645827578613534570e-04
7.404200000000389991e+03 1.641091803321614861e-04
7.405100000000390537e+03 1.630913320695981383e-04
7.406000000000391083e+03 1.626401499379426241e-04
7.406900000000390719e+03 1.625332370167598128e-04
7.407800000000390355e+03 1.624958676984533668e-04
7.408700000000390901e+03 1.605476572876796126e-04
7.409600000000391447e+03 1.604866847628727555e-04
