3.540500000000000000e+03 3.873652312904596329e-04
3.541400000000000091e+03 3.858197887893766165e-04
3.542300000000000182e+03 3.866098122671246529e-04
3.543200000000000273e+03 3.888172795996069908e-04
3.544100000000000364e+03 3.901323070749640465e-04
3.545000000000000455e+03 3.921755414921790361e-04
3.545900000000000546e+03 3.955382853746414185e-04
3.546800000000000637e+03 3.967974334955215454e-04
3.547700000000000728e+03 3.975042200181633234e-04
3.548600000000000819e+03 3.994457656517624855e-04
3.549500000000000909e+03 4.007631796412169933e-04
3.550400000000001000e+03 4.014878650195896626e-04
3.551300000000001091e+03 4.008604446426033974e-04
3.552200000000001182e+03 3.992551646661013365e-04
3.553100000000001273e+03 3.973987186327576637e-04
3.554000000000001364e+03 3.957950102631002665e-04
3.554900000000001455e+03 3.954515268560498953e-04
3.555800000000001546e+03 3.962037735618650913e-04
3.556700000000001637e+03 3.963777562603354454e-04
3.557600000000001728e+03 3.958079614676535130e-04
3.558500000000001819e+03 3.960889589507132769e-04
3.559400000000001910e+03 3.973485436290502548e-04
3.560300000000002001e+03 3.980805340688675642e-04
3.561200000000002092e+03 3.991771955043077469e-04
3.562100000000002183e+03 4.016573075205087662e-04
3.563000000000002274e+03 4.016025632154196501e-04
3.563900000000002365e+03 3.947494842577725649e-04
3.564800000000002456e+03 3.842253063339740038e-04
3.565700000000002547e+03 3.786146116908639669e-04
3.566600000000002638e+03 3.816085227299481630e-04
3.567500000000002728e+03 3.858906566165387630e-04
3.568400000000002819e+03 3.840362769551575184e-04
3.569300000000002910e+03 3.784595173783600330e-04
3.570200000000003001e+03 3.752180491574108601e-04
3.571100000000003092e+03 3.757860977202653885e-04
3.572000000000003183e+03 3.788002941291779280e-04
3.572900000000003274e+03 3.806365712080150843e-04
3.573800000000003365e+03 3.809275513049215078e-04
3.574700000000003456e+03 3.805191954597830772e-04
3.575600000000003547e+03 3.807037719525396824e-04
3.576500000000003638e+03 3.810575581155717373e-04
3.577400000000003729e+03 3.810593916568905115e-04
3.578300000000003820e+03 3.814130031969398260e-04
3.579200000000003911e+03 3.810119233094155788e-04
3.580100000000004002e+03 3.773323551286011934e-04
3.581000000000004093e+03 3.733015328180044889e-04
3.581900000000004184e+03 3.755677898880094290e-04
3.582800000000004275e+03 3.793083888012915850e-04
3.583700000000004366e+03 3.733892808668315411e-04
3.584600000000004457e+03 3.618614573497325182e-04
3.585500000000004547e+03 3.571345005184412003e-04
3.586400000000004638e+03 3.619884664658457041e-04
3.587300000000004729e+03 3.695758932735770941e-04
3.588200000000004820e+03 3.748913877643644810e-04
3.589100000000004911e+03 3.786548331845551729e-04
3.590000000000005002e+03 3.847989137284457684e-04
3.590900000000005093e+03 3.921385505236685276e-04
3.591800000000005184e+03 3.939598682336509228e-04
3.592700000000005275e+03 3.903770120814442635e-04
3.593600000000005366e+03 3.879211435560137033e-04
3.594500000000005457e+03 3.895430127158761024e-04
3.595400000000005548e+03 3.930557868443429470e-04
3.596300000000005639e+03 3.961143083870410919e-04
3.597200000000005730e+03 3.987475356552749872e-04
3.598100000000005821e+03 4.006423696409910917e-04
3.599000000000005912e+03 4.007732495665550232e-04
3.599900000000006003e+03 3.992164565715938807e-04
3.600800000000006094e+03 3.952242841478437185e-04
3.601700000000006185e+03 3.875985275954008102e-04
3.602600000000006276e+03 3.777853562496602535e-04
3.603500000000006366e+03 3.707903670147061348e-04
3.604400000000006457e+03 3.691771999001502991e-04
3.605300000000006548e+03 3.714322228915989399e-04
3.606200000000006639e+03 3.758775419555604458e-04
3.607100000000006730e+03 3.775610239244997501e-04
3.608000000000006821e+03 3.723006811924278736e-04
3.608900000000006912e+03 3.651907609310001135e-04
3.609800000000007003e+03 3.642057708930224180e-04
3.610700000000007094e+03 3.687461139634251595e-04
3.611600000000007185e+03 3.712096076924353838e-04
3.612500000000007276e+03 3.682255046442151070e-04
3.613400000000007367e+03 3.670625737868249416e-04
3.614300000000007458e+03 3.738966188393533230e-04
3.615200000000007549e+03 3.829534689430147409e-04
3.616100000000007640e+03 3.848435590043663979e-04
3.617000000000007731e+03 3.779066610150039196e-04
3.617900000000007822e+03 3.669639700092375278e-04
3.618800000000007913e+03 3.605335368774831295e-04
3.619700000000008004e+03 3.621214127633720636e-04
3.620600000000008095e+03 3.670774458441883326e-04
3.621500000000008185e+03 3.738085506483912468e-04
3.622400000000008276e+03 3.808428009506314993e-04
3.623300000000008367e+03 3.824488958343863487e-04
3.624200000000008458e+03 3.817274409811943769e-04
3.625100000000008549e+03 3.873504174407571554e-04
3.626000000000008640e+03 3.965440846513956785e-04
3.626900000000008731e+03 4.008786054328083992e-04
3.627800000000008822e+03 3.991002449765801430e-04
3.628700000000008913e+03 3.936825087293982506e-04
3.629600000000009004e+03 3.819816629402339458e-04
3.630500000000009095e+03 3.650449798442423344e-04
3.631400000000009186e+03 3.563338541425764561e-04
3.632300000000009277e+03 3.624883538577705622e-04
3.633200000000009368e+03 3.722756518982350826e-04
3.634100000000009459e+03 3.765136934816837311e-04
3.635000000000009550e+03 3.786431625485420227e-04
3.635900000000009641e+03 3.818089899141341448e-04
3.636800000000009732e+03 3.848216147162020206e-04
3.637700000000009823e+03 3.872856614179909229e-04
3.638600000000009913e+03 3.897877177223563194e-04
3.639500000000010004e+03 3.909206134267151356e-04
3.640400000000010095e+03 3.885715559590607882e-04
3.641300000000010186e+03 3.832648217212408781e-04
3.642200000000010277e+03 3.791450581047683954e-04
3.643100000000010368e+03 3.777488018386065960e-04
3.644000000000010459e+03 3.759773971978574991e-04
3.644900000000010550e+03 3.738484519999474287e-04
3.645800000000010641e+03 3.732561017386615276e-04
3.646700000000010732e+03 3.718667721841484308e-04
3.647600000000010823e+03 3.692802856676280499e-04
3.648500000000010914e+03 3.690253652166575193e-04
3.649400000000011005e+03 3.703193506225943565e-04
3.650300000000011096e+03 3.725449787452816963e-04
3.651200000000011187e+03 3.775411460082978010e-04
3.652100000000011278e+03 3.848559863399714231e-04
3.653000000000011369e+03 3.895036643370985985e-04
3.653900000000011460e+03 3.895791887771338224e-04
3.654800000000011551e+03 3.887166676577180624e-04
3.655700000000011642e+03 3.901059681084007025e-04
3.656600000000011732e+03 3.930640814360231161e-04
3.657500000000011823e+03 3.946072829421609640e-04
3.658400000000011914e+03 3.941679024137556553e-04
3.659300000000012005e+03 3.936446446459740400e-04
3.660200000000012096e+03 3.933013649657368660e-04
3.661100000000012187e+03 3.913924447260797024e-04
3.662000000000012278e+03 3.876822302117943764e-04
3.662900000000012369e+03 3.840338613372296095e-04
3.663800000000012460e+03 3.820872516371309757e-04
3.664700000000012551e+03 3.833690716419368982e-04
3.665600000000012642e+03 3.866001497954130173e-04
3.666500000000012733e+03 3.890494408551603556e-04
3.667400000000012824e+03 3.887134953401982784e-04
3.668300000000012915e+03 3.847632906399667263e-04
3.669200000000013006e+03 3.799719270318746567e-04
3.670100000000013097e+03 3.801667771767824888e-04
3.671000000000013188e+03 3.861779987346380949e-04
3.671900000000013279e+03 3.916411369573324919e-04
3.672800000000013370e+03 3.917491121683269739e-04
3.673700000000013461e+03 3.895326517522335052e-04
3.674600000000013551e+03 3.905640041921287775e-04
3.675500000000013642e+03 3.906573983840644360e-04
3.676400000000013733e+03 3.827920299954712391e-04
3.677300000000013824e+03 3.725051064975559711e-04
3.678200000000013915e+03 3.694396873470395803e-04
3.679100000000014006e+03 3.717919753398746252e-04
3.680000000000014097e+03 3.753603668883442879e-04
3.680900000000014188e+03 3.791239578276872635e-04
3.681800000000014279e+03 3.811054630205035210e-04
3.682700000000014370e+03 3.812560171354562044e-04
3.683600000000014461e+03 3.798549005296081305e-04
3.684500000000014552e+03 3.735462669283151627e-04
3.685400000000014643e+03 3.643289674073457718e-04
3.686300000000014734e+03 3.601225325837731361e-04
3.687200000000014825e+03 3.650274302344769239e-04
3.688100000000014916e+03 3.772829659283161163e-04
3.689000000000015007e+03 3.874968679156154394e-04
3.689900000000015098e+03 3.883541794493794441e-04
3.690800000000015189e+03 3.852028748951852322e-04
3.691700000000015280e+03 3.872259985655546188e-04
3.692600000000015370e+03 3.942385374102741480e-04
3.693500000000015461e+03 3.992427082266658545e-04
3.694400000000015552e+03 3.972233680542558432e-04
3.695300000000015643e+03 3.859580028802156448e-04
3.696200000000015734e+03 3.702465910464525223e-04
3.697100000000015825e+03 3.665484837256371975e-04
3.698000000000015916e+03 3.841318539343774319e-04
3.698900000000016007e+03 4.105712578166276217e-04
3.699800000000016098e+03 4.260667483322322369e-04
3.700700000000016189e+03 4.219131660647690296e-04
3.701600000000016280e+03 4.020637425128370523e-04
3.702500000000016371e+03 3.749734605662524700e-04
3.703400000000016462e+03 3.526642976794391870e-04
3.704300000000016553e+03 3.479064616840332747e-04
3.705200000000016644e+03 3.626151010394096375e-04
3.706100000000016735e+03 3.884065372403711081e-04
3.707000000000016826e+03 4.115189076401293278e-04
3.707900000000016917e+03 4.180648538749665022e-04
3.708800000000017008e+03 4.047105030622333288e-04
3.709700000000017099e+03 3.795917727984488010e-04
3.710600000000017189e+03 3.526022192090749741e-04
3.711500000000017280e+03 3.366541059222072363e-04
3.712400000000017371e+03 3.471673117019236088e-04
3.713300000000017462e+03 3.830983769148588181e-04
3.714200000000017553e+03 4.222035640850663185e-04
3.715100000000017644e+03 4.502291267272084951e-04
3.716000000000017735e+03 4.697635886259377003e-04
3.716900000000017826e+03 4.774538392666727304e-04
3.717800000000017917e+03 4.623330896720290184e-04
3.718700000000018008e+03 4.239130066707730293e-04
3.719600000000018099e+03 3.737639635801315308e-04
3.720500000000018190e+03 3.267349675297737122e-04
3.721400000000018281e+03 3.002718731295317411e-04
3.722300000000018372e+03 3.090746758971363306e-04
3.723200000000018463e+03 3.498605219647288322e-04
3.724100000000018554e+03 4.025732923764735460e-04
3.725000000000018645e+03 4.497723421081900597e-04
3.725900000000018736e+03 4.794378182850778103e-04
3.726800000000018827e+03 4.893160075880587101e-04
3.727700000000018917e+03 4.943828098475933075e-04
3.728600000000019008e+03 5.011910106986761093e-04
3.729500000000019099e+03 4.937818739563226700e-04
3.730400000000019190e+03 4.631365882232785225e-04
3.731300000000019281e+03 4.173142660874873400e-04
3.732200000000019372e+03 3.639282367657870054e-04
3.733100000000019463e+03 3.124474314972758293e-04
3.734000000000019554e+03 2.830987796187400818e-04
3.734900000000019645e+03 2.903407730627804995e-04
3.735800000000019736e+03 3.252138558309525251e-04
3.736700000000019827e+03 3.720183740369975567e-04
3.737600000000019918e+03 4.269795317668467760e-04
3.738500000000020009e+03 4.842055495828390121e-04
3.739400000000020100e+03 5.306907696649432182e-04
3.740300000000020191e+03 5.588547792285680771e-04
3.741200000000020282e+03 5.679938476532697678e-04
3.742100000000020373e+03 5.629067891277372837e-04
3.743000000000020464e+03 5.504281725734472275e-04
3.743900000000020555e+03 5.324180237948894501e-04
3.744800000000020646e+03 5.031476612202823162e-04
3.745700000000020736e+03 4.638831305783241987e-04
3.746600000000020827e+03 4.224103176966309547e-04
3.747500000000020918e+03 3.736173384822905064e-04
3.748400000000021009e+03 3.172564611304551363e-04
3.749300000000021100e+03 2.759376366157084703e-04
3.750200000000021191e+03 2.749083214439451694e-04
3.751100000000021282e+03 3.138776519335806370e-04
3.752000000000021373e+03 3.707787836901843548e-04
3.752900000000021464e+03 4.267965850885957479e-04
3.753800000000021555e+03 4.788841470144689083e-04
3.754700000000021646e+03 5.282066995278000832e-04
3.755600000000021737e+03 5.657092551700770855e-04
3.756500000000021828e+03 5.804822430945932865e-04
3.757400000000021919e+03 5.787312402389943600e-04
3.758300000000022010e+03 5.802920204587280750e-04
3.759200000000022101e+03 5.941484705545008183e-04
3.760100000000022192e+03 6.082276813685894012e-04
3.761000000000022283e+03 6.115037831477820873e-04
3.761900000000022374e+03 6.077953148633241653e-04
3.762800000000022465e+03 5.971374339424073696e-04
3.763700000000022555e+03 5.771138239651918411e-04
3.764600000000022646e+03 5.525057204067707062e-04
3.765500000000022737e+03 5.199809093028306961e-04
3.766400000000022828e+03 4.745732294395565987e-04
3.767300000000022919e+03 4.239224363118410110e-04
3.768200000000023010e+03 3.752993652597069740e-04
3.769100000000023101e+03 3.278844233136624098e-04
3.770000000000023192e+03 2.935664961114525795e-04
3.770900000000023283e+03 2.955503005068749189e-04
3.771800000000023374e+03 3.364657459314912558e-04
3.772700000000023465e+03 3.936796565540134907e-04
3.773600000000023556e+03 4.463182121980935335e-04
3.774500000000023647e+03 4.925371031276881695e-04
3.775400000000023738e+03 5.378602072596549988e-04
3.776300000000023829e+03 5.826930864714086056e-04
3.777200000000023920e+03 6.235942710191011429e-04
3.778100000000024011e+03 6.587553652934730053e-04
3.779000000000024102e+03 6.915704580023884773e-04
3.779900000000024193e+03 7.210999028757214546e-04
3.780800000000024284e+03 7.400408503599464893e-04
3.781700000000024374e+03 7.491022697649896145e-04
3.782600000000024465e+03 7.561627426184713840e-04
3.783500000000024556e+03 7.654284709133207798e-04
3.784400000000024647e+03 7.698409608565270901e-04
3.785300000000024738e+03 7.569132139906287193e-04
3.786200000000024829e+03 7.306305342353880405e-04
3.787100000000024920e+03 7.052053115330636501e-04
3.788000000000025011e+03 6.847234908491373062e-04
3.788900000000025102e+03 6.653852760791778564e-04
3.789800000000025193e+03 6.429489003494381905e-04
3.790700000000025284e+03 6.158421747386455536e-04
3.791600000000025375e+03 5.823441315442323685e-04
3.792500000000025466e+03 5.396899068728089333e-04
3.793400000000025557e+03 4.892370779998600483e-04
3.794300000000025648e+03 4.349544178694486618e-04
3.795200000000025739e+03 3.808190522249788046e-04
3.796100000000025830e+03 3.287465951871126890e-04
3.797000000000025921e+03 2.858889347407966852e-04
3.797900000000026012e+03 2.713193825911730528e-04
3.798800000000026102e+03 2.974573872052133083e-04
3.799700000000026193e+03 3.522512561175972223e-04
3.800600000000026284e+03 4.129665903747081757e-04
3.801500000000026375e+03 4.692215006798505783e-04
3.802400000000026466e+03 5.239096353761851788e-04
3.803300000000026557e+03 5.751209682784974575e-04
3.804200000000026648e+03 6.158733740448951721e-04
3.805100000000026739e+03 6.470477674156427383e-04
3.806000000000026830e+03 6.729227025061845779e-04
3.806900000000026921e+03 6.996075971983373165e-04
3.807800000000027012e+03 7.321766461245715618e-04
3.808700000000027103e+03 7.649993058294057846e-04
3.809600000000027194e+03 7.924361270852386951e-04
3.810500000000027285e+03 8.134588133543729782e-04
3.811400000000027376e+03 8.220634772442281246e-04
3.812300000000027467e+03 8.134882082231342793e-04
3.813200000000027558e+03 7.972373277880251408e-04
3.814100000000027649e+03 7.879716577008366585e-04
3.815000000000027740e+03 7.902441429905593395e-04
3.815900000000027831e+03 8.038216037675738335e-04
3.816800000000027921e+03 8.232635445892810822e-04
3.817700000000028012e+03 8.343607187271118164e-04
3.818600000000028103e+03 8.258041925728321075e-04
3.819500000000028194e+03 8.035185746848583221e-04
3.820400000000028285e+03 7.880569901317358017e-04
3.821300000000028376e+03 7.897403556853532791e-04
3.822200000000028467e+03 7.930964929983019829e-04
3.823100000000028558e+03 7.750271470285952091e-04
3.824000000000028649e+03 7.366391364485025406e-04
3.824900000000028740e+03 6.991379195824265480e-04
3.825800000000028831e+03 6.707402062602341175e-04
3.826700000000028922e+03 6.457831477746367455e-04
3.827600000000029013e+03 6.175367161631584167e-04
3.828500000000029104e+03 5.842560785822570324e-04
3.829400000000029195e+03 5.483829881995916367e-04
3.830300000000029286e+03 5.087439785711467266e-04
3.831200000000029377e+03 4.596709623001515865e-04
3.832100000000029468e+03 4.030331328976899385e-04
3.833000000000029559e+03 3.473668766673654318e-04
3.833900000000029650e+03 2.984127204399555922e-04
3.834800000000029740e+03 2.684517821762710810e-04
3.835700000000029831e+03 2.732058928813785315e-04
3.836600000000029922e+03 3.085310163442045450e-04
3.837500000000030013e+03 3.546503430698066950e-04
3.838400000000030104e+03 4.020493361167609692e-04
3.839300000000030195e+03 4.503388190641999245e-04
3.840200000000030286e+03 4.982835962437093258e-04
3.841100000000030377e+03 5.483881104737520218e-04
3.842000000000030468e+03 5.990031058900058270e-04
3.842900000000030559e+03 6.421335856430232525e-04
3.843800000000030650e+03 6.756627699360251427e-04
3.844700000000030741e+03 7.032377179712057114e-04
3.845600000000030832e+03 7.292503723874688148e-04
3.846500000000030923e+03 7.563491817563772202e-04
3.847400000000031014e+03 7.808144437149167061e-04
3.848300000000031105e+03 7.938937633298337460e-04
3.849200000000031196e+03 7.991780876182019711e-04
3.850100000000031287e+03 8.136173710227012634e-04
3.851000000000031378e+03 8.409445290453732014e-04
3.851900000000031469e+03 8.631953387521207333e-04
3.852800000000031559e+03 8.681561448611319065e-04
3.853700000000031650e+03 8.633745601400732994e-04
3.854600000000031741e+03 8.544428274035453796e-04
3.855500000000031832e+03 8.485295111313462257e-04
3.856400000000031923e+03 8.623857283964753151e-04
3.857300000000032014e+03 8.860996458679437637e-04
3.858200000000032105e+03 8.922735578380525112e-04
3.859100000000032196e+03 8.851542370393872261e-04
3.860000000000032287e+03 8.875625790096819401e-04
3.860900000000032378e+03 8.964965818449854851e-04
3.861800000000032469e+03 8.959989063441753387e-04
3.862700000000032560e+03 8.924571448005735874e-04
3.863600000000032651e+03 8.957024547271430492e-04
3.864500000000032742e+03 8.969518821686506271e-04
3.865400000000032833e+03 8.928289171308279037e-04
3.866300000000032924e+03 8.942397544160485268e-04
3.867200000000033015e+03 9.015926625579595566e-04
3.868100000000033106e+03 9.049010113812983036e-04
3.869000000000033197e+03 9.004875319078564644e-04
3.869900000000033288e+03 8.894857019186019897e-04
3.870800000000033378e+03 8.713664719834923744e-04
3.871700000000033469e+03 8.477136143483221531e-04
3.872600000000033560e+03 8.299596374854445457e-04
3.873500000000033651e+03 8.261085604317486286e-04
3.874400000000033742e+03 8.283206261694431305e-04
3.875300000000033833e+03 8.236196590587496758e-04
3.876200000000033924e+03 8.029031450860202312e-04
3.877100000000034015e+03 7.647628081031143665e-04
3.878000000000034106e+03 7.248867768794298172e-04
3.878900000000034197e+03 7.045079837553203106e-04
3.879800000000034288e+03 6.952368421480059624e-04
3.880700000000034379e+03 6.715795025229454041e-04
3.881600000000034470e+03 6.310968892648816109e-04
3.882500000000034561e+03 5.905278376303613186e-04
3.883400000000034652e+03 5.556452088057994843e-04
3.884300000000034743e+03 5.144114838913083076e-04
3.885200000000034834e+03 4.603110719472169876e-04
3.886100000000034925e+03 4.020374326501041651e-04
3.887000000000035016e+03 3.475747653283178806e-04
3.887900000000035106e+03 3.009317442774772644e-04
3.888800000000035197e+03 2.777743211481720209e-04
3.889700000000035288e+03 2.959741977974772453e-04
3.890600000000035379e+03 3.472235985100269318e-04
3.891500000000035470e+03 4.076461482327431440e-04
3.892400000000035561e+03 4.631973861251026392e-04
3.893300000000035652e+03 5.103267612867057323e-04
3.894200000000035743e+03 5.499774706549942493e-04
3.895100000000035834e+03 5.862615653313696384e-04
3.896000000000035925e+03 6.247847341001033783e-04
3.896900000000036016e+03 6.632530712522566319e-04
3.897800000000036107e+03 6.927851936779916286e-04
3.898700000000036198e+03 7.123879622668027878e-04
3.899600000000036289e+03 7.311422377824783325e-04
3.900500000000036380e+03 7.592159090563654900e-04
3.901400000000036471e+03 7.897103205323219299e-04
3.902300000000036562e+03 8.079833351075649261e-04
3.903200000000036653e+03 8.195627597160637379e-04
3.904100000000036744e+03 8.309714612551033497e-04
3.905000000000036835e+03 8.344507077708840370e-04
3.905900000000036925e+03 8.375654579140245914e-04
3.906800000000037016e+03 8.558070985600352287e-04
3.907700000000037107e+03 8.837640052661299706e-04
3.908600000000037198e+03 9.078974835574626923e-04
3.909500000000037289e+03 9.228196577169001102e-04
3.910400000000037380e+03 9.288603905588388443e-04
3.911300000000037471e+03 9.282033424824476242e-04
3.912200000000037562e+03 9.195284219458699226e-04
3.913100000000037653e+03 9.064376936294138432e-04
3.914000000000037744e+03 9.035175899043679237e-04
3.914900000000037835e+03 9.128768579103052616e-04
3.915800000000037926e+03 9.188902331516146660e-04
3.916700000000038017e+03 9.171639685519039631e-04
3.917600000000038108e+03 9.146769880317151546e-04
3.918500000000038199e+03 9.113706182688474655e-04
3.919400000000038290e+03 9.077939903363585472e-04
3.920300000000038381e+03 9.083207114599645138e-04
3.921200000000038472e+03 9.132995037361979485e-04
3.922100000000038563e+03 9.175645536743104458e-04
3.923000000000038654e+03 9.205424576066434383e-04
3.923900000000038744e+03 9.242831729352474213e-04
3.924800000000038835e+03 9.225158137269318104e-04
3.925700000000038926e+03 9.132967097684741020e-04
3.926600000000039017e+03 9.020225261338055134e-04
3.927500000000039108e+03 8.894172497093677521e-04
3.928400000000039199e+03 8.743773796595633030e-04
3.929300000000039290e+03 8.556548273190855980e-04
3.930200000000039381e+03 8.341080974787473679e-04
3.931100000000039472e+03 8.028462179936468601e-04
3.932000000000039563e+03 7.410195539705455303e-04
3.932900000000039654e+03 6.665652617812156677e-04
3.933800000000039745e+03 6.505030323751270771e-04
3.934700000000039836e+03 7.135794730857014656e-04
3.935600000000039927e+03 7.929392741061747074e-04
3.936500000000040018e+03 8.394779288209974766e-04
3.937400000000040109e+03 8.570387726649641991e-04
3.938300000000040200e+03 8.684230269864201546e-04
3.939200000000040291e+03 8.860459784045815468e-04
3.940100000000040382e+03 9.011417860165238380e-04
3.941000000000040473e+03 9.039698634296655655e-04
3.941900000000040563e+03 8.983816369436681271e-04
3.942800000000040654e+03 8.880161913111805916e-04
3.943700000000040745e+03 8.781361975707113743e-04
3.944600000000040836e+03 8.820985094644129276e-04
3.945500000000040927e+03 8.984497981145977974e-04
3.946400000000041018e+03 9.063922916539013386e-04
3.947300000000041109e+03 8.969684713520109653e-04
3.948200000000041200e+03 8.844198891893029213e-04
3.949100000000041291e+03 8.801496005617082119e-04
3.950000000000041382e+03 8.788495324552059174e-04
3.950900000000041473e+03 8.723314967937767506e-04
3.951800000000041564e+03 8.597165578976273537e-04
3.952700000000041655e+03 8.500099647790193558e-04
3.953600000000041746e+03 8.492011693306267262e-04
3.954500000000041837e+03 8.448619628325104713e-04
3.955400000000041928e+03 8.237580186687409878e-04
3.956300000000042019e+03 7.944886456243693829e-04
3.957200000000042110e+03 7.734716637060046196e-04
3.958100000000042201e+03 7.627290324307978153e-04
3.959000000000042292e+03 7.507363916374742985e-04
3.959900000000042382e+03 7.248440524563193321e-04
3.960800000000042473e+03 6.844078307040035725e-04
3.961700000000042564e+03 6.422304431907832623e-04
3.962600000000042655e+03 6.066703354008495808e-04
3.963500000000042746e+03 5.723354406654834747e-04
3.964400000000042837e+03 5.325191305018961430e-04
3.965300000000042928e+03 4.844975483138114214e-04
3.966200000000043019e+03 4.274249949958175421e-04
3.967100000000043110e+03 3.625489189289510250e-04
3.968000000000043201e+03 2.982571895699948072e-04
3.968900000000043292e+03 2.525108284316956997e-04
3.969800000000043383e+03 2.416579372948035598e-04
3.970700000000043474e+03 2.684420906007289886e-04
3.971600000000043565e+03 3.196906473021954298e-04
3.972500000000043656e+03 3.764364519156515598e-04
3.973400000000043747e+03 4.289203789085149765e-04
3.974300000000043838e+03 4.787582438439130783e-04
3.975200000000043929e+03 5.272473208606243134e-04
3.976100000000044020e+03 5.709517281502485275e-04
3.977000000000044110e+03 6.098479498177766800e-04
3.977900000000044201e+03 6.471797823905944824e-04
3.978800000000044292e+03 6.833639345131814480e-04
3.979700000000044383e+03 7.163712289184331894e-04
3.980600000000044474e+03 7.406586664728820324e-04
3.981500000000044565e+03 7.543599931523203850e-04
3.982400000000044656e+03 7.654468063265085220e-04
3.983300000000044747e+03 7.806208450347185135e-04
3.984200000000044838e+03 8.009279845282435417e-04
3.985100000000044929e+03 8.223513141274452209e-04
3.986000000000045020e+03 8.389446884393692017e-04
3.986900000000045111e+03 8.533639484085142612e-04
3.987800000000045202e+03 8.685669163241982460e-04
3.988700000000045293e+03 8.768900297582149506e-04
3.989600000000045384e+03 8.768755942583084106e-04
3.990500000000045475e+03 8.797661284916102886e-04
3.991400000000045566e+03 8.904656860977411270e-04
3.992300000000045657e+03 9.035174152813851833e-04
3.993200000000045748e+03 9.131052647717297077e-04
3.994100000000045839e+03 9.155102306976914406e-04
3.995000000000045929e+03 9.116269648075103760e-04
3.995900000000046020e+03 9.046355844475328922e-04
3.996800000000046111e+03 8.975870441645383835e-04
3.997700000000046202e+03 8.979921694844961166e-04
3.998600000000046293e+03 9.112105472013354301e-04
3.999500000000046384e+03 9.279855876229703426e-04
4.000400000000046475e+03 9.325038990937173367e-04
4.001300000000046566e+03 9.246380650438368320e-04
4.002200000000046657e+03 9.187377872876822948e-04
4.003100000000046748e+03 9.197990875691175461e-04
4.004000000000046839e+03 9.144226205535233021e-04
4.004900000000046930e+03 9.004785097204148769e-04
4.005800000000047021e+03 8.989922935143113136e-04
4.006700000000047112e+03 9.163334616459906101e-04
4.007600000000047203e+03 9.351695189252495766e-04
4.008500000000047294e+03 9.433424565941095352e-04
4.009400000000047385e+03 9.436285472474992275e-04
4.010300000000047476e+03 9.402266587130725384e-04
4.011200000000047567e+03 9.315421921201050282e-04
4.012100000000047658e+03 9.234776953235268593e-04
4.013000000000047748e+03 9.256195626221597195e-04
4.013900000000047839e+03 9.331504115834832191e-04
4.014800000000047930e+03 9.388517937622964382e-04
4.015700000000048021e+03 9.419181151315569878e-04
4.016600000000048112e+03 9.401821298524737358e-04
4.017500000000048203e+03 9.388937032781541348e-04
4.018400000000048294e+03 9.470823570154607296e-04
4.019300000000048385e+03 9.584860526956617832e-04
4.020200000000048476e+03 9.600796038284897804e-04
4.021100000000048567e+03 9.526603971607983112e-04
4.022000000000048658e+03 9.450500947423279285e-04
4.022900000000048749e+03 9.364707511849701405e-04
4.023800000000048840e+03 9.222365915775299072e-04
4.024700000000048931e+03 9.133105049841105938e-04
4.025600000000049022e+03 9.232647716999053955e-04
4.026500000000049113e+03 9.398786933161318302e-04
4.027400000000049204e+03 9.470325312577188015e-04
4.028300000000049295e+03 9.453011443838477135e-04
4.029200000000049386e+03 9.349168976768851280e-04
4.030100000000049477e+03 9.166437084786593914e-04
4.031000000000049567e+03 9.040801669470965862e-04
4.031900000000049658e+03 9.025417384691536427e-04
4.032800000000049749e+03 9.061907185241580009e-04
4.033700000000049840e+03 9.146114462055265903e-04
4.034600000000049931e+03 9.258897625841200352e-04
4.035500000000050022e+03 9.362449636682868004e-04
4.036400000000050113e+03 9.459274588152766228e-04
4.037300000000050204e+03 9.521641768515110016e-04
4.038200000000050295e+03 9.530279203318059444e-04
4.039100000000050386e+03 9.506968781352043152e-04
4.040000000000050477e+03 9.463182650506496429e-04
4.040900000000050568e+03 9.432850638404488564e-04
4.041800000000050659e+03 9.463527821935713291e-04
4.042700000000050750e+03 9.480041335336863995e-04
4.043600000000050841e+03 9.337802184745669365e-04
4.044500000000050932e+03 9.032824309542775154e-04
4.045400000000051023e+03 8.788860868662595749e-04
4.046300000000051114e+03 8.859412628225982189e-04
4.047200000000051205e+03 9.117356967180967331e-04
4.048100000000051296e+03 9.248888818547129631e-04
4.049000000000051386e+03 9.256703197024762630e-04
4.049900000000051477e+03 9.303012629970908165e-04
4.050800000000051568e+03 9.345102589577436447e-04
4.051700000000051659e+03 9.281281381845474243e-04
4.052600000000051750e+03 9.152235579676926136e-04
4.053500000000051841e+03 9.056843118742108345e-04
4.054400000000051932e+03 9.044043254107236862e-04
4.055300000000052023e+03 9.084807825274765491e-04
4.056200000000052114e+03 9.099438320845365524e-04
4.057100000000052205e+03 9.055638220161199570e-04
4.058000000000052296e+03 9.038828429765999317e-04
4.058900000000052387e+03 9.110010578297078609e-04
4.059800000000052478e+03 9.199142805300652981e-04
4.060700000000052569e+03 9.194934391416609287e-04
4.061600000000052660e+03 9.037248091772198677e-04
4.062500000000052751e+03 8.780691423453390598e-04
4.063400000000052842e+03 8.633780525997281075e-04
4.064300000000052933e+03 8.748339605517685413e-04
4.065200000000053024e+03 8.940808475017547607e-04
4.066100000000053114e+03 8.958788239397108555e-04
4.067000000000053205e+03 8.886442519724369049e-04
4.067900000000053296e+03 8.942032582126557827e-04
4.068800000000053387e+03 9.072442771866917610e-04
4.069700000000053478e+03 9.047723142430186272e-04
4.070600000000053569e+03 8.830562001094222069e-04
4.071500000000053660e+03 8.651264943182468414e-04
4.072400000000053751e+03 8.699116879142820835e-04
4.073300000000053842e+03 8.861707174219191074e-04
4.074200000000053933e+03 8.899046224541962147e-04
4.075100000000054024e+03 8.725740481168031693e-04
4.076000000000054115e+03 8.400379447266459465e-04
4.076900000000054206e+03 8.097186801023781300e-04
4.077800000000054297e+03 8.049529278650879860e-04
4.078700000000054388e+03 8.267936646007001400e-04
4.079600000000054479e+03 8.514624787494540215e-04
4.080500000000054570e+03 8.640318410471081734e-04
4.081400000000054661e+03 8.638601866550743580e-04
4.082300000000054752e+03 8.528537582606077194e-04
4.083200000000054843e+03 8.370776195079088211e-04
4.084100000000054933e+03 8.221893804147839546e-04
4.085000000000055024e+03 8.089775219559669495e-04
4.085900000000055115e+03 7.995167979970574379e-04
4.086800000000055206e+03 7.954775937832891941e-04
4.087700000000055297e+03 7.911634165793657303e-04
4.088600000000055388e+03 7.804008200764656067e-04
4.089500000000055479e+03 7.635070942342281342e-04
4.090400000000055570e+03 7.425684598274528980e-04
4.091300000000055661e+03 7.184207788668572903e-04
4.092200000000055752e+03 6.924411281943321228e-04
4.093100000000055843e+03 6.681688828393816948e-04
4.094000000000055934e+03 6.418541306629776955e-04
4.094900000000056025e+03 6.060292944312095642e-04
4.095800000000056116e+03 5.635745474137365818e-04
4.096700000000056207e+03 5.210773670114576817e-04
4.097600000000056752e+03 4.792320542037487030e-04
4.098500000000056389e+03 4.360418533906340599e-04
4.099400000000056025e+03 3.870478249154984951e-04
4.100300000000056571e+03 3.318409435451030731e-04
4.101200000000057116e+03 2.905801229644566774e-04
4.102100000000056752e+03 2.920499537140130997e-04
4.103000000000056389e+03 3.342205891385674477e-04
4.103900000000056934e+03 3.889034851454198360e-04
4.104800000000057480e+03 4.403713101055473089e-04
4.105700000000057116e+03 4.881031345576047897e-04
4.106600000000056752e+03 5.303374491631984711e-04
4.107500000000057298e+03 5.660902825184166431e-04
4.108400000000057844e+03 5.959937698207795620e-04
4.109300000000057480e+03 6.195586756803095341e-04
4.110200000000057116e+03 6.400451529771089554e-04
4.111100000000057662e+03 6.635273457504808903e-04
4.112000000000058208e+03 6.907102651894092560e-04
4.112900000000057844e+03 7.190249743871390820e-04
4.113800000000057480e+03 7.449257536791265011e-04
4.114700000000058026e+03 7.665643352083861828e-04
4.115600000000058571e+03 7.845934014767408371e-04
4.116500000000058208e+03 7.965000695548951626e-04
4.117400000000057844e+03 7.974780746735632420e-04
4.118300000000058390e+03 7.922319346107542515e-04
4.119200000000058935e+03 7.962869131006300449e-04
4.120100000000058571e+03 8.114763768389821053e-04
4.121000000000058208e+03 8.225950878113508224e-04
4.121900000000058753e+03 8.232290856540203094e-04
4.122800000000059299e+03 8.243559859693050385e-04
4.123700000000058935e+03 8.349088020622730255e-04
4.124600000000058571e+03 8.484213030897080898e-04
4.125500000000059117e+03 8.515529334545135498e-04
4.126400000000059663e+03 8.377197082154452801e-04
4.127300000000059299e+03 8.162406738847494125e-04
4.128200000000058935e+03 8.056574733927845955e-04
4.129100000000059481e+03 8.086748421192169189e-04
4.130000000000060027e+03 8.099051192402839661e-04
4.130900000000059663e+03 8.064788999035954475e-04
4.131800000000059299e+03 8.090393966995179653e-04
4.132700000000059845e+03 8.230336243286728859e-04
4.133600000000060390e+03 8.407809655182063580e-04
4.134500000000060027e+03 8.552207145839929581e-04
4.135400000000059663e+03 8.662972832098603249e-04
4.136300000000060209e+03 8.703399798832833767e-04
4.137200000000060754e+03 8.694837451912462711e-04
4.138100000000060390e+03 8.732575806789100170e-04
4.139000000000060027e+03 8.818964124657213688e-04
4.139900000000060572e+03 8.877443615347146988e-04
4.140800000000061118e+03 8.853222825564444065e-04
4.141700000000060754e+03 8.702978375367820263e-04
4.142600000000060390e+03 8.460257668048143387e-04
4.143500000000060936e+03 8.306280942633748055e-04
4.144400000000061482e+03 8.364613167941570282e-04
4.145300000000061118e+03 8.528599864803254604e-04
4.146200000000060754e+03 8.654650300741195679e-04
4.147100000000061300e+03 8.714005234651267529e-04
4.148000000000061846e+03 8.707084925845265388e-04
4.148900000000061482e+03 8.648580405861139297e-04
4.149800000000061118e+03 8.597119594924151897e-04
4.150700000000061664e+03 8.602168527431786060e-04
4.151600000000062209e+03 8.629816002212464809e-04
4.152500000000061846e+03 8.626575581729412079e-04
4.153400000000061482e+03 8.583281887695193291e-04
4.154300000000062028e+03 8.538744878023862839e-04
4.155200000000062573e+03 8.535377564840018749e-04
4.156100000000062209e+03 8.545822929590940475e-04
4.157000000000061846e+03 8.571245707571506500e-04
4.157900000000062391e+03 8.639770094305276871e-04
4.158800000000062937e+03 8.713626884855329990e-04
4.159700000000062573e+03 8.716158918105065823e-04
4.160600000000062209e+03 8.639767183922231197e-04
4.161500000000062755e+03 8.608742500655353069e-04
4.162400000000063301e+03 8.670460083521902561e-04
4.163300000000062937e+03 8.723980863578617573e-04
4.164200000000062573e+03 8.765549282543361187e-04
4.165100000000063119e+03 8.797515183687210083e-04
4.166000000000063665e+03 8.758235489949584007e-04
4.166900000000063301e+03 8.690314134582877159e-04
4.167800000000062937e+03 8.714437717571854591e-04
4.168700000000063483e+03 8.791493601165711880e-04
4.169600000000064028e+03 8.750553824938833714e-04
4.170500000000063665e+03 8.554884116165339947e-04
4.171400000000063301e+03 8.298365282826125622e-04
4.172300000000063847e+03 8.093963842839002609e-04
4.173200000000064392e+03 8.060539257712662220e-04
4.174100000000064028e+03 8.230575476773083210e-04
4.175000000000063665e+03 8.439543307758867741e-04
4.175900000000064210e+03 8.493922068737447262e-04
4.176800000000064756e+03 8.359434432350099087e-04
4.177700000000064392e+03 8.176919072866439819e-04
4.178600000000064028e+03 8.146760519593954086e-04
4.179500000000064574e+03 8.316657040268182755e-04
4.180400000000065120e+03 8.499399409629404545e-04
4.181300000000064756e+03 8.538104011677205563e-04
4.182200000000064392e+03 8.516398374922573566e-04
4.183100000000064938e+03 8.524050936102867126e-04
4.184000000000065484e+03 8.575241081416606903e-04
4.184900000000065120e+03 8.660986204631626606e-04
4.185800000000064756e+03 8.660373860038816929e-04
4.186700000000065302e+03 8.511424530297517776e-04
4.187600000000065847e+03 8.405671105720102787e-04
4.188500000000065484e+03 8.488113526254892349e-04
4.189400000000065120e+03 8.615596452727913857e-04
4.190300000000065666e+03 8.623480680398643017e-04
4.191200000000066211e+03 8.574531530030071735e-04
4.192100000000065847e+03 8.625321206636726856e-04
4.193000000000065484e+03 8.736670715734362602e-04
4.193900000000066029e+03 8.740327903069555759e-04
4.194800000000066575e+03 8.620527805760502815e-04
4.195700000000066211e+03 8.499895338900387287e-04
4.196600000000065847e+03 8.418060606345534325e-04
4.197500000000066393e+03 8.301855996251106262e-04
4.198400000000066939e+03 8.211459498852491379e-04
4.199300000000066575e+03 8.275807485915720463e-04
4.200200000000066211e+03 8.396013290621340275e-04
4.201100000000066757e+03 8.391283336095511913e-04
4.202000000000067303e+03 8.331377175636589527e-04
4.202900000000066939e+03 8.351983269676566124e-04
4.203800000000066575e+03 8.377771591767668724e-04
4.204700000000067121e+03 8.351317956112325191e-04
4.205600000000067666e+03 8.372533484362065792e-04
4.206500000000067303e+03 8.458193624392151833e-04
4.207400000000066939e+03 8.527215686626732349e-04
4.208300000000067485e+03 8.533752406947314739e-04
4.209200000000068030e+03 8.505409932695329189e-04
4.210100000000067666e+03 8.510626503266394138e-04
4.211000000000067303e+03 8.580396533943712711e-04
4.211900000000067848e+03 8.656123536638915539e-04
4.212800000000068394e+03 8.659778977744281292e-04
4.213700000000068030e+03 8.524651639163494110e-04
4.214600000000067666e+03 8.268179954029619694e-04
4.215500000000068212e+03 8.102683932520449162e-04
4.216400000000068758e+03 8.225253550335764885e-04
4.217300000000068394e+03 8.493463392369449139e-04
4.218200000000068030e+03 8.659872692078351974e-04
4.219100000000068576e+03 8.690249524079263210e-04
4.220000000000069122e+03 8.693467243574559689e-04
4.220900000000068758e+03 8.705854997970163822e-04
4.221800000000068394e+03 8.665991481393575668e-04
4.222700000000068940e+03 8.556153625249862671e-04
4.223600000000069485e+03 8.399861399084329605e-04
4.224500000000069122e+03 8.218617876991629601e-04
4.225400000000068758e+03 8.027913863770663738e-04
4.226300000000069303e+03 7.870943518355488777e-04
4.227200000000069849e+03 7.917095790617167950e-04
4.228100000000069485e+03 8.212142274715006351e-04
4.229000000000069122e+03 8.519053808413445950e-04
4.229900000000069667e+03 8.673281408846378326e-04
4.230800000000070213e+03 8.677826845087110996e-04
4.231700000000069849e+03 8.491652552038431168e-04
4.232600000000069485e+03 8.195796981453895569e-04
4.233500000000070031e+03 8.092604111880064011e-04
4.234400000000070577e+03 8.223199984058737755e-04
4.235300000000070213e+03 8.316503372043371201e-04
4.236200000000069849e+03 8.328972035087645054e-04
4.237100000000070395e+03 8.363334345631301403e-04
4.238000000000070941e+03 8.366652182303369045e-04
4.238900000000070577e+03 8.337824256159365177e-04
4.239800000000070213e+03 8.362364023923873901e-04
4.240700000000070759e+03 8.425643900409340858e-04
4.241600000000071304e+03 8.440219680778682232e-04
4.242500000000070941e+03 8.434042101725935936e-04
4.243400000000070577e+03 8.503657300025224686e-04
4.244300000000071122e+03 8.588063064962625504e-04
4.245200000000071668e+03 8.549040067009627819e-04
4.246100000000071304e+03 8.401799132116138935e-04
4.247000000000070941e+03 8.303397917188704014e-04
4.247900000000071486e+03 8.327584364451467991e-04
4.248800000000072032e+03 8.340495987795293331e-04
4.249700000000071668e+03 8.228942169807851315e-04
4.250600000000071304e+03 8.119777776300907135e-04
4.251500000000071850e+03 8.162387530319392681e-04
4.252400000000072396e+03 8.253276464529335499e-04
4.253300000000072032e+03 8.248022641055285931e-04
4.254200000000071668e+03 8.207302889786660671e-04
4.255100000000072214e+03 8.255308493971824646e-04
4.256000000000072760e+03 8.370965369977056980e-04
4.256900000000072396e+03 8.424143888987600803e-04
4.257800000000072032e+03 8.353845914825797081e-04
4.258700000000072578e+03 8.219783776439726353e-04
4.259600000000073123e+03 8.083683787845075130e-04
4.260500000000072760e+03 7.995424093678593636e-04
4.261400000000072396e+03 8.049316238611936569e-04
4.262300000000072941e+03 8.243171032518148422e-04
4.263200000000073487e+03 8.433380862697958946e-04
4.264100000000073123e+03 8.536622044630348682e-04
4.265000000000072760e+03 8.585925679653882980e-04
4.265900000000073305e+03 8.591710939072072506e-04
4.266800000000073851e+03 8.526458404958248138e-04
4.267700000000073487e+03 8.404222317039966583e-04
4.268600000000073123e+03 8.279662579298019409e-04
4.269500000000073669e+03 8.155098184943199158e-04
4.270400000000074215e+03 7.975300541147589684e-04
4.271300000000073851e+03 7.798915612511336803e-04
4.272200000000073487e+03 7.790956296958029270e-04
4.273100000000074033e+03 7.908811094239354134e-04
4.274000000000074579e+03 7.961628725752234459e-04
4.274900000000074215e+03 7.974046166054904461e-04
4.275800000000073851e+03 8.082710555754601955e-04
4.276700000000074397e+03 8.241501054726541042e-04
4.277600000000074942e+03 8.324586669914424419e-04
4.278500000000074579e+03 8.326332317665219307e-04
4.279400000000074215e+03 8.264888892881572247e-04
4.280300000000074760e+03 8.175158873200416565e-04
4.281200000000075306e+03 8.120252750813961029e-04
4.282100000000074942e+03 8.093856158666312695e-04
4.283000000000074579e+03 8.081099949777126312e-04
4.283900000000075124e+03 8.096924866549670696e-04
4.284800000000075670e+03 8.112990180961787701e-04
4.285700000000075306e+03 8.114646770991384983e-04
4.286600000000074942e+03 8.111376082524657249e-04
4.287500000000075488e+03 8.063654531724750996e-04
4.288400000000076034e+03 7.893767906352877617e-04
4.289300000000075670e+03 7.650434854440391064e-04
4.290200000000075306e+03 7.576856878586113453e-04
4.291100000000075852e+03 7.753819809295237064e-04
4.292000000000076398e+03 7.966478588059544563e-04
4.292900000000076034e+03 8.024154230952262878e-04
4.293800000000075670e+03 7.942068623378872871e-04
4.294700000000076216e+03 7.866923697292804718e-04
4.295600000000076761e+03 7.839550380595028400e-04
4.296500000000076398e+03 7.824422791600227356e-04
4.297400000000076034e+03 7.795099518261849880e-04
4.298300000000076579e+03 7.655812660232186317e-04
4.299200000000077125e+03 7.416347507387399673e-04
4.300100000000076761e+03 7.293499656952917576e-04
4.301000000000076398e+03 7.341303862631320953e-04
4.301900000000076943e+03 7.378113223239779472e-04
4.302800000000077489e+03 7.392599363811314106e-04
4.303700000000077125e+03 7.488284609280526638e-04
4.304600000000076761e+03 7.581719546578824520e-04
4.305500000000077307e+03 7.575730560347437859e-04
4.306400000000077853e+03 7.475136080756783485e-04
4.307300000000077489e+03 7.315144757740199566e-04
4.308200000000077125e+03 7.227169116958975792e-04
4.309100000000077671e+03 7.320759468711912632e-04
4.310000000000078217e+03 7.509490242227911949e-04
4.310900000000077853e+03 7.636893424205482006e-04
4.311800000000077489e+03 7.615042268298566341e-04
4.312700000000078035e+03 7.489873096346855164e-04
4.313600000000078580e+03 7.355946581810712814e-04
4.314500000000078217e+03 7.313353708013892174e-04
4.315400000000077853e+03 7.468833937309682369e-04
4.316300000000078398e+03 7.709148339927196503e-04
4.317200000000078944e+03 7.815275457687675953e-04
4.318100000000078580e+03 7.770395022816956043e-04
4.319000000000078217e+03 7.664459990337491035e-04
4.319900000000078762e+03 7.530632428824901581e-04
4.320800000000079308e+03 7.418020977638661861e-04
4.321700000000078944e+03 7.392042898572981358e-04
4.322600000000078580e+03 7.356241112574934959e-04
4.323500000000079126e+03 7.157364161685109138e-04
4.324400000000079672e+03 6.807753816246986389e-04
4.325300000000079308e+03 6.490187370218336582e-04
4.326200000000078944e+03 6.412618095055222511e-04
4.327100000000079490e+03 6.561872432939708233e-04
4.328000000000080036e+03 6.710230372846126556e-04
4.328900000000079672e+03 6.671350565738976002e-04
4.329800000000079308e+03 6.445813341997563839e-04
4.330700000000079854e+03 6.184490630403161049e-04
4.331600000000080399e+03 6.003155722282826900e-04
4.332500000000080036e+03 5.835809279233217239e-04
4.333400000000079672e+03 5.618177819997072220e-04
4.334300000000080217e+03 5.380318034440279007e-04
4.335200000000080763e+03 5.112921935506165028e-04
4.336100000000080399e+03 4.724263853859156370e-04
4.337000000000080036e+03 4.200429248157888651e-04
4.337900000000080581e+03 3.673284372780472040e-04
4.338800000000081127e+03 3.205791290383785963e-04
4.339700000000080763e+03 2.818915236275643110e-04
4.340600000000080399e+03 2.730845881160348654e-04
4.341500000000080945e+03 3.080014721490442753e-04
4.342400000000081491e+03 3.612677974160760641e-04
4.343300000000081127e+03 4.043001681566238403e-04
4.344200000000080763e+03 4.394752322696149349e-04
4.345100000000081309e+03 4.770977830048650503e-04
4.346000000000081855e+03 5.119131528772413731e-04
4.346900000000081491e+03 5.396279157139360905e-04
4.347800000000081127e+03 5.676359869539737701e-04
4.348700000000081673e+03 5.973345250822603703e-04
4.349600000000082218e+03 6.153020658530294895e-04
4.350500000000081855e+03 6.110145477578043938e-04
4.351400000000081491e+03 6.011432269588112831e-04
4.352300000000082036e+03 6.129203247837722301e-04
4.353200000000082582e+03 6.442661979235708714e-04
4.354100000000082218e+03 6.723122205585241318e-04
4.355000000000081855e+03 6.904489709995687008e-04
4.355900000000082400e+03 7.057660259306430817e-04
4.356800000000082946e+03 7.178570376709103584e-04
4.357700000000082582e+03 7.216759840957820415e-04
4.358600000000082218e+03 7.195915095508098602e-04
4.359500000000082764e+03 7.221631822176277637e-04
4.360400000000083310e+03 7.344975601881742477e-04
4.361300000000082946e+03 7.482646615244448185e-04
4.362200000000082582e+03 7.562273531220853329e-04
4.363100000000083128e+03 7.619759417138993740e-04
4.364000000000083674e+03 7.720035500824451447e-04
4.364900000000083310e+03 7.824845379218459129e-04
4.365800000000082946e+03 7.823349442332983017e-04
4.366700000000083492e+03 7.688383921049535275e-04
4.367600000000084037e+03 7.542502717114984989e-04
4.368500000000083674e+03 7.512647425755858421e-04
4.369400000000083310e+03 7.579136872664093971e-04
4.370300000000083855e+03 7.668644539080560207e-04
4.371200000000084401e+03 7.757414132356643677e-04
4.372100000000084037e+03 7.807151996530592442e-04
4.373000000000083674e+03 7.730982033535838127e-04
4.373900000000084219e+03 7.546169799752533436e-04
4.374800000000084765e+03 7.441932684741914272e-04
4.375700000000084401e+03 7.542732055298984051e-04
4.376600000000084037e+03 7.766079506836831570e-04
4.377500000000084583e+03 7.946623954921960831e-04
4.378400000000085129e+03 8.004802512004971504e-04
4.379300000000084765e+03 7.961877272464334965e-04
4.380200000000084401e+03 7.906448445282876492e-04
4.381100000000084947e+03 7.848225650377571583e-04
4.382000000000085493e+03 7.645283476449549198e-04
4.382900000000085129e+03 7.265349267981946468e-04
4.383800000000084765e+03 6.956597208045423031e-04
4.384700000000085311e+03 6.971518741920590401e-04
4.385600000000085856e+03 7.257563411258161068e-04
4.386500000000085493e+03 7.542878738604485989e-04
4.387400000000085129e+03 7.665143930353224277e-04
4.388300000000085674e+03 7.688266923651099205e-04
4.389200000000086220e+03 7.658268441446125507e-04
4.390100000000085856e+03 7.583351689390838146e-04
4.391000000000085493e+03 7.581634563393890858e-04
4.391900000000086038e+03 7.694772793911397457e-04
4.392800000000086584e+03 7.760018343105912209e-04
4.393700000000086220e+03 7.653452921658754349e-04
4.394600000000085856e+03 7.509805145673453808e-04
4.395500000000086402e+03 7.562623359262943268e-04
4.396400000000086948e+03 7.799332379363477230e-04
4.397300000000086584e+03 7.962074014358222485e-04
4.398200000000086220e+03 7.927078986540436745e-04
4.399100000000086766e+03 7.778592989780008793e-04
4.400000000000087311e+03 7.652239291928708553e-04
4.400900000000086948e+03 7.666494348086416721e-04
4.401800000000086584e+03 7.803717744536697865e-04
4.402700000000087130e+03 7.855479489080607891e-04
4.403600000000087675e+03 7.688983459956943989e-04
4.404500000000087311e+03 7.494451710954308510e-04
4.405400000000086948e+03 7.516998448409140110e-04
4.406300000000087493e+03 7.665375596843659878e-04
4.407200000000088039e+03 7.707033655606210232e-04
4.408100000000087675e+03 7.658294634893536568e-04
4.409000000000087311e+03 7.678512483835220337e-04
4.409900000000087857e+03 7.787363138049840927e-04
4.410800000000088403e+03 7.888897089287638664e-04
4.411700000000088039e+03 7.953142630867660046e-04
4.412600000000087675e+03 7.957160705700516701e-04
4.413500000000088221e+03 7.839665049687027931e-04
4.414400000000088767e+03 7.619106909260153770e-04
4.415300000000088403e+03 7.450755801983177662e-04
4.416200000000088039e+03 7.415858563035726547e-04
4.417100000000088585e+03 7.470937562175095081e-04
4.418000000000089130e+03 7.602567202411592007e-04
4.418900000000088767e+03 7.790086092427372932e-04
4.419800000000088403e+03 7.921828655526041985e-04
4.420700000000088949e+03 7.893778383731842041e-04
4.421600000000089494e+03 7.738685235381126404e-04
4.422500000000089130e+03 7.617133087478578091e-04
4.423400000000088767e+03 7.647724123671650887e-04
4.424300000000089312e+03 7.761028246022760868e-04
4.425200000000089858e+03 7.825683569535613060e-04
4.426100000000089494e+03 7.814571144990622997e-04
4.427000000000089130e+03 7.770822849124670029e-04
4.427900000000089676e+03 7.755035185255110264e-04
4.428800000000090222e+03 7.739863358438014984e-04
4.429700000000089858e+03 7.667783647775650024e-04
4.430600000000089494e+03 7.626398582942783833e-04
4.431500000000090040e+03 7.680288399569690228e-04
4.432400000000090586e+03 7.698016124777495861e-04
4.433300000000090222e+03 7.595237111672759056e-04
4.434200000000089858e+03 7.458235486410558224e-04
4.435100000000090404e+03 7.409471436403691769e-04
4.436000000000090949e+03 7.508990820497274399e-04
4.436900000000090586e+03 7.700084242969751358e-04
4.437800000000090222e+03 7.864079088903963566e-04
4.438700000000090768e+03 7.942687370814383030e-04
4.439600000000091313e+03 7.925779791548848152e-04
4.440500000000090949e+03 7.808672962710261345e-04
4.441400000000090586e+03 7.612549234181642532e-04
4.442300000000091131e+03 7.394578424282371998e-04
4.443200000000091677e+03 7.273633964359760284e-04
4.444100000000091313e+03 7.370712119154632092e-04
4.445000000000090949e+03 7.617392111569643021e-04
4.445900000000091495e+03 7.776836282573640347e-04
4.446800000000092041e+03 7.764289039187133312e-04
4.447700000000091677e+03 7.732316735200583935e-04
4.448600000000091313e+03 7.731529767625033855e-04
4.449500000000091859e+03 7.660086848773062229e-04
4.450400000000092405e+03 7.578916265629231930e-04
4.451300000000092041e+03 7.615961949340999126e-04
4.452200000000091677e+03 7.696704706177115440e-04
4.453100000000092223e+03 7.671941420994699001e-04
4.454000000000092768e+03 7.520086946897208691e-04
4.454900000000092405e+03 7.375924033112823963e-04
4.455800000000092041e+03 7.375458953902125359e-04
4.456700000000092587e+03 7.461663917638361454e-04
4.457600000000093132e+03 7.496806792914867401e-04
4.458500000000092768e+03 7.469715783372521400e-04
4.459400000000092405e+03 7.444882648997008801e-04
4.460300000000092950e+03 7.413270650431513786e-04
4.461200000000093496e+03 7.354447152465581894e-04
4.462100000000093132e+03 7.379751768894493580e-04
4.463000000000092768e+03 7.503412780351936817e-04
4.463900000000093314e+03 7.565553532913327217e-04
4.464800000000093860e+03 7.531350711360573769e-04
4.465700000000093496e+03 7.491958094760775566e-04
4.466600000000093132e+03 7.457993924617767334e-04
4.467500000000093678e+03 7.391836261376738548e-04
4.468400000000094224e+03 7.320303702726960182e-04
4.469300000000093860e+03 7.317700074054300785e-04
4.470200000000093496e+03 7.374432752840220928e-04
4.471100000000094042e+03 7.417754386551678181e-04
4.472000000000094587e+03 7.460151100531220436e-04
4.472900000000094224e+03 7.547659915871918201e-04
4.473800000000093860e+03 7.639789255335927010e-04
4.474700000000094406e+03 7.664374425075948238e-04
4.475600000000094951e+03 7.659214315935969353e-04
4.476500000000094587e+03 7.716501131653785706e-04
4.477400000000094224e+03 7.787811337038874626e-04
4.478300000000094769e+03 7.726929034106433392e-04
4.479200000000095315e+03 7.415832369588315487e-04
4.480100000000094951e+03 6.909485091455280781e-04
4.481000000000094587e+03 6.580356857739388943e-04
4.481900000000095133e+03 6.743666017428040504e-04
4.482800000000095679e+03 7.189063471741974354e-04
4.483700000000095315e+03 7.531212177127599716e-04
4.484600000000094951e+03 7.686765748076140881e-04
4.485500000000095497e+03 7.744492613710463047e-04
4.486400000000096043e+03 7.720584981143474579e-04
4.487300000000095679e+03 7.578651420772075653e-04
4.488200000000095315e+03 7.374604465439915657e-04
4.489100000000095861e+03 7.252725190483033657e-04
4.490000000000096406e+03 7.264638552442193031e-04
4.490900000000096043e+03 7.358904695138335228e-04
4.491800000000095679e+03 7.484729285351932049e-04
4.492700000000096225e+03 7.556239143013954163e-04
4.493600000000096770e+03 7.494249730370938778e-04
4.494500000000096406e+03 7.395919528789818287e-04
4.495400000000096043e+03 7.389566162601113319e-04
4.496300000000096588e+03 7.454816950485110283e-04
4.497200000000097134e+03 7.546228589490056038e-04
4.498100000000096770e+03 7.620476535521447659e-04
4.499000000000096406e+03 7.610394968651235104e-04
4.499900000000096952e+03 7.495427853427827358e-04
4.500800000000097498e+03 7.358820294030010700e-04
4.501700000000097134e+03 7.374134147539734840e-04
4.502600000000096770e+03 7.569222943857312202e-04
4.503500000000097316e+03 7.760511361993849277e-04
4.504400000000097862e+03 7.822655607014894485e-04
4.505300000000097498e+03 7.777072023600339890e-04
4.506200000000097134e+03 7.660695700906217098e-04
4.507100000000097680e+03 7.512292359024286270e-04
4.508000000000098225e+03 7.434602011926472187e-04
4.508900000000097862e+03 7.496541948057711124e-04
4.509800000000097498e+03 7.618663948960602283e-04
4.510700000000098044e+03 7.675297674722969532e-04
4.511600000000098589e+03 7.645587902516126633e-04
4.512500000000098225e+03 7.572273025289177895e-04
4.513400000000097862e+03 7.449449622072279453e-04
4.514300000000098407e+03 7.294332608580589294e-04
4.515200000000098953e+03 7.247180328704416752e-04
4.516100000000098589e+03 7.357742288149893284e-04
4.517000000000098225e+03 7.466316455975174904e-04
4.517900000000098771e+03 7.471118005923926830e-04
4.518800000000099317e+03 7.428993703797459602e-04
4.519700000000098953e+03 7.408286328427493572e-04
4.520600000000098589e+03 7.416076841764152050e-04
4.521500000000099135e+03 7.369816885329782963e-04
4.522400000000099681e+03 7.261485443450510502e-04
4.523300000000099317e+03 7.246148306876420975e-04
4.524200000000098953e+03 7.308530039153993130e-04
4.525100000000099499e+03 7.306892075575888157e-04
4.526000000000100044e+03 7.254056399688124657e-04
4.526900000000099681e+03 7.199055980890989304e-04
4.527800000000099317e+03 7.131413440220057964e-04
4.528700000000099863e+03 7.085549295879900455e-04
4.529600000000100408e+03 7.115703192539513111e-04
4.530500000000100044e+03 7.191678159870207310e-04
4.531400000000099681e+03 7.255619275383651257e-04
4.532300000000100226e+03 7.231333293020725250e-04
4.533200000000100772e+03 7.083239033818244934e-04
4.534100000000100408e+03 6.980533362366259098e-04
4.535000000000100044e+03 7.062146323733031750e-04
4.535900000000100590e+03 7.266133325174450874e-04
4.536800000000101136e+03 7.475069141946732998e-04
4.537700000000100772e+03 7.560427766293287277e-04
4.538600000000100408e+03 7.477572653442621231e-04
4.539500000000100954e+03 7.324590114876627922e-04
4.540400000000101500e+03 7.206711452454328537e-04
4.541300000000101136e+03 7.205182337202131748e-04
4.542200000000100772e+03 7.325415499508380890e-04
4.543100000000101318e+03 7.427971577271819115e-04
4.544000000000101863e+03 7.397377048619091511e-04
4.544900000000101500e+03 7.315018447116017342e-04
4.545800000000101136e+03 7.311204681172966957e-04
4.546700000000101682e+03 7.345291087403893471e-04
4.547600000000102227e+03 7.244008011184632778e-04
4.548500000000101863e+03 6.950627430342137814e-04
4.549400000000101500e+03 6.747784791514277458e-04
4.550300000000102045e+03 6.899571162648499012e-04
4.551200000000102591e+03 7.186227012425661087e-04
4.552100000000102227e+03 7.285904721356928349e-04
4.553000000000101863e+03 7.193258497864007950e-04
4.553900000000102409e+03 7.024926017038524151e-04
4.554800000000102955e+03 6.897256826050579548e-04
4.555700000000102591e+03 6.933547556400299072e-04
4.556600000000102227e+03 7.094996981322765350e-04
4.557500000000102773e+03 7.184776477515697479e-04
4.558400000000103319e+03 7.186146685853600502e-04
4.559300000000102955e+03 7.244472508318722248e-04
4.560200000000102591e+03 7.352618267759680748e-04
4.561100000000103137e+03 7.413347484543919563e-04
4.562000000000103682e+03 7.373179541900753975e-04
4.562900000000103319e+03 7.218737737275660038e-04
4.563800000000102955e+03 7.058755145408213139e-04
4.564700000000103500e+03 7.023574435152113438e-04
4.565600000000104046e+03 7.111130980774760246e-04
4.566500000000103682e+03 7.268171757459640503e-04
4.567400000000103319e+03 7.408636156469583511e-04
4.568300000000103864e+03 7.453882135450839996e-04
4.569200000000104410e+03 7.415990112349390984e-04
4.570100000000104046e+03 7.291804649867117405e-04
4.571000000000103682e+03 7.086191908456385136e-04
4.571900000000104228e+03 6.990303518250584602e-04
4.572800000000104774e+03 7.137630600482225418e-04
4.573700000000104410e+03 7.312386878766119480e-04
4.574600000000104046e+03 7.317112176679074764e-04
4.575500000000104592e+03 7.237224490381777287e-04
4.576400000000105138e+03 7.217932143248617649e-04
4.577300000000104774e+03 7.256476092152297497e-04
4.578200000000104410e+03 7.241964922286570072e-04
4.579100000000104956e+03 7.145945564843714237e-04
4.580000000000105501e+03 7.057802285999059677e-04
4.580900000000105138e+03 7.023461512289941311e-04
4.581800000000104774e+03 6.975077558308839798e-04
4.582700000000105319e+03 6.875288090668618679e-04
4.583600000000105865e+03 6.834057858213782310e-04
4.584500000000105501e+03 6.943095359019935131e-04
4.585400000000105138e+03 7.075663888826966286e-04
4.586300000000105683e+03 7.100320653989911079e-04
4.587200000000106229e+03 7.059001945890486240e-04
4.588100000000105865e+03 7.054391317069530487e-04
4.589000000000105501e+03 7.107089040800929070e-04
4.589900000000106047e+03 7.136974600143730640e-04
4.590800000000106593e+03 7.089737919159233570e-04
4.591700000000106229e+03 7.026612292975187302e-04
4.592600000000105865e+03 7.045082747936248779e-04
4.593500000000106411e+03 7.109171128831803799e-04
4.594400000000106957e+03 7.112351595424115658e-04
4.595300000000106593e+03 7.069872808642685413e-04
4.596200000000106229e+03 7.066560792736709118e-04
4.597100000000106775e+03 7.098212954588234425e-04
4.598000000000107320e+03 7.130187004804611206e-04
4.598900000000106957e+03 7.154003251343965530e-04
4.599800000000106593e+03 7.125822594389319420e-04
4.600700000000107138e+03 7.081901421770453453e-04
4.601600000000107684e+03 7.102522067725658417e-04
4.602500000000107320e+03 7.141106179915368557e-04
4.603400000000106957e+03 7.139982772059738636e-04
4.604300000000107502e+03 7.105734548531472683e-04
4.605200000000108048e+03 7.078597554937005043e-04
4.606100000000107684e+03 7.105791592039167881e-04
4.607000000000107320e+03 7.188775343820452690e-04
4.607900000000107866e+03 7.292376249097287655e-04
4.608800000000108412e+03 7.357231224887073040e-04
4.609700000000108048e+03 7.335364352911710739e-04
4.610600000000107684e+03 7.251043571159243584e-04
4.611500000000108230e+03 7.180838729254901409e-04
4.612400000000108776e+03 7.148216827772557735e-04
4.613300000000108412e+03 7.134905899874866009e-04
4.614200000000108048e+03 7.151078898459672928e-04
4.615100000000108594e+03 7.149903685785830021e-04
4.616000000000109139e+03 7.107713026925921440e-04
4.616900000000108776e+03 7.095074397511780262e-04
4.617800000000108412e+03 7.072733715176582336e-04
4.618700000000108957e+03 6.985988584347069263e-04
4.619600000000109503e+03 6.950467359274625778e-04
4.620500000000109139e+03 7.024255464784801006e-04
4.621400000000108776e+03 7.114394684322178364e-04
4.622300000000109321e+03 7.166431751102209091e-04
4.623200000000109867e+03 7.197275990620255470e-04
4.624100000000109503e+03 7.187404553405940533e-04
4.625000000000109139e+03 7.125558913685381413e-04
4.625900000000109685e+03 7.087495760060846806e-04
4.626800000000110231e+03 7.098937057889997959e-04
4.627700000000109867e+03 7.068383274599909782e-04
4.628600000000109503e+03 6.967913941480219364e-04
4.629500000000110049e+03 6.941870087757706642e-04
4.630400000000110595e+03 7.061368087306618690e-04
4.631300000000110231e+03 7.179734529927372932e-04
4.632200000000109867e+03 7.143242401070892811e-04
4.633100000000110413e+03 6.994779687374830246e-04
4.634000000000110958e+03 6.892766105011105537e-04
4.634900000000110595e+03 6.909436779096722603e-04
4.635800000000110231e+03 6.981326150707900524e-04
4.636700000000110776e+03 7.002871134318411350e-04
4.637600000000111322e+03 6.971376715227961540e-04
4.638500000000110958e+03 6.954606506042182446e-04
4.639400000000110595e+03 6.947151268832385540e-04
4.640300000000111140e+03 6.949038943275809288e-04
4.641200000000111686e+03 6.996782612986862659e-04
4.642100000000111322e+03 7.043364457786083221e-04
4.643000000000110958e+03 7.036077440716326237e-04
4.643900000000111504e+03 7.001042831689119339e-04
4.644800000000112050e+03 6.946630310267210007e-04
4.645700000000111686e+03 6.844933959655463696e-04
4.646600000000111322e+03 6.750549073331058025e-04
4.647500000000111868e+03 6.737165967933833599e-04
4.648400000000112414e+03 6.798645481467247009e-04
4.649300000000112050e+03 6.894192192703485489e-04
4.650200000000111686e+03 6.979647441767156124e-04
4.651100000000112232e+03 7.022504578344523907e-04
4.652000000000112777e+03 7.044794620014727116e-04
4.652900000000112414e+03 7.044974481686949730e-04
4.653800000000112050e+03 6.979017052799463272e-04
4.654700000000112595e+03 6.884931935928761959e-04
4.655600000000113141e+03 6.822071736678481102e-04
4.656500000000112777e+03 6.810026243329048157e-04
4.657400000000112414e+03 6.896307459101080894e-04
4.658300000000112959e+03 7.055329042486846447e-04
4.659200000000113505e+03 7.172200130298733711e-04
4.660100000000113141e+03 7.187416777014732361e-04
4.661000000000112777e+03 7.116894121281802654e-04
4.661900000000113323e+03 6.994752329774200916e-04
4.662800000000113869e+03 6.874435930512845516e-04
4.663700000000113505e+03 6.825983873568475246e-04
4.664600000000113141e+03 6.830843049101531506e-04
4.665500000000113687e+03 6.759262760169804096e-04
4.666400000000114233e+03 6.598946638405323029e-04
4.667300000000113869e+03 6.501739262603223324e-04
4.668200000000113505e+03 6.545849610120058060e-04
4.669100000000114051e+03 6.656817859038710594e-04
4.670000000000114596e+03 6.769981118850409985e-04
4.670900000000114233e+03 6.865073228254914284e-04
4.671800000000113869e+03 6.899858126416802406e-04
4.672700000000114414e+03 6.875183898955583572e-04
4.673600000000114960e+03 6.859668064862489700e-04
4.674500000000114596e+03 6.892319070175290108e-04
4.675400000000114233e+03 6.959370221011340618e-04
4.676300000000114778e+03 7.008799584582448006e-04
4.677200000000115324e+03 6.980553152970969677e-04
4.678100000000114960e+03 6.891082739457488060e-04
4.679000000000114596e+03 6.822328432463109493e-04
4.679900000000115142e+03 6.801315466873347759e-04
4.680800000000115688e+03 6.800423143431544304e-04
4.681700000000115324e+03 6.815188680775463581e-04
4.682600000000114960e+03 6.858574924990534782e-04
4.683500000000115506e+03 6.900419248268008232e-04
4.684400000000116052e+03 6.904621259309351444e-04
4.685300000000115688e+03 6.902805180288851261e-04
4.686200000000115324e+03 6.910822703503072262e-04
4.687100000000115870e+03 6.892664823681116104e-04
4.688000000000116415e+03 6.854090606793761253e-04
4.688900000000116052e+03 6.840811111032962799e-04
4.689800000000115688e+03 6.848593475297093391e-04
4.690700000000116233e+03 6.831935606896877289e-04
4.691600000000116779e+03 6.809711339883506298e-04
4.692500000000116415e+03 6.814940134063363075e-04
4.693400000000116052e+03 6.834897212684154510e-04
4.694300000000116597e+03 6.865016184747219086e-04
4.695200000000117143e+03 6.911394884809851646e-04
4.696100000000116779e+03 6.930252420715987682e-04
4.697000000000116415e+03 6.864244351163506508e-04
4.697900000000116961e+03 6.743516423739492893e-04
4.698800000000117507e+03 6.674497853964567184e-04
4.699700000000117143e+03 6.700436933897435665e-04
4.700600000000116779e+03 6.744681741110980511e-04
4.701500000000117325e+03 6.721200188621878624e-04
4.702400000000117871e+03 6.656522164121270180e-04
4.703300000000117507e+03 6.652889424003660679e-04
4.704200000000117143e+03 6.737808580510318279e-04
4.705100000000117689e+03 6.812729989178478718e-04
4.706000000000118234e+03 6.803972064517438412e-04
4.706900000000117871e+03 6.735541974194347858e-04
4.707800000000117507e+03 6.674231262877583504e-04
4.708700000000118052e+03 6.663236999884247780e-04
4.709600000000118598e+03 6.709786830469965935e-04
4.710500000000118234e+03 6.791152991354465485e-04
4.711400000000117871e+03 6.837889086455106735e-04
4.712300000000118416e+03 6.800920236855745316e-04
4.713200000000118962e+03 6.713800248689949512e-04
4.714100000000118598e+03 6.652602460235357285e-04
4.715000000000118234e+03 6.684975232928991318e-04
4.715900000000118780e+03 6.790379993617534637e-04
4.716800000000119326e+03 6.864484748803079128e-04
4.717700000000118962e+03 6.875816616229712963e-04
4.718600000000118598e+03 6.890050717629492283e-04
4.719500000000119144e+03 6.929521914571523666e-04
4.720400000000119690e+03 6.948739173822104931e-04
4.721300000000119326e+03 6.916858255863189697e-04
4.722200000000118962e+03 6.862467271275818348e-04
4.723100000000119508e+03 6.847988697700202465e-04
4.724000000000120053e+03 6.898355204612016678e-04
4.724900000000119690e+03 6.943652406334877014e-04
4.725800000000119326e+03 6.903007160872220993e-04
4.726700000000119871e+03 6.767555605620145798e-04
4.727600000000120417e+03 6.630938150919973850e-04
4.728500000000120053e+03 6.576137384399771690e-04
4.729400000000119690e+03 6.568828830495476723e-04
4.730300000000120235e+03 6.552257109433412552e-04
4.731200000000120781e+03 6.570076220668852329e-04
4.732100000000120417e+03 6.660280050709843636e-04
4.733000000000120053e+03 6.746812141500413418e-04
4.733900000000120599e+03 6.784109864383935928e-04
4.734800000000121145e+03 6.786976591683924198e-04
4.735700000000120781e+03 6.731882458552718163e-04
4.736600000000120417e+03 6.654606550000607967e-04
4.737500000000120963e+03 6.673705065622925758e-04
4.738400000000121508e+03 6.762189441360533237e-04
4.739300000000121145e+03 6.784020806662738323e-04
4.740200000000120781e+03 6.740500102750957012e-04
4.741100000000121327e+03 6.720591918565332890e-04
4.742000000000121872e+03 6.746020517311990261e-04
4.742900000000121508e+03 6.775201763957738876e-04
4.743800000000121145e+03 6.771864718757569790e-04
4.744700000000121690e+03 6.748207961209118366e-04
4.745600000000122236e+03 6.756990915164351463e-04
4.746500000000121872e+03 6.794063374400138855e-04
4.747400000000121508e+03 6.794739165343344212e-04
4.748300000000122054e+03 6.766158039681613445e-04
4.749200000000122600e+03 6.769709871150553226e-04
4.750100000000122236e+03 6.794456858187913895e-04
4.751000000000121872e+03 6.782014388591051102e-04
4.751900000000122418e+03 6.732984911650419235e-04
4.752800000000122964e+03 6.694396142847836018e-04
4.753700000000122600e+03 6.662088562734425068e-04
4.754600000000122236e+03 6.621614447794854641e-04
4.755500000000122782e+03 6.601918139494955540e-04
4.756400000000123327e+03 6.622787914238870144e-04
4.757300000000122964e+03 6.666167755611240864e-04
4.758200000000122600e+03 6.701946840621531010e-04
4.759100000000123146e+03 6.728145526722073555e-04
4.760000000000123691e+03 6.730206659995019436e-04
4.760900000000123327e+03 6.669671274721622467e-04
4.761800000000122964e+03 6.575067527592182159e-04
4.762700000000123509e+03 6.515761488117277622e-04
4.763600000000124055e+03 6.480353185907006264e-04
4.764500000000123691e+03 6.436559488065540791e-04
4.765400000000123327e+03 6.411095964722335339e-04
4.766300000000123873e+03 6.437835982069373131e-04
4.767200000000124419e+03 6.507866200990974903e-04
4.768100000000124055e+03 6.582792266272008419e-04
4.769000000000123691e+03 6.648729322478175163e-04
4.769900000000124237e+03 6.672900053672492504e-04
4.770800000000124783e+03 6.623101071454584599e-04
4.771700000000124419e+03 6.568114622496068478e-04
4.772600000000124055e+03 6.583993672393262386e-04
4.773500000000124601e+03 6.653605960309505463e-04
4.774400000000125146e+03 6.704846746288239956e-04
4.775300000000124783e+03 6.697833887301385403e-04
4.776200000000124419e+03 6.685754051432013512e-04
4.777100000000124965e+03 6.715483614243566990e-04
4.778000000000125510e+03 6.727733998559415340e-04
4.778900000000125146e+03 6.682765088044106960e-04
4.779800000000124783e+03 6.642778753302991390e-04
4.780700000000125328e+03 6.658187485300004482e-04
4.781600000000125874e+03 6.662360392510890961e-04
4.782500000000125510e+03 6.603563670068979263e-04
4.783400000000125146e+03 6.554853171110153198e-04
4.784300000000125692e+03 6.576127489097416401e-04
4.785200000000126238e+03 6.586411036550998688e-04
4.786100000000125874e+03 6.536522996611893177e-04
4.787000000000125510e+03 6.521157920360565186e-04
4.787900000000126056e+03 6.550334510393440723e-04
4.788800000000126602e+03 6.546364747919142246e-04
4.789700000000126238e+03 6.532387924380600452e-04
4.790600000000125874e+03 6.548222154378890991e-04
4.791500000000126420e+03 6.566334632225334644e-04
4.792400000000126965e+03 6.591933197341859341e-04
4.793300000000126602e+03 6.660532671958208084e-04
4.794200000000126238e+03 6.731628673151135445e-04
4.795100000000126784e+03 6.740593235008418560e-04
4.796000000000127329e+03 6.687563145533204079e-04
4.796900000000126965e+03 6.623187800869345665e-04
4.797800000000126602e+03 6.563773495145142078e-04
4.798700000000127147e+03 6.496914429590106010e-04
4.799600000000127693e+03 6.455252878367900848e-04
4.800500000000127329e+03 6.485941121354699135e-04
4.801400000000126965e+03 6.574949948117136955e-04
4.802300000000127511e+03 6.641921936534345150e-04
4.803200000000128057e+03 6.618134793825447559e-04
4.804100000000127693e+03 6.511926767416298389e-04
4.805000000000127329e+03 6.420282297767698765e-04
4.805900000000127875e+03 6.422417354770004749e-04
4.806800000000128421e+03 6.458387942984700203e-04
4.807700000000128057e+03 6.463758181780576706e-04
4.808600000000127693e+03 6.465616752393543720e-04
4.809500000000128239e+03 6.485052872449159622e-04
4.810400000000128784e+03 6.487547652795910835e-04
4.811300000000128421e+03 6.464555626735091209e-04
4.812200000000128057e+03 6.455791881307959557e-04
4.813100000000128603e+03 6.475108675658702850e-04
4.814000000000129148e+03 6.493525579571723938e-04
4.814900000000128784e+03 6.497873691841959953e-04
4.815800000000128421e+03 6.502808537334203720e-04
4.816700000000128966e+03 6.517831934615969658e-04
4.817600000000129512e+03 6.531840190291404724e-04
4.818500000000129148e+03 6.544547504745423794e-04
4.819400000000128784e+03 6.552014965564012527e-04
4.820300000000129330e+03 6.532234256155788898e-04
4.821200000000129876e+03 6.482460303232073784e-04
4.822100000000129512e+03 6.369562470354139805e-04
4.823000000000129148e+03 6.184422527439892292e-04
4.823900000000129694e+03 6.083417101763188839e-04
4.824800000000130240e+03 6.167007377371191978e-04
4.825700000000129876e+03 6.308392039500176907e-04
4.826600000000129512e+03 6.367287132889032364e-04
4.827500000000130058e+03 6.339637329801917076e-04
4.828400000000130603e+03 6.286018760874867439e-04
4.829300000000130240e+03 6.263766554184257984e-04
4.830200000000129876e+03 6.262235692702233791e-04
4.831100000000130422e+03 6.220560171641409397e-04
4.832000000000130967e+03 6.160979974083602428e-04
4.832900000000130603e+03 6.156974122859537601e-04
4.833800000000130240e+03 6.195958121679723263e-04
4.834700000000130785e+03 6.195831811055541039e-04
4.835600000000131331e+03 6.142474594525992870e-04
4.836500000000130967e+03 6.112867267802357674e-04
4.837400000000130603e+03 6.112530827522277832e-04
4.838300000000131149e+03 6.064444314688444138e-04
4.839200000000131695e+03 5.973707302473485470e-04
4.840100000000131331e+03 5.916064837947487831e-04
4.841000000000130967e+03 5.912205087952315807e-04
4.841900000000131513e+03 5.889842286705970764e-04
4.842800000000132059e+03 5.807765992358326912e-04
4.843700000000131695e+03 5.743433139286935329e-04
4.844600000000131331e+03 5.738603649660944939e-04
4.845500000000131877e+03 5.722863716073334217e-04
4.846400000000132422e+03 5.628561484627425671e-04
4.847300000000132059e+03 5.457145744003355503e-04
4.848200000000131695e+03 5.289546097628772259e-04
4.849100000000132241e+03 5.215122946538031101e-04
4.850000000000132786e+03 5.201164749450981617e-04
4.850900000000132422e+03 5.145159666426479816e-04
4.851800000000132059e+03 5.026697181165218353e-04
4.852700000000132604e+03 4.878078179899603128e-04
4.853600000000133150e+03 4.681035061366856098e-04
4.854500000000132786e+03 4.417680611368268728e-04
4.855400000000132422e+03 4.169570165686309338e-04
4.856300000000132968e+03 4.018924664705991745e-04
4.857200000000133514e+03 3.898665308952331543e-04
4.858100000000133150e+03 3.690035373438149691e-04
4.859000000000132786e+03 3.348788886796683073e-04
4.859900000000133332e+03 2.905707806348800659e-04
4.860800000000133878e+03 2.558011037763208151e-04
4.861700000000133514e+03 2.589386422187089920e-04
4.862600000000133150e+03 2.968496119137853384e-04
4.863500000000133696e+03 3.364472649991512299e-04
4.864400000000134241e+03 3.648045239970088005e-04
4.865300000000133878e+03 3.907634236384183168e-04
4.866200000000133514e+03 4.160635289736092091e-04
4.867100000000134060e+03 4.366758803371340036e-04
4.868000000000134605e+03 4.534288891591131687e-04
4.868900000000134241e+03 4.690699570346623659e-04
4.869800000000133878e+03 4.784195043612271547e-04
4.870700000000134423e+03 4.785171768162399530e-04
4.871600000000134969e+03 4.815642605535686016e-04
4.872500000000134605e+03 4.977880162186920643e-04
4.873400000000134241e+03 5.178973660804331303e-04
4.874300000000134787e+03 5.295355804264545441e-04
4.875200000000135333e+03 5.341588985174894333e-04
4.876100000000134969e+03 5.400383379310369492e-04
4.877000000000134605e+03 5.508845788426697254e-04
4.877900000000135151e+03 5.640886374749243259e-04
4.878800000000135697e+03 5.783895030617713928e-04
4.879700000000135333e+03 5.878520314581692219e-04
4.880600000000134969e+03 5.863689584657549858e-04
4.881500000000135515e+03 5.815582117065787315e-04
4.882400000000136060e+03 5.820678197778761387e-04
4.883300000000135697e+03 5.843018880113959312e-04
4.884200000000135333e+03 5.825947737321257591e-04
4.885100000000135879e+03 5.791902076452970505e-04
4.886000000000136424e+03 5.795215256512165070e-04
4.886900000000136060e+03 5.855095223523676395e-04
4.887800000000135697e+03 5.928516038693487644e-04
4.888700000000136242e+03 5.961094284430146217e-04
4.889600000000136788e+03 5.912294727750122547e-04
4.890500000000136424e+03 5.802691448479890823e-04
4.891400000000136060e+03 5.793838063254952431e-04
4.892300000000136606e+03 5.957433604635298252e-04
4.893200000000137152e+03 6.145075312815606594e-04
4.894100000000136788e+03 6.258291541598737240e-04
4.895000000000136424e+03 6.315935752354562283e-04
4.895900000000136970e+03 6.328944000415503979e-04
4.896800000000137516e+03 6.321260589174926281e-04
4.897700000000137152e+03 6.311759352684020996e-04
4.898600000000136788e+03 6.257928907871246338e-04
4.899500000000137334e+03 6.165953818708658218e-04
4.900400000000137879e+03 6.136540905572474003e-04
4.901300000000137516e+03 6.179944612085819244e-04
4.902200000000137152e+03 6.191653665155172348e-04
4.903100000000137697e+03 6.158778560347855091e-04
4.904000000000138243e+03 6.172867724671959877e-04
4.904900000000137879e+03 6.258096545934677124e-04
4.905800000000137516e+03 6.336459191516041756e-04
4.906700000000138061e+03 6.334157660603523254e-04
4.907600000000138607e+03 6.267784629017114639e-04
4.908500000000138243e+03 6.180463824421167374e-04
4.909400000000137879e+03 6.077291327528655529e-04
4.910300000000138425e+03 5.992591613903641701e-04
4.911200000000138971e+03 5.989077617414295673e-04
4.912100000000138607e+03 6.059091538190841675e-04
4.913000000000138243e+03 6.136666052043437958e-04
4.913900000000138789e+03 6.207640981301665306e-04
4.914800000000139335e+03 6.284426199272274971e-04
4.915700000000138971e+03 6.325557478703558445e-04
4.916600000000138607e+03 6.279435474425554276e-04
4.917500000000139153e+03 6.138477474451065063e-04
4.918400000000139698e+03 5.947255413047969341e-04
4.919300000000139335e+03 5.783337401226162910e-04
4.920200000000138971e+03 5.723779322579503059e-04
4.921100000000139516e+03 5.794995813630521297e-04
4.922000000000140062e+03 5.890410975553095341e-04
4.922900000000139698e+03 5.867037689313292503e-04
4.923800000000139335e+03 5.802673986181616783e-04
4.924700000000139880e+03 5.883614649064838886e-04
4.925600000000140426e+03 6.080298917368054390e-04
4.926500000000140062e+03 6.214824970811605453e-04
4.927400000000139698e+03 6.249527214094996452e-04
4.928300000000140244e+03 6.282562972046434879e-04
4.929200000000140790e+03 6.326434086076915264e-04
4.930100000000140426e+03 6.333680939860641956e-04
4.931000000000140062e+03 6.318047526292502880e-04
4.931900000000140608e+03 6.264552357606589794e-04
4.932800000000141154e+03 6.132292910479009151e-04
4.933700000000140790e+03 6.029973737895488739e-04
4.934600000000140426e+03 6.079113809391856194e-04
4.935500000000140972e+03 6.174129084683954716e-04
4.936400000000141517e+03 6.158777396194636822e-04
4.937300000000141154e+03 6.042883615009486675e-04
4.938200000000140790e+03 5.933261709287762642e-04
4.939100000000141335e+03 5.930643528699874878e-04
4.940000000000141881e+03 6.051085656508803368e-04
4.940900000000141517e+03 6.183405057527124882e-04
4.941800000000141154e+03 6.232472951523959637e-04
4.942700000000141699e+03 6.248392746783792973e-04
4.943600000000142245e+03 6.278909277170896530e-04
4.944500000000141881e+03 6.270870799198746681e-04
4.945400000000141517e+03 6.217874470166862011e-04
4.946300000000142063e+03 6.194801535457372665e-04
4.947200000000142609e+03 6.213633459992706776e-04
4.948100000000142245e+03 6.224436219781637192e-04
4.949000000000141881e+03 6.224091048352420330e-04
4.949900000000142427e+03 6.229796563275158405e-04
4.950800000000142973e+03 6.229759892448782921e-04
4.951700000000142609e+03 6.201556534506380558e-04
4.952600000000142245e+03 6.159809418022632599e-04
4.953500000000142791e+03 6.149206310510635376e-04
4.954400000000143336e+03 6.170946289785206318e-04
4.955300000000142973e+03 6.147786043584346771e-04
4.956200000000142609e+03 5.977847613394260406e-04
4.957100000000143154e+03 5.753687000833451748e-04
4.958000000000143700e+03 5.745833041146397591e-04
4.958900000000143336e+03 5.971278878860175610e-04
4.959800000000142973e+03 6.172169232740998268e-04
4.960700000000143518e+03 6.224977551028132439e-04
4.961600000000144064e+03 6.203801603987812996e-04
4.962500000000143700e+03 6.202533841133117676e-04
4.963400000000143336e+03 6.211028667166829109e-04
4.964300000000143882e+03 6.158777978271245956e-04
4.965200000000144428e+03 6.063482724130153656e-04
4.966100000000144064e+03 6.012562662363052368e-04
4.967000000000143700e+03 6.012013182044029236e-04
4.967900000000144246e+03 6.011990481056272984e-04
4.968800000000144792e+03 6.017903797328472137e-04
4.969700000000144428e+03 6.041972083039581776e-04
4.970600000000144064e+03 6.072136457078158855e-04
4.971500000000144610e+03 6.110046524554491043e-04
4.972400000000145155e+03 6.142932688817381859e-04
4.973300000000144792e+03 6.168642430566251278e-04
4.974200000000144428e+03 6.187504041008651257e-04
4.975100000000144973e+03 6.176051683723926544e-04
4.976000000000145519e+03 6.133706774562597275e-04
4.976900000000145155e+03 6.088427035138010979e-04
4.977800000000144792e+03 6.043150206096470356e-04
4.978700000000145337e+03 6.012449739500880241e-04
4.979600000000145883e+03 6.005627219565212727e-04
4.980500000000145519e+03 5.975097883492708206e-04
4.981400000000145155e+03 5.870605818927288055e-04
4.982300000000145701e+03 5.733845173381268978e-04
4.983200000000146247e+03 5.672327824868261814e-04
4.984100000000145883e+03 5.714939907193183899e-04
4.985000000000145519e+03 5.806434201076626778e-04
4.985900000000146065e+03 5.911396001465618610e-04
4.986800000000146611e+03 6.016811821609735489e-04
4.987700000000146247e+03 6.074832053855061531e-04
4.988600000000145883e+03 6.058635190129280090e-04
4.989500000000146429e+03 6.000390858389437199e-04
4.990400000000146974e+03 5.938035319559276104e-04
4.991300000000146611e+03 5.924972938373684883e-04
4.992200000000146247e+03 5.957475514151155949e-04
4.993100000000146792e+03 5.962899303995072842e-04
4.994000000000147338e+03 5.960508133284747601e-04
4.994900000000146974e+03 5.998979904688894749e-04
4.995800000000146611e+03 6.036295671947300434e-04
4.996700000000147156e+03 6.040592561475932598e-04
4.997600000000147702e+03 6.019596476107835770e-04
4.998500000000147338e+03 5.956416134722530842e-04
4.999400000000146974e+03 5.860253004357218742e-04
5.000300000000147520e+03 5.768585251644253731e-04
5.001200000000148066e+03 5.708135431632399559e-04
5.002100000000147702e+03 5.711665726266801357e-04
5.003000000000147338e+03 5.757963517680764198e-04
5.003900000000147884e+03 5.766461254097521305e-04
5.004800000000148430e+03 5.699361208826303482e-04
5.005700000000148066e+03 5.612525274045765400e-04
5.006600000000147702e+03 5.616201087832450867e-04
5.007500000000148248e+03 5.743589717894792557e-04
5.008400000000148793e+03 5.879474338144063950e-04
5.009300000000148430e+03 5.918842507526278496e-04
5.010200000000148066e+03 5.893591442145407200e-04
5.011100000000148611e+03 5.841532838530838490e-04
5.012000000000149157e+03 5.755772581323981285e-04
5.012900000000148793e+03 5.670948303304612637e-04
5.013800000000148430e+03 5.630015511997044086e-04
5.014700000000148975e+03 5.656125140376389027e-04
5.015600000000149521e+03 5.716381710954010487e-04
5.016500000000149157e+03 5.685516516678035259e-04
5.017400000000148793e+03 5.520508275367319584e-04
5.018300000000149339e+03 5.403311224654316902e-04
5.019200000000149885e+03 5.484671564772725105e-04
5.020100000000149521e+03 5.640734452754259109e-04
5.021000000000149157e+03 5.698242457583546638e-04
5.021900000000149703e+03 5.675092688761651516e-04
5.022800000000150249e+03 5.697163287550210953e-04
5.023700000000149885e+03 5.788363632746040821e-04
5.024600000000149521e+03 5.861711106263101101e-04
5.025500000000150067e+03 5.868992302566766739e-04
5.026400000000150612e+03 5.806285189464688301e-04
5.027300000000150249e+03 5.722530186176300049e-04
5.028200000000149885e+03 5.729184485971927643e-04
5.029100000000150430e+03 5.799365462735295296e-04
5.030000000000150976e+03 5.826677661389112473e-04
5.030900000000150612e+03 5.828360444866120815e-04
5.031800000000150249e+03 5.872774054296314716e-04
5.032700000000150794e+03 5.945324082858860493e-04
5.033600000000151340e+03 5.967871984466910362e-04
5.034500000000150976e+03 5.879483069293200970e-04
5.035400000000150612e+03 5.742015782743692398e-04
5.036300000000151158e+03 5.704989307560026646e-04
5.037200000000151704e+03 5.773674929514527321e-04
5.038100000000151340e+03 5.796435289084911346e-04
5.039000000000150976e+03 5.690858815796673298e-04
5.039900000000151522e+03 5.504601867869496346e-04
5.040800000000152068e+03 5.365633405745029449e-04
5.041700000000151704e+03 5.430075107142329216e-04
5.042600000000151340e+03 5.652953404933214188e-04
5.043500000000151886e+03 5.823210813105106354e-04
5.044400000000152431e+03 5.899036186747252941e-04
5.045300000000152068e+03 5.950934137217700481e-04
5.046200000000151704e+03 5.964323063381016254e-04
5.047100000000152249e+03 5.889033782295882702e-04
5.048000000000152795e+03 5.760311614722013474e-04
5.048900000000152431e+03 5.679858149960637093e-04
5.049800000000152068e+03 5.673760897479951382e-04
5.050700000000152613e+03 5.686049698852002621e-04
5.051600000000153159e+03 5.692676641047000885e-04
5.052500000000152795e+03 5.730208940804004669e-04
5.053400000000152431e+03 5.789504502899944782e-04
5.054300000000152977e+03 5.798168713226914406e-04
5.055200000000153523e+03 5.732598365284502506e-04
5.056100000000153159e+03 5.685441428795456886e-04
5.057000000000152795e+03 5.745842354372143745e-04
5.057900000000153341e+03 5.845522391609847546e-04
5.058800000000153887e+03 5.891754408366978168e-04
5.059700000000153523e+03 5.898523377254605293e-04
5.060600000000153159e+03 5.911354674026370049e-04
5.061500000000153705e+03 5.929016042500734329e-04
5.062400000000154250e+03 5.917118978686630726e-04
5.063300000000153887e+03 5.837863427586853504e-04
5.064200000000153523e+03 5.707375239580869675e-04
5.065100000000154068e+03 5.642182077281177044e-04
5.066000000000154614e+03 5.681177717633545399e-04
5.066900000000154250e+03 5.709886900149285793e-04
5.067800000000153887e+03 5.683343042619526386e-04
5.068700000000154432e+03 5.678904126398265362e-04
5.069600000000154978e+03 5.724973743781447411e-04
5.070500000000154614e+03 5.740156047977507114e-04
5.071400000000154250e+03 5.677843000739812851e-04
5.072300000000154796e+03 5.628295475617051125e-04
5.073200000000155342e+03 5.656898138113319874e-04
5.074100000000154978e+03 5.678765592165291309e-04
5.075000000000154614e+03 5.645019118674099445e-04
5.075900000000155160e+03 5.637644208036363125e-04
5.076800000000155705e+03 5.695426370948553085e-04
5.077700000000155342e+03 5.706052179448306561e-04
5.078600000000154978e+03 5.585832404904067516e-04
5.079500000000155524e+03 5.453985650092363358e-04
5.080400000000156069e+03 5.449303425848484039e-04
5.081300000000155705e+03 5.535154487006366253e-04
5.082200000000155342e+03 5.594925605691969395e-04
5.083100000000155887e+03 5.603664321824908257e-04
5.084000000000156433e+03 5.619802395813167095e-04
5.084900000000156069e+03 5.659706657752394676e-04
5.085800000000155705e+03 5.678336601704359055e-04
5.086700000000156251e+03 5.663874326273798943e-04
5.087600000000156797e+03 5.663444171659648418e-04
5.088500000000156433e+03 5.691816331818699837e-04
5.089400000000156069e+03 5.712358397431671619e-04
5.090300000000156615e+03 5.704056820832192898e-04
5.091200000000157161e+03 5.701990448869764805e-04
5.092100000000156797e+03 5.726439412683248520e-04
5.093000000000156433e+03 5.750096752308309078e-04
5.093900000000156979e+03 5.754725425504148006e-04
5.094800000000157524e+03 5.736087914556264877e-04
5.095700000000157161e+03 5.676505970768630505e-04
5.096600000000156797e+03 5.578605341725051403e-04
5.097500000000157343e+03 5.485886358655989170e-04
5.098400000000157888e+03 5.414615152403712273e-04
5.099300000000157524e+03 5.384513060562312603e-04
5.100200000000157161e+03 5.433883052319288254e-04
5.101100000000157706e+03 5.534889060072600842e-04
5.102000000000158252e+03 5.615919362753629684e-04
5.102900000000157888e+03 5.642076139338314533e-04
5.103800000000157524e+03 5.638522561639547348e-04
5.104700000000158070e+03 5.632020765915513039e-04
5.105600000000158616e+03 5.616830894723534584e-04
5.106500000000158252e+03 5.577300325967371464e-04
5.107400000000157888e+03 5.536442622542381287e-04
5.108300000000158434e+03 5.529031041078269482e-04
5.109200000000158980e+03 5.523120053112506866e-04
5.110100000000158616e+03 5.517296958714723587e-04
5.111000000000158252e+03 5.559870041906833649e-04
5.111900000000158798e+03 5.620184238068759441e-04
5.112800000000159343e+03 5.644799675792455673e-04
5.113700000000158980e+03 5.656715366058051586e-04
5.114600000000158616e+03 5.667316727340221405e-04
5.115500000000159162e+03 5.667803343385457993e-04
5.116400000000159707e+03 5.685052601620554924e-04
5.117300000000159343e+03 5.720525514334440231e-04
5.118200000000158980e+03 5.733175785280764103e-04
5.119100000000159525e+03 5.708968383260071278e-04
5.120000000000160071e+03 5.662630428560078144e-04
5.120900000000159707e+03 5.614052060991525650e-04
5.121800000000159343e+03 5.555571988224983215e-04
5.122700000000159889e+03 5.474973004311323166e-04
5.123600000000160435e+03 5.413511535152792931e-04
5.124500000000160071e+03 5.407992284744977951e-04
5.125400000000159707e+03 5.424946430139243603e-04
5.126300000000160253e+03 5.421596579253673553e-04
5.127200000000160799e+03 5.401064991019666195e-04
5.128100000000160435e+03 5.391585291363298893e-04
5.129000000000160071e+03 5.401507951319217682e-04
5.129900000000160617e+03 5.441942485049366951e-04
5.130800000000161162e+03 5.503313732333481312e-04
5.131700000000160799e+03 5.536154494620859623e-04
5.132600000000160435e+03 5.521170096471905708e-04
5.133500000000160981e+03 5.509065813384950161e-04
5.134400000000161526e+03 5.556767573580145836e-04
5.135300000000161162e+03 5.601979210041463375e-04
5.136200000000160799e+03 5.561777506954967976e-04
5.137100000000161344e+03 5.483878776431083679e-04
5.138000000000161890e+03 5.421619862318038940e-04
5.138900000000161526e+03 5.376279004849493504e-04
5.139800000000161162e+03 5.406759446486830711e-04
5.140700000000161708e+03 5.477235536091029644e-04
5.141600000000162254e+03 5.451746983453631401e-04
5.142500000000161890e+03 5.378967034630477428e-04
5.143400000000161526e+03 5.388497957028448582e-04
5.144300000000162072e+03 5.430136807262897491e-04
5.145200000000162618e+03 5.414769984781742096e-04
5.146100000000162254e+03 5.374558386392891407e-04
5.147000000000161890e+03 5.350783467292785645e-04
5.147900000000162436e+03 5.341966170817613602e-04
5.148800000000162981e+03 5.356943001970648766e-04
5.149700000000162618e+03 5.377457709982991219e-04
5.150600000000162254e+03 5.372187588363885880e-04
5.151500000000162800e+03 5.350905703380703926e-04
5.152400000000163345e+03 5.320972413755953312e-04
5.153300000000162981e+03 5.285086226649582386e-04
5.154200000000162618e+03 5.297609604895114899e-04
5.155100000000163163e+03 5.376733024604618549e-04
5.156000000000163709e+03 5.453498451970517635e-04
5.156900000000163345e+03 5.500415572896599770e-04
5.157800000000162981e+03 5.527139292098581791e-04
5.158700000000163527e+03 5.530655034817755222e-04
5.159600000000164073e+03 5.522735882550477982e-04
5.160500000000163709e+03 5.501098930835723877e-04
5.161400000000163345e+03 5.447739385999739170e-04
5.162300000000163891e+03 5.396914784796535969e-04
5.163200000000164437e+03 5.391309387050569057e-04
5.164100000000164073e+03 5.370408762246370316e-04
5.165000000000163709e+03 5.257179727777838707e-04
5.165900000000164255e+03 5.063994321972131729e-04
5.166800000000164800e+03 4.849962424486875534e-04
5.167700000000164437e+03 4.716090625151991844e-04
5.168600000000164073e+03 4.753701505251228809e-04
5.169500000000164619e+03 4.947328125126659870e-04
5.170400000000165164e+03 5.095874075777828693e-04
5.171300000000164800e+03 5.010738968849182129e-04
5.172200000000164437e+03 4.838205641135573387e-04
5.173100000000164982e+03 4.881365457549691200e-04
5.174000000000165528e+03 5.142983864061534405e-04
5.174900000000165164e+03 5.359974456951022148e-04
5.175800000000164800e+03 5.403856630437076092e-04
5.176700000000165346e+03 5.376428016461431980e-04
5.177600000000165892e+03 5.381853552535176277e-04
5.178500000000165528e+03 5.402844981290400028e-04
5.179400000000165164e+03 5.401242524385452271e-04
5.180300000000165710e+03 5.376889603212475777e-04
5.181200000000166256e+03 5.306606763042509556e-04
5.182100000000165892e+03 5.115111125633120537e-04
5.183000000000165528e+03 4.855437437072396278e-04
5.183900000000166074e+03 4.783108306583017111e-04
5.184800000000166619e+03 4.980055382475256920e-04
5.185700000000166256e+03 5.221710889600217342e-04
5.186600000000165892e+03 5.338611081242561340e-04
5.187500000000166438e+03 5.334306042641401291e-04
5.188400000000166983e+03 5.309907719492912292e-04
5.189300000000166619e+03 5.355395842343568802e-04
5.190200000000166256e+03 5.368185811676084995e-04
5.191100000000166801e+03 5.231162067502737045e-04
5.192000000000167347e+03 5.089776823297142982e-04
5.192900000000166983e+03 5.117811961099505424e-04
5.193800000000166619e+03 5.218920996412634850e-04
5.194700000000167165e+03 5.235270364210009575e-04
5.195600000000167711e+03 5.205050110816955566e-04
5.196500000000167347e+03 5.202195025049149990e-04
5.197400000000166983e+03 5.223983898758888245e-04
5.198300000000167529e+03 5.273693823255598545e-04
5.199200000000168075e+03 5.338442861102521420e-04
5.200100000000167711e+03 5.377064808271825314e-04
5.201000000000167347e+03 5.378100322559475899e-04
5.201900000000167893e+03 5.357721820473670959e-04
5.202800000000168438e+03 5.322024226188659668e-04
5.203700000000168075e+03 5.241749458946287632e-04
5.204600000000167711e+03 5.125305033288896084e-04
5.205500000000168257e+03 5.063994904048740864e-04
5.206400000000168802e+03 5.100116250105202198e-04
5.207300000000168438e+03 5.124805611558258533e-04
5.208200000000168075e+03 5.090102204121649265e-04
5.209100000000168620e+03 5.107265897095203400e-04
5.210000000000169166e+03 5.191453383304178715e-04
5.210900000000168802e+03 5.274654831737279892e-04
5.211800000000168438e+03 5.351626314222812653e-04
5.212700000000168984e+03 5.398322828114032745e-04
5.213600000000169530e+03 5.370178841985762119e-04
5.214500000000169166e+03 5.268129752948880196e-04
5.215400000000168802e+03 5.161439185030758381e-04
5.216300000000169348e+03 5.138014093972742558e-04
5.217200000000169894e+03 5.208119982853531837e-04
5.218100000000169530e+03 5.316197639331221581e-04
5.219000000000169166e+03 5.397528293542563915e-04
5.219900000000169712e+03 5.427350406534969807e-04
5.220800000000170257e+03 5.427569849416613579e-04
5.221700000000169894e+03 5.406307755038142204e-04
5.222600000000169530e+03 5.354690365493297577e-04
5.223500000000170076e+03 5.269569810479879379e-04
5.224400000000170621e+03 5.150306969881057739e-04
5.225300000000170257e+03 4.978833021596074104e-04
5.226200000000169894e+03 4.799868911504745483e-04
5.227100000000170439e+03 4.778996517416089773e-04
5.228000000000170985e+03 4.984965780749917030e-04
5.228900000000170621e+03 5.227426881901919842e-04
5.229800000000170257e+03 5.346882971934974194e-04
5.230700000000170803e+03 5.370731814764440060e-04
5.231600000000171349e+03 5.307380924932658672e-04
5.232500000000170985e+03 5.167672643437981606e-04
5.233400000000170621e+03 5.061673582531511784e-04
5.234300000000171167e+03 5.058339447714388371e-04
5.235200000000171713e+03 5.132375517860054970e-04
5.236100000000171349e+03 5.224467022344470024e-04
5.237000000000170985e+03 5.277440650388598442e-04
5.237900000000171531e+03 5.300666089169681072e-04
5.238800000000172076e+03 5.317299510352313519e-04
5.239700000000171713e+03 5.329508567228913307e-04
5.240600000000171349e+03 5.349112325347959995e-04
5.241500000000171894e+03 5.354482564143836498e-04
5.242400000000172440e+03 5.332356086000800133e-04
5.243300000000172076e+03 5.336134927347302437e-04
5.244200000000171713e+03 5.387863493524491787e-04
5.245100000000172258e+03 5.399451474659144878e-04
5.246000000000172804e+03 5.301730707287788391e-04
5.246900000000172440e+03 5.187322967685759068e-04
5.247800000000172076e+03 5.172555684112012386e-04
5.248700000000172622e+03 5.204594926908612251e-04
5.249600000000173168e+03 5.175416008569300175e-04
5.250500000000172804e+03 5.134235834702849388e-04
5.251400000000172440e+03 5.170339136384427547e-04
5.252300000000172986e+03 5.241621402092278004e-04
5.253200000000173532e+03 5.253886338323354721e-04
5.254100000000173168e+03 5.187676288187503815e-04
5.255000000000172804e+03 5.138217238709330559e-04
5.255900000000173350e+03 5.198866710998117924e-04
5.256800000000173895e+03 5.310745327733457088e-04
5.257700000000173532e+03 5.379792419262230396e-04
5.258600000000173168e+03 5.382366362027823925e-04
5.259500000000173713e+03 5.325771053321659565e-04
5.260400000000174259e+03 5.244039930403232574e-04
5.261300000000173895e+03 5.158053245395421982e-04
5.262200000000173532e+03 5.053299828432500362e-04
5.263100000000174077e+03 4.923160886391997337e-04
5.264000000000174623e+03 4.800305177923291922e-04
5.264900000000174259e+03 4.738303832709789276e-04
5.265800000000173895e+03 4.777386784553527832e-04
5.266700000000174441e+03 4.918704507872462273e-04
5.267600000000174987e+03 5.031714681535959244e-04
5.268500000000174623e+03 4.951732116751372814e-04
5.269400000000174259e+03 4.784349875990301371e-04
5.270300000000174805e+03 4.791390674654394388e-04
5.271200000000175351e+03 4.973242757841944695e-04
5.272100000000174987e+03 5.109474877826869488e-04
5.273000000000174623e+03 5.117555847391486168e-04
5.273900000000175169e+03 5.042733973823487759e-04
5.274800000000175714e+03 4.922425723634660244e-04
5.275700000000175351e+03 4.893795703537762165e-04
5.276600000000174987e+03 5.054033827036619186e-04
5.277500000000175532e+03 5.245064967311918736e-04
5.278400000000176078e+03 5.293152644298970699e-04
5.279300000000175714e+03 5.231077084317803383e-04
5.280200000000175351e+03 5.163794849067926407e-04
5.281100000000175896e+03 5.135168903507292271e-04
5.282000000000176442e+03 5.108183249831199646e-04
5.282900000000176078e+03 5.040978430770337582e-04
5.283800000000175714e+03 4.995291819795966148e-04
5.284700000000176260e+03 5.086856544949114323e-04
5.285600000000176806e+03 5.268236272968351841e-04
5.286500000000176442e+03 5.377496127039194107e-04
5.287400000000176078e+03 5.373333697207272053e-04
5.288300000000176624e+03 5.339513299986720085e-04
5.289200000000177170e+03 5.342505173757672310e-04
5.290100000000176806e+03 5.362643278203904629e-04
5.291000000000176442e+03 5.357246263884007931e-04
5.291900000000176988e+03 5.318543408066034317e-04
5.292800000000177533e+03 5.272501148283481598e-04
5.293700000000177170e+03 5.252790870144963264e-04
5.294600000000176806e+03 5.252441624179482460e-04
5.295500000000177351e+03 5.212308606132864952e-04
5.296400000000177897e+03 5.088922334834933281e-04
5.297300000000177533e+03 4.951620358042418957e-04
5.298200000000177170e+03 4.930177237838506699e-04
5.299100000000177715e+03 5.038750823587179184e-04
5.300000000000178261e+03 5.139188724569976330e-04
5.300900000000177897e+03 5.144173628650605679e-04
5.301800000000177533e+03 5.119715933687984943e-04
5.302700000000178079e+03 5.157041014172136784e-04
5.303600000000178625e+03 5.243305349722504616e-04
5.304500000000178261e+03 5.296199815347790718e-04
5.305400000000177897e+03 5.279082106426358223e-04
5.306300000000178443e+03 5.231460672803223133e-04
5.307200000000178989e+03 5.206075147725641727e-04
5.308100000000178625e+03 5.225130589678883553e-04
5.309000000000178261e+03 5.271225818432867527e-04
5.309900000000178807e+03 5.299886688590049744e-04
5.310800000000179352e+03 5.296606686897575855e-04
5.311700000000178989e+03 5.274259601719677448e-04
5.312600000000178625e+03 5.232175462879240513e-04
5.313500000000179170e+03 5.194679833948612213e-04
5.314400000000179716e+03 5.159858264960348606e-04
5.315300000000179352e+03 5.060700932517647743e-04
5.316200000000178989e+03 4.934570752084255219e-04
5.317100000000179534e+03 4.934163880534470081e-04
5.318000000000180080e+03 5.058096721768379211e-04
5.318900000000179716e+03 5.160229629836976528e-04
5.319800000000179352e+03 5.194867844693362713e-04
5.320700000000179898e+03 5.202021566219627857e-04
5.321600000000180444e+03 5.197348073124885559e-04
5.322500000000180080e+03 5.159414722584187984e-04
5.323400000000179716e+03 5.066112498752772808e-04
5.324300000000180262e+03 4.989022854715585709e-04
5.325200000000180808e+03 5.003688856959342957e-04
5.326100000000180444e+03 5.019835662096738815e-04
5.327000000000180080e+03 4.895151942037045956e-04
5.327900000000180626e+03 4.694959789048880339e-04
5.328800000000181171e+03 4.662701394408941269e-04
5.329700000000180808e+03 4.843214410357177258e-04
5.330600000000180444e+03 5.042037810198962688e-04
5.331500000000180989e+03 5.125940078869462013e-04
5.332400000000181535e+03 5.121490103192627430e-04
5.333300000000181171e+03 5.117330583743751049e-04
5.334200000000180808e+03 5.142422742210328579e-04
5.335100000000181353e+03 5.157409468665719032e-04
5.336000000000181899e+03 5.133901140652596951e-04
5.336900000000181535e+03 5.094152875244617462e-04
5.337800000000181171e+03 5.066659068688750267e-04
5.338700000000181717e+03 5.007247091270983219e-04
5.339600000000182263e+03 4.910139832645654678e-04
5.340500000000181899e+03 4.886605311185121536e-04
5.341400000000181535e+03 4.987959400750696659e-04
5.342300000000182081e+03 5.112055223435163498e-04
5.343200000000182627e+03 5.165252950973808765e-04
5.344100000000182263e+03 5.146312760189175606e-04
5.345000000000181899e+03 5.079777329228818417e-04
5.345900000000182445e+03 5.026804865337908268e-04
5.346800000000182990e+03 5.036422517150640488e-04
5.347700000000182627e+03 5.051443586125969887e-04
5.348600000000182263e+03 5.032405606471002102e-04
5.349500000000182808e+03 5.036830552853643894e-04
5.350400000000183354e+03 5.100044654682278633e-04
5.351300000000182990e+03 5.172216915525496006e-04
5.352200000000182627e+03 5.192463286221027374e-04
5.353100000000183172e+03 5.188298528082668781e-04
5.354000000000183718e+03 5.216038553044199944e-04
5.354900000000183354e+03 5.264159990474581718e-04
5.355800000000182990e+03 5.285952938720583916e-04
5.356700000000183536e+03 5.283311475068330765e-04
5.357600000000184082e+03 5.272312555462121964e-04
5.358500000000183718e+03 5.262176855467259884e-04
5.359400000000183354e+03 5.252489354461431503e-04
5.360300000000183900e+03 5.218958831392228603e-04
5.361200000000184446e+03 5.142422742210328579e-04
5.362100000000184082e+03 5.055274814367294312e-04
5.363000000000183718e+03 5.019499803893268108e-04
5.363900000000184264e+03 5.026620929129421711e-04
5.364800000000184809e+03 5.025474238209426403e-04
5.365700000000184446e+03 5.025003920309245586e-04
5.366600000000184082e+03 5.027473089285194874e-04
5.367500000000184627e+03 5.018638330511748791e-04
5.368400000000185173e+03 4.982584505341947079e-04
5.369300000000184809e+03 4.892041324637830257e-04
5.370200000000184446e+03 4.788458172697573900e-04
5.371100000000184991e+03 4.772629763465374708e-04
5.372000000000185537e+03 4.884747904725372791e-04
5.372900000000185173e+03 5.043199053034186363e-04
5.373800000000184809e+03 5.143333692103624344e-04
5.374700000000185355e+03 5.172334495000541210e-04
5.375600000000185901e+03 5.161120207048952579e-04
5.376500000000185537e+03 5.130580393597483635e-04
5.377400000000185173e+03 5.121630965732038021e-04
5.378300000000185719e+03 5.135804531164467335e-04
5.379200000000186265e+03 5.127142067067325115e-04
5.380100000000185901e+03 5.086290766485035419e-04
5.381000000000185537e+03 5.054661305621266365e-04
5.381900000000186083e+03 5.033062770962715149e-04
5.382800000000186628e+03 5.006786668673157692e-04
5.383700000000186265e+03 5.027888691984117031e-04
5.384600000000185901e+03 5.096642998978495598e-04
5.385500000000186446e+03 5.126235773786902428e-04
5.386400000000186992e+03 5.098443361930549145e-04
5.387300000000186628e+03 5.066856392659246922e-04
5.388200000000186265e+03 5.043935962021350861e-04
5.389100000000186810e+03 5.002117250114679337e-04
5.390000000000187356e+03 4.956775228492915630e-04
5.390900000000186992e+03 4.939861828461289406e-04
5.391800000000186628e+03 4.947045235894620419e-04
5.392700000000187174e+03 4.953986499458551407e-04
5.393600000000187720e+03 4.957854980602860451e-04
5.394500000000187356e+03 4.955640179105103016e-04
5.395400000000186992e+03 4.906108952127397060e-04
5.396300000000187538e+03 4.805793287232518196e-04
5.397200000000188084e+03 4.767712380271404982e-04
5.398100000000187720e+03 4.854236904066056013e-04
5.399000000000187356e+03 4.947484703734517097e-04
5.399900000000187902e+03 4.951526643708348274e-04
5.400800000000188447e+03 4.922945518046617508e-04
5.401700000000188084e+03 4.928376292809844017e-04
5.402600000000187720e+03 4.919031052850186825e-04
5.403500000000188265e+03 4.837064188905060291e-04
5.404400000000188811e+03 4.728231288027018309e-04
5.405300000000188447e+03 4.684169543907046318e-04
5.406200000000188084e+03 4.740299191325902939e-04
5.407100000000188629e+03 4.837102605961263180e-04
5.408000000000189175e+03 4.874111909884959459e-04
5.408900000000188811e+03 4.821773327421396971e-04
5.409800000000188447e+03 4.767589271068572998e-04
5.410700000000188993e+03 4.811724065802991390e-04
5.411600000000189539e+03 4.926539259031414986e-04
5.412500000000189175e+03 4.997584619559347630e-04
5.413400000000188811e+03 4.973227623850107193e-04
5.414300000000189357e+03 4.920378560200333595e-04
5.415200000000189902e+03 4.934420576319098473e-04
5.416100000000189539e+03 5.015433416701853275e-04
5.417000000000189175e+03 5.071345949545502663e-04
5.417900000000189721e+03 5.058169481344521046e-04
5.418800000000190266e+03 5.008711013942956924e-04
5.419700000000189902e+03 4.958557547070086002e-04
5.420600000000189539e+03 4.942090599797666073e-04
5.421500000000190084e+03 4.972761380486190319e-04
5.422400000000190630e+03 4.982246900908648968e-04
5.423300000000190266e+03 4.900154308415949345e-04
5.424200000000189902e+03 4.819721798412501812e-04
5.425100000000190448e+03 4.860420885961502790e-04
5.426000000000190994e+03 4.977819626219570637e-04
5.426900000000190630e+03 5.046986043453216553e-04
5.427800000000190266e+03 4.987324355170130730e-04
5.428700000000190812e+03 4.831758851651102304e-04
5.429600000000191358e+03 4.749126674141734838e-04
5.430500000000190994e+03 4.833334824070334435e-04
5.431400000000190630e+03 4.925091052427887917e-04
5.432300000000191176e+03 4.893984296359121799e-04
5.433200000000191721e+03 4.824149655178189278e-04
5.434100000000191358e+03 4.794783017132431269e-04
5.435000000000190994e+03 4.805866628885269165e-04
5.435900000000191540e+03 4.844112845603376627e-04
5.436800000000192085e+03 4.907501279376447201e-04
5.437700000000191721e+03 4.989803419448435307e-04
5.438600000000191358e+03 5.053100176155567169e-04
5.439500000000191903e+03 5.078271497040987015e-04
5.440400000000192449e+03 5.076398956589400768e-04
5.441300000000192085e+03 5.061157862655818462e-04
5.442200000000191721e+03 5.048685707151889801e-04
5.443100000000192267e+03 5.030400934629142284e-04
5.444000000000192813e+03 4.974186304025352001e-04
5.444900000000192449e+03 4.872312129009515047e-04
5.445800000000192085e+03 4.755372647196054459e-04
5.446700000000192631e+03 4.710734356194734573e-04
5.447600000000193177e+03 4.796174180228263140e-04
5.448500000000192813e+03 4.921841318719089031e-04
5.449400000000192449e+03 4.987801657989621162e-04
5.450300000000192995e+03 4.997849464416503906e-04
5.451200000000193540e+03 4.986086278222501278e-04
5.452100000000193177e+03 4.966824199073016644e-04
5.453000000000192813e+03 4.929580027237534523e-04
5.453900000000193359e+03 4.843283677473664284e-04
5.454800000000193904e+03 4.723656456917524338e-04
5.455700000000193540e+03 4.687276668846607208e-04
5.456600000000193177e+03 4.788521036971360445e-04
5.457500000000193722e+03 4.920301144011318684e-04
5.458400000000194268e+03 4.983686958439648151e-04
5.459300000000193904e+03 4.975706106051802635e-04
5.460200000000193540e+03 4.938268102705478668e-04
5.461100000000194086e+03 4.893623990938067436e-04
5.462000000000194632e+03 4.825428477488458157e-04
5.462900000000194268e+03 4.770829982589930296e-04
5.463800000000193904e+03 4.795003042090684175e-04
5.464700000000194450e+03 4.849274992011487484e-04
5.465600000000194996e+03 4.844940849579870701e-04
5.466500000000194632e+03 4.821826587431132793e-04
5.467400000000194268e+03 4.852021520491689444e-04
5.468300000000194814e+03 4.895137390121817589e-04
5.469200000000195359e+03 4.890815471298992634e-04
5.470100000000194996e+03 4.861388297285884619e-04
5.471000000000194632e+03 4.850252589676529169e-04
5.471900000000195178e+03 4.837239976041018963e-04
5.472800000000195723e+03 4.796526918653398752e-04
5.473700000000195359e+03 4.782592295669019222e-04
5.474600000000194996e+03 4.786531208083033562e-04
5.475500000000195541e+03 4.715264949481934309e-04
5.476400000000196087e+03 4.605587746482342482e-04
5.477300000000195723e+03 4.608682647813111544e-04
5.478200000000195359e+03 4.729934735223650932e-04
5.479100000000195905e+03 4.821550683118402958e-04
5.480000000000196451e+03 4.791548999492079020e-04
5.480900000000196087e+03 4.709744243882596493e-04
5.481800000000195723e+03 4.694930394180119038e-04
5.482700000000196269e+03 4.758397408295422792e-04
5.483600000000196815e+03 4.841778718400746584e-04
5.484500000000196451e+03 4.910044372081756592e-04
5.485400000000196087e+03 4.919957718811929226e-04
5.486300000000196633e+03 4.846937372349202633e-04
5.487200000000197178e+03 4.756377602461725473e-04
5.488100000000196815e+03 4.748433129861950874e-04
5.489000000000196451e+03 4.799158778041601181e-04
5.489900000000196997e+03 4.830366815440356731e-04
5.490800000000197542e+03 4.839935863856226206e-04
5.491700000000197178e+03 4.832682025153189898e-04
5.492600000000196815e+03 4.796425637323409319e-04
5.493500000000197360e+03 4.772627144120633602e-04
5.494400000000197906e+03 4.806296201422810555e-04
5.495300000000197542e+03 4.840024921577423811e-04
5.496200000000197178e+03 4.807598306797444820e-04
5.497100000000197724e+03 4.755333065986633301e-04
5.498000000000198270e+03 4.781744792126119137e-04
5.498900000000197906e+03 4.860835615545511246e-04
5.499800000000197542e+03 4.873978032264858484e-04
5.500700000000198088e+03 4.791636019945144653e-04
5.501600000000198634e+03 4.699926648754626513e-04
5.502500000000198270e+03 4.676670359913259745e-04
5.503400000000197906e+03 4.714088863693177700e-04
5.504300000000198452e+03 4.742455494124442339e-04
5.505200000000198997e+03 4.703049489762634039e-04
5.506100000000198634e+03 4.648817412089556456e-04
5.507000000000198270e+03 4.675388918258249760e-04
5.507900000000198816e+03 4.748507344629615545e-04
5.508800000000199361e+03 4.768959188368171453e-04
5.509700000000198997e+03 4.739799187518656254e-04
5.510600000000198634e+03 4.705172032117843628e-04
5.511500000000199179e+03 4.673434887081384659e-04
5.512400000000199725e+03 4.662389692384749651e-04
5.513300000000199361e+03 4.685925377998501062e-04
5.514200000000198997e+03 4.720731230918318033e-04
5.515100000000199543e+03 4.748989886138588190e-04
5.516000000000200089e+03 4.770249361172318459e-04
5.516900000000199725e+03 4.801285103894770145e-04
5.517800000000199361e+03 4.846049996558576822e-04
5.518700000000199907e+03 4.870936973020434380e-04
5.519600000000200453e+03 4.856236046180129051e-04
5.520500000000200089e+03 4.830819088965654373e-04
5.521400000000199725e+03 4.820573958568274975e-04
5.522300000000200271e+03 4.824673815164715052e-04
5.523200000000200816e+03 4.826902295462787151e-04
5.524100000000200453e+03 4.808145749848335981e-04
5.525000000000200089e+03 4.773985710926353931e-04
5.525900000000200635e+03 4.734917893074452877e-04
5.526800000000201180e+03 4.676654934883117676e-04
5.527700000000200816e+03 4.608510353136807680e-04
5.528600000000200453e+03 4.601461987476795912e-04
5.529500000000200998e+03 4.675368545576930046e-04
5.530400000000201544e+03 4.749179934151470661e-04
5.531300000000201180e+03 4.769519728142768145e-04
5.532200000000200816e+03 4.757455899380147457e-04
5.533100000000201362e+03 4.729790962301194668e-04
5.534000000000201908e+03 4.675223899539560080e-04
5.534900000000201544e+03 4.639832768589258194e-04
5.535800000000201180e+03 4.676642129197716713e-04
5.536700000000201726e+03 4.736145201604813337e-04
5.537600000000202272e+03 4.760220472235232592e-04
5.538500000000201908e+03 4.774928092956542969e-04
5.539400000000201544e+03 4.802574985660612583e-04
5.540300000000202090e+03 4.823651979677379131e-04
5.541200000000202635e+03 4.819153400603681803e-04
5.542100000000202272e+03 4.772694665007293224e-04
5.543000000000201908e+03 4.712423542514443398e-04
5.543900000000202454e+03 4.691032518167048693e-04
5.544800000000202999e+03 4.702026199083775282e-04
5.545700000000202635e+03 4.712940717581659555e-04
5.546600000000202272e+03 4.731593653559684753e-04
5.547500000000202817e+03 4.771829117089509964e-04
5.548400000000203363e+03 4.803994088433682919e-04
5.549300000000202999e+03 4.812779952771961689e-04
5.550200000000202635e+03 4.819361201953142881e-04
5.551100000000203181e+03 4.818490997422486544e-04
5.552000000000203727e+03 4.793481202796101570e-04
5.552900000000203363e+03 4.754663386847823858e-04
5.553800000000202999e+03 4.723536840174347162e-04
5.554700000000203545e+03 4.718980344478040934e-04
5.555600000000204091e+03 4.737487470265477896e-04
5.556500000000203727e+03 4.742398450616747141e-04
5.557400000000203363e+03 4.718641575891524553e-04
5.558300000000203909e+03 4.702550068031996489e-04
5.559200000000204454e+03 4.711885994765907526e-04
5.560100000000204091e+03 4.718514392152428627e-04
5.561000000000203727e+03 4.703669401351362467e-04
5.561900000000204273e+03 4.673438961617648602e-04
5.562800000000204818e+03 4.660973499994724989e-04
5.563700000000204454e+03 4.676770477090030909e-04
5.564600000000204091e+03 4.674155206885188818e-04
5.565500000000204636e+03 4.642281273845583200e-04
5.566400000000205182e+03 4.628984897863119841e-04
5.567300000000204818e+03 4.640810075215995312e-04
5.568200000000204454e+03 4.639444232452660799e-04
5.569100000000205000e+03 4.625418805517256260e-04
5.570000000000205546e+03 4.650637274608016014e-04
5.570900000000205182e+03 4.692589864134788513e-04
5.571800000000204818e+03 4.659888218156993389e-04
5.572700000000205364e+03 4.609743191394954920e-04
5.573600000000205910e+03 4.644407017622143030e-04
5.574500000000205546e+03 4.701148718595504761e-04
5.575400000000205182e+03 4.696678079199045897e-04
5.576300000000205728e+03 4.674248630180954933e-04
5.577200000000206273e+03 4.673240473493933678e-04
5.578100000000205910e+03 4.673569637816399336e-04
5.579000000000205546e+03 4.681280988734215498e-04
5.579900000000206091e+03 4.703573067672550678e-04
5.580800000000206637e+03 4.701281723100692034e-04
5.581700000000206273e+03 4.671354254242032766e-04
5.582600000000205910e+03 4.657665558625012636e-04
5.583500000000206455e+03 4.664057050831615925e-04
5.584400000000207001e+03 4.648336907848715782e-04
5.585300000000206637e+03 4.582842520903795958e-04
5.586200000000206273e+03 4.484765813685953617e-04
5.587100000000206819e+03 4.418065655045211315e-04
5.588000000000207365e+03 4.418266471475362778e-04
5.588900000000207001e+03 4.463194636628031731e-04
5.589800000000206637e+03 4.522292292676866055e-04
5.590700000000207183e+03 4.573910555336624384e-04
5.591600000000207729e+03 4.595800128299742937e-04
5.592500000000207365e+03 4.588919109664857388e-04
5.593400000000207001e+03 4.563767870422452688e-04
5.594300000000207547e+03 4.564248665701597929e-04
5.595200000000208092e+03 4.635399673134088516e-04
5.596100000000207729e+03 4.705058818217366934e-04
5.597000000000207365e+03 4.680113634094595909e-04
5.597900000000207910e+03 4.601924738381057978e-04
5.598800000000208456e+03 4.569143929984420538e-04
5.599700000000208092e+03 4.570295568555593491e-04
5.600600000000207729e+03 4.548304132185876369e-04
5.601500000000208274e+03 4.511325387284159660e-04
5.602400000000208820e+03 4.502561059780418873e-04
5.603300000000208456e+03 4.548325669020414352e-04
5.604200000000208092e+03 4.632406635209918022e-04
5.605100000000208638e+03 4.700328863691538572e-04
5.606000000000209184e+03 4.732745001092553139e-04
5.606900000000208820e+03 4.738126590382307768e-04
5.607800000000208456e+03 4.725670150946825743e-04
5.608700000000209002e+03 4.707401967607438564e-04
5.609600000000209548e+03 4.694013623520731926e-04
5.610500000000209184e+03 4.698392003774642944e-04
5.611400000000208820e+03 4.720551369246095419e-04
5.612300000000209366e+03 4.735356778837740421e-04
5.613200000000209911e+03 4.696050891652703285e-04
5.614100000000209548e+03 4.570255114231258631e-04
5.615000000000209184e+03 4.442770732566714287e-04
5.615900000000209729e+03 4.438090836629271507e-04
5.616800000000210275e+03 4.531304875854402781e-04
5.617700000000209911e+03 4.598553350660949945e-04
5.618600000000209548e+03 4.595295176841318607e-04
5.619500000000210093e+03 4.571622994262725115e-04
5.620400000000210639e+03 4.574905906338244677e-04
5.621300000000210275e+03 4.602470435202121735e-04
5.622200000000209911e+03 4.611348849721252918e-04
5.623100000000210457e+03 4.554473853204399347e-04
5.624000000000211003e+03 4.464490921236574650e-04
5.624900000000210639e+03 4.436433955561369658e-04
5.625800000000210275e+03 4.492545267567038536e-04
5.626700000000210821e+03 4.551818419713526964e-04
5.627600000000211367e+03 4.576131759677082300e-04
5.628500000000211003e+03 4.606385482475161552e-04
5.629400000000210639e+03 4.644494329113513231e-04
5.630300000000211185e+03 4.661043058149516582e-04
5.631200000000211730e+03 4.654334916267544031e-04
5.632100000000211367e+03 4.634553333744406700e-04
5.633000000000211003e+03 4.606707952916622162e-04
5.633900000000211548e+03 4.583177505992352962e-04
5.634800000000212094e+03 4.567031865008175373e-04
5.635700000000211730e+03 4.548611177597194910e-04
5.636600000000211367e+03 4.520498041529208422e-04
5.637500000000211912e+03 4.507178964558988810e-04
5.638400000000212458e+03 4.527737037278711796e-04
5.639300000000212094e+03 4.547389398794621229e-04
5.640200000000211730e+03 4.528453282546252012e-04
5.641100000000212276e+03 4.496541805565357208e-04
5.642000000000212822e+03 4.495517350733280182e-04
5.642900000000212458e+03 4.510261060204356909e-04
5.643800000000212094e+03 4.513810563366860151e-04
5.644700000000212640e+03 4.521265800576657057e-04
5.645600000000213186e+03 4.540014197118580341e-04
5.646500000000212822e+03 4.563597030937671661e-04
5.647400000000212458e+03 4.576704814098775387e-04
5.648300000000213004e+03 4.560114175546914339e-04
5.649200000000213549e+03 4.533947794698178768e-04
5.650100000000213186e+03 4.533266474027186632e-04
5.651000000000212822e+03 4.561981768347322941e-04
5.651900000000213367e+03 4.595332138705998659e-04
5.652800000000213913e+03 4.589536110870540142e-04
5.653700000000213549e+03 4.534231557045131922e-04
5.654600000000213186e+03 4.484663950279355049e-04
5.655500000000213731e+03 4.499612841755151749e-04
5.656400000000214277e+03 4.514736356213688850e-04
5.657300000000213913e+03 4.435296868905425072e-04
5.658200000000213549e+03 4.334376717451959848e-04
5.659100000000214095e+03 4.349072405602782965e-04
5.660000000000214641e+03 4.444051883183419704e-04
5.660900000000214277e+03 4.481683718040585518e-04
5.661800000000213913e+03 4.441824276000261307e-04
5.662700000000214459e+03 4.420604382175952196e-04
5.663600000000215005e+03 4.469054983928799629e-04
5.664500000000214641e+03 4.535668122116476297e-04
5.665400000000214277e+03 4.559060325846076012e-04
5.666300000000214823e+03 4.528733552433550358e-04
5.667200000000215368e+03 4.484318196773529053e-04
5.668100000000215005e+03 4.467214166652411222e-04
5.669000000000214641e+03 4.480816132854670286e-04
5.669900000000215186e+03 4.501224902924150229e-04
5.670800000000215732e+03 4.515124892350286245e-04
5.671700000000215368e+03 4.542169626802206039e-04
5.672600000000215005e+03 4.581664106808602810e-04
5.673500000000215550e+03 4.595489008352160454e-04
5.674400000000216096e+03 4.574752820190042257e-04
5.675300000000215732e+03 4.554231709334999323e-04
5.676200000000215368e+03 4.562149988487362862e-04
5.677100000000215914e+03 4.568382573779672384e-04
5.678000000000216460e+03 4.549112636595964432e-04
5.678900000000216096e+03 4.530185542535036802e-04
5.679800000000215732e+03 4.530755686573684216e-04
5.680700000000216278e+03 4.523012030404061079e-04
5.681600000000216824e+03 4.478900518734008074e-04
5.682500000000216460e+03 4.439796612132340670e-04
5.683400000000216096e+03 4.450721899047493935e-04
5.684300000000216642e+03 4.486901743803173304e-04
5.685200000000217187e+03 4.493728920351713896e-04
5.686100000000216824e+03 4.461154749151319265e-04
5.687000000000216460e+03 4.430031694937497377e-04
5.687900000000217005e+03 4.432232526596635580e-04
5.688800000000217551e+03 4.464138182811439037e-04
5.689700000000217187e+03 4.500580544117838144e-04
5.690600000000216824e+03 4.523102834355086088e-04
5.691500000000217369e+03 4.547316930256783962e-04
5.692400000000217915e+03 4.565132840070873499e-04
5.693300000000217551e+03 4.551601887214928865e-04
5.694200000000217187e+03 4.525561234913766384e-04
5.695100000000217733e+03 4.516369663178920746e-04
5.696000000000218279e+03 4.527929704636335373e-04
5.696900000000217915e+03 4.522715171333402395e-04
5.697800000000217551e+03 4.484177916310727596e-04
5.698700000000218097e+03 4.456427122931927443e-04
5.699600000000218643e+03 4.444170335773378611e-04
5.700500000000218279e+03 4.414905270095914602e-04
5.701400000000217915e+03 4.383359919302165508e-04
5.702300000000218461e+03 4.394997667986899614e-04
5.703200000000219006e+03 4.443459911271929741e-04
5.704100000000218643e+03 4.469308478292077780e-04
5.705000000000218279e+03 4.437448515091091394e-04
5.705900000000218824e+03 4.381564212962985039e-04
5.706800000000219370e+03 4.345071210991591215e-04
5.707700000000219006e+03 4.315823898650705814e-04
5.708600000000218643e+03 4.288546624593436718e-04
5.709500000000219188e+03 4.302654997445642948e-04
5.710400000000219734e+03 4.329240182414650917e-04
5.711300000000219370e+03 4.326529451645910740e-04
5.712200000000219006e+03 4.347040376160293818e-04
5.713100000000219552e+03 4.413051938172429800e-04
5.714000000000220098e+03 4.457427421584725380e-04
5.714900000000219734e+03 4.463259538169950247e-04
5.715800000000219370e+03 4.464231315068900585e-04
5.716700000000219916e+03 4.463643999770283699e-04
5.717600000000220462e+03 4.455074376892298460e-04
5.718500000000220098e+03 4.459905030671507120e-04
5.719400000000219734e+03 4.476312897168099880e-04
5.720300000000220280e+03 4.487331607379019260e-04
5.721200000000220825e+03 4.503714444581419230e-04
5.722100000000220462e+03 4.523618263192474842e-04
5.723000000000220098e+03 4.531811864580959082e-04
5.723900000000220643e+03 4.527899145614355803e-04
5.724800000000221189e+03 4.516085900831967592e-04
5.725700000000220825e+03 4.481520736590027809e-04
5.726600000000220462e+03 4.435589944478124380e-04
5.727500000000221007e+03 4.427616077009588480e-04
5.728400000000221553e+03 4.463507502805441618e-04
5.729300000000221189e+03 4.483004158828407526e-04
5.730200000000220825e+03 4.452825814951211214e-04
5.731100000000221371e+03 4.408814420457929373e-04
5.732000000000221917e+03 4.409372631926089525e-04
5.732900000000221553e+03 4.450826963875442743e-04
5.733800000000221189e+03 4.482490476220846176e-04
5.734700000000221735e+03 4.491237050388008356e-04
5.735600000000222281e+03 4.485766694415360689e-04
5.736500000000221917e+03 4.470536950975656509e-04
5.737400000000221553e+03 4.456387250684201717e-04
5.738300000000222099e+03 4.449580155778676271e-04
5.739200000000222644e+03 4.451176209840923548e-04
5.740100000000222281e+03 4.454494919627904892e-04
5.741000000000221917e+03 4.448226245585829020e-04
5.741900000000222462e+03 4.433019785210490227e-04
5.742800000000223008e+03 4.424596845638006926e-04
5.743700000000222644e+03 4.444829537533223629e-04
5.744600000000222281e+03 4.479831841308623552e-04
5.745500000000222826e+03 4.490159044507890940e-04
5.746400000000223372e+03 4.450369451660662889e-04
5.747300000000223008e+03 4.384531930554658175e-04
5.748200000000222644e+03 4.360898747108876705e-04
5.749100000000223190e+03 4.402245103847235441e-04
5.750000000000223736e+03 4.454870359040796757e-04
5.750900000000223372e+03 4.458347684703767300e-04
5.751800000000223008e+03 4.404727951623499393e-04
5.752700000000223554e+03 4.333588294684886932e-04
5.753600000000224099e+03 4.291499208193272352e-04
5.754500000000223736e+03 4.317659477237612009e-04
5.755400000000223372e+03 4.392784321680665016e-04
5.756300000000223918e+03 4.449445696081966162e-04
5.757200000000224463e+03 4.467828548513352871e-04
5.758100000000224099e+03 4.460951604414731264e-04
5.759000000000223736e+03 4.428404208738356829e-04
5.759900000000224281e+03 4.378154699224978685e-04
5.760800000000224827e+03 4.324486944824457169e-04
5.761700000000224463e+03 4.286023613531142473e-04
5.762600000000224099e+03 4.286844632588326931e-04
5.763500000000224645e+03 4.345463821664452553e-04
5.764400000000225191e+03 4.424635844770818949e-04
5.765300000000224827e+03 4.462741198949515820e-04
5.766200000000224463e+03 4.465990932658314705e-04
5.767100000000225009e+03 4.463540390133857727e-04
5.768000000000225555e+03 4.451551649253815413e-04
5.768900000000225191e+03 4.433565482031553984e-04
5.769800000000224827e+03 4.419869510456919670e-04
5.770700000000225373e+03 4.408203822094947100e-04
5.771600000000225918e+03 4.391876573208719492e-04
5.772500000000225555e+03 4.390300309751182795e-04
5.773400000000225191e+03 4.391425172798335552e-04
5.774300000000225737e+03 4.374783893581479788e-04
5.775200000000226282e+03 4.373850824777036905e-04
5.776100000000225918e+03 4.399722092784941196e-04
5.777000000000225555e+03 4.423002246767282486e-04
5.777900000000226100e+03 4.423033387865871191e-04
5.778800000000226646e+03 4.383041232358664274e-04
5.779700000000226282e+03 4.296973929740488529e-04
5.780600000000225918e+03 4.204371944069862366e-04
5.781500000000226464e+03 4.170024767518043518e-04
5.782400000000227010e+03 4.194566572550684214e-04
5.783300000000226646e+03 4.208379832562059164e-04
5.784200000000226282e+03 4.180808318778872490e-04
5.785100000000226828e+03 4.163478442933410406e-04
5.786000000000227374e+03 4.207199963275343180e-04
5.786900000000227010e+03 4.278912674635648727e-04
5.787800000000226646e+03 4.327622591517865658e-04
5.788700000000227192e+03 4.349109949544072151e-04
5.789600000000227737e+03 4.328471841290593147e-04
5.790500000000227374e+03 4.282395238988101482e-04
5.791400000000227010e+03 4.280548891983926296e-04
5.792300000000227556e+03 4.324407200329005718e-04
5.793200000000228101e+03 4.360685416031628847e-04
5.794100000000227737e+03 4.378693411126732826e-04
5.795000000000227374e+03 4.387828812468796968e-04
5.795900000000227919e+03 4.368254449218511581e-04
5.796800000000228465e+03 4.318183055147528648e-04
5.797700000000228101e+03 4.290748911444097757e-04
5.798600000000227737e+03 4.328585928305983543e-04
5.799500000000228283e+03 4.391626280266791582e-04
5.800400000000228829e+03 4.427579988259822130e-04
5.801300000000228465e+03 4.434722359292209148e-04
5.802200000000228101e+03 4.421155026648193598e-04
5.803100000000228647e+03 4.378491721581667662e-04
5.804000000000229193e+03 4.327344940975308418e-04
5.804900000000228829e+03 4.305629117880016565e-04
5.805800000000228465e+03 4.308855859562754631e-04
5.806700000000229011e+03 4.318603314459323883e-04
5.807600000000229556e+03 4.330598167143762112e-04
5.808500000000229193e+03 4.341298481449484825e-04
5.809400000000228829e+03 4.354720294941216707e-04
5.810300000000229375e+03 4.368992231320589781e-04
5.811200000000229920e+03 4.373632837086915970e-04
5.812100000000229556e+03 4.366418870631605387e-04
5.813000000000229193e+03 4.351688548922538757e-04
5.813900000000229738e+03 4.332721291575580835e-04
5.814800000000230284e+03 4.302185843698680401e-04
5.815700000000229920e+03 4.274923994671553373e-04
5.816600000000229556e+03 4.284240712877362967e-04
5.817500000000230102e+03 4.333743127062916756e-04
5.818400000000230648e+03 4.378787125460803509e-04
5.819300000000230284e+03 4.398540186230093241e-04
5.820200000000229920e+03 4.401128389872610569e-04
5.821100000000230466e+03 4.388106463011354208e-04
5.822000000000231012e+03 4.368465743027627468e-04
5.822900000000230648e+03 4.354554112069308758e-04
5.823800000000230284e+03 4.354374541435390711e-04
5.824700000000230830e+03 4.365111526567488909e-04
5.825600000000231375e+03 4.368174413684755564e-04
5.826500000000231012e+03 4.361064638942480087e-04
5.827400000000230648e+03 4.360105085652321577e-04
5.828300000000231194e+03 4.367894434835761786e-04
5.829200000000231739e+03 4.374537675175815821e-04
5.830100000000231375e+03 4.367892106529325247e-04
5.831000000000231012e+03 4.356840508989989758e-04
5.831900000000231557e+03 4.356112622190266848e-04
5.832800000000232103e+03 4.350665258243680000e-04
5.833700000000231739e+03 4.327044589444994926e-04
5.834600000000231375e+03 4.303853493183851242e-04
5.835500000000231921e+03 4.312694072723388672e-04
5.836400000000232467e+03 4.333911347202956676e-04
5.837300000000232103e+03 4.325575137045234442e-04
5.838200000000231739e+03 4.308902716729789972e-04
5.839100000000232285e+03 4.317109996918588877e-04
5.840000000000232831e+03 4.343799955677241087e-04
5.840900000000232467e+03 4.365117056295275688e-04
5.841800000000232103e+03 4.372058901935815811e-04
5.842700000000232649e+03 4.368276277091354132e-04
5.843600000000233194e+03 4.351527604740113020e-04
5.844500000000232831e+03 4.321987507864832878e-04
5.845400000000232467e+03 4.295013495720922947e-04
5.846300000000233013e+03 4.273906815797090530e-04
5.847200000000233558e+03 4.267735930625349283e-04
5.848100000000233194e+03 4.280931898392736912e-04
5.849000000000232831e+03 4.298445710446685553e-04
5.849900000000233376e+03 4.300900036469101906e-04
5.850800000000233922e+03 4.282106820028275251e-04
5.851700000000233558e+03 4.241360584273934364e-04
5.852600000000233194e+03 4.195843939669430256e-04
5.853500000000233740e+03 4.181566182523965836e-04
5.854400000000234286e+03 4.210575134493410587e-04
5.855300000000233922e+03 4.232290375512093306e-04
5.856200000000233558e+03 4.201233386993408203e-04
5.857100000000234104e+03 4.144186095800250769e-04
5.858000000000234650e+03 4.130748275201767683e-04
5.858900000000234286e+03 4.166120197623968124e-04
5.859800000000233922e+03 4.206311423331499100e-04
5.860700000000234468e+03 4.233579384163022041e-04
5.861600000000235013e+03 4.229540936648845673e-04
5.862500000000234650e+03 4.212737549096345901e-04
5.863400000000234286e+03 4.225363372825086117e-04
5.864300000000234832e+03 4.251824575476348400e-04
5.865200000000235377e+03 4.247404867783188820e-04
5.866100000000235013e+03 4.217259120196104050e-04
5.867000000000234650e+03 4.206875746604055166e-04
5.867900000000235195e+03 4.234434163663536310e-04
5.868800000000235741e+03 4.271392535883933306e-04
5.869700000000235377e+03 4.290968645364046097e-04
5.870600000000235013e+03 4.285193863324820995e-04
5.871500000000235559e+03 4.258273693267256021e-04
5.872400000000236105e+03 4.231313359923660755e-04
5.873300000000235741e+03 4.232681530993431807e-04
5.874200000000235377e+03 4.255550738889724016e-04
5.875100000000235923e+03 4.254066443536430597e-04
5.876000000000236469e+03 4.223786527290940285e-04
5.876900000000236105e+03 4.207313177175819874e-04
5.877800000000235741e+03 4.205945006106048822e-04
5.878700000000236287e+03 4.189953324384987354e-04
5.879600000000236832e+03 4.159871314186602831e-04
5.880500000000236469e+03 4.150657332502305508e-04
5.881400000000236105e+03 4.174493369646370411e-04
5.882300000000236651e+03 4.188604652881622314e-04
5.883200000000237196e+03 4.167529987171292305e-04
5.884100000000236832e+03 4.142657271586358547e-04
5.885000000000236469e+03 4.146101127844303846e-04
5.885900000000237014e+03 4.153821791987866163e-04
5.886800000000237560e+03 4.122638201806694269e-04
5.887700000000237196e+03 4.005676019005477428e-04
5.888600000000236832e+03 3.772516502067446709e-04
5.889500000000237378e+03 3.541344194673001766e-04
5.890400000000237924e+03 3.531709953676909208e-04
5.891300000000237560e+03 3.730638418346643448e-04
5.892200000000237196e+03 3.914848784916102886e-04
5.893100000000237742e+03 3.985230287071317434e-04
5.894000000000238288e+03 3.937804722227156162e-04
5.894900000000237924e+03 3.767169255297631025e-04
5.895800000000237560e+03 3.632139123510569334e-04
5.896700000000238106e+03 3.717573126778006554e-04
5.897600000000238651e+03 3.918560105375945568e-04
5.898500000000238288e+03 4.040604690089821815e-04
5.899400000000237924e+03 4.082740051671862602e-04
5.900300000000238470e+03 4.109779838472604752e-04
5.901200000000239015e+03 4.124980478081852198e-04
5.902100000000238651e+03 4.121815436519682407e-04
5.903000000000238288e+03 4.120583471376448870e-04
5.903900000000238833e+03 4.128468572162091732e-04
5.904800000000239379e+03 4.130201996304094791e-04
5.905700000000239015e+03 4.126836720388382673e-04
5.906600000000238651e+03 4.133472393732517958e-04
5.907500000000239197e+03 4.149691376369446516e-04
5.908400000000239743e+03 4.159767995588481426e-04
5.909300000000239379e+03 4.155959468334913254e-04
5.910200000000239015e+03 4.156018258072435856e-04
5.911100000000239561e+03 4.164109413977712393e-04
5.912000000000240107e+03 4.157264775130897760e-04
5.912900000000239743e+03 4.114801995456218719e-04
5.913800000000239379e+03 4.062780353706330061e-04
5.914700000000239925e+03 4.046617541462182999e-04
5.915600000000240470e+03 4.065175016876310110e-04
5.916500000000240107e+03 4.096319316886365414e-04
5.917400000000239743e+03 4.126493004150688648e-04
5.918300000000240289e+03 4.131253226660192013e-04
5.919200000000240834e+03 4.127787251491099596e-04
5.920100000000240470e+03 4.131451714783906937e-04
5.921000000000240107e+03 4.122862592339515686e-04
5.921900000000240652e+03 4.107862187083810568e-04
5.922800000000241198e+03 4.108712309971451759e-04
5.923700000000240834e+03 4.121918755117803812e-04
5.924600000000240470e+03 4.133105976507067680e-04
5.925500000000241016e+03 4.142127290833741426e-04
5.926400000000241562e+03 4.145116254221647978e-04
5.927300000000241198e+03 4.134766932111233473e-04
5.928200000000240834e+03 4.104882245883345604e-04
5.929100000000241380e+03 4.058194754179567099e-04
5.930000000000241926e+03 4.039466730318963528e-04
5.930900000000241562e+03 4.081372753717005253e-04
5.931800000000241198e+03 4.136526549700647593e-04
5.932700000000241744e+03 4.143459955230355263e-04
5.933600000000242289e+03 4.102415405213832855e-04
5.934500000000241926e+03 4.066023684572428465e-04
5.935400000000241562e+03 4.076278710272163153e-04
5.936300000000242107e+03 4.109957953914999962e-04
5.937200000000242653e+03 4.130932502448558807e-04
5.938100000000242289e+03 4.144376434851437807e-04
5.939000000000241926e+03 4.148663138039410114e-04
5.939900000000242471e+03 4.117952776141464710e-04
5.940800000000243017e+03 4.067177942488342524e-04
5.941700000000242653e+03 4.046529647894203663e-04
5.942600000000242289e+03 4.067749832756817341e-04
5.943500000000242835e+03 4.103447427041828632e-04
5.944400000000243381e+03 4.133807960897684097e-04
5.945300000000243017e+03 4.150519380345940590e-04
5.946200000000242653e+03 4.147875879425555468e-04
5.947100000000243199e+03 4.113687900826334953e-04
5.948000000000243745e+03 4.060985811520367861e-04
5.948900000000243381e+03 4.038063634652644396e-04
5.949800000000243017e+03 4.067842382937669754e-04
5.950700000000243563e+03 4.104303370695561171e-04
5.951600000000244108e+03 4.089451977051794529e-04
5.952500000000243745e+03 4.044783709105104208e-04
5.953400000000243381e+03 4.044293309561908245e-04
5.954300000000243926e+03 4.079185891896486282e-04
5.955200000000244472e+03 4.080862272530794144e-04
5.956100000000244108e+03 4.041852371301501989e-04
5.957000000000243745e+03 4.010555858258157969e-04
5.957900000000244290e+03 4.014422302134335041e-04
5.958800000000244836e+03 4.049203998874872923e-04
5.959700000000244472e+03 4.092038143426179886e-04
5.960600000000244108e+03 4.113626200705766678e-04
5.961500000000244654e+03 4.113799368496984243e-04
5.962400000000245200e+03 4.112210590392351151e-04
5.963300000000244836e+03 4.109574365429580212e-04
5.964200000000244472e+03 4.101691883988678455e-04
5.965100000000245018e+03 4.081016813870519400e-04
5.966000000000245564e+03 4.068628768436610699e-04
5.966900000000245200e+03 4.084752581547945738e-04
5.967800000000244836e+03 4.106418346054852009e-04
5.968700000000245382e+03 4.119102959521114826e-04
5.969600000000245927e+03 4.129189183004200459e-04
5.970500000000245564e+03 4.140338860452175140e-04
5.971400000000245200e+03 4.144299309700727463e-04
5.972300000000245745e+03 4.139762604609131813e-04
5.973200000000246291e+03 4.135096969548612833e-04
5.974100000000245927e+03 4.119481018278747797e-04
5.975000000000245564e+03 4.077727498952299356e-04
5.975900000000246109e+03 4.028128460049629211e-04
5.976800000000246655e+03 3.996228915639221668e-04
5.977700000000246291e+03 3.984697104897350073e-04
5.978600000000245927e+03 3.996778104919940233e-04
5.979500000000246473e+03 4.041504289489239454e-04
5.980400000000247019e+03 4.086918197572231293e-04
5.981300000000246655e+03 4.091206355951726437e-04
5.982200000000246291e+03 4.053041047882288694e-04
5.983100000000246837e+03 3.992046113125979900e-04
5.984000000000247383e+03 3.951743419747799635e-04
5.984900000000247019e+03 3.967811644542962313e-04
5.985800000000246655e+03 4.005417285952717066e-04
5.986700000000247201e+03 4.017770406790077686e-04
5.987600000000247746e+03 4.019904008600860834e-04
5.988500000000247383e+03 4.038170736748725176e-04
5.989400000000247019e+03 4.054260789416730404e-04
5.990300000000247564e+03 4.034757730551064014e-04
5.991200000000248110e+03 3.999726613983511925e-04
5.992100000000247746e+03 4.007339302916079760e-04
5.993000000000247383e+03 4.056331235915422440e-04
5.993900000000247928e+03 4.088277346454560757e-04
5.994800000000248474e+03 4.080944054294377565e-04
5.995700000000248110e+03 4.049950803164392710e-04
5.996600000000247746e+03 4.010121338069438934e-04
5.997500000000248292e+03 3.981816989835351706e-04
5.998400000000248838e+03 3.983424103353172541e-04
5.999300000000248474e+03 4.008190589956939220e-04
6.000200000000248110e+03 4.031985299661755562e-04
6.001100000000248656e+03 4.032545839436352253e-04
6.002000000000249202e+03 4.005555820185691118e-04
6.002900000000248838e+03 3.983778296969830990e-04
6.003800000000248474e+03 3.996592713519930840e-04
6.004700000000249020e+03 4.015193553641438484e-04
6.005600000000249565e+03 4.005355294793844223e-04
6.006500000000249202e+03 3.969558456446975470e-04
6.007400000000248838e+03 3.926505451090633869e-04
6.008300000000249383e+03 3.920061280950903893e-04
6.009200000000249929e+03 3.972611739300191402e-04
6.010100000000249565e+03 4.027513787150382996e-04
6.011000000000249202e+03 4.031748685520142317e-04
6.011900000000249747e+03 3.991402918472886086e-04
6.012800000000250293e+03 3.943387127947062254e-04
6.013700000000249929e+03 3.936538996640592813e-04
6.014600000000249565e+03 3.965562791563570499e-04
6.015500000000250111e+03 3.974843421019613743e-04
6.016400000000250657e+03 3.958019660785794258e-04
6.017300000000250293e+03 3.955996362492442131e-04
6.018200000000249929e+03 3.966148942708969116e-04
6.019100000000250475e+03 3.952250408474355936e-04
6.020000000000251021e+03 3.927473444491624832e-04
6.020900000000250657e+03 3.929460654035210609e-04
6.021800000000250293e+03 3.949580132029950619e-04
6.022700000000250839e+03 3.960343310609459877e-04
6.023600000000251384e+03 3.960144531447440386e-04
6.024500000000251021e+03 3.973793645855039358e-04
6.025400000000250657e+03 3.997452731709927320e-04
6.026300000000251202e+03 3.997404710389673710e-04
6.027200000000251748e+03 3.992459969595074654e-04
6.028100000000251384e+03 4.005970549769699574e-04
6.029000000000251021e+03 4.020643245894461870e-04
6.029900000000251566e+03 4.020791093353182077e-04
6.030800000000252112e+03 4.014328587800264359e-04
6.031700000000251748e+03 4.021545755676925182e-04
6.032600000000251384e+03 4.035956808365881443e-04
6.033500000000251930e+03 4.041070933453738689e-04
6.034400000000252476e+03 4.034521407447755337e-04
6.035300000000252112e+03 4.025087982881814241e-04
6.036200000000251748e+03 4.021933709736913443e-04
6.037100000000252294e+03 4.028101975563913584e-04
6.038000000000252840e+03 4.031563876196742058e-04
6.038900000000252476e+03 4.022603970952332020e-04
6.039800000000252112e+03 4.008500545751303434e-04
6.040700000000252658e+03 3.999298205599188805e-04
6.041600000000253203e+03 3.995276347268372774e-04
6.042500000000252840e+03 4.005651571787893772e-04
6.043400000000252476e+03 4.025977978017181158e-04
6.044300000000253021e+03 4.032840079162269831e-04
6.045200000000253567e+03 4.028640687465667725e-04
6.046100000000253203e+03 4.031028947792947292e-04
6.047000000000252840e+03 4.035535966977477074e-04
6.047900000000253385e+03 4.027812392450869083e-04
6.048800000000253931e+03 4.017053288407623768e-04
6.049700000000253567e+03 4.024419467896223068e-04
6.050600000000253203e+03 4.030540003441274166e-04
6.051500000000253749e+03 4.013346915598958731e-04
6.052400000000254295e+03 3.978872846346348524e-04
6.053300000000253931e+03 3.953500709030777216e-04
6.054200000000253567e+03 3.951368562411516905e-04
6.055100000000254113e+03 3.951355465687811375e-04
6.056000000000254659e+03 3.943807096220552921e-04
6.056900000000254295e+03 3.948913654312491417e-04
6.057800000000253931e+03 3.970228135585784912e-04
6.058700000000254477e+03 3.993523423559963703e-04
6.059600000000255022e+03 4.007529641967266798e-04
6.060500000000254659e+03 4.009162366855889559e-04
6.061400000000254295e+03 3.999303735326975584e-04
6.062300000000254840e+03 3.980442415922880173e-04
6.063200000000255386e+03 3.954436106141656637e-04
6.064100000000255022e+03 3.916598507203161716e-04
6.065000000000254659e+03 3.884474572259932756e-04
6.065900000000255204e+03 3.904508776031434536e-04
6.066800000000255750e+03 3.964209172409027815e-04
6.067700000000255386e+03 4.004499060101807117e-04
6.068600000000255022e+03 4.009137046523392200e-04
6.069500000000255568e+03 4.002826171927154064e-04
6.070400000000256114e+03 4.002712084911763668e-04
6.071300000000255750e+03 4.006869276054203510e-04
6.072200000000255386e+03 4.015737213194370270e-04
6.073100000000255932e+03 4.026383394375443459e-04
6.074000000000256478e+03 4.029710544273257256e-04
6.074900000000256114e+03 4.017865285277366638e-04
6.075800000000255750e+03 3.997450112365186214e-04
6.076700000000256296e+03 3.973204875364899635e-04
6.077600000000256841e+03 3.935112326871603727e-04
6.078500000000256478e+03 3.902855387423187494e-04
6.079400000000256114e+03 3.913003019988536835e-04
6.080300000000256659e+03 3.929905069526284933e-04
6.081200000000257205e+03 3.914529515895992517e-04
6.082100000000256841e+03 3.894116380251944065e-04
6.083000000000256478e+03 3.899893199559301138e-04
6.083900000000257023e+03 3.911442763637751341e-04
6.084800000000257569e+03 3.908224462065845728e-04
6.085700000000257205e+03 3.906527126673609018e-04
6.086600000000256841e+03 3.919324954040348530e-04
6.087500000000257387e+03 3.934937121812254190e-04
6.088400000000257933e+03 3.929811064153909683e-04
6.089300000000257569e+03 3.895846602972596884e-04
6.090200000000257205e+03 3.870254149660468102e-04
6.091100000000257751e+03 3.876772534567862749e-04
6.092000000000258296e+03 3.888936189468950033e-04
6.092900000000257933e+03 3.890977823175489902e-04
6.093800000000257569e+03 3.906619967892765999e-04
6.094700000000258115e+03 3.937511937692761421e-04
6.095600000000258660e+03 3.949604579247534275e-04
6.096500000000258296e+03 3.934384440071880817e-04
6.097400000000257933e+03 3.920382005162537098e-04
6.098300000000258478e+03 3.928687365259975195e-04
6.099200000000259024e+03 3.948181110899895430e-04
6.100100000000258660e+03 3.946793440263718367e-04
6.101000000000258296e+03 3.895295958500355482e-04
6.101900000000258842e+03 3.793885116465389729e-04
6.102800000000259388e+03 3.735269128810614347e-04
6.103700000000259024e+03 3.792145580518990755e-04
6.104600000000258660e+03 3.882501623593270779e-04
6.105500000000259206e+03 3.917063295375555754e-04
6.106400000000259752e+03 3.905358607880771160e-04
6.107300000000259388e+03 3.887542989104986191e-04
6.108200000000259024e+03 3.895876870956271887e-04
6.109100000000259570e+03 3.929100348614156246e-04
6.110000000000260115e+03 3.938765439670532942e-04
6.110900000000259752e+03 3.909247461706399918e-04
6.111800000000259388e+03 3.890263906214386225e-04
6.112700000000259934e+03 3.908544313162565231e-04
6.113600000000260479e+03 3.938279114663600922e-04
6.114500000000260115e+03 3.944279451388865709e-04
6.115400000000259752e+03 3.915363049600273371e-04
6.116300000000260297e+03 3.886503400281071663e-04
6.117200000000260843e+03 3.898480790667235851e-04
6.118100000000260479e+03 3.914971021004021168e-04
6.119000000000260115e+03 3.894124820362776518e-04
6.119900000000260661e+03 3.857275296468287706e-04
6.120800000000261207e+03 3.813697549048811197e-04
6.121700000000260843e+03 3.762673004530370235e-04
6.122600000000260479e+03 3.765817382372915745e-04
6.123500000000261025e+03 3.836131654679775238e-04
6.124400000000261571e+03 3.881635202560573816e-04
6.125300000000261207e+03 3.870851942338049412e-04
6.126200000000260843e+03 3.854150418192148209e-04
6.127100000000261389e+03 3.841089783236384392e-04
6.128000000000261934e+03 3.821891732513904572e-04
6.128900000000261571e+03 3.820151323452591896e-04
6.129800000000261207e+03 3.846360777970403433e-04
6.130700000000261753e+03 3.873237292282283306e-04
6.131600000000262298e+03 3.886512422468513250e-04
6.132500000000261934e+03 3.897520655300468206e-04
6.133400000000261571e+03 3.897772112395614386e-04
6.134300000000262116e+03 3.862749435938894749e-04
6.135200000000262662e+03 3.781510458793491125e-04
6.136100000000262298e+03 3.667944401968270540e-04
6.137000000000261934e+03 3.601464559324085712e-04
6.137900000000262480e+03 3.661217633634805679e-04
6.138800000000263026e+03 3.794605727307498455e-04
6.139700000000262662e+03 3.873132809530943632e-04
6.140600000000262298e+03 3.845088649541139603e-04
6.141500000000262844e+03 3.784445289056748152e-04
6.142400000000263390e+03 3.798383404500782490e-04
6.143300000000263026e+03 3.869463980663567781e-04
6.144200000000262662e+03 3.908623184543102980e-04
6.145100000000263208e+03 3.901051240973174572e-04
6.146000000000263753e+03 3.878523129969835281e-04
6.146900000000263390e+03 3.841085417661815882e-04
6.147800000000263026e+03 3.793220384977757931e-04
6.148700000000263572e+03 3.767081652767956257e-04
6.149600000000264117e+03 3.774666110984981060e-04
6.150500000000263753e+03 3.802564169745892286e-04
6.151400000000263390e+03 3.833808877971023321e-04
6.152300000000263935e+03 3.856093680951744318e-04
6.153200000000264481e+03 3.852798254229128361e-04
6.154100000000264117e+03 3.817859396804124117e-04
6.155000000000263753e+03 3.789927286561578512e-04
6.155900000000264299e+03 3.785363223869353533e-04
6.156800000000264845e+03 3.776074445340782404e-04
6.157700000000264481e+03 3.763276909012347460e-04
6.158600000000264117e+03 3.773676871787756681e-04
6.159500000000264663e+03 3.768565366044640541e-04
6.160400000000265209e+03 3.695864288602024317e-04
6.161300000000264845e+03 3.595231391955167055e-04
6.162200000000264481e+03 3.559457254596054554e-04
6.163100000000265027e+03 3.607140970416367054e-04
6.164000000000265572e+03 3.685721894726157188e-04
6.164900000000265209e+03 3.738169034477323294e-04
6.165800000000264845e+03 3.757123195100575686e-04
6.166700000000265391e+03 3.781106206588447094e-04
6.167600000000265936e+03 3.785336157307028770e-04
6.168500000000265572e+03 3.719486412592232227e-04
6.169400000000265209e+03 3.640165377873927355e-04
6.170300000000265754e+03 3.647442208603024483e-04
6.171200000000266300e+03 3.721931134350597858e-04
6.172100000000265936e+03 3.766609297599643469e-04
6.173000000000265572e+03 3.763225686270743608e-04
6.173900000000266118e+03 3.757960512302815914e-04
6.174800000000266664e+03 3.755994839593768120e-04
6.175700000000266300e+03 3.742768603842705488e-04
6.176600000000265936e+03 3.733110788743942976e-04
6.177500000000266482e+03 3.747235459741204977e-04
6.178400000000267028e+03 3.768999886233359575e-04
6.179300000000266664e+03 3.765385481528937817e-04
6.180200000000266300e+03 3.759289393201470375e-04
6.181100000000266846e+03 3.779254911933094263e-04
6.182000000000267391e+03 3.799155238084495068e-04
6.182900000000267028e+03 3.796761156991124153e-04
6.183800000000266664e+03 3.789649053942412138e-04
6.184700000000267210e+03 3.778151876758784056e-04
6.185600000000267755e+03 3.750151663552969694e-04
6.186500000000267391e+03 3.721150278579443693e-04
6.187400000000267028e+03 3.708013391587883234e-04
6.188300000000267573e+03 3.712365869432687759e-04
6.189200000000268119e+03 3.720200620591640472e-04
6.190100000000267755e+03 3.682660171762108803e-04
6.191000000000267391e+03 3.610458225011825562e-04
6.191900000000267937e+03 3.604479425121098757e-04
6.192800000000268483e+03 3.677218628581613302e-04
6.193700000000268119e+03 3.734346246346831322e-04
6.194600000000267755e+03 3.744876594282686710e-04
6.195500000000268301e+03 3.751961630769073963e-04
6.196400000000268847e+03 3.779042745009064674e-04
6.197300000000268483e+03 3.792612696997821331e-04
6.198200000000268119e+03 3.757564991246908903e-04
6.199100000000268665e+03 3.696129715535789728e-04
6.200000000000269210e+03 3.669554425869137049e-04
6.200900000000268847e+03 3.704851260408759117e-04
6.201800000000268483e+03 3.760460240300744772e-04
6.202700000000269029e+03 3.789070760831236839e-04
6.203600000000269574e+03 3.784562577493488789e-04
6.204500000000269210e+03 3.771155897993594408e-04
6.205400000000268847e+03 3.769635513890534639e-04
6.206300000000269392e+03 3.774962679017335176e-04
6.207200000000269938e+03 3.771061310544610023e-04
6.208100000000269574e+03 3.760654653888195753e-04
6.209000000000269210e+03 3.758075763471424580e-04
6.209900000000269756e+03 3.753940691240131855e-04
6.210800000000270302e+03 3.743031120393425226e-04
6.211700000000269938e+03 3.721026296261698008e-04
6.212600000000269574e+03 3.671655431389808655e-04
6.213500000000270120e+03 3.613164590205997229e-04
6.214400000000270666e+03 3.581256896723061800e-04
6.215300000000270302e+03 3.582542121876031160e-04
6.216200000000269938e+03 3.613739681895822287e-04
6.217100000000270484e+03 3.658187633845955133e-04
6.218000000000271029e+03 3.672696184366941452e-04
6.218900000000270666e+03 3.641384246293455362e-04
6.219800000000270302e+03 3.608763217926025391e-04
6.220700000000270848e+03 3.615108435042202473e-04
6.221600000000271393e+03 3.652361338026821613e-04
6.222500000000271029e+03 3.678807115647941828e-04
6.223400000000270666e+03 3.671409212984144688e-04
6.224300000000271211e+03 3.658993518911302090e-04
6.225200000000271757e+03 3.670636215247213840e-04
6.226100000000271393e+03 3.687515854835510254e-04
6.227000000000271029e+03 3.695307823363691568e-04
6.227900000000271575e+03 3.695982450153678656e-04
6.228800000000272121e+03 3.661524388007819653e-04
6.229700000000271757e+03 3.586288075894117355e-04
6.230600000000271393e+03 3.532083937898278236e-04
6.231500000000271939e+03 3.544494975358247757e-04
6.232400000000272485e+03 3.589091065805405378e-04
6.233300000000272121e+03 3.640593786258250475e-04
6.234200000000271757e+03 3.700706583913415670e-04
6.235100000000272303e+03 3.733068006113171577e-04
6.236000000000272848e+03 3.718781226780265570e-04
6.236900000000272485e+03 3.673187165986746550e-04
6.237800000000272121e+03 3.615859604906290770e-04
6.238700000000272667e+03 3.569126129150390625e-04
6.239600000000273212e+03 3.553772403392940760e-04
6.240500000000272848e+03 3.587255487218499184e-04
6.241400000000272485e+03 3.629194397944957018e-04
6.242300000000273030e+03 3.611168940551578999e-04
6.243200000000273576e+03 3.566180530469864607e-04
6.244100000000273212e+03 3.561690682545304298e-04
6.245000000000272848e+03 3.573947178665548563e-04
6.245900000000273394e+03 3.563796053640544415e-04
6.246800000000273940e+03 3.567598178051412106e-04
6.247700000000273576e+03 3.609911364037543535e-04
6.248600000000273212e+03 3.653066523838788271e-04
6.249500000000273758e+03 3.669767756946384907e-04
6.250400000000274304e+03 3.660585498437285423e-04
6.251300000000273940e+03 3.618738846853375435e-04
6.252200000000273576e+03 3.566577797755599022e-04
6.253100000000274122e+03 3.545890212990343571e-04
6.254000000000274667e+03 3.554680442903190851e-04
6.254900000000274304e+03 3.567756793927401304e-04
6.255800000000273940e+03 3.560368495527654886e-04
6.256700000000274486e+03 3.536595031619071960e-04
6.257600000000275031e+03 3.513129486236721277e-04
6.258500000000274667e+03 3.512424009386450052e-04
6.259400000000274304e+03 3.555946750566363335e-04
6.260300000000274849e+03 3.602405777201056480e-04
6.261200000000275395e+03 3.621134674176573753e-04
6.262100000000275031e+03 3.646750701591372490e-04
6.263000000000274667e+03 3.675417392514646053e-04
6.263900000000275213e+03 3.660421352833509445e-04
6.264800000000275759e+03 3.615360765252262354e-04
6.265700000000275395e+03 3.604597877711057663e-04
6.266600000000275031e+03 3.635632456280291080e-04
6.267500000000275577e+03 3.655312466435134411e-04
6.268400000000276123e+03 3.642520750872790813e-04
6.269300000000275759e+03 3.624827368184924126e-04
6.270200000000275395e+03 3.619720228016376495e-04
6.271100000000275941e+03 3.624804958235472441e-04
6.272000000000276486e+03 3.638937487266957760e-04
6.272900000000276123e+03 3.652688465081155300e-04
6.273800000000275759e+03 3.651054867077618837e-04
6.274700000000276304e+03 3.649155260063707829e-04
6.275600000000276850e+03 3.661359951365739107e-04
6.276500000000276486e+03 3.666882985271513462e-04
6.277400000000276123e+03 3.656346816569566727e-04
6.278300000000276668e+03 3.640578943304717541e-04
6.279200000000277214e+03 3.619025810621678829e-04
6.280100000000276850e+03 3.595711896196007729e-04
6.281000000000276486e+03 3.595384478103369474e-04
6.281900000000277032e+03 3.614512388594448566e-04
6.282800000000277578e+03 3.643823729362338781e-04
6.283700000000277214e+03 3.671502054203301668e-04
6.284600000000276850e+03 3.670673177111893892e-04
6.285500000000277396e+03 3.658731875475496054e-04
6.286400000000277942e+03 3.670750011224299669e-04
6.287300000000277578e+03 3.692051104735583067e-04
6.288200000000277214e+03 3.702540125232189894e-04
6.289100000000277760e+03 3.696552885230630636e-04
6.290000000000278305e+03 3.665775002446025610e-04
6.290900000000277942e+03 3.629643470048904419e-04
6.291800000000277578e+03 3.609944251365959644e-04
6.292700000000278123e+03 3.609936975408345461e-04
6.293600000000278669e+03 3.631185390986502171e-04
6.294500000000278305e+03 3.648526035249233246e-04
6.295400000000277942e+03 3.627995029091835022e-04
6.296300000000278487e+03 3.584674850571900606e-04
6.297200000000279033e+03 3.559314645826816559e-04
6.298100000000278669e+03 3.566349041648209095e-04
6.299000000000278305e+03 3.589300031308084726e-04
6.299900000000278851e+03 3.594342852011322975e-04
6.300800000000279397e+03 3.564822254702448845e-04
6.301700000000279033e+03 3.533345297910273075e-04
6.302600000000278669e+03 3.543098573572933674e-04
6.303500000000279215e+03 3.579205949790775776e-04
6.304400000000279761e+03 3.592309076339006424e-04
6.305300000000279397e+03 3.584565420169383287e-04
6.306200000000279033e+03 3.600131603889167309e-04
6.307100000000279579e+03 3.641764924395829439e-04
6.308000000000280124e+03 3.670643782243132591e-04
6.308900000000279761e+03 3.661729570012539625e-04
6.309800000000279397e+03 3.620563365984708071e-04
6.310700000000279942e+03 3.582485660444945097e-04
6.311600000000280488e+03 3.576122689992189407e-04
6.312500000000280124e+03 3.593770670704543591e-04
6.313400000000279761e+03 3.597497416194528341e-04
6.314300000000280306e+03 3.562308265827596188e-04
6.315200000000280852e+03 3.532996925059705973e-04
6.316100000000280488e+03 3.537074080668389797e-04
6.317000000000280124e+03 3.522227343637496233e-04
6.317900000000280670e+03 3.482924657873809338e-04
6.318800000000281216e+03 3.484366170596331358e-04
6.319700000000280852e+03 3.527933440636843443e-04
6.320600000000280488e+03 3.567329549696296453e-04
6.321500000000281034e+03 3.581749624572694302e-04
6.322400000000281580e+03 3.581575583666563034e-04
6.323300000000281216e+03 3.595931630115956068e-04
6.324200000000280852e+03 3.621813084464520216e-04
6.325100000000281398e+03 3.635947650764137506e-04
6.326000000000281943e+03 3.629532584454864264e-04
6.326900000000281580e+03 3.609243722166866064e-04
6.327800000000281216e+03 3.608710831031203270e-04
6.328700000000281761e+03 3.628374543040990829e-04
6.329600000000282307e+03 3.620542702265083790e-04
6.330500000000281943e+03 3.593072178773581982e-04
6.331400000000281580e+03 3.591500571928918362e-04
6.332300000000282125e+03 3.614967572502791882e-04
6.333200000000282671e+03 3.629317507147789001e-04
6.334100000000282307e+03 3.592777065932750702e-04
6.335000000000281943e+03 3.513696137815713882e-04
6.335900000000282489e+03 3.468819777481257915e-04
6.336800000000283035e+03 3.493406984489411116e-04
6.337700000000282671e+03 3.533960261847823858e-04
6.338600000000282307e+03 3.543238271959125996e-04
6.339500000000282853e+03 3.553501155693084002e-04
6.340400000000283399e+03 3.581516793929040432e-04
6.341300000000283035e+03 3.591032000258564949e-04
6.342200000000282671e+03 3.561629855539649725e-04
6.343100000000283217e+03 3.508527879603207111e-04
6.344000000000283762e+03 3.477979626040905714e-04
6.344900000000283399e+03 3.477878635749220848e-04
6.345800000000283035e+03 3.452078672125935555e-04
6.346700000000283580e+03 3.410516947042196989e-04
6.347600000000284126e+03 3.434286336414515972e-04
6.348500000000283762e+03 3.510386450216174126e-04
6.349400000000283399e+03 3.555975563358515501e-04
6.350300000000283944e+03 3.564214275684207678e-04
6.351200000000284490e+03 3.573515568859875202e-04
6.352100000000284126e+03 3.584458900149911642e-04
6.353000000000283762e+03 3.569878463167697191e-04
6.353900000000284308e+03 3.526833024807274342e-04
6.354800000000284854e+03 3.498280711937695742e-04
6.355700000000284490e+03 3.508705121930688620e-04
6.356600000000284126e+03 3.521296603139489889e-04
6.357500000000284672e+03 3.493272815831005573e-04
6.358400000000285218e+03 3.449206124059855938e-04
6.359300000000284854e+03 3.433210076764225960e-04
6.360200000000284490e+03 3.433121892157942057e-04
6.361100000000285036e+03 3.414791717659682035e-04
6.362000000000285581e+03 3.390586352907121181e-04
6.362900000000285218e+03 3.396528773009777069e-04
6.363800000000284854e+03 3.428519121371209621e-04
6.364700000000285399e+03 3.463600878603756428e-04
6.365600000000285945e+03 3.491815587040036917e-04
6.366500000000285581e+03 3.517282311804592609e-04
6.367400000000285218e+03 3.539549943525344133e-04
6.368300000000285763e+03 3.543053462635725737e-04
6.369200000000286309e+03 3.512453404255211353e-04
6.370100000000285945e+03 3.459003346506506205e-04
6.371000000000285581e+03 3.434280806686729193e-04
6.371900000000286127e+03 3.480374871287494898e-04
6.372800000000286673e+03 3.551047411747276783e-04
6.373700000000286309e+03 3.580034826882183552e-04
6.374600000000285945e+03 3.573932917788624763e-04
6.375500000000286491e+03 3.571056004147976637e-04
6.376400000000287037e+03 3.575663140509277582e-04
6.377300000000286673e+03 3.560850454960018396e-04
6.378200000000286309e+03 3.532687551341950893e-04
6.379100000000286855e+03 3.519887977745383978e-04
6.380000000000287400e+03 3.520977625157684088e-04
6.380900000000287037e+03 3.523402847349643707e-04
6.381800000000286673e+03 3.533912822604179382e-04
6.382700000000287218e+03 3.539014724083244801e-04
6.383600000000287764e+03 3.519404854159802198e-04
6.384500000000287400e+03 3.503900661598891020e-04
6.385400000000287037e+03 3.520290483720600605e-04
6.386300000000287582e+03 3.551382396835833788e-04
6.387200000000288128e+03 3.568136307876557112e-04
6.388100000000287764e+03 3.567387757357209921e-04
6.389000000000287400e+03 3.569686668924987316e-04
6.389900000000287946e+03 3.580047341529279947e-04
6.390800000000288492e+03 3.573874128051102161e-04
6.391700000000288128e+03 3.530069079715758562e-04
6.392600000000287764e+03 3.459216968622058630e-04
6.393500000000288310e+03 3.426378825679421425e-04
6.394400000000288856e+03 3.467916394583880901e-04
6.395300000000288492e+03 3.529539681039750576e-04
6.396200000000288128e+03 3.568575484678149223e-04
6.397100000000288674e+03 3.585329395718872547e-04
6.398000000000289219e+03 3.562683123163878918e-04
6.398900000000288856e+03 3.481962485238909721e-04
6.399800000000288492e+03 3.405968600418418646e-04
6.400700000000289037e+03 3.429797652643173933e-04
6.401600000000289583e+03 3.516764554660767317e-04
6.402500000000289219e+03 3.567709354683756828e-04
6.403400000000288856e+03 3.574245492927730083e-04
6.404300000000289401e+03 3.564727667253464460e-04
6.405200000000289947e+03 3.546244988683611155e-04
6.406100000000289583e+03 3.513119881972670555e-04
6.407000000000289219e+03 3.465255722403526306e-04
6.407900000000289765e+03 3.443998284637928009e-04
6.408800000000290311e+03 3.485107736196368933e-04
6.409700000000289947e+03 3.525380743667483330e-04
6.410600000000289583e+03 3.497377329040318727e-04
6.411500000000290129e+03 3.459965519141405821e-04
6.412400000000290675e+03 3.470985975582152605e-04
6.413300000000290311e+03 3.491970710456371307e-04
6.414200000000289947e+03 3.495015262160450220e-04
6.415100000000290493e+03 3.496793215163052082e-04
6.416000000000291038e+03 3.494655247777700424e-04
6.416900000000290675e+03 3.482194442767649889e-04
6.417800000000290311e+03 3.476750571280717850e-04
6.418700000000290856e+03 3.465600020717829466e-04
6.419600000000291402e+03 3.431224613450467587e-04
6.420500000000291038e+03 3.404071030672639608e-04
6.421400000000290675e+03 3.428270865697413683e-04
6.422300000000291220e+03 3.500142775010317564e-04
6.423200000000291766e+03 3.552271518856287003e-04
6.424100000000291402e+03 3.542524937074631453e-04
6.425000000000291038e+03 3.517555596772581339e-04
6.425900000000291584e+03 3.525628999341279268e-04
6.426800000000292130e+03 3.555201983544975519e-04
6.427700000000291766e+03 3.569261753000319004e-04
6.428600000000291402e+03 3.543773782439529896e-04
6.429500000000291948e+03 3.476360870990902185e-04
6.430400000000292493e+03 3.405555326025933027e-04
6.431300000000292130e+03 3.387815086171030998e-04
6.432200000000291766e+03 3.423225134611129761e-04
6.433100000000292312e+03 3.466992930043488741e-04
6.434000000000292857e+03 3.501758037600666285e-04
6.434900000000292493e+03 3.525940701365470886e-04
6.435800000000292130e+03 3.530680842231959105e-04
6.436700000000292675e+03 3.508543886709958315e-04
6.437600000000293221e+03 3.454864781815558672e-04
6.438500000000292857e+03 3.400580317247658968e-04
6.439400000000292493e+03 3.408405755180865526e-04
6.440300000000293039e+03 3.474441764410585165e-04
6.441200000000293585e+03 3.526695363689213991e-04
6.442100000000293221e+03 3.532797563821077347e-04
6.443000000000292857e+03 3.519792226143181324e-04
6.443900000000293403e+03 3.513496776577085257e-04
6.444800000000293949e+03 3.518331504892557859e-04
6.445700000000293585e+03 3.532609844114631414e-04
6.446600000000293221e+03 3.542762424331158400e-04
6.447500000000293767e+03 3.517904551699757576e-04
6.448400000000294312e+03 3.429327625781297684e-04
6.449300000000293949e+03 3.319636743981391191e-04
6.450200000000293585e+03 3.293409245088696480e-04
6.451100000000294131e+03 3.367828321643173695e-04
6.452000000000294676e+03 3.453692770563066006e-04
6.452900000000294312e+03 3.494371485430747271e-04
6.453800000000293949e+03 3.481550374999642372e-04
6.454700000000294494e+03 3.409251803532242775e-04
6.455600000000295040e+03 3.320168470963835716e-04
6.456500000000294676e+03 3.307903243694454432e-04
6.457400000000294312e+03 3.387994947843253613e-04
6.458300000000294858e+03 3.476532874628901482e-04
6.459200000000295404e+03 3.519486344885081053e-04
6.460100000000295040e+03 3.516660071909427643e-04
6.461000000000294676e+03 3.466638736426830292e-04
6.461900000000295222e+03 3.380420967005193233e-04
6.462800000000295768e+03 3.340151743032038212e-04
6.463700000000295404e+03 3.387533652130514383e-04
6.464600000000295040e+03 3.451095835771411657e-04
6.465500000000295586e+03 3.478724393062293530e-04
6.466400000000296131e+03 3.489056252874433994e-04
6.467300000000295768e+03 3.492638643365353346e-04
6.468200000000295404e+03 3.482471802271902561e-04
6.469100000000295950e+03 3.460122388787567616e-04
6.470000000000296495e+03 3.437167324591428041e-04
6.470900000000296131e+03 3.415444225538522005e-04
6.471800000000295768e+03 3.416174440644681454e-04
6.472700000000296313e+03 3.447984927333891392e-04
6.473600000000296859e+03 3.460356092546135187e-04
6.474500000000296495e+03 3.436327388044446707e-04
6.475400000000296131e+03 3.420817665755748749e-04
6.476300000000296677e+03 3.438832063693553209e-04
6.477200000000297223e+03 3.457806305959820747e-04
6.478100000000296859e+03 3.450431104283779860e-04
6.479000000000296495e+03 3.437094565015286207e-04
6.479900000000297041e+03 3.422938461881130934e-04
6.480800000000297587e+03 3.382628201507031918e-04
6.481700000000297223e+03 3.325839934404939413e-04
6.482600000000296859e+03 3.302404365967959166e-04
6.483500000000297405e+03 3.327789017930626869e-04
6.484400000000297950e+03 3.371605416759848595e-04
6.485300000000297587e+03 3.400991263333708048e-04
6.486200000000297223e+03 3.410898789297789335e-04
6.487100000000297769e+03 3.415434912312775850e-04
6.488000000000298314e+03 3.418249834794551134e-04
6.488900000000297950e+03 3.404146118555217981e-04
6.489800000000297587e+03 3.369732294231653214e-04
6.490700000000298132e+03 3.339468676131218672e-04
6.491600000000298678e+03 3.328391467221081257e-04
6.492500000000298314e+03 3.294759662821888924e-04
6.493400000000297950e+03 3.206396941095590591e-04
6.494300000000298496e+03 3.118881431873887777e-04
6.495200000000299042e+03 3.095391439273953438e-04
6.496100000000298678e+03 3.123744972981512547e-04
6.497000000000298314e+03 3.176804748363792896e-04
6.497900000000298860e+03 3.231720475014299154e-04
6.498800000000299406e+03 3.259575169067829847e-04
6.499700000000299042e+03 3.281456301920115948e-04
6.500600000000298678e+03 3.316006623208522797e-04
6.501500000000299224e+03 3.340389521326869726e-04
6.502400000000299769e+03 3.353046195115894079e-04
6.503300000000299406e+03 3.361227572895586491e-04
6.504200000000299042e+03 3.367214230820536613e-04
6.505100000000299588e+03 3.378498367965221405e-04
6.506000000000300133e+03 3.384247247595340014e-04
6.506900000000299769e+03 3.373746294528245926e-04
6.507800000000299406e+03 3.352663770783692598e-04
6.508700000000299951e+03 3.343143034726381302e-04
6.509600000000300497e+03 3.355624212417751551e-04
6.510500000000300133e+03 3.370780032128095627e-04
6.511400000000299769e+03 3.371786442585289478e-04
6.512300000000300315e+03 3.367080644238740206e-04
6.513200000000300861e+03 3.365746233612298965e-04
6.514100000000300497e+03 3.351290069986134768e-04
6.515000000000300133e+03 3.308934683445841074e-04
6.515900000000300679e+03 3.264929400756955147e-04
6.516800000000301225e+03 3.253422328270971775e-04
6.517700000000300861e+03 3.261839156039059162e-04
6.518600000000300497e+03 3.271908790338784456e-04
6.519500000000301043e+03 3.298700612504035234e-04
6.520400000000301588e+03 3.335413348395377398e-04
6.521300000000301225e+03 3.351155610289424658e-04
6.522200000000300861e+03 3.342720156069844961e-04
6.523100000000301407e+03 3.331846091896295547e-04
6.524000000000301952e+03 3.332811756990849972e-04
6.524900000000301588e+03 3.327206068206578493e-04
6.525800000000301225e+03 3.293286717962473631e-04
6.526700000000301770e+03 3.256384807173162699e-04
6.527600000000302316e+03 3.255179617553949356e-04
6.528500000000301952e+03 3.280568635091185570e-04
6.529400000000301588e+03 3.299065865576267242e-04
6.530300000000302134e+03 3.295725618954747915e-04
6.531200000000302680e+03 3.267745487391948700e-04
6.532100000000302316e+03 3.230397705920040607e-04
6.533000000000301952e+03 3.209523856639862061e-04
6.533900000000302498e+03 3.219583886675536633e-04
6.534800000000303044e+03 3.247894346714019775e-04
6.535700000000302680e+03 3.259236109443008900e-04
6.536600000000302316e+03 3.240757796447724104e-04
6.537500000000302862e+03 3.218744241166859865e-04
6.538400000000303407e+03 3.220209910068660975e-04
6.539300000000303044e+03 3.233650350011885166e-04
6.540200000000302680e+03 3.229657013434916735e-04
6.541100000000303226e+03 3.199576458428055048e-04
6.542000000000303771e+03 3.161562199238687754e-04
6.542900000000303407e+03 3.134558792226016521e-04
6.543800000000303044e+03 3.114545543212443590e-04
6.544700000000303589e+03 3.078110166825354099e-04
6.545600000000304135e+03 3.020925505552440882e-04
6.546500000000303771e+03 2.988739870488643646e-04
6.547400000000303407e+03 2.999086282216012478e-04
6.548300000000303953e+03 3.012708039022982121e-04
6.549200000000304499e+03 3.005410253535956144e-04
6.550100000000304135e+03 2.976945543196052313e-04
6.551000000000303771e+03 2.937363460659980774e-04
6.551900000000304317e+03 2.898000529967248440e-04
6.552800000000304863e+03 2.853161422535777092e-04
6.553700000000304499e+03 2.795191539917141199e-04
6.554600000000304135e+03 2.731035929173231125e-04
6.555500000000304681e+03 2.681071055121719837e-04
6.556400000000305226e+03 2.651682007126510143e-04
6.557300000000304863e+03 2.622279280330985785e-04
6.558200000000304499e+03 2.571970399003475904e-04
6.559100000000305045e+03 2.500145928934216499e-04
6.560000000000305590e+03 2.393772301729768515e-04
6.560900000000305226e+03 2.175973495468497276e-04
6.561800000000304863e+03 1.833638089010491967e-04
6.562700000000305408e+03 1.618886453798040748e-04
6.563600000000305954e+03 1.774018310243263841e-04
6.564500000000305590e+03 2.124976454069837928e-04
6.565400000000305226e+03 2.385285770287737250e-04
6.566300000000305772e+03 2.522245340514928102e-04
6.567200000000306318e+03 2.604858309496194124e-04
6.568100000000305954e+03 2.644945343490689993e-04
6.569000000000305590e+03 2.659651800058782101e-04
6.569900000000306136e+03 2.693618298508226871e-04
6.570800000000306682e+03 2.748725528363138437e-04
6.571700000000306318e+03 2.790560247376561165e-04
6.572600000000305954e+03 2.806702686939388514e-04
6.573500000000306500e+03 2.815896295942366123e-04
6.574400000000307045e+03 2.834713086485862732e-04
6.575300000000306682e+03 2.879011444747447968e-04
6.576200000000306318e+03 2.948442124761641026e-04
6.577100000000306864e+03 3.011031658388674259e-04
6.578000000000307409e+03 3.048803191632032394e-04
6.578900000000307045e+03 3.060544258914887905e-04
6.579800000000306682e+03 3.049571823794394732e-04
6.580700000000307227e+03 3.039532748516649008e-04
6.581600000000307773e+03 3.054905100725591183e-04
6.582500000000307409e+03 3.084762138314545155e-04
6.583400000000307045e+03 3.108961682301014662e-04
6.584300000000307591e+03 3.118958848062902689e-04
6.585200000000308137e+03 3.112934064120054245e-04
6.586100000000307773e+03 3.107278316747397184e-04
6.587000000000307409e+03 3.128798271063715219e-04
6.587900000000307955e+03 3.163651854265481234e-04
6.588800000000308501e+03 3.185372042935341597e-04
6.589700000000308137e+03 3.192796721123158932e-04
6.590600000000307773e+03 3.182232030667364597e-04
6.591500000000308319e+03 3.134626022074371576e-04
6.592400000000308864e+03 3.062719770241528749e-04
6.593300000000308501e+03 3.032101958524435759e-04
6.594200000000308137e+03 3.077546134591102600e-04
6.595100000000308683e+03 3.148331015836447477e-04
6.596000000000309228e+03 3.182946820743381977e-04
6.596900000000308864e+03 3.176429308950901031e-04
6.597800000000308501e+03 3.155765589326620102e-04
6.598700000000309046e+03 3.153642464894801378e-04
6.599600000000309592e+03 3.180671483278274536e-04
6.600500000000309228e+03 3.217100747860968113e-04
6.601400000000308864e+03 3.236487391404807568e-04
6.602300000000309410e+03 3.234655887354165316e-04
6.603200000000309956e+03 3.221819933969527483e-04
6.604100000000309592e+03 3.204974054824560881e-04
6.605000000000309228e+03 3.189755952917039394e-04
6.605900000000309774e+03 3.184163360856473446e-04
6.606800000000310320e+03 3.180246276315301657e-04
6.607700000000309956e+03 3.160484484396874905e-04
6.608600000000309592e+03 3.131022094748914242e-04
6.609500000000310138e+03 3.137777966912835836e-04
6.610400000000310683e+03 3.193196316715329885e-04
6.611300000000310320e+03 3.239987418055534363e-04
6.612200000000309956e+03 3.236729826312512159e-04
6.613100000000310501e+03 3.208479611203074455e-04
6.614000000000311047e+03 3.206610854249447584e-04
6.614900000000310683e+03 3.234379400964826345e-04
6.615800000000310320e+03 3.249782894272357225e-04
6.616700000000310865e+03 3.241198428440839052e-04
6.617600000000311411e+03 3.232729213777929544e-04
6.618500000000311047e+03 3.235292970202863216e-04
6.619400000000310683e+03 3.244604158680886030e-04
6.620300000000311229e+03 3.254358016420155764e-04
6.621200000000311775e+03 3.255501214880496264e-04
6.622100000000311411e+03 3.240883816033601761e-04
6.623000000000311047e+03 3.210285794921219349e-04
6.623900000000311593e+03 3.172816941514611244e-04
6.624800000000312139e+03 3.155765298288315535e-04
6.625700000000311775e+03 3.176708123646676540e-04
6.626600000000311411e+03 3.202266525477170944e-04
6.627500000000311957e+03 3.206682158634066582e-04
6.628400000000312502e+03 3.203819796908646822e-04
6.629300000000312139e+03 3.197123878635466099e-04
6.630200000000311775e+03 3.187539696227759123e-04
6.631100000000312320e+03 3.175703168381005526e-04
6.632000000000312866e+03 3.151997225359082222e-04
6.632900000000312502e+03 3.116849693469703197e-04
6.633800000000312139e+03 3.102207265328615904e-04
6.634700000000312684e+03 3.129396063741296530e-04
6.635600000000313230e+03 3.171595453750342131e-04
6.636500000000312866e+03 3.197925689164549112e-04
6.637400000000312502e+03 3.208230191376060247e-04
6.638300000000313048e+03 3.202293592039495707e-04
6.639200000000313594e+03 3.185317618772387505e-04
6.640100000000313230e+03 3.186658723279833794e-04
6.641000000000312866e+03 3.207321569789201021e-04
6.641900000000313412e+03 3.200923965778201818e-04
6.642800000000313958e+03 3.157010069116950035e-04
6.643700000000313594e+03 3.128118405584245920e-04
6.644600000000313230e+03 3.146246308460831642e-04
6.645500000000313776e+03 3.177843755111098289e-04
6.646400000000314321e+03 3.187374386470764875e-04
6.647300000000313958e+03 3.180901985615491867e-04
6.648200000000313594e+03 3.183351363986730576e-04
6.649100000000314139e+03 3.194546734448522329e-04
6.650000000000314685e+03 3.194502496626228094e-04
6.650900000000314321e+03 3.185120876878499985e-04
6.651800000000313958e+03 3.180244821123778820e-04
6.652700000000314503e+03 3.180193598382174969e-04
6.653600000000315049e+03 3.182950604241341352e-04
6.654500000000314685e+03 3.188876435160636902e-04
6.655400000000314321e+03 3.185444511473178864e-04
6.656300000000314867e+03 3.172062861267477274e-04
6.657200000000315413e+03 3.172270371578633785e-04
6.658100000000315049e+03 3.183807129971683025e-04
6.659000000000314685e+03 3.181743668392300606e-04
6.659900000000315231e+03 3.164139925502240658e-04
6.660800000000315777e+03 3.147653187625110149e-04
6.661700000000315413e+03 3.129958349745720625e-04
6.662600000000315049e+03 3.099841123912483454e-04
6.663500000000315595e+03 3.084703057538717985e-04
6.664400000000316140e+03 3.102776536252349615e-04
6.665300000000315777e+03 3.124101203866302967e-04
6.666200000000315413e+03 3.130349505227059126e-04
6.667100000000315958e+03 3.128671669401228428e-04
6.668000000000316504e+03 3.132404235657304525e-04
6.668900000000316140e+03 3.152160497847944498e-04
6.669800000000315777e+03 3.174851008225232363e-04
6.670700000000316322e+03 3.178073966410011053e-04
6.671600000000316868e+03 3.169300034642219543e-04
6.672500000000316504e+03 3.166598617099225521e-04
6.673400000000316140e+03 3.173706354573369026e-04
6.674300000000316686e+03 3.184863016940653324e-04
6.675200000000317232e+03 3.183493099641054869e-04
6.676100000000316868e+03 3.148793766740709543e-04
6.677000000000316504e+03 3.080900933127850294e-04
6.677900000000317050e+03 3.032578970305621624e-04
6.678800000000317596e+03 3.050955419894307852e-04
6.679700000000317232e+03 3.102703485637903214e-04
6.680600000000316868e+03 3.130080003757029772e-04
6.681500000000317414e+03 3.136630402877926826e-04
6.682400000000317959e+03 3.145923255942761898e-04
6.683300000000317596e+03 3.157821483910083771e-04
6.684200000000317232e+03 3.166362876072525978e-04
6.685100000000317777e+03 3.165490634273737669e-04
6.686000000000318323e+03 3.161174536217004061e-04
6.686900000000317959e+03 3.156277525704354048e-04
6.687800000000317596e+03 3.152479475829750299e-04
6.688700000000318141e+03 3.152764984406530857e-04
6.689600000000318687e+03 3.154833975713700056e-04
6.690500000000318323e+03 3.156665479764342308e-04
6.691400000000317959e+03 3.158518811687827110e-04
6.692300000000318505e+03 3.157442260999232531e-04
6.693200000000319051e+03 3.157963219564408064e-04
6.694100000000318687e+03 3.155736776534467936e-04
6.695000000000318323e+03 3.131312550976872444e-04
6.695900000000318869e+03 3.096998843830078840e-04
6.696800000000319415e+03 3.082026669289916754e-04
6.697700000000319051e+03 3.088880621362477541e-04
6.698600000000318687e+03 3.109788522124290466e-04
6.699500000000319233e+03 3.137945022899657488e-04
6.700400000000319778e+03 3.156946040689945221e-04
6.701300000000319415e+03 3.156785969622433186e-04
6.702200000000319051e+03 3.141334454994648695e-04
6.703100000000319596e+03 3.114993742201477289e-04
6.704000000000320142e+03 3.096957516390830278e-04
6.704900000000319778e+03 3.104136849287897348e-04
6.705800000000319415e+03 3.126362571492791176e-04
6.706700000000319960e+03 3.139313193969428539e-04
6.707600000000320506e+03 3.138988977298140526e-04
6.708500000000320142e+03 3.132177516818046570e-04
6.709400000000319778e+03 3.121069748885929585e-04
6.710300000000320324e+03 3.113481507170945406e-04
6.711200000000320870e+03 3.117061569355428219e-04
6.712100000000320506e+03 3.118670138064771891e-04
6.713000000000320142e+03 3.104450006503611803e-04
6.713900000000320688e+03 3.084076452068984509e-04
6.714800000000321234e+03 3.063140320591628551e-04
6.715700000000320870e+03 3.038187569472938776e-04
6.716600000000320506e+03 3.011938242707401514e-04
6.717500000000321052e+03 3.005985636264085770e-04
6.718400000000321597e+03 3.040992014575749636e-04
6.719300000000321234e+03 3.084696363657712936e-04
6.720200000000320870e+03 3.098247980233281851e-04
6.721100000000321415e+03 3.087541263084858656e-04
6.722000000000321961e+03 3.080594760831445456e-04
6.722900000000321597e+03 3.095549764111638069e-04
6.723800000000321234e+03 3.113800776191055775e-04
6.724700000000321779e+03 3.106223884969949722e-04
6.725600000000322325e+03 3.079557791352272034e-04
6.726500000000321961e+03 3.067161887884140015e-04
6.727400000000321597e+03 3.078709705732762814e-04
6.728300000000322143e+03 3.092875413130968809e-04
6.729200000000322689e+03 3.103981434833258390e-04
6.730100000000322325e+03 3.115468425676226616e-04
6.731000000000321961e+03 3.117801679763942957e-04
6.731900000000322507e+03 3.105830110143870115e-04
6.732800000000323053e+03 3.088816592935472727e-04
6.733700000000322689e+03 3.082384646404534578e-04
6.734600000000322325e+03 3.089779929723590612e-04
6.735500000000322871e+03 3.105996584054082632e-04
6.736400000000323416e+03 3.108759119641035795e-04
6.737300000000323053e+03 3.083188203163444996e-04
6.738200000000322689e+03 3.054438566323369741e-04
6.739100000000323234e+03 3.053189720958471298e-04
6.740000000000323780e+03 3.070388920605182648e-04
6.740900000000323416e+03 3.077373257838189602e-04
6.741800000000323053e+03 3.064977936446666718e-04
6.742700000000323598e+03 3.050150407943874598e-04
6.743600000000324144e+03 3.051724343094974756e-04
6.744500000000323780e+03 3.063123731408268213e-04
6.745400000000323416e+03 3.064810589421540499e-04
6.746300000000323962e+03 3.053261316381394863e-04
6.747200000000324508e+03 3.042099124286323786e-04
6.748100000000324144e+03 3.038051654584705830e-04
6.749000000000323780e+03 3.033054817933589220e-04
6.749900000000324326e+03 3.029337094631046057e-04
6.750800000000324872e+03 3.035620902664959431e-04
6.751700000000324508e+03 3.035514091607183218e-04
6.752600000000324144e+03 3.025202895514667034e-04
6.753500000000324690e+03 3.030590596608817577e-04
6.754400000000325235e+03 3.051316016353666782e-04
6.755300000000324872e+03 3.059131558984518051e-04
6.756200000000324508e+03 3.061644092667847872e-04
6.757100000000325053e+03 3.073532134294509888e-04
6.758000000000325599e+03 3.091574471909552813e-04
6.758900000000325235e+03 3.106240765191614628e-04
6.759800000000324872e+03 3.112453268840909004e-04
6.760700000000325417e+03 3.104712232016026974e-04
6.761600000000325963e+03 3.088378580287098885e-04
6.762500000000325599e+03 3.083467308897525072e-04
6.763400000000325235e+03 3.092500555794686079e-04
6.764300000000325781e+03 3.092457773163914680e-04
6.765200000000326327e+03 3.078121226280927658e-04
6.766100000000325963e+03 3.053358523175120354e-04
6.767000000000325599e+03 3.032199456356465816e-04
6.767900000000326145e+03 3.035107511095702648e-04
6.768800000000326690e+03 3.053226391784846783e-04
6.769700000000326327e+03 3.055874840356409550e-04
6.770600000000325963e+03 3.038856957573443651e-04
6.771500000000326509e+03 3.035011177416890860e-04
6.772400000000327054e+03 3.056807327084243298e-04
6.773300000000326690e+03 3.083561605308204889e-04
6.774200000000326327e+03 3.099365858361124992e-04
6.775100000000326872e+03 3.104585048276931047e-04
6.776000000000327418e+03 3.097918233834207058e-04
6.776900000000327054e+03 3.087470540776848793e-04
6.777800000000326690e+03 3.090409154538065195e-04
6.778700000000327236e+03 3.104413626715540886e-04
6.779600000000327782e+03 3.106353979092091322e-04
6.780500000000327418e+03 3.095973224844783545e-04
6.781400000000327054e+03 3.075825225096195936e-04
6.782300000000327600e+03 3.038997238036245108e-04
6.783200000000328146e+03 2.997997507918626070e-04
6.784100000000327782e+03 2.974724047817289829e-04
6.785000000000327418e+03 2.976339019369333982e-04
6.785900000000327964e+03 2.992267254739999771e-04
6.786800000000328509e+03 3.018068964593112469e-04
6.787700000000328146e+03 3.045868070330470800e-04
6.788600000000327782e+03 3.049497317988425493e-04
6.789500000000328328e+03 3.038032155018299818e-04
6.790400000000328873e+03 3.041212912648916245e-04
6.791300000000328509e+03 3.050765953958034515e-04
6.792200000000328146e+03 3.043315373361110687e-04
6.793100000000328691e+03 3.021413576789200306e-04
6.794000000000329237e+03 3.013900131918489933e-04
6.794900000000328873e+03 3.019328578375279903e-04
6.795800000000328509e+03 3.026391204912215471e-04
6.796700000000329055e+03 3.036560956388711929e-04
6.797600000000329601e+03 3.042641037609428167e-04
6.798500000000329237e+03 3.038804861716926098e-04
6.799400000000328873e+03 3.038323193322867155e-04
6.800300000000329419e+03 3.043258038815110922e-04
6.801200000000329965e+03 3.053744439966976643e-04
6.802100000000329601e+03 3.058899601455777884e-04
6.803000000000329237e+03 3.044139011763036251e-04
6.803900000000329783e+03 3.031851083505898714e-04
6.804800000000330328e+03 3.038764116354286671e-04
6.805700000000329965e+03 3.038857248611748219e-04
6.806600000000329601e+03 3.025452897418290377e-04
6.807500000000330147e+03 3.023052995558828115e-04
6.808400000000330692e+03 3.026316699106246233e-04
6.809300000000330328e+03 3.016332047991454601e-04
6.810200000000329965e+03 3.010470536537468433e-04
6.811100000000330510e+03 3.020745352841913700e-04
6.812000000000331056e+03 3.026791673619300127e-04
6.812900000000330692e+03 3.016164992004632950e-04
6.813800000000330328e+03 2.992886293213814497e-04
6.814700000000330874e+03 2.979842247441411018e-04
6.815600000000331420e+03 2.996672119479626417e-04
6.816500000000331056e+03 3.027315542567521334e-04
6.817400000000330692e+03 3.045061894226819277e-04
6.818300000000331238e+03 3.037011192645877600e-04
6.819200000000331784e+03 3.015055553987622261e-04
6.820100000000331420e+03 3.003898309543728828e-04
6.821000000000331056e+03 3.016179252881556749e-04
6.821900000000331602e+03 3.039570583496242762e-04
6.822800000000332147e+03 3.055809065699577332e-04
6.823700000000331784e+03 3.059470327571034431e-04
6.824600000000331420e+03 3.057635331060737371e-04
6.825500000000331966e+03 3.053792461287230253e-04
6.826400000000332511e+03 3.039420989807695150e-04
6.827300000000332147e+03 3.008919011335819960e-04
6.828200000000331784e+03 2.985673781950026751e-04
6.829100000000332329e+03 2.992933732457458973e-04
6.830000000000332875e+03 3.015664406120777130e-04
6.830900000000332511e+03 3.031792293768376112e-04
6.831800000000332147e+03 3.030596126336604357e-04
6.832700000000332693e+03 3.019129799213260412e-04
6.833600000000333239e+03 3.018650168087333441e-04
6.834500000000332875e+03 3.035599656868726015e-04
6.835400000000332511e+03 3.043624165002256632e-04
6.836300000000333057e+03 3.026657795999199152e-04
6.837200000000333603e+03 3.002300509251654148e-04
6.838100000000333239e+03 2.981300058308988810e-04
6.839000000000332875e+03 2.958720724564045668e-04
6.839900000000333421e+03 2.934932126663625240e-04
6.840800000000333966e+03 2.912051568273454905e-04
6.841700000000333603e+03 2.904434513766318560e-04
6.842600000000333239e+03 2.927581081166863441e-04
6.843500000000333785e+03 2.970087516587227583e-04
6.844400000000334330e+03 3.005637554451823235e-04
6.845300000000333966e+03 3.015534311998635530e-04
6.846200000000333603e+03 3.009049396496266127e-04
6.847100000000334148e+03 3.008885250892490149e-04
6.848000000000334694e+03 3.012293891515582800e-04
6.848900000000334330e+03 3.011356166098266840e-04
6.849800000000333966e+03 3.013615205418318510e-04
6.850700000000334512e+03 3.020998265128582716e-04
6.851600000000335058e+03 3.026567574124783278e-04
6.852500000000334694e+03 3.026230551768094301e-04
6.853400000000334330e+03 3.009697247762233019e-04
6.854300000000334876e+03 2.968813059851527214e-04
6.855200000000335422e+03 2.935428638011217117e-04
6.856100000000335058e+03 2.942636201623827219e-04
6.857000000000334694e+03 2.961888094432651997e-04
6.857900000000335240e+03 2.976013347506523132e-04
6.858800000000335785e+03 2.986878389492630959e-04
6.859700000000335422e+03 2.977751137223094702e-04
6.860600000000335058e+03 2.947206085082143545e-04
6.861500000000335604e+03 2.928546746261417866e-04
6.862400000000336149e+03 2.950294583570212126e-04
6.863300000000335785e+03 2.992445661220699549e-04
6.864200000000335422e+03 3.018851857632398605e-04
6.865100000000335967e+03 3.018030547536909580e-04
6.866000000000336513e+03 2.993544039782136679e-04
6.866900000000336149e+03 2.947352768387645483e-04
6.867800000000335785e+03 2.910487528424710035e-04
6.868700000000336331e+03 2.930834016297012568e-04
6.869600000000336877e+03 2.981327706947922707e-04
6.870500000000336513e+03 2.991403744090348482e-04
6.871400000000336149e+03 2.969073539134114981e-04
6.872300000000336695e+03 2.955350209958851337e-04
6.873200000000337241e+03 2.965382009278982878e-04
6.874100000000336877e+03 2.980015415232628584e-04
6.875000000000336513e+03 2.979360288009047508e-04
6.875900000000337059e+03 2.975104725919663906e-04
6.876800000000337604e+03 2.983574522659182549e-04
6.877700000000337241e+03 3.002538287546485662e-04
6.878600000000336877e+03 3.008034545928239822e-04
6.879500000000337423e+03 2.992805966641753912e-04
6.880400000000337968e+03 2.968892804346978664e-04
6.881300000000337604e+03 2.941132406704127789e-04
6.882200000000337241e+03 2.922510902862995863e-04
6.883100000000337786e+03 2.933748182840645313e-04
6.884000000000338332e+03 2.967949258163571358e-04
6.884900000000337968e+03 2.989280619658529758e-04
6.885800000000337604e+03 2.982805599458515644e-04
6.886700000000338150e+03 2.982236037496477365e-04
6.887600000000338696e+03 3.002961748279631138e-04
6.888500000000338332e+03 3.009884094353765249e-04
6.889400000000337968e+03 3.005113103426992893e-04
6.890300000000338514e+03 3.019221767317503691e-04
6.891200000000339060e+03 3.027873462997376919e-04
6.892100000000338696e+03 3.006354381795972586e-04
6.893000000000338332e+03 2.996491675730794668e-04
6.893900000000338878e+03 3.009982174262404442e-04
6.894800000000339423e+03 3.001111326739192009e-04
6.895700000000339060e+03 2.975678944494575262e-04
6.896600000000338696e+03 2.975287497974932194e-04
6.897500000000339242e+03 2.994936658069491386e-04
6.898400000000339787e+03 2.996584807988256216e-04
6.899300000000339423e+03 2.973729278892278671e-04
6.900200000000339060e+03 2.961551363114267588e-04
6.901100000000339605e+03 2.986120234709233046e-04
6.902000000000340151e+03 3.016578266397118568e-04
6.902900000000339787e+03 3.013370733242481947e-04
6.903800000000339423e+03 2.989661588799208403e-04
6.904700000000339969e+03 2.974833478219807148e-04
6.905600000000340515e+03 2.981652796734124422e-04
6.906500000000340151e+03 2.999773132614791393e-04
6.907400000000339787e+03 3.005808393936604261e-04
6.908300000000340333e+03 2.997481205966323614e-04
6.909200000000340879e+03 2.994647948071360588e-04
6.910100000000340515e+03 3.001666918862611055e-04
6.911000000000340151e+03 3.001196309924125671e-04
6.911900000000340697e+03 2.989771892316639423e-04
6.912800000000341242e+03 2.966501051560044289e-04
6.913700000000340879e+03 2.943293075077235699e-04
6.914600000000340515e+03 2.950398775283247232e-04
6.915500000000341061e+03 2.966985921375453472e-04
6.916400000000341606e+03 2.961726277135312557e-04
6.917300000000341242e+03 2.957768447231501341e-04
6.918200000000340879e+03 2.970497589558362961e-04
6.919100000000341424e+03 2.986959007102996111e-04
6.920000000000341970e+03 2.996114490088075399e-04
6.920900000000341606e+03 2.996609837282449007e-04
6.921800000000341242e+03 2.992182562593370676e-04
6.922700000000341788e+03 2.975646930281072855e-04
6.923600000000342334e+03 2.940738049801439047e-04
6.924500000000341970e+03 2.908740134444087744e-04
6.925400000000341606e+03 2.906294248532503843e-04
6.926300000000342152e+03 2.927028981503099203e-04
6.927200000000342698e+03 2.947921457234770060e-04
6.928100000000342334e+03 2.957340329885482788e-04
6.929000000000341970e+03 2.966151223517954350e-04
6.929900000000342516e+03 2.973907685372978449e-04
6.930800000000343061e+03 2.966601459775120020e-04
6.931700000000342698e+03 2.944591396953910589e-04
6.932600000000342334e+03 2.925840963143855333e-04
6.933500000000342880e+03 2.928785397671163082e-04
6.934400000000343425e+03 2.949570189230144024e-04
6.935300000000343061e+03 2.964447776321321726e-04
6.936200000000342698e+03 2.960438723675906658e-04
6.937100000000343243e+03 2.951791684608906507e-04
6.938000000000343789e+03 2.954775118269026279e-04
6.938900000000343425e+03 2.970934147015213966e-04
6.939800000000343061e+03 2.987616753671318293e-04
6.940700000000343607e+03 2.994241949636489153e-04
6.941600000000344153e+03 2.981628058478236198e-04
6.942500000000343789e+03 2.951786736957728863e-04
6.943400000000343425e+03 2.918737882282584906e-04
6.944300000000343971e+03 2.890861651394516230e-04
6.945200000000344517e+03 2.884645073208957911e-04
6.946100000000344153e+03 2.907331509049981833e-04
6.947000000000343789e+03 2.938673133030533791e-04
6.947900000000344335e+03 2.960223646368831396e-04
6.948800000000344880e+03 2.966778120025992393e-04
6.949700000000344517e+03 2.955220988951623440e-04
6.950600000000344153e+03 2.925074950326234102e-04
6.951500000000344698e+03 2.903982822317630053e-04
6.952400000000345244e+03 2.902438282035291195e-04
6.953300000000344880e+03 2.900666731875389814e-04
6.954200000000344517e+03 2.902019768953323364e-04
6.955100000000345062e+03 2.918828104157000780e-04
6.956000000000345608e+03 2.943113504443317652e-04
6.956900000000345244e+03 2.955135714728385210e-04
6.957800000000344880e+03 2.950675552710890770e-04
6.958700000000345426e+03 2.943845756817609072e-04
6.959600000000345972e+03 2.942398132290691137e-04
6.960500000000345608e+03 2.946895256172865629e-04
6.961400000000345244e+03 2.952895301859825850e-04
6.962300000000345790e+03 2.954362425953149796e-04
6.963200000000346336e+03 2.955932286567986012e-04
6.964100000000345972e+03 2.953809744212776423e-04
6.965000000000345608e+03 2.938450779765844345e-04
6.965900000000346154e+03 2.925651497207581997e-04
6.966800000000346699e+03 2.938468824140727520e-04
6.967700000000346336e+03 2.966608735732734203e-04
6.968600000000345972e+03 2.978720876853913069e-04
6.969500000000346517e+03 2.964805753435939550e-04
6.970400000000347063e+03 2.937798562925308943e-04
6.971300000000346699e+03 2.925524604506790638e-04
6.972200000000346336e+03 2.946235181298106909e-04
6.973100000000346881e+03 2.966808970086276531e-04
6.974000000000347427e+03 2.950661291833966970e-04
6.974900000000347063e+03 2.916635130532085896e-04
6.975800000000346699e+03 2.889057504944503307e-04
6.976700000000347245e+03 2.857621002476662397e-04
6.977600000000347791e+03 2.809759462252259254e-04
6.978500000000347427e+03 2.778323832899332047e-04
6.979400000000347063e+03 2.805217518471181393e-04
6.980300000000347609e+03 2.865156566258519888e-04
6.981200000000348155e+03 2.910395851358771324e-04
6.982100000000347791e+03 2.936496748588979244e-04
6.983000000000347427e+03 2.951735223177820444e-04
6.983900000000347973e+03 2.954291412606835365e-04
6.984800000000348518e+03 2.948678738903254271e-04
6.985700000000348155e+03 2.942121936939656734e-04
6.986600000000347791e+03 2.939644327852874994e-04
6.987500000000348336e+03 2.934827352873980999e-04
6.988400000000348882e+03 2.920836268458515406e-04
6.989300000000348518e+03 2.906434528995305300e-04
6.990200000000348155e+03 2.913189237006008625e-04
6.991100000000348700e+03 2.937548852059990168e-04
6.992000000000349246e+03 2.952729118987917900e-04
6.992900000000348882e+03 2.946995373349636793e-04
6.993800000000348518e+03 2.926997549366205931e-04
6.994700000000349064e+03 2.912591444328427315e-04
6.995600000000349610e+03 2.918021928053349257e-04
6.996500000000349246e+03 2.929043548647314310e-04
6.997400000000348882e+03 2.928096218965947628e-04
6.998300000000349428e+03 2.905987203121185303e-04
6.999200000000349974e+03 2.874614438042044640e-04
7.000100000000349610e+03 2.864584967028349638e-04
7.001000000000349246e+03 2.885239664465188980e-04
7.001900000000349792e+03 2.911594347096979618e-04
7.002800000000350337e+03 2.913443022407591343e-04
7.003700000000349974e+03 2.891221374738961458e-04
7.004600000000349610e+03 2.871686301659792662e-04
7.005500000000350155e+03 2.866528811864554882e-04
7.006400000000350701e+03 2.870943280868232250e-04
7.007300000000350337e+03 2.885975991375744343e-04
7.008200000000349974e+03 2.907219168264418840e-04
7.009100000000350519e+03 2.921315899584442377e-04
7.010000000000351065e+03 2.917158417403697968e-04
7.010900000000350701e+03 2.901333209592849016e-04
7.011800000000350337e+03 2.895334328059107065e-04
7.012700000000350883e+03 2.905182191170752048e-04
7.013600000000351429e+03 2.905683941207826138e-04
7.014500000000351065e+03 2.872615586966276169e-04
7.015400000000350701e+03 2.813485625665634871e-04
7.016300000000351247e+03 2.777982736006379128e-04
7.017200000000351793e+03 2.812220773193985224e-04
7.018100000000351429e+03 2.877695660572499037e-04
7.019000000000351065e+03 2.911284682340919971e-04
7.019900000000351611e+03 2.919394173659384251e-04
7.020800000000352156e+03 2.919840917456895113e-04
7.021700000000351793e+03 2.904314897023141384e-04
7.022600000000351429e+03 2.868695592042058706e-04
7.023500000000351974e+03 2.833335020113736391e-04
7.024400000000352520e+03 2.826770942192524672e-04
7.025300000000352156e+03 2.851446915883570910e-04
7.026200000000351793e+03 2.880255924537777901e-04
7.027100000000352338e+03 2.893724013119935989e-04
7.028000000000352884e+03 2.892683260142803192e-04
7.028900000000352520e+03 2.893264754675328732e-04
7.029800000000352156e+03 2.895524667110294104e-04
7.030700000000352702e+03 2.895732759498059750e-04
7.031600000000353248e+03 2.895951620303094387e-04
7.032500000000352884e+03 2.894312492571771145e-04
7.033400000000352520e+03 2.888531889766454697e-04
7.034300000000353066e+03 2.882965200114995241e-04
7.035200000000353612e+03 2.895391662605106831e-04
7.036100000000353248e+03 2.909782342612743378e-04
7.037000000000352884e+03 2.882477128878235817e-04
7.037900000000353430e+03 2.830153680406510830e-04
7.038800000000353975e+03 2.825438859872519970e-04
7.039700000000353612e+03 2.882902335841208696e-04
7.040600000000353248e+03 2.941103593911975622e-04
7.041500000000353793e+03 2.964420418720692396e-04
7.042400000000354339e+03 2.959590638056397438e-04
7.043300000000353975e+03 2.935641387011855841e-04
7.044200000000353612e+03 2.896529331337660551e-04
7.045100000000354157e+03 2.873124030884355307e-04
7.046000000000354703e+03 2.888474264182150364e-04
7.046900000000354339e+03 2.920867991633713245e-04
7.047800000000353975e+03 2.946119348052889109e-04
7.048700000000354521e+03 2.956327516585588455e-04
7.049600000000355067e+03 2.948791370727121830e-04
7.050500000000354703e+03 2.929162292275577784e-04
7.051400000000354339e+03 2.891292388085275888e-04
7.052300000000354885e+03 2.834915649145841599e-04
7.053200000000355431e+03 2.789902500808238983e-04
7.054100000000355067e+03 2.779081987682729959e-04
7.055000000000354703e+03 2.793663879856467247e-04
7.055900000000355249e+03 2.821412344928830862e-04
7.056800000000355794e+03 2.847019932232797146e-04
7.057700000000355431e+03 2.849748707376420498e-04
7.058600000000355067e+03 2.823979302775114775e-04
7.059500000000355612e+03 2.787410630844533443e-04
7.060400000000356158e+03 2.776723122224211693e-04
7.061300000000355794e+03 2.796994813252240419e-04
7.062200000000355431e+03 2.818407665472477674e-04
7.063100000000355976e+03 2.834562619682401419e-04
7.064000000000356522e+03 2.857799991033971310e-04
7.064900000000356158e+03 2.867854782380163670e-04
7.065800000000355794e+03 2.843732072506099939e-04
7.066700000000356340e+03 2.798997447825968266e-04
7.067600000000356886e+03 2.754218003246933222e-04
7.068500000000356522e+03 2.739535702858120203e-04
7.069400000000356158e+03 2.774772874545305967e-04
7.070300000000356704e+03 2.826069830916821957e-04
7.071200000000357250e+03 2.848487638402730227e-04
7.072100000000356886e+03 2.846870338544249535e-04
7.073000000000356522e+03 2.843819675035774708e-04
7.073900000000357068e+03 2.838278014678508043e-04
7.074800000000357613e+03 2.827894350048154593e-04
7.075700000000357250e+03 2.816413179971277714e-04
7.076600000000356886e+03 2.813097962643951178e-04
7.077500000000357431e+03 2.821771777234971523e-04
7.078400000000357977e+03 2.830039011314511299e-04
7.079300000000357613e+03 2.834876941051334143e-04
7.080200000000357250e+03 2.847171563189476728e-04
7.081100000000357795e+03 2.847201540134847164e-04
7.082000000000358341e+03 2.820309018716216087e-04
7.082900000000357977e+03 2.772876759991049767e-04
7.083800000000357613e+03 2.718700270634144545e-04
7.084700000000358159e+03 2.690505934879183769e-04
7.085600000000358705e+03 2.704953658394515514e-04
7.086500000000358341e+03 2.724788791965693235e-04
7.087400000000357977e+03 2.722296922001987696e-04
7.088300000000358523e+03 2.709896361920982599e-04
7.089200000000359069e+03 2.698625612538307905e-04
7.090100000000358705e+03 2.692479465622454882e-04
7.091000000000358341e+03 2.699502219911664724e-04
7.091900000000358887e+03 2.704461512621492147e-04
7.092800000000359432e+03 2.695535658858716488e-04
7.093700000000359069e+03 2.691934350878000259e-04
7.094600000000358705e+03 2.696328156162053347e-04
7.095500000000359250e+03 2.700470795389264822e-04
7.096400000000359796e+03 2.706387604121118784e-04
7.097300000000359432e+03 2.711079432629048824e-04
7.098200000000359069e+03 2.730584237724542618e-04
7.099100000000359614e+03 2.760388888418674469e-04
7.100000000000360160e+03 2.768901467788964510e-04
7.100900000000359796e+03 2.757634210865944624e-04
7.101800000000359432e+03 2.738214388955384493e-04
7.102700000000359978e+03 2.733468136284500360e-04
7.103600000000360524e+03 2.751035208348184824e-04
7.104500000000360160e+03 2.774432359728962183e-04
7.105400000000359796e+03 2.775003085844218731e-04
7.106300000000360342e+03 2.745509846135973930e-04
7.107200000000360887e+03 2.724406658671796322e-04
7.108100000000360524e+03 2.729766420088708401e-04
7.109000000000360160e+03 2.734677400439977646e-04
7.109900000000360706e+03 2.716311137191951275e-04
7.110800000000361251e+03 2.691214031074196100e-04
7.111700000000360887e+03 2.686906955204904079e-04
7.112600000000360524e+03 2.704151265788823366e-04
7.113500000000361069e+03 2.725827798712998629e-04
7.114400000000361615e+03 2.731975400820374489e-04
7.115300000000361251e+03 2.732804859988391399e-04
7.116200000000360887e+03 2.736608148552477360e-04
7.117100000000361433e+03 2.735923044383525848e-04
7.118000000000361979e+03 2.730836567934602499e-04
7.118900000000361615e+03 2.724042569752782583e-04
7.119800000000361251e+03 2.718980540521442890e-04
7.120700000000361797e+03 2.714797155931591988e-04
7.121600000000362343e+03 2.703133795876055956e-04
7.122500000000361979e+03 2.700148615986108780e-04
7.123400000000361615e+03 2.717060269787907600e-04
7.124300000000362161e+03 2.721997443586587906e-04
7.125200000000362706e+03 2.698051102925091982e-04
7.126100000000362343e+03 2.674413553904742002e-04
7.127000000000361979e+03 2.678994205780327320e-04
7.127900000000362525e+03 2.696279843803495169e-04
7.128800000000363070e+03 2.692701818887144327e-04
7.129700000000362706e+03 2.659841848071664572e-04
7.130600000000362343e+03 2.632606483530253172e-04
7.131500000000362888e+03 2.643866173457354307e-04
7.132400000000363434e+03 2.673992421478033066e-04
7.133300000000363070e+03 2.698328462429344654e-04
7.134200000000362706e+03 2.714104193728417158e-04
7.135100000000363252e+03 2.713833819143474102e-04
7.136000000000363798e+03 2.716114395298063755e-04
7.136900000000363434e+03 2.733898872975260019e-04
7.137800000000363070e+03 2.734762092586606741e-04
7.138700000000363616e+03 2.707121893763542175e-04
7.139600000000364162e+03 2.690158435143530369e-04
7.140500000000363798e+03 2.710025873966515064e-04
7.141400000000363434e+03 2.730224805418401957e-04
7.142300000000363980e+03 2.723555953707545996e-04
7.143200000000364525e+03 2.714924921747297049e-04
7.144100000000364162e+03 2.714922884479165077e-04
7.145000000000363798e+03 2.715859154704958200e-04
7.145900000000364344e+03 2.713329158723354340e-04
7.146800000000364889e+03 2.687608357518911362e-04
7.147700000000364525e+03 2.650707901921123266e-04
7.148600000000364162e+03 2.647771034389734268e-04
7.149500000000364707e+03 2.669715322554111481e-04
7.150400000000365253e+03 2.688540262170135975e-04
7.151300000000364889e+03 2.707036328501999378e-04
7.152200000000364525e+03 2.734746085479855537e-04
7.153100000000365071e+03 2.751728170551359653e-04
7.154000000000365617e+03 2.735234156716614962e-04
7.154900000000365253e+03 2.702488272916525602e-04
7.155800000000364889e+03 2.699824108276516199e-04
7.156700000000365435e+03 2.730930282268673182e-04
7.157600000000365981e+03 2.740528143476694822e-04
7.158500000000365617e+03 2.717351599130779505e-04
7.159400000000365253e+03 2.697122399695217609e-04
7.160300000000365799e+03 2.693984715733677149e-04
7.161200000000366344e+03 2.715327427722513676e-04
7.162100000000365981e+03 2.729691332206130028e-04
7.163000000000365617e+03 2.700448094401508570e-04
7.163900000000366163e+03 2.643359766807407141e-04
7.164800000000366708e+03 2.611595264170318842e-04
7.165700000000366344e+03 2.635310520417988300e-04
7.166600000000365981e+03 2.692590351216495037e-04
7.167500000000366526e+03 2.742660581134259701e-04
7.168400000000367072e+03 2.759482013061642647e-04
7.169300000000366708e+03 2.744661469478160143e-04
7.170200000000366344e+03 2.729328407440334558e-04
7.171100000000366890e+03 2.739501069299876690e-04
7.172000000000367436e+03 2.765860117506235838e-04
7.172900000000367072e+03 2.778714406304061413e-04
7.173800000000366708e+03 2.766928810160607100e-04
7.174700000000367254e+03 2.743648365139961243e-04
7.175600000000367800e+03 2.720206102821975946e-04
7.176500000000367436e+03 2.717269235290586948e-04
7.177400000000367072e+03 2.742426877375692129e-04
7.178300000000367618e+03 2.757452020887285471e-04
7.179200000000368163e+03 2.725357189774513245e-04
7.180100000000367800e+03 2.670117246452718973e-04
7.181000000000367436e+03 2.644304477144032717e-04
7.181900000000367982e+03 2.679485769476741552e-04
7.182800000000368527e+03 2.741307835094630718e-04
7.183700000000368163e+03 2.764723612926900387e-04
7.184600000000367800e+03 2.749174600467085838e-04
7.185500000000368345e+03 2.723952347878366709e-04
7.186400000000368891e+03 2.685469517018646002e-04
7.187300000000368527e+03 2.645175845827907324e-04
7.188200000000368163e+03 2.639819285832345486e-04
7.189100000000368709e+03 2.660041791386902332e-04
7.190000000000369255e+03 2.684535575099289417e-04
7.190900000000368891e+03 2.698755124583840370e-04
7.191800000000368527e+03 2.689074026420712471e-04
7.192700000000369073e+03 2.670908288564532995e-04
7.193600000000369619e+03 2.673482813406735659e-04
7.194500000000369255e+03 2.697859890758991241e-04
7.195400000000368891e+03 2.713619905989617109e-04
7.196300000000369437e+03 2.701549965422600508e-04
7.197200000000369982e+03 2.689218090381473303e-04
7.198100000000369619e+03 2.700537734199315310e-04
7.199000000000369255e+03 2.717446768656373024e-04
7.199900000000369801e+03 2.716713061090558767e-04
7.200800000000370346e+03 2.702328783925622702e-04
7.201700000000369982e+03 2.697272866498678923e-04
7.202600000000369619e+03 2.713760477490723133e-04
7.203500000000370164e+03 2.737590402830392122e-04
7.204400000000370710e+03 2.746674872469156981e-04
7.205300000000370346e+03 2.720986667554825544e-04
7.206200000000369982e+03 2.656663709785789251e-04
7.207100000000370528e+03 2.608721551951020956e-04
7.208000000000371074e+03 2.617512654978781939e-04
7.208900000000370710e+03 2.654201816767454147e-04
7.209800000000370346e+03 2.695673902053385973e-04
7.210700000000370892e+03 2.731927961576730013e-04
7.211600000000371438e+03 2.734982117544859648e-04
7.212500000000371074e+03 2.703685022424906492e-04
7.213400000000370710e+03 2.672157133929431438e-04
7.214300000000371256e+03 2.663263585418462753e-04
7.215200000000371801e+03 2.674250572454184294e-04
7.216100000000371438e+03 2.693624410312622786e-04
7.217000000000371074e+03 2.716254675760865211e-04
7.217900000000371620e+03 2.732043212745338678e-04
7.218800000000372165e+03 2.725658996496349573e-04
7.219700000000371801e+03 2.703195204958319664e-04
7.220600000000371438e+03 2.683138300199061632e-04
7.221500000000371983e+03 2.670792455319315195e-04
7.222400000000372529e+03 2.662589249666780233e-04
7.223300000000372165e+03 2.665077918209135532e-04
7.224200000000371801e+03 2.688599633984267712e-04
7.225100000000372347e+03 2.716815215535461903e-04
7.226000000000372893e+03 2.732542343437671661e-04
7.226900000000372529e+03 2.734388108365237713e-04
7.227800000000372165e+03 2.717357128858566284e-04
7.228700000000372711e+03 2.699645410757511854e-04
7.229600000000373257e+03 2.708813117351382971e-04
7.230500000000372893e+03 2.737206814344972372e-04
7.231400000000372529e+03 2.759310300461947918e-04
7.232300000000373075e+03 2.766990219242870808e-04
7.233200000000373620e+03 2.767850819509476423e-04
7.234100000000373257e+03 2.766161051113158464e-04
7.235000000000372893e+03 2.753730805125087500e-04
7.235900000000373439e+03 2.736986207310110331e-04
7.236800000000373984e+03 2.727694227360188961e-04
7.237700000000373620e+03 2.730996347963809967e-04
7.238600000000373257e+03 2.723645593505352736e-04
7.239500000000373802e+03 2.720694465097039938e-04
7.240400000000374348e+03 2.731775748543441296e-04
7.241300000000373984e+03 2.754619636107236147e-04
7.242200000000373620e+03 2.763691882137209177e-04
7.243100000000374166e+03 2.745345118455588818e-04
7.244000000000374712e+03 2.712474379222840071e-04
7.244900000000374348e+03 2.694639260880649090e-04
7.245800000000373984e+03 2.710770349949598312e-04
7.246700000000374530e+03 2.747261605691164732e-04
7.247600000000375076e+03 2.772383741103112698e-04
7.248500000000374712e+03 2.770862192846834660e-04
7.249400000000374348e+03 2.744978119153529406e-04
7.250300000000374894e+03 2.710840490180999041e-04
7.251200000000375439e+03 2.691778063308447599e-04
7.252100000000375076e+03 2.693994319997727871e-04
7.253000000000374712e+03 2.705378865357488394e-04
7.253900000000375258e+03 2.713563153520226479e-04
7.254800000000375803e+03 2.719064650591462851e-04
7.255700000000375439e+03 2.731505956035107374e-04
7.256600000000375076e+03 2.749595441855490208e-04
7.257500000000375621e+03 2.771631698124110699e-04
7.258400000000376167e+03 2.748085535131394863e-04
7.259300000000375803e+03 2.725677622947841883e-04
7.260200000000375439e+03 2.681566111277788877e-04
7.261100000000375985e+03 2.641301252879202366e-04
7.262000000000376531e+03 2.651862450875341892e-04
7.262900000000376167e+03 2.695003349799662828e-04
7.263800000000375803e+03 2.720741031225770712e-04
7.264700000000376349e+03 2.730036794673651457e-04
7.265600000000376895e+03 2.738032198976725340e-04
7.266500000000376531e+03 2.749741543084383011e-04
7.267400000000376167e+03 2.756502071861177683e-04
7.268300000000376713e+03 2.749575069174170494e-04
7.269200000000377258e+03 2.736946044024080038e-04
7.270100000000376895e+03 2.725244557950645685e-04
7.271000000000376531e+03 2.713473513722419739e-04
7.271900000000377077e+03 2.705304650589823723e-04
7.272800000000377622e+03 2.705679507926106453e-04
7.273700000000377258e+03 2.718689793255180120e-04
7.274600000000376895e+03 2.735407906584441662e-04
7.275500000000377440e+03 2.750964486040174961e-04
7.276400000000377986e+03 2.753283479250967503e-04
7.277300000000377622e+03 2.733185829129070044e-04
7.278200000000377258e+03 2.718410105444490910e-04
7.279100000000377804e+03 2.721494238357990980e-04
7.280000000000378350e+03 2.720393531490117311e-04
7.280900000000377986e+03 2.695947187021374702e-04
7.281800000000377622e+03 2.663258346728980541e-04
7.282700000000378168e+03 2.648423251230269670e-04
7.283600000000378714e+03 2.649134257808327675e-04
7.284500000000378350e+03 2.665983338374644518e-04
7.285400000000377986e+03 2.699368924368172884e-04
7.286300000000378532e+03 2.721353375818580389e-04
7.287200000000379077e+03 2.706000814214348793e-04
7.288100000000378714e+03 2.673221461009234190e-04
7.289000000000378350e+03 2.656358992680907249e-04
7.289900000000378895e+03 2.654452400747686625e-04
7.290800000000379441e+03 2.645181084517389536e-04
7.291700000000379077e+03 2.633939147926867008e-04
7.292600000000378714e+03 2.643061743583530188e-04
7.293500000000379259e+03 2.675134746823459864e-04
7.294400000000379805e+03 2.716564340516924858e-04
7.295300000000379441e+03 2.751718275249004364e-04
7.296200000000379077e+03 2.765240205917507410e-04
7.297100000000379623e+03 2.748052065726369619e-04
7.298000000000380169e+03 2.715376904234290123e-04
7.298900000000379805e+03 2.692169218789786100e-04
7.299800000000379441e+03 2.686580992303788662e-04
7.300700000000379987e+03 2.698184398468583822e-04
7.301600000000380533e+03 2.713016292545944452e-04
7.302500000000380169e+03 2.717941533774137497e-04
7.303400000000379805e+03 2.721601631492376328e-04
7.304300000000380351e+03 2.733272558543831110e-04
7.305200000000380896e+03 2.734533627517521381e-04
7.306100000000380533e+03 2.707425446715205908e-04
7.307000000000380169e+03 2.672669070307165384e-04
7.307900000000380714e+03 2.662888437043875456e-04
7.308800000000381260e+03 2.683316997718065977e-04
7.309700000000380896e+03 2.697050222195684910e-04
7.310600000000380533e+03 2.683628699742257595e-04
7.311500000000381078e+03 2.677348384167999029e-04
7.312400000000381624e+03 2.695832517929375172e-04
7.313300000000381260e+03 2.722443605307489634e-04
7.314200000000380896e+03 2.737651229836046696e-04
7.315100000000381442e+03 2.731030108407139778e-04
7.316000000000381988e+03 2.709335240069776773e-04
7.316900000000381624e+03 2.693774004001170397e-04
7.317800000000381260e+03 2.694945724215358496e-04
7.318700000000381806e+03 2.708937390707433224e-04
7.319600000000382352e+03 2.716318122111260891e-04
7.320500000000381988e+03 2.717129536904394627e-04
7.321400000000381624e+03 2.726305683609098196e-04
7.322300000000382170e+03 2.729418047238141298e-04
7.323200000000382715e+03 2.708483370952308178e-04
7.324100000000382352e+03 2.680790494196116924e-04
7.325000000000381988e+03 2.664305211510509253e-04
7.325900000000382533e+03 2.668180095497518778e-04
7.326800000000383079e+03 2.699504839256405830e-04
7.327700000000382715e+03 2.730052801780402660e-04
7.328600000000382352e+03 2.727891260292381048e-04
7.329500000000382897e+03 2.713436842896044254e-04
7.330400000000383443e+03 2.715302107390016317e-04
7.331300000000383079e+03 2.721364144235849380e-04
7.332200000000382715e+03 2.715652517508715391e-04
7.333100000000383261e+03 2.705431834328919649e-04
7.334000000000383807e+03 2.708829706534743309e-04
7.334900000000383443e+03 2.727390092331916094e-04
7.335800000000383079e+03 2.748661499936133623e-04
7.336700000000383625e+03 2.760075440164655447e-04
7.337600000000384171e+03 2.754504675976932049e-04
7.338500000000383807e+03 2.742572105489671230e-04
7.339400000000383443e+03 2.739658229984343052e-04
7.340300000000383989e+03 2.749910345301032066e-04
7.341200000000384534e+03 2.763151132967323065e-04
7.342100000000384171e+03 2.755045425146818161e-04
7.343000000000383807e+03 2.715845475904643536e-04
7.343900000000384352e+03 2.676537842489778996e-04
7.344800000000384898e+03 2.675096911843866110e-04
7.345700000000384534e+03 2.704169310163706541e-04
7.346600000000384171e+03 2.731521381065249443e-04
7.347500000000384716e+03 2.745504607446491718e-04
7.348400000000385262e+03 2.741990610957145691e-04
7.349300000000384898e+03 2.713763096835464239e-04
7.350200000000384534e+03 2.680998586583882570e-04
7.351100000000385080e+03 2.674656279850751162e-04
7.352000000000385626e+03 2.691046684049069881e-04
7.352900000000385262e+03 2.698501339182257652e-04
7.353800000000384898e+03 2.677821903489530087e-04
7.354700000000385444e+03 2.637025027070194483e-04
7.355600000000385990e+03 2.605657209642231464e-04
7.356500000000385626e+03 2.616459678392857313e-04
7.357400000000385262e+03 2.665800275281071663e-04
7.358300000000385808e+03 2.716935123316943645e-04
7.359200000000386353e+03 2.739047049544751644e-04
7.360100000000385990e+03 2.724477380979806185e-04
7.361000000000385626e+03 2.688151726033538580e-04
7.361900000000386171e+03 2.656298747751861811e-04
7.362800000000386717e+03 2.646344073582440615e-04
7.363700000000386353e+03 2.659195451997220516e-04
7.364600000000385990e+03 2.684539067558944225e-04
7.365500000000386535e+03 2.705495280679315329e-04
7.366400000000387081e+03 2.716665621846914291e-04
7.367300000000386717e+03 2.723249199334532022e-04
7.368200000000386353e+03 2.718637988436967134e-04
7.369100000000386899e+03 2.711215056478977203e-04
7.370000000000387445e+03 2.721791970543563366e-04
7.370900000000387081e+03 2.738109615165740252e-04
7.371800000000386717e+03 2.739560732152312994e-04
7.372700000000387263e+03 2.730658161453902721e-04
7.373600000000387809e+03 2.719312324188649654e-04
7.374500000000387445e+03 2.705511869862675667e-04
7.375400000000387081e+03 2.694884315133094788e-04
7.376300000000387627e+03 2.697210002224892378e-04
7.377200000000388172e+03 2.710931294132024050e-04
7.378100000000387809e+03 2.728689869400113821e-04
7.379000000000387445e+03 2.736287133302539587e-04
7.379900000000387990e+03 2.718227333389222622e-04
7.380800000000388536e+03 2.681294281501322985e-04
7.381700000000388172e+03 2.651230606716126204e-04
7.382600000000387809e+03 2.639115264173597097e-04
7.383500000000388354e+03 2.627839276101440191e-04
7.384400000000388900e+03 2.602215972729027271e-04
7.385300000000388536e+03 2.576810366008430719e-04
7.386200000000388172e+03 2.569112984929233789e-04
7.387100000000388718e+03 2.569922944530844688e-04
7.388000000000389264e+03 2.559984859544783831e-04
7.388900000000388900e+03 2.549435012042522430e-04
7.389800000000388536e+03 2.563709567766636610e-04
7.390700000000389082e+03 2.587528142612427473e-04
7.391600000000389628e+03 2.591228403616696596e-04
7.392500000000389264e+03 2.582305169198662043e-04
7.393400000000388900e+03 2.587074995972216129e-04
7.394300000000389446e+03 2.606798952911049128e-04
7.395200000000389991e+03 2.621217863634228706e-04
7.396100000000389628e+03 2.620814484544098377e-04
7.397000000000389264e+03 2.613464021123945713e-04
7.397900000000389809e+03 2.606800408102571964e-04
7.398800000000390355e+03 2.593137323856353760e-04
7.399700000000389991e+03 2.586271148175001144e-04
7.400600000000389628e+03 2.600539010018110275e-04
7.401500000000390173e+03 2.631841343827545643e-04
7.402400000000390719e+03 2.664437342900782824e-04
7.403300000000390355e+03 2.679249446373432875e-04
7.404200000000389991e+03 2.673643757589161396e-04
7.405100000000390537e+03 2.664008061401546001e-04
7.406000000000391083e+03 2.660494646988809109e-04
7.406900000000390719e+03 2.656611031852662563e-04
7.407800000000390355e+03 2.646236389409750700e-04
7.408700000000390901e+03 2.632614050526171923e-04
7.409600000000391447e+03 2.642955805640667677e-04
