3.540500000000000000e+03 2.736630085564684123e-05
3.541400000000000091e+03 2.728768959059379995e-05
3.542300000000000182e+03 2.769816092040855438e-05
3.543200000000000273e+03 2.815938751155044883e-05
3.544100000000000364e+03 2.832442623912356794e-05
3.545000000000000455e+03 2.832938662322703749e-05
3.545900000000000546e+03 2.838225373125169426e-05
3.546800000000000637e+03 2.835755731211975217e-05
3.547700000000000728e+03 2.835979466908611357e-05
3.548600000000000819e+03 2.853071237041149288e-05
3.549500000000000909e+03 2.868395313271321356e-05
3.550400000000001000e+03 2.868761112040374428e-05
3.551300000000001091e+03 2.853282603609841317e-05
3.552200000000001182e+03 2.828141259669791907e-05
3.553100000000001273e+03 2.790893995552323759e-05
3.554000000000001364e+03 2.766580109891947359e-05
3.554900000000001455e+03 2.786742516036611050e-05
3.555800000000001546e+03 2.824845250870566815e-05
3.556700000000001637e+03 2.840073830157052726e-05
3.557600000000001728e+03 2.841339482984039932e-05
3.558500000000001819e+03 2.851008321158587933e-05
3.559400000000001910e+03 2.873355515475850552e-05
3.560300000000002001e+03 2.888034396164584905e-05
3.561200000000002092e+03 2.888643939513713121e-05
3.562100000000002183e+03 2.906619010900612921e-05
3.563000000000002274e+03 2.892552583944052458e-05
3.563900000000002365e+03 2.778844282147474587e-05
3.564800000000002456e+03 2.618651888042222708e-05
3.565700000000002547e+03 2.550057070038747042e-05
3.566600000000002638e+03 2.601965388748794794e-05
3.567500000000002728e+03 2.653165211086161435e-05
3.568400000000002819e+03 2.606902489787898958e-05
3.569300000000002910e+03 2.502278221072629094e-05
3.570200000000003001e+03 2.439570016576908529e-05
3.571100000000003092e+03 2.457711707393173128e-05
3.572000000000003183e+03 2.518872679502237588e-05
3.572900000000003274e+03 2.575264079496264458e-05
3.573800000000003365e+03 2.638946716615464538e-05
3.574700000000003456e+03 2.681350997590925545e-05
3.575600000000003547e+03 2.716019480430986732e-05
3.576500000000003638e+03 2.740459058259148151e-05
3.577400000000003729e+03 2.734072222665417939e-05
3.578300000000003820e+03 2.714789661695249379e-05
3.579200000000003911e+03 2.675425639608874917e-05
3.580100000000004002e+03 2.534170744183938950e-05
3.581000000000004093e+03 2.408896034467034042e-05
3.581900000000004184e+03 2.504249641788192093e-05
3.582800000000004275e+03 2.681890509848017246e-05
3.583700000000004366e+03 2.672180198715068400e-05
3.584600000000004457e+03 2.494274122000206262e-05
3.585500000000004547e+03 2.363340536248870194e-05
3.586400000000004638e+03 2.372673043282702565e-05
3.587300000000004729e+03 2.453465640428476036e-05
3.588200000000004820e+03 2.534261875553056598e-05
3.589100000000004911e+03 2.610976480355020612e-05
3.590000000000005002e+03 2.723886063904501498e-05
3.590900000000005093e+03 2.849095653800759465e-05
3.591800000000005184e+03 2.877565202652476728e-05
3.592700000000005275e+03 2.811440754157956690e-05
3.593600000000005366e+03 2.766995748970657587e-05
3.594500000000005457e+03 2.788053643598686904e-05
3.595400000000005548e+03 2.829756886058021337e-05
3.596300000000005639e+03 2.857917934306897223e-05
3.597200000000005730e+03 2.877813494706060737e-05
3.598100000000005821e+03 2.904735447373241186e-05
3.599000000000005912e+03 2.929750189650803804e-05
3.599900000000006003e+03 2.933236828539520502e-05
3.600800000000006094e+03 2.876367398130241781e-05
3.601700000000006185e+03 2.776859400910325348e-05
3.602600000000006276e+03 2.701376979530323297e-05
3.603500000000006366e+03 2.668524211912881583e-05
3.604400000000006457e+03 2.638470141391735524e-05
3.605300000000006548e+03 2.632515315781347454e-05
3.606200000000006639e+03 2.681178193597588688e-05
3.607100000000006730e+03 2.690299879759550095e-05
3.608000000000006821e+03 2.590440271887928247e-05
3.608900000000006912e+03 2.491715349606238306e-05
3.609800000000007003e+03 2.508791112632025033e-05
3.610700000000007094e+03 2.609471812320407480e-05
3.611600000000007185e+03 2.678678720258176327e-05
3.612500000000007276e+03 2.657689219631720334e-05
3.613400000000007367e+03 2.651719114510342479e-05
3.614300000000007458e+03 2.734904774115420878e-05
3.615200000000007549e+03 2.840145134541671723e-05
3.616100000000007640e+03 2.856860737665556371e-05
3.617000000000007731e+03 2.728465733525808901e-05
3.617900000000007822e+03 2.511595994292292744e-05
3.618800000000007913e+03 2.405258783255703747e-05
3.619700000000008004e+03 2.516849781386554241e-05
3.620600000000008095e+03 2.692158523132093251e-05
3.621500000000008185e+03 2.796853732434101403e-05
3.622400000000008276e+03 2.836724161170423031e-05
3.623300000000008367e+03 2.815761581587139517e-05
3.624200000000008458e+03 2.795730324578471482e-05
3.625100000000008549e+03 2.865068017854355276e-05
3.626000000000008640e+03 2.969771594507619739e-05
3.626900000000008731e+03 3.002262747031636536e-05
3.627800000000008822e+03 2.982780461024958640e-05
3.628700000000008913e+03 2.940854574262630194e-05
3.629600000000009004e+03 2.779582064249552786e-05
3.630500000000009095e+03 2.534823033784050494e-05
3.631400000000009186e+03 2.439652416796889156e-05
3.632300000000009277e+03 2.555496939748991281e-05
3.633200000000009368e+03 2.690295696083921939e-05
3.634100000000009459e+03 2.724230398598592728e-05
3.635000000000009550e+03 2.720431803027167916e-05
3.635900000000009641e+03 2.751882675511296839e-05
3.636800000000009732e+03 2.807712917274329811e-05
3.637700000000009823e+03 2.855055754480417818e-05
3.638600000000009913e+03 2.886557376768905669e-05
3.639500000000010004e+03 2.899288483604323119e-05
3.640400000000010095e+03 2.879457679227925837e-05
3.641300000000010186e+03 2.823134855134412646e-05
3.642200000000010277e+03 2.755978493951261044e-05
3.643100000000010368e+03 2.714995753194671124e-05
3.644000000000010459e+03 2.698894604691304266e-05
3.644900000000010550e+03 2.702824713196605444e-05
3.645800000000010641e+03 2.713130743359215558e-05
3.646700000000010732e+03 2.688384302018675953e-05
3.647600000000010823e+03 2.639599188114516437e-05
3.648500000000010914e+03 2.645637323439586908e-05
3.649400000000011005e+03 2.698168464121408761e-05
3.650300000000011096e+03 2.742884134931955487e-05
3.651200000000011187e+03 2.784241951303556561e-05
3.652100000000011278e+03 2.832797690643928945e-05
3.653000000000011369e+03 2.883794149965979159e-05
3.653900000000011460e+03 2.910668990807607770e-05
3.654800000000011551e+03 2.927965579146984965e-05
3.655700000000011642e+03 2.943820436485111713e-05
3.656600000000011732e+03 2.964849409181624651e-05
3.657500000000011823e+03 2.972123002109583467e-05
3.658400000000011914e+03 2.967630643979646266e-05
3.659300000000012005e+03 2.965824569400865585e-05
3.660200000000012096e+03 2.964051964227110147e-05
3.661100000000012187e+03 2.953630610136315227e-05
3.662000000000012278e+03 2.925260741903912276e-05
3.662900000000012369e+03 2.897899685194715858e-05
3.663800000000012460e+03 2.894230237870942801e-05
3.664700000000012551e+03 2.920878068835008889e-05
3.665600000000012642e+03 2.954529736598487943e-05
3.666500000000012733e+03 2.954631054308265448e-05
3.667400000000012824e+03 2.921479426731821150e-05
3.668300000000012915e+03 2.858908374037127942e-05
3.669200000000013006e+03 2.791141014313325286e-05
3.670100000000013097e+03 2.801803748297970742e-05
3.671000000000013188e+03 2.904140819737222046e-05
3.671900000000013279e+03 2.990713801409583539e-05
3.672800000000013370e+03 2.980341741931624711e-05
3.673700000000013461e+03 2.939307341875974089e-05
3.674600000000013551e+03 2.946943459392059594e-05
3.675500000000013642e+03 2.954110277642030269e-05
3.676400000000013733e+03 2.904845678131096065e-05
3.677300000000013824e+03 2.836389830918051302e-05
3.678200000000013915e+03 2.795507316477596760e-05
3.679100000000014006e+03 2.774968379526399076e-05
3.680000000000014097e+03 2.802095696097239852e-05
3.680900000000014188e+03 2.854997910617385060e-05
3.681800000000014279e+03 2.847882387868594378e-05
3.682700000000014370e+03 2.830755147442687303e-05
3.683600000000014461e+03 2.858432890207041055e-05
3.684500000000014552e+03 2.846541792678181082e-05
3.685400000000014643e+03 2.767267687886487693e-05
3.686300000000014734e+03 2.687818414415232837e-05
3.687200000000014825e+03 2.692704583751037717e-05
3.688100000000014916e+03 2.820390363922342658e-05
3.689000000000015007e+03 2.964543273265007883e-05
3.689900000000015098e+03 3.012944944202899933e-05
3.690800000000015189e+03 3.000609649461694062e-05
3.691700000000015280e+03 3.009832835232373327e-05
3.692600000000015370e+03 3.043153992621228099e-05
3.693500000000015461e+03 3.065638156840577722e-05
3.694400000000015552e+03 3.082338662352412939e-05
3.695300000000015643e+03 3.058282163692638278e-05
3.696200000000015734e+03 2.973306800413411111e-05
3.697100000000015825e+03 2.927849527623038739e-05
3.698000000000015916e+03 3.031298547284677625e-05
3.698900000000016007e+03 3.217436824343167245e-05
3.699800000000016098e+03 3.328016828163526952e-05
3.700700000000016189e+03 3.297769944765605032e-05
3.701600000000016280e+03 3.150839984300546348e-05
3.702500000000016371e+03 2.930904884124174714e-05
3.703400000000016462e+03 2.718914765864610672e-05
3.704300000000016553e+03 2.615823541418649256e-05
3.705200000000016644e+03 2.640536695253103971e-05
3.706100000000016735e+03 2.777134795906022191e-05
3.707000000000016826e+03 2.937409226433373988e-05
3.707900000000016917e+03 3.003395613632164896e-05
3.708800000000017008e+03 2.970161222037859261e-05
3.709700000000017099e+03 2.899306127801537514e-05
3.710600000000017189e+03 2.804338873829692602e-05
3.711500000000017280e+03 2.754397792159579694e-05
3.712400000000017371e+03 2.874081292247865349e-05
3.713300000000017462e+03 3.134312282782047987e-05
3.714200000000017553e+03 3.342345735291019082e-05
3.715100000000017644e+03 3.429771459195762873e-05
3.716000000000017735e+03 3.473386823316104710e-05
3.716900000000017826e+03 3.484870831016451120e-05
3.717800000000017917e+03 3.370677586644887924e-05
3.718700000000018008e+03 3.063508847844786942e-05
3.719600000000018099e+03 2.673439303180202842e-05
3.720500000000018190e+03 2.383786340942606330e-05
3.721400000000018281e+03 2.282403511344455183e-05
3.722300000000018372e+03 2.432825385767500848e-05
3.723200000000018463e+03 2.791975020954851061e-05
3.724100000000018554e+03 3.155184458591975272e-05
3.725000000000018645e+03 3.389271296327933669e-05
3.725900000000018736e+03 3.438493149587884545e-05
3.726800000000018827e+03 3.355669105076231062e-05
3.727700000000018917e+03 3.353264401084743440e-05
3.728600000000019008e+03 3.465761619736440480e-05
3.729500000000019099e+03 3.477841892163269222e-05
3.730400000000019190e+03 3.343057687743566930e-05
3.731300000000019281e+03 3.142256173305213451e-05
3.732200000000019372e+03 2.835999657690990716e-05
3.733100000000019463e+03 2.443990160827524960e-05
3.734000000000019554e+03 2.168773607991170138e-05
3.734900000000019645e+03 2.181054333050269634e-05
3.735800000000019736e+03 2.377968667133245617e-05
3.736700000000019827e+03 2.610362571431323886e-05
3.737600000000019918e+03 2.923045940406154841e-05
3.738500000000020009e+03 3.274505434092134237e-05
3.739400000000020100e+03 3.520987957017496228e-05
3.740300000000020191e+03 3.628070044214837253e-05
3.741200000000020282e+03 3.627198020694777369e-05
3.742100000000020373e+03 3.564906364772468805e-05
3.743000000000020464e+03 3.473476317594759166e-05
3.743900000000020555e+03 3.346925586811266840e-05
3.744800000000020646e+03 3.157793980790302157e-05
3.745700000000020736e+03 2.990972279803827405e-05
3.746600000000020827e+03 2.904723623942118138e-05
3.747500000000020918e+03 2.705660335777793080e-05
3.748400000000021009e+03 2.339329512324184179e-05
3.749300000000021100e+03 2.107554246322251856e-05
3.750200000000021191e+03 2.263855094497557729e-05
3.751100000000021282e+03 2.682732520042918622e-05
3.752000000000021373e+03 3.059654045500792563e-05
3.752900000000021464e+03 3.307850420242175460e-05
3.753800000000021555e+03 3.529664172674529254e-05
3.754700000000021646e+03 3.742979606613516808e-05
3.755600000000021737e+03 3.850414941553026438e-05
3.756500000000021828e+03 3.755787111003883183e-05
3.757400000000021919e+03 3.516385186230763793e-05
3.758300000000022010e+03 3.370516060385853052e-05
3.759200000000022101e+03 3.437070336076430976e-05
3.760100000000022192e+03 3.582229328458197415e-05
3.761000000000022283e+03 3.690913945320062339e-05
3.761900000000022374e+03 3.753289638552814722e-05
3.762800000000022465e+03 3.729980744537897408e-05
3.763700000000022555e+03 3.662099334178492427e-05
3.764600000000022646e+03 3.640713839558884501e-05
3.765500000000022737e+03 3.571169145288877189e-05
3.766400000000022828e+03 3.382725844858214259e-05
3.767300000000022919e+03 3.203453525202348828e-05
3.768200000000023010e+03 3.066073986701667309e-05
3.769100000000023101e+03 2.838655564119108021e-05
3.770000000000023192e+03 2.598720493551809341e-05
3.770900000000023283e+03 2.626061541377566755e-05
3.771800000000023374e+03 2.942638820968568325e-05
3.772700000000023465e+03 3.279772863606922328e-05
3.773600000000023556e+03 3.463309258222579956e-05
3.774500000000023647e+03 3.549388566170819104e-05
3.775400000000023738e+03 3.640830618678592145e-05
3.776300000000023829e+03 3.784042201004922390e-05
3.777200000000023920e+03 3.925712007912807167e-05
3.778100000000024011e+03 4.031755815958604217e-05
3.779000000000024102e+03 4.140639066463336349e-05
3.779900000000024193e+03 4.246390744810923934e-05
3.780800000000024284e+03 4.300950240576639771e-05
3.781700000000024374e+03 4.304174581193365157e-05
3.782600000000024465e+03 4.287732008378952742e-05
3.783500000000024556e+03 4.298247586120851338e-05
3.784400000000024647e+03 4.290598371881060302e-05
3.785300000000024738e+03 4.169005114817991853e-05
3.786200000000024829e+03 4.004128277301788330e-05
3.787100000000024920e+03 3.921613460988737643e-05
3.788000000000025011e+03 3.906879646820016205e-05
3.788900000000025102e+03 3.893768007401376963e-05
3.789800000000025193e+03 3.864286554744467139e-05
3.790700000000025284e+03 3.848671985906548798e-05
3.791600000000025375e+03 3.810367343248799443e-05
3.792500000000025466e+03 3.678642315207980573e-05
3.793400000000025557e+03 3.465290501480922103e-05
3.794300000000025648e+03 3.248079519835300744e-05
3.795200000000025739e+03 3.061490861000493169e-05
3.796100000000025830e+03 2.824576949933543801e-05
3.797000000000025921e+03 2.517820394132286310e-05
3.797900000000026012e+03 2.370326183154247701e-05
3.798800000000026102e+03 2.570017022662796080e-05
3.799700000000026193e+03 2.983896956720855087e-05
3.800600000000026284e+03 3.364245640113949776e-05
3.801500000000026375e+03 3.626835678005591035e-05
3.802400000000026466e+03 3.837116310023702681e-05
3.803300000000026557e+03 4.000107946922071278e-05
3.804200000000026648e+03 4.075999095221050084e-05
3.805100000000026739e+03 4.080863072886131704e-05
3.806000000000026830e+03 4.047769107273779809e-05
3.806900000000026921e+03 4.046533649670891464e-05
3.807800000000027012e+03 4.154713315074332058e-05
3.808700000000027103e+03 4.328875729697756469e-05
3.809600000000027194e+03 4.459355113795027137e-05
3.810500000000027285e+03 4.503328091232106090e-05
3.811400000000027376e+03 4.451182758202776313e-05
3.812300000000027467e+03 4.314967736718244851e-05
3.813200000000027558e+03 4.184085264569148421e-05
3.814100000000027649e+03 4.116449781577102840e-05
3.815000000000027740e+03 4.080752114532515407e-05
3.815900000000027831e+03 4.129725130042061210e-05
3.816800000000027921e+03 4.305775291868485510e-05
3.817700000000028012e+03 4.443380385055206716e-05
3.818600000000028103e+03 4.351239840616472065e-05
3.819500000000028194e+03 4.070908471476286650e-05
3.820400000000028285e+03 3.906029814970679581e-05
3.821300000000028376e+03 4.031939170090481639e-05
3.822200000000028467e+03 4.214919681544415653e-05
3.823100000000028558e+03 4.156357681495137513e-05
3.824000000000028649e+03 3.885832120431587100e-05
3.824900000000028740e+03 3.658471905509941280e-05
3.825800000000028831e+03 3.590929190977476537e-05
3.826700000000028922e+03 3.598097100621089339e-05
3.827600000000029013e+03 3.559472315828315914e-05
3.828500000000029104e+03 3.488089714664965868e-05
3.829400000000029195e+03 3.457098864600993693e-05
3.830300000000029286e+03 3.403569280635565519e-05
3.831200000000029377e+03 3.184594606864266098e-05
3.832100000000029468e+03 2.862760447897017002e-05
3.833000000000029559e+03 2.598928767838515341e-05
3.833900000000029650e+03 2.389477594988420606e-05
3.834800000000029740e+03 2.274538928759284317e-05
3.835700000000029831e+03 2.377742930548265576e-05
3.836600000000029922e+03 2.606749512779060751e-05
3.837500000000030013e+03 2.775119719444774091e-05
3.838400000000030104e+03 2.911839146690908819e-05
3.839300000000030195e+03 3.093342093052342534e-05
3.840200000000030286e+03 3.269734952482394874e-05
3.841100000000030377e+03 3.491521783871576190e-05
3.842000000000030468e+03 3.775648656301200390e-05
3.842900000000030559e+03 3.997653038823045790e-05
3.843800000000030650e+03 4.125455598114058375e-05
3.844700000000030741e+03 4.184963472653180361e-05
3.845600000000030832e+03 4.221123890602029860e-05
3.846500000000030923e+03 4.308662391849793494e-05
3.847400000000031014e+03 4.420293043949641287e-05
3.848300000000031105e+03 4.446119055501185358e-05
3.849200000000031196e+03 4.366497887531295419e-05
3.850100000000031287e+03 4.323780376580543816e-05
3.851000000000031378e+03 4.420105688041076064e-05
3.851900000000031469e+03 4.563008769764564931e-05
3.852800000000031559e+03 4.652634015656076372e-05
3.853700000000031650e+03 4.674107549362815917e-05
3.854600000000031741e+03 4.607728988048620522e-05
3.855500000000031832e+03 4.482244912651367486e-05
3.856400000000031923e+03 4.435244045453146100e-05
3.857300000000032014e+03 4.451407949090935290e-05
3.858200000000032105e+03 4.351018287707120180e-05
3.859100000000032196e+03 4.181121039437130094e-05
3.860000000000032287e+03 4.184946374152787030e-05
3.860900000000032378e+03 4.408370296005159616e-05
3.861800000000032469e+03 4.651542985811829567e-05
3.862700000000032560e+03 4.769570659846067429e-05
3.863600000000032651e+03 4.762512980960309505e-05
3.864500000000032742e+03 4.686048487201333046e-05
3.865400000000032833e+03 4.633517528418451548e-05
3.866300000000032924e+03 4.653348514693789184e-05
3.867200000000033015e+03 4.702917067334055901e-05
3.868100000000033106e+03 4.726996121462434530e-05
3.869000000000033197e+03 4.705480387201532722e-05
3.869900000000033288e+03 4.622002234100364149e-05
3.870800000000033378e+03 4.433072535903193057e-05
3.871700000000033469e+03 4.185787474852986634e-05
3.872600000000033560e+03 4.063597953063435853e-05
3.873500000000033651e+03 4.156763316132128239e-05
3.874400000000033742e+03 4.332603930379264057e-05
3.875300000000033833e+03 4.410577821545302868e-05
3.876200000000033924e+03 4.321684536989778280e-05
3.877100000000034015e+03 4.087832348886877298e-05
3.878000000000034106e+03 3.881852535414509475e-05
3.878900000000034197e+03 3.910724262823350728e-05
3.879800000000034288e+03 4.067704867338761687e-05
3.880700000000034379e+03 4.088493369636125863e-05
3.881600000000034470e+03 3.961261609219945967e-05
3.882500000000034561e+03 3.840410499833524227e-05
3.883400000000034652e+03 3.766634836210869253e-05
3.884300000000034743e+03 3.628789272624999285e-05
3.885200000000034834e+03 3.350340921315364540e-05
3.886100000000034925e+03 3.029981598956510425e-05
3.887000000000035016e+03 2.777659392450004816e-05
3.887900000000035106e+03 2.547306939959526062e-05
3.888800000000035197e+03 2.422323814244009554e-05
3.889700000000035288e+03 2.605661757115740329e-05
3.890600000000035379e+03 3.008552266692277044e-05
3.891500000000035470e+03 3.360344271641224623e-05
3.892400000000035561e+03 3.545609433786012232e-05
3.893300000000035652e+03 3.624129021773114800e-05
3.894200000000035743e+03 3.673230821732431650e-05
3.895100000000035834e+03 3.741036925930529833e-05
3.896000000000035925e+03 3.882572491420432925e-05
3.896900000000036016e+03 4.023887231596745551e-05
3.897800000000036107e+03 4.061660365550778806e-05
3.898700000000036198e+03 4.041178181068971753e-05
3.899600000000036289e+03 4.061270374222658575e-05
3.900500000000036380e+03 4.160116441198624671e-05
3.901400000000036471e+03 4.259404158801771700e-05
3.902300000000036562e+03 4.295231701689772308e-05
3.903200000000036653e+03 4.327983697294257581e-05
3.904100000000036744e+03 4.338868893682956696e-05
3.905000000000036835e+03 4.253295992384664714e-05
3.905900000000036925e+03 4.217044624965637922e-05
3.906800000000037016e+03 4.359950617072172463e-05
3.907700000000037107e+03 4.562848698697052896e-05
3.908600000000037198e+03 4.678696495830081403e-05
3.909500000000037289e+03 4.698379052570089698e-05
3.910400000000037380e+03 4.713876114692538977e-05
3.911300000000037471e+03 4.773851833306252956e-05
3.912200000000037562e+03 4.775359047926031053e-05
3.913100000000037653e+03 4.676726894103921950e-05
3.914000000000037744e+03 4.618325692717917264e-05
3.914900000000037835e+03 4.639760663849301636e-05
3.915800000000037926e+03 4.655794691643677652e-05
3.916700000000038017e+03 4.648225512937642634e-05
3.917600000000038108e+03 4.632699346984736621e-05
3.918500000000038199e+03 4.583848567563109100e-05
3.919400000000038290e+03 4.503537638811394572e-05
3.920300000000038381e+03 4.436577000888064504e-05
3.921200000000038472e+03 4.430914486874826252e-05
3.922100000000038563e+03 4.466430618776939809e-05
3.923000000000038654e+03 4.520337824942544103e-05
3.923900000000038744e+03 4.574809645419009030e-05
3.924800000000038835e+03 4.560546221910044551e-05
3.925700000000038926e+03 4.455553425941616297e-05
3.926600000000039017e+03 4.289651769795455039e-05
3.927500000000039108e+03 4.077846097061410546e-05
3.928400000000039199e+03 3.866574843414127827e-05
3.929300000000039290e+03 3.650821963674388826e-05
3.930200000000039381e+03 3.364221265655942261e-05
3.931100000000039472e+03 2.961858808703254908e-05
3.932000000000039563e+03 2.450205829518381506e-05
3.932900000000039654e+03 2.006702379730995744e-05
3.933800000000039745e+03 1.929513928189408034e-05
3.934700000000039836e+03 2.287052302563097328e-05
3.935600000000039927e+03 2.835750456142704934e-05
3.936500000000040018e+03 3.337626549182459712e-05
3.937400000000040109e+03 3.717944855452515185e-05
3.938300000000040200e+03 4.009722397313453257e-05
3.939200000000040291e+03 4.234234074829146266e-05
3.940100000000040382e+03 4.360995080787688494e-05
3.941000000000040473e+03 4.415128933032974601e-05
3.941900000000040563e+03 4.443612488103099167e-05
3.942800000000040654e+03 4.426200757734477520e-05
3.943700000000040745e+03 4.389835157780908048e-05
3.944600000000040836e+03 4.455330054042860866e-05
3.945500000000040927e+03 4.610257383319549263e-05
3.946400000000041018e+03 4.688018816523253918e-05
3.947300000000041109e+03 4.630656258086673915e-05
3.948200000000041200e+03 4.559788067126646638e-05
3.949100000000041291e+03 4.574118429445661604e-05
3.950000000000041382e+03 4.631401316146366298e-05
3.950900000000041473e+03 4.634083961718715727e-05
3.951800000000041564e+03 4.554978295345790684e-05
3.952700000000041655e+03 4.501593502936884761e-05
3.953600000000041746e+03 4.564650953398086131e-05
3.954500000000041837e+03 4.617255399352870882e-05
3.955400000000041928e+03 4.514255851972848177e-05
3.956300000000042019e+03 4.351990719442255795e-05
3.957200000000042110e+03 4.301514854887500405e-05
3.958100000000042201e+03 4.350870221969671547e-05
3.959000000000042292e+03 4.378115045255981386e-05
3.959900000000042382e+03 4.270808494766242802e-05
3.960800000000042473e+03 4.028096009278669953e-05
3.961700000000042564e+03 3.789497714024037123e-05
3.962600000000042655e+03 3.639493297669105232e-05
3.963500000000042746e+03 3.504949927446432412e-05
3.964400000000042837e+03 3.281186945969238877e-05
3.965300000000042928e+03 2.903069980675354600e-05
3.966200000000043019e+03 2.378329554630909115e-05
3.967100000000043110e+03 1.806624277378432453e-05
3.968000000000043201e+03 1.362409238936379552e-05
3.968900000000043292e+03 1.222596711158985272e-05
3.969800000000043383e+03 1.434542173228692263e-05
3.970700000000043474e+03 1.885335041151847690e-05
3.971600000000043565e+03 2.390375448158010840e-05
3.972500000000043656e+03 2.819664041453506798e-05
3.973400000000043747e+03 3.155717058689333498e-05
3.974300000000043838e+03 3.448847928666509688e-05
3.975200000000043929e+03 3.703790207509882748e-05
3.976100000000044020e+03 3.880989606841467321e-05
3.977000000000044110e+03 4.004194852313958108e-05
3.977900000000044201e+03 4.139063821639865637e-05
3.978800000000044292e+03 4.291285949875600636e-05
3.979700000000044383e+03 4.416344017954543233e-05
3.980600000000044474e+03 4.456170790945179760e-05
3.981500000000044565e+03 4.420412733452394605e-05
3.982400000000044656e+03 4.404432911542244256e-05
3.983300000000044747e+03 4.475935202208347619e-05
3.984200000000044838e+03 4.594511119648814201e-05
3.985100000000044929e+03 4.670865746447816491e-05
3.986000000000045020e+03 4.681529026129283011e-05
3.986900000000045111e+03 4.702437945525161922e-05
3.987800000000045202e+03 4.768170765601098537e-05
3.988700000000045293e+03 4.806783545063808560e-05
3.989600000000045384e+03 4.807351069757714868e-05
3.990500000000045475e+03 4.841119516640901566e-05
3.991400000000045566e+03 4.919174898532219231e-05
3.992300000000045657e+03 4.980674202670343220e-05
3.993200000000045748e+03 4.977915159543044865e-05
3.994100000000045839e+03 4.908652772428467870e-05
3.995000000000045929e+03 4.845054354518651962e-05
3.995900000000046020e+03 4.810518294107168913e-05
3.996800000000046111e+03 4.752560562337748706e-05
3.997700000000046202e+03 4.710331268142908812e-05
3.998600000000046293e+03 4.779849405167624354e-05
3.999500000000046384e+03 4.905973401037044823e-05
4.000400000000046475e+03 4.970037480234168470e-05
4.001300000000046566e+03 4.993334368919022381e-05
4.002200000000046657e+03 5.038163726567290723e-05
4.003100000000046748e+03 5.047111335443332791e-05
4.004000000000046839e+03 4.934937896905466914e-05
4.004900000000046930e+03 4.775042907567694783e-05
4.005800000000047021e+03 4.742702367366291583e-05
4.006700000000047112e+03 4.859764521825127304e-05
4.007600000000047203e+03 4.993915717932395637e-05
4.008500000000047294e+03 5.049147875979542732e-05
4.009400000000047385e+03 5.053433778812177479e-05
4.010300000000047476e+03 5.069391409051604569e-05
4.011200000000047567e+03 5.071383202448487282e-05
4.012100000000047658e+03 5.040610994910821319e-05
4.013000000000047748e+03 5.018016599933616817e-05
4.013900000000047839e+03 5.022666664444841444e-05
4.014800000000047930e+03 5.065753066446632147e-05
4.015700000000048021e+03 5.106255412101745605e-05
4.016600000000048112e+03 5.089284968562424183e-05
4.017500000000048203e+03 5.066467565484344959e-05
4.018400000000048294e+03 5.095575761515647173e-05
4.019300000000048385e+03 5.127752956468611956e-05
4.020200000000048476e+03 5.114688610774464905e-05
4.021100000000048567e+03 5.090470585855655372e-05
4.022000000000048658e+03 5.090561899123713374e-05
4.022900000000048749e+03 5.085225711809471250e-05
4.023800000000048840e+03 5.040008545620366931e-05
4.024700000000048931e+03 5.013057307223789394e-05
4.025600000000049022e+03 5.072848216514103115e-05
4.026500000000049113e+03 5.162593879504129291e-05
4.027400000000049204e+03 5.192996832192875445e-05
4.028300000000049295e+03 5.156871338840574026e-05
4.029200000000049386e+03 5.058230090071447194e-05
4.030100000000049477e+03 4.922817970509640872e-05
4.031000000000049567e+03 4.856082523474469781e-05
4.031900000000049658e+03 4.861052366322837770e-05
4.032800000000049749e+03 4.861016350332647562e-05
4.033700000000049840e+03 4.880265623796731234e-05
4.034600000000049931e+03 4.955858821631409228e-05
4.035500000000050022e+03 5.070250335847958922e-05
4.036400000000050113e+03 5.184918700251728296e-05
4.037300000000050204e+03 5.260235047899186611e-05
4.038200000000050295e+03 5.284565850161015987e-05
4.039100000000050386e+03 5.256343501969240606e-05
4.040000000000050477e+03 5.180664811632595956e-05
4.040900000000050568e+03 5.132921432959847152e-05
4.041800000000050659e+03 5.165890615899115801e-05
4.042700000000050750e+03 5.180195876164361835e-05
4.043600000000050841e+03 5.059198156232014298e-05
4.044500000000050932e+03 4.813159830518998206e-05
4.045400000000051023e+03 4.628983151633292437e-05
4.046300000000051114e+03 4.726410043076612055e-05
4.047200000000051205e+03 4.992610774934291840e-05
4.048100000000051296e+03 5.145556860952638090e-05
4.049000000000051386e+03 5.163069363334216177e-05
4.049900000000051477e+03 5.173186582396738231e-05
4.050800000000051568e+03 5.196819256525486708e-05
4.051700000000051659e+03 5.186497219256125391e-05
4.052600000000051750e+03 5.142035297467373312e-05
4.053500000000051841e+03 5.089349360787309706e-05
4.054400000000051932e+03 5.059785689809359610e-05
4.055300000000052023e+03 5.066948142484761775e-05
4.056200000000052114e+03 5.076025263406336308e-05
4.057100000000052205e+03 5.048633101978339255e-05
4.058000000000052296e+03 5.033041088609024882e-05
4.058900000000052387e+03 5.082089774077758193e-05
4.059800000000052478e+03 5.157568011782132089e-05
4.060700000000052569e+03 5.188199793337844312e-05
4.061600000000052660e+03 5.095717278891243041e-05
4.062500000000052751e+03 4.883607107331044972e-05
4.063400000000052842e+03 4.740584336104802787e-05
4.064300000000052933e+03 4.817796070710755885e-05
4.065200000000053024e+03 4.957379132974892855e-05
4.066100000000053114e+03 4.975440242560580373e-05
4.067000000000053205e+03 4.956319025950506330e-05
4.067900000000053296e+03 5.031908585806377232e-05
4.068800000000053387e+03 5.142675217939540744e-05
4.069700000000053478e+03 5.138553387951105833e-05
4.070600000000053569e+03 4.984722909284755588e-05
4.071500000000053660e+03 4.854649159824475646e-05
4.072400000000053751e+03 4.907033508061431348e-05
4.073300000000053842e+03 5.034842979512177408e-05
4.074200000000053933e+03 5.067801976110786200e-05
4.075100000000054024e+03 4.995252311346121132e-05
4.076000000000054115e+03 4.853815698879770935e-05
4.076900000000054206e+03 4.697416079579852521e-05
4.077800000000054297e+03 4.657473982661031187e-05
4.078700000000054388e+03 4.774797707796096802e-05
4.079600000000054479e+03 4.929942952003329992e-05
4.080500000000054570e+03 5.032583430875092745e-05
4.081400000000054661e+03 5.066696758149191737e-05
4.082300000000054752e+03 5.019121817895211279e-05
4.083200000000054843e+03 4.914084638585336506e-05
4.084100000000054933e+03 4.822019764105789363e-05
4.085000000000055024e+03 4.802583862328901887e-05
4.085900000000055115e+03 4.848497337661683559e-05
4.086800000000055206e+03 4.914785677101463079e-05
4.087700000000055297e+03 4.958424324286170304e-05
4.088600000000055388e+03 4.953625830239616334e-05
4.089500000000055479e+03 4.905163223156705499e-05
4.090400000000055570e+03 4.832364720641635358e-05
4.091300000000055661e+03 4.746971535496413708e-05
4.092200000000055752e+03 4.673967123380862176e-05
4.093100000000055843e+03 4.634261495084501803e-05
4.094000000000055934e+03 4.577957952278666198e-05
4.094900000000056025e+03 4.453282599570229650e-05
4.095800000000056116e+03 4.299409556551836431e-05
4.096700000000056207e+03 4.173105844529345632e-05
4.097600000000056752e+03 4.063238156959414482e-05
4.098500000000056389e+03 3.909405495505779982e-05
4.099400000000056025e+03 3.629532875493168831e-05
4.100300000000056571e+03 3.180189014528878033e-05
4.101200000000057116e+03 2.784065327432472259e-05
4.102100000000056752e+03 2.801638402161188424e-05
4.103000000000056389e+03 3.206900146324187517e-05
4.103900000000056934e+03 3.647074481705203652e-05
4.104800000000057480e+03 3.945305797969922423e-05
4.105700000000057116e+03 4.126750354771502316e-05
4.106600000000056752e+03 4.242334398441016674e-05
4.107500000000057298e+03 4.337580321589484811e-05
4.108400000000057844e+03 4.411904592416249216e-05
4.109300000000057480e+03 4.445982631295919418e-05
4.110200000000057116e+03 4.493843516684137285e-05
4.111100000000057662e+03 4.582250403473153710e-05
4.112000000000058208e+03 4.675918899010866880e-05
4.112900000000057844e+03 4.753487883135676384e-05
4.113800000000057480e+03 4.806667857337743044e-05
4.114700000000058026e+03 4.848738899454474449e-05
4.115600000000058571e+03 4.906698450213298202e-05
4.116500000000058208e+03 4.947080378769896924e-05
4.117400000000057844e+03 4.904816887574270368e-05
4.118300000000058390e+03 4.827806696994230151e-05
4.119200000000058935e+03 4.827321390621364117e-05
4.120100000000058571e+03 4.886067472398281097e-05
4.121000000000058208e+03 4.914990859106183052e-05
4.121900000000058753e+03 4.921726576867513359e-05
4.122800000000059299e+03 4.954692485625855625e-05
4.123700000000058935e+03 5.018540832679718733e-05
4.124600000000058571e+03 5.072501153335906565e-05
4.125500000000059117e+03 5.079375114291906357e-05
4.126400000000059663e+03 5.048329330747947097e-05
4.127300000000059299e+03 5.004255217500030994e-05
4.128200000000058935e+03 4.986072963220067322e-05
4.129100000000059481e+03 5.002048419555649161e-05
4.130000000000060027e+03 5.010991299059242010e-05
4.130900000000059663e+03 4.956327393301762640e-05
4.131800000000059299e+03 4.855029692407697439e-05
4.132700000000059845e+03 4.818295565200969577e-05
4.133600000000060390e+03 4.851115954807028174e-05
4.134500000000060027e+03 4.916372199659235775e-05
4.135400000000059663e+03 5.019231321057304740e-05
4.136300000000060209e+03 5.100869020679965615e-05
4.137200000000060754e+03 5.138222331879660487e-05
4.138100000000060390e+03 5.176035483600571752e-05
4.139000000000060027e+03 5.201593376114033163e-05
4.139900000000060572e+03 5.198338476475328207e-05
4.140800000000061118e+03 5.164493995835073292e-05
4.141700000000060754e+03 5.051277912571094930e-05
4.142600000000060390e+03 4.861405250267125666e-05
4.143500000000060936e+03 4.754850306198932230e-05
4.144400000000061482e+03 4.857422391069121659e-05
4.145300000000061118e+03 5.039068491896614432e-05
4.146200000000060754e+03 5.129468263476155698e-05
4.147100000000061300e+03 5.132107980898581445e-05
4.148000000000061846e+03 5.099825284560211003e-05
4.148900000000061482e+03 5.060625699115917087e-05
4.149800000000061118e+03 5.058434180682525039e-05
4.150700000000061664e+03 5.098272959003224969e-05
4.151600000000062209e+03 5.118463377584703267e-05
4.152500000000061846e+03 5.086941746412776411e-05
4.153400000000061482e+03 5.015161514165811241e-05
4.154300000000062028e+03 4.964204345014877617e-05
4.155200000000062573e+03 4.980096491635777056e-05
4.156100000000062209e+03 5.013707777834497392e-05
4.157000000000061846e+03 5.040510222897864878e-05
4.157900000000062391e+03 5.088488978799432516e-05
4.158800000000062937e+03 5.145953400642611086e-05
4.159700000000062573e+03 5.184081965126097202e-05
4.160600000000062209e+03 5.183806933928281069e-05
4.161500000000062755e+03 5.173635145183652639e-05
4.162400000000063301e+03 5.181856249691918492e-05
4.163300000000062937e+03 5.179841900826431811e-05
4.164200000000062573e+03 5.174366015125997365e-05
4.165100000000063119e+03 5.185774352867156267e-05
4.166000000000063665e+03 5.174462421564385295e-05
4.166900000000063301e+03 5.132087972015142441e-05
4.167800000000062937e+03 5.125038660480640829e-05
4.168700000000063483e+03 5.163897731108590961e-05
4.169600000000064028e+03 5.175758633413352072e-05
4.170500000000063665e+03 5.099872214486822486e-05
4.171400000000063301e+03 4.947441630065441132e-05
4.172300000000063847e+03 4.809240999747999012e-05
4.173200000000064392e+03 4.777570211444981396e-05
4.174100000000064028e+03 4.845338480663485825e-05
4.175000000000063665e+03 4.937000630889087915e-05
4.175900000000064210e+03 4.991113746655173600e-05
4.176800000000064756e+03 4.979610093869268894e-05
4.177700000000064392e+03 4.955995973432436585e-05
4.178600000000064028e+03 5.002171383239328861e-05
4.179500000000064574e+03 5.093485015095211565e-05
4.180400000000065120e+03 5.127026088302955031e-05
4.181300000000064756e+03 5.078021786175668240e-05
4.182200000000064392e+03 5.045936632086522877e-05
4.183100000000064938e+03 5.068047903478145599e-05
4.184000000000065484e+03 5.092117135063745081e-05
4.184900000000065120e+03 5.100710041006095707e-05
4.185800000000064756e+03 5.052839333075098693e-05
4.186700000000065302e+03 4.946571425534784794e-05
4.187600000000065847e+03 4.910907227895222604e-05
4.188500000000065484e+03 5.001412137062288821e-05
4.189400000000065120e+03 5.096920722280628979e-05
4.190300000000065666e+03 5.092758874525316060e-05
4.191200000000066211e+03 5.052358756074681878e-05
4.192100000000065847e+03 5.098733527120202780e-05
4.193000000000065484e+03 5.194887489778921008e-05
4.193900000000066029e+03 5.202423562877811491e-05
4.194800000000066575e+03 5.115556996315717697e-05
4.195700000000066211e+03 5.053398126619867980e-05
4.196600000000065847e+03 5.027419683756306767e-05
4.197500000000066393e+03 4.931857984047383070e-05
4.198400000000066939e+03 4.828328746953047812e-05
4.199300000000066575e+03 4.853219434153288603e-05
4.200200000000066211e+03 4.923021333524957299e-05
4.201100000000066757e+03 4.918918784824199975e-05
4.202000000000067303e+03 4.905934838461689651e-05
4.202900000000066939e+03 4.945725959260016680e-05
4.203800000000066575e+03 4.977114804205484688e-05
4.204700000000067121e+03 4.982524842489510775e-05
4.205600000000067666e+03 5.002151010558009148e-05
4.206500000000067303e+03 5.042056000092998147e-05
4.207400000000066939e+03 5.098454130347818136e-05
4.208300000000067485e+03 5.130750287207774818e-05
4.209200000000068030e+03 5.103935109218582511e-05
4.210100000000067666e+03 5.062580021331086755e-05
4.211000000000067303e+03 5.071351188234984875e-05
4.211900000000067848e+03 5.112368671689182520e-05
4.212800000000068394e+03 5.135674655321054161e-05
4.213700000000068030e+03 5.106576281832531095e-05
4.214600000000067666e+03 4.994971823180094361e-05
4.215500000000068212e+03 4.871919736615382135e-05
4.216400000000068758e+03 4.875784361502155662e-05
4.217300000000068394e+03 4.976248237653635442e-05
4.218200000000068030e+03 5.049413812230341136e-05
4.219100000000068576e+03 5.089937985758297145e-05
4.220000000000069122e+03 5.134665116202086210e-05
4.220900000000068758e+03 5.151941513759084046e-05
4.221800000000068394e+03 5.094536027172580361e-05
4.222700000000068940e+03 5.007320214645005763e-05
4.223600000000069485e+03 4.928406269755214453e-05
4.224500000000069122e+03 4.807602454093284905e-05
4.225400000000068758e+03 4.581526445690542459e-05
4.226300000000069303e+03 4.365500353742390871e-05
4.227200000000069849e+03 4.437570532900281250e-05
4.228100000000069485e+03 4.771487510879524052e-05
4.229000000000069122e+03 5.030524334870278835e-05
4.229900000000069667e+03 5.105987293063662946e-05
4.230800000000070213e+03 5.103534203954041004e-05
4.231700000000069849e+03 5.042197517468594015e-05
4.232600000000069485e+03 4.934866956318728626e-05
4.233500000000070031e+03 4.907195034320466220e-05
4.234400000000070577e+03 4.958917634212411940e-05
4.235300000000070213e+03 4.925032044411636889e-05
4.236200000000069849e+03 4.852700294577516615e-05
4.237100000000070395e+03 4.876624734606593847e-05
4.238000000000070941e+03 4.942127634421922266e-05
4.238900000000070577e+03 4.979981531505472958e-05
4.239800000000070213e+03 5.024001075071282685e-05
4.240700000000070759e+03 5.077784953755326569e-05
4.241600000000071304e+03 5.062927812105044723e-05
4.242500000000070941e+03 5.007422441849485040e-05
4.243400000000070577e+03 5.031436376157216728e-05
4.244300000000071122e+03 5.102853174321353436e-05
4.245200000000071668e+03 5.089529440738260746e-05
4.246100000000071304e+03 4.974822877557016909e-05
4.247000000000070941e+03 4.859869659412652254e-05
4.247900000000071486e+03 4.819119567400775850e-05
4.248800000000072032e+03 4.797277142642997205e-05
4.249700000000071668e+03 4.754889960167929530e-05
4.250600000000071304e+03 4.801556860911659896e-05
4.251500000000071850e+03 4.959563375450670719e-05
4.252400000000072396e+03 5.050819163443520665e-05
4.253300000000072032e+03 4.981835081707686186e-05
4.254200000000071668e+03 4.877148239756934345e-05
4.255100000000072214e+03 4.886686292593367398e-05
4.256000000000072760e+03 5.012710607843473554e-05
4.256900000000072396e+03 5.115794920129701495e-05
4.257800000000072032e+03 5.079303082311525941e-05
4.258700000000072578e+03 4.948066998622380197e-05
4.259600000000073123e+03 4.821738912141881883e-05
4.260500000000072760e+03 4.774766057380475104e-05
4.261400000000072396e+03 4.859015461988747120e-05
4.262300000000072941e+03 5.011289613321423531e-05
4.263200000000073487e+03 5.113157749292440712e-05
4.264100000000073123e+03 5.146267722011543810e-05
4.265000000000072760e+03 5.164588219486176968e-05
4.265900000000073305e+03 5.149250864633359015e-05
4.266800000000073851e+03 5.062960190116427839e-05
4.267700000000073487e+03 4.988877117284573615e-05
4.268600000000073123e+03 4.984248153050430119e-05
4.269500000000073669e+03 4.937444828101433814e-05
4.270400000000074215e+03 4.761802483699284494e-05
4.271300000000073851e+03 4.601921682478860021e-05
4.272200000000073487e+03 4.628040915122255683e-05
4.273100000000074033e+03 4.716334660770371556e-05
4.274000000000074579e+03 4.709628046839497983e-05
4.274900000000074215e+03 4.728067870019003749e-05
4.275800000000073851e+03 4.879287735093384981e-05
4.276700000000074397e+03 5.048291859566234052e-05
4.277600000000074942e+03 5.111224891152232885e-05
4.278500000000074579e+03 5.053581116953864694e-05
4.279400000000074215e+03 4.925509711029008031e-05
4.280300000000074760e+03 4.839751636609435081e-05
4.281200000000075306e+03 4.838013774133287370e-05
4.282100000000074942e+03 4.862947025685571134e-05
4.283000000000074579e+03 4.910082861897535622e-05
4.283900000000075124e+03 4.941088263876736164e-05
4.284800000000075670e+03 4.870274642598815262e-05
4.285700000000075306e+03 4.770555460709147155e-05
4.286600000000074942e+03 4.757360147777944803e-05
4.287500000000075488e+03 4.765868652611970901e-05
4.288400000000076034e+03 4.663748768507502973e-05
4.289300000000075670e+03 4.501935836742632091e-05
4.290200000000075306e+03 4.455535236047580838e-05
4.291100000000075852e+03 4.572661418933421373e-05
4.292000000000076398e+03 4.735664333566091955e-05
4.292900000000076034e+03 4.806793731404468417e-05
4.293800000000075670e+03 4.765849007526412606e-05
4.294700000000076216e+03 4.730773434857837856e-05
4.295600000000076761e+03 4.727789928438141942e-05
4.296500000000076398e+03 4.669130430556833744e-05
4.297400000000076034e+03 4.544481635093688965e-05
4.298300000000076579e+03 4.367278597783297300e-05
4.299200000000077125e+03 4.187618469586595893e-05
4.300100000000076761e+03 4.136041388846933842e-05
4.301000000000076398e+03 4.187695594737306237e-05
4.301900000000076943e+03 4.204405558994039893e-05
4.302800000000077489e+03 4.210207771393470466e-05
4.303700000000077125e+03 4.284560418454930186e-05
4.304600000000076761e+03 4.362194522400386631e-05
4.305500000000077307e+03 4.369469388620927930e-05
4.306400000000077853e+03 4.286917828721925616e-05
4.307300000000077489e+03 4.126914063817821443e-05
4.308200000000077125e+03 4.035223537357524037e-05
4.309100000000077671e+03 4.093808456673286855e-05
4.310000000000078217e+03 4.192751657683402300e-05
4.310900000000077853e+03 4.249180346960201859e-05
4.311800000000077489e+03 4.289874414098449051e-05
4.312700000000078035e+03 4.361863830126821995e-05
4.313600000000078580e+03 4.445837839739397168e-05
4.314500000000078217e+03 4.560727757052518427e-05
4.315400000000077853e+03 4.777064532390795648e-05
4.316300000000078398e+03 4.995880226488225162e-05
4.317200000000078944e+03 5.072016574558801949e-05
4.318100000000078580e+03 5.045033321948722005e-05
4.319000000000078217e+03 5.009183951187878847e-05
4.319900000000078762e+03 4.961930608260445297e-05
4.320800000000079308e+03 4.896721657132729888e-05
4.321700000000078944e+03 4.835926301893778145e-05
4.322600000000078580e+03 4.699242344941012561e-05
4.323500000000079126e+03 4.494082168093882501e-05
4.324400000000079672e+03 4.334394543548114598e-05
4.325300000000079308e+03 4.281750079826451838e-05
4.326200000000078944e+03 4.397183511173352599e-05
4.327100000000079490e+03 4.623506902134977281e-05
4.328000000000080036e+03 4.778118091053329408e-05
4.328900000000079672e+03 4.790772072738036513e-05
4.329800000000079308e+03 4.719885328086093068e-05
4.330700000000079854e+03 4.660386184696108103e-05
4.331600000000080399e+03 4.646403249353170395e-05
4.332500000000080036e+03 4.624521170626394451e-05
4.333400000000079672e+03 4.563418769976124167e-05
4.334300000000080217e+03 4.499314309214241803e-05
4.335200000000080763e+03 4.415341027197428048e-05
4.336100000000080399e+03 4.222140341880731285e-05
4.337000000000080036e+03 3.914001717930659652e-05
4.337900000000080581e+03 3.599927367758937180e-05
4.338800000000081127e+03 3.250259032938629389e-05
4.339700000000080763e+03 2.866252179956063628e-05
4.340600000000080399e+03 2.793406565615441650e-05
4.341500000000080945e+03 3.194793316652067006e-05
4.342400000000081491e+03 3.680045847431756556e-05
4.343300000000081127e+03 3.940496389986947179e-05
4.344200000000080763e+03 4.096549673704430461e-05
4.345100000000081309e+03 4.279295535525307059e-05
4.346000000000081855e+03 4.417587115312926471e-05
4.346900000000081491e+03 4.475315290619619191e-05
4.347800000000081127e+03 4.538767825579270720e-05
4.348700000000081673e+03 4.643063221010379493e-05
4.349600000000082218e+03 4.676008029491640627e-05
4.350500000000081855e+03 4.537531640380620956e-05
4.351400000000081491e+03 4.358217847766354680e-05
4.352300000000082036e+03 4.362540857982821763e-05
4.353200000000082582e+03 4.554675251711159945e-05
4.354100000000082218e+03 4.719596472568809986e-05
4.355000000000081855e+03 4.772338434122502804e-05
4.355900000000082400e+03 4.815699139726348221e-05
4.356800000000082946e+03 4.878558684140443802e-05
4.357700000000082582e+03 4.886273381998762488e-05
4.358600000000082218e+03 4.829527097172103822e-05
4.359500000000082764e+03 4.817715307581238449e-05
4.360400000000083310e+03 4.902912769466638565e-05
4.361300000000082946e+03 4.994323899154551327e-05
4.362200000000082582e+03 5.007660001865588129e-05
4.363100000000083128e+03 4.993773836758919060e-05
4.364000000000083674e+03 5.030429383623413742e-05
4.364900000000083310e+03 5.077054083812981844e-05
4.365800000000082946e+03 5.040999167249538004e-05
4.366700000000083492e+03 4.942250234307721257e-05
4.367600000000084037e+03 4.897976032225415111e-05
4.368500000000083674e+03 4.934087337460368872e-05
4.369400000000083310e+03 4.956164048053324223e-05
4.370300000000083855e+03 4.945495675201527774e-05
4.371200000000084401e+03 4.958155113854445517e-05
4.372100000000084037e+03 4.979435470886528492e-05
4.373000000000083674e+03 4.937489575240761042e-05
4.373900000000084219e+03 4.820953108719550073e-05
4.374800000000084765e+03 4.738158168038353324e-05
4.375700000000084401e+03 4.783780241268686950e-05
4.376600000000084037e+03 4.917512342217378318e-05
4.377500000000084583e+03 5.029220483265817165e-05
4.378400000000085129e+03 5.064762444817461073e-05
4.379300000000084765e+03 5.057316957390867174e-05
4.380200000000084401e+03 5.061634874437004328e-05
4.381100000000084947e+03 5.039454845245927572e-05
4.382000000000085493e+03 4.863840149482712150e-05
4.382900000000085129e+03 4.576730862027034163e-05
4.383800000000084765e+03 4.440952397999353707e-05
4.384700000000085311e+03 4.566039933706633747e-05
4.385600000000085856e+03 4.794889900949783623e-05
4.386500000000085493e+03 4.948875357513315976e-05
4.387400000000085129e+03 4.986250132787972689e-05
4.388300000000085674e+03 4.968932989868335426e-05
4.389200000000086220e+03 4.943604290019720793e-05
4.390100000000085856e+03 4.933682066621258855e-05
4.391000000000085493e+03 4.967930362909100950e-05
4.391900000000086038e+03 5.037322989664971828e-05
4.392800000000086584e+03 5.051630796515382826e-05
4.393700000000086220e+03 4.947195338900201023e-05
4.394600000000085856e+03 4.828675810131244361e-05
4.395500000000086402e+03 4.857220483245328069e-05
4.396400000000086948e+03 5.010128006688319147e-05
4.397300000000086584e+03 5.111217251396737993e-05
4.398200000000086220e+03 5.088771285954862833e-05
4.399100000000086766e+03 4.985590203432366252e-05
4.400000000000087311e+03 4.894711673841811717e-05
4.400900000000086948e+03 4.925372559227980673e-05
4.401800000000086584e+03 5.045907164458185434e-05
4.402700000000087130e+03 5.084780423203483224e-05
4.403600000000087675e+03 4.947107663610950112e-05
4.404500000000087311e+03 4.802217881660908461e-05
4.405400000000086948e+03 4.861618072027340531e-05
4.406300000000087493e+03 4.996480129193514585e-05
4.407200000000088039e+03 4.997586438548751175e-05
4.408100000000087675e+03 4.940695362165570259e-05
4.409000000000087311e+03 4.979212826583534479e-05
4.409900000000087857e+03 5.089467231300659478e-05
4.410800000000088403e+03 5.170310760149732232e-05
4.411700000000088039e+03 5.206216519582085311e-05
4.412600000000087675e+03 5.210353992879390717e-05
4.413500000000088221e+03 5.127549957251176238e-05
4.414400000000088767e+03 4.950416041538119316e-05
4.415300000000088403e+03 4.836459993384778500e-05
4.416200000000088039e+03 4.863832145929336548e-05
4.417100000000088585e+03 4.928484486299566925e-05
4.418000000000089130e+03 5.006248466088436544e-05
4.418900000000088767e+03 5.127781332703307271e-05
4.419800000000088403e+03 5.207628419157117605e-05
4.420700000000088949e+03 5.185725240153260529e-05
4.421600000000089494e+03 5.117936598253436387e-05
4.422500000000089130e+03 5.095337110105901957e-05
4.423400000000088767e+03 5.124488961882889271e-05
4.424300000000089312e+03 5.129074634169228375e-05
4.425200000000089858e+03 5.084897202323190868e-05
4.426100000000089494e+03 5.029569001635536551e-05
4.427000000000089130e+03 5.008367224945686758e-05
4.427900000000089676e+03 5.057023736299015582e-05
4.428800000000090222e+03 5.107709148433059454e-05
4.429700000000089858e+03 5.090700869914144278e-05
4.430600000000089494e+03 5.079463517176918685e-05
4.431500000000090040e+03 5.120476635056547821e-05
4.432400000000090586e+03 5.134802995598874986e-05
4.433300000000090222e+03 5.058340320829302073e-05
4.434200000000089858e+03 4.922817970509640872e-05
4.435100000000090404e+03 4.852807251154445112e-05
4.436000000000090949e+03 4.947926936438307166e-05
4.436900000000090586e+03 5.118306216900236905e-05
4.437800000000090222e+03 5.222095569479279220e-05
4.438700000000090768e+03 5.246542787062935531e-05
4.439600000000091313e+03 5.221888932283036411e-05
4.440500000000090949e+03 5.151422737981192768e-05
4.441400000000090586e+03 5.023584162699989974e-05
4.442300000000091131e+03 4.874086516792885959e-05
4.443200000000091677e+03 4.808979792869649827e-05
4.444100000000091313e+03 4.888206603936851025e-05
4.445000000000090949e+03 5.036840957473032176e-05
4.445900000000091495e+03 5.120546848047524691e-05
4.446800000000092041e+03 5.105983291286975145e-05
4.447700000000091677e+03 5.092797437100671232e-05
4.448600000000091313e+03 5.105994932819157839e-05
4.449500000000091859e+03 5.083198630018159747e-05
4.450400000000092405e+03 5.054950088378973305e-05
4.451300000000092041e+03 5.087042154627852142e-05
4.452200000000091677e+03 5.123569280840456486e-05
4.453100000000092223e+03 5.066389712737873197e-05
4.454000000000092768e+03 4.930083014187403023e-05
4.454900000000092405e+03 4.845268995268270373e-05
4.455800000000092041e+03 4.896328755421563983e-05
4.456700000000092587e+03 5.003767000744119287e-05
4.457600000000093132e+03 5.044776844442822039e-05
4.458500000000092768e+03 5.017379953642375767e-05
4.459400000000092405e+03 4.994861956220120192e-05
4.460300000000092950e+03 4.982483005733229220e-05
4.461200000000093496e+03 4.951791197527199984e-05
4.462100000000093132e+03 4.972969327354803681e-05
4.463000000000092768e+03 5.055949804955162108e-05
4.463900000000093314e+03 5.096949462313205004e-05
4.464800000000093860e+03 5.083666474092751741e-05
4.465700000000093496e+03 5.064189826953224838e-05
4.466600000000093132e+03 5.039045572630129755e-05
4.467500000000093678e+03 4.986041676602326334e-05
4.468400000000094224e+03 4.922438893117941916e-05
4.469300000000093860e+03 4.926741530653089285e-05
4.470200000000093496e+03 4.997890937374904752e-05
4.471100000000094042e+03 5.073463398730382323e-05
4.472000000000094587e+03 5.141066867508925498e-05
4.472900000000094224e+03 5.195128687773831189e-05
4.473800000000093860e+03 5.216830686549656093e-05
4.474700000000094406e+03 5.190388765186071396e-05
4.475600000000094951e+03 5.143949238117784262e-05
4.476500000000094587e+03 5.152220546733587980e-05
4.477400000000094224e+03 5.206931746215559542e-05
4.478300000000094769e+03 5.217883881414309144e-05
4.479200000000095315e+03 5.158981730346567929e-05
4.480100000000094951e+03 5.050336403655819595e-05
4.481000000000094587e+03 4.935385004500858486e-05
4.481900000000095133e+03 4.895760503131896257e-05
4.482800000000095679e+03 4.981475649401545525e-05
4.483700000000095315e+03 5.108399273012764752e-05
4.484600000000094951e+03 5.185509508009999990e-05
4.485500000000095497e+03 5.220893217483535409e-05
4.486400000000096043e+03 5.229687303653918207e-05
4.487300000000095679e+03 5.194678305997513235e-05
4.488200000000095315e+03 5.108291952637955546e-05
4.489100000000095861e+03 5.024892379879020154e-05
4.490000000000096406e+03 5.022818731958977878e-05
4.490900000000096043e+03 5.094028165331110358e-05
4.491800000000095679e+03 5.168300413060933352e-05
4.492700000000096225e+03 5.181723099667578936e-05
4.493600000000096770e+03 5.125716052134521306e-05
4.494500000000096406e+03 5.075409353594295681e-05
4.495400000000096043e+03 5.072569911135360599e-05
4.496300000000096588e+03 5.093077197670936584e-05
4.497200000000097134e+03 5.139657150721177459e-05
4.498100000000096770e+03 5.206331479712389410e-05
4.499000000000096406e+03 5.226934808888472617e-05
4.499900000000096952e+03 5.162680827197618783e-05
4.500800000000097498e+03 5.076496745459735394e-05
4.501700000000097134e+03 5.084342410555109382e-05
4.502600000000096770e+03 5.186296766623854637e-05
4.503500000000097316e+03 5.268893437460064888e-05
4.504400000000097862e+03 5.291299385135062039e-05
4.505300000000097498e+03 5.280510231386870146e-05
4.506200000000097134e+03 5.253241033642552793e-05
4.507100000000097680e+03 5.211236202740110457e-05
4.508000000000098225e+03 5.183719986234791577e-05
4.508900000000097862e+03 5.207186040934175253e-05
4.509800000000097498e+03 5.252098344499245286e-05
4.510700000000098044e+03 5.265781146590597928e-05
4.511600000000098589e+03 5.240096652414649725e-05
4.512500000000098225e+03 5.205935303820297122e-05
4.513400000000097862e+03 5.180725202080793679e-05
4.514300000000098407e+03 5.157336272532120347e-05
4.515200000000098953e+03 5.150687138666398823e-05
4.516100000000098589e+03 5.163814057596027851e-05
4.517000000000098225e+03 5.148728450876660645e-05
4.517900000000098771e+03 5.110930578666739166e-05
4.518800000000099317e+03 5.108172990730963647e-05
4.519700000000098953e+03 5.135923493071459234e-05
4.520600000000098589e+03 5.155676262802444398e-05
4.521500000000099135e+03 5.119639899930916727e-05
4.522400000000099681e+03 5.050102117820642889e-05
4.523300000000099317e+03 5.042275734012946486e-05
4.524200000000098953e+03 5.079559196019545197e-05
4.525100000000099499e+03 5.082471761852502823e-05
4.526000000000100044e+03 5.051785046816803515e-05
4.526900000000099681e+03 5.000272722099907696e-05
4.527800000000099317e+03 4.937436824548058212e-05
4.528700000000099863e+03 4.911151336273178458e-05
4.529600000000100408e+03 4.946510307490825653e-05
4.530500000000100044e+03 4.991495370632037520e-05
4.531400000000099681e+03 5.017383227823302150e-05
4.532300000000100226e+03 4.986791827832348645e-05
4.533200000000100772e+03 4.874369915341958404e-05
4.534100000000100408e+03 4.783392432727850974e-05
4.535000000000100044e+03 4.804860145668499172e-05
4.535900000000100590e+03 4.930961949867196381e-05
4.536800000000101136e+03 5.103892181068658829e-05
4.537700000000100772e+03 5.221801256993785501e-05
4.538600000000100408e+03 5.243169289315119386e-05
4.539500000000100954e+03 5.212590986047871411e-05
4.540400000000101500e+03 5.173301178729161620e-05
4.541300000000101136e+03 5.161713852430693805e-05
4.542200000000100772e+03 5.186117050470784307e-05
4.543100000000101318e+03 5.184992551221512258e-05
4.544000000000101863e+03 5.128385964781045914e-05
4.544900000000101500e+03 5.082090137875638902e-05
4.545800000000101136e+03 5.088022589916363358e-05
4.546700000000101682e+03 5.102908835397101939e-05
4.547600000000102227e+03 5.046890510129742324e-05
4.548500000000101863e+03 4.903162334812805057e-05
4.549400000000101500e+03 4.817550870939157903e-05
4.550300000000102045e+03 4.917154365102760494e-05
4.551200000000102591e+03 5.056098598288372159e-05
4.552100000000102227e+03 5.069100006949156523e-05
4.553000000000101863e+03 4.997227733838371933e-05
4.553900000000102409e+03 4.932406591251492500e-05
4.554800000000102955e+03 4.921203799312934279e-05
4.555700000000102591e+03 4.975756019121035933e-05
4.556600000000102227e+03 5.073420470580458641e-05
4.557500000000102773e+03 5.149532444193027914e-05
4.558400000000103319e+03 5.172223973204381764e-05
4.559300000000102955e+03 5.183292887522839010e-05
4.560200000000102591e+03 5.203275941312313080e-05
4.561100000000103137e+03 5.205291745369322598e-05
4.562000000000103682e+03 5.155349572305567563e-05
4.562900000000103319e+03 5.063880598754622042e-05
4.563800000000102955e+03 5.016788782086223364e-05
4.564700000000103500e+03 5.057861926616169512e-05
4.565600000000104046e+03 5.127638360136188567e-05
4.566500000000103682e+03 5.182509994483552873e-05
4.567400000000103319e+03 5.211991810938343406e-05
4.568300000000103864e+03 5.213376425672322512e-05
4.569200000000104410e+03 5.191242235014215112e-05
4.570100000000104046e+03 5.105397576699033380e-05
4.571000000000103682e+03 4.973333852831274271e-05
4.571900000000104228e+03 4.942250234307721257e-05
4.572800000000104774e+03 5.055600558989681304e-05
4.573700000000104410e+03 5.162780144019052386e-05
4.574600000000104046e+03 5.181983215152285993e-05
4.575500000000104592e+03 5.164656613487750292e-05
4.576400000000105138e+03 5.155584585736505687e-05
4.577300000000104774e+03 5.158588464837521315e-05
4.578200000000104410e+03 5.149438220541924238e-05
4.579100000000104956e+03 5.114953091833740473e-05
4.580000000000105501e+03 5.071243867860175669e-05
4.580900000000105138e+03 5.052737105870619416e-05
4.581800000000104774e+03 5.053798668086528778e-05
4.582700000000105319e+03 5.028535088058561087e-05
4.583600000000105865e+03 5.002800025977194309e-05
4.584500000000105501e+03 5.028371015214361250e-05
4.585400000000105138e+03 5.067551683168858290e-05
4.586300000000105683e+03 5.096609675092622638e-05
4.587200000000106229e+03 5.130894351168535650e-05
4.588100000000105865e+03 5.149711068952456117e-05
4.589000000000105501e+03 5.134897946845740080e-05
4.589900000000106047e+03 5.111319114803336561e-05
4.590800000000106593e+03 5.094785228720866144e-05
4.591700000000106229e+03 5.069687904324382544e-05
4.592600000000105865e+03 5.061550473328679800e-05
4.593500000000106411e+03 5.097094981465488672e-05
4.594400000000106957e+03 5.140119901625439525e-05
4.595300000000106593e+03 5.162436355021782219e-05
4.596200000000106229e+03 5.177316779736429453e-05
4.597100000000106775e+03 5.185566624277271330e-05
4.598000000000107320e+03 5.184939800528809428e-05
4.598900000000106957e+03 5.172979581402614713e-05
4.599800000000106593e+03 5.131881334818899632e-05
4.600700000000107138e+03 5.083635915070772171e-05
4.601600000000107684e+03 5.056591180618852377e-05
4.602500000000107320e+03 5.055423025623895228e-05
4.603400000000106957e+03 5.093167055747471750e-05
4.604300000000107502e+03 5.139479617355391383e-05
4.605200000000108048e+03 5.152511585038155317e-05
4.606100000000107684e+03 5.146177136339247227e-05
4.607000000000107320e+03 5.145622708369046450e-05
4.607900000000107866e+03 5.166588380234315991e-05
4.608800000000108412e+03 5.199320366955362260e-05
4.609700000000108048e+03 5.206583227845840156e-05
4.610600000000107684e+03 5.182658424018882215e-05
4.611500000000108230e+03 5.155829785508103669e-05
4.612400000000108776e+03 5.137634434504434466e-05
4.613300000000108412e+03 5.132396472617983818e-05
4.614200000000108048e+03 5.149246135260909796e-05
4.615100000000108594e+03 5.148881609784439206e-05
4.616000000000109139e+03 5.124321978655643761e-05
4.616900000000108776e+03 5.120286368764936924e-05
4.617800000000108412e+03 5.122649963595904410e-05
4.618700000000108957e+03 5.107425022288225591e-05
4.619600000000109503e+03 5.113813676871359348e-05
4.620500000000109139e+03 5.152993253432214260e-05
4.621400000000108776e+03 5.182579479878768325e-05
4.622300000000109321e+03 5.185123882256448269e-05
4.623200000000109867e+03 5.177695857128128409e-05
4.624100000000109503e+03 5.160714499652385712e-05
4.625000000000109139e+03 5.131480429554358125e-05
4.625900000000109685e+03 5.124570816406048834e-05
4.626800000000110231e+03 5.144317401573061943e-05
4.627700000000109867e+03 5.136106847203336656e-05
4.628600000000109503e+03 5.085174416308291256e-05
4.629500000000110049e+03 5.061097181169316173e-05
4.630400000000110595e+03 5.106245225761085749e-05
4.631300000000110231e+03 5.148713898961432278e-05
4.632200000000109867e+03 5.130709541845135391e-05
4.633100000000110413e+03 5.101849819766357541e-05
4.634000000000110958e+03 5.111785867484286427e-05
4.634900000000110595e+03 5.132769001647830009e-05
4.635800000000110231e+03 5.126866017235442996e-05
4.636700000000110776e+03 5.101391070638783276e-05
4.637600000000111322e+03 5.087818135507404804e-05
4.638500000000110958e+03 5.098876499687321484e-05
4.639400000000110595e+03 5.118729677633382380e-05
4.640300000000111140e+03 5.146566400071606040e-05
4.641200000000111686e+03 5.179983418202027678e-05
4.642100000000111322e+03 5.192840399104170501e-05
4.643000000000110958e+03 5.183952453080564737e-05
4.643900000000111504e+03 5.165803304407745600e-05
4.644800000000112050e+03 5.120444620843045413e-05
4.645700000000111686e+03 5.053749919170513749e-05
4.646600000000111322e+03 5.019058880861848593e-05
4.647500000000111868e+03 5.038190647610463202e-05
4.648400000000112414e+03 5.082365169073455036e-05
4.649300000000112050e+03 5.122928268974646926e-05
4.650200000000111686e+03 5.135585888638161123e-05
4.651100000000112232e+03 5.112878716317936778e-05
4.652000000000112777e+03 5.097954999655485153e-05
4.652900000000112414e+03 5.098681140225380659e-05
4.653800000000112050e+03 5.067662641522474587e-05
4.654700000000112595e+03 5.028775558457709849e-05
4.655600000000113141e+03 5.023331686970777810e-05
4.656500000000112777e+03 5.039132156525738537e-05
4.657400000000112414e+03 5.089715341455303133e-05
4.658300000000112959e+03 5.167568451724946499e-05
4.659200000000113505e+03 5.220290040597319603e-05
4.660100000000113141e+03 5.231593240750953555e-05
4.661000000000112777e+03 5.210456220083869994e-05
4.661900000000113323e+03 5.177901039132848382e-05
4.662800000000113869e+03 5.152119774720631540e-05
4.663700000000113505e+03 5.145798058947548270e-05
4.664600000000113141e+03 5.148691343492828310e-05
4.665500000000113687e+03 5.112293365527875721e-05
4.666400000000114233e+03 5.010787572246044874e-05
4.667300000000113869e+03 4.916055695503018796e-05
4.668200000000113505e+03 4.918075137538835406e-05
4.669100000000114051e+03 4.983081817044876516e-05
4.670000000000114596e+03 5.038375093135982752e-05
4.670900000000114233e+03 5.085623342893086374e-05
4.671800000000113869e+03 5.118462649988941848e-05
4.672700000000114414e+03 5.116836473462171853e-05
4.673600000000114960e+03 5.104503725306130946e-05
4.674500000000114596e+03 5.110930578666739166e-05
4.675400000000114233e+03 5.135378887644037604e-05
4.676300000000114778e+03 5.153997699380852282e-05
4.677200000000115324e+03 5.141284418641589582e-05
4.678100000000114960e+03 5.098814654047600925e-05
4.679000000000114596e+03 5.064350625616498291e-05
4.679900000000115142e+03 5.050669642514549196e-05
4.680800000000115688e+03 5.031696491641923785e-05
4.681700000000115324e+03 5.021559627493843436e-05
4.682600000000114960e+03 5.054636494605802000e-05
4.683500000000115506e+03 5.107613469590432942e-05
4.684400000000116052e+03 5.135999526828527451e-05
4.685300000000115688e+03 5.137689367984421551e-05
4.686200000000115324e+03 5.134296952746808529e-05
4.687100000000115870e+03 5.131368743604980409e-05
4.688000000000116415e+03 5.136038089403882623e-05
4.688900000000116052e+03 5.143388261785730720e-05
4.689800000000115688e+03 5.128420525579713285e-05
4.690700000000116233e+03 5.095301094115711749e-05
4.691600000000116779e+03 5.093246363685466349e-05
4.692500000000116415e+03 5.129926648805849254e-05
4.693400000000116052e+03 5.156161569175310433e-05
4.694300000000116597e+03 5.170981967239640653e-05
4.695200000000117143e+03 5.188003706280142069e-05
4.696100000000116779e+03 5.194263576413504779e-05
4.697000000000116415e+03 5.172636883798986673e-05
4.697900000000116961e+03 5.124923336552456021e-05
4.698800000000117507e+03 5.096219683764502406e-05
4.699700000000117143e+03 5.112171129439957440e-05
4.700600000000116779e+03 5.121214780956506729e-05
4.701500000000117325e+03 5.072383646620437503e-05
4.702400000000117871e+03 4.992612593923695385e-05
4.703300000000117507e+03 4.976282798452302814e-05
4.704200000000117143e+03 5.044925273978151381e-05
4.705100000000117689e+03 5.102143040858209133e-05
4.706000000000118234e+03 5.087189128971658647e-05
4.706900000000117871e+03 5.030772445024922490e-05
4.707800000000117507e+03 4.991042078472673893e-05
4.708700000000118052e+03 4.992673711967654526e-05
4.709600000000118598e+03 5.029203020967543125e-05
4.710500000000118234e+03 5.091364801046438515e-05
4.711400000000117871e+03 5.148041964275762439e-05
4.712300000000118416e+03 5.158462590770795941e-05
4.713200000000118962e+03 5.119780325912870467e-05
4.714100000000118598e+03 5.069396138424053788e-05
4.715000000000118234e+03 5.064493234385736287e-05
4.715900000000118780e+03 5.107915785629302263e-05
4.716800000000119326e+03 5.149554272065870464e-05
4.717700000000118962e+03 5.160529326531104743e-05
4.718600000000118598e+03 5.157358464202843606e-05
4.719500000000119144e+03 5.158682688488624990e-05
4.720400000000119690e+03 5.156698898645117879e-05
4.721300000000119326e+03 5.139722270541824400e-05
4.722200000000118962e+03 5.123397204442881048e-05
4.723100000000119508e+03 5.134544335305690765e-05
4.724000000000120053e+03 5.162540765013545752e-05
4.724900000000119690e+03 5.177150524104945362e-05
4.725800000000119326e+03 5.160695582162588835e-05
4.726700000000119871e+03 5.112058352096937597e-05
4.727600000000120417e+03 5.067965321359224617e-05
4.728500000000120053e+03 5.066297308076173067e-05
4.729400000000119690e+03 5.088339821668341756e-05
4.730300000000120235e+03 5.094295192975550890e-05
4.731200000000120781e+03 5.088797115604393184e-05
4.732100000000120417e+03 5.087236422696150839e-05
4.733000000000120053e+03 5.081043491372838616e-05
4.733900000000120599e+03 5.088883335702121258e-05
4.734800000000121145e+03 5.104793672217056155e-05
4.735700000000120781e+03 5.081183553556911647e-05
4.736600000000120417e+03 5.047687955084256828e-05
4.737500000000120963e+03 5.073998545412905514e-05
4.738400000000121508e+03 5.127724944031797349e-05
4.739300000000121145e+03 5.141046131029725075e-05
4.740200000000120781e+03 5.120716014062054455e-05
4.741100000000121327e+03 5.106473690830171108e-05
4.742000000000121872e+03 5.116941974847577512e-05
4.742900000000121508e+03 5.138610868016257882e-05
4.743800000000121145e+03 5.149260687176138163e-05
4.744700000000121690e+03 5.142132067703641951e-05
4.745600000000122236e+03 5.138309643371030688e-05
4.746500000000121872e+03 5.150068682269193232e-05
4.747400000000121508e+03 5.158546628081239760e-05
4.748300000000122054e+03 5.159748252481222153e-05
4.749200000000122600e+03 5.164613685337826610e-05
4.750100000000122236e+03 5.170127769815735519e-05
4.751000000000121872e+03 5.162363231647759676e-05
4.751900000000122418e+03 5.142458030604757369e-05
4.752800000000122964e+03 5.113424413139000535e-05
4.753700000000122600e+03 5.092813444207422435e-05
4.754600000000122236e+03 5.093729851068928838e-05
4.755500000000122782e+03 5.095192318549379706e-05
4.756400000000123327e+03 5.088002217235043645e-05
4.757300000000122964e+03 5.086549208499491215e-05
4.758200000000122600e+03 5.095125379739329219e-05
4.759100000000123146e+03 5.107610559207387269e-05
4.760000000000123691e+03 5.112027793074958026e-05
4.760900000000123327e+03 5.081990821054205298e-05
4.761800000000122964e+03 5.015793794882483780e-05
4.762700000000123509e+03 4.965567131876014173e-05
4.763600000000124055e+03 4.964592881151475012e-05
4.764500000000123691e+03 4.989383160136640072e-05
4.765400000000123327e+03 5.014124690205790102e-05
4.766300000000123873e+03 5.038069502916187048e-05
4.767200000000124419e+03 5.062437776359729469e-05
4.768100000000124055e+03 5.078683534520678222e-05
4.769000000000123691e+03 5.092918945592828095e-05
4.769900000000124237e+03 5.101279384689405560e-05
4.770800000000124783e+03 5.081992640043608844e-05
4.771700000000124419e+03 5.045095895184203982e-05
4.772600000000124055e+03 5.036273432779125869e-05
4.773500000000124601e+03 5.073729698779061437e-05
4.774400000000125146e+03 5.118988701724447310e-05
4.775300000000124783e+03 5.132907608640380204e-05
4.776200000000124419e+03 5.125800453242845833e-05
4.777100000000124965e+03 5.123655137140303850e-05
4.778000000000125510e+03 5.113697989145293832e-05
4.778900000000125146e+03 5.082614006823860109e-05
4.779800000000124783e+03 5.058959141024388373e-05
4.780700000000125328e+03 5.072431667940691113e-05
4.781600000000125874e+03 5.085041993879713118e-05
4.782500000000125510e+03 5.060993134975433350e-05
4.783400000000125146e+03 5.044349381932988763e-05
4.784300000000125692e+03 5.066981248091906309e-05
4.785200000000126238e+03 5.071382111054845154e-05
4.786100000000125874e+03 5.033957495470531285e-05
4.787000000000125510e+03 5.022453478886745870e-05
4.787900000000126056e+03 5.040042742621153593e-05
4.788800000000126602e+03 5.041389886173419654e-05
4.789700000000126238e+03 5.053147469880059361e-05
4.790600000000125874e+03 5.085216980660334229e-05
4.791500000000126420e+03 5.100043199490755796e-05
4.792400000000126965e+03 5.106409662403166294e-05
4.793300000000126602e+03 5.127396434545516968e-05
4.794200000000126238e+03 5.150850120116956532e-05
4.795100000000126784e+03 5.159224383533000946e-05
4.796000000000127329e+03 5.151357254362665117e-05
4.796900000000126965e+03 5.125666939420625567e-05
4.797800000000126602e+03 5.083439100417308509e-05
4.798700000000127147e+03 5.058554597781039774e-05
4.799600000000127693e+03 5.074530054116621614e-05
4.800500000000127329e+03 5.104760202812030911e-05
4.801400000000126965e+03 5.123660957906395197e-05
4.802300000000127511e+03 5.130377394380047917e-05
4.803200000000128057e+03 5.116134343552403152e-05
4.804100000000127693e+03 5.070271072327159345e-05
4.805000000000127329e+03 5.032569606555625796e-05
4.805900000000127875e+03 5.042824705014936626e-05
4.806800000000128421e+03 5.071130362921394408e-05
4.807700000000128057e+03 5.084138319944031537e-05
4.808600000000127693e+03 5.088103353045880795e-05
4.809500000000128239e+03 5.082517600385472178e-05
4.810400000000128784e+03 5.069318649475462735e-05
4.811300000000128421e+03 5.069847611594013870e-05
4.812200000000128057e+03 5.088161560706794262e-05
4.813100000000128603e+03 5.105357558932155371e-05
4.814000000000129148e+03 5.111700738780200481e-05
4.814900000000128784e+03 5.111188875162042677e-05
4.815800000000128421e+03 5.111587597639299929e-05
4.816700000000128966e+03 5.116199827170930803e-05
4.817600000000129512e+03 5.118616172694601119e-05
4.818500000000129148e+03 5.116860120324417949e-05
4.819400000000128784e+03 5.106511162011884153e-05
4.820300000000129330e+03 5.093770232633687556e-05
4.821200000000129876e+03 5.086901364848017693e-05
4.822100000000129512e+03 5.051138577982783318e-05
4.823000000000129148e+03 4.976611671736463904e-05
4.823900000000129694e+03 4.942512532579712570e-05
4.824800000000130240e+03 4.982881000614725053e-05
4.825700000000129876e+03 5.039257302996702492e-05
4.826600000000129512e+03 5.063258868176490068e-05
4.827500000000130058e+03 5.052165579400025308e-05
4.828400000000130603e+03 5.030443935538642108e-05
4.829300000000130240e+03 5.021866672905161977e-05
4.830200000000129876e+03 5.022193727199919522e-05
4.831100000000130422e+03 5.007789877709001303e-05
4.832000000000130967e+03 4.994932896806858480e-05
4.832900000000130603e+03 5.008219886803999543e-05
4.833800000000130240e+03 5.029340536566451192e-05
4.834700000000130785e+03 5.031717228121124208e-05
4.835600000000131331e+03 5.019798481953330338e-05
4.836500000000130967e+03 5.013699410483241081e-05
4.837400000000130603e+03 5.009187589166685939e-05
4.838300000000131149e+03 4.984973929822444916e-05
4.839200000000131695e+03 4.945162072544917464e-05
4.840100000000131331e+03 4.917845581076107919e-05
4.841000000000130967e+03 4.919645652989856899e-05
4.841900000000131513e+03 4.929759961669333279e-05
4.842800000000132059e+03 4.919314960716292262e-05
4.843700000000131695e+03 4.912244912702590227e-05
4.844600000000131331e+03 4.922817970509640872e-05
4.845500000000131877e+03 4.927311601932160556e-05
4.846400000000132422e+03 4.909036215394735336e-05
4.847300000000132059e+03 4.861568959313444793e-05
4.848200000000131695e+03 4.805583375855349004e-05
4.849100000000132241e+03 4.786971112480387092e-05
4.850000000000132786e+03 4.794930282514542341e-05
4.850900000000132422e+03 4.781161260325461626e-05
4.851800000000132059e+03 4.751663072966039181e-05
4.852700000000132604e+03 4.723124948213808239e-05
4.853600000000133150e+03 4.660764534492045641e-05
4.854500000000132786e+03 4.551352685666643083e-05
4.855400000000132422e+03 4.455422822502441704e-05
4.856300000000132968e+03 4.420166806085035205e-05
4.857200000000133514e+03 4.388187517179176211e-05
4.858100000000133150e+03 4.252188955433666706e-05
4.859000000000132786e+03 3.930717139155603945e-05
4.859900000000133332e+03 3.404390008654445410e-05
4.860800000000133878e+03 2.934754411398898810e-05
4.861700000000133514e+03 2.987983498314861208e-05
4.862600000000133150e+03 3.520449899951927364e-05
4.863500000000133696e+03 4.007562529295682907e-05
4.864400000000134241e+03 4.245566015015356243e-05
4.865300000000133878e+03 4.362501567811705172e-05
4.866200000000133514e+03 4.460602576727978885e-05
4.867100000000134060e+03 4.550585072138346732e-05
4.868000000000134605e+03 4.627143061952665448e-05
4.868900000000134241e+03 4.677822653320617974e-05
4.869800000000133878e+03 4.655330121750012040e-05
4.870700000000134423e+03 4.560768138617277145e-05
4.871600000000134969e+03 4.518713103607296944e-05
4.872500000000134605e+03 4.617933518602512777e-05
4.873400000000134241e+03 4.760396404890343547e-05
4.874300000000134787e+03 4.831416663364507258e-05
4.875200000000135333e+03 4.843299029744230211e-05
4.876100000000134969e+03 4.841603731620125473e-05
4.877000000000134605e+03 4.823793278774246573e-05
4.877900000000135151e+03 4.811830876860767603e-05
4.878800000000135697e+03 4.869200347457081079e-05
4.879700000000135333e+03 4.952849121764302254e-05
4.880600000000134969e+03 4.967835047864355147e-05
4.881500000000135515e+03 4.935791366733610630e-05
4.882400000000136060e+03 4.931400326313450933e-05
4.883300000000135697e+03 4.946788976667448878e-05
4.884200000000135333e+03 4.947986963088624179e-05
4.885100000000135879e+03 4.941880979458801448e-05
4.886000000000136424e+03 4.947388151776976883e-05
4.886900000000136060e+03 4.965820335200987756e-05
4.887800000000135697e+03 4.972068563802167773e-05
4.888700000000136242e+03 4.944515967508777976e-05
4.889600000000136788e+03 4.868381074629724026e-05
4.890500000000136424e+03 4.766287383972667158e-05
4.891400000000136060e+03 4.765159610542468727e-05
4.892300000000136606e+03 4.907056063530035317e-05
4.893200000000137152e+03 5.052427877672016621e-05
4.894100000000136788e+03 5.111557402415201068e-05
4.895000000000136424e+03 5.123352457303553820e-05
4.895900000000136970e+03 5.130811041453853250e-05
4.896800000000137516e+03 5.136989420861937106e-05
4.897700000000137152e+03 5.130051431478932500e-05
4.898600000000136788e+03 5.094176231068558991e-05
4.899500000000137334e+03 5.043471901444718242e-05
4.900400000000137879e+03 5.033818160882219672e-05
4.901300000000137516e+03 5.055418660049326718e-05
4.902200000000137152e+03 5.038237941334955394e-05
4.903100000000137697e+03 4.995256676920689642e-05
4.904000000000138243e+03 5.001912722946144640e-05
4.904900000000137879e+03 5.060527109890244901e-05
4.905800000000137516e+03 5.108002369524911046e-05
4.906700000000138061e+03 5.112028156872838736e-05
4.907600000000138607e+03 5.093135405331850052e-05
4.908500000000138243e+03 5.061767660663463175e-05
4.909400000000137879e+03 5.011262328480370343e-05
4.910300000000138425e+03 4.979132063454017043e-05
4.911200000000138971e+03 5.003123078495264053e-05
4.912100000000138607e+03 5.049813626101240516e-05
4.913000000000138243e+03 5.073731881566345692e-05
4.913900000000138789e+03 5.083229189040139318e-05
4.914800000000139335e+03 5.103805960970930755e-05
4.915700000000138971e+03 5.123715527588501573e-05
4.916600000000138607e+03 5.104255978949368000e-05
4.917500000000139153e+03 5.019665331928990781e-05
4.918400000000139698e+03 4.886883834842592478e-05
4.919300000000139335e+03 4.768222061102278531e-05
4.920200000000138971e+03 4.729159263661131263e-05
4.921100000000139516e+03 4.803550109500065446e-05
4.922000000000140062e+03 4.909676863462664187e-05
4.922900000000139698e+03 4.919939601677469909e-05
4.923800000000139335e+03 4.869594340561889112e-05
4.924700000000139880e+03 4.897901453659869730e-05
4.925600000000140426e+03 5.006532956031151116e-05
4.926500000000140062e+03 5.088563193567097187e-05
4.927400000000139698e+03 5.113937368150800467e-05
4.928300000000140244e+03 5.122473885421641171e-05
4.929200000000140790e+03 5.134173261467367411e-05
4.930100000000140426e+03 5.138104097568430007e-05
4.931000000000140062e+03 5.132465230417437851e-05
4.931900000000140608e+03 5.091783896205015481e-05
4.932800000000141154e+03 4.987817737855948508e-05
4.933700000000140790e+03 4.895719030173495412e-05
4.934600000000140426e+03 4.926094698021188378e-05
4.935500000000140972e+03 5.026796497986651957e-05
4.936400000000141517e+03 5.062124182586558163e-05
4.937300000000141154e+03 4.999397788196802139e-05
4.938200000000140790e+03 4.897942562820389867e-05
4.939100000000141335e+03 4.860378248849883676e-05
4.940000000000141881e+03 4.938041092827916145e-05
4.940900000000141517e+03 5.047619561082683504e-05
4.941800000000141154e+03 5.098648034618236125e-05
4.942700000000141699e+03 5.114927262184210122e-05
4.943600000000142245e+03 5.132066507940180600e-05
4.944500000000141881e+03 5.124868403072468936e-05
4.945400000000141517e+03 5.089279875392094254e-05
4.946300000000142063e+03 5.070827319286763668e-05
4.947200000000142609e+03 5.098061592434532940e-05
4.948100000000142245e+03 5.133123704581521451e-05
4.949000000000141881e+03 5.138232154422439635e-05
4.949900000000142427e+03 5.130379213369451463e-05
4.950800000000142973e+03 5.132510705152526498e-05
4.951700000000142609e+03 5.135221726959571242e-05
4.952600000000142245e+03 5.123636219650506973e-05
4.953500000000142791e+03 5.109082121634855866e-05
4.954400000000143336e+03 5.094357038615271449e-05
4.955300000000142973e+03 5.034808782511390746e-05
4.956200000000142609e+03 4.868814357905648649e-05
4.957100000000143154e+03 4.684835585067048669e-05
4.958000000000143700e+03 4.709503991762176156e-05
4.958900000000143336e+03 4.912477379548363388e-05
4.959800000000142973e+03 5.057361340732313693e-05
4.960700000000143518e+03 5.089768819743767381e-05
4.961600000000144064e+03 5.083856012788601220e-05
4.962500000000143700e+03 5.084598888061009347e-05
4.963400000000143336e+03 5.088134639663621783e-05
4.964300000000143882e+03 5.063874414190649986e-05
4.965200000000144428e+03 5.017672810936346650e-05
4.966100000000144064e+03 4.993530819774605334e-05
4.967000000000143700e+03 5.002901525585912168e-05
4.967900000000144246e+03 5.020102616981603205e-05
4.968800000000144792e+03 5.032566696172580123e-05
4.969700000000144428e+03 5.038133531343191862e-05
4.970600000000144064e+03 5.046444130130112171e-05
4.971500000000144610e+03 5.064202923676930368e-05
4.972400000000145155e+03 5.074954970041289926e-05
4.973300000000144792e+03 5.079088441561907530e-05
4.974200000000144428e+03 5.088851685286499560e-05
4.975100000000144973e+03 5.091832281323149800e-05
4.976000000000145519e+03 5.086333476356230676e-05
4.976900000000145155e+03 5.077864989289082587e-05
4.977800000000144792e+03 5.057296220911666751e-05
4.978700000000145337e+03 5.031617911299690604e-05
4.979600000000145883e+03 5.006380160921253264e-05
4.980500000000145519e+03 4.949913636664859951e-05
4.981400000000145155e+03 4.854674989474005997e-05
4.982300000000145701e+03 4.788846854353323579e-05
4.983200000000146247e+03 4.795219138031825423e-05
4.984100000000145883e+03 4.835669096792116761e-05
4.985000000000145519e+03 4.879511834587901831e-05
4.985900000000146065e+03 4.947778870700858533e-05
4.986800000000146611e+03 5.026926010032184422e-05
4.987700000000146247e+03 5.062449781689792871e-05
4.988600000000145883e+03 5.043993223807774484e-05
4.989500000000146429e+03 4.995815106667578220e-05
4.990400000000146974e+03 4.941559745930135250e-05
4.991300000000146611e+03 4.935631659463979304e-05
4.992200000000146247e+03 4.977385106030851603e-05
4.993100000000146792e+03 4.977603384759277105e-05
4.994000000000147338e+03 4.954803443979471922e-05
4.994900000000146974e+03 4.988269938621670008e-05
4.995800000000146611e+03 5.033862908021546900e-05
4.996700000000147156e+03 5.042751945438794792e-05
4.997600000000147702e+03 5.025302016292698681e-05
4.998500000000147338e+03 4.972675742465071380e-05
4.999400000000146974e+03 4.910429925075732172e-05
5.000300000000147520e+03 4.893304139841347933e-05
5.001200000000148066e+03 4.905739842797629535e-05
5.002100000000147702e+03 4.928339694743044674e-05
5.003000000000147338e+03 4.966114283888600767e-05
5.003900000000147884e+03 4.971280941390432417e-05
5.004800000000148430e+03 4.888353578280657530e-05
5.005700000000148066e+03 4.775767229148186743e-05
5.006600000000147702e+03 4.761103991768322885e-05
5.007500000000148248e+03 4.858595639234408736e-05
5.008400000000148793e+03 4.966807682649232447e-05
5.009300000000148430e+03 5.007898653275333345e-05
5.010200000000148066e+03 4.982972677680663764e-05
5.011100000000148611e+03 4.907225229544565082e-05
5.012000000000149157e+03 4.818933666683733463e-05
5.012900000000148793e+03 4.765379344462417066e-05
5.013800000000148430e+03 4.738837378681637347e-05
5.014700000000148975e+03 4.762675234815105796e-05
5.015600000000149521e+03 4.835804429603740573e-05
5.016500000000149157e+03 4.862256901105865836e-05
5.017400000000148793e+03 4.804239142686128616e-05
5.018300000000149339e+03 4.761286982102319598e-05
5.019200000000149885e+03 4.818197703571058810e-05
5.020100000000149521e+03 4.902936052531003952e-05
5.021000000000149157e+03 4.925068787997588515e-05
5.021900000000149703e+03 4.899242776446044445e-05
5.022800000000150249e+03 4.895617894362658262e-05
5.023700000000149885e+03 4.932115552946925163e-05
5.024600000000149521e+03 4.958339923177845776e-05
5.025500000000150067e+03 4.963026731275022030e-05
5.026400000000150612e+03 4.950768197886645794e-05
5.027300000000150249e+03 4.927864210912957788e-05
5.028200000000149885e+03 4.939716745866462588e-05
5.029100000000150430e+03 4.975713454768992960e-05
5.030000000000150976e+03 4.982479367754422128e-05
5.030900000000150612e+03 4.975415504304692149e-05
5.031800000000150249e+03 4.997969881515018642e-05
5.032700000000150794e+03 5.032075205235742033e-05
5.033600000000151340e+03 5.027642691857181489e-05
5.034500000000150976e+03 4.958737918059341609e-05
5.035400000000150612e+03 4.874264413956552744e-05
5.036300000000151158e+03 4.859911859966814518e-05
5.037200000000151704e+03 4.899468331132084131e-05
5.038100000000151340e+03 4.898319457424804568e-05
5.039000000000150976e+03 4.825180440093390644e-05
5.039900000000151522e+03 4.706017352873459458e-05
5.040800000000152068e+03 4.607853043125942349e-05
5.041700000000151704e+03 4.647247988032177091e-05
5.042600000000151340e+03 4.805911521543748677e-05
5.043500000000151886e+03 4.928932321490719914e-05
5.044400000000152431e+03 4.979746881872415543e-05
5.045300000000152068e+03 5.013627378502860665e-05
5.046200000000151704e+03 5.036796937929466367e-05
5.047100000000152249e+03 5.022804907639510930e-05
5.048000000000152795e+03 4.961188460583798587e-05
5.048900000000152431e+03 4.876393722952343524e-05
5.049800000000152068e+03 4.820499088964425027e-05
5.050700000000152613e+03 4.808431913261301816e-05
5.051600000000153159e+03 4.831140904570929706e-05
5.052500000000152795e+03 4.897680992144159973e-05
5.053400000000152431e+03 4.970084410160779953e-05
5.054300000000152977e+03 5.003162368666380644e-05
5.055200000000153523e+03 5.009177766623906791e-05
5.056100000000153159e+03 5.011058601667173207e-05
5.057000000000152795e+03 5.015483475290238857e-05
5.057900000000153341e+03 5.014965063310228288e-05
5.058800000000153887e+03 4.995401468477211893e-05
5.059700000000153523e+03 4.975083720637485385e-05
5.060600000000153159e+03 4.984172119293361902e-05
5.061500000000153705e+03 5.006677383789792657e-05
5.062400000000154250e+03 5.001015597372315824e-05
5.063300000000153887e+03 4.940833605360239744e-05
5.064200000000153523e+03 4.852913480135612190e-05
5.065100000000154068e+03 4.831386104342527688e-05
5.066000000000154614e+03 4.893810910289175808e-05
5.066900000000154250e+03 4.934120443067513406e-05
5.067800000000153887e+03 4.910128336632624269e-05
5.068700000000154432e+03 4.892124707112088799e-05
5.069600000000154978e+03 4.925372559227980673e-05
5.070500000000154614e+03 4.957119745085947216e-05
5.071400000000154250e+03 4.940660073771141469e-05
5.072300000000154796e+03 4.918206468573771417e-05
5.073200000000155342e+03 4.928333873976953328e-05
5.074100000000154978e+03 4.935963806929066777e-05
5.075000000000154614e+03 4.929727947455830872e-05
5.075900000000155160e+03 4.934658136335201561e-05
5.076800000000155705e+03 4.944209285895340145e-05
5.077700000000155342e+03 4.907575930701568723e-05
5.078600000000154978e+03 4.790396633325144649e-05
5.079500000000155524e+03 4.689403431257233024e-05
5.080400000000156069e+03 4.714026727015152574e-05
5.081300000000155705e+03 4.798839290742762387e-05
5.082200000000155342e+03 4.825048017664812505e-05
5.083100000000155887e+03 4.808500671060755849e-05
5.084000000000156433e+03 4.842622001888230443e-05
5.084900000000156069e+03 4.919396087643690407e-05
5.085800000000155705e+03 4.958892532158643007e-05
5.086700000000156251e+03 4.949345748173072934e-05
5.087600000000156797e+03 4.938531856168992817e-05
5.088500000000156433e+03 4.948648711433634162e-05
5.089400000000156069e+03 4.954029645887203515e-05
5.090300000000156615e+03 4.946426270180381835e-05
5.091200000000157161e+03 4.952726521878503263e-05
5.092100000000156797e+03 4.977035132469609380e-05
5.093000000000156433e+03 4.993362745153717697e-05
5.093900000000156979e+03 4.991060995962470770e-05
5.094800000000157524e+03 4.969626388628967106e-05
5.095700000000157161e+03 4.938481288263574243e-05
5.096600000000156797e+03 4.905714376945979893e-05
5.097500000000157343e+03 4.857275416725315154e-05
5.098400000000157888e+03 4.802694093086756766e-05
5.099300000000157524e+03 4.801023897016420960e-05
5.100200000000157161e+03 4.866197195951826870e-05
5.101100000000157706e+03 4.928587077301926911e-05
5.102000000000158252e+03 4.946707122144289315e-05
5.102900000000157888e+03 4.944323882227763534e-05
5.103800000000157524e+03 4.940450162393972278e-05
5.104700000000158070e+03 4.929084025206975639e-05
5.105600000000158616e+03 4.886837996309623122e-05
5.106500000000158252e+03 4.800514216185547411e-05
5.107400000000157888e+03 4.740120130009017885e-05
5.108300000000158434e+03 4.770537270815111697e-05
5.109200000000158980e+03 4.801929026143625379e-05
5.110100000000158616e+03 4.787859506905078888e-05
5.111000000000158252e+03 4.822992195840924978e-05
5.111900000000158798e+03 4.901891952613368630e-05
5.112800000000159343e+03 4.942704981658607721e-05
5.113700000000158980e+03 4.950851143803447485e-05
5.114600000000158616e+03 4.955652184435166419e-05
5.115500000000159162e+03 4.961547165294177830e-05
5.116400000000159707e+03 4.975464617018587887e-05
5.117300000000159343e+03 4.990809611626900733e-05
5.118200000000158980e+03 4.989682565792463720e-05
5.119100000000159525e+03 4.973112663719803095e-05
5.120000000000160071e+03 4.956693010171875358e-05
5.120900000000159707e+03 4.942022496834397316e-05
5.121800000000159343e+03 4.910570714855566621e-05
5.122700000000159889e+03 4.843260830966755748e-05
5.123600000000160435e+03 4.781139432452619076e-05
5.124500000000160071e+03 4.785342753166332841e-05
5.125400000000159707e+03 4.827402153750881553e-05
5.126300000000160253e+03 4.833667844650335610e-05
5.127200000000160799e+03 4.807371442439034581e-05
5.128100000000160435e+03 4.797276778845116496e-05
5.129000000000160071e+03 4.808421726920641959e-05
5.129900000000160617e+03 4.833252751268446445e-05
5.130800000000161162e+03 4.864116635872051120e-05
5.131700000000160799e+03 4.885232556262053549e-05
5.132600000000160435e+03 4.886152237304486334e-05
5.133500000000160981e+03 4.881459608441218734e-05
5.134400000000161526e+03 4.909265771857462823e-05
5.135300000000161162e+03 4.934569733450189233e-05
5.136200000000160799e+03 4.900596468360163271e-05
5.137100000000161344e+03 4.835990330320782959e-05
5.138000000000161890e+03 4.768609869643114507e-05
5.138900000000161526e+03 4.708633423433639109e-05
5.139800000000161162e+03 4.734757385449483991e-05
5.140700000000161708e+03 4.810196332982741296e-05
5.141600000000162254e+03 4.792412437382154167e-05
5.142500000000161890e+03 4.735681795864365995e-05
5.143400000000161526e+03 4.774696208187378943e-05
5.144300000000162072e+03 4.852968777413479984e-05
5.145200000000162618e+03 4.871238706982694566e-05
5.146100000000162254e+03 4.849030665354803205e-05
5.147000000000161890e+03 4.834860737901180983e-05
5.147900000000162436e+03 4.848753087571822107e-05
5.148800000000162981e+03 4.874542719335295260e-05
5.149700000000162618e+03 4.851496123592369258e-05
5.150600000000162254e+03 4.776752393809147179e-05
5.151500000000162800e+03 4.731667650048620999e-05
5.152400000000163345e+03 4.750993321067653596e-05
5.153300000000162981e+03 4.783963959198445082e-05
5.154200000000162618e+03 4.811937833437696099e-05
5.155100000000163163e+03 4.859509499510750175e-05
5.156000000000163709e+03 4.913536758976988494e-05
5.156900000000163345e+03 4.952659946866333485e-05
5.157800000000162981e+03 4.969633664586581290e-05
5.158700000000163527e+03 4.964364416082389653e-05
5.159600000000164073e+03 4.961255763191729784e-05
5.160500000000163709e+03 4.957463534083217382e-05
5.161400000000163345e+03 4.923632513964548707e-05
5.162300000000163891e+03 4.890905984211713076e-05
5.163200000000164437e+03 4.902540968032553792e-05
5.164100000000164073e+03 4.904509842162951827e-05
5.165000000000163709e+03 4.795501445187255740e-05
5.165900000000164255e+03 4.542716851574368775e-05
5.166800000000164800e+03 4.265845927875488997e-05
5.167700000000164437e+03 4.166829603491351008e-05
5.168600000000164073e+03 4.294202517485246062e-05
5.169500000000164619e+03 4.513176463660784066e-05
5.170400000000165164e+03 4.607554365065880120e-05
5.171300000000164800e+03 4.442312274477444589e-05
5.172200000000164437e+03 4.218558751745149493e-05
5.173100000000164982e+03 4.266664473107084632e-05
5.174000000000165528e+03 4.560094748740084469e-05
5.174900000000165164e+03 4.809184974874369800e-05
5.175800000000164800e+03 4.902950968244113028e-05
5.176700000000165346e+03 4.922626976622268558e-05
5.177600000000165892e+03 4.929228452965617180e-05
5.178500000000165528e+03 4.928216367261484265e-05
5.179400000000165164e+03 4.918669583275914192e-05
5.180300000000165710e+03 4.899308623862452805e-05
5.181200000000166256e+03 4.820597314392216504e-05
5.182100000000165892e+03 4.589583841152489185e-05
5.183000000000165528e+03 4.282069858163595200e-05
5.183900000000166074e+03 4.227173121762461960e-05
5.184800000000166619e+03 4.490718129090964794e-05
5.185700000000166256e+03 4.758655632031150162e-05
5.186600000000165892e+03 4.861282286583445966e-05
5.187500000000166438e+03 4.835300933336839080e-05
5.188400000000166983e+03 4.783881013281643391e-05
5.189300000000166619e+03 4.803784395335242152e-05
5.190200000000166256e+03 4.821380571229383349e-05
5.191100000000166801e+03 4.729097418021410704e-05
5.192000000000167347e+03 4.628597889677621424e-05
5.192900000000166983e+03 4.650850314646959305e-05
5.193800000000166619e+03 4.724975588032975793e-05
5.194700000000167165e+03 4.744853504234924912e-05
5.195600000000167711e+03 4.763689867104403675e-05
5.196500000000167347e+03 4.813513442059047520e-05
5.197400000000166983e+03 4.833476850762963295e-05
5.198300000000167529e+03 4.836080915993079543e-05
5.199200000000168075e+03 4.867021198151633143e-05
5.200100000000167711e+03 4.894977973890490830e-05
5.201000000000167347e+03 4.879715197603218257e-05
5.201900000000167893e+03 4.838218592340126634e-05
5.202800000000168438e+03 4.797237124876119196e-05
5.203700000000168075e+03 4.724398968392051756e-05
5.204600000000167711e+03 4.623071072273887694e-05
5.205500000000168257e+03 4.586612703860737383e-05
5.206400000000168802e+03 4.634946890291757882e-05
5.207300000000168438e+03 4.656501550925895572e-05
5.208200000000168075e+03 4.617858576239086688e-05
5.209100000000168620e+03 4.634257857105694711e-05
5.210000000000169166e+03 4.714442184194922447e-05
5.210900000000168802e+03 4.799412272404879332e-05
5.211800000000168438e+03 4.886549504590220749e-05
5.212700000000168984e+03 4.950041329720988870e-05
5.213600000000169530e+03 4.951728988089598715e-05
5.214500000000169166e+03 4.884309964836575091e-05
5.215400000000168802e+03 4.794068081537261605e-05
5.216300000000169348e+03 4.759100193041376770e-05
5.217200000000169894e+03 4.806728611583821476e-05
5.218100000000169530e+03 4.884365625912323594e-05
5.219000000000169166e+03 4.932607407681643963e-05
5.219900000000169712e+03 4.953832467435859144e-05
5.220800000000170257e+03 4.974373223376460373e-05
5.221700000000169894e+03 4.984334373148158193e-05
5.222600000000169530e+03 4.966684355167672038e-05
5.223500000000170076e+03 4.919358616461977363e-05
5.224400000000170621e+03 4.829378303838893771e-05
5.225300000000170257e+03 4.673580042435787618e-05
5.226200000000169894e+03 4.498074486036784947e-05
5.227100000000170439e+03 4.475994501262903214e-05
5.228000000000170985e+03 4.655021621147170663e-05
5.228900000000170621e+03 4.826246731681749225e-05
5.229800000000170257e+03 4.884307782049290836e-05
5.230700000000170803e+03 4.900390922557562590e-05
5.231600000000171349e+03 4.865695518674328923e-05
5.232500000000170985e+03 4.774395347340032458e-05
5.233400000000170621e+03 4.732175875687971711e-05
5.234300000000171167e+03 4.769041697727516294e-05
5.235200000000171713e+03 4.839800385525450110e-05
5.236100000000171349e+03 4.909242852590978146e-05
5.237000000000170985e+03 4.945736509398557246e-05
5.237900000000171531e+03 4.949764115735888481e-05
5.238800000000172076e+03 4.937791891279630363e-05
5.239700000000171713e+03 4.928292037220671773e-05
5.240600000000171349e+03 4.932550291414372623e-05
5.241500000000171894e+03 4.931727744406089187e-05
5.242400000000172440e+03 4.921335494145750999e-05
5.243300000000172076e+03 4.929321221425198019e-05
5.244200000000171713e+03 4.954709947924129665e-05
5.245100000000172258e+03 4.950987568008713424e-05
5.246000000000172804e+03 4.883268775301985443e-05
5.246900000000172440e+03 4.808445737580768764e-05
5.247800000000172076e+03 4.810305108549073339e-05
5.248700000000172622e+03 4.838037057197652757e-05
5.249600000000173168e+03 4.800836541107855737e-05
5.250500000000172804e+03 4.758484283229336143e-05
5.251400000000172440e+03 4.793874541064724326e-05
5.252300000000172986e+03 4.854271901422180235e-05
5.253200000000173532e+03 4.869897020398639143e-05
5.254100000000173168e+03 4.842097041546367109e-05
5.255000000000172804e+03 4.826666190638206899e-05
5.255900000000173350e+03 4.871309647569432855e-05
5.256800000000173895e+03 4.934792013955302536e-05
5.257700000000173532e+03 4.965000334777869284e-05
5.258600000000173168e+03 4.967188942828215659e-05
5.259500000000173713e+03 4.948506466462276876e-05
5.260400000000174259e+03 4.896114478469826281e-05
5.261300000000173895e+03 4.800286842510104179e-05
5.262200000000173532e+03 4.707199695985764265e-05
5.263100000000174077e+03 4.654237272916361690e-05
5.264000000000174623e+03 4.622899723472073674e-05
5.264900000000174259e+03 4.591235483530908823e-05
5.265800000000173895e+03 4.587673902278766036e-05
5.266700000000174441e+03 4.659302067011594772e-05
5.267600000000174987e+03 4.714082751888781786e-05
5.268500000000174623e+03 4.582654219120740891e-05
5.269400000000174259e+03 4.375126445665955544e-05
5.270300000000174805e+03 4.393975905259139836e-05
5.271200000000175351e+03 4.628341775969602168e-05
5.272100000000174987e+03 4.784061457030475140e-05
5.273000000000174623e+03 4.790712773683480918e-05
5.273900000000175169e+03 4.784447810379788280e-05
5.274800000000175714e+03 4.782674295711331069e-05
5.275700000000175351e+03 4.779396476806141436e-05
5.276600000000174987e+03 4.833871571463532746e-05
5.277500000000175532e+03 4.915141835226677358e-05
5.278400000000176078e+03 4.950045695295557380e-05
5.279300000000175714e+03 4.934060780215077102e-05
5.280200000000175351e+03 4.889139745500870049e-05
5.281100000000175896e+03 4.830608668271452188e-05
5.282000000000176442e+03 4.776583227794617414e-05
5.282900000000176078e+03 4.737126437248662114e-05
5.283800000000175714e+03 4.743881800095550716e-05
5.284700000000176260e+03 4.828482633456587791e-05
5.285600000000176806e+03 4.927146437694318593e-05
5.286500000000176442e+03 4.968693974660709500e-05
5.287400000000176078e+03 4.962478851666674018e-05
5.288300000000176624e+03 4.947288107359781861e-05
5.289200000000177170e+03 4.944695683661848307e-05
5.290100000000176806e+03 4.949669528286904097e-05
5.291000000000176442e+03 4.950939182890579104e-05
5.291900000000176988e+03 4.945577165926806629e-05
5.292800000000177533e+03 4.936755431117489934e-05
5.293700000000177170e+03 4.935811011819168925e-05
5.294600000000176806e+03 4.929743954562582076e-05
5.295500000000177351e+03 4.885538874077610672e-05
5.296400000000177897e+03 4.802061084774322808e-05
5.297300000000177533e+03 4.732362504000775516e-05
5.298200000000177170e+03 4.737557537737302482e-05
5.299100000000177715e+03 4.806850483873859048e-05
5.300000000000178261e+03 4.858384636463597417e-05
5.300900000000177897e+03 4.846010051551274955e-05
5.301800000000177533e+03 4.819787864107638597e-05
5.302700000000178079e+03 4.844624345423653722e-05
5.303600000000178625e+03 4.907467882730998099e-05
5.304500000000178261e+03 4.946292392560280859e-05
5.305400000000177897e+03 4.937987978337332606e-05
5.306300000000178443e+03 4.892642755294218659e-05
5.307200000000178989e+03 4.858211468672379851e-05
5.308100000000178625e+03 4.876163075095973909e-05
5.309000000000178261e+03 4.921057552564889193e-05
5.309900000000178807e+03 4.941733641317114234e-05
5.310800000000179352e+03 4.939567588735371828e-05
5.311700000000178989e+03 4.932809315505437553e-05
5.312600000000178625e+03 4.923208689433522522e-05
5.313500000000179170e+03 4.914723103865981102e-05
5.314400000000179716e+03 4.897670442005619407e-05
5.315300000000179352e+03 4.843233546125702560e-05
5.316200000000178989e+03 4.778971560881473124e-05
5.317100000000179534e+03 4.785234341397881508e-05
5.318000000000180080e+03 4.852031997870653868e-05
5.318900000000179716e+03 4.892098149866797030e-05
5.319800000000179352e+03 4.890497802989557385e-05
5.320700000000179898e+03 4.882397843175567687e-05
5.321600000000180444e+03 4.867373354500159621e-05
5.322500000000180080e+03 4.825402356800623238e-05
5.323400000000179716e+03 4.756229827762581408e-05
5.324300000000180262e+03 4.729242573375813663e-05
5.325200000000180808e+03 4.776352579938247800e-05
5.326100000000180444e+03 4.773249384015798569e-05
5.327000000000180080e+03 4.598684972734190524e-05
5.327900000000180626e+03 4.396586518851108849e-05
5.328800000000181171e+03 4.436290691955946386e-05
5.329700000000180808e+03 4.663260915549471974e-05
5.330600000000180444e+03 4.821603943128138781e-05
5.331500000000180989e+03 4.843897113460116088e-05
5.332400000000181535e+03 4.814392377738840878e-05
5.333300000000181171e+03 4.815953070647083223e-05
5.334200000000180808e+03 4.857084786635823548e-05
5.335100000000181353e+03 4.871475903200916946e-05
5.336000000000181899e+03 4.837559754378162324e-05
5.336900000000181535e+03 4.816421278519555926e-05
5.337800000000181171e+03 4.831420665141195059e-05
5.338700000000181717e+03 4.814002750208601356e-05
5.339600000000182263e+03 4.730805449071340263e-05
5.340500000000181899e+03 4.668157635023817420e-05
5.341400000000181535e+03 4.713458110927604139e-05
5.342300000000182081e+03 4.815859938389621675e-05
5.343200000000182627e+03 4.879043262917548418e-05
5.344100000000182263e+03 4.877017636317759752e-05
5.345000000000181899e+03 4.831202022614888847e-05
5.345900000000182445e+03 4.803886258741840720e-05
5.346800000000182990e+03 4.815696229343302548e-05
5.347700000000182627e+03 4.807280856766737998e-05
5.348600000000182263e+03 4.781508323503658175e-05
5.349500000000182808e+03 4.799423186341300607e-05
5.350400000000183354e+03 4.861234992858953774e-05
5.351300000000182990e+03 4.907601760351099074e-05
5.352200000000182627e+03 4.910114148515276611e-05
5.353100000000183172e+03 4.894291851087473333e-05
5.354000000000183718e+03 4.901026477455161512e-05
5.354900000000183354e+03 4.926276233163662255e-05
5.355800000000182990e+03 4.942023224430158734e-05
5.356700000000183536e+03 4.944450120092369616e-05
5.357600000000184082e+03 4.942586383549496531e-05
5.358500000000183718e+03 4.940216604154556990e-05
5.359400000000183354e+03 4.937542689731344581e-05
5.360300000000183900e+03 4.923513915855437517e-05
5.361200000000184446e+03 4.895380334346555173e-05
5.362100000000184082e+03 4.861579509451985359e-05
5.363000000000183718e+03 4.837612868868745863e-05
5.363900000000184264e+03 4.819604873773641884e-05
5.364800000000184809e+03 4.801975592272356153e-05
5.365700000000184446e+03 4.805028220289386809e-05
5.366600000000184082e+03 4.819850073545239866e-05
5.367500000000184627e+03 4.827706652577035129e-05
5.368400000000185173e+03 4.817470107809640467e-05
5.369300000000184809e+03 4.752916720462962985e-05
5.370200000000184446e+03 4.646008528652600944e-05
5.371100000000184991e+03 4.582794645102694631e-05
5.372000000000185537e+03 4.650837217923253775e-05
5.372900000000185173e+03 4.796190842171199620e-05
5.373800000000184809e+03 4.892532160738483071e-05
5.374700000000185355e+03 4.920125866192393005e-05
5.375600000000185901e+03 4.918423292110674083e-05
5.376500000000185537e+03 4.914227247354574502e-05
5.377400000000185173e+03 4.914388409815728664e-05
5.378300000000185719e+03 4.907400580123066902e-05
5.379200000000186265e+03 4.885261660092510283e-05
5.380100000000185901e+03 4.849612378166057169e-05
5.381000000000185537e+03 4.827015436603687704e-05
5.381900000000186083e+03 4.814973726752214134e-05
5.382800000000186628e+03 4.795301356352865696e-05
5.383700000000186265e+03 4.804613490705378354e-05
5.384600000000185901e+03 4.857107705902308226e-05
5.385500000000186446e+03 4.899124542134813964e-05
5.386400000000186992e+03 4.910491043119691312e-05
5.387300000000186628e+03 4.904120214632712305e-05
5.388200000000186265e+03 4.885399175691418350e-05
5.389100000000186810e+03 4.862128116656094790e-05
5.390000000000187356e+03 4.849002289120107889e-05
5.390900000000186992e+03 4.840596739086322486e-05
5.391800000000186628e+03 4.815158536075614393e-05
5.392700000000187174e+03 4.780430754180997610e-05
5.393600000000187720e+03 4.773444379679858685e-05
5.394500000000187356e+03 4.788298610947094858e-05
5.395400000000186992e+03 4.753227040055207908e-05
5.396300000000187538e+03 4.653089126804843545e-05
5.397200000000188084e+03 4.614379940903745592e-05
5.398100000000187720e+03 4.706653271568939090e-05
5.399000000000187356e+03 4.808486119145527482e-05
5.399900000000187902e+03 4.833399725612252951e-05
5.400800000000188447e+03 4.834078572457656264e-05
5.401700000000188084e+03 4.844577415497042239e-05
5.402600000000187720e+03 4.818004890694282949e-05
5.403500000000188265e+03 4.728103522211313248e-05
5.404400000000188811e+03 4.622705455403774977e-05
5.405300000000188447e+03 4.569294105749577284e-05
5.406200000000188084e+03 4.626081135938875377e-05
5.407100000000188629e+03 4.742486271425150335e-05
5.408000000000189175e+03 4.786498175235465169e-05
5.408900000000188811e+03 4.730700675281696022e-05
5.409800000000188447e+03 4.674284355132840574e-05
5.410700000000188993e+03 4.704184539150446653e-05
5.411600000000189539e+03 4.788913065567612648e-05
5.412500000000189175e+03 4.846345109399408102e-05
5.413400000000188811e+03 4.845125295105390251e-05
5.414300000000189357e+03 4.803295814781449735e-05
5.415200000000189902e+03 4.785418786923401058e-05
5.416100000000189539e+03 4.822112168767489493e-05
5.417000000000189175e+03 4.857040039496496320e-05
5.417900000000189721e+03 4.848456592299044132e-05
5.418800000000190266e+03 4.828438613913021982e-05
5.419700000000189902e+03 4.831666228710673749e-05
5.420600000000189539e+03 4.848045136895962059e-05
5.421500000000190084e+03 4.856691157328896224e-05
5.422400000000190630e+03 4.833738057641312480e-05
5.423300000000190266e+03 4.769130464410409331e-05
5.424200000000189902e+03 4.731276567326858640e-05
5.425100000000190448e+03 4.770680970977991819e-05
5.426000000000190994e+03 4.840168912778608501e-05
5.426900000000190630e+03 4.873886064160615206e-05
5.427800000000190266e+03 4.820740650757215917e-05
5.428700000000190812e+03 4.688282206188887358e-05
5.429600000000191358e+03 4.609525058185681701e-05
5.430500000000190994e+03 4.676987737184390426e-05
5.431400000000190630e+03 4.773681939695961773e-05
5.432300000000191176e+03 4.776535934070125222e-05
5.433200000000191721e+03 4.707743210019543767e-05
5.434100000000191358e+03 4.641530904336832464e-05
5.435000000000190994e+03 4.654522126656956971e-05
5.435900000000191540e+03 4.736595292342826724e-05
5.436800000000192085e+03 4.808991070603951812e-05
5.437700000000191721e+03 4.848883327213115990e-05
5.438600000000191358e+03 4.872085992246866226e-05
5.439500000000191903e+03 4.886912574875168502e-05
5.440400000000192449e+03 4.892039578408002853e-05
5.441300000000192085e+03 4.889732736046425998e-05
5.442200000000191721e+03 4.887161048827692866e-05
5.443100000000192267e+03 4.873802754445932806e-05
5.444000000000192813e+03 4.826809527003206313e-05
5.444900000000192449e+03 4.737494964501820505e-05
5.445800000000192085e+03 4.618974344339221716e-05
5.446700000000192631e+03 4.558059663395397365e-05
5.447600000000193177e+03 4.635486766346730292e-05
5.448500000000192813e+03 4.760337105835787952e-05
5.449400000000192449e+03 4.822540722670964897e-05
5.450300000000192995e+03 4.828456803807057440e-05
5.451200000000193540e+03 4.823162817046977580e-05
5.452100000000193177e+03 4.817649460164830089e-05
5.453000000000192813e+03 4.791996980202384293e-05
5.453900000000193359e+03 4.708651613327674568e-05
5.454800000000193904e+03 4.582009933074004948e-05
5.455700000000193540e+03 4.549539880827069283e-05
5.456600000000193177e+03 4.661922139348462224e-05
5.457500000000193722e+03 4.781756069860421121e-05
5.458400000000194268e+03 4.822406481252983212e-05
5.459300000000193904e+03 4.811989128938876092e-05
5.460200000000193540e+03 4.793941843672655523e-05
5.461100000000194086e+03 4.774584158440120518e-05
5.462000000000194632e+03 4.739299038192257285e-05
5.462900000000194268e+03 4.713070302386768162e-05
5.463800000000193904e+03 4.735300171887502074e-05
5.464700000000194450e+03 4.775793786393478513e-05
5.465600000000194996e+03 4.787919533555395901e-05
5.466500000000194632e+03 4.788318256032653153e-05
5.467400000000194268e+03 4.800437091034837067e-05
5.468300000000194814e+03 4.810220343642868102e-05
5.469200000000195359e+03 4.806034485227428377e-05
5.470100000000194996e+03 4.796219582203775644e-05
5.471000000000194632e+03 4.796840948984026909e-05
5.471900000000195178e+03 4.796234497916884720e-05
5.472800000000195723e+03 4.774442641064524651e-05
5.473700000000195359e+03 4.754523615702055395e-05
5.474600000000194996e+03 4.733413152280263603e-05
5.475500000000195541e+03 4.660860940930433571e-05
5.476400000000196087e+03 4.579276719596236944e-05
5.477300000000195723e+03 4.603851630236022174e-05
5.478200000000195359e+03 4.709855420514941216e-05
5.479100000000195905e+03 4.779954178957268596e-05
5.480000000000196451e+03 4.779251321451738477e-05
5.480900000000196087e+03 4.752740642288699746e-05
5.481800000000195723e+03 4.742585952044464648e-05
5.482700000000196269e+03 4.755836926051415503e-05
5.483600000000196815e+03 4.781926327268593013e-05
5.484500000000196451e+03 4.804096170119009912e-05
5.485400000000196087e+03 4.807862569577991962e-05
5.486300000000196633e+03 4.786831050296314061e-05
5.487200000000197178e+03 4.761568925459869206e-05
5.488100000000196815e+03 4.762159369420260191e-05
5.489000000000196451e+03 4.772412285092286766e-05
5.489900000000196997e+03 4.770973464474081993e-05
5.490800000000197542e+03 4.775643174070864916e-05
5.491700000000197178e+03 4.791654282598756254e-05
5.492600000000196815e+03 4.793504558620043099e-05
5.493500000000197360e+03 4.787210127688013017e-05
5.494400000000197906e+03 4.792313484358601272e-05
5.495300000000197542e+03 4.781913594342768192e-05
5.496200000000197178e+03 4.722696758108213544e-05
5.497100000000197724e+03 4.661905768443830311e-05
5.498000000000198270e+03 4.680318306782282889e-05
5.498900000000197906e+03 4.742078817798756063e-05
5.499800000000197542e+03 4.742041346617043018e-05
5.500700000000198088e+03 4.686223473981954157e-05
5.501600000000198634e+03 4.667381290346384048e-05
5.502500000000198270e+03 4.714541864814236760e-05
5.503400000000197906e+03 4.766947677126154304e-05
5.504300000000198452e+03 4.773187902173958719e-05
5.505200000000198997e+03 4.723003439721651375e-05
5.506100000000198634e+03 4.655981683754362166e-05
5.507000000000198270e+03 4.658457328332588077e-05
5.507900000000198816e+03 4.729102511191740632e-05
5.508800000000199361e+03 4.774978879140689969e-05
5.509700000000198997e+03 4.773786713485606015e-05
5.510600000000198634e+03 4.754839392262510955e-05
5.511500000000199179e+03 4.722112498711794615e-05
5.512400000000199725e+03 4.690292189479805529e-05
5.513300000000199361e+03 4.683847510023042560e-05
5.514200000000198997e+03 4.705073297373019159e-05
5.515100000000199543e+03 4.742630335385911167e-05
5.516000000000200089e+03 4.775564957526512444e-05
5.516900000000199725e+03 4.793431435246020555e-05
5.517800000000199361e+03 4.804158015758730471e-05
5.518700000000199907e+03 4.811675171367824078e-05
5.519600000000200453e+03 4.812613769900053740e-05
5.520500000000200089e+03 4.811984399566426873e-05
5.521400000000199725e+03 4.811785038327798247e-05
5.522300000000200271e+03 4.807374352822080255e-05
5.523200000000200816e+03 4.802466719411313534e-05
5.524100000000200453e+03 4.792324398295022547e-05
5.525000000000200089e+03 4.766454730997793376e-05
5.525900000000200635e+03 4.718953277915716171e-05
5.526800000000201180e+03 4.646468732971698046e-05
5.527700000000200816e+03 4.587856892612762749e-05
5.528600000000200453e+03 4.605813956004567444e-05
5.529500000000200998e+03 4.694701783591881394e-05
5.530400000000201544e+03 4.768658618559129536e-05
5.531300000000201180e+03 4.785046621691435575e-05
5.532200000000200816e+03 4.775674096890725195e-05
5.533100000000201362e+03 4.760881347465328872e-05
5.534000000000201908e+03 4.739302676171064377e-05
5.534900000000201544e+03 4.729772263090126216e-05
5.535800000000201180e+03 4.750124571728520095e-05
5.536700000000201726e+03 4.777358117280527949e-05
5.537600000000202272e+03 4.786469435202889144e-05
5.538500000000201908e+03 4.789019294548779726e-05
5.539400000000201544e+03 4.797870496986433864e-05
5.540300000000202090e+03 4.803380579687654972e-05
5.541200000000202635e+03 4.798104055225849152e-05
5.542100000000202272e+03 4.784579869010485709e-05
5.543000000000201908e+03 4.769434963236562908e-05
5.543900000000202454e+03 4.764703408000059426e-05
5.544800000000202999e+03 4.770293162437155843e-05
5.545700000000202635e+03 4.776306013809517026e-05
5.546600000000202272e+03 4.780974995810538530e-05
5.547500000000202817e+03 4.790318052982911468e-05
5.548400000000203363e+03 4.800024908035993576e-05
5.549300000000202999e+03 4.800551323569379747e-05
5.550200000000202635e+03 4.800964961759746075e-05
5.551100000000203181e+03 4.800839451490901411e-05
5.552000000000203727e+03 4.793116386281326413e-05
5.552900000000203363e+03 4.781000461662188172e-05
5.553800000000202999e+03 4.768055441672913730e-05
5.554700000000203545e+03 4.760483352583833039e-05
5.555600000000204091e+03 4.764032928505912423e-05
5.556500000000203727e+03 4.775695924763567746e-05
5.557400000000203363e+03 4.786313729709945619e-05
5.558300000000203909e+03 4.788069418282248080e-05
5.559200000000204454e+03 4.783255280926823616e-05
5.560100000000204091e+03 4.774900298798456788e-05
5.561000000000203727e+03 4.768620783579535782e-05
5.561900000000204273e+03 4.758260911330580711e-05
5.562800000000204818e+03 4.742284363601356745e-05
5.563700000000204454e+03 4.736626215162687004e-05
5.564600000000204091e+03 4.733642708742991090e-05
5.565500000000204636e+03 4.724249447463080287e-05
5.566400000000205182e+03 4.720796641777269542e-05
5.567300000000204818e+03 4.718565469374880195e-05
5.568200000000204454e+03 4.699876808444969356e-05
5.569100000000205000e+03 4.670420094043947756e-05
5.570000000000205546e+03 4.676509342971257865e-05
5.570900000000205182e+03 4.701741272583603859e-05
5.571800000000204818e+03 4.680379061028361320e-05
5.572700000000205364e+03 4.650606570066884160e-05
5.573600000000205910e+03 4.678801633417606354e-05
5.574500000000205546e+03 4.718681884696707129e-05
5.575400000000205182e+03 4.714731767307966948e-05
5.576300000000205728e+03 4.707296466222032905e-05
5.577200000000206273e+03 4.730450018541887403e-05
5.578100000000205910e+03 4.747646016767248511e-05
5.579000000000205546e+03 4.749376967083662748e-05
5.579900000000206091e+03 4.752208042191341519e-05
5.580800000000206637e+03 4.737600465887226164e-05
5.581700000000206273e+03 4.715163595392368734e-05
5.582600000000205910e+03 4.721697405329905450e-05
5.583500000000206455e+03 4.745744081446900964e-05
5.584400000000207001e+03 4.746237027575261891e-05
5.585300000000206637e+03 4.695878305938094854e-05
5.586200000000206273e+03 4.615134093910455704e-05
5.587100000000206819e+03 4.552398604573681951e-05
5.588000000000207365e+03 4.529545549303293228e-05
5.588900000000207001e+03 4.549386358121410012e-05
5.589800000000206637e+03 4.609163806890137494e-05
5.590700000000207183e+03 4.677138349507004023e-05
5.591600000000207729e+03 4.714062743005342782e-05
5.592500000000207365e+03 4.708522101282142103e-05
5.593400000000207001e+03 4.667424582294188440e-05
5.594300000000207547e+03 4.638646714738570154e-05
5.595200000000208092e+03 4.679921039496548474e-05
5.596100000000207729e+03 4.731547232950106263e-05
5.597000000000207365e+03 4.706413892563432455e-05
5.597900000000207910e+03 4.642501517082564533e-05
5.598800000000208456e+03 4.628647002391517162e-05
5.599700000000208092e+03 4.661709681386128068e-05
5.600600000000207729e+03 4.665711821871809661e-05
5.601500000000208274e+03 4.622604683390818536e-05
5.602400000000208820e+03 4.587643707054667175e-05
5.603300000000208456e+03 4.616888327291235328e-05
5.604200000000208092e+03 4.695917232311330736e-05
5.605100000000208638e+03 4.753929533762857318e-05
5.606000000000209184e+03 4.769978477270342410e-05
5.606900000000208820e+03 4.769017687067389488e-05
5.607800000000208456e+03 4.764500408782623708e-05
5.608700000000209002e+03 4.763533070217818022e-05
5.609600000000209548e+03 4.762704338645562530e-05
5.610500000000209184e+03 4.759317380376160145e-05
5.611400000000208820e+03 4.761612217407673597e-05
5.612300000000209366e+03 4.764372715726494789e-05
5.613200000000209911e+03 4.743708632304333150e-05
5.614100000000209548e+03 4.660630656871944666e-05
5.615000000000209184e+03 4.558933142106980085e-05
5.615900000000209729e+03 4.552165773930028081e-05
5.616800000000210275e+03 4.636770972865633667e-05
5.617700000000209911e+03 4.708126289187930524e-05
5.618600000000209548e+03 4.724839527625590563e-05
5.619500000000210093e+03 4.723807796835899353e-05
5.620400000000210639e+03 4.728713247459381819e-05
5.621300000000210275e+03 4.733707828563638031e-05
5.622200000000209911e+03 4.727825216832570732e-05
5.623100000000210457e+03 4.692282891483046114e-05
5.624000000000211003e+03 4.644766886485740542e-05
5.624900000000210639e+03 4.642121348297223449e-05
5.625800000000210275e+03 4.683921724790707231e-05
5.626700000000210821e+03 4.719031130662187934e-05
5.627600000000211367e+03 4.729002102976664901e-05
5.628500000000211003e+03 4.732855450129136443e-05
5.629400000000210639e+03 4.735136462841182947e-05
5.630300000000211185e+03 4.734307003673166037e-05
5.631200000000211730e+03 4.739487485494464636e-05
5.632100000000211367e+03 4.744641773868352175e-05
5.633000000000211003e+03 4.743472163681872189e-05
5.633900000000211548e+03 4.740333679364994168e-05
5.634800000000212094e+03 4.737347626360133290e-05
5.635700000000211730e+03 4.731284207082353532e-05
5.636600000000211367e+03 4.716674447990953922e-05
5.637500000000211912e+03 4.703082595369778574e-05
5.638400000000212458e+03 4.702646765508688986e-05
5.639300000000212094e+03 4.702556543634273112e-05
5.640200000000211730e+03 4.694677772931754589e-05
5.641100000000212276e+03 4.690644345828332007e-05
5.642000000000212822e+03 4.702385558630339801e-05
5.642900000000212458e+03 4.717780393548309803e-05
5.643800000000212094e+03 4.722113590105436742e-05
5.644700000000212640e+03 4.725483449874445796e-05
5.645600000000213186e+03 4.733457535621710122e-05
5.646500000000212822e+03 4.743431418319232762e-05
5.647400000000212458e+03 4.745418846141546965e-05
5.648300000000213004e+03 4.738570351037196815e-05
5.649200000000213549e+03 4.737867129733785987e-05
5.650100000000213186e+03 4.745149999507702887e-05
5.651000000000212822e+03 4.754222391056828201e-05
5.651900000000213367e+03 4.761107265949249268e-05
5.652800000000213913e+03 4.756830458063632250e-05
5.653700000000213549e+03 4.744373654830269516e-05
5.654600000000213186e+03 4.730597720481455326e-05
5.655500000000213731e+03 4.721268487628549337e-05
5.656400000000214277e+03 4.694406379712745547e-05
5.657300000000213913e+03 4.616875230567529798e-05
5.658200000000213549e+03 4.550524317892268300e-05
5.659100000000214095e+03 4.580858512781560421e-05
5.660000000000214641e+03 4.663848085328936577e-05
5.660900000000214277e+03 4.694173185271210968e-05
5.661800000000213913e+03 4.667212488129734993e-05
5.662700000000214459e+03 4.657339377445168793e-05
5.663600000000215005e+03 4.690962668973952532e-05
5.664500000000214641e+03 4.725005055661313236e-05
5.665400000000214277e+03 4.728117710328660905e-05
5.666300000000214823e+03 4.708300548372790217e-05
5.667200000000215368e+03 4.689485649578273296e-05
5.668100000000215005e+03 4.678063851315528154e-05
5.669000000000214641e+03 4.678807817981578410e-05
5.669900000000215186e+03 4.692796574090607464e-05
5.670800000000215732e+03 4.708582127932459116e-05
5.671700000000215368e+03 4.720749348052777350e-05
5.672600000000215005e+03 4.729484498966485262e-05
5.673500000000215550e+03 4.734047251986339688e-05
5.674400000000216096e+03 4.728609928861260414e-05
5.675300000000215732e+03 4.719602657132782042e-05
5.676200000000215368e+03 4.726898623630404472e-05
5.677100000000215914e+03 4.736655682791024446e-05
5.678000000000216460e+03 4.732335946755483747e-05
5.678900000000216096e+03 4.722847734228707850e-05
5.679800000000215732e+03 4.716978583019226789e-05
5.680700000000216278e+03 4.714581882581114769e-05
5.681600000000216824e+03 4.702273508883081377e-05
5.682500000000216460e+03 4.679538687923923135e-05
5.683400000000216096e+03 4.664948210120201111e-05
5.684300000000216642e+03 4.667427856475114822e-05
5.685200000000217187e+03 4.683789666160009801e-05
5.686100000000216824e+03 4.689023262471891940e-05
5.687000000000216460e+03 4.676464595831930637e-05
5.687900000000217005e+03 4.665397136704996228e-05
5.688800000000217551e+03 4.669775807997211814e-05
5.689700000000217187e+03 4.688124317908659577e-05
5.690600000000216824e+03 4.705016181105747819e-05
5.691500000000217369e+03 4.718869240605272353e-05
5.692400000000217915e+03 4.727642226498574018e-05
5.693300000000217551e+03 4.723918391391634941e-05
5.694200000000217187e+03 4.718402851722203195e-05
5.695100000000217733e+03 4.715225077234208584e-05
5.696000000000218279e+03 4.713280941359698772e-05
5.696900000000217915e+03 4.711527435574680567e-05
5.697800000000217551e+03 4.705166429630480707e-05
5.698700000000218097e+03 4.699854616774246097e-05
5.699600000000218643e+03 4.689748675446026027e-05
5.700500000000218279e+03 4.668099427362903953e-05
5.701400000000217915e+03 4.647850073524750769e-05
5.702300000000218461e+03 4.653381620300933719e-05
5.703200000000219006e+03 4.676828029914759099e-05
5.704100000000218643e+03 4.690388959716074169e-05
5.705000000000218279e+03 4.689500929089263082e-05
5.705900000000218824e+03 4.678477489505894482e-05
5.706800000000219370e+03 4.660985359805636108e-05
5.707700000000219006e+03 4.631265619536861777e-05
5.708600000000218643e+03 4.583129339152947068e-05
5.709500000000219188e+03 4.554256520350463688e-05
5.710400000000219734e+03 4.564585105981677771e-05
5.711300000000219370e+03 4.586194336297921836e-05
5.712200000000219006e+03 4.624040229828096926e-05
5.713100000000219552e+03 4.672423528973013163e-05
5.714000000000220098e+03 4.701649959315545857e-05
5.714900000000219734e+03 4.709112181444652379e-05
5.715800000000219370e+03 4.711023211712017655e-05
5.716700000000219916e+03 4.712340523838065565e-05
5.717600000000220462e+03 4.705022729467600584e-05
5.718500000000220098e+03 4.704929597210139036e-05
5.719400000000219734e+03 4.717224510386586189e-05
5.720300000000220280e+03 4.724496466224081814e-05
5.721200000000220825e+03 4.729684224002994597e-05
5.722100000000220462e+03 4.734224421554245055e-05
5.723000000000220098e+03 4.733229434350505471e-05
5.723900000000220643e+03 4.727399573312141001e-05
5.724800000000221189e+03 4.718312266049906611e-05
5.725700000000220825e+03 4.703922240878455341e-05
5.726600000000220462e+03 4.685001113102771342e-05
5.727500000000221007e+03 4.682795406552031636e-05
5.728400000000221553e+03 4.705126775661483407e-05
5.729300000000221189e+03 4.723418169305659831e-05
5.730200000000220825e+03 4.717826959677040577e-05
5.731100000000221371e+03 4.702644946519285440e-05
5.732000000000221917e+03 4.702271326095797122e-05
5.732900000000221553e+03 4.714816168416291475e-05
5.733800000000221189e+03 4.723825259134173393e-05
5.734700000000221735e+03 4.723711390397511423e-05
5.735600000000222281e+03 4.716629700851626694e-05
5.736500000000221917e+03 4.709966015070676804e-05
5.737400000000221553e+03 4.708159030997194350e-05
5.738300000000222099e+03 4.705875107902102172e-05
5.739200000000222644e+03 4.707065454567782581e-05
5.740100000000222281e+03 4.710053690359927714e-05
5.741000000000221917e+03 4.707293192041106522e-05
5.741900000000222462e+03 4.701765647041611373e-05
5.742800000000223008e+03 4.698463817476294935e-05
5.743700000000222644e+03 4.701093348558060825e-05
5.744600000000222281e+03 4.705319224740378559e-05
5.745500000000222826e+03 4.708523192675784230e-05
5.746400000000223372e+03 4.707709013018757105e-05
5.747300000000223008e+03 4.693351729656569660e-05
5.748200000000222644e+03 4.685321619035676122e-05
5.749100000000223190e+03 4.696699761552736163e-05
5.750000000000223736e+03 4.710519351647235453e-05
5.750900000000223372e+03 4.708330016001127660e-05
5.751800000000223008e+03 4.685926614911295474e-05
5.752700000000223554e+03 4.654718941310420632e-05
5.753600000000224099e+03 4.627709131455048919e-05
5.754500000000223736e+03 4.629161048796959221e-05
5.755400000000223372e+03 4.662749779527075589e-05
5.756300000000223918e+03 4.693948358180932701e-05
5.757200000000224463e+03 4.708053893409669399e-05
5.758100000000224099e+03 4.707456901087425649e-05
5.759000000000223736e+03 4.697077019955031574e-05
5.759900000000224281e+03 4.686182001023553312e-05
5.760800000000224827e+03 4.669661211664788425e-05
5.761700000000224463e+03 4.643463762477040291e-05
5.762600000000224099e+03 4.620627805707044899e-05
5.763500000000224645e+03 4.627188172889873385e-05
5.764400000000225191e+03 4.658476609620265663e-05
5.765300000000224827e+03 4.679828998632729053e-05
5.766200000000224463e+03 4.687943510361947119e-05
5.767100000000225009e+03 4.688720582635141909e-05
5.768000000000225555e+03 4.689125853474251926e-05
5.768900000000225191e+03 4.691492722486145794e-05
5.769800000000224827e+03 4.686550892074592412e-05
5.770700000000225373e+03 4.679862468037754297e-05
5.771600000000225918e+03 4.672107752412557602e-05
5.772500000000225555e+03 4.666121094487607479e-05
5.773400000000225191e+03 4.664732841774821281e-05
5.774300000000225737e+03 4.660706690629012883e-05
5.775200000000226282e+03 4.660713966586627066e-05
5.776100000000225918e+03 4.664423249778337777e-05
5.777000000000225555e+03 4.664362495532259345e-05
5.777900000000226100e+03 4.661547791329212487e-05
5.778800000000226646e+03 4.655224984162487090e-05
5.779700000000226282e+03 4.641830309992656112e-05
5.780600000000225918e+03 4.622147025656886399e-05
5.781500000000226464e+03 4.611157783074304461e-05
5.782400000000227010e+03 4.617645026883110404e-05
5.783300000000226646e+03 4.624302528100088239e-05
5.784200000000226282e+03 4.622890628525055945e-05
5.785100000000226828e+03 4.617515878635458648e-05
5.786000000000227374e+03 4.619942410499788821e-05
5.786900000000227010e+03 4.632345371646806598e-05
5.787800000000226646e+03 4.642001294996589422e-05
5.788700000000227192e+03 4.648297544918023050e-05
5.789600000000227737e+03 4.644318687496706843e-05
5.790500000000227374e+03 4.628699753084219992e-05
5.791400000000227010e+03 4.627076123142614961e-05
5.792300000000227556e+03 4.641275882022455335e-05
5.793200000000228101e+03 4.655488373828120530e-05
5.794100000000227737e+03 4.662904029828496277e-05
5.795000000000227374e+03 4.666089807869866490e-05
5.795900000000227919e+03 4.662692299461923540e-05
5.796800000000228465e+03 4.650184200727380812e-05
5.797700000000228101e+03 4.643086867872625589e-05
5.798600000000227737e+03 4.652755524148233235e-05
5.799500000000228283e+03 4.671239003073424101e-05
5.800400000000228829e+03 4.686367537942714989e-05
5.801300000000228465e+03 4.692331640399061143e-05
5.802200000000228101e+03 4.687327600549906492e-05
5.803100000000228647e+03 4.671858550864271820e-05
5.804000000000229193e+03 4.656867895391769707e-05
5.804900000000228829e+03 4.655668453779071569e-05
5.805800000000228465e+03 4.663772415369749069e-05
5.806700000000229011e+03 4.673299554269760847e-05
5.807600000000229556e+03 4.677891411120072007e-05
5.808500000000229193e+03 4.676490425481460989e-05
5.809400000000228829e+03 4.676777825807221234e-05
5.810300000000229375e+03 4.678600089391693473e-05
5.811200000000229920e+03 4.680463462136685848e-05
5.812100000000229556e+03 4.678278128267265856e-05
5.813000000000229193e+03 4.672286377171985805e-05
5.813900000000229738e+03 4.664755761041305959e-05
5.814800000000230284e+03 4.654773510992527008e-05
5.815700000000229920e+03 4.649679249268956482e-05
5.816600000000229556e+03 4.657091994886286557e-05
5.817500000000230102e+03 4.673955118050798774e-05
5.818400000000230648e+03 4.684672239818610251e-05
5.819300000000230284e+03 4.682899452745914459e-05
5.820200000000229920e+03 4.681024074670858681e-05
5.821100000000230466e+03 4.676837488659657538e-05
5.822000000000231012e+03 4.668367910198867321e-05
5.822900000000230648e+03 4.664705193135887384e-05
5.823800000000230284e+03 4.666646054829470813e-05
5.824700000000230830e+03 4.670665293815545738e-05
5.825600000000231375e+03 4.672904833569191396e-05
5.826500000000231012e+03 4.675887248595245183e-05
5.827400000000230648e+03 4.678235200117342174e-05
5.828300000000231194e+03 4.678424738813191652e-05
5.829200000000231739e+03 4.680755228037014604e-05
5.830100000000231375e+03 4.681841528508812189e-05
5.831000000000231012e+03 4.679727499024011195e-05
5.831900000000231557e+03 4.678785262512974441e-05
5.832800000000232103e+03 4.680424171965569258e-05
5.833700000000231739e+03 4.681948485085740685e-05
5.834600000000231375e+03 4.681310019805096090e-05
5.835500000000231921e+03 4.681942300521768630e-05
5.836400000000232467e+03 4.681772043113596737e-05
5.837300000000232103e+03 4.676818571169860661e-05
5.838200000000231739e+03 4.674119918490760028e-05
5.839100000000232285e+03 4.674345109378919005e-05
5.840000000000232831e+03 4.677808829001151025e-05
5.840900000000232467e+03 4.680469646700657904e-05
5.841800000000232103e+03 4.680166603066027164e-05
5.842700000000232649e+03 4.680814527091570199e-05
5.843600000000233194e+03 4.680427082348614931e-05
5.844500000000232831e+03 4.679981793742626905e-05
5.845400000000232467e+03 4.675949094234965742e-05
5.846300000000233013e+03 4.660381455323658884e-05
5.847200000000233558e+03 4.646943125408142805e-05
5.848100000000233194e+03 4.647015157388523221e-05
5.849000000000232831e+03 4.653802898246794939e-05
5.849900000000233376e+03 4.656155942939221859e-05
5.850800000000233922e+03 4.647034074878320098e-05
5.851700000000233558e+03 4.625461951945908368e-05
5.852600000000233194e+03 4.589055606629699469e-05
5.853500000000233740e+03 4.565066774375736713e-05
5.854400000000234286e+03 4.581869507092051208e-05
5.855300000000233922e+03 4.597176666720770299e-05
5.856200000000233558e+03 4.568290023598819971e-05
5.857100000000234104e+03 4.527539203991182148e-05
5.858000000000234650e+03 4.534720210358500481e-05
5.858900000000234286e+03 4.579271626425907016e-05
5.859800000000233922e+03 4.610860560205765069e-05
5.860700000000234468e+03 4.619986793841235340e-05
5.861600000000235013e+03 4.609522875398397446e-05
5.862500000000234650e+03 4.600510874297469854e-05
5.863400000000234286e+03 4.610259566106833518e-05
5.864300000000234832e+03 4.618830644176341593e-05
5.865200000000235377e+03 4.606868606060743332e-05
5.866100000000235013e+03 4.583530972013249993e-05
5.867000000000234650e+03 4.579048982122913003e-05
5.867900000000235195e+03 4.600873580784536898e-05
5.868800000000235741e+03 4.622417327482253313e-05
5.869700000000235377e+03 4.629624527296982706e-05
5.870600000000235013e+03 4.624667781172320247e-05
5.871500000000235559e+03 4.617563536157831550e-05
5.872400000000236105e+03 4.613432975020259619e-05
5.873300000000235741e+03 4.608737435773946345e-05
5.874200000000235377e+03 4.609108873410150409e-05
5.875100000000235923e+03 4.610152609529905021e-05
5.876000000000236469e+03 4.607548180501908064e-05
5.876900000000236105e+03 4.600262764142826200e-05
5.877800000000235741e+03 4.590381649904884398e-05
5.878700000000236287e+03 4.580625682137906551e-05
5.879600000000236832e+03 4.567895666696131229e-05
5.880500000000236469e+03 4.562267713481560349e-05
5.881400000000236105e+03 4.568151416606269777e-05
5.882300000000236651e+03 4.561994501273147762e-05
5.883200000000237196e+03 4.542120223050005734e-05
5.884100000000236832e+03 4.526949487626552582e-05
5.885000000000236469e+03 4.518897185334935784e-05
5.885900000000237014e+03 4.506968616624362767e-05
5.886800000000237560e+03 4.489236380322836339e-05
5.887700000000237196e+03 4.435352457221597433e-05
5.888600000000236832e+03 4.286835974198766053e-05
5.889500000000237378e+03 4.111772796022705734e-05
5.890400000000237924e+03 4.092954986845143139e-05
5.891300000000237560e+03 4.224783333484083414e-05
5.892200000000237196e+03 4.335523408371955156e-05
5.893100000000237742e+03 4.373957563075236976e-05
5.894000000000238288e+03 4.356098725111223757e-05
5.894900000000237924e+03 4.251675272826105356e-05
5.895800000000237560e+03 4.150455788476392627e-05
5.896700000000238106e+03 4.200280818622559309e-05
5.897600000000238651e+03 4.336525671533308923e-05
5.898500000000238288e+03 4.423872815095819533e-05
5.899400000000237924e+03 4.460515992832370102e-05
5.900300000000238470e+03 4.495325629250146449e-05
5.901200000000239015e+03 4.526865450316108763e-05
5.902100000000238651e+03 4.532705497695133090e-05
5.903000000000238288e+03 4.525667100097052753e-05
5.903900000000238833e+03 4.528581121121533215e-05
5.904800000000239379e+03 4.538449138635769486e-05
5.905700000000239015e+03 4.546151103568263352e-05
5.906600000000238651e+03 4.553924736683256924e-05
5.907500000000239197e+03 4.561905006994493306e-05
5.908400000000239743e+03 4.566540155792608857e-05
5.909300000000239379e+03 4.565013296087272465e-05
5.910200000000239015e+03 4.566297138808295131e-05
5.911100000000239561e+03 4.569676821120083332e-05
5.912000000000240107e+03 4.563639595289714634e-05
5.912900000000239743e+03 4.542033275356516242e-05
5.913800000000239379e+03 4.517154593486338854e-05
5.914700000000239925e+03 4.509625068749301136e-05
5.915600000000240470e+03 4.517873458098620176e-05
5.916500000000240107e+03 4.532097955234348774e-05
5.917400000000239743e+03 4.544173134490847588e-05
5.918300000000240289e+03 4.545493720797821879e-05
5.919200000000240834e+03 4.547685603029094636e-05
5.920100000000240470e+03 4.551909296424128115e-05
5.921000000000240107e+03 4.547218486550264060e-05
5.921900000000240652e+03 4.538748180493712425e-05
5.922800000000241198e+03 4.537589120445773005e-05
5.923700000000240834e+03 4.545627962215803564e-05
5.924600000000240470e+03 4.553383405436761677e-05
5.925500000000241016e+03 4.558676664601080120e-05
5.926400000000241562e+03 4.561194873531349003e-05
5.927300000000241198e+03 4.556755447993054986e-05
5.928200000000240834e+03 4.550879748421721160e-05
5.929100000000241380e+03 4.539062501862645149e-05
5.930000000000241926e+03 4.525515396380797029e-05
5.930900000000241562e+03 4.532697494141757488e-05
5.931800000000241198e+03 4.551944948616437614e-05
5.932700000000241744e+03 4.558976070256903768e-05
5.933600000000242289e+03 4.546016134554520249e-05
5.934500000000241926e+03 4.532585808192379773e-05
5.935400000000241562e+03 4.538109715213067830e-05
5.936300000000242107e+03 4.550403173197992146e-05
5.937200000000242653e+03 4.556460407911799848e-05
5.938100000000242289e+03 4.563917900668457150e-05
5.939000000000241926e+03 4.570629607769660652e-05
5.939900000000242471e+03 4.562967660604044795e-05
5.940800000000243017e+03 4.544064722722396255e-05
5.941700000000242653e+03 4.536384585662744939e-05
5.942600000000242289e+03 4.539734072750434279e-05
5.943500000000242835e+03 4.545009505818597972e-05
5.944400000000243381e+03 4.551755046122707427e-05
5.945300000000243017e+03 4.553833059617318213e-05
5.946200000000242653e+03 4.552745667751878500e-05
5.947100000000243199e+03 4.544409239315427840e-05
5.948000000000243745e+03 4.523469397099688649e-05
5.948900000000243381e+03 4.508520942181348801e-05
5.949800000000243017e+03 4.517197521636262536e-05
5.950700000000243563e+03 4.535762491286732256e-05
5.951600000000244108e+03 4.536303094937466085e-05
5.952500000000243745e+03 4.522801827988587320e-05
5.953400000000243381e+03 4.523413736023940146e-05
5.954300000000243926e+03 4.532291859504766762e-05
5.955200000000244472e+03 4.527444980340078473e-05
5.956100000000244108e+03 4.508384517976082861e-05
5.957000000000243745e+03 4.502367664827033877e-05
5.957900000000244290e+03 4.521692972048185766e-05
5.958800000000244836e+03 4.545773481368087232e-05
5.959700000000244472e+03 4.563318725558929145e-05
5.960600000000244108e+03 4.571889076032675803e-05
5.961500000000244654e+03 4.574882041197270155e-05
5.962400000000245200e+03 4.573040132527239621e-05
5.963300000000244836e+03 4.570535384118556976e-05
5.964200000000244472e+03 4.566543066175654531e-05
5.965100000000245018e+03 4.554787665256299078e-05
5.966000000000245564e+03 4.550498488242737949e-05
5.966900000000245200e+03 4.561976675176993012e-05
5.967800000000244836e+03 4.574089689413085580e-05
5.968700000000245382e+03 4.579899541568011045e-05
5.969600000000245927e+03 4.577696017804555595e-05
5.970500000000245564e+03 4.574820195557549596e-05
5.971400000000245200e+03 4.574039121507667005e-05
5.972300000000245745e+03 4.573395199258811772e-05
5.973200000000246291e+03 4.573462865664623678e-05
5.974100000000245927e+03 4.569966768031008542e-05
5.975000000000245564e+03 4.561321111395955086e-05
5.975900000000246109e+03 4.549943696474656463e-05
5.976800000000246655e+03 4.539501605904661119e-05
5.977700000000246291e+03 4.539974179351702332e-05
5.978600000000245927e+03 4.547902062768116593e-05
5.979500000000246473e+03 4.560801608022302389e-05
5.980400000000247019e+03 4.573441037791781127e-05
5.981300000000246655e+03 4.576399805955588818e-05
5.982200000000246291e+03 4.569658631226047873e-05
5.983100000000246837e+03 4.547863136394880712e-05
5.984000000000247383e+03 4.525572148850187659e-05
5.984900000000247019e+03 4.527262353803962469e-05
5.985800000000246655e+03 4.544222247204743326e-05
5.986700000000247201e+03 4.550443918560631573e-05
5.987600000000247746e+03 4.548778088064864278e-05
5.988500000000247383e+03 4.551839083433151245e-05
5.989400000000247019e+03 4.556473140837624669e-05
5.990300000000247564e+03 4.553069084067828953e-05
5.991200000000248110e+03 4.547924254438839853e-05
5.992100000000247746e+03 4.550416633719578385e-05
5.993000000000247383e+03 4.559265289572067559e-05
5.993900000000247928e+03 4.565033304970711470e-05
5.994800000000248474e+03 4.564153277897275984e-05
5.995700000000248110e+03 4.561934110824950039e-05
5.996600000000247746e+03 4.554693805403076112e-05
5.997500000000248292e+03 4.547594653558917344e-05
5.998400000000248838e+03 4.545493720797821879e-05
5.999300000000248474e+03 4.541912858258001506e-05
6.000200000000248110e+03 4.536043343250639737e-05
6.001100000000248656e+03 4.528495992417447269e-05
6.002000000000249202e+03 4.513337989919818938e-05
6.002900000000248838e+03 4.503094532992690802e-05
6.003800000000248474e+03 4.510817234404385090e-05
6.004700000000249020e+03 4.524885298451408744e-05
6.005600000000249565e+03 4.527258715825155377e-05
6.006500000000249202e+03 4.512666055234149098e-05
6.007400000000248838e+03 4.489087586989626288e-05
6.008300000000249383e+03 4.479984272620640695e-05
6.009200000000249929e+03 4.502939918893389404e-05
6.010100000000249565e+03 4.533986430033110082e-05
6.011000000000249202e+03 4.544460171018727124e-05
6.011900000000249747e+03 4.533325045485980809e-05
6.012800000000250293e+03 4.516904664342291653e-05
6.013700000000249929e+03 4.517019624472595751e-05
6.014600000000249565e+03 4.527284181676805019e-05
6.015500000000250111e+03 4.527745477389544249e-05
6.016400000000250657e+03 4.520701622823253274e-05
6.017300000000250293e+03 4.524939504335634410e-05
6.018200000000249929e+03 4.534120671451091766e-05
6.019100000000250475e+03 4.523127063293941319e-05
6.020000000000251021e+03 4.502033334574662149e-05
6.020900000000250657e+03 4.496345718507654965e-05
6.021800000000250293e+03 4.503976379055529833e-05
6.022700000000250839e+03 4.509470818447880447e-05
6.023600000000251384e+03 4.505796823650598526e-05
6.024500000000251021e+03 4.510848157224245369e-05
6.025400000000250657e+03 4.527649434749037027e-05
6.026300000000251202e+03 4.533155151875689626e-05
6.027200000000251748e+03 4.533889295998960733e-05
6.028100000000251384e+03 4.543775139609351754e-05
6.029000000000251021e+03 4.551888559944927692e-05
6.029900000000251566e+03 4.550723315333016217e-05
6.030800000000252112e+03 4.541126691037788987e-05
6.031700000000251748e+03 4.538973371381871402e-05
6.032600000000251384e+03 4.548236756818369031e-05
6.033500000000251930e+03 4.557434658636339009e-05
6.034400000000252476e+03 4.558183718472719193e-05
6.035300000000252112e+03 4.548794095171615481e-05
6.036200000000251748e+03 4.540028385235927999e-05
6.037100000000252294e+03 4.537707354757003486e-05
6.038000000000252840e+03 4.539433211903087795e-05
6.038900000000252476e+03 4.539324072538875043e-05
6.039800000000252112e+03 4.535832704277709126e-05
6.040700000000252658e+03 4.536139749689027667e-05
6.041600000000253203e+03 4.540707595879212022e-05
6.042500000000252840e+03 4.547095522866584361e-05
6.043400000000252476e+03 4.552828977466560900e-05
6.044300000000253021e+03 4.556894782581366599e-05
6.045200000000253567e+03 4.561119567370042205e-05
6.046100000000253203e+03 4.562221147352829576e-05
6.047000000000252840e+03 4.561923924484290183e-05
6.047900000000253385e+03 4.564734263112768531e-05
6.048800000000253931e+03 4.563659967971034348e-05
6.049700000000253567e+03 4.559412627713754773e-05
6.050600000000253203e+03 4.555415580398403108e-05
6.051500000000253749e+03 4.555615669232793152e-05
6.052400000000254295e+03 4.558337968774139881e-05
6.053300000000253931e+03 4.558317596092820168e-05
6.054200000000253567e+03 4.552496466203592718e-05
6.055100000000254113e+03 4.542215174296870828e-05
6.056000000000254659e+03 4.538584107649512589e-05
6.056900000000254295e+03 4.543843169813044369e-05
6.057800000000253931e+03 4.550733865471556783e-05
6.058700000000254477e+03 4.558157888823188841e-05
6.059600000000255022e+03 4.563621769193559885e-05
6.060500000000254659e+03 4.563990660244598985e-05
6.061400000000254295e+03 4.559478838928043842e-05
6.062300000000254840e+03 4.548845026874914765e-05
6.063200000000255386e+03 4.527647615759633482e-05
6.064100000000255022e+03 4.480343341128900647e-05
6.065000000000254659e+03 4.429600812727585435e-05
6.065900000000255204e+03 4.439948679646477103e-05
6.066800000000255750e+03 4.501914372667670250e-05
6.067700000000255386e+03 4.549432560452260077e-05
6.068600000000255022e+03 4.561918467516079545e-05
6.069500000000255568e+03 4.560687011689879000e-05
6.070400000000256114e+03 4.562274989439174533e-05
6.071300000000255750e+03 4.563005495583638549e-05
6.072200000000255386e+03 4.560654997476376593e-05
6.073100000000255932e+03 4.559286026051267982e-05
6.074000000000256478e+03 4.559626904665492475e-05
6.074900000000256114e+03 4.560908200801350176e-05
6.075800000000255750e+03 4.558540604193694890e-05
6.076700000000256296e+03 4.552092286758124828e-05
6.077600000000256841e+03 4.539134533843025565e-05
6.078500000000256478e+03 4.526297925622202456e-05
6.079400000000256114e+03 4.523027018876746297e-05
6.080300000000256659e+03 4.521337541518732905e-05
6.081200000000257205e+03 4.515128966886550188e-05
6.082100000000256841e+03 4.507364428718574345e-05
6.083000000000256478e+03 4.506122058955952525e-05
6.083900000000257023e+03 4.507555422605946660e-05
6.084800000000257569e+03 4.502786032389849424e-05
6.085700000000257205e+03 4.504864409682340920e-05
6.086600000000256841e+03 4.519062713370658457e-05
6.087500000000257387e+03 4.530841397354379296e-05
6.088400000000257933e+03 4.530930527835153043e-05
6.089300000000257569e+03 4.518107016338035464e-05
6.090200000000257205e+03 4.506338882492855191e-05
6.091100000000257751e+03 4.509010250330902636e-05
6.092000000000258296e+03 4.517172783380374312e-05
6.092900000000257933e+03 4.523031020653434098e-05
6.093800000000257569e+03 4.530743171926587820e-05
6.094700000000258115e+03 4.539996734820306301e-05
6.095600000000258660e+03 4.542060560197569430e-05
6.096500000000258296e+03 4.538803477771580219e-05
6.097400000000257933e+03 4.537186396191827953e-05
6.098300000000258478e+03 4.539000656222924590e-05
6.099200000000259024e+03 4.542963142739608884e-05
6.100100000000258660e+03 4.531133890850469470e-05
6.101000000000258296e+03 4.476902540773153305e-05
6.101900000000258842e+03 4.392070331959985197e-05
6.102800000000259388e+03 4.356530916993506253e-05
6.103700000000259024e+03 4.417655509314499795e-05
6.104600000000258660e+03 4.503404488787055016e-05
6.105500000000259206e+03 4.540992449619807303e-05
6.106400000000259752e+03 4.534136314759962261e-05
6.107300000000259388e+03 4.511038059717975557e-05
6.108200000000259024e+03 4.501321382122114301e-05
6.109100000000259570e+03 4.511560473474673927e-05
6.110000000000260115e+03 4.518235436989925802e-05
6.110900000000259752e+03 4.513291423791088164e-05
6.111800000000259388e+03 4.510558574111200869e-05
6.112700000000259934e+03 4.517926208791323006e-05
6.113600000000260479e+03 4.526233533397316933e-05
6.114500000000260115e+03 4.529786019702441990e-05
6.115400000000259752e+03 4.524582254816778004e-05
6.116300000000260297e+03 4.515895852819085121e-05
6.117200000000260843e+03 4.515174077823758125e-05
6.118100000000260479e+03 4.512791201705113053e-05
6.119000000000260115e+03 4.499043279793113470e-05
6.119900000000260661e+03 4.470887142815627158e-05
6.120800000000261207e+03 4.407707820064388216e-05
6.121700000000260843e+03 4.332743264967575669e-05
6.122600000000260479e+03 4.333447213866747916e-05
6.123500000000261025e+03 4.417496165842749178e-05
6.124400000000261571e+03 4.487475962378084660e-05
6.125300000000261207e+03 4.501064540818333626e-05
6.126200000000260843e+03 4.492819061852060258e-05
6.127100000000261389e+03 4.489861021284013987e-05
6.128000000000261934e+03 4.491276195039972663e-05
6.128900000000261571e+03 4.499511123867705464e-05
6.129800000000261207e+03 4.514718239079229534e-05
6.130700000000261753e+03 4.526631892076693475e-05
6.131600000000262298e+03 4.524334872257895768e-05
6.132500000000261934e+03 4.518313653534278274e-05
6.133400000000261571e+03 4.515310865826904774e-05
6.134300000000262116e+03 4.492722655413672328e-05
6.135200000000262662e+03 4.422241181600838900e-05
6.136100000000262298e+03 4.308479765313677490e-05
6.137000000000261934e+03 4.240213092998601496e-05
6.137900000000262480e+03 4.299524880480021238e-05
6.138800000000263026e+03 4.420995901455171406e-05
6.139700000000262662e+03 4.482993244891986251e-05
6.140600000000262298e+03 4.447992978384718299e-05
6.141500000000262844e+03 4.395726500661112368e-05
6.142400000000263390e+03 4.418613389134407043e-05
6.143300000000263026e+03 4.488262129598297179e-05
6.144200000000262662e+03 4.532764069153927267e-05
6.145100000000263208e+03 4.539497604127973318e-05
6.146000000000263753e+03 4.530439764494076371e-05
6.146900000000263390e+03 4.515869659371674061e-05
6.147800000000263026e+03 4.496359542827121913e-05
6.148700000000263572e+03 4.482048461795784533e-05
6.149600000000264117e+03 4.478505070437677205e-05
6.150500000000263753e+03 4.482891381485387683e-05
6.151400000000263390e+03 4.495102984947152436e-05
6.152300000000263935e+03 4.511477527557872236e-05
6.153200000000264481e+03 4.517521665547974408e-05
6.154100000000264117e+03 4.503473610384389758e-05
6.155000000000263753e+03 4.497272675507701933e-05
6.155900000000264299e+03 4.503627496887929738e-05
6.156800000000264845e+03 4.501023431657813489e-05
6.157700000000264481e+03 4.493147571338340640e-05
6.158600000000264117e+03 4.485699901124462485e-05
6.159500000000264663e+03 4.465220627025701106e-05
6.160400000000265209e+03 4.398343298817053437e-05
6.161300000000264845e+03 4.286786133889108896e-05
6.162200000000264481e+03 4.220946357236243784e-05
6.163100000000265027e+03 4.262463698978535831e-05
6.164000000000265572e+03 4.351122333901003003e-05
6.164900000000265209e+03 4.405217259773053229e-05
6.165800000000264845e+03 4.413809074321761727e-05
6.166700000000265391e+03 4.412180351209826767e-05
6.167600000000265936e+03 4.393862764118239284e-05
6.168500000000265572e+03 4.338737926445901394e-05
6.169400000000265209e+03 4.300202999729663134e-05
6.170300000000265754e+03 4.332757089287042618e-05
6.171200000000266300e+03 4.399237150209955871e-05
6.172100000000265936e+03 4.425648148753680289e-05
6.173000000000265572e+03 4.409304892760701478e-05
6.173900000000266118e+03 4.405140862218104303e-05
6.174800000000266664e+03 4.419700780999846756e-05
6.175700000000266300e+03 4.429546606843359768e-05
6.176600000000265936e+03 4.433327558217570186e-05
6.177500000000266482e+03 4.444170554052107036e-05
6.178400000000267028e+03 4.454679947230033576e-05
6.179300000000266664e+03 4.446819002623669803e-05
6.180200000000266300e+03 4.437466486706398427e-05
6.181100000000266846e+03 4.443337820703163743e-05
6.182000000000267391e+03 4.454113877727650106e-05
6.182900000000267028e+03 4.455193266039714217e-05
6.183800000000266664e+03 4.448305480764247477e-05
6.184700000000267210e+03 4.443548459676094353e-05
6.185600000000267755e+03 4.434573929756879807e-05
6.186500000000267391e+03 4.421340781846083701e-05
6.187400000000267028e+03 4.411943518789485097e-05
6.188300000000267573e+03 4.406393418321385980e-05
6.189200000000268119e+03 4.388292290968820453e-05
6.190100000000267755e+03 4.328381692175753415e-05
6.191000000000267391e+03 4.255511885276064277e-05
6.191900000000267937e+03 4.260488276486285031e-05
6.192800000000268483e+03 4.339396036812104285e-05
6.193700000000268119e+03 4.405370054882951081e-05
6.194600000000267755e+03 4.424755388754419982e-05
6.195500000000268301e+03 4.424702274263836443e-05
6.196400000000268847e+03 4.426583836902864277e-05
6.197300000000268483e+03 4.425678343977779150e-05
6.198200000000268119e+03 4.410564361023716629e-05
6.199100000000268665e+03 4.381688268040306866e-05
6.200000000000269210e+03 4.364996129879727960e-05
6.200900000000268847e+03 4.379641904961317778e-05
6.201800000000268483e+03 4.407004234963096678e-05
6.202700000000269029e+03 4.424112557899206877e-05
6.203600000000269574e+03 4.429534601513296366e-05
6.204500000000269210e+03 4.431329580256715417e-05
6.205400000000268847e+03 4.431760316947475076e-05
6.206300000000269392e+03 4.434343281900510192e-05
6.207200000000269938e+03 4.440803240868262947e-05
6.208100000000269574e+03 4.442851786734536290e-05
6.209000000000269210e+03 4.433983121998608112e-05
6.209900000000269756e+03 4.419510150910355151e-05
6.210800000000270302e+03 4.409058237797580659e-05
6.211700000000269938e+03 4.395627547637559474e-05
6.212600000000269574e+03 4.363242987892590463e-05
6.213500000000270120e+03 4.335510311648249626e-05
6.214400000000270666e+03 4.334192271926440299e-05
6.215300000000270302e+03 4.344166518421843648e-05
6.216200000000269938e+03 4.360956154414452612e-05
6.217100000000270484e+03 4.375920980237424374e-05
6.218000000000271029e+03 4.363176049082539976e-05
6.218900000000270666e+03 4.330313822720199823e-05
6.219800000000270302e+03 4.326887574279680848e-05
6.220700000000270848e+03 4.360774255474098027e-05
6.221600000000271393e+03 4.386689033708535135e-05
6.222500000000271029e+03 4.387325679999776185e-05
6.223400000000270666e+03 4.379489109851419926e-05
6.224300000000271211e+03 4.377449658932164311e-05
6.225200000000271757e+03 4.382286351756192744e-05
6.226100000000271393e+03 4.382770566735416651e-05
6.227000000000271029e+03 4.381961844046600163e-05
6.227900000000271575e+03 4.379344318294897676e-05
6.228800000000272121e+03 4.348043512436561286e-05
6.229700000000271757e+03 4.282657755538821220e-05
6.230600000000271393e+03 4.232245919411070645e-05
6.231500000000271939e+03 4.246072421665303409e-05
6.232400000000272485e+03 4.299604552215896547e-05
6.233300000000272121e+03 4.350213202997110784e-05
6.234200000000271757e+03 4.386355067254044116e-05
6.235100000000272303e+03 4.398620149004273117e-05
6.236000000000272848e+03 4.390499816508963704e-05
6.236900000000272485e+03 4.379184247227385640e-05
6.237800000000272121e+03 4.370857277535833418e-05
6.238700000000272667e+03 4.361503306427039206e-05
6.239600000000273212e+03 4.352784526417963207e-05
6.240500000000272848e+03 4.355264900368638337e-05
6.241400000000272485e+03 4.360551611171104014e-05
6.242300000000273030e+03 4.351801180746406317e-05
6.243200000000273576e+03 4.343301407061517239e-05
6.244100000000273212e+03 4.339994120527990162e-05
6.245000000000272848e+03 4.325256304582580924e-05
6.245900000000273394e+03 4.308732604840770364e-05
6.246800000000273940e+03 4.317610364523716271e-05
6.247700000000273576e+03 4.353974873083643615e-05
6.248600000000273212e+03 4.389339301269501448e-05
6.249500000000273758e+03 4.400225225253961980e-05
6.250400000000274304e+03 4.382552288006991148e-05
6.251300000000273940e+03 4.332160824560560286e-05
6.252200000000273576e+03 4.273351441952399909e-05
6.253100000000274122e+03 4.250389611115679145e-05
6.254000000000274667e+03 4.266573887434788048e-05
6.254900000000274304e+03 4.286567855160683393e-05
6.255800000000273940e+03 4.286592957214452326e-05
6.256700000000274486e+03 4.275777973816730082e-05
6.257600000000275031e+03 4.265216193743981421e-05
6.258500000000274667e+03 4.270497811376117170e-05
6.259400000000274304e+03 4.303200330468825996e-05
6.260300000000274849e+03 4.330803858465515077e-05
6.261200000000275395e+03 4.345525303506292403e-05
6.262100000000275031e+03 4.368904046714305878e-05
6.263000000000274667e+03 4.382479164632968605e-05
6.263900000000275213e+03 4.359603553893975914e-05
6.264800000000275759e+03 4.324189649196341634e-05
6.265700000000275395e+03 4.326613998273387551e-05
6.266600000000275031e+03 4.360805542091839015e-05
6.267500000000275577e+03 4.381278267828747630e-05
6.268400000000276123e+03 4.373778210720047355e-05
6.269300000000275759e+03 4.361185710877180099e-05
6.270200000000275395e+03 4.362246181699447334e-05
6.271100000000275941e+03 4.377323784865438938e-05
6.272000000000276486e+03 4.390938556753098965e-05
6.272900000000276123e+03 4.388921297504566610e-05
6.273800000000275759e+03 4.376534343464300036e-05
6.274700000000276304e+03 4.370446913526393473e-05
6.275600000000276850e+03 4.372472176328301430e-05
6.276500000000276486e+03 4.373558840597979724e-05
6.277400000000276123e+03 4.370047463453374803e-05
6.278300000000276668e+03 4.353387703304179013e-05
6.279200000000277214e+03 4.316872218623757362e-05
6.280100000000276850e+03 4.283492307877168059e-05
6.281000000000276486e+03 4.294107930036261678e-05
6.281900000000277032e+03 4.339363658800721169e-05
6.282800000000277578e+03 4.373334741103462875e-05
6.283700000000277214e+03 4.379054007586091757e-05
6.284600000000276850e+03 4.370655005914159119e-05
6.285500000000277396e+03 4.372042167233303189e-05
6.286400000000277942e+03 4.384413477964699268e-05
6.287300000000277578e+03 4.397245356813073158e-05
6.288200000000277214e+03 4.403304046718403697e-05
6.289100000000277760e+03 4.393655763124115765e-05
6.290000000000278305e+03 4.378995436127297580e-05
6.290900000000277942e+03 4.368425652501173317e-05
6.291800000000277578e+03 4.359645754448138177e-05
6.292700000000278123e+03 4.357918442110531032e-05
6.293600000000278669e+03 4.367596557131037116e-05
6.294500000000278305e+03 4.373184856376610696e-05
6.295400000000277942e+03 4.359604281489737332e-05
6.296300000000278487e+03 4.332335447543300688e-05
6.297200000000279033e+03 4.314175021136179566e-05
6.298100000000278669e+03 4.320091829868033528e-05
6.299000000000278305e+03 4.334713958087377250e-05
6.299900000000278851e+03 4.328284921939484775e-05
6.300800000000279397e+03 4.297987834434024990e-05
6.301700000000279033e+03 4.279721906641498208e-05
6.302600000000278669e+03 4.299229112803004682e-05
6.303500000000279215e+03 4.338777216617017984e-05
6.304400000000279761e+03 4.362687468528747559e-05
6.305300000000279397e+03 4.366651046439073980e-05
6.306200000000279033e+03 4.373414049041457474e-05
6.307100000000279579e+03 4.386945511214435101e-05
6.308000000000280124e+03 4.395090218167752028e-05
6.308900000000279761e+03 4.388148590805940330e-05
6.309800000000279397e+03 4.369201269582845271e-05
6.310700000000279942e+03 4.357899160822853446e-05
6.311600000000280488e+03 4.358397927717305720e-05
6.312500000000280124e+03 4.360755337984301150e-05
6.313400000000279761e+03 4.350418748799711466e-05
6.314300000000280306e+03 4.328871364123187959e-05
6.315200000000280852e+03 4.322647146182134748e-05
6.316100000000280488e+03 4.327142596594057977e-05
6.317000000000280124e+03 4.307478229748085141e-05
6.317900000000280670e+03 4.282646114006638527e-05
6.318800000000281216e+03 4.298664134694263339e-05
6.319700000000280852e+03 4.337048812885768712e-05
6.320600000000280488e+03 4.348476068116724491e-05
6.321500000000281034e+03 4.329557123128324747e-05
6.322400000000281580e+03 4.318784340284764767e-05
6.323300000000281216e+03 4.331130185164511204e-05
6.324200000000280852e+03 4.350357630755752325e-05
6.325100000000281398e+03 4.361837272881530225e-05
6.326000000000281943e+03 4.364037886261940002e-05
6.326900000000281580e+03 4.357434227131307125e-05
6.327800000000281216e+03 4.353385520516894758e-05
6.328700000000281761e+03 4.356009230832569301e-05
6.329600000000282307e+03 4.354049087851308286e-05
6.330500000000281943e+03 4.353484473540447652e-05
6.331400000000281580e+03 4.366011125966906548e-05
6.332300000000282125e+03 4.376241849968209863e-05
6.333200000000282671e+03 4.364376582088880241e-05
6.334100000000282307e+03 4.322483437135815620e-05
6.335000000000281943e+03 4.267699114279821515e-05
6.335900000000282489e+03 4.245204763719812036e-05
6.336800000000283035e+03 4.272146543371491134e-05
6.337700000000282671e+03 4.316975537221878767e-05
6.338600000000282307e+03 4.345346314948983490e-05
6.339500000000282853e+03 4.357447323855012655e-05
6.340400000000283399e+03 4.363834887044504285e-05
6.341300000000283035e+03 4.367163273855112493e-05
6.342200000000282671e+03 4.359500235295854509e-05
6.343100000000283217e+03 4.334888217272236943e-05
6.344000000000283762e+03 4.316685226513072848e-05
6.344900000000283399e+03 4.322651511756703258e-05
6.345800000000283035e+03 4.335823177825659513e-05
6.346700000000283580e+03 4.343766704550944269e-05
6.347600000000284126e+03 4.351879397290758789e-05
6.348500000000283762e+03 4.360405728220939636e-05
6.349400000000283399e+03 4.360839739092625678e-05
6.350300000000283944e+03 4.355752389528788626e-05
6.351200000000284490e+03 4.353756594355218112e-05
6.352100000000284126e+03 4.351117968326434493e-05
6.353000000000283762e+03 4.342221654951572418e-05
6.353900000000284308e+03 4.321943197282962501e-05
6.354800000000284854e+03 4.302842353354208171e-05
6.355700000000284490e+03 4.306199116399511695e-05
6.356600000000284126e+03 4.307954441173933446e-05
6.357500000000284672e+03 4.282359077478758991e-05
6.358400000000285218e+03 4.257123873685486615e-05
6.359300000000284854e+03 4.267439726390875876e-05
6.360200000000284490e+03 4.295965118217281997e-05
6.361100000000285036e+03 4.305207039578817785e-05
6.362000000000285581e+03 4.295703547541052103e-05
6.362900000000285218e+03 4.286586772650480270e-05
6.363800000000284854e+03 4.290275683160871267e-05
6.364700000000285399e+03 4.302559682400897145e-05
6.365600000000285945e+03 4.313710815040394664e-05
6.366500000000285581e+03 4.321596497902646661e-05
6.367400000000285218e+03 4.323665780248120427e-05
6.368300000000285763e+03 4.315291153034195304e-05
6.369200000000286309e+03 4.306350456317886710e-05
6.370100000000285945e+03 4.306929986341856420e-05
6.371000000000285581e+03 4.315989644965156913e-05
6.371900000000286127e+03 4.329641524236649275e-05
6.372800000000286673e+03 4.338145663496106863e-05
6.373700000000286309e+03 4.336318306741304696e-05
6.374600000000285945e+03 4.329700459493324161e-05
6.375500000000286491e+03 4.325405825511552393e-05
6.376400000000287037e+03 4.323848770582117140e-05
6.377300000000286673e+03 4.320101288612931967e-05
6.378200000000286309e+03 4.313861791160888970e-05
6.379100000000286855e+03 4.305713446228764951e-05
6.380000000000287400e+03 4.294745303923264146e-05
6.380900000000287037e+03 4.289192656870000064e-05
6.381800000000286673e+03 4.294098107493482530e-05
6.382700000000287218e+03 4.303643072489649057e-05
6.383600000000287764e+03 4.308647839934565127e-05
6.384500000000287400e+03 4.308867210056632757e-05
6.385400000000287037e+03 4.311002703616395593e-05
6.386300000000287582e+03 4.314043690101243556e-05
6.387200000000288128e+03 4.313862518756650388e-05
6.388100000000287764e+03 4.311472730478271842e-05
6.389000000000287400e+03 4.312119926908053458e-05
6.389900000000287946e+03 4.317366983741521835e-05
6.390800000000288492e+03 4.315570913604460657e-05
6.391700000000288128e+03 4.285740214982070029e-05
6.392600000000287764e+03 4.226716919220052660e-05
6.393500000000288310e+03 4.194986468064598739e-05
6.394400000000288856e+03 4.234300286043435335e-05
6.395300000000288492e+03 4.299339707358740270e-05
6.396200000000288128e+03 4.333828837843611836e-05
6.397100000000288674e+03 4.337197242421098053e-05
6.398000000000289219e+03 4.310702934162691236e-05
6.398900000000288856e+03 4.240922135068103671e-05
6.399800000000288492e+03 4.176652873866260052e-05
6.400700000000289037e+03 4.197216912871226668e-05
6.401600000000289583e+03 4.276410982129164040e-05
6.402500000000289219e+03 4.332273238105699420e-05
6.403400000000288856e+03 4.347061985754407942e-05
6.404300000000289401e+03 4.345054185250774026e-05
6.405200000000289947e+03 4.341641397331841290e-05
6.406100000000289583e+03 4.330730371293611825e-05
6.407000000000289219e+03 4.308183997636660933e-05
6.407900000000289765e+03 4.293538586352951825e-05
6.408800000000290311e+03 4.306052505853585899e-05
6.409700000000289947e+03 4.315565820434130728e-05
6.410600000000289583e+03 4.289885328034870327e-05
6.411500000000290129e+03 4.266157702659256756e-05
6.412400000000290675e+03 4.284554961486719549e-05
6.413300000000290311e+03 4.320242078392766416e-05
6.414200000000289947e+03 4.337247446528635919e-05
6.415100000000290493e+03 4.336936399340629578e-05
6.416000000000291038e+03 4.334245750214904547e-05
6.416900000000290675e+03 4.334045297582633793e-05
6.417800000000290311e+03 4.335420089773833752e-05
6.418700000000290856e+03 4.325751433498226106e-05
6.419600000000291402e+03 4.286452167434617877e-05
6.420500000000291038e+03 4.236846143612638116e-05
6.421400000000290675e+03 4.230022022966295481e-05
6.422300000000291220e+03 4.283177258912473917e-05
6.423200000000291766e+03 4.340288796811364591e-05
6.424100000000291402e+03 4.359203376225195825e-05
6.425000000000291038e+03 4.358176011010073125e-05
6.425900000000291584e+03 4.358682053862139583e-05
6.426800000000292130e+03 4.358225487521849573e-05
6.427700000000291766e+03 4.355826240498572588e-05
6.428600000000291402e+03 4.339467341196723282e-05
6.429500000000291948e+03 4.292471930966712534e-05
6.430400000000292493e+03 4.238764449837617576e-05
6.431300000000292130e+03 4.233340587234124541e-05
6.432200000000291766e+03 4.275035826140083373e-05
6.433100000000292312e+03 4.313494719099253416e-05
6.434000000000292857e+03 4.332590106059797108e-05
6.434900000000292493e+03 4.342416650615632534e-05
6.435800000000292130e+03 4.345079287304542959e-05
6.436700000000292675e+03 4.325722693465650082e-05
6.437600000000293221e+03 4.262153743184171617e-05
6.438500000000292857e+03 4.181427721050567925e-05
6.439400000000292493e+03 4.172070839558728039e-05
6.440300000000293039e+03 4.247044125804677606e-05
6.441200000000293585e+03 4.320204243413172662e-05
6.442100000000293221e+03 4.344503031461499631e-05
6.443000000000292857e+03 4.345514389569871128e-05
6.443900000000293403e+03 4.347779395175166428e-05
6.444800000000293949e+03 4.351320239948108792e-05
6.445700000000293585e+03 4.353495023678988218e-05
6.446600000000293221e+03 4.349726805230602622e-05
6.447500000000293767e+03 4.328664363129064441e-05
6.448400000000294312e+03 4.276879553799517453e-05
6.449300000000293949e+03 4.216628440190106630e-05
6.450200000000293585e+03 4.210145561955869198e-05
6.451100000000294131e+03 4.263298251316882670e-05
6.452000000000294676e+03 4.314379111747257411e-05
6.452900000000294312e+03 4.335449557402171195e-05
6.453800000000293949e+03 4.328268551034852862e-05
6.454700000000294494e+03 4.295157123124226928e-05
6.455600000000295040e+03 4.261040157871320844e-05
6.456500000000294676e+03 4.263156370143406093e-05
6.457400000000294312e+03 4.296570477890782058e-05
6.458300000000294858e+03 4.321420055930502713e-05
6.459200000000295404e+03 4.327428541728295386e-05
6.460100000000295040e+03 4.308633288019336760e-05
6.461000000000294676e+03 4.239426198182627559e-05
6.461900000000295222e+03 4.139932207181118429e-05
6.462800000000295768e+03 4.107799759367480874e-05
6.463700000000295404e+03 4.179006646154448390e-05
6.464600000000295040e+03 4.263573282514698803e-05
6.465500000000295586e+03 4.303668174543417990e-05
6.466400000000296131e+03 4.315477053751237690e-05
6.467300000000295768e+03 4.315216938266530633e-05
6.468200000000295404e+03 4.307234485168009996e-05
6.469100000000295950e+03 4.293074380257166922e-05
6.470000000000296495e+03 4.267914118827320635e-05
6.470900000000296131e+03 4.235540109220892191e-05
6.471800000000295768e+03 4.227716271998360753e-05
6.472700000000296313e+03 4.259104025550186634e-05
6.473600000000296859e+03 4.285669638193212450e-05
6.474500000000296495e+03 4.278455890016630292e-05
6.475400000000296131e+03 4.264761082595214248e-05
6.476300000000296677e+03 4.274969251127913594e-05
6.477200000000297223e+03 4.293018355383537710e-05
6.478100000000296859e+03 4.292121957405470312e-05
6.479000000000296495e+03 4.282426743884570897e-05
6.479900000000297041e+03 4.269723649485968053e-05
6.480800000000297587e+03 4.242613431415520608e-05
6.481700000000297223e+03 4.211604391457512975e-05
6.482600000000296859e+03 4.208035534247756004e-05
6.483500000000297405e+03 4.230255217407830060e-05
6.484400000000297950e+03 4.252601866028271616e-05
6.485300000000297587e+03 4.262748552719131112e-05
6.486200000000297223e+03 4.266385076334699988e-05
6.487100000000297769e+03 4.266556061338633299e-05
6.488000000000298314e+03 4.265062671038322151e-05
6.488900000000297950e+03 4.260410423739813268e-05
6.489800000000297587e+03 4.250156780472025275e-05
6.490700000000298132e+03 4.235316373524256051e-05
6.491600000000298678e+03 4.210289989714510739e-05
6.492500000000298314e+03 4.157516741543076932e-05
6.493400000000297950e+03 4.067594272783026099e-05
6.494300000000298496e+03 3.994230792159214616e-05
6.495200000000299042e+03 3.989873948739841580e-05
6.496100000000298678e+03 4.024974259664304554e-05
6.497000000000298314e+03 4.066208566655404866e-05
6.497900000000298860e+03 4.105882908334024251e-05
6.498800000000299406e+03 4.127714055357500911e-05
6.499700000000299042e+03 4.153931149630807340e-05
6.500600000000298678e+03 4.202281343168579042e-05
6.501500000000299224e+03 4.242229260853491724e-05
6.502400000000299769e+03 4.258704211679287255e-05
6.503300000000299406e+03 4.262292713974602520e-05
6.504200000000299042e+03 4.263300434104166925e-05
6.505100000000299588e+03 4.264417657395824790e-05
6.506000000000300133e+03 4.266179166734218597e-05
6.506900000000299769e+03 4.267271287972107530e-05
6.507800000000299406e+03 4.264507515472359955e-05
6.508700000000299951e+03 4.261925278115086257e-05
6.509600000000300497e+03 4.262332367943599820e-05
6.510500000000300133e+03 4.259024717612192035e-05
6.511400000000299769e+03 4.251450081937946379e-05
6.512300000000300315e+03 4.243383591528981924e-05
6.513200000000300861e+03 4.238818291923962533e-05
6.514100000000300497e+03 4.229633486829698086e-05
6.515000000000300133e+03 4.210865154163911939e-05
6.515900000000300679e+03 4.194623033981770277e-05
6.516800000000301225e+03 4.188207458355464041e-05
6.517700000000300861e+03 4.189823448541574180e-05
6.518600000000300497e+03 4.195904693915508687e-05
6.519500000000301043e+03 4.212028215988539159e-05
6.520400000000301588e+03 4.229324986226856709e-05
6.521300000000301225e+03 4.234848893247544765e-05
6.522200000000300861e+03 4.230843842378817499e-05
6.523100000000301407e+03 4.225084558129310608e-05
6.524000000000301952e+03 4.225679003866389394e-05
6.524900000000301588e+03 4.227644967613741755e-05
6.525800000000301225e+03 4.223200812702998519e-05
6.526700000000301770e+03 4.216198794892989099e-05
6.527600000000302316e+03 4.213028296362608671e-05
6.528500000000301952e+03 4.216878733132034540e-05
6.529400000000301588e+03 4.220609116600826383e-05
6.530300000000302134e+03 4.214317596051841974e-05
6.531200000000302680e+03 4.201320189167745411e-05
6.532100000000302316e+03 4.190557228866964579e-05
6.533000000000301952e+03 4.187802551314234734e-05
6.533900000000302498e+03 4.191325569991022348e-05
6.534800000000303044e+03 4.196056761429645121e-05
6.535700000000302680e+03 4.198008537059649825e-05
6.536600000000302316e+03 4.194492066744714975e-05
6.537500000000302862e+03 4.189124229014851153e-05
6.538400000000303407e+03 4.188624370726756752e-05
6.539300000000303044e+03 4.190893741906620562e-05
6.540200000000302680e+03 4.189528408460319042e-05
6.541100000000303226e+03 4.180431278655305505e-05
6.542000000000303771e+03 4.166930375504307449e-05
6.542900000000303407e+03 4.153430199949070811e-05
6.543800000000303044e+03 4.133651964366436005e-05
6.544700000000303589e+03 4.096518023288808763e-05
6.545600000000304135e+03 4.046958201797679067e-05
6.546500000000303771e+03 4.030553463962860405e-05
6.547400000000303407e+03 4.061043364345096052e-05
6.548300000000303953e+03 4.089961657882668078e-05
6.549200000000304499e+03 4.092671224498189986e-05
6.550100000000304135e+03 4.077996709384024143e-05
6.551000000000303771e+03 4.059255661559291184e-05
6.551900000000304317e+03 4.042460568598471582e-05
6.552800000000304863e+03 4.025196540169417858e-05
6.553700000000304499e+03 4.005200753454118967e-05
6.554600000000304135e+03 3.981808913522399962e-05
6.555500000000304681e+03 3.957052467740140855e-05
6.556400000000305226e+03 3.933998959837481380e-05
6.557300000000304863e+03 3.906740312231704593e-05
6.558200000000304499e+03 3.861315417452715337e-05
6.559100000000305045e+03 3.790945629589259624e-05
6.560000000000305590e+03 3.647522680694237351e-05
6.560900000000305226e+03 3.296556315035559237e-05
6.561800000000304863e+03 2.752677755779586732e-05
6.562700000000305408e+03 2.444504025334026664e-05
6.563600000000305954e+03 2.718602081586141139e-05
6.564500000000305590e+03 3.263845428591594100e-05
6.565400000000305226e+03 3.628883496276102960e-05
6.566300000000305772e+03 3.780588303925469518e-05
6.567200000000306318e+03 3.852879672194831073e-05
6.568100000000305954e+03 3.893737812177278101e-05
6.569000000000305590e+03 3.918268339475616813e-05
6.569900000000306136e+03 3.947434379369951785e-05
6.570800000000306682e+03 3.973043567384593189e-05
6.571700000000306318e+03 3.978245149482972920e-05
6.572600000000305954e+03 3.971578917116858065e-05
6.573500000000306500e+03 3.971445039496757090e-05
6.574400000000307045e+03 3.987018135376274586e-05
6.575300000000306682e+03 4.020083360956050456e-05
6.576200000000306318e+03 4.060478386236354709e-05
6.577100000000306864e+03 4.085410546394996345e-05
6.578000000000307409e+03 4.095296026207506657e-05
6.578900000000307045e+03 4.098972931387834251e-05
6.579800000000306682e+03 4.097236887901090086e-05
6.580700000000307227e+03 4.094961332157254219e-05
6.581600000000307773e+03 4.102349703316576779e-05
6.582500000000307409e+03 4.118474680581130087e-05
6.583400000000307045e+03 4.131934474571608007e-05
6.584300000000307591e+03 4.136537609156221151e-05
6.585200000000308137e+03 4.131543028051964939e-05
6.586100000000307773e+03 4.123037797398865223e-05
6.587000000000307409e+03 4.127582724322564900e-05
6.587900000000307955e+03 4.141046156291849911e-05
6.588800000000308501e+03 4.146106221014633775e-05
6.589700000000308137e+03 4.147885920247063041e-05
6.590600000000307773e+03 4.141671524848788977e-05
6.591500000000308319e+03 4.097606506547890604e-05
6.592400000000308864e+03 4.025359521619975567e-05
6.593300000000308501e+03 3.991677658632397652e-05
6.594200000000308137e+03 4.036263635498471558e-05
6.595100000000308683e+03 4.106672713533043861e-05
6.596000000000309228e+03 4.145368802710436285e-05
6.596900000000308864e+03 4.153864938416518271e-05
6.597800000000308501e+03 4.147063737036660314e-05
6.598700000000309046e+03 4.141097815590910614e-05
6.599600000000309592e+03 4.148710286244750023e-05
6.600500000000309228e+03 4.161303877481259406e-05
6.601400000000308864e+03 4.169033127254806459e-05
6.602300000000309410e+03 4.169131716480478644e-05
6.603200000000309956e+03 4.156026261625811458e-05
6.604100000000309592e+03 4.137428913963958621e-05
6.605000000000309228e+03 4.131731111556291580e-05
6.605900000000309774e+03 4.135160270379856229e-05
6.606800000000310320e+03 4.133313632337376475e-05
6.607700000000309956e+03 4.120505400351248682e-05
6.608600000000309592e+03 4.105359766981564462e-05
6.609500000000310138e+03 4.114190232940018177e-05
6.610400000000310683e+03 4.142046236665919423e-05
6.611300000000310320e+03 4.158486626693047583e-05
6.612200000000309956e+03 4.156051363679580390e-05
6.613100000000310501e+03 4.151293614995665848e-05
6.614000000000311047e+03 4.155854912823997438e-05
6.614900000000310683e+03 4.160874959779903293e-05
6.615800000000310320e+03 4.158108640694990754e-05
6.616700000000310865e+03 4.152831388637423515e-05
6.617600000000311411e+03 4.149960295762866735e-05
6.618500000000311047e+03 4.151861867285333574e-05
6.619400000000310683e+03 4.154911948717199266e-05
6.620300000000311229e+03 4.152433757553808391e-05
6.621200000000311775e+03 4.146969513385556638e-05
6.622100000000311411e+03 4.144541526329703629e-05
6.623000000000311047e+03 4.143212572671473026e-05
6.623900000000311593e+03 4.135082781431265175e-05
6.624800000000312139e+03 4.123020698898471892e-05
6.625700000000311775e+03 4.121535312151536345e-05
6.626600000000311411e+03 4.128765067434869707e-05
6.627500000000311957e+03 4.134799382882192731e-05
6.628400000000312502e+03 4.137072755838744342e-05
6.629300000000312139e+03 4.138259100727736950e-05
6.630200000000311775e+03 4.139145312365144491e-05
6.631100000000312320e+03 4.133923357585445046e-05
6.632000000000312866e+03 4.122206883039325476e-05
6.632900000000312502e+03 4.112195529160089791e-05
6.633800000000312139e+03 4.110459849471226335e-05
6.634700000000312684e+03 4.118556535104289651e-05
6.635600000000313230e+03 4.126018757233396173e-05
6.636500000000312866e+03 4.128587170271202922e-05
6.637400000000312502e+03 4.130174420424737036e-05
6.638300000000313048e+03 4.131253808736801147e-05
6.639200000000313594e+03 4.132952017243951559e-05
6.640100000000313230e+03 4.136293136980384588e-05
6.641000000000312866e+03 4.136569623369723558e-05
6.641900000000313412e+03 4.117662683711387217e-05
6.642800000000313958e+03 4.080029248143546283e-05
6.643700000000313594e+03 4.066437031724490225e-05
6.644600000000313230e+03 4.093441020813770592e-05
6.645500000000313776e+03 4.122747850487940013e-05
6.646400000000314321e+03 4.132237154408358037e-05
6.647300000000313958e+03 4.132042522542178631e-05
6.648200000000313594e+03 4.130933666601777077e-05
6.649100000000314139e+03 4.127125794184394181e-05
6.650000000000314685e+03 4.120120502193458378e-05
6.650900000000314321e+03 4.113145405426621437e-05
6.651800000000313958e+03 4.110127338208258152e-05
6.652700000000314503e+03 4.111880480195395648e-05
6.653600000000315049e+03 4.116908166906796396e-05
6.654500000000314685e+03 4.119747245567850769e-05
6.655400000000314321e+03 4.115885531064122915e-05
6.656300000000314867e+03 4.109465953661128879e-05
6.657200000000315413e+03 4.109285873710177839e-05
6.658100000000315049e+03 4.111511225346475840e-05
6.659000000000314685e+03 4.111495945835486054e-05
6.659900000000315231e+03 4.109268775209784508e-05
6.660800000000315777e+03 4.103485844098031521e-05
6.661700000000315413e+03 4.083731619175523520e-05
6.662600000000315049e+03 4.051688665640540421e-05
6.663500000000315595e+03 4.039202030980959535e-05
6.664400000000316140e+03 4.061328945681452751e-05
6.665300000000315777e+03 4.085783439222723246e-05
6.666200000000315413e+03 4.091664959560148418e-05
6.667100000000315958e+03 4.088190689799375832e-05
6.668000000000316504e+03 4.088898276677355170e-05
6.668900000000316140e+03 4.094118412467651069e-05
6.669800000000315777e+03 4.098569479538127780e-05
6.670700000000316322e+03 4.099369107279926538e-05
6.671600000000316868e+03 4.094880205229856074e-05
6.672500000000316504e+03 4.089928916073404253e-05
6.673400000000316140e+03 4.088978676008991897e-05
6.674300000000316686e+03 4.090768925379961729e-05
6.675200000000317232e+03 4.091594018973410130e-05
6.676100000000316868e+03 4.069965507369488478e-05
6.677000000000316504e+03 4.016902312287129462e-05
6.677900000000317050e+03 3.979769462603144348e-05
6.678800000000317596e+03 4.004145375802181661e-05
6.679700000000317232e+03 4.049632843816652894e-05
6.680600000000316868e+03 4.067401823704130948e-05
6.681500000000317414e+03 4.068416819791309536e-05
6.682400000000317959e+03 4.073336822330020368e-05
6.683300000000317596e+03 4.080423605046235025e-05
6.684200000000317232e+03 4.081727820448577404e-05
6.685100000000317777e+03 4.078408892382867634e-05
6.686000000000318323e+03 4.079904465470463037e-05
6.686900000000317959e+03 4.084399552084505558e-05
6.687800000000317596e+03 4.083368185092695057e-05
6.688700000000318141e+03 4.082645682501606643e-05
6.689600000000318687e+03 4.081987208337523043e-05
6.690500000000318323e+03 4.078248821315355599e-05
6.691400000000317959e+03 4.074666503584012389e-05
6.692300000000318505e+03 4.075773176737129688e-05
6.693200000000319051e+03 4.078394340467639267e-05
6.694100000000318687e+03 4.075843025930225849e-05
6.695000000000318323e+03 4.073058516951277852e-05
6.695900000000318869e+03 4.072338924743235111e-05
6.696800000000319415e+03 4.071215153089724481e-05
6.697700000000319051e+03 4.071857256349176168e-05
6.698600000000318687e+03 4.072661613463424146e-05
6.699500000000319233e+03 4.076451295986771584e-05
6.700400000000319778e+03 4.082237137481570244e-05
6.701300000000319415e+03 4.083720341441221535e-05
6.702200000000319051e+03 4.076288678334094584e-05
6.703100000000319596e+03 4.063964661327190697e-05
6.704000000000320142e+03 4.061387153342366219e-05
6.704900000000319778e+03 4.070444992976263165e-05
6.705800000000319415e+03 4.077632547705434263e-05
6.706700000000319960e+03 4.074829121236689389e-05
6.707600000000320506e+03 4.070786235388368368e-05
6.708500000000320142e+03 4.073136005899868906e-05
6.709400000000319778e+03 4.072748197359032929e-05
6.710300000000320324e+03 4.068265843670815229e-05
6.711200000000320870e+03 4.069291753694415092e-05
6.712100000000320506e+03 4.069655915373004973e-05
6.713000000000320142e+03 4.062817242811433971e-05
6.713900000000320688e+03 4.051971336593851447e-05
6.714800000000321234e+03 4.041748252348043025e-05
6.715700000000320870e+03 4.027672548545524478e-05
6.716600000000320506e+03 3.998311512987129390e-05
6.717500000000321052e+03 3.976540028816089034e-05
6.718400000000321597e+03 3.990392360719852149e-05
6.719300000000321234e+03 4.021571294288150966e-05
6.720200000000320870e+03 4.039716441184282303e-05
6.721100000000321415e+03 4.043303852085955441e-05
6.722000000000321961e+03 4.043347507831640542e-05
6.722900000000321597e+03 4.045510650030337274e-05
6.723800000000321234e+03 4.046803951496258378e-05
6.724700000000321779e+03 4.045420064358040690e-05
6.725600000000322325e+03 4.041488864459097385e-05
6.726500000000321961e+03 4.040238127345219254e-05
6.727400000000321597e+03 4.043987792101688683e-05
6.728300000000322143e+03 4.046885806019417942e-05
6.729200000000322689e+03 4.046962567372247577e-05
6.730100000000322325e+03 4.048340997542254627e-05
6.731000000000321961e+03 4.049468043376691639e-05
6.731900000000322507e+03 4.049928611493669450e-05
6.732800000000323053e+03 4.049565905006602407e-05
6.733700000000322689e+03 4.044065644848160446e-05
6.734600000000322325e+03 4.037695907754823565e-05
6.735500000000322871e+03 4.039950727019459009e-05
6.736400000000323416e+03 4.045618698000907898e-05
6.737300000000323053e+03 4.047145193908363581e-05
6.738200000000322689e+03 4.040218846057541668e-05
6.739100000000323234e+03 4.029790579807013273e-05
6.740000000000323780e+03 4.029051342513412237e-05
6.740900000000323416e+03 4.033558434457518160e-05
6.741800000000323053e+03 4.029221963719464839e-05
6.742700000000323598e+03 4.022987195639871061e-05
6.743600000000324144e+03 4.027921750093810260e-05
6.744500000000323780e+03 4.040713974973186851e-05
6.745400000000323416e+03 4.049160997965373099e-05
6.746300000000323962e+03 4.044629895361140370e-05
6.747200000000324508e+03 4.032509241369552910e-05
6.748100000000324144e+03 4.014060323243029416e-05
6.749000000000323780e+03 3.991038465755991638e-05
6.749900000000324326e+03 3.980652400059625506e-05
6.750800000000324872e+03 3.996915256720967591e-05
6.751700000000324508e+03 4.023326255264692008e-05
6.752600000000324144e+03 4.036193422507494688e-05
6.753500000000324690e+03 4.042168075102381408e-05
6.754400000000325235e+03 4.044388333568349481e-05
6.755300000000324872e+03 4.040226849610917270e-05
6.756200000000324508e+03 4.040788189740851521e-05
6.757100000000325053e+03 4.045764944748952985e-05
6.758000000000325599e+03 4.044540401082485914e-05
6.758900000000325235e+03 4.041256761411204934e-05
6.759800000000324872e+03 4.039204577566124499e-05
6.760700000000325417e+03 4.038975384901277721e-05
6.761600000000325963e+03 4.039865234517492354e-05
6.762500000000325599e+03 4.042496584588661790e-05
6.763400000000325235e+03 4.043848093715496361e-05
6.764300000000325781e+03 4.039603663841262460e-05
6.765200000000326327e+03 4.030075433547608554e-05
6.766100000000325963e+03 4.010922202724032104e-05
6.767000000000325599e+03 3.984586146543733776e-05
6.767900000000326145e+03 3.976647349190898240e-05
6.768800000000326690e+03 3.994029611931182444e-05
6.769700000000326327e+03 4.011400233139283955e-05
6.770600000000325963e+03 4.014869409729726613e-05
6.771500000000326509e+03 4.016749517177231610e-05
6.772400000000327054e+03 4.022624125354923308e-05
6.773300000000326690e+03 4.027424438390880823e-05
6.774200000000326327e+03 4.032752985949628055e-05
6.775100000000326872e+03 4.038099723402410746e-05
6.776000000000327418e+03 4.043360240757465363e-05
6.776900000000327054e+03 4.044986781082116067e-05
6.777800000000326690e+03 4.041541978949680924e-05
6.778700000000327236e+03 4.041800639242865145e-05
6.779600000000327782e+03 4.042647196911275387e-05
6.780500000000327418e+03 4.034100493299774826e-05
6.781400000000327054e+03 4.020451888209208846e-05
6.782300000000327600e+03 4.009111944469623268e-05
6.783200000000328146e+03 4.002583227702416480e-05
6.784100000000327782e+03 4.001602428616024554e-05
6.785000000000327418e+03 4.002724017482250929e-05
6.785900000000327964e+03 4.004571746918372810e-05
6.786800000000328509e+03 4.005770097137428820e-05
6.787700000000328146e+03 4.009293479612097144e-05
6.788600000000327782e+03 4.014590376755222678e-05
6.789500000000328328e+03 4.017339597339741886e-05
6.790400000000328873e+03 4.019675907329656184e-05
6.791300000000328509e+03 4.018894469481892884e-05
6.792200000000328146e+03 4.014997102785855532e-05
6.793100000000328691e+03 4.010178599855862558e-05
6.794000000000329237e+03 4.008293399238027632e-05
6.794900000000328873e+03 4.011186319985426962e-05
6.795800000000328509e+03 4.013274883618578315e-05
6.796700000000329055e+03 4.014513251604512334e-05
6.797600000000329601e+03 4.016649108962155879e-05
6.798500000000329237e+03 4.020395499537698925e-05
6.799400000000328873e+03 4.024603549623861909e-05
6.800300000000329419e+03 4.025528687634505332e-05
6.801200000000329965e+03 4.025431917398236692e-05
6.802100000000329601e+03 4.023523069918155670e-05
6.803000000000329237e+03 4.019638072350062430e-05
6.803900000000329783e+03 4.016759339720010757e-05
6.804800000000330328e+03 4.011364217149093747e-05
6.805700000000329965e+03 4.001491834060288966e-05
6.806600000000329601e+03 3.994032522314228117e-05
6.807500000000330147e+03 3.995114821009337902e-05
6.808400000000330692e+03 3.998855027020908892e-05
6.809300000000330328e+03 3.996604573330841959e-05
6.810200000000329965e+03 3.995052611571736634e-05
6.811100000000330510e+03 3.998609099653549492e-05
6.812000000000331056e+03 4.003665162599645555e-05
6.812900000000330692e+03 4.004585571237839758e-05
6.813800000000330328e+03 3.997717794845812023e-05
6.814700000000330874e+03 3.987061063526198268e-05
6.815600000000331420e+03 3.983516216976568103e-05
6.816500000000331056e+03 3.988968092016875744e-05
6.817400000000330692e+03 3.993619975517503917e-05
6.818300000000331238e+03 3.993201244156807661e-05
6.819200000000331784e+03 3.991281118942424655e-05
6.820100000000331420e+03 3.992705751443281770e-05
6.821000000000331056e+03 3.997181920567527413e-05
6.821900000000331602e+03 4.000734406872652471e-05
6.822800000000332147e+03 4.001296838396228850e-05
6.823700000000331784e+03 4.000153421657159925e-05
6.824600000000331420e+03 4.000994158559478819e-05
6.825500000000331966e+03 4.004612856078892946e-05
6.826400000000332511e+03 4.001374327344819903e-05
6.827300000000332147e+03 3.991663834312930703e-05
6.828200000000331784e+03 3.989922333857975900e-05
6.829100000000332329e+03 3.998314787168055773e-05
6.830000000000332875e+03 4.003876529168337584e-05
6.830900000000332511e+03 3.999293039669282734e-05
6.831800000000332147e+03 3.993346763309091330e-05
6.832700000000332693e+03 3.995421866420656443e-05
6.833600000000333239e+03 3.997976091341115534e-05
6.834500000000332875e+03 3.996107261627912521e-05
6.835400000000332511e+03 3.995157021563500166e-05
6.836300000000333057e+03 3.993893187725916505e-05
6.837200000000333603e+03 3.990252298535779119e-05
6.838100000000333239e+03 3.982348061981610954e-05
6.839000000000332875e+03 3.972826380049809813e-05
6.839900000000333421e+03 3.965334326494485140e-05
6.840800000000333966e+03 3.961502807214856148e-05
6.841700000000333603e+03 3.967573502450250089e-05
6.842600000000333239e+03 3.978428503614850342e-05
6.843500000000333785e+03 3.986105366493575275e-05
6.844400000000334330e+03 3.991410630987957120e-05
6.845300000000333966e+03 3.993144855485297740e-05
6.846200000000333603e+03 3.995007500634528697e-05
6.847100000000334148e+03 3.998990723630413413e-05
6.848000000000334694e+03 4.000320768682286143e-05
6.848900000000334330e+03 3.995175939053297043e-05
6.849800000000333966e+03 3.985776857007294893e-05
6.850700000000334512e+03 3.980967085226438940e-05
6.851600000000335058e+03 3.981137706432491541e-05
6.852500000000334694e+03 3.980248948209919035e-05
6.853400000000334330e+03 3.977524465881288052e-05
6.854300000000334876e+03 3.970011312048882246e-05
6.855200000000335422e+03 3.964429197367280722e-05
6.856100000000335058e+03 3.966752410633489490e-05
6.857000000000334694e+03 3.971476326114498079e-05
6.857900000000335240e+03 3.977229789597913623e-05
6.858800000000335785e+03 3.978764652856625617e-05
6.859700000000335422e+03 3.975454092142172158e-05
6.860600000000335058e+03 3.968719829572364688e-05
6.861500000000335604e+03 3.961443508160300553e-05
6.862400000000336149e+03 3.964448842452839017e-05
6.863300000000335785e+03 3.979810571763664484e-05
6.864200000000335422e+03 3.989806646131910384e-05
6.865100000000335967e+03 3.980943802162073553e-05
6.866000000000336513e+03 3.968626333517022431e-05
6.866900000000336149e+03 3.969263343606144190e-05
6.867800000000335785e+03 3.976943480665795505e-05
6.868700000000336331e+03 3.980099427280947566e-05
6.869600000000336877e+03 3.977198502980172634e-05
6.870500000000336513e+03 3.969421959482133389e-05
6.871400000000336149e+03 3.961333641200326383e-05
6.872300000000336695e+03 3.966132499044761062e-05
6.873200000000337241e+03 3.977716914960183203e-05
6.874100000000336877e+03 3.982897396781481802e-05
6.875000000000336513e+03 3.984898285125382245e-05
6.875900000000337059e+03 3.980358451372012496e-05
6.876800000000337604e+03 3.967712109442800283e-05
6.877700000000337241e+03 3.967528027715161443e-05
6.878600000000336877e+03 3.977936285082250834e-05
6.879500000000337423e+03 3.980913606937974691e-05
6.880400000000337968e+03 3.970339821535162628e-05
6.881300000000337604e+03 3.960925459978170693e-05
6.882200000000337241e+03 3.959416426368989050e-05
6.883100000000337786e+03 3.960045432904735208e-05
6.884000000000338332e+03 3.966997246607206762e-05
6.884900000000337968e+03 3.971533078583888710e-05
6.885800000000337604e+03 3.966783333453349769e-05
6.886700000000338150e+03 3.969228782807476819e-05
6.887600000000338696e+03 3.976991865783929825e-05
6.888500000000338332e+03 3.977529195253737271e-05
6.889400000000337968e+03 3.971464684582315385e-05
6.890300000000338514e+03 3.967044540331698954e-05
6.891200000000339060e+03 3.971243131672963500e-05
6.892100000000338696e+03 3.974659193772822618e-05
6.893000000000338332e+03 3.974714491050690413e-05
6.893900000000338878e+03 3.974889114033430815e-05
6.894800000000339423e+03 3.972244667238555849e-05
6.895700000000339060e+03 3.968010787502862513e-05
6.896600000000338696e+03 3.964593997807241976e-05
6.897500000000339242e+03 3.959139939979650080e-05
6.898400000000339787e+03 3.953398481826297939e-05
6.899300000000339423e+03 3.949460733565501869e-05
6.900200000000339060e+03 3.948113953811116517e-05
6.901100000000339605e+03 3.948573430534452200e-05
6.902000000000340151e+03 3.952866609324701130e-05
6.902900000000339787e+03 3.963859853683970869e-05
6.903800000000339423e+03 3.976653897552751005e-05
6.904700000000339969e+03 3.983555870945565403e-05
6.905600000000340515e+03 3.984613431384786963e-05
6.906500000000340151e+03 3.983727219747379422e-05
6.907400000000339787e+03 3.984964496339671314e-05
6.908300000000340333e+03 3.989330434706062078e-05
6.909200000000340879e+03 3.988861499237827957e-05
6.910100000000340515e+03 3.980103429057635367e-05
6.911000000000340151e+03 3.972398917539976537e-05
6.911900000000340697e+03 3.967376323998905718e-05
6.912800000000341242e+03 3.952999031753279269e-05
6.913700000000340879e+03 3.935704080504365265e-05
6.914600000000340515e+03 3.933408879674971104e-05
6.915500000000341061e+03 3.942187322536483407e-05
6.916400000000341606e+03 3.949409074266441166e-05
6.917300000000341242e+03 3.951049075112678111e-05
6.918200000000340879e+03 3.951535472879186273e-05
6.919100000000341424e+03 3.953994018957018852e-05
6.920000000000341970e+03 3.964065399486571550e-05
6.920900000000341606e+03 3.975105573772452772e-05
6.921800000000341242e+03 3.974652281613089144e-05
6.922700000000341788e+03 3.964102506870403886e-05
6.923600000000342334e+03 3.955236024921759963e-05
6.924500000000341970e+03 3.955405190936289728e-05
6.925400000000341606e+03 3.964715870097279549e-05
6.926300000000342152e+03 3.974260107497684658e-05
6.927200000000342698e+03 3.975977233494631946e-05
6.928100000000342334e+03 3.973682396463118494e-05
6.929000000000341970e+03 3.974798892159014940e-05
6.929900000000342516e+03 3.977461165050044656e-05
6.930800000000343061e+03 3.979478424298577011e-05
6.931700000000342698e+03 3.978287713835015893e-05
6.932600000000342334e+03 3.972024933318607509e-05
6.933500000000342880e+03 3.968469900428317487e-05
6.934400000000343425e+03 3.972571357735432684e-05
6.935300000000343061e+03 3.980478504672646523e-05
6.936200000000342698e+03 3.989091055700555444e-05
6.937100000000343243e+03 3.992874189862050116e-05
6.938000000000343789e+03 3.987272793892771006e-05
6.938900000000343425e+03 3.982084308518096805e-05
6.939800000000343061e+03 3.986245064879767597e-05
6.940700000000343607e+03 3.993738573626615107e-05
6.941600000000344153e+03 3.995004226453602314e-05
6.942500000000343789e+03 3.987126183346845210e-05
6.943400000000343425e+03 3.963902418036013842e-05
6.944300000000343971e+03 3.936149369110353291e-05
6.945200000000344517e+03 3.932919207727536559e-05
6.946100000000344153e+03 3.957288208766840398e-05
6.947000000000343789e+03 3.979196480941027403e-05
6.947900000000344335e+03 3.982238558819517493e-05
6.948800000000344880e+03 3.976725929533131421e-05
6.949700000000344517e+03 3.976305015385150909e-05
6.950600000000344153e+03 3.978483437094837427e-05
6.951500000000344698e+03 3.975568324676714838e-05
6.952400000000345244e+03 3.968440796597860754e-05
6.953300000000344880e+03 3.962734263041056693e-05
6.954200000000344517e+03 3.964640563935972750e-05
6.955100000000345062e+03 3.972018384956754744e-05
6.956000000000345608e+03 3.978059976361691952e-05
6.956900000000345244e+03 3.980040855822153389e-05
6.957800000000344880e+03 3.978933455073274672e-05
6.958700000000345426e+03 3.978862514486536384e-05
6.959600000000345972e+03 3.979139000875875354e-05
6.960500000000345608e+03 3.980566543759778142e-05
6.961400000000345244e+03 3.984286740887910128e-05
6.962300000000345790e+03 3.987541640526615083e-05
6.963200000000346336e+03 3.988548996858298779e-05
6.964100000000345972e+03 3.985017247032374144e-05
6.965000000000345608e+03 3.980347173637710512e-05
6.965900000000346154e+03 3.976350490120239556e-05
6.966800000000346699e+03 3.977557571488432586e-05
6.967700000000346336e+03 3.982656562584452331e-05
6.968600000000345972e+03 3.980423207394778728e-05
6.969500000000346517e+03 3.971137266489677131e-05
6.970400000000347063e+03 3.964925053878687322e-05
6.971300000000346699e+03 3.964906136388890445e-05
6.972200000000346336e+03 3.968706005252897739e-05
6.973100000000346881e+03 3.971431215177290142e-05
6.974000000000347427e+03 3.966122312704101205e-05
6.974900000000347063e+03 3.960142203141003847e-05
6.975800000000346699e+03 3.953881969209760427e-05
6.976700000000347245e+03 3.933261177735403180e-05
6.977600000000347791e+03 3.900844603776931763e-05
6.978500000000347427e+03 3.883111276081763208e-05
6.979400000000347063e+03 3.903246397385373712e-05
6.980300000000347609e+03 3.939885573345236480e-05
6.981200000000348155e+03 3.961350375902839005e-05
6.982100000000347791e+03 3.968847158830612898e-05
6.983000000000347427e+03 3.971694968640804291e-05
6.983900000000347973e+03 3.974683568230830133e-05
6.984800000000348518e+03 3.978873064625076950e-05
6.985700000000348155e+03 3.976452353526838124e-05
6.986600000000347791e+03 3.964933785027824342e-05
6.987500000000348336e+03 3.954914063797332346e-05
6.988400000000348882e+03 3.954784915549680591e-05
6.989300000000348518e+03 3.961987749789841473e-05
6.990200000000348155e+03 3.969231693190522492e-05
6.991100000000348700e+03 3.972562262788414955e-05
6.992000000000349246e+03 3.975954314228147268e-05
6.992900000000348882e+03 3.978382301284000278e-05
6.993800000000348518e+03 3.977808592026121914e-05
6.994700000000349064e+03 3.978202221333049238e-05
6.995600000000349610e+03 3.982144698966294527e-05
6.996500000000349246e+03 3.984706199844367802e-05
6.997400000000348882e+03 3.981151530751958489e-05
6.998300000000349428e+03 3.971584737882949412e-05
6.999200000000349974e+03 3.961377660743892193e-05
7.000100000000349610e+03 3.960123285651206970e-05
7.001000000000349246e+03 3.965879659517668188e-05
7.001900000000349792e+03 3.970032412325963378e-05
7.002800000000350337e+03 3.969239332946017385e-05
7.003700000000349974e+03 3.966087751905433834e-05
7.004600000000349610e+03 3.963308699894696474e-05
7.005500000000350155e+03 3.962993650930002332e-05
7.006400000000350701e+03 3.966376971220597625e-05
7.007300000000350337e+03 3.969885437982156873e-05
7.008200000000349974e+03 3.973141792812384665e-05
7.009100000000350519e+03 3.973855200456455350e-05
7.010000000000351065e+03 3.971362093579955399e-05
7.010900000000350701e+03 3.969578028772957623e-05
7.011800000000350337e+03 3.972859121859073639e-05
7.012700000000350883e+03 3.975978324888274074e-05
7.013600000000351429e+03 3.967874727095477283e-05
7.014500000000351065e+03 3.944728814531117678e-05
7.015400000000350701e+03 3.918591391993686557e-05
7.016300000000351247e+03 3.910669693141244352e-05
7.017200000000351793e+03 3.933238986064679921e-05
7.018100000000351429e+03 3.964850839111022651e-05
7.019000000000351065e+03 3.982040288974530995e-05
7.019900000000351611e+03 3.980916517321020365e-05
7.020800000000352156e+03 3.970279431086964905e-05
7.021700000000351793e+03 3.957596709369681776e-05
7.022600000000351429e+03 3.946803190046921372e-05
7.023500000000351974e+03 3.943532283301465213e-05
7.024400000000352520e+03 3.949502206523902714e-05
7.025300000000352156e+03 3.961085894843563437e-05
7.026200000000351793e+03 3.971115074818953872e-05
7.027100000000352338e+03 3.973630737164057791e-05
7.028000000000352884e+03 3.973812272306531668e-05
7.028900000000352520e+03 3.978294989792630076e-05
7.029800000000352156e+03 3.982447378803044558e-05
7.030700000000352702e+03 3.979922621510922909e-05
7.031600000000353248e+03 3.972855120082385838e-05
7.032500000000352884e+03 3.967922748415730894e-05
7.033400000000352520e+03 3.967070369981229305e-05
7.034300000000353066e+03 3.970780016970820725e-05
7.035200000000353612e+03 3.976161679020151496e-05
7.036100000000353248e+03 3.973547063651494682e-05
7.037000000000352884e+03 3.960991671192459762e-05
7.037900000000353430e+03 3.947890218114480376e-05
7.038800000000353975e+03 3.951150210923515260e-05
7.039700000000353612e+03 3.970785837736912072e-05
7.040600000000353248e+03 3.991413905168883502e-05
7.041500000000353793e+03 4.006078597740270197e-05
7.042400000000354339e+03 4.014453952549956739e-05
7.043300000000353975e+03 4.012307545053772628e-05
7.044200000000353612e+03 4.002921923529356718e-05
7.045100000000354157e+03 3.999357068096287549e-05
7.046000000000354703e+03 4.001356501248665154e-05
7.046900000000354339e+03 4.007048119092360139e-05
7.047800000000353975e+03 4.011934288428165019e-05
7.048700000000354521e+03 4.009647454950027168e-05
7.049600000000355067e+03 4.004110087407752872e-05
7.050500000000354703e+03 3.997856401838362217e-05
7.051400000000354339e+03 3.985508010373450816e-05
7.052300000000354885e+03 3.965574069297872484e-05
7.053200000000355431e+03 3.940979513572528958e-05
7.054100000000355067e+03 3.919506707461550832e-05
7.055000000000354703e+03 3.918196671293117106e-05
7.055900000000355249e+03 3.936533539672382176e-05
7.056800000000355794e+03 3.953889245167374611e-05
7.057700000000355431e+03 3.960528920288197696e-05
7.058600000000355067e+03 3.953577470383606851e-05
7.059500000000355612e+03 3.939165617339313030e-05
7.060400000000356158e+03 3.926543649868108332e-05
7.061300000000355794e+03 3.920727976947091520e-05
7.062200000000355431e+03 3.922502219211310148e-05
7.063100000000355976e+03 3.930068487534299493e-05
7.064000000000356522e+03 3.936464418075047433e-05
7.064900000000356158e+03 3.933960761060006917e-05
7.065800000000355794e+03 3.927514626411721110e-05
7.066700000000356340e+03 3.925505370716564357e-05
7.067600000000356886e+03 3.921752431779168546e-05
7.068500000000356522e+03 3.920490053133107722e-05
7.069400000000356158e+03 3.924715201719664037e-05
7.070300000000356704e+03 3.928061778424307704e-05
7.071200000000357250e+03 3.927944999304600060e-05
7.072100000000356886e+03 3.928209480363875628e-05
7.073000000000356522e+03 3.930477032554335892e-05
7.073900000000357068e+03 3.930257662432268262e-05
7.074800000000357613e+03 3.925184137187898159e-05
7.075700000000357250e+03 3.917922367691062391e-05
7.076600000000356886e+03 3.913817272405140102e-05
7.077500000000357431e+03 3.912861575372517109e-05
7.078400000000357977e+03 3.911458406946621835e-05
7.079300000000357613e+03 3.909541919711045921e-05
7.080200000000357250e+03 3.909758015652187169e-05
7.081100000000357795e+03 3.907558493665419519e-05
7.082000000000358341e+03 3.893566827173344791e-05
7.082900000000357977e+03 3.870661748806014657e-05
7.083800000000357613e+03 3.848188862320967019e-05
7.084700000000358159e+03 3.839004057226702571e-05
7.085600000000358705e+03 3.839461714960634708e-05
7.086500000000358341e+03 3.825098247034475207e-05
7.087400000000357977e+03 3.795892189373262227e-05
7.088300000000358523e+03 3.777711026486940682e-05
7.089200000000359069e+03 3.772754280362278223e-05
7.090100000000358705e+03 3.774257129407487810e-05
7.091000000000358341e+03 3.781730265473015606e-05
7.091900000000358887e+03 3.784838190767914057e-05
7.092800000000359432e+03 3.778503378271125257e-05
7.093700000000359069e+03 3.772375930566340685e-05
7.094600000000358705e+03 3.768028545891866088e-05
7.095500000000359250e+03 3.764730718103237450e-05
7.096400000000359796e+03 3.775300137931481004e-05
7.097300000000359432e+03 3.807227767538279295e-05
7.098200000000359069e+03 3.843798913294449449e-05
7.099100000000359614e+03 3.862598168780095875e-05
7.100000000000360160e+03 3.863541496684774756e-05
7.100900000000359796e+03 3.861198274535126984e-05
7.101800000000359432e+03 3.862125231535173953e-05
7.102700000000359978e+03 3.864754762616939843e-05
7.103600000000360524e+03 3.869164356729015708e-05
7.104500000000360160e+03 3.872935121762566268e-05
7.105400000000359796e+03 3.873407331411726773e-05
7.106300000000360342e+03 3.872237721225246787e-05
7.107200000000360887e+03 3.873039895552210510e-05
7.108100000000360524e+03 3.873334571835584939e-05
7.109000000000360160e+03 3.868783460347913206e-05
7.109900000000360706e+03 3.858665149891749024e-05
7.110800000000361251e+03 3.852116424241103232e-05
7.111700000000360887e+03 3.858593117911368608e-05
7.112600000000360524e+03 3.871352964779362082e-05
7.113500000000361069e+03 3.878771531162783504e-05
7.114400000000361615e+03 3.878945426549762487e-05
7.115300000000361251e+03 3.878631468978710473e-05
7.116200000000360887e+03 3.881051816279068589e-05
7.117100000000361433e+03 3.882290548062883317e-05
7.118000000000361979e+03 3.881043085129931569e-05
7.118900000000361615e+03 3.877792914863675833e-05
7.119800000000361251e+03 3.871444278047420084e-05
7.120700000000361797e+03 3.862525409203954041e-05
7.121600000000362343e+03 3.857525371131487191e-05
7.122500000000361979e+03 3.859305070363916457e-05
7.123400000000361615e+03 3.869918145937845111e-05
7.124300000000362161e+03 3.859687421936541796e-05
7.125200000000362706e+03 3.832389847957529128e-05
7.126100000000362343e+03 3.819198173005133867e-05
7.127000000000361979e+03 3.823334918706677854e-05
7.127900000000362525e+03 3.829403431154787540e-05
7.128800000000363070e+03 3.831137291854247451e-05
7.129700000000362706e+03 3.824121813522651792e-05
7.130600000000362343e+03 3.813206058111973107e-05
7.131500000000362888e+03 3.812672366620972753e-05
7.132400000000363434e+03 3.825261956080794334e-05
7.133300000000363070e+03 3.840361387119628489e-05
7.134200000000362706e+03 3.850287612294778228e-05
7.135100000000363252e+03 3.852357258438132703e-05
7.136000000000363798e+03 3.851250949082896113e-05
7.136900000000363434e+03 3.849928907584398985e-05
7.137800000000363070e+03 3.846733670798130333e-05
7.138700000000363616e+03 3.844893581117503345e-05
7.139600000000364162e+03 3.848146297968924046e-05
7.140500000000363798e+03 3.854809256154112518e-05
7.141400000000363434e+03 3.858380659949034452e-05
7.142300000000363980e+03 3.855804243357852101e-05
7.143200000000364525e+03 3.855581599054858088e-05
7.144100000000364162e+03 3.854713577311486006e-05
7.145000000000363798e+03 3.844522507279179990e-05
7.145900000000364344e+03 3.824117084150202572e-05
7.146800000000364889e+03 3.797938552452251315e-05
7.147700000000364525e+03 3.779929102165624499e-05
7.148600000000364162e+03 3.793377618421800435e-05
7.149500000000364707e+03 3.830523201031610370e-05
7.150400000000365253e+03 3.856799230561591685e-05
7.151300000000364889e+03 3.864844984491355717e-05
7.152200000000364525e+03 3.871125954901799560e-05
7.153100000000365071e+03 3.876235859934240580e-05
7.154000000000365617e+03 3.877003109664656222e-05
7.154900000000365253e+03 3.879129872075282037e-05
7.155800000000364889e+03 3.882396049448288977e-05
7.156700000000365435e+03 3.882239252561703324e-05
7.157600000000365981e+03 3.878074494423344731e-05
7.158500000000365617e+03 3.871399530908092856e-05
7.159400000000365253e+03 3.865140388370491564e-05
7.160300000000365799e+03 3.860884680761955678e-05
7.161200000000366344e+03 3.856291732518002391e-05
7.162100000000365981e+03 3.847837797366082668e-05
7.163000000000365617e+03 3.834290691884234548e-05
7.163900000000366163e+03 3.821297286776825786e-05
7.164800000000366708e+03 3.820950587396509945e-05
7.165700000000366344e+03 3.834268500213511288e-05
7.166600000000365981e+03 3.852152804029174149e-05
7.167500000000366526e+03 3.865160397253930569e-05
7.168400000000367072e+03 3.866461338475346565e-05
7.169300000000366708e+03 3.864963582600466907e-05
7.170200000000366344e+03 3.868291241815313697e-05
7.171100000000366890e+03 3.873476816806942225e-05
7.172000000000367436e+03 3.878005736623890698e-05
7.172900000000367072e+03 3.879301948472857475e-05
7.173800000000366708e+03 3.875493348459713161e-05
7.174700000000367254e+03 3.869512511300854385e-05
7.175600000000367800e+03 3.861686855088919401e-05
7.176500000000367436e+03 3.858230047626420856e-05
7.177400000000367072e+03 3.863602250930853188e-05
7.178300000000367618e+03 3.863520760205574334e-05
7.179200000000368163e+03 3.851706060231663287e-05
7.180100000000367800e+03 3.840757199213840067e-05
7.181000000000367436e+03 3.843545346171595156e-05
7.181900000000367982e+03 3.855574686895124614e-05
7.182800000000368527e+03 3.863039819407276809e-05
7.183700000000368163e+03 3.860172000713646412e-05
7.184600000000367800e+03 3.850381108350120485e-05
7.185500000000368345e+03 3.835541792795993388e-05
7.186400000000368891e+03 3.819067569565959275e-05
7.187300000000368527e+03 3.808776091318577528e-05
7.188200000000368163e+03 3.811503847828134894e-05
7.189100000000368709e+03 3.820206984528340399e-05
7.190000000000369255e+03 3.828900298685766757e-05
7.190900000000368891e+03 3.839765486191026866e-05
7.191800000000368527e+03 3.849514541798271239e-05
7.192700000000369073e+03 3.852046211250126362e-05
7.193600000000369619e+03 3.849663698929361999e-05
7.194500000000369255e+03 3.848088454105891287e-05
7.195400000000368891e+03 3.842476144200190902e-05
7.196300000000369437e+03 3.825647218036465347e-05
7.197200000000369982e+03 3.811030910583212972e-05
7.198100000000369619e+03 3.808952533290721476e-05
7.199000000000369255e+03 3.807406028499826789e-05
7.199900000000369801e+03 3.800591366598382592e-05
7.200800000000370346e+03 3.789997208514250815e-05
7.201700000000369982e+03 3.786458182730711997e-05
7.202600000000369619e+03 3.798726174863986671e-05
7.203500000000370164e+03 3.812216891674324870e-05
7.204400000000370710e+03 3.813755029113963246e-05
7.205300000000370346e+03 3.801600905717350543e-05
7.206200000000369982e+03 3.782705243793316185e-05
7.207100000000370528e+03 3.770739931496791542e-05
7.208000000000371074e+03 3.775245932047255337e-05
7.208900000000370710e+03 3.790828850469551980e-05
7.209800000000370346e+03 3.816321986960247159e-05
7.210700000000370892e+03 3.845765968435443938e-05
7.211600000000371438e+03 3.855641261907294393e-05
7.212500000000371074e+03 3.850095890811644495e-05
7.213400000000370710e+03 3.845254832413047552e-05
7.214300000000371256e+03 3.841012949123978615e-05
7.215200000000371801e+03 3.835137977148406208e-05
7.216100000000371438e+03 3.837130498141050339e-05
7.217000000000371074e+03 3.849215136142447591e-05
7.217900000000371620e+03 3.858420677715912461e-05
7.218800000000372165e+03 3.858322452288120985e-05
7.219700000000371801e+03 3.856923649436794221e-05
7.220600000000371438e+03 3.858761192532256246e-05
7.221500000000371983e+03 3.854824899462983012e-05
7.222400000000372529e+03 3.845816900138743222e-05
7.223300000000372165e+03 3.846713661914691329e-05
7.224200000000371801e+03 3.860965807689353824e-05
7.225100000000372347e+03 3.873507739626802504e-05
7.226000000000372893e+03 3.877185736200772226e-05
7.226900000000372529e+03 3.877066410495899618e-05
7.227800000000372165e+03 3.876391201629303396e-05
7.228700000000372711e+03 3.875334004987962544e-05
7.229600000000373257e+03 3.877271228702738881e-05
7.230500000000372893e+03 3.877809649566188455e-05
7.231400000000372529e+03 3.876137998304329813e-05
7.232300000000373075e+03 3.873870809911750257e-05
7.233200000000373620e+03 3.875088077620603144e-05
7.234100000000373257e+03 3.880266012856736779e-05
7.235000000000372893e+03 3.882753298967145383e-05
7.235900000000373439e+03 3.883306999341584742e-05
7.236800000000373984e+03 3.882864984916523099e-05
7.237700000000373620e+03 3.876750997733324766e-05
7.238600000000373257e+03 3.865133840008638799e-05
7.239500000000373802e+03 3.859715434373356402e-05
7.240400000000374348e+03 3.866545739583671093e-05
7.241300000000373984e+03 3.873063906212337315e-05
7.242200000000373620e+03 3.869076681439764798e-05
7.243100000000374166e+03 3.853283851640298963e-05
7.244000000000374712e+03 3.838246993836946785e-05
7.244900000000374348e+03 3.843711965600959957e-05
7.245800000000373984e+03 3.860714787151664495e-05
7.246700000000374530e+03 3.870817818096838892e-05
7.247600000000375076e+03 3.872544766636565328e-05
7.248500000000374712e+03 3.868255953420884907e-05
7.249400000000374348e+03 3.858060881611891091e-05
7.250300000000374894e+03 3.844729144475422800e-05
7.251200000000375439e+03 3.837920667137950659e-05
7.252100000000375076e+03 3.843292506644502282e-05
7.253000000000374712e+03 3.858151467284187675e-05
7.253900000000375258e+03 3.870913860737346113e-05
7.254800000000375803e+03 3.873957393807359040e-05
7.255700000000375439e+03 3.872054730891250074e-05
7.256600000000375076e+03 3.874215326504781842e-05
7.257500000000375621e+03 3.888333230861462653e-05
7.258400000000376167e+03 3.880951771861873567e-05
7.259300000000375803e+03 3.872541128657758236e-05
7.260200000000375439e+03 3.860328433802351356e-05
7.261100000000375985e+03 3.854824899462983012e-05
7.262000000000376531e+03 3.862545054289512336e-05
7.262900000000376167e+03 3.877547715092077851e-05
7.263800000000375803e+03 3.887410275638103485e-05
7.264700000000376349e+03 3.891867527272552252e-05
7.265600000000376895e+03 3.894513793056830764e-05
7.266500000000376531e+03 3.897451824741438031e-05
7.267400000000376167e+03 3.899417788488790393e-05
7.268300000000376713e+03 3.894536712323315442e-05
7.269200000000377258e+03 3.886979902745224535e-05
7.270100000000376895e+03 3.882402597810141742e-05
7.271000000000376531e+03 3.879795258399099112e-05
7.271900000000377077e+03 3.881331940647214651e-05
7.272800000000377622e+03 3.888819992425851524e-05
7.273700000000377258e+03 3.893051325576379895e-05
7.274600000000376895e+03 3.890090738423168659e-05
7.275500000000377440e+03 3.882566670654341578e-05
7.276400000000377986e+03 3.877554627251811326e-05
7.277300000000377622e+03 3.875586116919294000e-05
7.278200000000377258e+03 3.870550062856636941e-05
7.279100000000377804e+03 3.862923404085449874e-05
7.280000000000378350e+03 3.856679177260957658e-05
7.280900000000377986e+03 3.853060479741543531e-05
7.281800000000377622e+03 3.851481596939265728e-05
7.282700000000378168e+03 3.853399539366364479e-05
7.283600000000378714e+03 3.851463770843110979e-05
7.284500000000378350e+03 3.844642560579814017e-05
7.285400000000377986e+03 3.844965976895764470e-05
7.286300000000378532e+03 3.848910637316294014e-05
7.287200000000379077e+03 3.842451042146421969e-05
7.288100000000378714e+03 3.827239561360329390e-05
7.289000000000378350e+03 3.815668242168612778e-05
7.289900000000378895e+03 3.813638977590017021e-05
7.290800000000379441e+03 3.814303272520191967e-05
7.291700000000379077e+03 3.818767800112254918e-05
7.292600000000378714e+03 3.829852721537463367e-05
7.293500000000379259e+03 3.847767220577225089e-05
7.294400000000379805e+03 3.869196734740398824e-05
7.295300000000379441e+03 3.883204772137105465e-05
7.296200000000379077e+03 3.888255378114990890e-05
7.297100000000379623e+03 3.890293373842723668e-05
7.298000000000380169e+03 3.890155858243815601e-05
7.298900000000379805e+03 3.891085361829027534e-05
7.299800000000379441e+03 3.894833207596093416e-05
7.300700000000379987e+03 3.900548108504153788e-05
7.301600000000380533e+03 3.903454489773139358e-05
7.302500000000380169e+03 3.903696051565930247e-05
7.303400000000379805e+03 3.907675636583007872e-05
7.304300000000380351e+03 3.911208114004693925e-05
7.305200000000380896e+03 3.907300560967996716e-05
7.306100000000380533e+03 3.896902489941567183e-05
7.307000000000380169e+03 3.886886042892001569e-05
7.307900000000380714e+03 3.884056786773726344e-05
7.308800000000381260e+03 3.886995546054095030e-05
7.309700000000380896e+03 3.891405140166170895e-05
7.310600000000380533e+03 3.900568481185473502e-05
7.311500000000381078e+03 3.908904545824043453e-05
7.312400000000381624e+03 3.910171290044672787e-05
7.313300000000381260e+03 3.905508856405504048e-05
7.314200000000380896e+03 3.903273682226426899e-05
7.315100000000381442e+03 3.900808951584622264e-05
7.316000000000381988e+03 3.897288115695118904e-05
7.316900000000381624e+03 3.895407644449733198e-05
7.317800000000381260e+03 3.892308814101852477e-05
7.318700000000381806e+03 3.889929575962014496e-05
7.319600000000382352e+03 3.888970968546345830e-05
7.320500000000381988e+03 3.884781835949979722e-05
7.321400000000381624e+03 3.877206472679972649e-05
7.322300000000382170e+03 3.864593236357904971e-05
7.323200000000382715e+03 3.849116546916775405e-05
7.324100000000382352e+03 3.834098242805339396e-05
7.325000000000381988e+03 3.822706639766693115e-05
7.325900000000382533e+03 3.828031185548752546e-05
7.326800000000383079e+03 3.852974623441696167e-05
7.327700000000382715e+03 3.878553980030119419e-05
7.328600000000382352e+03 3.890010339091531932e-05
7.329500000000382897e+03 3.892576569342054427e-05
7.330400000000383443e+03 3.890799052896909416e-05
7.331300000000383079e+03 3.887705679517239332e-05
7.332200000000382715e+03 3.888336505042389035e-05
7.333100000000383261e+03 3.891138476319611073e-05
7.334000000000383807e+03 3.891968299285508692e-05
7.334900000000383443e+03 3.891132291755639017e-05
7.335800000000383079e+03 3.892486711265519261e-05
7.336700000000383625e+03 3.898906288668513298e-05
7.337600000000384171e+03 3.904837649315595627e-05
7.338500000000383807e+03 3.906368510797619820e-05
7.339400000000383443e+03 3.905002449755556881e-05
7.340300000000383989e+03 3.902555181412026286e-05
7.341200000000384534e+03 3.897484566550701857e-05
7.342100000000384171e+03 3.885463956976309419e-05
7.343000000000383807e+03 3.867901250487193465e-05
7.343900000000384352e+03 3.856751573039218783e-05
7.344800000000384898e+03 3.856970579363405704e-05
7.345700000000384534e+03 3.866560291498899460e-05
7.346600000000384171e+03 3.877301060128957033e-05
7.347500000000384716e+03 3.883371027768589556e-05
7.348400000000385262e+03 3.881707016262225807e-05
7.349300000000384898e+03 3.873561217915266752e-05
7.350200000000384534e+03 3.866006227326579392e-05
7.351100000000385080e+03 3.860388824250549078e-05
7.352000000000385626e+03 3.856851253658533096e-05
7.352900000000385262e+03 3.852709778584539890e-05
7.353800000000384898e+03 3.841208672383800149e-05
7.354700000000385444e+03 3.826065949397161603e-05
7.355600000000385990e+03 3.818422192125581205e-05
7.356500000000385626e+03 3.824563100351952016e-05
7.357400000000385262e+03 3.838839256786741316e-05
7.358300000000385808e+03 3.851910150842741132e-05
7.359200000000386353e+03 3.858311902149580419e-05
7.360100000000385990e+03 3.857126284856349230e-05
7.361000000000385626e+03 3.854427995975129306e-05
7.361900000000386171e+03 3.849855056614615023e-05
7.362800000000386717e+03 3.844230377580970526e-05
7.363700000000386353e+03 3.842154546873643994e-05
7.364600000000385990e+03 3.842941805487498641e-05
7.365500000000386535e+03 3.842909791273996234e-05
7.366400000000387081e+03 3.846233448712155223e-05
7.367300000000386717e+03 3.854326132568530738e-05
7.368200000000386353e+03 3.854018359561450779e-05
7.369100000000386899e+03 3.848160122288390994e-05
7.370000000000387445e+03 3.847837433568201959e-05
7.370900000000387081e+03 3.849041604553349316e-05
7.371800000000386717e+03 3.845161336357705295e-05
7.372700000000387263e+03 3.835660754702985287e-05
7.373600000000387809e+03 3.826788815786130726e-05
7.374500000000387445e+03 3.822968938038684428e-05
7.375400000000387081e+03 3.819237826974131167e-05
7.376300000000387627e+03 3.818052573478780687e-05
7.377200000000388172e+03 3.821134669124148786e-05
7.378100000000387809e+03 3.822673170361667871e-05
7.379000000000387445e+03 3.819088306045159698e-05
7.379900000000387990e+03 3.810119233094155788e-05
7.380800000000388536e+03 3.796969031100161374e-05
7.381700000000388172e+03 3.784391446970403194e-05
7.382600000000387809e+03 3.776686207856982946e-05
7.383500000000388354e+03 3.768734677578322589e-05
7.384400000000388900e+03 3.759436367545276880e-05
7.385300000000388536e+03 3.751431358978152275e-05
7.386200000000388172e+03 3.746756920008920133e-05
7.387100000000388718e+03 3.743757770280353725e-05
7.388000000000389264e+03 3.737116276170127094e-05
7.388900000000388900e+03 3.733146513695828617e-05
7.389800000000388536e+03 3.737377119250595570e-05
7.390700000000389082e+03 3.742585977306589484e-05
7.391600000000389628e+03 3.742470289580523968e-05
7.392500000000389264e+03 3.737982478924095631e-05
7.393400000000388900e+03 3.734815982170403004e-05
7.394300000000389446e+03 3.739754538401030004e-05
7.395200000000389991e+03 3.748570816242136061e-05
7.396100000000389628e+03 3.757073500310070813e-05
7.397000000000389264e+03 3.762479536817409098e-05
7.397900000000389809e+03 3.760423714993521571e-05
7.398800000000390355e+03 3.756337900995276868e-05
7.399700000000389991e+03 3.758724051294848323e-05
7.400600000000389628e+03 3.770621333387680352e-05
7.401500000000390173e+03 3.786192246479913592e-05
7.402400000000390719e+03 3.797025419771671295e-05
7.403300000000390355e+03 3.792962525039911270e-05
7.404200000000389991e+03 3.754792851395905018e-05
7.405100000000390537e+03 3.736282087629660964e-05
7.406000000000391083e+03 3.716440551215782762e-05
7.406900000000390719e+03 3.636400651885196567e-05
7.407800000000390355e+03 3.559111792128533125e-05
7.408700000000390901e+03 3.427246338105760515e-05
7.409600000000391447e+03 3.295927672297693789e-05
