3.540500000000000000e+03 3.291090251877903938e-05
3.541400000000000091e+03 3.179307168466039002e-05
3.542300000000000182e+03 3.184020897606387734e-05
3.543200000000000273e+03 3.280577584519051015e-05
3.544100000000000364e+03 3.344979995745234191e-05
3.545000000000000455e+03 3.336851295898668468e-05
3.545900000000000546e+03 3.320451651234179735e-05
3.546800000000000637e+03 3.276301504229195416e-05
3.547700000000000728e+03 3.236860720789991319e-05
3.548600000000000819e+03 3.284752165200188756e-05
3.549500000000000909e+03 3.377208486199378967e-05
3.550400000000001000e+03 3.396646206965669990e-05
3.551300000000001091e+03 3.324466524645686150e-05
3.552200000000001182e+03 3.214987009414471686e-05
3.553100000000001273e+03 3.112265039817430079e-05
3.554000000000001364e+03 3.068313162657432258e-05
3.554900000000001455e+03 3.128620664938353002e-05
3.555800000000001546e+03 3.206742985639721155e-05
3.556700000000001637e+03 3.213245508959516883e-05
3.557600000000001728e+03 3.170766649418510497e-05
3.558500000000001819e+03 3.130727782263420522e-05
3.559400000000001910e+03 3.117340384051203728e-05
3.560300000000002001e+03 3.132835990982130170e-05
3.561200000000002092e+03 3.195995304849930108e-05
3.562100000000002183e+03 3.326447767904028296e-05
3.563000000000002274e+03 3.382949580554850399e-05
3.563900000000002365e+03 3.157937317155301571e-05
3.564800000000002456e+03 2.765973295026924461e-05
3.565700000000002547e+03 2.537327782192733139e-05
3.566600000000002638e+03 2.604831570351962000e-05
3.567500000000002728e+03 2.741056960076093674e-05
3.568400000000002819e+03 2.678423334145918489e-05
3.569300000000002910e+03 2.495089756848756224e-05
3.570200000000003001e+03 2.413217225694097579e-05
3.571100000000003092e+03 2.486017001501750201e-05
3.572000000000003183e+03 2.661359394551254809e-05
3.572900000000003274e+03 2.781385228445287794e-05
3.573800000000003365e+03 2.842843605321832001e-05
3.574700000000003456e+03 2.854218291759025306e-05
3.575600000000003547e+03 2.894106000894680619e-05
3.576500000000003638e+03 2.968232365674339235e-05
3.577400000000003729e+03 2.959296944027300924e-05
3.578300000000003820e+03 2.861583743651863188e-05
3.579200000000003911e+03 2.732940265559591353e-05
3.580100000000004002e+03 2.472670348652172834e-05
3.581000000000004093e+03 2.197126195824239403e-05
3.581900000000004184e+03 2.242150003439746797e-05
3.582800000000004275e+03 2.525441777834203094e-05
3.583700000000004366e+03 2.582786510174628347e-05
3.584600000000004457e+03 2.316163772775325924e-05
3.585500000000004547e+03 2.075491647701710463e-05
3.586400000000004638e+03 2.075277006952092052e-05
3.587300000000004729e+03 2.232724909845273942e-05
3.588200000000004820e+03 2.394675721006933600e-05
3.589100000000004911e+03 2.513045001251157373e-05
3.590000000000005002e+03 2.756139110715594143e-05
3.590900000000005093e+03 3.102393384324386716e-05
3.591800000000005184e+03 3.259628647356294096e-05
3.592700000000005275e+03 3.157635001116432250e-05
3.593600000000005366e+03 3.060609742533415556e-05
3.594500000000005457e+03 3.131442281301133335e-05
3.595400000000005548e+03 3.294691123301163316e-05
3.596300000000005639e+03 3.448192728683352470e-05
3.597200000000005730e+03 3.530907997628673911e-05
3.598100000000005821e+03 3.539968747645616531e-05
3.599000000000005912e+03 3.566650411812588573e-05
3.599900000000006003e+03 3.632168954936787486e-05
3.600800000000006094e+03 3.558442404028028250e-05
3.601700000000006185e+03 3.268364525865763426e-05
3.602600000000006276e+03 2.985760511364787817e-05
3.603500000000006366e+03 2.878872874134685844e-05
3.604400000000006457e+03 2.838679938577115536e-05
3.605300000000006548e+03 2.813194441841915250e-05
3.606200000000006639e+03 2.902053529396653175e-05
3.607100000000006730e+03 2.956157186417840421e-05
3.608000000000006821e+03 2.759609196800738573e-05
3.608900000000006912e+03 2.503855284885503352e-05
3.609800000000007003e+03 2.502542702131904662e-05
3.610700000000007094e+03 2.735890848271083087e-05
3.611600000000007185e+03 2.938665238616522402e-05
3.612500000000007276e+03 2.908968781412113458e-05
3.613400000000007367e+03 2.820058398356195539e-05
3.614300000000007458e+03 2.967140790133271366e-05
3.615200000000007549e+03 3.237355849705636501e-05
3.616100000000007640e+03 3.309530075057409704e-05
3.617000000000007731e+03 3.049078804906457663e-05
3.617900000000007822e+03 2.566816874605137855e-05
3.618800000000007913e+03 2.266626142954919487e-05
3.619700000000008004e+03 2.412359026493504643e-05
3.620600000000008095e+03 2.751753709162585437e-05
3.621500000000008185e+03 3.049469887628220022e-05
3.622400000000008276e+03 3.244330218876712024e-05
3.623300000000008367e+03 3.216987897758372128e-05
3.624200000000008458e+03 3.167372051393613219e-05
3.625100000000008549e+03 3.381983333383686841e-05
3.626000000000008640e+03 3.704033224494196475e-05
3.626900000000008731e+03 3.833624941762536764e-05
3.627800000000008822e+03 3.778374230023473501e-05
3.628700000000008913e+03 3.642082447186112404e-05
3.629600000000009004e+03 3.299153104308061302e-05
3.630500000000009095e+03 2.726366255956236273e-05
3.631400000000009186e+03 2.381732520007062703e-05
3.632300000000009277e+03 2.523444527469109744e-05
3.633200000000009368e+03 2.778068846964742988e-05
3.634100000000009459e+03 2.859284177247900516e-05
3.635000000000009550e+03 2.898060120060108602e-05
3.635900000000009641e+03 3.014122376043815166e-05
3.636800000000009732e+03 3.136962550343014300e-05
3.637700000000009823e+03 3.275258859503082931e-05
3.638600000000009913e+03 3.466102134552784264e-05
3.639500000000010004e+03 3.605731762945652008e-05
3.640400000000010095e+03 3.609369741752743721e-05
3.641300000000010186e+03 3.484856642899103463e-05
3.642200000000010277e+03 3.286964056314900517e-05
3.643100000000010368e+03 3.119641405646689236e-05
3.644000000000010459e+03 2.991418114106636494e-05
3.644900000000010550e+03 2.909434806497301906e-05
3.645800000000010641e+03 2.930940900114364922e-05
3.646700000000010732e+03 2.911141200456768274e-05
3.647600000000010823e+03 2.784530988719779998e-05
3.648500000000010914e+03 2.769308048300445080e-05
3.649400000000011005e+03 2.884809509851038456e-05
3.650300000000011096e+03 3.025689329660963267e-05
3.651200000000011187e+03 3.188874688930809498e-05
3.652100000000011278e+03 3.404145900276489556e-05
3.653000000000011369e+03 3.565142105799168348e-05
3.653900000000011460e+03 3.588096296880394220e-05
3.654800000000011551e+03 3.561846096999943256e-05
3.655700000000011642e+03 3.600275886128656566e-05
3.656600000000011732e+03 3.700080196722410619e-05
3.657500000000011823e+03 3.793626092374324799e-05
3.658400000000011914e+03 3.844813909381628036e-05
3.659300000000012005e+03 3.825241583399474621e-05
3.660200000000012096e+03 3.773204298340715468e-05
3.661100000000012187e+03 3.756562364287674427e-05
3.662000000000012278e+03 3.687510252348147333e-05
3.662900000000012369e+03 3.539068711688742042e-05
3.663800000000012460e+03 3.459810614003799856e-05
3.664700000000012551e+03 3.545041909092105925e-05
3.665600000000012642e+03 3.644383104983717203e-05
3.666500000000012733e+03 3.630608625826425850e-05
3.667400000000012824e+03 3.569671389413997531e-05
3.668300000000012915e+03 3.426614784984849393e-05
3.669200000000013006e+03 3.230961010558530688e-05
3.670100000000013097e+03 3.241473677917383611e-05
3.671000000000013188e+03 3.510708120302297175e-05
3.671900000000013279e+03 3.752442353288643062e-05
3.672800000000013370e+03 3.757909144042059779e-05
3.673700000000013461e+03 3.661153823486529291e-05
3.674600000000013551e+03 3.680300869746133685e-05
3.675500000000013642e+03 3.716272112797014415e-05
3.676400000000013733e+03 3.548491076799109578e-05
3.677300000000013824e+03 3.306339567643590271e-05
3.678200000000013915e+03 3.203287997166626155e-05
3.679100000000014006e+03 3.136349550914019346e-05
3.680000000000014097e+03 3.094443673035129905e-05
3.680900000000014188e+03 3.219919381081126630e-05
3.681800000000014279e+03 3.387790638953447342e-05
3.682700000000014370e+03 3.477053178357891738e-05
3.683600000000014461e+03 3.505985660012811422e-05
3.684500000000014552e+03 3.400410423637367785e-05
3.685400000000014643e+03 3.179648047080263495e-05
3.686300000000014734e+03 2.981598117912653834e-05
3.687200000000014825e+03 2.884978857764508575e-05
3.688100000000014916e+03 2.995973409269936383e-05
3.689000000000015007e+03 3.274522896390408278e-05
3.689900000000015098e+03 3.562850906746461987e-05
3.690800000000015189e+03 3.811112401308491826e-05
3.691700000000015280e+03 3.931264291168190539e-05
3.692600000000015370e+03 3.815132731688208878e-05
3.693500000000015461e+03 3.606631071306765079e-05
3.694400000000015552e+03 3.560440018191002309e-05
3.695300000000015643e+03 3.631701110862195492e-05
3.696200000000015734e+03 3.606851532822474837e-05
3.697100000000015825e+03 3.571092383936047554e-05
3.698000000000015916e+03 3.738557643373496830e-05
3.698900000000016007e+03 4.029894989798776805e-05
3.699800000000016098e+03 4.189514584140852094e-05
3.700700000000016189e+03 4.128608270548284054e-05
3.701600000000016280e+03 3.954529893235303462e-05
3.702500000000016371e+03 3.679436485981568694e-05
3.703400000000016462e+03 3.294544148957356811e-05
3.704300000000016553e+03 2.936902455985546112e-05
3.705200000000016644e+03 2.768851300061214715e-05
3.706100000000016735e+03 2.843999391188845038e-05
3.707000000000016826e+03 3.014224057551473379e-05
3.707900000000016917e+03 3.070691673201508820e-05
3.708800000000017008e+03 3.061379175051115453e-05
3.709700000000017099e+03 3.148228643112815917e-05
3.710600000000017189e+03 3.311438922537490726e-05
3.711500000000017280e+03 3.441925218794494867e-05
3.712400000000017371e+03 3.658304194686934352e-05
3.713300000000017462e+03 4.013105717604048550e-05
3.714200000000017553e+03 4.238888504914939404e-05
3.715100000000017644e+03 4.178416565991938114e-05
3.716000000000017735e+03 4.087290290044620633e-05
3.716900000000017826e+03 4.074466414749622345e-05
3.717800000000017917e+03 3.875411130138672888e-05
3.718700000000018008e+03 3.370135164004750550e-05
3.719600000000018099e+03 2.781604598567355424e-05
3.720500000000018190e+03 2.392629903624765575e-05
3.721400000000018281e+03 2.281999695696868002e-05
3.722300000000018372e+03 2.488593054295051843e-05
3.723200000000018463e+03 2.982607111334800720e-05
3.724100000000018554e+03 3.507518340484239161e-05
3.725000000000018645e+03 3.876848495565354824e-05
3.725900000000018736e+03 3.911960084224119782e-05
3.726800000000018827e+03 3.571436172933317721e-05
3.727700000000018917e+03 3.368840043549425900e-05
3.728600000000019008e+03 3.609268605941906571e-05
3.729500000000019099e+03 3.810075577348470688e-05
3.730400000000019190e+03 3.668293356895446777e-05
3.731300000000019281e+03 3.398747139726765454e-05
3.732200000000019372e+03 3.047200152650475502e-05
3.733100000000019463e+03 2.552392288635019213e-05
3.734000000000019554e+03 2.133798079739790410e-05
3.734900000000019645e+03 2.035249599430244416e-05
3.735800000000019736e+03 2.186558231187518686e-05
3.736700000000019827e+03 2.409152330073993653e-05
3.737600000000019918e+03 2.770723767753224820e-05
3.738500000000020009e+03 3.253831528127193451e-05
3.739400000000020100e+03 3.663725510705262423e-05
3.740300000000020191e+03 3.914728222298435867e-05
3.741200000000020282e+03 3.936159191653132439e-05
3.742100000000020373e+03 3.723563713720068336e-05
3.743000000000020464e+03 3.423563612159341574e-05
3.743900000000020555e+03 3.212827141396701336e-05
3.744800000000020646e+03 3.037691931240260601e-05
3.745700000000020736e+03 2.850830605893861502e-05
3.746600000000020827e+03 2.777665395115036517e-05
3.747500000000020918e+03 2.616375604702625424e-05
3.748400000000021009e+03 2.225836942670866847e-05
3.749300000000021100e+03 1.991321369132492691e-05
3.750200000000021191e+03 2.259325992781668901e-05
3.751100000000021282e+03 2.853379919542931020e-05
3.752000000000021373e+03 3.359704714966937900e-05
3.752900000000021464e+03 3.667087003123015165e-05
3.753800000000021555e+03 3.982050111517310143e-05
3.754700000000021646e+03 4.315329351811669767e-05
3.755600000000021737e+03 4.413995702634565532e-05
3.756500000000021828e+03 4.059572165715508163e-05
3.757400000000021919e+03 3.410154022276401520e-05
3.758300000000022010e+03 2.986536128446459770e-05
3.759200000000022101e+03 3.076741268159821630e-05
3.760100000000022192e+03 3.395470776013098657e-05
3.761000000000022283e+03 3.615710011217743158e-05
3.761900000000022374e+03 3.707341966219246387e-05
3.762800000000022465e+03 3.672312959679402411e-05
3.763700000000022555e+03 3.612853834056295455e-05
3.764600000000022646e+03 3.709946759045124054e-05
3.765500000000022737e+03 3.737163933692499995e-05
3.766400000000022828e+03 3.482068495941348374e-05
3.767300000000022919e+03 3.274706614320166409e-05
3.768200000000023010e+03 3.326506339362822473e-05
3.769100000000023101e+03 3.324418139527551830e-05
3.770000000000023192e+03 3.128214302705600858e-05
3.770900000000023283e+03 3.129295510007068515e-05
3.771800000000023374e+03 3.490731251076795161e-05
3.772700000000023465e+03 3.880896838381886482e-05
3.773600000000023556e+03 4.020273991045542061e-05
3.774500000000023647e+03 3.990902769146487117e-05
3.775400000000023738e+03 3.993021528003737330e-05
3.776300000000023829e+03 4.080106373294256628e-05
3.777200000000023920e+03 4.171306136413477361e-05
3.778100000000024011e+03 4.230745980748906732e-05
3.779000000000024102e+03 4.374650234240107238e-05
3.779900000000024193e+03 4.591963443090207875e-05
3.780800000000024284e+03 4.691572758019901812e-05
3.781700000000024374e+03 4.646916568162851036e-05
3.782600000000024465e+03 4.628857641364447773e-05
3.783500000000024556e+03 4.724976679426617920e-05
3.784400000000024647e+03 4.737546623800881207e-05
3.785300000000024738e+03 4.396031727083027363e-05
3.786200000000024829e+03 3.931600076612085104e-05
3.787100000000024920e+03 3.737339284271001816e-05
3.788000000000025011e+03 3.699895751196891069e-05
3.788900000000025102e+03 3.617829133872874081e-05
3.789800000000025193e+03 3.595726957428269088e-05
3.790700000000025284e+03 3.757258673431351781e-05
3.791600000000025375e+03 3.899578223354183137e-05
3.792500000000025466e+03 3.787726382142864168e-05
3.793400000000025557e+03 3.509790985845029354e-05
3.794300000000025648e+03 3.266078056185506284e-05
3.795200000000025739e+03 3.145451410091482103e-05
3.796100000000025830e+03 3.030002881132531911e-05
3.797000000000025921e+03 2.747996768448501825e-05
3.797900000000026012e+03 2.491385384928435087e-05
3.798800000000026102e+03 2.602216954983305186e-05
3.799700000000026193e+03 3.068953810725361109e-05
3.800600000000026284e+03 3.560766708687879145e-05
3.801500000000026375e+03 3.870268119499087334e-05
3.802400000000026466e+03 4.132800313527695835e-05
3.803300000000026557e+03 4.380729660624638200e-05
3.804200000000026648e+03 4.477394395507872105e-05
3.805100000000026739e+03 4.388776142150163651e-05
3.806000000000026830e+03 4.163942867307923734e-05
3.806900000000026921e+03 3.975664731115102768e-05
3.807800000000027012e+03 4.052408985444344580e-05
3.808700000000027103e+03 4.335150151746347547e-05
3.809600000000027194e+03 4.575690400088205934e-05
3.810500000000027285e+03 4.667053508455865085e-05
3.811400000000027376e+03 4.586148133967071772e-05
3.812300000000027467e+03 4.296761107980273664e-05
3.813200000000027558e+03 3.908210419467650354e-05
3.814100000000027649e+03 3.633794040069915354e-05
3.815000000000027740e+03 3.474452387308701873e-05
3.815900000000027831e+03 3.486438436084426939e-05
3.816800000000027921e+03 3.782437852350994945e-05
3.817700000000028012e+03 4.068715861649252474e-05
3.818600000000028103e+03 3.963615745306015015e-05
3.819500000000028194e+03 3.506868233671411872e-05
3.820400000000028285e+03 3.195079261786304414e-05
3.821300000000028376e+03 3.394749728613533080e-05
3.822200000000028467e+03 3.782636485993862152e-05
3.823100000000028558e+03 3.795642260229215026e-05
3.824000000000028649e+03 3.410266799619421363e-05
3.824900000000028740e+03 3.050604391319211572e-05
3.825800000000028831e+03 2.943671279354020953e-05
3.826700000000028922e+03 2.986522304126992822e-05
3.827600000000029013e+03 3.015351103385910392e-05
3.828500000000029104e+03 3.023380850208923221e-05
3.829400000000029195e+03 3.089102028752677143e-05
3.830300000000029286e+03 3.138605825370177627e-05
3.831200000000029377e+03 2.962411053886171430e-05
3.832100000000029468e+03 2.598616083560045809e-05
3.833000000000029559e+03 2.328494701941963285e-05
3.833900000000029650e+03 2.218197914771735668e-05
3.834800000000029740e+03 2.228092853329144418e-05
3.835700000000029831e+03 2.382419188506901264e-05
3.836600000000029922e+03 2.560991924838162959e-05
3.837500000000030013e+03 2.583162131486460567e-05
3.838400000000030104e+03 2.556488470872864127e-05
3.839300000000030195e+03 2.642263825691770762e-05
3.840200000000030286e+03 2.805716940201818943e-05
3.841100000000030377e+03 3.103907147306017578e-05
3.842000000000030468e+03 3.543322236509993672e-05
3.842900000000030559e+03 3.867211489705368876e-05
3.843800000000030650e+03 3.991788980783894658e-05
3.844700000000030741e+03 3.999669934273697436e-05
3.845600000000030832e+03 3.971704427385702729e-05
3.846500000000030923e+03 4.055615499964915216e-05
3.847400000000031014e+03 4.229036858305335045e-05
3.848300000000031105e+03 4.227550016366876662e-05
3.849200000000031196e+03 3.993563586845993996e-05
3.850100000000031287e+03 3.860505967168137431e-05
3.851000000000031378e+03 4.045456807943992317e-05
3.851900000000031469e+03 4.292820813134312630e-05
3.852800000000031559e+03 4.319463187130168080e-05
3.853700000000031650e+03 4.213246575091034174e-05
3.854600000000031741e+03 4.097047349205240607e-05
3.855500000000031832e+03 3.955231295549310744e-05
3.856400000000031923e+03 3.900302544934675097e-05
3.857300000000032014e+03 3.917284266208298504e-05
3.858200000000032105e+03 3.722737892530858517e-05
3.859100000000032196e+03 3.402125366847030818e-05
3.860000000000032287e+03 3.361855488037690520e-05
3.860900000000032378e+03 3.704903065226972103e-05
3.861800000000032469e+03 4.162367258686572313e-05
3.862700000000032560e+03 4.439666736288927495e-05
3.863600000000032651e+03 4.463254663278348744e-05
3.864500000000032742e+03 4.350706149125471711e-05
3.865400000000032833e+03 4.241160422679968178e-05
3.866300000000032924e+03 4.224534495733678341e-05
3.867200000000033015e+03 4.261391950421966612e-05
3.868100000000033106e+03 4.272698424756526947e-05
3.869000000000033197e+03 4.214128421153873205e-05
3.869900000000033288e+03 4.047375841764733195e-05
3.870800000000033378e+03 3.797553654294461012e-05
3.871700000000033469e+03 3.539841782185249031e-05
3.872600000000033560e+03 3.460905281826853752e-05
3.873500000000033651e+03 3.720333552337251604e-05
3.874400000000033742e+03 4.143426485825330019e-05
3.875300000000033833e+03 4.379417805466800928e-05
3.876200000000033924e+03 4.287052070139907300e-05
3.877100000000034015e+03 3.912303145625628531e-05
3.878000000000034106e+03 3.532356640789657831e-05
3.878900000000034197e+03 3.565415318007580936e-05
3.879800000000034288e+03 3.886862032231874764e-05
3.880700000000034379e+03 3.952913175453431904e-05
3.881600000000034470e+03 3.714577178470790386e-05
3.882500000000034561e+03 3.596729220589622855e-05
3.883400000000034652e+03 3.789746187976561487e-05
3.884300000000034743e+03 3.894527253578417003e-05
3.885200000000034834e+03 3.568653482943773270e-05
3.886100000000034925e+03 3.118053064099512994e-05
3.887000000000035016e+03 2.909652357629965991e-05
3.887900000000035106e+03 2.817809945554472506e-05
3.888800000000035197e+03 2.726601269387174398e-05
3.889700000000035288e+03 2.903489803429692984e-05
3.890600000000035379e+03 3.364017175044864416e-05
3.891500000000035470e+03 3.814851879724301398e-05
3.892400000000035561e+03 4.062592051923274994e-05
3.893300000000035652e+03 4.106512642465531826e-05
3.894200000000035743e+03 4.044296656502410769e-05
3.895100000000035834e+03 3.993143400293774903e-05
3.896000000000035925e+03 4.117374191991984844e-05
3.896900000000036016e+03 4.344487024354748428e-05
3.897800000000036107e+03 4.377020013635046780e-05
3.898700000000036198e+03 4.244711453793570399e-05
3.899600000000036289e+03 4.200561306788586080e-05
3.900500000000036380e+03 4.387366789160296321e-05
3.901400000000036471e+03 4.592183904605917633e-05
3.902300000000036562e+03 4.507519042817875743e-05
3.903200000000036653e+03 4.337893551564775407e-05
3.904100000000036744e+03 4.277731568436138332e-05
3.905000000000036835e+03 4.112445822102017701e-05
3.905900000000036925e+03 3.961477705161087215e-05
3.906800000000037016e+03 4.138911026529967785e-05
3.907700000000037107e+03 4.503282980294898152e-05
3.908600000000037198e+03 4.758810973726212978e-05
3.909500000000037289e+03 4.842119960812851787e-05
3.910400000000037380e+03 4.888017429038882256e-05
3.911300000000037471e+03 5.005322600482031703e-05
3.912200000000037562e+03 5.051654079579748213e-05
3.913100000000037653e+03 4.912983786198310554e-05
3.914000000000037744e+03 4.785045530297793448e-05
3.914900000000037835e+03 4.772960164700634778e-05
3.915800000000037926e+03 4.717362753581255674e-05
3.916700000000038017e+03 4.620567051460966468e-05
3.917600000000038108e+03 4.563959009828977287e-05
3.918500000000038199e+03 4.464960875338874757e-05
3.919400000000038290e+03 4.286920375307090580e-05
3.920300000000038381e+03 4.093723691767081618e-05
3.921200000000038472e+03 4.030444324598647654e-05
3.922100000000038563e+03 4.117130811209790409e-05
3.923000000000038654e+03 4.241550050210207701e-05
3.923900000000038744e+03 4.332824755692854524e-05
3.924800000000038835e+03 4.247803371981717646e-05
3.925700000000038926e+03 4.003126741736195982e-05
3.926600000000039017e+03 3.721730899997055531e-05
3.927500000000039108e+03 3.356999877723865211e-05
3.928400000000039199e+03 2.943327490356750786e-05
3.929300000000039290e+03 2.569090247561689466e-05
3.930200000000039381e+03 2.183654032705817372e-05
3.931100000000039472e+03 1.771599636413156986e-05
3.932000000000039563e+03 1.372070983052253723e-05
3.932900000000039654e+03 1.058911311702104285e-05
3.933800000000039745e+03 9.566249900672119111e-06
3.934700000000039836e+03 1.128822805185336620e-05
3.935600000000039927e+03 1.519148736406350508e-05
3.936500000000040018e+03 2.011861397477332503e-05
3.937400000000040109e+03 2.502661482139956206e-05
3.938300000000040200e+03 2.974805101985111833e-05
3.939200000000040291e+03 3.410491626709699631e-05
3.940100000000040382e+03 3.690779340104199946e-05
3.941000000000040473e+03 3.795096199610270560e-05
3.941900000000040563e+03 3.830358764389529824e-05
3.942800000000040654e+03 3.791989729506894946e-05
3.943700000000040745e+03 3.715095226652920246e-05
3.944600000000040836e+03 3.864835525746457279e-05
3.945500000000040927e+03 4.295148391975089908e-05
3.946400000000041018e+03 4.596612416207790375e-05
3.947300000000041109e+03 4.513155727181583643e-05
3.948200000000041200e+03 4.345000706962309778e-05
3.949100000000041291e+03 4.433881258592009544e-05
3.950000000000041382e+03 4.706674735643900931e-05
3.950900000000041473e+03 4.832320337300188839e-05
3.951800000000041564e+03 4.662194623961113393e-05
3.952700000000041655e+03 4.502025331021286547e-05
3.953600000000041746e+03 4.700164572568610311e-05
3.954500000000041837e+03 4.946268018102273345e-05
3.955400000000041928e+03 4.794454798684455454e-05
3.956300000000042019e+03 4.461597563931718469e-05
3.957200000000042110e+03 4.393293420434929430e-05
3.958100000000042201e+03 4.593616540660150349e-05
3.959000000000042292e+03 4.749376967083662748e-05
3.959900000000042382e+03 4.571087993099354208e-05
3.960800000000042473e+03 4.032280412502586842e-05
3.961700000000042564e+03 3.509535599732771516e-05
3.962600000000042655e+03 3.291442772024311125e-05
3.963500000000042746e+03 3.208615817129611969e-05
3.964400000000042837e+03 3.004786049132235348e-05
3.965300000000042928e+03 2.593134013295639306e-05
3.966200000000043019e+03 2.040253275481518358e-05
3.967100000000043110e+03 1.501060705777490512e-05
3.968000000000043201e+03 1.136573337134905159e-05
3.968900000000043292e+03 1.065894502971787006e-05
3.969800000000043383e+03 1.306944795942399651e-05
3.970700000000043474e+03 1.752377283992245793e-05
3.971600000000043565e+03 2.246094300062395632e-05
3.972500000000043656e+03 2.671757647476624697e-05
3.973400000000043747e+03 3.017472045030444860e-05
3.974300000000043838e+03 3.376217136974446476e-05
3.975200000000043929e+03 3.741259570233523846e-05
3.976100000000044020e+03 3.995012593804858625e-05
3.977000000000044110e+03 4.192575579509139061e-05
3.977900000000044201e+03 4.467910912353545427e-05
3.978800000000044292e+03 4.776365676661953330e-05
3.979700000000044383e+03 5.024820347898639739e-05
3.980600000000044474e+03 5.088751277071423829e-05
3.981500000000044565e+03 4.943670137436129153e-05
3.982400000000044656e+03 4.795420682057738304e-05
3.983300000000044747e+03 4.806911601917818189e-05
3.984200000000044838e+03 4.933772652293555439e-05
3.985100000000044929e+03 5.073217471363022923e-05
3.986000000000045020e+03 5.111785139888525009e-05
3.986900000000045111e+03 5.151182995177805424e-05
3.987800000000045202e+03 5.323767982190474868e-05
3.988700000000045293e+03 5.399763176683336496e-05
3.989600000000045384e+03 5.281371340970508754e-05
3.990500000000045475e+03 5.260878970148041844e-05
3.991400000000045566e+03 5.424498158390633762e-05
3.992300000000045657e+03 5.589079592027701437e-05
3.993200000000045748e+03 5.618258001049980521e-05
3.994100000000045839e+03 5.501378836925141513e-05
3.995000000000045929e+03 5.340100688044913113e-05
3.995900000000046020e+03 5.193372271605767310e-05
3.996800000000046111e+03 5.029308886150829494e-05
3.997700000000046202e+03 4.973008981323800981e-05
3.998600000000046293e+03 5.212530231801792979e-05
3.999500000000046384e+03 5.577238698606379330e-05
4.000400000000046475e+03 5.740188862546347082e-05
4.001300000000046566e+03 5.752312790718860924e-05
4.002200000000046657e+03 5.848975342814810574e-05
4.003100000000046748e+03 5.909461106057278812e-05
4.004000000000046839e+03 5.602006422122940421e-05
4.004900000000046930e+03 5.027653241995722055e-05
4.005800000000047021e+03 4.769441511598415673e-05
4.006700000000047112e+03 5.048594175605103374e-05
4.007600000000047203e+03 5.479985702550038695e-05
4.008500000000047294e+03 5.709854667657054961e-05
4.009400000000047385e+03 5.756578684668056667e-05
4.010300000000047476e+03 5.780086576123721898e-05
4.011200000000047567e+03 5.786797555629163980e-05
4.012100000000047658e+03 5.759957639384083450e-05
4.013000000000047748e+03 5.754246012656949461e-05
4.013900000000047839e+03 5.773797965957783163e-05
4.014800000000047930e+03 5.857252835994586349e-05
4.015700000000048021e+03 5.940332630416378379e-05
4.016600000000048112e+03 5.832690294482745230e-05
4.017500000000048203e+03 5.689612953574396670e-05
4.018400000000048294e+03 5.802186933578923345e-05
4.019300000000048385e+03 6.017214764142408967e-05
4.020200000000048476e+03 6.034248508512973785e-05
4.021100000000048567e+03 5.917687303735874593e-05
4.022000000000048658e+03 5.859124939888715744e-05
4.022900000000048749e+03 5.840192534378729761e-05
4.023800000000048840e+03 5.722781861550174654e-05
4.024700000000048931e+03 5.628029248327948153e-05
4.025600000000049022e+03 5.794204480480402708e-05
4.026500000000049113e+03 6.085603308747522533e-05
4.027400000000049204e+03 6.255144398892298341e-05
4.028300000000049295e+03 6.260172085603699088e-05
4.029200000000049386e+03 6.000598659738898277e-05
4.030100000000049477e+03 5.466391667141579092e-05
4.031000000000049567e+03 5.055523433838970959e-05
4.031900000000049658e+03 4.977500429959036410e-05
4.032800000000049749e+03 5.010128006688319147e-05
4.033700000000049840e+03 5.107187462272122502e-05
4.034600000000049931e+03 5.308345498633570969e-05
4.035500000000050022e+03 5.611250162473879755e-05
4.036400000000050113e+03 5.993478771415539086e-05
4.037300000000050204e+03 6.313883932307362556e-05
4.038200000000050295e+03 6.420381396310403943e-05
4.039100000000050386e+03 6.285805284278467298e-05
4.040000000000050477e+03 6.014954124111682177e-05
4.040900000000050568e+03 5.853079710504971445e-05
4.041800000000050659e+03 5.964101364952512085e-05
4.042700000000050750e+03 6.054369805497117341e-05
4.043600000000050841e+03 5.708359458367340267e-05
4.044500000000050932e+03 4.994898336008191109e-05
4.045400000000051023e+03 4.444229489308781922e-05
4.046300000000051114e+03 4.631759657058864832e-05
4.047200000000051205e+03 5.377019260777160525e-05
4.048100000000051296e+03 5.910318941459991038e-05
4.049000000000051386e+03 6.042230961611494422e-05
4.049900000000051477e+03 6.113039853516966105e-05
4.050800000000051568e+03 6.161587225506082177e-05
4.051700000000051659e+03 6.053899051039479673e-05
4.052600000000051750e+03 5.869712913408875465e-05
4.053500000000051841e+03 5.709737888537347317e-05
4.054400000000051932e+03 5.564788807532750070e-05
4.055300000000052023e+03 5.520616105059161782e-05
4.056200000000052114e+03 5.540463462239131331e-05
4.057100000000052205e+03 5.412068276200443506e-05
4.058000000000052296e+03 5.279844845063053071e-05
4.058900000000052387e+03 5.447597504826262593e-05
4.059800000000052478e+03 5.823972605867311358e-05
4.060700000000052569e+03 6.051506352378055453e-05
4.061600000000052660e+03 5.853214315720833838e-05
4.062500000000052751e+03 5.258640521788038313e-05
4.063400000000052842e+03 4.773831460624933243e-05
4.064300000000052933e+03 4.929008355247788131e-05
4.065200000000053024e+03 5.414622864918783307e-05
4.066100000000053114e+03 5.562053047469817102e-05
4.067000000000053205e+03 5.467520531965419650e-05
4.067900000000053296e+03 5.640473318635486066e-05
4.068800000000053387e+03 6.030679651303216815e-05
4.069700000000053478e+03 6.127042433945462108e-05
4.070600000000053569e+03 5.711859193979762495e-05
4.071500000000053660e+03 5.247906665317714214e-05
4.072400000000053751e+03 5.341844371287152171e-05
4.073300000000053842e+03 5.783220331068150699e-05
4.074200000000053933e+03 5.953731306362897158e-05
4.075100000000054024e+03 5.704140494344756007e-05
4.076000000000054115e+03 5.202206739340908825e-05
4.076900000000054206e+03 4.735626862384378910e-05
4.077800000000054297e+03 4.651423296309076250e-05
4.078700000000054388e+03 5.000945384381338954e-05
4.079600000000054479e+03 5.511581548489630222e-05
4.080500000000054570e+03 5.956734457868151367e-05
4.081400000000054661e+03 6.170467531774193048e-05
4.082300000000054752e+03 6.039539584890007973e-05
4.083200000000054843e+03 5.739858170272782445e-05
4.084100000000054933e+03 5.554587551159784198e-05
4.085000000000055024e+03 5.546283500734716654e-05
4.085900000000055115e+03 5.691403566743247211e-05
4.086800000000055206e+03 5.971986320219002664e-05
4.087700000000055297e+03 6.275184568949043751e-05
4.088600000000055388e+03 6.421883153961971402e-05
4.089500000000055479e+03 6.360638508340343833e-05
4.090400000000055570e+03 6.205624231370165944e-05
4.091300000000055661e+03 6.041107917553745210e-05
4.092200000000055752e+03 5.919884279137477279e-05
4.093100000000055843e+03 5.951396451564505696e-05
4.094000000000055934e+03 5.986637552268803120e-05
4.094900000000056025e+03 5.741383210988715291e-05
4.095800000000056116e+03 5.372073792386800051e-05
4.096700000000056207e+03 5.180505468160845339e-05
4.097600000000056752e+03 5.151247387402690947e-05
4.098500000000056389e+03 5.086466262582689524e-05
4.099400000000056025e+03 4.815140709979459643e-05
4.100300000000056571e+03 4.244240699335932732e-05
4.101200000000057116e+03 3.680031659314408898e-05
4.102100000000056752e+03 3.653489693533629179e-05
4.103000000000056389e+03 4.156512659392319620e-05
4.103900000000056934e+03 4.706540494225919247e-05
4.104800000000057480e+03 5.109512858325615525e-05
4.105700000000057116e+03 5.425678318715654314e-05
4.106600000000056752e+03 5.605559999821707606e-05
4.107500000000057298e+03 5.642326868837699294e-05
4.108400000000057844e+03 5.603426689049229026e-05
4.109300000000057480e+03 5.508927642949856818e-05
4.110200000000057116e+03 5.450296885101124644e-05
4.111100000000057662e+03 5.494332071975804865e-05
4.112000000000058208e+03 5.609710933640599251e-05
4.112900000000057844e+03 5.785954272141680121e-05
4.113800000000057480e+03 5.949699698248878121e-05
4.114700000000058026e+03 6.041330925654619932e-05
4.115600000000058571e+03 6.118657620390877128e-05
4.116500000000058208e+03 6.156870222184807062e-05
4.117400000000057844e+03 5.989239070913754404e-05
4.118300000000058390e+03 5.655388667946681380e-05
4.119200000000058935e+03 5.521865023183636367e-05
4.120100000000058571e+03 5.684982534148730338e-05
4.121000000000058208e+03 5.810738366562873125e-05
4.121900000000058753e+03 5.762663931818678975e-05
4.122800000000059299e+03 5.713496648240834475e-05
4.123700000000058935e+03 5.812391827930696309e-05
4.124600000000058571e+03 6.002674854244105518e-05
4.125500000000059117e+03 6.054728510207496583e-05
4.126400000000059663e+03 5.916848385822959244e-05
4.127300000000059299e+03 5.734807200497016311e-05
4.128200000000058935e+03 5.645065175485797226e-05
4.129100000000059481e+03 5.685039286618120968e-05
4.130000000000060027e+03 5.727777170250192285e-05
4.130900000000059663e+03 5.612640234176069498e-05
4.131800000000059299e+03 5.326026803231798112e-05
4.132700000000059845e+03 5.150653305463492870e-05
4.133600000000060390e+03 5.220669481786899269e-05
4.134500000000060027e+03 5.446177237899973989e-05
4.135400000000059663e+03 5.806843546452000737e-05
4.136300000000060209e+03 6.055786434444598854e-05
4.137200000000060754e+03 6.084787310101091862e-05
4.138100000000060390e+03 6.156736344564706087e-05
4.139000000000060027e+03 6.286310235736891627e-05
4.139900000000060572e+03 6.313284393399953842e-05
4.140800000000061118e+03 6.197470793267711997e-05
4.141700000000060754e+03 5.834648982272483408e-05
4.142600000000060390e+03 5.252344635664485395e-05
4.143500000000060936e+03 4.905091918772086501e-05
4.144400000000061482e+03 5.152762969373725355e-05
4.145300000000061118e+03 5.667909863404929638e-05
4.146200000000060754e+03 5.973536826786585152e-05
4.147100000000061300e+03 6.041897358954884112e-05
4.148000000000061846e+03 5.993115337332710624e-05
4.148900000000061482e+03 5.831614907947368920e-05
4.149800000000061118e+03 5.686049917130731046e-05
4.150700000000061664e+03 5.711590347345918417e-05
4.151600000000062209e+03 5.774448436568491161e-05
4.152500000000061846e+03 5.748544572270475328e-05
4.153400000000061482e+03 5.644324483000673354e-05
4.154300000000062028e+03 5.528017209144309163e-05
4.155200000000062573e+03 5.519045589608140290e-05
4.156100000000062209e+03 5.534506271942518651e-05
4.157000000000061846e+03 5.596459232037886977e-05
4.157900000000062391e+03 5.793937089038081467e-05
4.158800000000062937e+03 5.995118408463895321e-05
4.159700000000062573e+03 6.076130011933855712e-05
4.160600000000062209e+03 6.047113129170611501e-05
4.161500000000062755e+03 6.077259968151338398e-05
4.162400000000063301e+03 6.236410990823060274e-05
4.163300000000062937e+03 6.291341560427099466e-05
4.164200000000062573e+03 6.191163265611976385e-05
4.165100000000063119e+03 6.113323615863919258e-05
4.166000000000063665e+03 6.011833465890958905e-05
4.166900000000063301e+03 5.810046059195883572e-05
4.167800000000062937e+03 5.732313002226874232e-05
4.168700000000063483e+03 5.918664101045578718e-05
4.169600000000064028e+03 6.081946776248514652e-05
4.170500000000063665e+03 5.957630128250457346e-05
4.171400000000063301e+03 5.527910980163142085e-05
4.172300000000063847e+03 5.077023524791002274e-05
4.173200000000064392e+03 4.968264329363591969e-05
4.174100000000064028e+03 5.199082079343497753e-05
4.175000000000063665e+03 5.476499791257083416e-05
4.175900000000064210e+03 5.598655116045847535e-05
4.176800000000064756e+03 5.525350570678710938e-05
4.177700000000064392e+03 5.413339385995641351e-05
4.178600000000064028e+03 5.501676787389442325e-05
4.179500000000064574e+03 5.749701449531130493e-05
4.180400000000065120e+03 5.873020199942402542e-05
4.181300000000064756e+03 5.742439316236414015e-05
4.182200000000064392e+03 5.606409104075282812e-05
4.183100000000064938e+03 5.666131255566142499e-05
4.184000000000065484e+03 5.853216498508118093e-05
4.184900000000065120e+03 6.051429591025225818e-05
4.185800000000064756e+03 6.012898666085675359e-05
4.186700000000065302e+03 5.647230864269658923e-05
4.187600000000065847e+03 5.409655568655580282e-05
4.188500000000065484e+03 5.617569331661798060e-05
4.189400000000065120e+03 5.923709977651014924e-05
4.190300000000065666e+03 5.950796548859216273e-05
4.191200000000066211e+03 5.833208342664875090e-05
4.192100000000065847e+03 5.950343256699852645e-05
4.193000000000065484e+03 6.249146827030926943e-05
4.193900000000066029e+03 6.290023156907409430e-05
4.194800000000066575e+03 5.975011663394980133e-05
4.195700000000066211e+03 5.628381768474355340e-05
4.196600000000065847e+03 5.471959229907952249e-05
4.197500000000066393e+03 5.341189535101875663e-05
4.198400000000066939e+03 5.209628216107375920e-05
4.199300000000066575e+03 5.317982868291437626e-05
4.200200000000066211e+03 5.517809404409490526e-05
4.201100000000066757e+03 5.477175000123679638e-05
4.202000000000067303e+03 5.365662582335062325e-05
4.202900000000066939e+03 5.475954094436019659e-05
4.203800000000066575e+03 5.649837839882820845e-05
4.204700000000067121e+03 5.720764966099523008e-05
4.205600000000067666e+03 5.826238339068368077e-05
4.206500000000067303e+03 5.997435437166132033e-05
4.207400000000066939e+03 6.160288467071950436e-05
4.208300000000067485e+03 6.226536788744851947e-05
4.209200000000068030e+03 6.125274376245215535e-05
4.210100000000067666e+03 6.010819924995303154e-05
4.211000000000067303e+03 6.078489968786016107e-05
4.211900000000067848e+03 6.232428859220817685e-05
4.212800000000068394e+03 6.256216147448867559e-05
4.213700000000068030e+03 6.063516048016026616e-05
4.214600000000067666e+03 5.660630995407700539e-05
4.215500000000068212e+03 5.316597525961697102e-05
4.216400000000068758e+03 5.462362605612725019e-05
4.217300000000068394e+03 5.951695857220329344e-05
4.218200000000068030e+03 6.273022881941869855e-05
4.219100000000068576e+03 6.355356163112446666e-05
4.220000000000069122e+03 6.427685730159282684e-05
4.220900000000068758e+03 6.507569923996925354e-05
4.221800000000068394e+03 6.385160668287426233e-05
4.222700000000068940e+03 6.062095417291857302e-05
4.223600000000069485e+03 5.705406510969623923e-05
4.224500000000069122e+03 5.279548713588155806e-05
4.225400000000068758e+03 4.663865547627210617e-05
4.226300000000069303e+03 4.080250801052898169e-05
4.227200000000069849e+03 4.166579674347303808e-05
4.228100000000069485e+03 5.027882434660568833e-05
4.229000000000069122e+03 5.867994696018286049e-05
4.229900000000069667e+03 6.239915092010051012e-05
4.230800000000070213e+03 6.375168595695868134e-05
4.231700000000069849e+03 6.297993240877985954e-05
4.232600000000069485e+03 5.976592728984542191e-05
4.233500000000070031e+03 5.775966201326809824e-05
4.234400000000070577e+03 5.815368058392778039e-05
4.235300000000070213e+03 5.718528336728923023e-05
4.236200000000069849e+03 5.533183866646140814e-05
4.237100000000070395e+03 5.585554754361510277e-05
4.238000000000070941e+03 5.718323518522083759e-05
4.238900000000070577e+03 5.728613177780061960e-05
4.239800000000070213e+03 5.782278822152875364e-05
4.240700000000070759e+03 6.018909334670752287e-05
4.241600000000071304e+03 6.199528434081003070e-05
4.242500000000070941e+03 6.156560266390442848e-05
4.243400000000070577e+03 6.215562461875379086e-05
4.244300000000071122e+03 6.445465987781062722e-05
4.245200000000071668e+03 6.472125824075192213e-05
4.246100000000071304e+03 6.187745020724833012e-05
4.247000000000070941e+03 5.853133552591316402e-05
4.247900000000071486e+03 5.703121860278770328e-05
4.248800000000072032e+03 5.666072684107348323e-05
4.249700000000071668e+03 5.533353760256431997e-05
4.250600000000071304e+03 5.492690979735925794e-05
4.251500000000071850e+03 5.794853132101707160e-05
4.252400000000072396e+03 6.089242015150375664e-05
4.253300000000072032e+03 5.981783033348619938e-05
4.254200000000071668e+03 5.663814954459667206e-05
4.255100000000072214e+03 5.616715498035773635e-05
4.256000000000072760e+03 5.955832602921873331e-05
4.256900000000072396e+03 6.297153595369309187e-05
4.257800000000072032e+03 6.221032526809722185e-05
4.258700000000072578e+03 5.804564716527238488e-05
4.259600000000073123e+03 5.385500480770133436e-05
4.260500000000072760e+03 5.194498589844442904e-05
4.261400000000072396e+03 5.445848000817932189e-05
4.262300000000072941e+03 5.989214696455746889e-05
4.263200000000073487e+03 6.388626206899061799e-05
4.264100000000073123e+03 6.513429252663627267e-05
4.265000000000072760e+03 6.572791608050465584e-05
4.265900000000073305e+03 6.605867383768782020e-05
4.266800000000073851e+03 6.440266588469967246e-05
4.267700000000073487e+03 6.170915730763226748e-05
4.268600000000073123e+03 6.015506005496717989e-05
4.269500000000073669e+03 5.839281584485433996e-05
4.270400000000074215e+03 5.401114322012290359e-05
4.271300000000073851e+03 4.909689232590608299e-05
4.272200000000073487e+03 4.880726191913709044e-05
4.273100000000074033e+03 5.183577741263434291e-05
4.274000000000074579e+03 5.275181683828122914e-05
4.274900000000074215e+03 5.297817915561608970e-05
4.275800000000073851e+03 5.639734808937646449e-05
4.276700000000074397e+03 6.121936166891828179e-05
4.277600000000074942e+03 6.413755181711167097e-05
4.278500000000074579e+03 6.413623486878350377e-05
4.279400000000074215e+03 6.117582961451262236e-05
4.280300000000074760e+03 5.802933083032257855e-05
4.281200000000075306e+03 5.772321310359984636e-05
4.282100000000074942e+03 5.873652844456955791e-05
4.283000000000074579e+03 5.969734411337412894e-05
4.283900000000075124e+03 6.023448440828360617e-05
4.284800000000075670e+03 5.865805360372178257e-05
4.285700000000075306e+03 5.643106487696059048e-05
4.286600000000074942e+03 5.622619573841802776e-05
4.287500000000075488e+03 5.661479372065514326e-05
4.288400000000076034e+03 5.421501919045113027e-05
4.289300000000075670e+03 4.963037281413562596e-05
4.290200000000075306e+03 4.784635893884114921e-05
4.291100000000075852e+03 5.105309173814021051e-05
4.292000000000076398e+03 5.624745972454547882e-05
4.292900000000076034e+03 5.932595013291575015e-05
4.293800000000075670e+03 5.847523789270780981e-05
4.294700000000076216e+03 5.670423706760630012e-05
4.295600000000076761e+03 5.630888699670322239e-05
4.296500000000076398e+03 5.532664727070368826e-05
4.297400000000076034e+03 5.283239443087950349e-05
4.298300000000076579e+03 4.874231672147288918e-05
4.299200000000077125e+03 4.393033304950222373e-05
4.300100000000076761e+03 4.219308175379410386e-05
4.301000000000076398e+03 4.402775084599852562e-05
4.301900000000076943e+03 4.540783265838399529e-05
4.302800000000077489e+03 4.568235453916713595e-05
4.303700000000077125e+03 4.701739453594200313e-05
4.304600000000076761e+03 4.815482316189445555e-05
4.305500000000077307e+03 4.770505256601609290e-05
4.306400000000077853e+03 4.628688839147798717e-05
4.307300000000077489e+03 4.357966099632903934e-05
4.308200000000077125e+03 4.116568379686214030e-05
4.309100000000077671e+03 4.186660225968807936e-05
4.310000000000078217e+03 4.491688014240935445e-05
4.310900000000077853e+03 4.812274710275232792e-05
4.311800000000077489e+03 5.052697088103741407e-05
4.312700000000078035e+03 5.226247594691812992e-05
4.313600000000078580e+03 5.341107316780835390e-05
4.314500000000078217e+03 5.529414193006232381e-05
4.315400000000077853e+03 6.079275772208347917e-05
4.316300000000078398e+03 6.755871436325833201e-05
4.317200000000078944e+03 7.045888196444138885e-05
4.318100000000078580e+03 6.977907469263300300e-05
4.319000000000078217e+03 6.839492561994120479e-05
4.319900000000078762e+03 6.679115176666527987e-05
4.320800000000079308e+03 6.477276474470272660e-05
4.321700000000078944e+03 6.356390076689422131e-05
4.322600000000078580e+03 6.115627184044569731e-05
4.323500000000079126e+03 5.586634870269335806e-05
4.324400000000079672e+03 5.002090256311930716e-05
4.325300000000079308e+03 4.641413033823482692e-05
4.326200000000078944e+03 4.844625436817295849e-05
4.327100000000079490e+03 5.601403972832486033e-05
4.328000000000080036e+03 6.340345134958624840e-05
4.328900000000079672e+03 6.618694169446825981e-05
4.329800000000079308e+03 6.474003748735412955e-05
4.330700000000079854e+03 6.288480653893202543e-05
4.331600000000080399e+03 6.330697942757979035e-05
4.332500000000080036e+03 6.431996007449924946e-05
4.333400000000079672e+03 6.439397839130833745e-05
4.334300000000080217e+03 6.476217822637408972e-05
4.335200000000080763e+03 6.517435394925996661e-05
4.336100000000080399e+03 6.226896221050992608e-05
4.337000000000080036e+03 5.516782402992248535e-05
4.337900000000080581e+03 4.844356953981332481e-05
4.338800000000081127e+03 4.401904880069196224e-05
4.339700000000080763e+03 3.966540680266916752e-05
4.340600000000080399e+03 3.835276220343075693e-05
4.341500000000080945e+03 4.391926267999224365e-05
4.342400000000081491e+03 5.144112583366222680e-05
4.343300000000081127e+03 5.488582974066957831e-05
4.344200000000080763e+03 5.653491461998783052e-05
4.345100000000081309e+03 5.962300929240882397e-05
4.346000000000081855e+03 6.168030813569203019e-05
4.346900000000081491e+03 6.167447281768545508e-05
4.347800000000081127e+03 6.277755892369896173e-05
4.348700000000081673e+03 6.577133899554610252e-05
4.349600000000082218e+03 6.637709157075732946e-05
4.350500000000081855e+03 6.105250213295221329e-05
4.351400000000081491e+03 5.381144364946521819e-05
4.352300000000082036e+03 5.219985177973285317e-05
4.353200000000082582e+03 5.671103644999675453e-05
4.354100000000082218e+03 6.095231947256252170e-05
4.355000000000081855e+03 6.237363413674756885e-05
4.355900000000082400e+03 6.393821240635588765e-05
4.356800000000082946e+03 6.606152601307258010e-05
4.357700000000082582e+03 6.561363989021629095e-05
4.358600000000082218e+03 6.244744145078584552e-05
4.359500000000082764e+03 6.099040183471515775e-05
4.360400000000083310e+03 6.344250869005918503e-05
4.361300000000082946e+03 6.683352694381028414e-05
4.362200000000082582e+03 6.786760786781087518e-05
4.363100000000083128e+03 6.751158798579126596e-05
4.364000000000083674e+03 6.865483737783506513e-05
4.364900000000083310e+03 7.052627188386395574e-05
4.365800000000082946e+03 6.969035894144326448e-05
4.366700000000083492e+03 6.580293847946450114e-05
4.367600000000084037e+03 6.248188583413138986e-05
4.368500000000083674e+03 6.238956120796501637e-05
4.369400000000083310e+03 6.370938353938981891e-05
4.370300000000083855e+03 6.418684642994776368e-05
4.371200000000084401e+03 6.463191675720736384e-05
4.372100000000084037e+03 6.491852400358766317e-05
4.373000000000083674e+03 6.293448677752166986e-05
4.373900000000084219e+03 5.870337918167933822e-05
4.374800000000084765e+03 5.575350587605498731e-05
4.375700000000084401e+03 5.727555981138721108e-05
4.376600000000084037e+03 6.219621718628332019e-05
4.377500000000084583e+03 6.646058318438008428e-05
4.378400000000085129e+03 6.769045285182073712e-05
4.379300000000084765e+03 6.667437264695763588e-05
4.380200000000084401e+03 6.567127275047823787e-05
4.381100000000084947e+03 6.457997369579970837e-05
4.382000000000085493e+03 5.973841325612738729e-05
4.382900000000085129e+03 5.069847611594013870e-05
4.383800000000084765e+03 4.460574564291164279e-05
4.384700000000085311e+03 4.703506419900804758e-05
4.385600000000085856e+03 5.476857040775939822e-05
4.386500000000085493e+03 6.087736255722120404e-05
4.387400000000085129e+03 6.234949250938370824e-05
4.388300000000085674e+03 6.177039176691323519e-05
4.389200000000086220e+03 6.102462066337466240e-05
4.390100000000085856e+03 6.015256076352670789e-05
4.391000000000085493e+03 6.051090167602524161e-05
4.391900000000086038e+03 6.276665953919291496e-05
4.392800000000086584e+03 6.438999116653576493e-05
4.393700000000086220e+03 6.304431008175015450e-05
4.394600000000085856e+03 6.055848280084319413e-05
4.395500000000086402e+03 6.112413393566384912e-05
4.396400000000086948e+03 6.546257645823061466e-05
4.397300000000086584e+03 6.887144991196691990e-05
4.398200000000086220e+03 6.820431008236482739e-05
4.399100000000086766e+03 6.468089122790843248e-05
4.400000000000087311e+03 6.069940354791469872e-05
4.400900000000086948e+03 6.010228753439150751e-05
4.401800000000086584e+03 6.395667151082307100e-05
4.402700000000087130e+03 6.607229443034157157e-05
4.403600000000087675e+03 6.145540828583762050e-05
4.404500000000087311e+03 5.540921483770944178e-05
4.405400000000086948e+03 5.577768388320691884e-05
4.406300000000087493e+03 6.016794577590189874e-05
4.407200000000088039e+03 6.127641245257109404e-05
4.408100000000087675e+03 5.973133011138997972e-05
4.409000000000087311e+03 6.098352969274856150e-05
4.409900000000087857e+03 6.526213110191747546e-05
4.410800000000088403e+03 6.867476622574031353e-05
4.411700000000088039e+03 7.037307659629732370e-05
4.412600000000087675e+03 7.104886026354506612e-05
4.413500000000088221e+03 6.866154581075534225e-05
4.414400000000088767e+03 6.262651731958612800e-05
4.415300000000088403e+03 5.843917097081430256e-05
4.416200000000088039e+03 5.970317215542308986e-05
4.417100000000088585e+03 6.281520472839474678e-05
4.418000000000089130e+03 6.564181967405602336e-05
4.418900000000088767e+03 6.889009091537445784e-05
4.419800000000088403e+03 7.082577212713658810e-05
4.420700000000088949e+03 6.951339310035109520e-05
4.421600000000089494e+03 6.608563126064836979e-05
4.422500000000089130e+03 6.381794810295104980e-05
4.423400000000088767e+03 6.458967982325702906e-05
4.424300000000089312e+03 6.636739271925762296e-05
4.425200000000089858e+03 6.661210500169545412e-05
4.426100000000089494e+03 6.589929398614913225e-05
4.427000000000089130e+03 6.574032158823683858e-05
4.427900000000089676e+03 6.677595229120925069e-05
4.428800000000090222e+03 6.724955164827406406e-05
4.429700000000089858e+03 6.527392542921006680e-05
4.430600000000089494e+03 6.401732389349490404e-05
4.431500000000090040e+03 6.597930769203230739e-05
4.432400000000090586e+03 6.733327609254047275e-05
4.433300000000090222e+03 6.519536691484972835e-05
4.434200000000089858e+03 6.115837459219619632e-05
4.435100000000090404e+03 5.870268432772718370e-05
4.436000000000090949e+03 6.065416891942732036e-05
4.436900000000090586e+03 6.578041211469098926e-05
4.437800000000090222e+03 7.022710633464157581e-05
4.438700000000090768e+03 7.237739191623404622e-05
4.439600000000091313e+03 7.187390292529016733e-05
4.440500000000090949e+03 6.885427865199744701e-05
4.441400000000090586e+03 6.474411202361807227e-05
4.442300000000091131e+03 6.127535016275942326e-05
4.443200000000091677e+03 6.033721365383826196e-05
4.444100000000091313e+03 6.306199065875262022e-05
4.445000000000090949e+03 6.784898141631856561e-05
4.445900000000091495e+03 7.050138083286583424e-05
4.446800000000092041e+03 6.969305104576051235e-05
4.447700000000091677e+03 6.908977957209572196e-05
4.448600000000091313e+03 6.982024206081405282e-05
4.449500000000091859e+03 6.890894292155280709e-05
4.450400000000092405e+03 6.724854756612330675e-05
4.451300000000092041e+03 6.772593042114749551e-05
4.452200000000091677e+03 6.873795064166188240e-05
4.453100000000092223e+03 6.716734787914901972e-05
4.454000000000092768e+03 6.293827027548104525e-05
4.454900000000092405e+03 5.923167918808758259e-05
4.455800000000092041e+03 5.930376210017129779e-05
4.456700000000092587e+03 6.169110565679147840e-05
4.457600000000093132e+03 6.273950566537678242e-05
4.458500000000092768e+03 6.200322968652471900e-05
4.459400000000092405e+03 6.145711813587695360e-05
4.460300000000092950e+03 6.110427784733474255e-05
4.461200000000093496e+03 5.963173680356703699e-05
4.462100000000093132e+03 5.982938455417752266e-05
4.463000000000092768e+03 6.364741420838981867e-05
4.463900000000093314e+03 6.687807763228192925e-05
4.464800000000093860e+03 6.709025183226913214e-05
4.465700000000093496e+03 6.649399438174441457e-05
4.466600000000093132e+03 6.637816113652661443e-05
4.467500000000093678e+03 6.609938282053917646e-05
4.468400000000094224e+03 6.456764094764366746e-05
4.469300000000093860e+03 6.320064858300611377e-05
4.470200000000093496e+03 6.410654168576002121e-05
4.471100000000094042e+03 6.638082413701340556e-05
4.472000000000094587e+03 6.868922355351969600e-05
4.472900000000094224e+03 7.090889994287863374e-05
4.473800000000093860e+03 7.241356070153415203e-05
4.474700000000094406e+03 7.218265818664804101e-05
4.475600000000094951e+03 7.148100849008187652e-05
4.476500000000094587e+03 7.262179133249446750e-05
4.477400000000094224e+03 7.456947787432000041e-05
4.478300000000094769e+03 7.400589674944058061e-05
4.479200000000095315e+03 7.018415635684505105e-05
4.480100000000094951e+03 6.530760583700612187e-05
4.481000000000094587e+03 6.201460200827568769e-05
4.481900000000095133e+03 6.184313679113984108e-05
4.482800000000095679e+03 6.520992610603570938e-05
4.483700000000095315e+03 6.971031689317896962e-05
4.484600000000094951e+03 7.261690916493535042e-05
4.485500000000095497e+03 7.399507740046828985e-05
4.486400000000096043e+03 7.415713480440899730e-05
4.487300000000095679e+03 7.232857751660048962e-05
4.488200000000095315e+03 6.861267320346087217e-05
4.489100000000095861e+03 6.524008495034649968e-05
4.490000000000096406e+03 6.478474824689328671e-05
4.490900000000096043e+03 6.735137139912694693e-05
4.491800000000095679e+03 7.050784188322722912e-05
4.492700000000096225e+03 7.141071546357125044e-05
4.493600000000096770e+03 6.897951243445277214e-05
4.494500000000096406e+03 6.585914525203406811e-05
4.495400000000096043e+03 6.501327879959717393e-05
4.496300000000096588e+03 6.611308344872668386e-05
4.497200000000097134e+03 6.859593122499063611e-05
4.498100000000096770e+03 7.148729491746053100e-05
4.499000000000096406e+03 7.300752622541040182e-05
4.499900000000096952e+03 7.232579082483425736e-05
4.500800000000097498e+03 6.989748362684622407e-05
4.501700000000097134e+03 6.930316885700449347e-05
4.502600000000096770e+03 7.274324889294803143e-05
4.503500000000097316e+03 7.674947119085118175e-05
4.504400000000097862e+03 7.800177263561636209e-05
4.505300000000097498e+03 7.717507833149284124e-05
4.506200000000097134e+03 7.563315011793747544e-05
4.507100000000097680e+03 7.406977965729311109e-05
4.508000000000098225e+03 7.328192441491410136e-05
4.508900000000097862e+03 7.382572948699817061e-05
4.509800000000097498e+03 7.517810445278882980e-05
4.510700000000098044e+03 7.572921458631753922e-05
4.511600000000098589e+03 7.452780118910595775e-05
4.512500000000098225e+03 7.259896665345877409e-05
4.513400000000097862e+03 7.114008622011169791e-05
4.514300000000098407e+03 7.030591950751841068e-05
4.515200000000098953e+03 7.054379966575652361e-05
4.516100000000098589e+03 7.142554386518895626e-05
4.517000000000098225e+03 7.093932072166353464e-05
4.517900000000098771e+03 6.966674118302762508e-05
4.518800000000099317e+03 7.027426181593909860e-05
4.519700000000098953e+03 7.225404988275840878e-05
4.520600000000098589e+03 7.384374475805088878e-05
4.521500000000099135e+03 7.328596257138997316e-05
4.522400000000099681e+03 7.030143024167045951e-05
4.523300000000099317e+03 6.868494529044255614e-05
4.524200000000098953e+03 6.904070323798805475e-05
4.525100000000099499e+03 6.819271948188543320e-05
4.526000000000100044e+03 6.585791561519727111e-05
4.526900000000099681e+03 6.357544771162793040e-05
4.527800000000099317e+03 6.192542787175625563e-05
4.528700000000099863e+03 6.134023715276271105e-05
4.529600000000100408e+03 6.239923095563426614e-05
4.530500000000100044e+03 6.404052692232653499e-05
4.531400000000099681e+03 6.589007534785196185e-05
4.532300000000100226e+03 6.711344030918553472e-05
4.533200000000100772e+03 6.532677070936188102e-05
4.534100000000100408e+03 6.219247734406962991e-05
4.535000000000100044e+03 6.105531792854890227e-05
4.535900000000100590e+03 6.394585216185078025e-05
4.536800000000101136e+03 7.004320650594308972e-05
4.537700000000100772e+03 7.420619658660143614e-05
4.538600000000100408e+03 7.389128586510196328e-05
4.539500000000100954e+03 7.144911069190129638e-05
4.540400000000101500e+03 6.918606231920421124e-05
4.541300000000101136e+03 6.880801811348646879e-05
4.542200000000100772e+03 7.062668737489730120e-05
4.543100000000101318e+03 7.197686500148847699e-05
4.544000000000101863e+03 7.056023605400696397e-05
4.544900000000101500e+03 6.846218457212671638e-05
4.545800000000101136e+03 6.848308839835226536e-05
4.546700000000101682e+03 6.956515426281839609e-05
4.547600000000102227e+03 6.932230462552979589e-05
4.548500000000101863e+03 6.677175406366586685e-05
4.549400000000101500e+03 6.447525811381638050e-05
4.550300000000102045e+03 6.616183964069932699e-05
4.551200000000102591e+03 6.918700091773644090e-05
4.552100000000102227e+03 6.927248614374548197e-05
4.553000000000101863e+03 6.732005567755550146e-05
4.553900000000102409e+03 6.523866613861173391e-05
4.554800000000102955e+03 6.439044227590784431e-05
4.555700000000102591e+03 6.607949762837961316e-05
4.556600000000102227e+03 6.981788465054705739e-05
4.557500000000102773e+03 7.292460213648155332e-05
4.558400000000103319e+03 7.377910515060648322e-05
4.559300000000102955e+03 7.362876203842461109e-05
4.560200000000102591e+03 7.352600368903949857e-05
4.561100000000103137e+03 7.390716928057372570e-05
4.562000000000103682e+03 7.373053813353180885e-05
4.562900000000103319e+03 7.141751120798289776e-05
4.563800000000102955e+03 6.828727055108174682e-05
4.564700000000103500e+03 6.684084655717015266e-05
4.565600000000104046e+03 6.783600110793486238e-05
4.566500000000103682e+03 7.102263771230354905e-05
4.567400000000103319e+03 7.416406879201531410e-05
4.568300000000103864e+03 7.507031841669231653e-05
4.569200000000104410e+03 7.453079888364300132e-05
4.570100000000104046e+03 7.260528218466788530e-05
4.571000000000103682e+03 6.895924161653965712e-05
4.571900000000104228e+03 6.776984810130670667e-05
4.572800000000104774e+03 7.129081495804712176e-05
4.573700000000104410e+03 7.442978676408529282e-05
4.574600000000104046e+03 7.414972060360014439e-05
4.575500000000104592e+03 7.326940249186009169e-05
4.576400000000105138e+03 7.339238072745501995e-05
4.577300000000104774e+03 7.338242721743881702e-05
4.578200000000104410e+03 7.211268530227243900e-05
4.579100000000104956e+03 6.951981049496680498e-05
4.580000000000105501e+03 6.693934119539335370e-05
4.580900000000105138e+03 6.634486635448411107e-05
4.581800000000104774e+03 6.780487456126138568e-05
4.582700000000105319e+03 6.884406320750713348e-05
4.583600000000105865e+03 6.849392229923978448e-05
4.584500000000105501e+03 6.822991417720913887e-05
4.585400000000105138e+03 6.816278619226068258e-05
4.586300000000105683e+03 6.864200258860364556e-05
4.587200000000106229e+03 7.070883293636143208e-05
4.588100000000105865e+03 7.303331221919506788e-05
4.589000000000105501e+03 7.403801282634958625e-05
4.589900000000106047e+03 7.338261639233678579e-05
4.590800000000106593e+03 7.135158375604078174e-05
4.591700000000106229e+03 6.917997234268113971e-05
4.592600000000105865e+03 6.851390207884833217e-05
4.593500000000106411e+03 6.911156378919258714e-05
4.594400000000106957e+03 6.924852641532197595e-05
4.595300000000106593e+03 6.898491119500249624e-05
4.596200000000106229e+03 6.932037649676203728e-05
4.597100000000106775e+03 6.985096115386113524e-05
4.598000000000107320e+03 7.048041879897937179e-05
4.598900000000106957e+03 7.108846330083906651e-05
4.599800000000106593e+03 6.997871969360858202e-05
4.600700000000107138e+03 6.859393033664673567e-05
4.601600000000107684e+03 6.926674541318789124e-05
4.602500000000107320e+03 7.033441215753555298e-05
4.603400000000106957e+03 7.070651918184012175e-05
4.604300000000107502e+03 7.054175512166693807e-05
4.605200000000108048e+03 7.002377969911321998e-05
4.606100000000107684e+03 7.035406451905146241e-05
4.607000000000107320e+03 7.204912253655493259e-05
4.607900000000107866e+03 7.476149767171591520e-05
4.608800000000108412e+03 7.701410504523664713e-05
4.609700000000108048e+03 7.692972576478496194e-05
4.610600000000107684e+03 7.499691128032281995e-05
4.611500000000108230e+03 7.333611574722453952e-05
4.612400000000108776e+03 7.253137300722301006e-05
4.613300000000108412e+03 7.223813736345618963e-05
4.614200000000108048e+03 7.330415974138304591e-05
4.615100000000108594e+03 7.429651304846629500e-05
4.616000000000109139e+03 7.384305354207754135e-05
4.616900000000108776e+03 7.391141116386279464e-05
4.617800000000108412e+03 7.421461486956104636e-05
4.618700000000108957e+03 7.283592276507988572e-05
4.619600000000109503e+03 7.202579581644386053e-05
4.620500000000109139e+03 7.374306005658581853e-05
4.621400000000108776e+03 7.525410910602658987e-05
4.622300000000109321e+03 7.496834587072953582e-05
4.623200000000109867e+03 7.476822065655142069e-05
4.624100000000109503e+03 7.479608757421374321e-05
4.625000000000109139e+03 7.389277743641287088e-05
4.625900000000109685e+03 7.319122960325330496e-05
4.626800000000110231e+03 7.376611756626516581e-05
4.627700000000109867e+03 7.410110265482217073e-05
4.628600000000109503e+03 7.278262637555599213e-05
4.629500000000110049e+03 7.179199019446969032e-05
4.630400000000110595e+03 7.343105244217440486e-05
4.631300000000110231e+03 7.543895480921491981e-05
4.632200000000109867e+03 7.455528975697234273e-05
4.633100000000110413e+03 7.212161290226504207e-05
4.634000000000110958e+03 7.119999645510688424e-05
4.634900000000110595e+03 7.167668809415772557e-05
4.635800000000110231e+03 7.187248411355540156e-05
4.636700000000110776e+03 7.099589129211381078e-05
4.637600000000111322e+03 6.970134563744068146e-05
4.638500000000110958e+03 6.923894397914409637e-05
4.639400000000110595e+03 6.922649481566622853e-05
4.640300000000111140e+03 7.009397813817486167e-05
4.641200000000111686e+03 7.237817044369876385e-05
4.642100000000111322e+03 7.376403664238750935e-05
4.643000000000110958e+03 7.309817738132551312e-05
4.643900000000111504e+03 7.193262717919424176e-05
4.644800000000112050e+03 7.045132952043786645e-05
4.645700000000111686e+03 6.764455611119046807e-05
4.646600000000111322e+03 6.519439921248704195e-05
4.647500000000111868e+03 6.514914275612682104e-05
4.648400000000112414e+03 6.695029878756031394e-05
4.649300000000112050e+03 6.939913146197795868e-05
4.650200000000111686e+03 7.138332148315384984e-05
4.651100000000112232e+03 7.214785728137940168e-05
4.652000000000112777e+03 7.254458614625036716e-05
4.652900000000112414e+03 7.274537347257137299e-05
4.653800000000112050e+03 7.103885582182556391e-05
4.654700000000112595e+03 6.858858978375792503e-05
4.655600000000113141e+03 6.776097870897501707e-05
4.656500000000112777e+03 6.853617378510534763e-05
4.657400000000112414e+03 7.113876199582591653e-05
4.658300000000112959e+03 7.491048017982393503e-05
4.659200000000113505e+03 7.751943485345691442e-05
4.660100000000113141e+03 7.777215068927034736e-05
4.661000000000112777e+03 7.604158599860966206e-05
4.661900000000113323e+03 7.336692215176299214e-05
4.662800000000113869e+03 7.115790504030883312e-05
4.663700000000113505e+03 7.063640077831223607e-05
4.664600000000113141e+03 7.110428123269230127e-05
4.665500000000113687e+03 6.954433774808421731e-05
4.666400000000114233e+03 6.493465480161830783e-05
4.667300000000113869e+03 6.095812932471744716e-05
4.668200000000113505e+03 6.141333869891241193e-05
4.669100000000114051e+03 6.503103213617578149e-05
4.670000000000114596e+03 6.863682210678234696e-05
4.670900000000114233e+03 7.120713416952639818e-05
4.671800000000113869e+03 7.208393071778118610e-05
4.672700000000114414e+03 7.131874008337035775e-05
4.673600000000114960e+03 7.055632158881053329e-05
4.674500000000114596e+03 7.089073187671601772e-05
4.675400000000114233e+03 7.262997678481042385e-05
4.676300000000114778e+03 7.447462121490389109e-05
4.677200000000115324e+03 7.411983096972107887e-05
4.678100000000114960e+03 7.184376590885221958e-05
4.679000000000114596e+03 6.973936979193240404e-05
4.679900000000115142e+03 6.862763984827324748e-05
4.680800000000115688e+03 6.806325836805626750e-05
4.681700000000115324e+03 6.829587073298171163e-05
4.682600000000114960e+03 7.003488281043246388e-05
4.683500000000115506e+03 7.219555118354037404e-05
4.684400000000116052e+03 7.287071639439091086e-05
4.685300000000115688e+03 7.258357800310477614e-05
4.686200000000115324e+03 7.218698010547086596e-05
4.687100000000115870e+03 7.144304981920868158e-05
4.688000000000116415e+03 7.108463614713400602e-05
4.688900000000116052e+03 7.152959733502939343e-05
4.689800000000115688e+03 7.142013055272400379e-05
4.690700000000116233e+03 7.041443313937634230e-05
4.691600000000116779e+03 7.026066305115818977e-05
4.692500000000116415e+03 7.145452400436624885e-05
4.693400000000116052e+03 7.259497215272858739e-05
4.694300000000116597e+03 7.361485768342390656e-05
4.695200000000117143e+03 7.499464845750480890e-05
4.696100000000116779e+03 7.569410081487149000e-05
4.697000000000116415e+03 7.422235648846253753e-05
4.697900000000116961e+03 7.092855958035215735e-05
4.698800000000117507e+03 6.861006841063499451e-05
4.699700000000117143e+03 6.905477494001388550e-05
4.700600000000116779e+03 7.001018093433231115e-05
4.701500000000117325e+03 6.931359530426561832e-05
4.702400000000117871e+03 6.750573811586946249e-05
4.703300000000117507e+03 6.705808482365682721e-05
4.704200000000117143e+03 6.919972656760364771e-05
4.705100000000117689e+03 7.133895996958017349e-05
4.706000000000118234e+03 7.111834565876051784e-05
4.706900000000117871e+03 6.912290700711309910e-05
4.707800000000117507e+03 6.746182043571025133e-05
4.708700000000118052e+03 6.696947093587368727e-05
4.709600000000118598e+03 6.786557059967890382e-05
4.710500000000118234e+03 7.063235534587875009e-05
4.711400000000117871e+03 7.330882363021373749e-05
4.712300000000118416e+03 7.362978067249059677e-05
4.713200000000118962e+03 7.184432615758851171e-05
4.714100000000118598e+03 6.942111212993040681e-05
4.715000000000118234e+03 6.905902409926056862e-05
4.715900000000118780e+03 7.152822945499792695e-05
4.716800000000119326e+03 7.398436719086021185e-05
4.717700000000118962e+03 7.479722989955917001e-05
4.718600000000118598e+03 7.530384755227714777e-05
4.719500000000119144e+03 7.614039350301027298e-05
4.720400000000119690e+03 7.634203939232975245e-05
4.721300000000119326e+03 7.542191451648250222e-05
4.722200000000118962e+03 7.420835754601284862e-05
4.723100000000119508e+03 7.431841368088498712e-05
4.724000000000120053e+03 7.590288441861048341e-05
4.724900000000119690e+03 7.711628859397023916e-05
4.725800000000119326e+03 7.612468471052125096e-05
4.726700000000119871e+03 7.243245636345818639e-05
4.727600000000120417e+03 6.851681246189400554e-05
4.728500000000120053e+03 6.729624874424189329e-05
4.729400000000119690e+03 6.812359060859307647e-05
4.730300000000120235e+03 6.889166252221912146e-05
4.731200000000120781e+03 6.952139665372669697e-05
4.732100000000120417e+03 7.082297815941274166e-05
4.733000000000120053e+03 7.192281191237270832e-05
4.733900000000120599e+03 7.264886517077684402e-05
4.734800000000121145e+03 7.344436016865074635e-05
4.735700000000120781e+03 7.258330879267305136e-05
4.736600000000120417e+03 7.068003469612449408e-05
4.737500000000120963e+03 7.130736776161938906e-05
4.738400000000121508e+03 7.382172043435275555e-05
4.739300000000121145e+03 7.437799649778753519e-05
4.740200000000120781e+03 7.283296145033091307e-05
4.741100000000121327e+03 7.184497371781617403e-05
4.742000000000121872e+03 7.263482984853908420e-05
4.742900000000121508e+03 7.412019476760178804e-05
4.743800000000121145e+03 7.451615965692326427e-05
4.744700000000121690e+03 7.375129644060507417e-05
4.745600000000122236e+03 7.385823118966072798e-05
4.746500000000121872e+03 7.517521589761599898e-05
4.747400000000121508e+03 7.566493877675384283e-05
4.748300000000122054e+03 7.515629840781912208e-05
4.749200000000122600e+03 7.509891293011605740e-05
4.750100000000122236e+03 7.554444891866296530e-05
4.751000000000121872e+03 7.529622234869748354e-05
4.751900000000122418e+03 7.412725244648754597e-05
4.752800000000122964e+03 7.306930638151243329e-05
4.753700000000122600e+03 7.229878247017040849e-05
4.754600000000122236e+03 7.191712211351841688e-05
4.755500000000122782e+03 7.185080175986513495e-05
4.756400000000123327e+03 7.182357512647286057e-05
4.757300000000122964e+03 7.212950004031881690e-05
4.758200000000122600e+03 7.269914203789085150e-05
4.759100000000123146e+03 7.363930490100756288e-05
4.760000000000123691e+03 7.435123552568256855e-05
4.760900000000123327e+03 7.307282066904008389e-05
4.761800000000122964e+03 7.017308234935626388e-05
4.762700000000123509e+03 6.841598224127665162e-05
4.763600000000124055e+03 6.837426190031692386e-05
4.764500000000123691e+03 6.814256630605086684e-05
4.765400000000123327e+03 6.727984145982190967e-05
4.766300000000123873e+03 6.739700620528310537e-05
4.767200000000124419e+03 6.914325786055997014e-05
4.768100000000124055e+03 7.117001223377883434e-05
4.769000000000123691e+03 7.310001819860190153e-05
4.769900000000124237e+03 7.415859727188944817e-05
4.770800000000124783e+03 7.296059629879891872e-05
4.771700000000124419e+03 7.114683103282004595e-05
4.772600000000124055e+03 7.124169496819376945e-05
4.773500000000124601e+03 7.339390867855399847e-05
4.774400000000125146e+03 7.555245247203856707e-05
4.775300000000124783e+03 7.570987509097903967e-05
4.776200000000124419e+03 7.503935194108635187e-05
4.777100000000124965e+03 7.540299702668562531e-05
4.778000000000125510e+03 7.565043779322877526e-05
4.778900000000125146e+03 7.470505806850269437e-05
4.779800000000124783e+03 7.375919085461646318e-05
4.780700000000125328e+03 7.383959018625319004e-05
4.781600000000125874e+03 7.369094237219542265e-05
4.782500000000125510e+03 7.217300299089401960e-05
4.783400000000125146e+03 7.105328404577448964e-05
4.784300000000125692e+03 7.198841194622218609e-05
4.785200000000126238e+03 7.231944618979468942e-05
4.786100000000125874e+03 7.054156594676896930e-05
4.787000000000125510e+03 6.999526522122323513e-05
4.787900000000126056e+03 7.096677290974184871e-05
4.788800000000126602e+03 7.076709152897819877e-05
4.789700000000126238e+03 7.050108251860365272e-05
4.790600000000125874e+03 7.153932529035955667e-05
4.791500000000126420e+03 7.257739343913272023e-05
4.792400000000126965e+03 7.354940316872671247e-05
4.793300000000126602e+03 7.548241410404443741e-05
4.794200000000126238e+03 7.743376772850751877e-05
4.795100000000126784e+03 7.795873534632846713e-05
4.796000000000127329e+03 7.705827738391235471e-05
4.796900000000126965e+03 7.550300506409257650e-05
4.797800000000126602e+03 7.348118379013612866e-05
4.798700000000127147e+03 7.156656647566705942e-05
4.799600000000127693e+03 7.096677290974184871e-05
4.800500000000127329e+03 7.216520316433161497e-05
4.801400000000126965e+03 7.452764111803844571e-05
4.802300000000127511e+03 7.627726154169067740e-05
4.803200000000128057e+03 7.618954987265169621e-05
4.804100000000127693e+03 7.433632708853110671e-05
4.805000000000127329e+03 7.238227408379316330e-05
4.805900000000127875e+03 7.201823609648272395e-05
4.806800000000128421e+03 7.199047831818461418e-05
4.807700000000128057e+03 7.141866080928593874e-05
4.808600000000127693e+03 7.162015390349552035e-05
4.809500000000128239e+03 7.274386734934523702e-05
4.810400000000128784e+03 7.346634083660319448e-05
4.811300000000128421e+03 7.354281115112826228e-05
4.812200000000128057e+03 7.359877054113894701e-05
4.813100000000128603e+03 7.382236071862280369e-05
4.814000000000129148e+03 7.415405707433819771e-05
4.814900000000128784e+03 7.452956924680620432e-05
4.815800000000128421e+03 7.509359420510008931e-05
4.816700000000128966e+03 7.577396900160238147e-05
4.817600000000129512e+03 7.620789256179705262e-05
4.818500000000129148e+03 7.662052667001262307e-05
4.819400000000128784e+03 7.681951683480292559e-05
4.820300000000129330e+03 7.641228876309469342e-05
4.821200000000129876e+03 7.583383558085188270e-05
4.822100000000129512e+03 7.415683649014681578e-05
4.823000000000129148e+03 7.091448060236871243e-05
4.823900000000129694e+03 6.944229971850290895e-05
4.824800000000130240e+03 7.158920925576239824e-05
4.825700000000129876e+03 7.437899330398067832e-05
4.826600000000129512e+03 7.512701267842203379e-05
4.827500000000130058e+03 7.407294469885528088e-05
4.828400000000130603e+03 7.287084008567035198e-05
4.829300000000130240e+03 7.279776764335110784e-05
4.830200000000129876e+03 7.321967132156714797e-05
4.831100000000130422e+03 7.208088936749845743e-05
4.832000000000130967e+03 7.069390267133712769e-05
4.832900000000130603e+03 7.167576404754072428e-05
4.833800000000130240e+03 7.379266025964170694e-05
4.834700000000130785e+03 7.458459003828465939e-05
4.835600000000131331e+03 7.403363269986584783e-05
4.836500000000130967e+03 7.381550676655024290e-05
4.837400000000130603e+03 7.398863090202212334e-05
4.838300000000131149e+03 7.283703598659485579e-05
4.839200000000131695e+03 7.080293289618566632e-05
4.840100000000131331e+03 6.991207192186266184e-05
4.841000000000130967e+03 7.085298420861363411e-05
4.841900000000131513e+03 7.166912109823897481e-05
4.842800000000132059e+03 7.095406908774748445e-05
4.843700000000131695e+03 7.089536666171625257e-05
4.844600000000131331e+03 7.274139352375641465e-05
4.845500000000131877e+03 7.442412606906145811e-05
4.846400000000132422e+03 7.424780051223933697e-05
4.847300000000132059e+03 7.221234409371390939e-05
4.848200000000131695e+03 6.981796468608081341e-05
4.849100000000132241e+03 6.964673229958862066e-05
4.850000000000132786e+03 7.147101132431998849e-05
4.850900000000132422e+03 7.224758155643939972e-05
4.851800000000132059e+03 7.171249308157712221e-05
4.852700000000132604e+03 7.140263915061950684e-05
4.853600000000133150e+03 7.006007945165038109e-05
4.854500000000132786e+03 6.652910815319046378e-05
4.855400000000132422e+03 6.368701724568381906e-05
4.856300000000132968e+03 6.448670319514349103e-05
4.857200000000133514e+03 6.639873026870191097e-05
4.858100000000133150e+03 6.533841224154457450e-05
4.859000000000132786e+03 6.039300569682382047e-05
4.859900000000133332e+03 5.246995715424418449e-05
4.860800000000133878e+03 4.511916995397768915e-05
4.861700000000133514e+03 4.504733078647404909e-05
4.862600000000133150e+03 5.239623715169727802e-05
4.863500000000133696e+03 5.894563219044357538e-05
4.864400000000134241e+03 6.202134682098403573e-05
4.865300000000133878e+03 6.439002754632383585e-05
4.866200000000133514e+03 6.650557770626619458e-05
4.867100000000134060e+03 6.756005313945934176e-05
4.868000000000134605e+03 6.811962521169334650e-05
4.868900000000134241e+03 6.884113099658861756e-05
4.869800000000133878e+03 6.770757318008691072e-05
4.870700000000134423e+03 6.384906737366691232e-05
4.871600000000134969e+03 6.144970393506810069e-05
4.872500000000134605e+03 6.366569868987426162e-05
4.873400000000134241e+03 6.732869951520115137e-05
4.874300000000134787e+03 6.881710578454658389e-05
4.875200000000135333e+03 6.874381506349891424e-05
4.876100000000134969e+03 6.921772001078352332e-05
4.877000000000134605e+03 6.999063771218061447e-05
4.877900000000135151e+03 7.059073686832562089e-05
4.878800000000135697e+03 7.260136044351384044e-05
4.879700000000135333e+03 7.433542486978694797e-05
4.880600000000134969e+03 7.274374365806579590e-05
4.881500000000135515e+03 7.023884245427325368e-05
4.882400000000136060e+03 7.038976764306426048e-05
4.883300000000135697e+03 7.159134838730096817e-05
4.884200000000135333e+03 7.076244219206273556e-05
4.885100000000135879e+03 6.849048077128827572e-05
4.886000000000136424e+03 6.727472646161913872e-05
4.886900000000136060e+03 6.800305709475651383e-05
4.887800000000135697e+03 6.918333383509889245e-05
4.888700000000136242e+03 6.928302900632843375e-05
4.889600000000136788e+03 6.769969331799075007e-05
4.890500000000136424e+03 6.466374179581180215e-05
4.891400000000136060e+03 6.416701944544911385e-05
4.892300000000136606e+03 6.871069490443915129e-05
4.893200000000137152e+03 7.388505036942660809e-05
4.894100000000136788e+03 7.683636067667976022e-05
4.895000000000136424e+03 7.829667447367683053e-05
4.895900000000136970e+03 7.861076301196590066e-05
4.896800000000137516e+03 7.839329191483557224e-05
4.897700000000137152e+03 7.808848022250458598e-05
4.898600000000136788e+03 7.651105261174961925e-05
4.899500000000137334e+03 7.383209594991058111e-05
4.900400000000137879e+03 7.304106839001178741e-05
4.901300000000137516e+03 7.426960655720904469e-05
4.902200000000137152e+03 7.409420504700392485e-05
4.903100000000137697e+03 7.242494757520034909e-05
4.904000000000138243e+03 7.231897325254976749e-05
4.904900000000137879e+03 7.472672587027773261e-05
4.905800000000137516e+03 7.731116056675091386e-05
4.906700000000138061e+03 7.755667320452630520e-05
4.907600000000138607e+03 7.565373380202800035e-05
4.908500000000138243e+03 7.308386557269841433e-05
4.909400000000137879e+03 7.037746399873867631e-05
4.910300000000138425e+03 6.880670116515830159e-05
4.911200000000138971e+03 6.982492050155997276e-05
4.912100000000138607e+03 7.217548409244045615e-05
4.913000000000138243e+03 7.372476829914376140e-05
4.913900000000138789e+03 7.470296259270980954e-05
4.914800000000139335e+03 7.631898188265040517e-05
4.915700000000138971e+03 7.744841423118487000e-05
4.916600000000138607e+03 7.620480755576863885e-05
4.917500000000139153e+03 7.225579611258581281e-05
4.918400000000139698e+03 6.699239747831597924e-05
4.919300000000139335e+03 6.286507414188235998e-05
4.920200000000138971e+03 6.165134254842996597e-05
4.921100000000139516e+03 6.420551653718575835e-05
4.922000000000140062e+03 6.859480345156043768e-05
4.922900000000139698e+03 7.062311487970873713e-05
4.923800000000139335e+03 6.958198355278000236e-05
4.924700000000139880e+03 6.914206460351124406e-05
4.925600000000140426e+03 7.163918053265661001e-05
4.926500000000140062e+03 7.453893340425565839e-05
4.927400000000139698e+03 7.556095079053193331e-05
4.928300000000140244e+03 7.633773930137977004e-05
4.929200000000140790e+03 7.749177893856540322e-05
4.930100000000140426e+03 7.773771358188241720e-05
4.931000000000140062e+03 7.749188807792961597e-05
4.931900000000140608e+03 7.601905963383615017e-05
4.932800000000141154e+03 7.191707118181511760e-05
4.933700000000140790e+03 6.857045082142576575e-05
4.934600000000140426e+03 7.003322389209643006e-05
4.935500000000140972e+03 7.325169281102716923e-05
4.936400000000141517e+03 7.324702164623886347e-05
4.937300000000141154e+03 7.000290497671812773e-05
4.938200000000140790e+03 6.650870636804029346e-05
4.939100000000141335e+03 6.620557542191818357e-05
4.940000000000141881e+03 7.002019992796704173e-05
4.940900000000141517e+03 7.438883767463266850e-05
4.941800000000141154e+03 7.601838296977803111e-05
4.942700000000141699e+03 7.648555765626952052e-05
4.943600000000142245e+03 7.739424472674727440e-05
4.944500000000141881e+03 7.713741069892421365e-05
4.945400000000141517e+03 7.542852108599618077e-05
4.946300000000142063e+03 7.483240915462374687e-05
4.947200000000142609e+03 7.623082638019695878e-05
4.948100000000142245e+03 7.759057916700839996e-05
4.949000000000141881e+03 7.786673086229711771e-05
4.949900000000142427e+03 7.800608727848157287e-05
4.950800000000142973e+03 7.847132656024768949e-05
4.951700000000142609e+03 7.808694499544799328e-05
4.952600000000142245e+03 7.659288530703634024e-05
4.953500000000142791e+03 7.555909542134031653e-05
4.954400000000143336e+03 7.530331640737131238e-05
4.955300000000142973e+03 7.423688657581806183e-05
4.956200000000142609e+03 6.967181980144232512e-05
4.957100000000143154e+03 6.330328324111178517e-05
4.958000000000143700e+03 6.287638098001480103e-05
4.958900000000143336e+03 6.926104106241837144e-05
4.959800000000142973e+03 7.486382673960179090e-05
4.960700000000143518e+03 7.615690265083685517e-05
4.961600000000144064e+03 7.531964365625753999e-05
4.962500000000143700e+03 7.513078890042379498e-05
4.963400000000143336e+03 7.540852675447240472e-05
4.964300000000143882e+03 7.410180114675313234e-05
4.965200000000144428e+03 7.158528023865073919e-05
4.966100000000144064e+03 7.034414738882333040e-05
4.967000000000143700e+03 7.059797644615173340e-05
4.967900000000144246e+03 7.093103340594097972e-05
4.968800000000144792e+03 7.134026964195072651e-05
4.969700000000144428e+03 7.178713713074102998e-05
4.970600000000144064e+03 7.233684300445020199e-05
4.971500000000144610e+03 7.361514872172847390e-05
4.972400000000145155e+03 7.472102151950821280e-05
4.973300000000144792e+03 7.543410902144387364e-05
4.974200000000144428e+03 7.614099013153463602e-05
4.975100000000144973e+03 7.601198740303516388e-05
4.976000000000145519e+03 7.524203829234465957e-05
4.976900000000145155e+03 7.424882642226293683e-05
4.977800000000144792e+03 7.248105976032093167e-05
4.978700000000145337e+03 7.108627323759719729e-05
4.979600000000145883e+03 7.097690831869840622e-05
4.980500000000145519e+03 7.021101919235661626e-05
4.981400000000145155e+03 6.716768257319927216e-05
4.982300000000145701e+03 6.366980960592627525e-05
4.983200000000146247e+03 6.286568532232195139e-05
4.984100000000145883e+03 6.465284241130575538e-05
4.985000000000145519e+03 6.681336526526138186e-05
4.985900000000146065e+03 6.918032886460423470e-05
4.986800000000146611e+03 7.217765960376709700e-05
4.987700000000146247e+03 7.389082747977226973e-05
4.988600000000145883e+03 7.335266855079680681e-05
4.989500000000146429e+03 7.197536615421995521e-05
4.990400000000146974e+03 7.071253639878705144e-05
4.991300000000146611e+03 7.082751108100637794e-05
4.992200000000146247e+03 7.231216295622289181e-05
4.993100000000146792e+03 7.233654469018802047e-05
4.994000000000147338e+03 7.160893437685444951e-05
4.994900000000146974e+03 7.267465844051912427e-05
4.995800000000146611e+03 7.390174869215115905e-05
4.996700000000147156e+03 7.377501606242731214e-05
4.997600000000147702e+03 7.309251668630167842e-05
4.998500000000147338e+03 7.140156230889260769e-05
4.999400000000146974e+03 6.892201054142788053e-05
5.000300000000147520e+03 6.769641186110675335e-05
5.001200000000148066e+03 6.795093213440850377e-05
5.002100000000147702e+03 6.863782618893310428e-05
5.003000000000147338e+03 6.943853804841637611e-05
5.003900000000147884e+03 6.938570732017979026e-05
5.004800000000148430e+03 6.726632273057475686e-05
5.005700000000148066e+03 6.436433613998815417e-05
5.006600000000147702e+03 6.427212065318599343e-05
5.007500000000148248e+03 6.788358587073162198e-05
5.008400000000148793e+03 7.167771400418132544e-05
5.009300000000148430e+03 7.266032480401918292e-05
5.010200000000148066e+03 7.162493420764803886e-05
5.011100000000148611e+03 6.937458238098770380e-05
5.012000000000149157e+03 6.617142935283482075e-05
5.012900000000148793e+03 6.373447831720113754e-05
5.013800000000148430e+03 6.288724398473277688e-05
5.014700000000148975e+03 6.416859832825139165e-05
5.015600000000149521e+03 6.685908738290891051e-05
5.016500000000149157e+03 6.787972961319610476e-05
5.017400000000148793e+03 6.649690476479008794e-05
5.018300000000149339e+03 6.569977267645299435e-05
5.019200000000149885e+03 6.728369771735742688e-05
5.020100000000149521e+03 6.911655509611591697e-05
5.021000000000149157e+03 6.893321551615372300e-05
5.021900000000149703e+03 6.748615123797208071e-05
5.022800000000150249e+03 6.765357829863205552e-05
5.023700000000149885e+03 6.972016126383095980e-05
5.024600000000149521e+03 7.105179247446358204e-05
5.025500000000150067e+03 7.111641025403514504e-05
5.026400000000150612e+03 6.994432624196633697e-05
5.027300000000150249e+03 6.813254731241613626e-05
5.028200000000149885e+03 6.876336556160822511e-05
5.029100000000150430e+03 7.132180326152592897e-05
5.030000000000150976e+03 7.259910489665344357e-05
5.030900000000150612e+03 7.293711678357794881e-05
5.031800000000150249e+03 7.419846951961517334e-05
5.032700000000150794e+03 7.588873268105089664e-05
5.033600000000151340e+03 7.603909034514799714e-05
5.034500000000150976e+03 7.320747681660577655e-05
5.035400000000150612e+03 6.892196688568219543e-05
5.036300000000151158e+03 6.750736065441742539e-05
5.037200000000151704e+03 6.918547296663746238e-05
5.038100000000151340e+03 6.935796409379690886e-05
5.039000000000150976e+03 6.652918818872421980e-05
5.039900000000151522e+03 6.227722769835963845e-05
5.040800000000152068e+03 5.886633880436420441e-05
5.041700000000151704e+03 6.042939276085235178e-05
5.042600000000151340e+03 6.653516902588307858e-05
5.043500000000151886e+03 7.148398435674607754e-05
5.044400000000152431e+03 7.396185537800192833e-05
5.045300000000152068e+03 7.586737046949565411e-05
5.046200000000151704e+03 7.669085607631132007e-05
5.047100000000152249e+03 7.491990982089191675e-05
5.048000000000152795e+03 7.112651655916124582e-05
5.048900000000152431e+03 6.823606963735073805e-05
5.049800000000152068e+03 6.771857442799955606e-05
5.050700000000152613e+03 6.813043728470802307e-05
5.051600000000153159e+03 6.840239802841097116e-05
5.052500000000152795e+03 6.975201540626585484e-05
5.053400000000152431e+03 7.217401434900239110e-05
5.054300000000152977e+03 7.410241960315033793e-05
5.055200000000153523e+03 7.491683936677873135e-05
5.056100000000153159e+03 7.483355875592678785e-05
5.057000000000152795e+03 7.469341653632000089e-05
5.057900000000153341e+03 7.490190182579681277e-05
5.058800000000153887e+03 7.496205944335088134e-05
5.059700000000153523e+03 7.500149513361975551e-05
5.060600000000153159e+03 7.584308332297950983e-05
5.061500000000153705e+03 7.675729284528642893e-05
5.062400000000154250e+03 7.631155312992632389e-05
5.063300000000153887e+03 7.355110574280843139e-05
5.064200000000153523e+03 6.916448182892054319e-05
5.065100000000154068e+03 6.719537486787885427e-05
5.066000000000154614e+03 6.907271017553284764e-05
5.066900000000154250e+03 7.066601392580196261e-05
5.067800000000153887e+03 7.014120637904852629e-05
5.068700000000154432e+03 7.003294740570709109e-05
5.069600000000154978e+03 7.180673856055364013e-05
5.070500000000154614e+03 7.286985055543482304e-05
5.071400000000154250e+03 7.112361345207318664e-05
5.072300000000154796e+03 6.951128307264298201e-05
5.073200000000155342e+03 7.062181975925341249e-05
5.074100000000154978e+03 7.191672921180725098e-05
5.075000000000154614e+03 7.136569183785468340e-05
5.075900000000155160e+03 7.091426959959790111e-05
5.076800000000155705e+03 7.188788003986701369e-05
5.077700000000155342e+03 7.165339047787711024e-05
5.078600000000154978e+03 6.748121086275205016e-05
5.079500000000155524e+03 6.280203524511307478e-05
5.080400000000156069e+03 6.261099770199507475e-05
5.081300000000155705e+03 6.566879164893180132e-05
5.082200000000155342e+03 6.770147592760622501e-05
5.083100000000155887e+03 6.789538747398182750e-05
5.084000000000156433e+03 6.876343104522675276e-05
5.084900000000156069e+03 7.086064579198136926e-05
5.085800000000155705e+03 7.222556450869888067e-05
5.086700000000156251e+03 7.203347195172682405e-05
5.087600000000156797e+03 7.161235407693311572e-05
5.088500000000156433e+03 7.210434705484658480e-05
5.089400000000156069e+03 7.274758536368608475e-05
5.090300000000156615e+03 7.268696208484470844e-05
5.091200000000157161e+03 7.282223668880760670e-05
5.092100000000156797e+03 7.396704313578084111e-05
5.093000000000156433e+03 7.519513746956363320e-05
5.093900000000156979e+03 7.521351653849706054e-05
5.094800000000157524e+03 7.404305506497621536e-05
5.095700000000157161e+03 7.244358130265027285e-05
5.096600000000156797e+03 7.054194429656490684e-05
5.097500000000157343e+03 6.807701720390468836e-05
5.098400000000157888e+03 6.538083107443526387e-05
5.099300000000157524e+03 6.498909351648762822e-05
5.100200000000157161e+03 6.815834785811603069e-05
5.101100000000157706e+03 7.179824751801788807e-05
5.102000000000158252e+03 7.314295362448319793e-05
5.102900000000157888e+03 7.247045869007706642e-05
5.103800000000157524e+03 7.138711225707083941e-05
5.104700000000158070e+03 7.079036731738597155e-05
5.105600000000158616e+03 7.034977170405909419e-05
5.106500000000158252e+03 6.902981840539723635e-05
5.107400000000157888e+03 6.757848314009606838e-05
5.108300000000158434e+03 6.773953646188601851e-05
5.109200000000158980e+03 6.798838876420632005e-05
5.110100000000158616e+03 6.761947588529437780e-05
5.111000000000158252e+03 6.894815305713564157e-05
5.111900000000158798e+03 7.116627239156514406e-05
5.112800000000159343e+03 7.211448973976075649e-05
5.113700000000158980e+03 7.250987982843071222e-05
5.114600000000158616e+03 7.290171924978494644e-05
5.115500000000159162e+03 7.315362745430320501e-05
5.116400000000159707e+03 7.407391240121796727e-05
5.117300000000159343e+03 7.528501737397164106e-05
5.118200000000158980e+03 7.547522545792162418e-05
5.119100000000159525e+03 7.461903442163020372e-05
5.120000000000160071e+03 7.322960300371050835e-05
5.120900000000159707e+03 7.174343045335263014e-05
5.121800000000159343e+03 7.017797179287299514e-05
5.122700000000159889e+03 6.780769763281568885e-05
5.123600000000160435e+03 6.564989598700776696e-05
5.124500000000160071e+03 6.567862874362617731e-05
5.125400000000159707e+03 6.705864507239311934e-05
5.126300000000160253e+03 6.788973405491560698e-05
5.127200000000160799e+03 6.777365342713892460e-05
5.128100000000160435e+03 6.745583232259377837e-05
5.129000000000160071e+03 6.720314559061080217e-05
5.129900000000160617e+03 6.769565516151487827e-05
5.130800000000161162e+03 6.913844117661938071e-05
5.131700000000160799e+03 7.030889537418261170e-05
5.132600000000160435e+03 7.056652975734323263e-05
5.133500000000160981e+03 7.065739919198676944e-05
5.134400000000161526e+03 7.197928061941638589e-05
5.135300000000161162e+03 7.312130037462338805e-05
5.136200000000160799e+03 7.172937330324202776e-05
5.137100000000161344e+03 6.927464710315689445e-05
5.138000000000161890e+03 6.743949052179232240e-05
5.138900000000161526e+03 6.610769924009218812e-05
5.139800000000161162e+03 6.722416583215817809e-05
5.140700000000161708e+03 6.946521898498758674e-05
5.141600000000162254e+03 6.812385981902480125e-05
5.142500000000161890e+03 6.547741941176354885e-05
5.143400000000161526e+03 6.660504004685208201e-05
5.144300000000162072e+03 6.914960249559953809e-05
5.145200000000162618e+03 6.907447095727548003e-05
5.146100000000162254e+03 6.757240771548822522e-05
5.147000000000161890e+03 6.676904740743339062e-05
5.147900000000162436e+03 6.737455987604334950e-05
5.148800000000162981e+03 6.902679888298735023e-05
5.149700000000162618e+03 6.954877608222886920e-05
5.150600000000162254e+03 6.809092883486300707e-05
5.151500000000162800e+03 6.668412243016064167e-05
5.152400000000163345e+03 6.647964619332924485e-05
5.153300000000162981e+03 6.673406460322439671e-05
5.154200000000162618e+03 6.741949619026854634e-05
5.155100000000163163e+03 6.911122909514233470e-05
5.156000000000163709e+03 7.127892604330554605e-05
5.156900000000163345e+03 7.316589471884071827e-05
5.157800000000162981e+03 7.396779983537271619e-05
5.158700000000163527e+03 7.358134462265297771e-05
5.159600000000164073e+03 7.353162072831764817e-05
5.160500000000163709e+03 7.386945071630179882e-05
5.161400000000163345e+03 7.276876567630097270e-05
5.162300000000163891e+03 7.107307465048506856e-05
5.163200000000164437e+03 7.074567110976204276e-05
5.164100000000164073e+03 6.979999307077378035e-05
5.165000000000163709e+03 6.568372191395610571e-05
5.165900000000164255e+03 5.902022530790418386e-05
5.166800000000164800e+03 5.252570554148405790e-05
5.167700000000164437e+03 5.020231037633493543e-05
5.168600000000164073e+03 5.364653407013975084e-05
5.169500000000164619e+03 5.966320532024838030e-05
5.170400000000165164e+03 6.183049845276400447e-05
5.171300000000164800e+03 5.660983151756227016e-05
5.172200000000164437e+03 4.979354707757011056e-05
5.173100000000164982e+03 5.046186561230570078e-05
5.174000000000165528e+03 5.867133586434647441e-05
5.174900000000165164e+03 6.633135490119457245e-05
5.175800000000164800e+03 6.912703975103795528e-05
5.176700000000165346e+03 6.956118158996105194e-05
5.177600000000165892e+03 7.014062430243939161e-05
5.178500000000165528e+03 7.040283526293933392e-05
5.179400000000165164e+03 6.982014747336506844e-05
5.180300000000165710e+03 6.862697046017274261e-05
5.181200000000166256e+03 6.578779721166938543e-05
5.182100000000165892e+03 5.911062544328160584e-05
5.183000000000165528e+03 5.072380372439511120e-05
5.183900000000166074e+03 4.889538831776008010e-05
5.184800000000166619e+03 5.630193118122406304e-05
5.185700000000166256e+03 6.516755820484831929e-05
5.186600000000165892e+03 6.952806143090128899e-05
5.187500000000166438e+03 6.962078623473644257e-05
5.188400000000166983e+03 6.878947897348552942e-05
5.189300000000166619e+03 7.003649079706519842e-05
5.190200000000166256e+03 7.059984636725857854e-05
5.191100000000166801e+03 6.671639857813715935e-05
5.192000000000167347e+03 6.231857696548104286e-05
5.192900000000166983e+03 6.286914140218868852e-05
5.193800000000166619e+03 6.588182441191747785e-05
5.194700000000167165e+03 6.659300561295822263e-05
5.195600000000167711e+03 6.640530773438513279e-05
5.196500000000167347e+03 6.766429578419774771e-05
5.197400000000166983e+03 6.913263496244326234e-05
5.198300000000167529e+03 7.020562043180689216e-05
5.199200000000168075e+03 7.141676906030625105e-05
5.200100000000167711e+03 7.203954737633466721e-05
5.201000000000167347e+03 7.149331941036507487e-05
5.201900000000167893e+03 7.049064151942729950e-05
5.202800000000168438e+03 6.970448157517239451e-05
5.203700000000168075e+03 6.769613537471741438e-05
5.204600000000167711e+03 6.400518759619444609e-05
5.205500000000168257e+03 6.180405762279406190e-05
5.206400000000168802e+03 6.249131547519937158e-05
5.207300000000168438e+03 6.282277172431349754e-05
5.208200000000168075e+03 6.151018897071480751e-05
5.209100000000168620e+03 6.213921733433380723e-05
5.210000000000169166e+03 6.502908217953518033e-05
5.210900000000168802e+03 6.816263339715078473e-05
5.211800000000168438e+03 7.111502782208845019e-05
5.212700000000168984e+03 7.323511090362444520e-05
5.213600000000169530e+03 7.346647180384024978e-05
5.214500000000169166e+03 7.132775499485433102e-05
5.215400000000168802e+03 6.842711445642635226e-05
5.216300000000169348e+03 6.732781184837222099e-05
5.217200000000169894e+03 6.859847781015560031e-05
5.218100000000169530e+03 7.093671592883765697e-05
5.219000000000169166e+03 7.270787318702787161e-05
5.219900000000169712e+03 7.343903416767716408e-05
5.220800000000170257e+03 7.391114922938868403e-05
5.221700000000169894e+03 7.391075632767751813e-05
5.222600000000169530e+03 7.268053013831377029e-05
5.223500000000170076e+03 7.029643165878951550e-05
5.224400000000170621e+03 6.713876064168289304e-05
5.225300000000170257e+03 6.344480061670765281e-05
5.226200000000169894e+03 5.984802919556386769e-05
5.227100000000170439e+03 5.979617344564758241e-05
5.228000000000170985e+03 6.497335562016814947e-05
5.228900000000170621e+03 7.021477358648553491e-05
5.229800000000170257e+03 7.224064029287546873e-05
5.230700000000170803e+03 7.308961357921361923e-05
5.231600000000171349e+03 7.239198748720809817e-05
5.232500000000170985e+03 6.937388388905674219e-05
5.233400000000170621e+03 6.732135079801082611e-05
5.234300000000171167e+03 6.777227099519222975e-05
5.235200000000171713e+03 6.960551399970427155e-05
5.236100000000171349e+03 7.220809493446722627e-05
5.237000000000170985e+03 7.416096195811405778e-05
5.237900000000171531e+03 7.456219464074820280e-05
5.238800000000172076e+03 7.403326890198513865e-05
5.239700000000171713e+03 7.370662206085398793e-05
5.240600000000171349e+03 7.406160148093476892e-05
5.241500000000171894e+03 7.410180114675313234e-05
5.242400000000172440e+03 7.343403558479622006e-05
5.243300000000172076e+03 7.365705096162855625e-05
5.244200000000171713e+03 7.513849413953721523e-05
5.245100000000172258e+03 7.520254439441487193e-05
5.246000000000172804e+03 7.200043182820081711e-05
5.246900000000172440e+03 6.843484879937022924e-05
5.247800000000172076e+03 6.836370448581874371e-05
5.248700000000172622e+03 6.972488336032256484e-05
5.249600000000173168e+03 6.867483170935884118e-05
5.250500000000172804e+03 6.720324017805978656e-05
5.251400000000172440e+03 6.831817881902679801e-05
5.252300000000172986e+03 7.046812970656901598e-05
5.253200000000173532e+03 7.119117799447849393e-05
5.254100000000173168e+03 6.987718370510265231e-05
5.255000000000172804e+03 6.867598858661949635e-05
5.255900000000173350e+03 7.065168028930202127e-05
5.256800000000173895e+03 7.429057586705312133e-05
5.257700000000173532e+03 7.643166463822126389e-05
5.258600000000173168e+03 7.668598118470981717e-05
5.259500000000173713e+03 7.555132469860836864e-05
5.260400000000174259e+03 7.328746141865849495e-05
5.261300000000173895e+03 6.983866478549316525e-05
5.262200000000173532e+03 6.607682735193520784e-05
5.263100000000174077e+03 6.329466123133897781e-05
5.264000000000174623e+03 6.141516496427357197e-05
5.264900000000174259e+03 5.990146746626123786e-05
5.265800000000173895e+03 5.988488192087970674e-05
5.266700000000174441e+03 6.323685374809429049e-05
5.267600000000174987e+03 6.608636613236740232e-05
5.268500000000174623e+03 6.259711517486721277e-05
5.269400000000174259e+03 5.660622628056444228e-05
5.270300000000174805e+03 5.732042336603626609e-05
5.271200000000175351e+03 6.429145287256687880e-05
5.272100000000174987e+03 6.917596329003572464e-05
5.273000000000174623e+03 6.961669714655727148e-05
5.273900000000175169e+03 6.873652455396950245e-05
5.274800000000175714e+03 6.748781015630811453e-05
5.275700000000175351e+03 6.744800339220091701e-05
5.276600000000174987e+03 7.081791409291327000e-05
5.277500000000175532e+03 7.495035970350727439e-05
5.278400000000176078e+03 7.639254181412979960e-05
5.279300000000175714e+03 7.510455179726704955e-05
5.280200000000175351e+03 7.278226985363289714e-05
5.281100000000175896e+03 7.077974441926926374e-05
5.282000000000176442e+03 6.928002403583377600e-05
5.282900000000176078e+03 6.792918429709970951e-05
5.283800000000175714e+03 6.786220910726115108e-05
5.284700000000176260e+03 7.104923861334100366e-05
5.285600000000176806e+03 7.548910070909187198e-05
5.286500000000176442e+03 7.757983257761225104e-05
5.287400000000176078e+03 7.700167043367400765e-05
5.288300000000176624e+03 7.590928726131096482e-05
5.289200000000177170e+03 7.603660196764394641e-05
5.290100000000176806e+03 7.702819129917770624e-05
5.291000000000176442e+03 7.743512105662375689e-05
5.291900000000176988e+03 7.661091513000428677e-05
5.292800000000177533e+03 7.541815284639596939e-05
5.293700000000177170e+03 7.514431490562856197e-05
5.294600000000176806e+03 7.502657535951584578e-05
5.295500000000177351e+03 7.311124500120058656e-05
5.296400000000177897e+03 6.915287667652592063e-05
5.297300000000177533e+03 6.550593388965353370e-05
5.298200000000177170e+03 6.553981802426278591e-05
5.299100000000177715e+03 6.917172868270426989e-05
5.300000000000178261e+03 7.179112435551360250e-05
5.300900000000177897e+03 7.152651960495859385e-05
5.301800000000177533e+03 7.107802230166271329e-05
5.302700000000178079e+03 7.254267984535545111e-05
5.303600000000178625e+03 7.529982394771650434e-05
5.304500000000178261e+03 7.729522621957585216e-05
5.305400000000177897e+03 7.734198152320459485e-05
5.306300000000178443e+03 7.577783981105312705e-05
5.307200000000178989e+03 7.445618393830955029e-05
5.308100000000178625e+03 7.499256025766953826e-05
5.309000000000178261e+03 7.658980030100792646e-05
5.309900000000178807e+03 7.740450382698327303e-05
5.310800000000179352e+03 7.710685167694464326e-05
5.311700000000178989e+03 7.640811963938176632e-05
5.312600000000178625e+03 7.564473344245925546e-05
5.313500000000179170e+03 7.527268462581560016e-05
5.314400000000179716e+03 7.520405051764100790e-05
5.315300000000179352e+03 7.423850183840841055e-05
5.316200000000178989e+03 7.256020762724801898e-05
5.317100000000179534e+03 7.231148629216477275e-05
5.318000000000180080e+03 7.359119626926258206e-05
5.318900000000179716e+03 7.435413135681301355e-05
5.319800000000179352e+03 7.434065628331154585e-05
5.320700000000179898e+03 7.421928603434935212e-05
5.321600000000180444e+03 7.393061241600662470e-05
5.322500000000180080e+03 7.287044718395918608e-05
5.323400000000179716e+03 7.069009734550490975e-05
5.324300000000180262e+03 6.950637907721102238e-05
5.325200000000180808e+03 7.068770355544984341e-05
5.326100000000180444e+03 7.055819150991737843e-05
5.327000000000180080e+03 6.538386514876037836e-05
5.327900000000180626e+03 5.887911902391351759e-05
5.328800000000181171e+03 5.909901665290817618e-05
5.329700000000180808e+03 6.565560033777728677e-05
5.330600000000180444e+03 7.131769962143152952e-05
5.331500000000180989e+03 7.286266918526962399e-05
5.332400000000181535e+03 7.212849595816805959e-05
5.333300000000181171e+03 7.245093001984059811e-05
5.334200000000180808e+03 7.432307756971567869e-05
5.335100000000181353e+03 7.535253098467364907e-05
5.336000000000181899e+03 7.460633787559345365e-05
5.336900000000181535e+03 7.368686055997386575e-05
5.337800000000181171e+03 7.362387987086549401e-05
5.338700000000181717e+03 7.256575918290764093e-05
5.339600000000182263e+03 6.932154064998030663e-05
5.340500000000181899e+03 6.701720121782273054e-05
5.341400000000181535e+03 6.875333929201588035e-05
5.342300000000182081e+03 7.219023973448202014e-05
5.343200000000182627e+03 7.400781032629311085e-05
5.344100000000182263e+03 7.409690442727878690e-05
5.345000000000181899e+03 7.293523231055587530e-05
5.345900000000182445e+03 7.210711191873997450e-05
5.346800000000182990e+03 7.258916593855246902e-05
5.347700000000182627e+03 7.211053161881864071e-05
5.348600000000182263e+03 7.041633216431364417e-05
5.349500000000182808e+03 7.033193105598911643e-05
5.350400000000183354e+03 7.268681656569242477e-05
5.351300000000182990e+03 7.514684693887829781e-05
5.352200000000182627e+03 7.571653986815363169e-05
5.353100000000183172e+03 7.547246059402823448e-05
5.354000000000183718e+03 7.643693970749154687e-05
5.354900000000183354e+03 7.801237370586022735e-05
5.355800000000182990e+03 7.858700701035559177e-05
5.356700000000183536e+03 7.846604421501979232e-05
5.357600000000184082e+03 7.839959289412945509e-05
5.358500000000183718e+03 7.838493183953687549e-05
5.359400000000183354e+03 7.813882984919473529e-05
5.360300000000183900e+03 7.713530794717371464e-05
5.361200000000184446e+03 7.535154145443812013e-05
5.362100000000184082e+03 7.396555884042754769e-05
5.363000000000183718e+03 7.365328201558440924e-05
5.363900000000184264e+03 7.324017497012391686e-05
5.364800000000184809e+03 7.225278386613354087e-05
5.365700000000184446e+03 7.217426173156127334e-05
5.366600000000184082e+03 7.274327799677848816e-05
5.367500000000184627e+03 7.295254908967763186e-05
5.368400000000185173e+03 7.230453775264322758e-05
5.369300000000184809e+03 6.971742550376802683e-05
5.370200000000184446e+03 6.616127939196303487e-05
5.371100000000184991e+03 6.474141991930082440e-05
5.372000000000185537e+03 6.764272256987169385e-05
5.372900000000185173e+03 7.263934094225987792e-05
5.373800000000184809e+03 7.588786684209480882e-05
5.374700000000185355e+03 7.709739293204620481e-05
5.375600000000185901e+03 7.686074968660250306e-05
5.376500000000185537e+03 7.584817649330943823e-05
5.377400000000185173e+03 7.560804078821092844e-05
5.378300000000185719e+03 7.608898886246606708e-05
5.379200000000186265e+03 7.581036334158852696e-05
5.380100000000185901e+03 7.466739043593406677e-05
5.381000000000185537e+03 7.388162339339032769e-05
5.381900000000186083e+03 7.348310464294627309e-05
5.382800000000186628e+03 7.284108869498595595e-05
5.383700000000186265e+03 7.307821942958980799e-05
5.384600000000185901e+03 7.452561112586408854e-05
5.385500000000186446e+03 7.546037522843107581e-05
5.386400000000186992e+03 7.536131306551396847e-05
5.387300000000186628e+03 7.488905976060777903e-05
5.388200000000186265e+03 7.398267189273610711e-05
5.389100000000186810e+03 7.253172225318849087e-05
5.390000000000187356e+03 7.146234565880149603e-05
5.390900000000186992e+03 7.118791836546733975e-05
5.391800000000186628e+03 7.119964720914140344e-05
5.392700000000187174e+03 7.106213888619095087e-05
5.393600000000187720e+03 7.095743785612285137e-05
5.394500000000187356e+03 7.115581684047356248e-05
5.395400000000186992e+03 7.028521940810605884e-05
5.396300000000187538e+03 6.739194213878363371e-05
5.397200000000188084e+03 6.605373346246778965e-05
5.398100000000187720e+03 6.891215889481827617e-05
5.399000000000187356e+03 7.209346949821338058e-05
5.399900000000187902e+03 7.253350486280396581e-05
5.400800000000188447e+03 7.241680577863007784e-05
5.401700000000188084e+03 7.332165841944515705e-05
5.402600000000187720e+03 7.288923370651900768e-05
5.403500000000188265e+03 6.957250298000872135e-05
5.404400000000188811e+03 6.554080027854070067e-05
5.405300000000188447e+03 6.365742592606693506e-05
5.406200000000188084e+03 6.521678733406588435e-05
5.407100000000188629e+03 6.862685404485091567e-05
5.408000000000189175e+03 7.021496276138350368e-05
5.408900000000188811e+03 6.870743527542799711e-05
5.409800000000188447e+03 6.717060750816017389e-05
5.410700000000188993e+03 6.869901699246838689e-05
5.411600000000189539e+03 7.205986184999346733e-05
5.412500000000189175e+03 7.422078488161787391e-05
5.413400000000188811e+03 7.421218469971790910e-05
5.414300000000189357e+03 7.320057193282991648e-05
5.415200000000189902e+03 7.313054811675101519e-05
5.416100000000189539e+03 7.464325608452782035e-05
5.417000000000189175e+03 7.589146844111382961e-05
5.417900000000189721e+03 7.559813093394041061e-05
5.418800000000190266e+03 7.437472231686115265e-05
5.419700000000189902e+03 7.315669790841639042e-05
5.420600000000189539e+03 7.290812936844304204e-05
5.421500000000190084e+03 7.396972796414047480e-05
5.422400000000190630e+03 7.437908061547204852e-05
5.423300000000190266e+03 7.243501022458076477e-05
5.424200000000189902e+03 7.069140701787546277e-05
5.425100000000190448e+03 7.199669926194474101e-05
5.426000000000190994e+03 7.492161967093124986e-05
5.426900000000190630e+03 7.667879981454461813e-05
5.427800000000190266e+03 7.498637569369748235e-05
5.428700000000190812e+03 7.000452751526609063e-05
5.429600000000191358e+03 6.697826029267162085e-05
5.430500000000190994e+03 6.925837078597396612e-05
5.431400000000190630e+03 7.203543646028265357e-05
5.432300000000191176e+03 7.145183190004900098e-05
5.433200000000191721e+03 6.943910557311028242e-05
5.434100000000191358e+03 6.796578963985666633e-05
5.435000000000190994e+03 6.794665387133136392e-05
5.435900000000191540e+03 6.935984129086136818e-05
5.436800000000192085e+03 7.158833614084869623e-05
5.437700000000191721e+03 7.421641930704936385e-05
5.438600000000191358e+03 7.627698505530133843e-05
5.439500000000191903e+03 7.726873445790261030e-05
5.440400000000192449e+03 7.742621528450399637e-05
5.441300000000192085e+03 7.724529132246971130e-05
5.442200000000191721e+03 7.730352808721363544e-05
5.443100000000192267e+03 7.713763625361025333e-05
5.444000000000192813e+03 7.550176087534055114e-05
5.444900000000192449e+03 7.204084977274760604e-05
5.445800000000192085e+03 6.768789899069815874e-05
5.446700000000192631e+03 6.548056262545287609e-05
5.447600000000193177e+03 6.785870937164872885e-05
5.448500000000192813e+03 7.197317609097808599e-05
5.449400000000192449e+03 7.426199590554460883e-05
5.450300000000192995e+03 7.464127702405676246e-05
5.451200000000193540e+03 7.429263496305793524e-05
5.452100000000193177e+03 7.381469913525506854e-05
5.453000000000192813e+03 7.278665725607424974e-05
5.453900000000193359e+03 7.022610952844843268e-05
5.454800000000193904e+03 6.667511479463428259e-05
5.455700000000193540e+03 6.582107016583904624e-05
5.456600000000193177e+03 6.926505011506378651e-05
5.457500000000193722e+03 7.329868822125717998e-05
5.458400000000194268e+03 7.501030631829053164e-05
5.459300000000193904e+03 7.455999730154871941e-05
5.460200000000193540e+03 7.331454253289848566e-05
5.461100000000194086e+03 7.206634472822770476e-05
5.462000000000194632e+03 7.026351522654294968e-05
5.462900000000194268e+03 6.882198795210570097e-05
5.463800000000193904e+03 6.984513311181217432e-05
5.464700000000194450e+03 7.207032467704266310e-05
5.465600000000194996e+03 7.277057738974690437e-05
5.466500000000194632e+03 7.257908146129921079e-05
5.467400000000194268e+03 7.312734669540077448e-05
5.468300000000194814e+03 7.361039752140641212e-05
5.469200000000195359e+03 7.290251232916489244e-05
5.470100000000194996e+03 7.186490984167903662e-05
5.471000000000194632e+03 7.184769492596387863e-05
5.471900000000195178e+03 7.191394979599863291e-05
5.472800000000195723e+03 7.083972741384059191e-05
5.473700000000195359e+03 7.008644024608656764e-05
5.474600000000194996e+03 6.994382420089095831e-05
5.475500000000195541e+03 6.781920819776132703e-05
5.476400000000196087e+03 6.484360346803441644e-05
5.477300000000195723e+03 6.572991696884855628e-05
5.478200000000195359e+03 6.994848808972164989e-05
5.479100000000195905e+03 7.255883974721655250e-05
5.480000000000196451e+03 7.131657912395894527e-05
5.480900000000196087e+03 6.872830999782308936e-05
5.481800000000195723e+03 6.826798198744654655e-05
5.482700000000196269e+03 6.989783287281170487e-05
5.483600000000196815e+03 7.209884643089026213e-05
5.484500000000196451e+03 7.405465294141322374e-05
5.485400000000196087e+03 7.451633427990600467e-05
5.486300000000196633e+03 7.285247556865215302e-05
5.487200000000197178e+03 7.079944043653085828e-05
5.488100000000196815e+03 7.067832484608516097e-05
5.489000000000196451e+03 7.165970600908622146e-05
5.489900000000196997e+03 7.205449219327419996e-05
5.490800000000197542e+03 7.261852442752569914e-05
5.491700000000197178e+03 7.330367225222289562e-05
5.492600000000196815e+03 7.277554686879739165e-05
5.493500000000197360e+03 7.192049088189378381e-05
5.494400000000197906e+03 7.241728599183261395e-05
5.495300000000197542e+03 7.314308459172025323e-05
5.496200000000197178e+03 7.207663293229416013e-05
5.497100000000197724e+03 7.048365660011768341e-05
5.498000000000198270e+03 7.136412750696763396e-05
5.498900000000197906e+03 7.369263039436191320e-05
5.499800000000197542e+03 7.388005178654566407e-05
5.500700000000198088e+03 7.171295874286442995e-05
5.501600000000198634e+03 7.007793465163558722e-05
5.502500000000198270e+03 7.042106881272047758e-05
5.503400000000197906e+03 7.154452760005369782e-05
5.504300000000198452e+03 7.201684638857841492e-05
5.505200000000198997e+03 7.082153024384751916e-05
5.506100000000198634e+03 6.905635382281616330e-05
5.507000000000198270e+03 6.955084973014891148e-05
5.507900000000198816e+03 7.175813516369089484e-05
5.508800000000199361e+03 7.275410462170839310e-05
5.509700000000198997e+03 7.232309872051700950e-05
5.510600000000198634e+03 7.130539597710594535e-05
5.511500000000199179e+03 6.950348324608057737e-05
5.512400000000199725e+03 6.797816604375839233e-05
5.513300000000199361e+03 6.803552969358861446e-05
5.514200000000198997e+03 6.910527736181393266e-05
5.515100000000199543e+03 7.045043457765132189e-05
5.516000000000200089e+03 7.150338205974549055e-05
5.516900000000199725e+03 7.251565693877637386e-05
5.517800000000199361e+03 7.404636562569066882e-05
5.518700000000199907e+03 7.510586874559521675e-05
5.519600000000200453e+03 7.499284402001649141e-05
5.520500000000200089e+03 7.439297769451513886e-05
5.521400000000199725e+03 7.402295887004584074e-05
5.522300000000200271e+03 7.396304863505065441e-05
5.523200000000200816e+03 7.412000559270381927e-05
5.524100000000200453e+03 7.399290188914164901e-05
5.525000000000200089e+03 7.308450585696846247e-05
5.525900000000200635e+03 7.158533117035403848e-05
5.526800000000201180e+03 6.952084368094801903e-05
5.527700000000200816e+03 6.761906115571036935e-05
5.528600000000200453e+03 6.805313023505732417e-05
5.529500000000200998e+03 7.095118780853226781e-05
5.530400000000201544e+03 7.335047121159732342e-05
5.531300000000201180e+03 7.375043787760660052e-05
5.532200000000200816e+03 7.315121183637529612e-05
5.533100000000201362e+03 7.253648072946816683e-05
5.534000000000201908e+03 7.165427814470604062e-05
5.534900000000201544e+03 7.086481491569429636e-05
5.535800000000201180e+03 7.143288530642166734e-05
5.536700000000201726e+03 7.253071817103773355e-05
5.537600000000202272e+03 7.281544094439595938e-05
5.538500000000201908e+03 7.311270746868103743e-05
5.539400000000201544e+03 7.415787695208564401e-05
5.540300000000202090e+03 7.518644997617229819e-05
5.541200000000202635e+03 7.523263047914952040e-05
5.542100000000202272e+03 7.405722135445103049e-05
5.543000000000201908e+03 7.268230547197163105e-05
5.543900000000202454e+03 7.243707659654319286e-05
5.544800000000202999e+03 7.278178964043036103e-05
5.545700000000202635e+03 7.269735215231776237e-05
5.546600000000202272e+03 7.295915565919131041e-05
5.547500000000202817e+03 7.421866757795214653e-05
5.548400000000203363e+03 7.536433258792385459e-05
5.549300000000202999e+03 7.562850805697962642e-05
5.550200000000202635e+03 7.556648051831871271e-05
5.551100000000203181e+03 7.534042379120364785e-05
5.552000000000203727e+03 7.464750524377450347e-05
5.552900000000203363e+03 7.339382136706262827e-05
5.553800000000202999e+03 7.227552850963547826e-05
5.554700000000203545e+03 7.226040906971320510e-05
5.555600000000204091e+03 7.305058534257113934e-05
5.556500000000203727e+03 7.338792056543752551e-05
5.557400000000203363e+03 7.312983507290482521e-05
5.558300000000203909e+03 7.316368282772600651e-05
5.559200000000204454e+03 7.340813317568972707e-05
5.560100000000204091e+03 7.333520625252276659e-05
5.561000000000203727e+03 7.298752461792901158e-05
5.561900000000204273e+03 7.215965160867199302e-05
5.562800000000204818e+03 7.127684511942788959e-05
5.563700000000204454e+03 7.127645949367433786e-05
5.564600000000204091e+03 7.137110515031963587e-05
5.565500000000204636e+03 7.081755029503256083e-05
5.566400000000205182e+03 7.065969111863523722e-05
5.567300000000204818e+03 7.120140799088403583e-05
5.568200000000204454e+03 7.128101424314081669e-05
5.569100000000205000e+03 7.070345600368455052e-05
5.570000000000205546e+03 7.117726636352017522e-05
5.570900000000205182e+03 7.224922592286020517e-05
5.571800000000204818e+03 7.134520274121314287e-05
5.572700000000205364e+03 6.992637645453214645e-05
5.573600000000205910e+03 7.098200876498594880e-05
5.574500000000205546e+03 7.271268987096846104e-05
5.575400000000205182e+03 7.262844155775383115e-05
5.576300000000205728e+03 7.229098991956561804e-05
5.577200000000206273e+03 7.283816376002505422e-05
5.578100000000205910e+03 7.300952711375430226e-05
5.579000000000205546e+03 7.311474473681300879e-05
5.579900000000206091e+03 7.364553312072530389e-05
5.580800000000206637e+03 7.328515494009479880e-05
5.581700000000206273e+03 7.231104245875030756e-05
5.582600000000205910e+03 7.230294431792572141e-05
5.583500000000206455e+03 7.275909592863172293e-05
5.584400000000207001e+03 7.238418038468807936e-05
5.585300000000206637e+03 7.073942833812907338e-05
5.586200000000206273e+03 6.802780990255996585e-05
5.587100000000206819e+03 6.567533273482695222e-05
5.588000000000207365e+03 6.494275294244289398e-05
5.588900000000207001e+03 6.568543176399543881e-05
5.589800000000206637e+03 6.744066195096820593e-05
5.590700000000207183e+03 6.930133531568571925e-05
5.591600000000207729e+03 7.012358400970697403e-05
5.592500000000207365e+03 6.992016278672963381e-05
5.593400000000207001e+03 6.918117287568747997e-05
5.594300000000207547e+03 6.908862997079268098e-05
5.595200000000208092e+03 7.111987360985949636e-05
5.596100000000207729e+03 7.324106991291046143e-05
5.597000000000207365e+03 7.234899385366588831e-05
5.597900000000207910e+03 6.965414650039747357e-05
5.598800000000208456e+03 6.857237167423591018e-05
5.599700000000208092e+03 6.902811583131551743e-05
5.600600000000207729e+03 6.868867785669863224e-05
5.601500000000208274e+03 6.751115870429202914e-05
5.602400000000208820e+03 6.694375042570754886e-05
5.603300000000208456e+03 6.840689457021653652e-05
5.604200000000208092e+03 7.146145799197256565e-05
5.605100000000208638e+03 7.384065247606486082e-05
5.606000000000209184e+03 7.478889892809092999e-05
5.606900000000208820e+03 7.489382551284506917e-05
5.607800000000208456e+03 7.470937271136790514e-05
5.608700000000209002e+03 7.453001308022066951e-05
5.609600000000209548e+03 7.433364226017147303e-05
5.610500000000209184e+03 7.438901957357302308e-05
5.611400000000208820e+03 7.484640082111582160e-05
5.612300000000209366e+03 7.514669414376839995e-05
5.613200000000209911e+03 7.400039612548425794e-05
5.614100000000209548e+03 7.032501889625564218e-05
5.615000000000209184e+03 6.628700793953612447e-05
5.615900000000209729e+03 6.609135743929073215e-05
5.616800000000210275e+03 6.917559221619740129e-05
5.617700000000209911e+03 7.133840699680149555e-05
5.618600000000209548e+03 7.138856744859367609e-05
5.619500000000210093e+03 7.103654206730425358e-05
5.620400000000210639e+03 7.161179382819682360e-05
5.621300000000210275e+03 7.280140562215819955e-05
5.622200000000209911e+03 7.306920451810583472e-05
5.623100000000210457e+03 7.116255437722429633e-05
5.624000000000211003e+03 6.828590267105028033e-05
5.624900000000210639e+03 6.752569606760516763e-05
5.625800000000210275e+03 6.936458521522581577e-05
5.626700000000210821e+03 7.122594251995906234e-05
5.627600000000211367e+03 7.193594501586630940e-05
5.628500000000211003e+03 7.256310345837846398e-05
5.629400000000210639e+03 7.344612095039337873e-05
5.630300000000211185e+03 7.401854236377403140e-05
5.631200000000211730e+03 7.412181003019213676e-05
5.632100000000211367e+03 7.386026118183508515e-05
5.633000000000211003e+03 7.328305218834429979e-05
5.633900000000211548e+03 7.261411519721150398e-05
5.634800000000212094e+03 7.200891559477895498e-05
5.635700000000211730e+03 7.123919203877449036e-05
5.636600000000211367e+03 7.028871914371848106e-05
5.637500000000211912e+03 6.989038229221478105e-05
5.638400000000212458e+03 7.051203283481299877e-05
5.639300000000212094e+03 7.119106885511428118e-05
5.640200000000211730e+03 7.069443381624296308e-05
5.641100000000212276e+03 6.979182217037305236e-05
5.642000000000212822e+03 7.008867396507412195e-05
5.642900000000212458e+03 7.096013723639771342e-05
5.643800000000212094e+03 7.130562880774959922e-05
5.644700000000212640e+03 7.154064951464533806e-05
5.645600000000213186e+03 7.190593169070780277e-05
5.646500000000212822e+03 7.232111238408833742e-05
5.647400000000212458e+03 7.261024438776075840e-05
5.648300000000213004e+03 7.236508827190846205e-05
5.649200000000213549e+03 7.183661364251747727e-05
5.650100000000213186e+03 7.185385766206309199e-05
5.651000000000212822e+03 7.263273437274619937e-05
5.651900000000213367e+03 7.350194209720939398e-05
5.652800000000213913e+03 7.353299588430672884e-05
5.653700000000213549e+03 7.238121179398149252e-05
5.654600000000213186e+03 7.112383900675922632e-05
5.655500000000213731e+03 7.117764471331611276e-05
5.656400000000214277e+03 7.104564429027959704e-05
5.657300000000213913e+03 6.819168629590421915e-05
5.658200000000213549e+03 6.511853280244395137e-05
5.659100000000214095e+03 6.612741708522662520e-05
5.660000000000214641e+03 6.945402856217697263e-05
5.660900000000214277e+03 7.051436841720715165e-05
5.661800000000213913e+03 6.919394218130037189e-05
5.662700000000214459e+03 6.867020420031622052e-05
5.663600000000215005e+03 7.016939343884587288e-05
5.664500000000214641e+03 7.198550156317651272e-05
5.665400000000214277e+03 7.253711373778060079e-05
5.666300000000214823e+03 7.168240699684247375e-05
5.667200000000215368e+03 7.050832937238737941e-05
5.668100000000215005e+03 7.014384027570486069e-05
5.669000000000214641e+03 7.051952707115560770e-05
5.669900000000215186e+03 7.099495269358158112e-05
5.670800000000215732e+03 7.148469740059226751e-05
5.671700000000215368e+03 7.252387149492278695e-05
5.672600000000215005e+03 7.390391692752018571e-05
5.673500000000215550e+03 7.447460666298866272e-05
5.674400000000216096e+03 7.386859215330332518e-05
5.675300000000215732e+03 7.329927029786631465e-05
5.676200000000215368e+03 7.376804569503292441e-05
5.677100000000215914e+03 7.422653288813307881e-05
5.678000000000216460e+03 7.369233935605734587e-05
5.678900000000216096e+03 7.293558883247897029e-05
5.679800000000215732e+03 7.283678860403597355e-05
5.680700000000216278e+03 7.267031469382345676e-05
5.681600000000216824e+03 7.133936014724895358e-05
5.682500000000216460e+03 7.000411278568208218e-05
5.683400000000216096e+03 7.018647011136636138e-05
5.684300000000216642e+03 7.121234375517815351e-05
5.685200000000217187e+03 7.168569572968408465e-05
5.686100000000216824e+03 7.089821883710101247e-05
5.687000000000216460e+03 6.964394560782238841e-05
5.687900000000217005e+03 6.919000588823109865e-05
5.688800000000217551e+03 7.006408122833818197e-05
5.689700000000217187e+03 7.162448309827595949e-05
5.690600000000216824e+03 7.273158553289249539e-05
5.691500000000217369e+03 7.348736107815057039e-05
5.692400000000217915e+03 7.400206959573552012e-05
5.693300000000217551e+03 7.377017755061388016e-05
5.694200000000217187e+03 7.322785677388310432e-05
5.695100000000217733e+03 7.314828690141439438e-05
5.696000000000218279e+03 7.338511932175606489e-05
5.696900000000217915e+03 7.299848948605358601e-05
5.697800000000217551e+03 7.170434400904923677e-05
5.698700000000218097e+03 7.087464473443105817e-05
5.699600000000218643e+03 7.074489985825493932e-05
5.700500000000218279e+03 6.996782030910253525e-05
5.701400000000217915e+03 6.902698805788531899e-05
5.702300000000218461e+03 6.936764111742377281e-05
5.703200000000219006e+03 7.077592454152181745e-05
5.704100000000218643e+03 7.176352664828300476e-05
5.705000000000218279e+03 7.121008820831775665e-05
5.705900000000218824e+03 6.969556125113740563e-05
5.706800000000219370e+03 6.852411752333864570e-05
5.707700000000219006e+03 6.747691804775968194e-05
5.708600000000218643e+03 6.630970892729237676e-05
5.709500000000219188e+03 6.625455716857686639e-05
5.710400000000219734e+03 6.695091724395751953e-05
5.711300000000219370e+03 6.714816845487803221e-05
5.712200000000219006e+03 6.826924072811380029e-05
5.713100000000219552e+03 7.072392327245324850e-05
5.714000000000220098e+03 7.231215568026527762e-05
5.714900000000219734e+03 7.265018211910501122e-05
5.715800000000219370e+03 7.289135828614234924e-05
5.716700000000219916e+03 7.291864312719553709e-05
5.717600000000220462e+03 7.261981227202340961e-05
5.718500000000220098e+03 7.284997991519048810e-05
5.719400000000219734e+03 7.351485692197456956e-05
5.720300000000220280e+03 7.397370063699781895e-05
5.721200000000220825e+03 7.447438838426023722e-05
5.722100000000220462e+03 7.502928201574832201e-05
5.723000000000220098e+03 7.515290053561329842e-05
5.723900000000220643e+03 7.490246935049071908e-05
5.724800000000221189e+03 7.444214134011417627e-05
5.725700000000220825e+03 7.338852446991950274e-05
5.726600000000220462e+03 7.189299503806978464e-05
5.727500000000221007e+03 7.157499931054189801e-05
5.728400000000221553e+03 7.288799679372459650e-05
5.729300000000221189e+03 7.389016536762937903e-05
5.730200000000220825e+03 7.319905853364616632e-05
5.731100000000221371e+03 7.185180584201589227e-05
5.732000000000221917e+03 7.190660835476592183e-05
5.732900000000221553e+03 7.326628110604360700e-05
5.733800000000221189e+03 7.424131035804748535e-05
5.734700000000221735e+03 7.444931543432176113e-05
5.735600000000222281e+03 7.415655272779986262e-05
5.736500000000221917e+03 7.365528290392830968e-05
5.737400000000221553e+03 7.342748722294345498e-05
5.738300000000222099e+03 7.346156053245067596e-05
5.739200000000222644e+03 7.345069752773270011e-05
5.740100000000222281e+03 7.339531293837353587e-05
5.741000000000221917e+03 7.326725608436390758e-05
5.741900000000222462e+03 7.293769886018708348e-05
5.742800000000223008e+03 7.270246715052053332e-05
5.743700000000222644e+03 7.322487363126128912e-05
5.744600000000222281e+03 7.434565486619248986e-05
5.745500000000222826e+03 7.502594235120341182e-05
5.746400000000223372e+03 7.432889833580702543e-05
5.747300000000223008e+03 7.253402873175218701e-05
5.748200000000222644e+03 7.162219117162749171e-05
5.749100000000223190e+03 7.269275374710559845e-05
5.750000000000223736e+03 7.420824840664863586e-05
5.750900000000223372e+03 7.424176874337717891e-05
5.751800000000223008e+03 7.253333751577883959e-05
5.752700000000223554e+03 7.025204104138538241e-05
5.753600000000224099e+03 6.896987179061397910e-05
5.754500000000223736e+03 6.981748447287827730e-05
5.755400000000223372e+03 7.216500671347603202e-05
5.756300000000223918e+03 7.407183147734031081e-05
5.757200000000224463e+03 7.486472168238833547e-05
5.758100000000224099e+03 7.477588951587677002e-05
5.759000000000223736e+03 7.382865442195907235e-05
5.759900000000224281e+03 7.242248830152675509e-05
5.760800000000224827e+03 7.101054507074877620e-05
5.761700000000224463e+03 6.976098666200414300e-05
5.762600000000224099e+03 6.939879676792770624e-05
5.763500000000224645e+03 7.096285844454541802e-05
5.764400000000225191e+03 7.337578426813706756e-05
5.765300000000224827e+03 7.463368820026516914e-05
5.766200000000224463e+03 7.483191438950598240e-05
5.767100000000225009e+03 7.481151260435581207e-05
5.768000000000225555e+03 7.461976929334923625e-05
5.768900000000225191e+03 7.428971002809703350e-05
5.769800000000224827e+03 7.404379721265286207e-05
5.770700000000225373e+03 7.371034735115244985e-05
5.771600000000225918e+03 7.316793926293030381e-05
5.772500000000225555e+03 7.292807276826351881e-05
5.773400000000225191e+03 7.293868839042261243e-05
5.774300000000225737e+03 7.268222543643787503e-05
5.775200000000226282e+03 7.272620860021561384e-05
5.776100000000225918e+03 7.331528468057513237e-05
5.777000000000225555e+03 7.380979513982310891e-05
5.777900000000226100e+03 7.378795271506533027e-05
5.778800000000226646e+03 7.304118480533361435e-05
5.779700000000226282e+03 7.120615191524848342e-05
5.780600000000225918e+03 6.885002949275076389e-05
5.781500000000226464e+03 6.773747736588120461e-05
5.782400000000227010e+03 6.834998202975839376e-05
5.783300000000226646e+03 6.906910857651382685e-05
5.784200000000226282e+03 6.855469837319105864e-05
5.785100000000226828e+03 6.795395893277600408e-05
5.786000000000227374e+03 6.905785994604229927e-05
5.786900000000227010e+03 7.103938696673139930e-05
5.787800000000226646e+03 7.224793080240488052e-05
5.788700000000227192e+03 7.274861127370968461e-05
5.789600000000227737e+03 7.233061478473246098e-05
5.790500000000227374e+03 7.118928624549880624e-05
5.791400000000227010e+03 7.104846008587628603e-05
5.792300000000227556e+03 7.211616321001201868e-05
5.793200000000228101e+03 7.312833622563630342e-05
5.794100000000227737e+03 7.393863779725506902e-05
5.795000000000227374e+03 7.452524005202576518e-05
5.795900000000227919e+03 7.404524512821808457e-05
5.796800000000228465e+03 7.242558058351278305e-05
5.797700000000228101e+03 7.134373299777507782e-05
5.798600000000227737e+03 7.234755321405827999e-05
5.799500000000228283e+03 7.434734288835898042e-05
5.800400000000228829e+03 7.552054739790037274e-05
5.801300000000228465e+03 7.587644358864054084e-05
5.802200000000228101e+03 7.570164598291739821e-05
5.803100000000228647e+03 7.452594581991434097e-05
5.804000000000229193e+03 7.291549991350620985e-05
5.804900000000228829e+03 7.219801045721396804e-05
5.805800000000228465e+03 7.245177403092384338e-05
5.806700000000229011e+03 7.305471808649599552e-05
5.807600000000229556e+03 7.348984217969700694e-05
5.808500000000229193e+03 7.358494622167199850e-05
5.809400000000228829e+03 7.373407424893230200e-05
5.810300000000229375e+03 7.412032573483884335e-05
5.811200000000229920e+03 7.433762948494404554e-05
5.812100000000229556e+03 7.430207188008353114e-05
5.813000000000229193e+03 7.415607251459732652e-05
5.813900000000229738e+03 7.358432776527479291e-05
5.814800000000230284e+03 7.243300933623686433e-05
5.815700000000229920e+03 7.144255505409091711e-05
5.816600000000229556e+03 7.168718730099499226e-05
5.817500000000230102e+03 7.317164272535592318e-05
5.818400000000230648e+03 7.456672028638422489e-05
5.819300000000230284e+03 7.506799011025577784e-05
5.820200000000229920e+03 7.511585863539949059e-05
5.821100000000230466e+03 7.498954073525965214e-05
5.822000000000231012e+03 7.462792564183473587e-05
5.822900000000230648e+03 7.424173236358910799e-05
5.823800000000230284e+03 7.425843796227127314e-05
5.824700000000230830e+03 7.465514499926939607e-05
5.825600000000231375e+03 7.485262904083356261e-05
5.826500000000231012e+03 7.472242577932775021e-05
5.827400000000230648e+03 7.461000495823100209e-05
5.828300000000231194e+03 7.477035978808999062e-05
5.829200000000231739e+03 7.511462899856269360e-05
5.830100000000231375e+03 7.513461605412885547e-05
5.831000000000231012e+03 7.487681432394310832e-05
5.831900000000231557e+03 7.478606130462139845e-05
5.832800000000232103e+03 7.465881935786455870e-05
5.833700000000231739e+03 7.412546983687207103e-05
5.834600000000231375e+03 7.367496436927467585e-05
5.835500000000231921e+03 7.401963375741615891e-05
5.836400000000232467e+03 7.454773003701120615e-05
5.837300000000232103e+03 7.420314796036109328e-05
5.838200000000231739e+03 7.356980495387688279e-05
5.839100000000232285e+03 7.374062261078506708e-05
5.840000000000232831e+03 7.455836021108552814e-05
5.840900000000232467e+03 7.524432294303551316e-05
5.841800000000232103e+03 7.551358430646359921e-05
5.842700000000232649e+03 7.552000897703692317e-05
5.843600000000233194e+03 7.526814442826434970e-05
5.844500000000232831e+03 7.479008490918204188e-05
5.845400000000232467e+03 7.408969395328313112e-05
5.846300000000233013e+03 7.311830995604395866e-05
5.847200000000233558e+03 7.239740807563066483e-05
5.848100000000233194e+03 7.234988152049481869e-05
5.849000000000232831e+03 7.273720257217064500e-05
5.849900000000233376e+03 7.302864105440676212e-05
5.850800000000233922e+03 7.273854134837165475e-05
5.851700000000233558e+03 7.160893437685444951e-05
5.852600000000233194e+03 7.010863919276744127e-05
5.853500000000233740e+03 6.961577309994027019e-05
5.854400000000234286e+03 7.057773473206907511e-05
5.855300000000233922e+03 7.122892566258087754e-05
5.856200000000233558e+03 7.002092752372846007e-05
5.857100000000234104e+03 6.805123121012002230e-05
5.858000000000234650e+03 6.776297959731891751e-05
5.858900000000234286e+03 6.926653441041707993e-05
5.859800000000233922e+03 7.087756966939195991e-05
5.860700000000234468e+03 7.171280594775453210e-05
5.861600000000235013e+03 7.141032256186008453e-05
5.862500000000234650e+03 7.090021244948729873e-05
5.863400000000234286e+03 7.137969805626198649e-05
5.864300000000234832e+03 7.214742072392255068e-05
5.865200000000235377e+03 7.193473720690235496e-05
5.866100000000235013e+03 7.091552834026515484e-05
5.867000000000234650e+03 7.061502401484176517e-05
5.867900000000235195e+03 7.155902858357876539e-05
5.868800000000235741e+03 7.270744390552863479e-05
5.869700000000235377e+03 7.338251452893018723e-05
5.870600000000235013e+03 7.351857493631541729e-05
5.871500000000235559e+03 7.319152064155787230e-05
5.872400000000236105e+03 7.260851998580619693e-05
5.873300000000235741e+03 7.237414683913812041e-05
5.874200000000235377e+03 7.276251562871038914e-05
5.875100000000235923e+03 7.297435513464733958e-05
5.876000000000236469e+03 7.263328734552487731e-05
5.876900000000236105e+03 7.215733057819306850e-05
5.877800000000235741e+03 7.174450729507952929e-05
5.878700000000236287e+03 7.113200990715995431e-05
5.879600000000236832e+03 7.027381070656701922e-05
5.880500000000236469e+03 7.014512812020257115e-05
5.881400000000236105e+03 7.096290210029110312e-05
5.882300000000236651e+03 7.136299245757982135e-05
5.883200000000237196e+03 7.077905320329591632e-05
5.884100000000236832e+03 7.031353015918284655e-05
5.885000000000236469e+03 7.071785512380301952e-05
5.885900000000237014e+03 7.122627721400931478e-05
5.886800000000237560e+03 7.060053030727431178e-05
5.887700000000237196e+03 6.736296199960634112e-05
5.888600000000236832e+03 6.041392407496459782e-05
5.889500000000237378e+03 5.338096889317966998e-05
5.890400000000237924e+03 5.319211413734592497e-05
5.891300000000237560e+03 5.925576260779052973e-05
5.892200000000237196e+03 6.449733336921781301e-05
5.893100000000237742e+03 6.633500743191689253e-05
5.894000000000238288e+03 6.506712816189974546e-05
5.894900000000237924e+03 6.022805973771028221e-05
5.895800000000237560e+03 5.624151890515349805e-05
5.896700000000238106e+03 5.872078691027127206e-05
5.897600000000238651e+03 6.438117998186498880e-05
5.898500000000238288e+03 6.746000144630670547e-05
5.899400000000237924e+03 6.840135756647214293e-05
5.900300000000238470e+03 6.944377673789858818e-05
5.901200000000239015e+03 7.042678043944761157e-05
5.902100000000238651e+03 7.075907342368736863e-05
5.903000000000238288e+03 7.085557444952428341e-05
5.903900000000238833e+03 7.090640428941696882e-05
5.904800000000239379e+03 7.053944136714562774e-05
5.905700000000239015e+03 7.010191620793193579e-05
5.906600000000238651e+03 7.031548011582344770e-05
5.907500000000239197e+03 7.097622437868267298e-05
5.908400000000239743e+03 7.132033351808786392e-05
5.909300000000239379e+03 7.117191853467375040e-05
5.910200000000239015e+03 7.127238495741039515e-05
5.911100000000239561e+03 7.178434316301718354e-05
5.912000000000240107e+03 7.171124889282509685e-05
5.912900000000239743e+03 7.036983151920139790e-05
5.913800000000239379e+03 6.865271279821172357e-05
5.914700000000239925e+03 6.805279554100707173e-05
5.915600000000240470e+03 6.845479947514832020e-05
5.916500000000240107e+03 6.926648347871378064e-05
5.917400000000239743e+03 7.015153096290305257e-05
5.918300000000240289e+03 7.057452603476122022e-05
5.919200000000240834e+03 7.098416244843974710e-05
5.920100000000240470e+03 7.142114191083237529e-05
5.921000000000240107e+03 7.114584150258451700e-05
5.921900000000240652e+03 7.052685396047309041e-05
5.922800000000241198e+03 7.053888839436694980e-05
5.923700000000240834e+03 7.108590216375887394e-05
5.924600000000240470e+03 7.154963532229885459e-05
5.925500000000241016e+03 7.189800089690834284e-05
5.926400000000241562e+03 7.194037607405334711e-05
5.927300000000241198e+03 7.144534174585714936e-05
5.928200000000240834e+03 7.061434007482603192e-05
5.929100000000241380e+03 6.959203892620280385e-05
5.930000000000241926e+03 6.918530561961233616e-05
5.930900000000241562e+03 7.026200910331681371e-05
5.931800000000241198e+03 7.168059528339654207e-05
5.932700000000241744e+03 7.186662696767598391e-05
5.933600000000242289e+03 7.070254650898277760e-05
5.934500000000241926e+03 6.958575249882414937e-05
5.935400000000241562e+03 6.996880983933806419e-05
5.936300000000242107e+03 7.108968566171824932e-05
5.937200000000242653e+03 7.167951844166964293e-05
5.938100000000242289e+03 7.196726801339536905e-05
5.939000000000241926e+03 7.206696318462491035e-05
5.939900000000242471e+03 7.128055585781112313e-05
5.940800000000243017e+03 7.001944322837516665e-05
5.941700000000242653e+03 6.962706538615748286e-05
5.942600000000242289e+03 7.021602505119517446e-05
5.943500000000242835e+03 7.094854663591831923e-05
5.944400000000243381e+03 7.159482629504054785e-05
5.945300000000243017e+03 7.218466635094955564e-05
5.946200000000242653e+03 7.233832729980349541e-05
5.947100000000243199e+03 7.148479926399886608e-05
5.948000000000243745e+03 6.985438085393980145e-05
5.948900000000243381e+03 6.896806735312566161e-05
5.949800000000243017e+03 6.982304330449551344e-05
5.950700000000243563e+03 7.104721589712426066e-05
5.951600000000244108e+03 7.075810572132468224e-05
5.952500000000243745e+03 6.958864105399698019e-05
5.953400000000243381e+03 6.964526983210816979e-05
5.954300000000243926e+03 7.073489541653543711e-05
5.955200000000244472e+03 7.087416452122852206e-05
5.956100000000244108e+03 6.988208770053461194e-05
5.957000000000243745e+03 6.929289520485326648e-05
5.957900000000244290e+03 6.976458826102316380e-05
5.958800000000244836e+03 7.071958680171519518e-05
5.959700000000244472e+03 7.170147000579163432e-05
5.960600000000244108e+03 7.240169361466541886e-05
5.961500000000244654e+03 7.269081106642261147e-05
5.962400000000245200e+03 7.262956933118402958e-05
5.963300000000244836e+03 7.240165723487734795e-05
5.964200000000244472e+03 7.198917592177167535e-05
5.965100000000245018e+03 7.127229764591902494e-05
5.966000000000245564e+03 7.098066998878493905e-05
5.966900000000245200e+03 7.156586070777848363e-05
5.967800000000244836e+03 7.222069689305499196e-05
5.968700000000245382e+03 7.256882963702082634e-05
5.969600000000245927e+03 7.287078915396705270e-05
5.970500000000245564e+03 7.312685920624062419e-05
5.971400000000245200e+03 7.314568210858851671e-05
5.972300000000245745e+03 7.302786980289965868e-05
5.973200000000246291e+03 7.286059553734958172e-05
5.974100000000245927e+03 7.226589514175429940e-05
5.975000000000245564e+03 7.113817264325916767e-05
5.975900000000246109e+03 7.006806845311075449e-05
5.976800000000246655e+03 6.964917702134698629e-05
5.977700000000246291e+03 6.987874076003208756e-05
5.978600000000245927e+03 7.053547597024589777e-05
5.979500000000246473e+03 7.151143654482439160e-05
5.980400000000247019e+03 7.226957677630707622e-05
5.981300000000246655e+03 7.231369818327948451e-05
5.982200000000246291e+03 7.151911268010735512e-05
5.983100000000246837e+03 6.977972225286066532e-05
5.984000000000247383e+03 6.828027107985690236e-05
5.984900000000247019e+03 6.863795715617015958e-05
5.985800000000246655e+03 7.009546970948576927e-05
5.986700000000247201e+03 7.082857337081804872e-05
5.987600000000247746e+03 7.096986519172787666e-05
5.988500000000247383e+03 7.139136141631752253e-05
5.989400000000247019e+03 7.183911657193675637e-05
5.990300000000247564e+03 7.157745858421549201e-05
5.991200000000248110e+03 7.090105646057054400e-05
5.992100000000247746e+03 7.108556019375100732e-05
5.993000000000247383e+03 7.219120016088709235e-05
5.993900000000247928e+03 7.297685078810900450e-05
5.994800000000248474e+03 7.286112668225541711e-05
5.995700000000248110e+03 7.210783223854377866e-05
5.996600000000247746e+03 7.106574048520997167e-05
5.997500000000248292e+03 7.032036228338256478e-05
5.998400000000248838e+03 7.039693446131423116e-05
5.999300000000248474e+03 7.100330549292266369e-05
6.000200000000248110e+03 7.156129140639677644e-05
6.001100000000248656e+03 7.149505108827725053e-05
6.002000000000249202e+03 7.053979788906872272e-05
6.002900000000248838e+03 6.988821405684575438e-05
6.003800000000248474e+03 7.049462146824225783e-05
6.004700000000249020e+03 7.118352368706837296e-05
6.005600000000249565e+03 7.089081918820738792e-05
6.006500000000249202e+03 6.977313023526221514e-05
6.007400000000248838e+03 6.827255856478586793e-05
6.008300000000249383e+03 6.787143502151593566e-05
6.009200000000249929e+03 6.956393917789682746e-05
6.010100000000249565e+03 7.163723057601600885e-05
6.011000000000249202e+03 7.208687748061493039e-05
6.011900000000249747e+03 7.097943307599052787e-05
6.012800000000250293e+03 6.970568938413634896e-05
6.013700000000249929e+03 6.969640526222065091e-05
6.014600000000249565e+03 7.054291927488520741e-05
6.015500000000250111e+03 7.057045149849727750e-05
6.016400000000250657e+03 6.988018867559731007e-05
6.017300000000250293e+03 6.996531010372564197e-05
6.018200000000249929e+03 7.049919076962396502e-05
6.019100000000250475e+03 7.002049824222922325e-05
6.020000000000251021e+03 6.903005851199850440e-05
6.020900000000250657e+03 6.885255425004288554e-05
6.021800000000250293e+03 6.944129563635215163e-05
6.022700000000250839e+03 6.995857984293252230e-05
6.023600000000251384e+03 7.000598270678892732e-05
6.024500000000251021e+03 7.043437653919681907e-05
6.025400000000250657e+03 7.128369179554283619e-05
6.026300000000251202e+03 7.139310037018731236e-05
6.027200000000251748e+03 7.128819561330601573e-05
6.028100000000251384e+03 7.188517338363453746e-05
6.029000000000251021e+03 7.250966882565990090e-05
6.029900000000251566e+03 7.243682921398431063e-05
6.030800000000252112e+03 7.211968477349728346e-05
6.031700000000251748e+03 7.230375194922089577e-05
6.032600000000251384e+03 7.278521661646664143e-05
6.033500000000251930e+03 7.298741547856479883e-05
6.034400000000252476e+03 7.292062218766659498e-05
6.035300000000252112e+03 7.283103332156315446e-05
6.036200000000251748e+03 7.283323066076263785e-05
6.037100000000252294e+03 7.293470116565003991e-05
6.038000000000252840e+03 7.289191853487864137e-05
6.038900000000252476e+03 7.246272434713318944e-05
6.039800000000252112e+03 7.208235183497890830e-05
6.040700000000252658e+03 7.206686132121831179e-05
6.041600000000253203e+03 7.205027941381558776e-05
6.042500000000252840e+03 7.231648487504571676e-05
6.043400000000252476e+03 7.302562153199687600e-05
6.044300000000253021e+03 7.349883526330813766e-05
6.045200000000253567e+03 7.358328730333596468e-05
6.046100000000253203e+03 7.361620373558253050e-05
6.047000000000252840e+03 7.365472993114963174e-05
6.047900000000253385e+03 7.347838982241228223e-05
6.048800000000253931e+03 7.326807826757431030e-05
6.049700000000253567e+03 7.339131116168573499e-05
6.050600000000253203e+03 7.358711445704102516e-05
6.051500000000253749e+03 7.341794844251126051e-05
6.052400000000254295e+03 7.291659130714833736e-05
6.053300000000253931e+03 7.240827108034864068e-05
6.054200000000253567e+03 7.211825868580490351e-05
6.055100000000254113e+03 7.170699245762079954e-05
6.056000000000254659e+03 7.120656664483249187e-05
6.056900000000254295e+03 7.124606781871989369e-05
6.057800000000253931e+03 7.180027023423463106e-05
6.058700000000254477e+03 7.255865057231858373e-05
6.059600000000255022e+03 7.319254655158147216e-05
6.060500000000254659e+03 7.336278213188052177e-05
6.061400000000254295e+03 7.295217073988169432e-05
6.062300000000254840e+03 7.214496145024895668e-05
6.063200000000255386e+03 7.129119330784305930e-05
6.064100000000255022e+03 7.001314952503889799e-05
6.065000000000254659e+03 6.873260281281545758e-05
6.065900000000255204e+03 6.944581400603055954e-05
6.066800000000255750e+03 7.184220885392278433e-05
6.067700000000255386e+03 7.357508002314716578e-05
6.068600000000255022e+03 7.402248593280091882e-05
6.069500000000255568e+03 7.398807065328583121e-05
6.070400000000256114e+03 7.401224138448014855e-05
6.071300000000255750e+03 7.411553815472871065e-05
6.072200000000255386e+03 7.416846347041428089e-05
6.073100000000255932e+03 7.414136052830144763e-05
6.074000000000256478e+03 7.408081728499382734e-05
6.074900000000256114e+03 7.394934800686314702e-05
6.075800000000255750e+03 7.360974996117874980e-05
6.076700000000256296e+03 7.290724170161411166e-05
6.077600000000256841e+03 7.165849092416465282e-05
6.078500000000256478e+03 7.064374949550256133e-05
6.079400000000256114e+03 7.091987936291843653e-05
6.080300000000256659e+03 7.144838309613987803e-05
6.081200000000257205e+03 7.096019544405862689e-05
6.082100000000256841e+03 7.034098234726116061e-05
6.083000000000256478e+03 7.068325066938996315e-05
6.083900000000257023e+03 7.119632937246933579e-05
6.084800000000257569e+03 7.096211629686877131e-05
6.085700000000257205e+03 7.075225585140287876e-05
6.086600000000256841e+03 7.126130367396399379e-05
6.087500000000257387e+03 7.196286605903878808e-05
6.088400000000257933e+03 7.191982149379327893e-05
6.089300000000257569e+03 7.083314267219975591e-05
6.090200000000257205e+03 6.989802204770967364e-05
6.091100000000257751e+03 7.006287341937422752e-05
6.092000000000258296e+03 7.051049033179879189e-05
6.092900000000257933e+03 7.069725688779726624e-05
6.093800000000257569e+03 7.139387162169441581e-05
6.094700000000258115e+03 7.255867967614904046e-05
6.095600000000258660e+03 7.285836909431964159e-05
6.096500000000258296e+03 7.216825906652957201e-05
6.097400000000257933e+03 7.182505942182615399e-05
6.098300000000258478e+03 7.235121302073821425e-05
6.099200000000259024e+03 7.314822141779586673e-05
6.100100000000258660e+03 7.319110591197386384e-05
6.101000000000258296e+03 7.120287773432210088e-05
6.101900000000258842e+03 6.738598312949761748e-05
6.102800000000259388e+03 6.539257447002455592e-05
6.103700000000259024e+03 6.762299017282202840e-05
6.104600000000258660e+03 7.095282489899545908e-05
6.105500000000259206e+03 7.240578270284458995e-05
6.106400000000259752e+03 7.223997818073257804e-05
6.107300000000259388e+03 7.145494600990787148e-05
6.108200000000259024e+03 7.129669393179938197e-05
6.109100000000259570e+03 7.207295129774138331e-05
6.110000000000260115e+03 7.237085083033889532e-05
6.110900000000259752e+03 7.170477329054847360e-05
6.111800000000259388e+03 7.147711585275828838e-05
6.112700000000259934e+03 7.226894376799464226e-05
6.113600000000260479e+03 7.312923116842284799e-05
6.114500000000260115e+03 7.320195436477661133e-05
6.115400000000259752e+03 7.232668576762080193e-05
6.116300000000260297e+03 7.155830826377496123e-05
6.117200000000260843e+03 7.198838284239172935e-05
6.118100000000260479e+03 7.248173642437905073e-05
6.119000000000260115e+03 7.170267781475558877e-05
6.119900000000260661e+03 7.026614912319928408e-05
6.120800000000261207e+03 6.858030246803537011e-05
6.121700000000260843e+03 6.693612522212788463e-05
6.122600000000260479e+03 6.748898158548399806e-05
6.123500000000261025e+03 7.032782013993710279e-05
6.124400000000261571e+03 7.212986383819952607e-05
6.125300000000261207e+03 7.181666296673938632e-05
6.126200000000260843e+03 7.096208719303831458e-05
6.127100000000261389e+03 7.032707799226045609e-05
6.128000000000261934e+03 6.999669858487322927e-05
6.128900000000261571e+03 7.044785888865590096e-05
6.129800000000261207e+03 7.155623461585491896e-05
6.130700000000261753e+03 7.237234240164980292e-05
6.131600000000262298e+03 7.244837615871801972e-05
6.132500000000261934e+03 7.237039972096681595e-05
6.133400000000261571e+03 7.210893090814352036e-05
6.134300000000262116e+03 7.087747508194297552e-05
6.135200000000262662e+03 6.820751877967268229e-05
6.136100000000262298e+03 6.435925024561583996e-05
6.137000000000261934e+03 6.204876990523189306e-05
6.137900000000262480e+03 6.430000212276354432e-05
6.138800000000263026e+03 6.909683725098147988e-05
6.139700000000262662e+03 7.168685988290235400e-05
6.140600000000262298e+03 7.050066051306203008e-05
6.141500000000262844e+03 6.831659266026690602e-05
6.142400000000263390e+03 6.862475129310041666e-05
6.143300000000263026e+03 7.098416244843974710e-05
6.144200000000262662e+03 7.264310988830402493e-05
6.145100000000263208e+03 7.285274477908387780e-05
6.146000000000263753e+03 7.253944932017475367e-05
6.146900000000263390e+03 7.197695958893746138e-05
6.147800000000263026e+03 7.092164014466106892e-05
6.148700000000263572e+03 6.981967453612014651e-05
6.149600000000264117e+03 6.925198249518871307e-05
6.150500000000263753e+03 6.951150862732902169e-05
6.151400000000263390e+03 7.042625657049939036e-05
6.152300000000263935e+03 7.139913213904947042e-05
6.153200000000264481e+03 7.154264312703162432e-05
6.154100000000264117e+03 7.056552567519247532e-05
6.155000000000263753e+03 6.985212530707940459e-05
6.155900000000264299e+03 7.016310701146721840e-05
6.156800000000264845e+03 7.040127820800989866e-05
6.157700000000264481e+03 7.012241985648870468e-05
6.158600000000264117e+03 6.982979539316147566e-05
6.159500000000264663e+03 6.884178583277389407e-05
6.160400000000265209e+03 6.592575664399191737e-05
6.161300000000264845e+03 6.212058360688388348e-05
6.162200000000264481e+03 6.039519576006568968e-05
6.163100000000265027e+03 6.180068157846108079e-05
6.164000000000265572e+03 6.458692223532125354e-05
6.164900000000265209e+03 6.658124038949608803e-05
6.165800000000264845e+03 6.729920278303325176e-05
6.166700000000265391e+03 6.793735519750043750e-05
6.167600000000265936e+03 6.796242087148129940e-05
6.168500000000265572e+03 6.578646571142598987e-05
6.169400000000265209e+03 6.332827615551650524e-05
6.170300000000265754e+03 6.394615047611296177e-05
6.171200000000266300e+03 6.688874418614432216e-05
6.172100000000265936e+03 6.859867426101118326e-05
6.173000000000265572e+03 6.835753447376191616e-05
6.173900000000266118e+03 6.811950879637151957e-05
6.174800000000266664e+03 6.831899372627958655e-05
6.175700000000266300e+03 6.818700785515829921e-05
6.176600000000265936e+03 6.797437526984140277e-05
6.177500000000266482e+03 6.855010724393650889e-05
6.178400000000267028e+03 6.946108624106273055e-05
6.179300000000266664e+03 6.944089545868337154e-05
6.180200000000266300e+03 6.911798845976591110e-05
6.181100000000266846e+03 6.963244231883436441e-05
6.182000000000267391e+03 7.032160647213459015e-05
6.182900000000267028e+03 7.035983435343950987e-05
6.183800000000266664e+03 7.011267007328569889e-05
6.184700000000267210e+03 6.978942110436037183e-05
6.185600000000267755e+03 6.891172961331903934e-05
6.186500000000267391e+03 6.781337287975475192e-05
6.187400000000267028e+03 6.725054117850959301e-05
6.188300000000267573e+03 6.724709237460047007e-05
6.189200000000268119e+03 6.717812357237562537e-05
6.190100000000267755e+03 6.574699364136904478e-05
6.191000000000267391e+03 6.346040754579007626e-05
6.191900000000267937e+03 6.355380173772573471e-05
6.192800000000268483e+03 6.631556607317179441e-05
6.193700000000268119e+03 6.854198727523908019e-05
6.194600000000267755e+03 6.919100997038185596e-05
6.195500000000268301e+03 6.940055754967033863e-05
6.196400000000268847e+03 6.980770558584481478e-05
6.197300000000268483e+03 6.987544475123286247e-05
6.198200000000268119e+03 6.883452442707493901e-05
6.199100000000268665e+03 6.709824810968711972e-05
6.200000000000269210e+03 6.634488090639933944e-05
6.200900000000268847e+03 6.739274977007880807e-05
6.201800000000268483e+03 6.902786844875663519e-05
6.202700000000269029e+03 6.991865666350349784e-05
6.203600000000269574e+03 6.989989924477413297e-05
6.204500000000269210e+03 6.959101301617920399e-05
6.205400000000268847e+03 6.964459316805005074e-05
6.206300000000269392e+03 6.993575516389682889e-05
6.207200000000269938e+03 7.008333341218531132e-05
6.208100000000269574e+03 7.004253711784258485e-05
6.209000000000269210e+03 6.979153840802609921e-05
6.209900000000269756e+03 6.932597898412495852e-05
6.210800000000270302e+03 6.892422970850020647e-05
6.211700000000269938e+03 6.837093678768724203e-05
6.212600000000269574e+03 6.684190157102420926e-05
6.213500000000270120e+03 6.498086440842598677e-05
6.214400000000270666e+03 6.414060771930962801e-05
6.215300000000270302e+03 6.430981738958507776e-05
6.216200000000269938e+03 6.531488179462030530e-05
6.217100000000270484e+03 6.678383215330541134e-05
6.218000000000271029e+03 6.713681068504229188e-05
6.218900000000270666e+03 6.593674333998933434e-05
6.219800000000270302e+03 6.494732224382460117e-05
6.220700000000270848e+03 6.527535879286006093e-05
6.221600000000271393e+03 6.631012365687638521e-05
6.222500000000271029e+03 6.705657870043069124e-05
6.223400000000270666e+03 6.696606578771024942e-05
6.224300000000271211e+03 6.670354923699051142e-05
6.225200000000271757e+03 6.705711712129414082e-05
6.226100000000271393e+03 6.749921885784715414e-05
6.227000000000271029e+03 6.762701377738267183e-05
6.227900000000271575e+03 6.744876736775040627e-05
6.228800000000272121e+03 6.618810584768652916e-05
6.229700000000271757e+03 6.379957630997523665e-05
6.230600000000271393e+03 6.217350164661183953e-05
6.231500000000271939e+03 6.277043576119467616e-05
6.232400000000272485e+03 6.440108700189739466e-05
6.233300000000272121e+03 6.613216100959107280e-05
6.234200000000271757e+03 6.801942072343081236e-05
6.235100000000272303e+03 6.908478098921477795e-05
6.236000000000272848e+03 6.882503657834604383e-05
6.236900000000272485e+03 6.781839329050853848e-05
6.237800000000272121e+03 6.674172618659213185e-05
6.238700000000272667e+03 6.575012957910075784e-05
6.239600000000273212e+03 6.492369720945134759e-05
6.240500000000272848e+03 6.506225327029824257e-05
6.241400000000272485e+03 6.569651304744184017e-05
6.242300000000273030e+03 6.511425453936681151e-05
6.243200000000273576e+03 6.411140202544629574e-05
6.244100000000273212e+03 6.424281309591606259e-05
6.245000000000272848e+03 6.453206879086792469e-05
6.245900000000273394e+03 6.446008046623319387e-05
6.246800000000273940e+03 6.523939373437315226e-05
6.247700000000273576e+03 6.683512037852779031e-05
6.248600000000273212e+03 6.794181535951793194e-05
6.249500000000273758e+03 6.820383714511990547e-05
6.250400000000274304e+03 6.768090679543092847e-05
6.251300000000273940e+03 6.598368781851604581e-05
6.252200000000273576e+03 6.400974234566092491e-05
6.253100000000274122e+03 6.331990880426019430e-05
6.254000000000274667e+03 6.377712998073548079e-05
6.254900000000274304e+03 6.432118971133604646e-05
6.255800000000273940e+03 6.406189640983939171e-05
6.256700000000274486e+03 6.306713476078584790e-05
6.257600000000275031e+03 6.209698040038347244e-05
6.258500000000274667e+03 6.223055970622226596e-05
6.259400000000274304e+03 6.402648432413116097e-05
6.260300000000274849e+03 6.567673699464648962e-05
6.261200000000275395e+03 6.638703780481591821e-05
6.262100000000275031e+03 6.747705629095435143e-05
6.263000000000274667e+03 6.857446715002879500e-05
6.263900000000275213e+03 6.812974606873467565e-05
6.264800000000275759e+03 6.663885869784280658e-05
6.265700000000275395e+03 6.633156590396538377e-05
6.266600000000275031e+03 6.742899131495505571e-05
6.267500000000275577e+03 6.803571886848658323e-05
6.268400000000276123e+03 6.758941162843257189e-05
6.269300000000275759e+03 6.707727152388542891e-05
6.270200000000275395e+03 6.705677515128627419e-05
6.271100000000275941e+03 6.748728628735989332e-05
6.272000000000276486e+03 6.813606887590140104e-05
6.272900000000276123e+03 6.842795119155198336e-05
6.273800000000275759e+03 6.819170084781944752e-05
6.274700000000276304e+03 6.804781878599897027e-05
6.275600000000276850e+03 6.820406997576355934e-05
6.276500000000276486e+03 6.828007462900131941e-05
6.277400000000276123e+03 6.823958392487838864e-05
6.278300000000276668e+03 6.798830872867256403e-05
6.279200000000277214e+03 6.702043901896104217e-05
6.280100000000276850e+03 6.590432894881814718e-05
6.281000000000276486e+03 6.597902392968535423e-05
6.281900000000277032e+03 6.700301310047507286e-05
6.282800000000277578e+03 6.805777229601517320e-05
6.283700000000277214e+03 6.877173291286453605e-05
6.284600000000276850e+03 6.876185943838208914e-05
6.285500000000277396e+03 6.863583985250443220e-05
6.286400000000277942e+03 6.911611126270145178e-05
6.287300000000277578e+03 6.983687489992007613e-05
6.288200000000277214e+03 7.033390284050256014e-05
6.289100000000277760e+03 7.018647011136636138e-05
6.290000000000278305e+03 6.929403025424107909e-05
6.290900000000277942e+03 6.835741078248247504e-05
6.291800000000277578e+03 6.789696635678410530e-05
6.292700000000278123e+03 6.787050369894132018e-05
6.293600000000278669e+03 6.830125494161620736e-05
6.294500000000278305e+03 6.857323751319199800e-05
6.295400000000277942e+03 6.776377267669886351e-05
6.296300000000278487e+03 6.637640763074159622e-05
6.297200000000279033e+03 6.578314787475392222e-05
6.298100000000278669e+03 6.643738015554845333e-05
6.299000000000278305e+03 6.738946103723719716e-05
6.299900000000278851e+03 6.731075700372457504e-05
6.300800000000279397e+03 6.603474321309477091e-05
6.301700000000279033e+03 6.504543853225186467e-05
6.302600000000278669e+03 6.563760689459741116e-05
6.303500000000279215e+03 6.714062328683212399e-05
6.304400000000279761e+03 6.799320544814690948e-05
6.305300000000279397e+03 6.805307930335402489e-05
6.306200000000279033e+03 6.857269181637093425e-05
6.307100000000279579e+03 6.962204497540369630e-05
6.308000000000280124e+03 7.013175491010770202e-05
6.308900000000279761e+03 6.977566226851195097e-05
6.309800000000279397e+03 6.889808719279244542e-05
6.310700000000279942e+03 6.800281698815524578e-05
6.311600000000280488e+03 6.768934690626338124e-05
6.312500000000280124e+03 6.809329352108761668e-05
6.313400000000279761e+03 6.805884186178445816e-05
6.314300000000280306e+03 6.679913349216803908e-05
6.315200000000280852e+03 6.595713784918189049e-05
6.316100000000280488e+03 6.648741691606119275e-05
6.317000000000280124e+03 6.643061351496726274e-05
6.317900000000280670e+03 6.527385266963392496e-05
6.318800000000281216e+03 6.523850606754422188e-05
6.319700000000280852e+03 6.670598668279126287e-05
6.320600000000280488e+03 6.784186552977189422e-05
6.321500000000281034e+03 6.782534910598769784e-05
6.322400000000281580e+03 6.761315307812765241e-05
6.323300000000281216e+03 6.824223237344995141e-05
6.324200000000280852e+03 6.912607932463288307e-05
6.325100000000281398e+03 6.944531196495518088e-05
6.326000000000281943e+03 6.930300878593698144e-05
6.326900000000281580e+03 6.899068102939054370e-05
6.327800000000281216e+03 6.911494710948318243e-05
6.328700000000281761e+03 6.944605411263182759e-05
6.329600000000282307e+03 6.907168426550924778e-05
6.330500000000281943e+03 6.868957279948517680e-05
6.331400000000281580e+03 6.925532215973362327e-05
6.332300000000282125e+03 7.017857569735497236e-05
6.333200000000282671e+03 7.033177098492160439e-05
6.334100000000282307e+03 6.879270949866622686e-05
6.335000000000281943e+03 6.625134119531139731e-05
6.335900000000282489e+03 6.501299503725022078e-05
6.336800000000283035e+03 6.591788405785337090e-05
6.337700000000282671e+03 6.738121737726032734e-05
6.338600000000282307e+03 6.805689918110147119e-05
6.339500000000282853e+03 6.869422213640064001e-05
6.340400000000283399e+03 6.967150693526491523e-05
6.341300000000283035e+03 6.997443415457382798e-05
6.342200000000282671e+03 6.918827421031892300e-05
6.343100000000283217e+03 6.773906352464109659e-05
6.344000000000283762e+03 6.673079042229801416e-05
6.344900000000283399e+03 6.710046727675944567e-05
6.345800000000283035e+03 6.801338167861104012e-05
6.346700000000283580e+03 6.848212069598957896e-05
6.347600000000284126e+03 6.892848614370450377e-05
6.348500000000283762e+03 6.952783587621524930e-05
6.349400000000283399e+03 6.980915350141003728e-05
6.350300000000283944e+03 6.975024007260799408e-05
6.351200000000284490e+03 6.966617365833371878e-05
6.352100000000284126e+03 6.946103530935943127e-05
6.353000000000283762e+03 6.878042768221348524e-05
6.353900000000284308e+03 6.756823859177529812e-05
6.354800000000284854e+03 6.672400922980159521e-05
6.355700000000284490e+03 6.714170740451663733e-05
6.356600000000284126e+03 6.764783029211685061e-05
6.357500000000284672e+03 6.673366442555561662e-05
6.358400000000285218e+03 6.530402606585994363e-05
6.359300000000284854e+03 6.505109922727569938e-05
6.360200000000284490e+03 6.563199713127687573e-05
6.361100000000285036e+03 6.561907503055408597e-05
6.362000000000285581e+03 6.511008541565388441e-05
6.362900000000285218e+03 6.508998922072350979e-05
6.363800000000284854e+03 6.575357110705226660e-05
6.364700000000285399e+03 6.661245424766093493e-05
6.365600000000285945e+03 6.729130109306424856e-05
6.366500000000285581e+03 6.797463720431551337e-05
6.367400000000285218e+03 6.886925257276743650e-05
6.368300000000285763e+03 6.939026206964626908e-05
6.369200000000286309e+03 6.915263656992465258e-05
6.370100000000285945e+03 6.870626384625211358e-05
6.371000000000285581e+03 6.879481225041672587e-05
6.371900000000286127e+03 6.953174306545406580e-05
6.372800000000286673e+03 7.020557677606120706e-05
6.373700000000286309e+03 7.028118125163018703e-05
6.374600000000285945e+03 7.007080421317368746e-05
6.375500000000286491e+03 7.006291707511991262e-05
6.376400000000287037e+03 7.008852116996422410e-05
6.377300000000286673e+03 6.957420555409044027e-05
6.378200000000286309e+03 6.873266102047637105e-05
6.379100000000286855e+03 6.832297367509454489e-05
6.380000000000287400e+03 6.826552998973056674e-05
6.380900000000287037e+03 6.840848072897642851e-05
6.381800000000286673e+03 6.898503488628193736e-05
6.382700000000287218e+03 6.948752707103267312e-05
6.383600000000287764e+03 6.926511559868231416e-05
6.384500000000287400e+03 6.885080074425786734e-05
6.385400000000287037e+03 6.902192399138584733e-05
6.386300000000287582e+03 6.951572868274524808e-05
6.387200000000288128e+03 6.970423419261351228e-05
6.388100000000287764e+03 6.960850441828370094e-05
6.389000000000287400e+03 6.956502329558134079e-05
6.389900000000287946e+03 6.960565224289894104e-05
6.390800000000288492e+03 6.935538112884387374e-05
6.391700000000288128e+03 6.813244544900953770e-05
6.392600000000287764e+03 6.600318010896444321e-05
6.393500000000288310e+03 6.499047594843432307e-05
6.394400000000288856e+03 6.648735870840027928e-05
6.395300000000288492e+03 6.884650792926549911e-05
6.396200000000288128e+03 7.028343679849058390e-05
6.397100000000288674e+03 7.067303522489964962e-05
6.398000000000289219e+03 6.979896716075018048e-05
6.398900000000288856e+03 6.713468610541895032e-05
6.399800000000288492e+03 6.454814138123765588e-05
6.400700000000289037e+03 6.539587047882378101e-05
6.401600000000289583e+03 6.856039544800296426e-05
6.402500000000289219e+03 7.057444599922746420e-05
6.403400000000288856e+03 7.108775753295049071e-05
6.404300000000289401e+03 7.105253462214022875e-05
6.405200000000289947e+03 7.067743717925623059e-05
6.406100000000289583e+03 6.976517033763229847e-05
6.407000000000289219e+03 6.830196798546239734e-05
6.407900000000289765e+03 6.753132038284093142e-05
6.408800000000290311e+03 6.852536171209067106e-05
6.409700000000289947e+03 6.953906995477154851e-05
6.410600000000289583e+03 6.863549060653895140e-05
6.411500000000290129e+03 6.723542901454493403e-05
6.412400000000290675e+03 6.738161027897149324e-05
6.413300000000290311e+03 6.830340862507000566e-05
6.414200000000289947e+03 6.878617568872869015e-05
6.415100000000290493e+03 6.913808465469628572e-05
6.416000000000291038e+03 6.949737144168466330e-05
6.416900000000290675e+03 6.951117393327876925e-05
6.417800000000290311e+03 6.918603321537375450e-05
6.418700000000290856e+03 6.836858665337786078e-05
6.419600000000291402e+03 6.684700929326936603e-05
6.420500000000291038e+03 6.558476161444559693e-05
6.421400000000290675e+03 6.611800927203148603e-05
6.422300000000291220e+03 6.840530841145664454e-05
6.423200000000291766e+03 7.028995605651289225e-05
6.424100000000291402e+03 7.049805572023615241e-05
6.425000000000291038e+03 7.013252616161480546e-05
6.425900000000291584e+03 7.029499829513952136e-05
6.426800000000292130e+03 7.075224129948765039e-05
6.427700000000291766e+03 7.086490222718566656e-05
6.428600000000291402e+03 7.009269029367715120e-05
6.429500000000291948e+03 6.816336099291220307e-05
6.430400000000292493e+03 6.612546712858602405e-05
6.431300000000292130e+03 6.596957973670214415e-05
6.432200000000291766e+03 6.755276262992992997e-05
6.433100000000292312e+03 6.902262248331680894e-05
6.434000000000292857e+03 6.984603533055633307e-05
6.434900000000292493e+03 7.036795432213693857e-05
6.435800000000292130e+03 7.068587729008868337e-05
6.436700000000292675e+03 7.032613211777061224e-05
6.437600000000293221e+03 6.859761924715712667e-05
6.438500000000292857e+03 6.646900146733969450e-05
6.439400000000292493e+03 6.656855839537456632e-05
6.440300000000293039e+03 6.901701999595388770e-05
6.441200000000293585e+03 7.114164327504113317e-05
6.442100000000293221e+03 7.177881343523040414e-05
6.443000000000292857e+03 7.164557609939947724e-05
6.443900000000293403e+03 7.144208211684599519e-05
6.444800000000293949e+03 7.144362461986020207e-05
6.445700000000293585e+03 7.162713882280513644e-05
6.446600000000293221e+03 7.160018867580220103e-05
6.447500000000293767e+03 7.059675408527255058e-05
6.448400000000294312e+03 6.786036828998476267e-05
6.449300000000293949e+03 6.445767212426289916e-05
6.450200000000293585e+03 6.361635314533486962e-05
6.451100000000294131e+03 6.604102236451581120e-05
6.452000000000294676e+03 6.887914787512272596e-05
6.452900000000294312e+03 7.038923649815842509e-05
6.453800000000293949e+03 7.034086593193933368e-05
6.454700000000294494e+03 6.891626981087028980e-05
6.455600000000295040e+03 6.751051842002198100e-05
6.456500000000294676e+03 6.777564703952521086e-05
6.457400000000294312e+03 6.943017069716006517e-05
6.458300000000294858e+03 7.092033047229051590e-05
6.459200000000295404e+03 7.160536188166588545e-05
6.460100000000295040e+03 7.133974577300250530e-05
6.461000000000294676e+03 6.934317934792488813e-05
6.461900000000295222e+03 6.602216308237984776e-05
6.462800000000295768e+03 6.459105497924610972e-05
6.463700000000295404e+03 6.652531737927347422e-05
6.464600000000295040e+03 6.905519694555550814e-05
6.465500000000295586e+03 7.036203896859660745e-05
6.466400000000296131e+03 7.087877020239830017e-05
6.467300000000295768e+03 7.099434878909960389e-05
6.468200000000295404e+03 7.057902257656678557e-05
6.469100000000295950e+03 6.986247171880677342e-05
6.470000000000296495e+03 6.920466694282367826e-05
6.470900000000296131e+03 6.845894677098840475e-05
6.471800000000295768e+03 6.824649608461186290e-05
6.472700000000296313e+03 6.894293619552627206e-05
6.473600000000296859e+03 6.922734610270708799e-05
6.474500000000296495e+03 6.855645915493369102e-05
6.475400000000296131e+03 6.814581138314679265e-05
6.476300000000296677e+03 6.879215652588754892e-05
6.477200000000297223e+03 6.960939936107024550e-05
6.478100000000296859e+03 6.975656287977471948e-05
6.479000000000296495e+03 6.959050369914621115e-05
6.479900000000297041e+03 6.907535134814679623e-05
6.480800000000297587e+03 6.760492397006601095e-05
6.481700000000297223e+03 6.582068454008549452e-05
6.482600000000296859e+03 6.531525286845862865e-05
6.483500000000297405e+03 6.635053432546555996e-05
6.484400000000297950e+03 6.772106280550360680e-05
6.485300000000297587e+03 6.852402293588966131e-05
6.486200000000297223e+03 6.886973278596997261e-05
6.487100000000297769e+03 6.909661897225305438e-05
6.488000000000298314e+03 6.913227844052016735e-05
6.488900000000297950e+03 6.871508958283811808e-05
6.489800000000297587e+03 6.796968955313786864e-05
6.490700000000298132e+03 6.735785427736118436e-05
6.491600000000298678e+03 6.692915485473349690e-05
6.492500000000298314e+03 6.561550981132313609e-05
6.493400000000297950e+03 6.258121720748022199e-05
6.494300000000298496e+03 5.952121500740759075e-05
6.495200000000299042e+03 5.859334487468004227e-05
6.496100000000298678e+03 5.941516064922325313e-05
6.497000000000298314e+03 6.099127131165005267e-05
6.497900000000298860e+03 6.261192174861207604e-05
6.498800000000299406e+03 6.345644942484796047e-05
6.499700000000299042e+03 6.438916898332536221e-05
6.500600000000298678e+03 6.593499711016193032e-05
6.501500000000299224e+03 6.715906056342646480e-05
6.502400000000299769e+03 6.782951095374301076e-05
6.503300000000299406e+03 6.815380038460716605e-05
6.504200000000299042e+03 6.837074761278927326e-05
6.505100000000299588e+03 6.870192009955644608e-05
6.506000000000300133e+03 6.889933865750208497e-05
6.506900000000299769e+03 6.857351399958133698e-05
6.507800000000299406e+03 6.794806540710851550e-05
6.508700000000299951e+03 6.776392547180876136e-05
6.509600000000300497e+03 6.823211151640862226e-05
6.510500000000300133e+03 6.874995597172528505e-05
6.511400000000299769e+03 6.885363836772739887e-05
6.512300000000300315e+03 6.872352241771295667e-05
6.513200000000300861e+03 6.854147068224847317e-05
6.514100000000300497e+03 6.803432188462466002e-05
6.515000000000300133e+03 6.717256474075838923e-05
6.515900000000300679e+03 6.653789023403078318e-05
6.516800000000301225e+03 6.632739678025245667e-05
6.517700000000300861e+03 6.610359559999778867e-05
6.518600000000300497e+03 6.615739403059706092e-05
6.519500000000301043e+03 6.710358866257593036e-05
6.520400000000301588e+03 6.825568561907857656e-05
6.521300000000301225e+03 6.873238453408703208e-05
6.522200000000300861e+03 6.870603829156607389e-05
6.523100000000301407e+03 6.871693040011450648e-05
6.524000000000301952e+03 6.892875535413622856e-05
6.524900000000301588e+03 6.887201743666082621e-05
6.525800000000301225e+03 6.806029705330729485e-05
6.526700000000301770e+03 6.715329072903841734e-05
6.527600000000302316e+03 6.722129182890057564e-05
6.528500000000301952e+03 6.807111640227958560e-05
6.529400000000301588e+03 6.869982462376356125e-05
6.530300000000302134e+03 6.859129643999040127e-05
6.531200000000302680e+03 6.791170744691044092e-05
6.532100000000302316e+03 6.720059172948822379e-05
6.533000000000301952e+03 6.701685924781486392e-05
6.533900000000302498e+03 6.759516691090539098e-05
6.534800000000303044e+03 6.850557110738009214e-05
6.535700000000302680e+03 6.894257239764556289e-05
6.536600000000302316e+03 6.865499017294496298e-05
6.537500000000302862e+03 6.832426151959225535e-05
6.538400000000303407e+03 6.858496635686606169e-05
6.539300000000303044e+03 6.912130629643797874e-05
6.540200000000302680e+03 6.926858623046427965e-05
6.541100000000303226e+03 6.882114394102245569e-05
6.542000000000303771e+03 6.805797602282837033e-05
6.542900000000303407e+03 6.743500853190198541e-05
6.543800000000303044e+03 6.704472616547718644e-05
6.544700000000303589e+03 6.623416265938431025e-05
6.545600000000304135e+03 6.483551987912505865e-05
6.546500000000303771e+03 6.434576062019914389e-05
6.547400000000303407e+03 6.540303729707375169e-05
6.548300000000303953e+03 6.654077878920361400e-05
6.549200000000304499e+03 6.675366603303700686e-05
6.550100000000304135e+03 6.625292007811367512e-05
6.551000000000303771e+03 6.563869828823953867e-05
6.551900000000304317e+03 6.536665750900283456e-05
6.552800000000304863e+03 6.510860839625820518e-05
6.553700000000304499e+03 6.430567736970260739e-05
6.554600000000304135e+03 6.321437103906646371e-05
6.555500000000304681e+03 6.262192619033157825e-05
6.556400000000305226e+03 6.291407771641388535e-05
6.557300000000304863e+03 6.350094918161630630e-05
6.558200000000304499e+03 6.352216587401926517e-05
6.559100000000305045e+03 6.271176243899390101e-05
6.560000000000305590e+03 6.052285971236415207e-05
6.560900000000305226e+03 5.476542355609126389e-05
6.561800000000304863e+03 4.523342795437201858e-05
6.562700000000305408e+03 3.929588274331763387e-05
6.563600000000305954e+03 4.374427953734993935e-05
6.564500000000305590e+03 5.348345803213305771e-05
6.565400000000305226e+03 6.021636363584548235e-05
6.566300000000305772e+03 6.303065310930833220e-05
6.567200000000306318e+03 6.403600855264812708e-05
6.568100000000305954e+03 6.385928281815722585e-05
6.569000000000305590e+03 6.330498581519350410e-05
6.569900000000306136e+03 6.358321115840226412e-05
6.570800000000306682e+03 6.424272578442469239e-05
6.571700000000306318e+03 6.403100996976718307e-05
6.572600000000305954e+03 6.312203186098486185e-05
6.573500000000306500e+03 6.246293924050405622e-05
6.574400000000307045e+03 6.251585728023201227e-05
6.575300000000306682e+03 6.365295121213421226e-05
6.576200000000306318e+03 6.550223770318552852e-05
6.577100000000306864e+03 6.683162064291536808e-05
6.578000000000307409e+03 6.722410034853965044e-05
6.578900000000307045e+03 6.695160118397325277e-05
6.579800000000306682e+03 6.620391650358214974e-05
6.580700000000307227e+03 6.556612061103805900e-05
6.581600000000307773e+03 6.584264338016510010e-05
6.582500000000307409e+03 6.674790347460657358e-05
6.583400000000307045e+03 6.731092435074970126e-05
6.584300000000307591e+03 6.723906699335202575e-05
6.585200000000308137e+03 6.676970224361866713e-05
6.586100000000307773e+03 6.646535621257498860e-05
6.587000000000307409e+03 6.693336035823449492e-05
6.587900000000307955e+03 6.772791675757616758e-05
6.588800000000308501e+03 6.811127241235226393e-05
6.589700000000308137e+03 6.812063656980171800e-05
6.590600000000307773e+03 6.749160820618271828e-05
6.591500000000308319e+03 6.553377897944301367e-05
6.592400000000308864e+03 6.281452078837901354e-05
6.593300000000308501e+03 6.163775833556428552e-05
6.594200000000308137e+03 6.319872773019596934e-05
6.595100000000308683e+03 6.562408816535025835e-05
6.596000000000309228e+03 6.679817306576296687e-05
6.596900000000308864e+03 6.655359175056219101e-05
6.597800000000308501e+03 6.576628220500424504e-05
6.598700000000309046e+03 6.556056177942082286e-05
6.599600000000309592e+03 6.643849337706342340e-05
6.600500000000309228e+03 6.762663542758673429e-05
6.601400000000308864e+03 6.816703535150736570e-05
6.602300000000309410e+03 6.801886775065213442e-05
6.603200000000309956e+03 6.743476842530071735e-05
6.604100000000309592e+03 6.664196553174406290e-05
6.605000000000309228e+03 6.610639684367924929e-05
6.605900000000309774e+03 6.603200745303183794e-05
6.606800000000310320e+03 6.588696123799309134e-05
6.607700000000309956e+03 6.517850124510005116e-05
6.608600000000309592e+03 6.431485235225409269e-05
6.609500000000310138e+03 6.460812437580898404e-05
6.610400000000310683e+03 6.627337279496714473e-05
6.611300000000310320e+03 6.766350998077541590e-05
6.612200000000309956e+03 6.769826723029837012e-05
6.613100000000310501e+03 6.703532562823966146e-05
6.614000000000311047e+03 6.695692718494683504e-05
6.614900000000310683e+03 6.764088175259530544e-05
6.615800000000310320e+03 6.807876343373209238e-05
6.616700000000310865e+03 6.792182102799415588e-05
6.617600000000311411e+03 6.768942694179713726e-05
6.618500000000311047e+03 6.773017958039417863e-05
6.619400000000310683e+03 6.797870446462184191e-05
6.620300000000311229e+03 6.815396045567467809e-05
6.621200000000311775e+03 6.808010220993310213e-05
6.622100000000311411e+03 6.769470201106742024e-05
6.623000000000311047e+03 6.689301517326384783e-05
6.623900000000311593e+03 6.577208114322274923e-05
6.624800000000312139e+03 6.520423630718141794e-05
6.625700000000311775e+03 6.580708577530458570e-05
6.626600000000311411e+03 6.661377847194671631e-05
6.627500000000311957e+03 6.684571417281404138e-05
6.628400000000312502e+03 6.681444938294589520e-05
6.629300000000312139e+03 6.669971480732783675e-05
6.630200000000311775e+03 6.657955964328721166e-05
6.631100000000312320e+03 6.635346653638407588e-05
6.632000000000312866e+03 6.566203228430822492e-05
6.632900000000312502e+03 6.455877883126959205e-05
6.633800000000312139e+03 6.393669173121452332e-05
6.634700000000312684e+03 6.459517317125573754e-05
6.635600000000313230e+03 6.587700045201927423e-05
6.636500000000312866e+03 6.677734927507117391e-05
6.637400000000312502e+03 6.708050204906612635e-05
6.638300000000313048e+03 6.687264249194413424e-05
6.639200000000313594e+03 6.651806324953213334e-05
6.640100000000313230e+03 6.664402462774887681e-05
6.641000000000312866e+03 6.713650509482249618e-05
6.641900000000313412e+03 6.681725062662735581e-05
6.642800000000313958e+03 6.539990863529965281e-05
6.643700000000313594e+03 6.455969560192897916e-05
6.644600000000313230e+03 6.528668018290773034e-05
6.645500000000313776e+03 6.633003067690879107e-05
6.646400000000314321e+03 6.656745244981721044e-05
6.647300000000313958e+03 6.637438491452485323e-05
6.648200000000313594e+03 6.645367102464661002e-05
6.649100000000314139e+03 6.669334834441542625e-05
6.650000000000314685e+03 6.656461482634767890e-05
6.650900000000314321e+03 6.615342863369733095e-05
6.651800000000313958e+03 6.593946454813703895e-05
6.652700000000314503e+03 6.601662607863545418e-05
6.653600000000315049e+03 6.615216261707246304e-05
6.654500000000314685e+03 6.626492540817707777e-05
6.655400000000314321e+03 6.625260721193626523e-05
6.656300000000314867e+03 6.611381104448810220e-05
6.657200000000315413e+03 6.616306927753612399e-05
6.658100000000315049e+03 6.632887379964813590e-05
6.659000000000314685e+03 6.628471601288765669e-05
6.659900000000315231e+03 6.607223622268065810e-05
6.660800000000315777e+03 6.580057379323989153e-05
6.661700000000315413e+03 6.515051063615828753e-05
6.662600000000315049e+03 6.393295916495844722e-05
6.663500000000315595e+03 6.333971396088600159e-05
6.664400000000316140e+03 6.412540824385359883e-05
6.665300000000315777e+03 6.500864401459693909e-05
6.666200000000315413e+03 6.517335714306682348e-05
6.667100000000315958e+03 6.511400715680792928e-05
6.668000000000316504e+03 6.537549052154645324e-05
6.668900000000316140e+03 6.600011693080887198e-05
6.669800000000315777e+03 6.658350321231409907e-05
6.670700000000316322e+03 6.682337698293849826e-05
6.671600000000316868e+03 6.676161865470930934e-05
6.672500000000316504e+03 6.663531530648469925e-05
6.673400000000316140e+03 6.660085637122392654e-05
6.674300000000316686e+03 6.667664274573326111e-05
6.675200000000317232e+03 6.663088424829766154e-05
6.676100000000316868e+03 6.569396646227687597e-05
6.677000000000316504e+03 6.357904931064695120e-05
6.677900000000317050e+03 6.199345807544887066e-05
6.678800000000317596e+03 6.266487616812810302e-05
6.679700000000317232e+03 6.431649671867489815e-05
6.680600000000316868e+03 6.503109034383669496e-05
6.681500000000317414e+03 6.508173100883141160e-05
6.682400000000317959e+03 6.529044912895187736e-05
6.683300000000317596e+03 6.562710041180253029e-05
6.684200000000317232e+03 6.582530477317050099e-05
6.685100000000317777e+03 6.583958020200952888e-05
6.686000000000318323e+03 6.574195140274241567e-05
6.686900000000317959e+03 6.554461288033053279e-05
6.687800000000317596e+03 6.540752656292170286e-05
6.688700000000318141e+03 6.553571438416838646e-05
6.689600000000318687e+03 6.571969424840062857e-05
6.690500000000318323e+03 6.575499719474464655e-05
6.691400000000317959e+03 6.572514394065365195e-05
6.692300000000318505e+03 6.571573612745851278e-05
6.693200000000319051e+03 6.573823338840156794e-05
6.694100000000318687e+03 6.555118307005614042e-05
6.695000000000318323e+03 6.484019104391336441e-05
6.695900000000318869e+03 6.405448220903053880e-05
6.696800000000319415e+03 6.398442201316356659e-05
6.697700000000319051e+03 6.445771578000858426e-05
6.698600000000318687e+03 6.497618596768006682e-05
6.699500000000319233e+03 6.556393054779618979e-05
6.700400000000319778e+03 6.603056681342422962e-05
6.701300000000319415e+03 6.604860391234979033e-05
6.702200000000319051e+03 6.557727465406060219e-05
6.703100000000319596e+03 6.478936120402067900e-05
6.704000000000320142e+03 6.427727203117683530e-05
6.704900000000319778e+03 6.446835323004052043e-05
6.705800000000319415e+03 6.501052848761901259e-05
6.706700000000319960e+03 6.532405677717179060e-05
6.707600000000320506e+03 6.534183194162324071e-05
6.708500000000320142e+03 6.528673111461102962e-05
6.709400000000319778e+03 6.507315265480428934e-05
6.710300000000320324e+03 6.490361556643620133e-05
6.711200000000320870e+03 6.503651820821687579e-05
6.712100000000320506e+03 6.497286813100799918e-05
6.713000000000320142e+03 6.446912448154762387e-05
6.713900000000320688e+03 6.392055365722626448e-05
6.714800000000321234e+03 6.340611435007303953e-05
6.715700000000320870e+03 6.267112621571868658e-05
6.716600000000320506e+03 6.163986836327239871e-05
6.717500000000321052e+03 6.116842268966138363e-05
6.718400000000321597e+03 6.217317422851920128e-05
6.719300000000321234e+03 6.371639756252989173e-05
6.720200000000320870e+03 6.446875340770930052e-05
6.721100000000321415e+03 6.441184086725115776e-05
6.722000000000321961e+03 6.429239147109910846e-05
6.722900000000321597e+03 6.459736323449760675e-05
6.723800000000321234e+03 6.487634527729824185e-05
6.724700000000321779e+03 6.461261364165693521e-05
6.725600000000322325e+03 6.406573083950206637e-05
6.726500000000321961e+03 6.390628550434485078e-05
6.727400000000321597e+03 6.427964399335905910e-05
6.728300000000322143e+03 6.474358087871223688e-05
6.729200000000322689e+03 6.506417412310838699e-05
6.730100000000322325e+03 6.523514457512646914e-05
6.731000000000321961e+03 6.518148438772186637e-05
6.731900000000322507e+03 6.490115629276260734e-05
6.732800000000323053e+03 6.458724965341389179e-05
6.733700000000322689e+03 6.456251867348328233e-05
6.734600000000322325e+03 6.484011828433722258e-05
6.735500000000322871e+03 6.515502172987908125e-05
6.736400000000323416e+03 6.514025881187990308e-05
6.737300000000323053e+03 6.457982817664742470e-05
6.738200000000322689e+03 6.379192200256511569e-05
6.739100000000323234e+03 6.344736902974545956e-05
6.740000000000323780e+03 6.382779247360303998e-05
6.740900000000323416e+03 6.431894871639087796e-05
6.741800000000323053e+03 6.415473035303875804e-05
6.742700000000323598e+03 6.369585025822743773e-05
6.743600000000324144e+03 6.381901039276272058e-05
6.744500000000323780e+03 6.430665234802290797e-05
6.745400000000323416e+03 6.440383731387555599e-05
6.746300000000323962e+03 6.416549149435013533e-05
6.747200000000324508e+03 6.393437797669321299e-05
6.748100000000324144e+03 6.363571446854621172e-05
6.749000000000323780e+03 6.312684126896783710e-05
6.749900000000324326e+03 6.284071423579007387e-05
6.750800000000324872e+03 6.315494829323142767e-05
6.751700000000324508e+03 6.338690582197159529e-05
6.752600000000324144e+03 6.322429544525220990e-05
6.753500000000324690e+03 6.345955625874921679e-05
6.754400000000325235e+03 6.404970190487802029e-05
6.755300000000324872e+03 6.441977166105061769e-05
6.756200000000324508e+03 6.475766713265329599e-05
6.757100000000325053e+03 6.515897985082119703e-05
6.758000000000325599e+03 6.542105256812646985e-05
6.758900000000325235e+03 6.555317668244242668e-05
6.759800000000324872e+03 6.559091707458719611e-05
6.760700000000325417e+03 6.547926022903993726e-05
6.761600000000325963e+03 6.531985854962840676e-05
6.762500000000325599e+03 6.534774001920595765e-05
6.763400000000325235e+03 6.547767407028004527e-05
6.764300000000325781e+03 6.539344030898064375e-05
6.765200000000326327e+03 6.493925320683047175e-05
6.766100000000325963e+03 6.410965579561889172e-05
6.767000000000325599e+03 6.331159966066479683e-05
6.767900000000326145e+03 6.330265023279935122e-05
6.768800000000326690e+03 6.399222911568358541e-05
6.769700000000326327e+03 6.431832298403605819e-05
6.770600000000325963e+03 6.398100231308490038e-05
6.771500000000326509e+03 6.382372521329671144e-05
6.772400000000327054e+03 6.431576184695586562e-05
6.773300000000326690e+03 6.502748146886005998e-05
6.774200000000326327e+03 6.562275666510686278e-05
6.775100000000326872e+03 6.601749919354915619e-05
6.776000000000327418e+03 6.612436118302866817e-05
6.776900000000327054e+03 6.602111534448340535e-05
6.777800000000326690e+03 6.602631765417754650e-05
6.778700000000327236e+03 6.624755042139440775e-05
6.779600000000327782e+03 6.629044219153001904e-05
6.780500000000327418e+03 6.588520773220807314e-05
6.781400000000327054e+03 6.508906517410650849e-05
6.782300000000327600e+03 6.406446482287719846e-05
6.783200000000328146e+03 6.317708903225138783e-05
6.784100000000327782e+03 6.282723916228860617e-05
6.785000000000327418e+03 6.300152017502114177e-05
6.785900000000327964e+03 6.336683145491406322e-05
6.786800000000328509e+03 6.388928886735811830e-05
6.787700000000328146e+03 6.448632484534755349e-05
6.788600000000327782e+03 6.468038918683305383e-05
6.789500000000328328e+03 6.452106754295527935e-05
6.790400000000328873e+03 6.456857227021828294e-05
6.791300000000328509e+03 6.476057023974135518e-05
6.792200000000328146e+03 6.457809649873524904e-05
6.793100000000328691e+03 6.407420005416497588e-05
6.794000000000329237e+03 6.387752364389598370e-05
6.794900000000328873e+03 6.409245543181896210e-05
6.795800000000328509e+03 6.435012619476765394e-05
6.796700000000329055e+03 6.457953713834285736e-05
6.797600000000329601e+03 6.471425149356946349e-05
6.798500000000329237e+03 6.479627336375415325e-05
6.799400000000328873e+03 6.502673204522579908e-05
6.800300000000329419e+03 6.529856909764930606e-05
6.801200000000329965e+03 6.544664211105555296e-05
6.802100000000329601e+03 6.538492016261443496e-05
6.803000000000329237e+03 6.508628575829789042e-05
6.803900000000329783e+03 6.484631012426689267e-05
6.804800000000330328e+03 6.489628867711871862e-05
6.805700000000329965e+03 6.486365600721910596e-05
6.806600000000329601e+03 6.467478669947013259e-05
6.807500000000330147e+03 6.481527816504240036e-05
6.808400000000330692e+03 6.504999328171834350e-05
6.809300000000330328e+03 6.486012716777622700e-05
6.810200000000329965e+03 6.465749902417883277e-05
6.811100000000330510e+03 6.484310870291665196e-05
6.812000000000331056e+03 6.509440572699531913e-05
6.812900000000330692e+03 6.501097959699109197e-05
6.813800000000330328e+03 6.442530138883739710e-05
6.814700000000330874e+03 6.384238076861947775e-05
6.815600000000331420e+03 6.407345790648832917e-05
6.816500000000331056e+03 6.490837404271587729e-05
6.817400000000330692e+03 6.540709000546485186e-05
6.818300000000331238e+03 6.523634510813280940e-05
6.819200000000331784e+03 6.470277730841189623e-05
6.820100000000331420e+03 6.439203571062535048e-05
6.821000000000331056e+03 6.470679363701492548e-05
6.821900000000331602e+03 6.532619590871036053e-05
6.822800000000332147e+03 6.571089033968746662e-05
6.823700000000331784e+03 6.584748916793614626e-05
6.824600000000331420e+03 6.596375169465318322e-05
6.825500000000331966e+03 6.599988410016521811e-05
6.826400000000332511e+03 6.559986650245264173e-05
6.827300000000332147e+03 6.471224332926794887e-05
6.828200000000331784e+03 6.407012551790103316e-05
6.829100000000332329e+03 6.435056275222450495e-05
6.830000000000332875e+03 6.518237205455079675e-05
6.830900000000332511e+03 6.568592652911320329e-05
6.831800000000332147e+03 6.556627340614795685e-05
6.832700000000332693e+03 6.538325396832078695e-05
6.833600000000333239e+03 6.560487236129119992e-05
6.834500000000332875e+03 6.596551975235342979e-05
6.835400000000332511e+03 6.604052032344043255e-05
6.836300000000333057e+03 6.575634324690327048e-05
6.837200000000333603e+03 6.532418046845123172e-05
6.838100000000333239e+03 6.477045099018141627e-05
6.839000000000332875e+03 6.405641033779829741e-05
6.839900000000333421e+03 6.331177428364753723e-05
6.840800000000333966e+03 6.265599222388118505e-05
6.841700000000333603e+03 6.243292591534554958e-05
6.842600000000333239e+03 6.291150202741846442e-05
6.843500000000333785e+03 6.385309825418516994e-05
6.844400000000334330e+03 6.482930621132254601e-05
6.845300000000333966e+03 6.538601155625656247e-05
6.846200000000333603e+03 6.547733210027217865e-05
6.847100000000334148e+03 6.546591612277552485e-05
6.848000000000334694e+03 6.544970528921112418e-05
6.848900000000334330e+03 6.528280209749937057e-05
6.849800000000333966e+03 6.503440090455114841e-05
6.850700000000334512e+03 6.491993553936481476e-05
6.851600000000335058e+03 6.503354234155267477e-05
6.852500000000334694e+03 6.519736780319362879e-05
6.853400000000334330e+03 6.482896424131467938e-05
6.854300000000334876e+03 6.374970689648762345e-05
6.855200000000335422e+03 6.298426887951791286e-05
6.856100000000335058e+03 6.324150308500975370e-05
6.857000000000334694e+03 6.379989645211026073e-05
6.857900000000335240e+03 6.411628419300541282e-05
6.858800000000335785e+03 6.436156400013715029e-05
6.859700000000335422e+03 6.423060403903946280e-05
6.860600000000335058e+03 6.349698378471657634e-05
6.861500000000335604e+03 6.305416900431737304e-05
6.862400000000336149e+03 6.374962686095386744e-05
6.863300000000335785e+03 6.500139716081321239e-05
6.864200000000335422e+03 6.566989031853154302e-05
6.865100000000335967e+03 6.540066533489152789e-05
6.866000000000336513e+03 6.453884998336434364e-05
6.866900000000336149e+03 6.366831803461536765e-05
6.867800000000335785e+03 6.341161497402936220e-05
6.868700000000336331e+03 6.390604539774358273e-05
6.869600000000336877e+03 6.448491330957040191e-05
6.870500000000336513e+03 6.452651723520830274e-05
6.871400000000336149e+03 6.402984581654891372e-05
6.872300000000336695e+03 6.369718175847083330e-05
6.873200000000337241e+03 6.399245467036962509e-05
6.874100000000336877e+03 6.439666321966797113e-05
6.875000000000336513e+03 6.451395165640860796e-05
6.875900000000337059e+03 6.468648643931373954e-05
6.876800000000337604e+03 6.521064642583951354e-05
6.877700000000337241e+03 6.577846943400800228e-05
6.878600000000336877e+03 6.599678454222157598e-05
6.879500000000337423e+03 6.588764517800882459e-05
6.880400000000337968e+03 6.536347063956782222e-05
6.881300000000337604e+03 6.438282434828579426e-05
6.882200000000337241e+03 6.356911035254597664e-05
6.883100000000337786e+03 6.367537571350112557e-05
6.884000000000338332e+03 6.446523912018164992e-05
6.884900000000337968e+03 6.485449557658284903e-05
6.885800000000337604e+03 6.479108560597524047e-05
6.886700000000338150e+03 6.512084655696526170e-05
6.887600000000338696e+03 6.569863762706518173e-05
6.888500000000338332e+03 6.598792242584750056e-05
6.889400000000337968e+03 6.614918675040826201e-05
6.890300000000338514e+03 6.631993164774030447e-05
6.891200000000339060e+03 6.628344999626278877e-05
6.892100000000338696e+03 6.610139826079830527e-05
6.893000000000338332e+03 6.612241122638806701e-05
6.893900000000338878e+03 6.613621371798217297e-05
6.894800000000339423e+03 6.576006126124411821e-05
6.895700000000339060e+03 6.539806781802326441e-05
6.896600000000338696e+03 6.553757702931761742e-05
6.897500000000339242e+03 6.586594827240332961e-05
6.898400000000339787e+03 6.581374327652156353e-05
6.899300000000339423e+03 6.542223854921758175e-05
6.900200000000339060e+03 6.534315616590902209e-05
6.901100000000339605e+03 6.583369395229965448e-05
6.902000000000340151e+03 6.630469579249620438e-05
6.902900000000339787e+03 6.638049671892076731e-05
6.903800000000339423e+03 6.628574192291125655e-05
6.904700000000339969e+03 6.632017175434157252e-05
6.905600000000340515e+03 6.649456918239593506e-05
6.906500000000340151e+03 6.672750168945640326e-05
6.907400000000339787e+03 6.692049646517261863e-05
6.908300000000340333e+03 6.699599907733500004e-05
6.909200000000340879e+03 6.698086508549749851e-05
6.910100000000340515e+03 6.670623406535014510e-05
6.911000000000340151e+03 6.622760702157393098e-05
6.911900000000340697e+03 6.590802513528615236e-05
6.912800000000341242e+03 6.557821325259283185e-05
6.913700000000340879e+03 6.502291216747835279e-05
6.914600000000340515e+03 6.479633157141506672e-05
6.915500000000341061e+03 6.504039629362523556e-05
6.916400000000341606e+03 6.520855095004662871e-05
6.917300000000341242e+03 6.535086140502244234e-05
6.918200000000340879e+03 6.571030826307833195e-05
6.919100000000341424e+03 6.611281423829495907e-05
6.920000000000341970e+03 6.647723785135895014e-05
6.920900000000341606e+03 6.674072210444137454e-05
6.921800000000341242e+03 6.672982999589294195e-05
6.922700000000341788e+03 6.622623186558485031e-05
6.923600000000342334e+03 6.527267396450042725e-05
6.924500000000341970e+03 6.436406692955642939e-05
6.925400000000341606e+03 6.413972005248069763e-05
6.926300000000342152e+03 6.472498353105038404e-05
6.927200000000342698e+03 6.559630855917930603e-05
6.928100000000342334e+03 6.610259151784703135e-05
6.929000000000341970e+03 6.618077168241143227e-05
6.929900000000342516e+03 6.608477269764989614e-05
6.930800000000343061e+03 6.593453144887462258e-05
6.931700000000342698e+03 6.559772737091407180e-05
6.932600000000342334e+03 6.502863107016310096e-05
6.933500000000342880e+03 6.487634527729824185e-05
6.934400000000343425e+03 6.543313065776601434e-05
6.935300000000343061e+03 6.595683953491970897e-05
6.936200000000342698e+03 6.600716005777940154e-05
6.937100000000343243e+03 6.587630923604592681e-05
6.938000000000343789e+03 6.589318945771083236e-05
6.938900000000343425e+03 6.612520519411191344e-05
6.939800000000343061e+03 6.647610280197113752e-05
6.940700000000343607e+03 6.670199218206107616e-05
6.941600000000344153e+03 6.655453034909442067e-05
6.942500000000343789e+03 6.604100053664296865e-05
6.943400000000343425e+03 6.524803757201880217e-05
6.944300000000343971e+03 6.430061330320313573e-05
6.945200000000344517e+03 6.399115954991430044e-05
6.946100000000344153e+03 6.479366129497066140e-05
6.947000000000343789e+03 6.583557842532172799e-05
6.947900000000344335e+03 6.638321065111085773e-05
6.948800000000344880e+03 6.653638411080464721e-05
6.949700000000344517e+03 6.631173891946673393e-05
6.950600000000344153e+03 6.561641203006729484e-05
6.951500000000344698e+03 6.498363654827699065e-05
6.952400000000345244e+03 6.480290176114067435e-05
6.953300000000344880e+03 6.479520379798486829e-05
6.954200000000344517e+03 6.494692206615582108e-05
6.955100000000345062e+03 6.538708112202584743e-05
6.956000000000345608e+03 6.594431761186569929e-05
6.956900000000345244e+03 6.626857066294178367e-05
6.957800000000344880e+03 6.634180317632853985e-05
6.958700000000345426e+03 6.640444189542904496e-05
6.959600000000345972e+03 6.649627903243526816e-05
6.960500000000345608e+03 6.660959479631856084e-05
6.961400000000345244e+03 6.679706712020561099e-05
6.962300000000345790e+03 6.699309597024694085e-05
6.963200000000346336e+03 6.713571201544255018e-05
6.964100000000345972e+03 6.703694089083001018e-05
6.965000000000345608e+03 6.660586950602009892e-05
6.965900000000346154e+03 6.633693556068465114e-05
6.966800000000346699e+03 6.670908624073490500e-05
6.967700000000346336e+03 6.736553041264414787e-05
6.968600000000345972e+03 6.762472185073420405e-05
6.969500000000346517e+03 6.729942833771929145e-05
6.970400000000347063e+03 6.674595351796597242e-05
6.971300000000346699e+03 6.657217454630881548e-05
6.972200000000346336e+03 6.699161167489364743e-05
6.973100000000346881e+03 6.735163333360105753e-05
6.974000000000347427e+03 6.706981366733089089e-05
6.974900000000347063e+03 6.639443017775192857e-05
6.975800000000346699e+03 6.561561167472973466e-05
6.976700000000347245e+03 6.442300218623131514e-05
6.977600000000347791e+03 6.273917097132652998e-05
6.978500000000347427e+03 6.174004374770447612e-05
6.979400000000347063e+03 6.269126606639474630e-05
6.980300000000347609e+03 6.473540270235389471e-05
6.981200000000348155e+03 6.625112291658297181e-05
6.982100000000347791e+03 6.698723882436752319e-05
6.983000000000347427e+03 6.729452434228733182e-05
6.983900000000347973e+03 6.735916394973173738e-05
6.984800000000348518e+03 6.734277849318459630e-05
6.985700000000348155e+03 6.729441520292311907e-05
6.986600000000347791e+03 6.707945431116968393e-05
6.987500000000348336e+03 6.655294419033452868e-05
6.988400000000348882e+03 6.585656956303864717e-05
6.989300000000348518e+03 6.556858716066926718e-05
6.990200000000348155e+03 6.596961611649021506e-05
6.991100000000348700e+03 6.663546810159459710e-05
6.992000000000349246e+03 6.707694410579279065e-05
6.992900000000348882e+03 6.703437247779220343e-05
6.993800000000348518e+03 6.666858826065436006e-05
6.994700000000349064e+03 6.651172589045017958e-05
6.995600000000349610e+03 6.670300354016944766e-05
6.996500000000349246e+03 6.687645509373396635e-05
6.997400000000348882e+03 6.675372424069792032e-05
6.998300000000349428e+03 6.610248237848281860e-05
6.999200000000349974e+03 6.519188900711014867e-05
7.000100000000349610e+03 6.491130625363439322e-05
7.001000000000349246e+03 6.556644802913069725e-05
7.001900000000349792e+03 6.634931924054399133e-05
7.002800000000350337e+03 6.629877316299825907e-05
7.003700000000349974e+03 6.553638377226889133e-05
7.004600000000349610e+03 6.499003211501985788e-05
7.005500000000350155e+03 6.501250027213245630e-05
7.006400000000350701e+03 6.535901775350794196e-05
7.007300000000350337e+03 6.581216439371928573e-05
7.008200000000349974e+03 6.630997813772410154e-05
7.009100000000350519e+03 6.667003617621958256e-05
7.010000000000351065e+03 6.657122139586135745e-05
7.010900000000350701e+03 6.626135291298851371e-05
7.011800000000350337e+03 6.628343544434756041e-05
7.012700000000350883e+03 6.656246114289388061e-05
7.013600000000351429e+03 6.644929817412048578e-05
7.014500000000351065e+03 6.537247827509418130e-05
7.015400000000350701e+03 6.356077210512012243e-05
7.016300000000351247e+03 6.256686174310743809e-05
7.017200000000351793e+03 6.366753950715065002e-05
7.018100000000351429e+03 6.570645928150042892e-05
7.019000000000351065e+03 6.702337850583717227e-05
7.019900000000351611e+03 6.744007987435907125e-05
7.020800000000352156e+03 6.735353963449597359e-05
7.021700000000351793e+03 6.670724542345851660e-05
7.022600000000351429e+03 6.547753582708537579e-05
7.023500000000351974e+03 6.441965524572879076e-05
7.024400000000352520e+03 6.430059147533029318e-05
7.025300000000352156e+03 6.502998439827933908e-05
7.026200000000351793e+03 6.583532376680523157e-05
7.027100000000352338e+03 6.624127854593098164e-05
7.028000000000352884e+03 6.641777144977822900e-05
7.028900000000352520e+03 6.657785706920549273e-05
7.029800000000352156e+03 6.674988981103524566e-05
7.030700000000352702e+03 6.683924584649503231e-05
7.031600000000353248e+03 6.670015136478468776e-05
7.032500000000352884e+03 6.649329588981345296e-05
7.033400000000352520e+03 6.637410842813551426e-05
7.034300000000353066e+03 6.636272155446931720e-05
7.035200000000353612e+03 6.655840115854516625e-05
7.036100000000353248e+03 6.657201447524130344e-05
7.037000000000352884e+03 6.567704986082389951e-05
7.037900000000353430e+03 6.445110193453729153e-05
7.038800000000353975e+03 6.461016164394095540e-05
7.039700000000353612e+03 6.638265767833217978e-05
7.040600000000353248e+03 6.817357643740251660e-05
7.041500000000353793e+03 6.898798892507329583e-05
7.042400000000354339e+03 6.905283953528851271e-05
7.043300000000353975e+03 6.862267036922276020e-05
7.044200000000353612e+03 6.786282756365835667e-05
7.045100000000354157e+03 6.740544631611555815e-05
7.046000000000354703e+03 6.770175241399556398e-05
7.046900000000354339e+03 6.839198613306507468e-05
7.047800000000353975e+03 6.889403448440134525e-05
7.048700000000354521e+03 6.898931314935907722e-05
7.049600000000355067e+03 6.865398609079420567e-05
7.050500000000354703e+03 6.790200131945312023e-05
7.051400000000354339e+03 6.653473974438384175e-05
7.052300000000354885e+03 6.460140139097347856e-05
7.053200000000355431e+03 6.290567398536950350e-05
7.054100000000355067e+03 6.206451507750898600e-05
7.055000000000354703e+03 6.222105002962052822e-05
7.055900000000355249e+03 6.309060700004920363e-05
7.056800000000355794e+03 6.390164344338700175e-05
7.057700000000355431e+03 6.405104068107903004e-05
7.058600000000355067e+03 6.339321407722309232e-05
7.059500000000355612e+03 6.241452501853927970e-05
7.060400000000356158e+03 6.199546623975038528e-05
7.061300000000355794e+03 6.231977749848738313e-05
7.062200000000355431e+03 6.279901572270318866e-05
7.063100000000355976e+03 6.322501576505601406e-05
7.064000000000356522e+03 6.365966692101210356e-05
7.064900000000356158e+03 6.364211731124669313e-05
7.065800000000355794e+03 6.293957994785159826e-05
7.066700000000356340e+03 6.202892109286040068e-05
7.067600000000356886e+03 6.129279063316062093e-05
7.068500000000356522e+03 6.122308695921674371e-05
7.069400000000356158e+03 6.219816714292392135e-05
7.070300000000356704e+03 6.351936463033780456e-05
7.071200000000357250e+03 6.419434794224798679e-05
7.072100000000356886e+03 6.426866457331925631e-05
7.073000000000356522e+03 6.429665518226101995e-05
7.073900000000357068e+03 6.435699469875544310e-05
7.074800000000357613e+03 6.431641668314114213e-05
7.075700000000357250e+03 6.425084575312212110e-05
7.076600000000356886e+03 6.429681525332853198e-05
7.077500000000357431e+03 6.449328066082671285e-05
7.078400000000357977e+03 6.470270454883575439e-05
7.079300000000357613e+03 6.489879888249561191e-05
7.080200000000357250e+03 6.512559048132970929e-05
7.081100000000357795e+03 6.506960926344618201e-05
7.082000000000358341e+03 6.437893898691982031e-05
7.082900000000357977e+03 6.311317702056840062e-05
7.083800000000357613e+03 6.166458479128777981e-05
7.084700000000358159e+03 6.086483335820958018e-05
7.085600000000358705e+03 6.097359437262639403e-05
7.086500000000358341e+03 6.097831646911799908e-05
7.087400000000357977e+03 6.043743996997363865e-05
7.088300000000358523e+03 6.001913789077661932e-05
7.089200000000359069e+03 5.990170393488369882e-05
7.090100000000358705e+03 5.990731006022542715e-05
7.091000000000358341e+03 6.019611828378401697e-05
7.091900000000358887e+03 6.050154843251220882e-05
7.092800000000359432e+03 6.050744559615850449e-05
7.093700000000359069e+03 6.046241105650551617e-05
7.094600000000358705e+03 6.046112321200780571e-05
7.095500000000359250e+03 6.047448914614506066e-05
7.096400000000359796e+03 6.058693179511465132e-05
7.097300000000359432e+03 6.085041604819707572e-05
7.098200000000359069e+03 6.132063572295010090e-05
7.099100000000359614e+03 6.177881732583045959e-05
7.100000000000360160e+03 6.186826794873923063e-05
7.100900000000359796e+03 6.156887684483081102e-05
7.101800000000359432e+03 6.108869274612516165e-05
7.102700000000359978e+03 6.085494533181190491e-05
7.103600000000360524e+03 6.122738705016672611e-05
7.104500000000360160e+03 6.193359877215698361e-05
7.105400000000359796e+03 6.225190736586228013e-05
7.106300000000360342e+03 6.198963092174381018e-05
7.107200000000360887e+03 6.171090353745967150e-05
7.108100000000360524e+03 6.179402407724410295e-05
7.109000000000360160e+03 6.180885247886180878e-05
7.109900000000360706e+03 6.124143692431971431e-05
7.110800000000361251e+03 6.046924681868404150e-05
7.111700000000360887e+03 6.033071986166760325e-05
7.112600000000360524e+03 6.091816976550035179e-05
7.113500000000361069e+03 6.156694144010543823e-05
7.114400000000361615e+03 6.188487168401479721e-05
7.115300000000361251e+03 6.210246647242456675e-05
7.116200000000360887e+03 6.237375782802700996e-05
7.117100000000361433e+03 6.251905870158225298e-05
7.118000000000361979e+03 6.252375169424340129e-05
7.118900000000361615e+03 6.245102122193202376e-05
7.119800000000361251e+03 6.232300074771046638e-05
7.120700000000361797e+03 6.202639633556827903e-05
7.121600000000362343e+03 6.149270484456792474e-05
7.122500000000361979e+03 6.132463022368028760e-05
7.123400000000361615e+03 6.166783714434131980e-05
7.124300000000362161e+03 6.148470856714993715e-05
7.125200000000362706e+03 6.053550532669760287e-05
7.126100000000362343e+03 5.978133776807226241e-05
7.127000000000361979e+03 5.988194970996119082e-05
7.127900000000362525e+03 6.034734906279481947e-05
7.128800000000363070e+03 6.030625809216871858e-05
7.129700000000362706e+03 5.947277531959116459e-05
7.130600000000362343e+03 5.859157317900098860e-05
7.131500000000362888e+03 5.866117135155946016e-05
7.132400000000363434e+03 5.952349602011963725e-05
7.133300000000363070e+03 6.041264714440330863e-05
7.134200000000362706e+03 6.103116538724862039e-05
7.135100000000363252e+03 6.126422522356733680e-05
7.136000000000363798e+03 6.136858428362756968e-05
7.136900000000363434e+03 6.150302942842245102e-05
7.137800000000363070e+03 6.128966924734413624e-05
7.138700000000363616e+03 6.079033846617676318e-05
7.139600000000364162e+03 6.073242184356786311e-05
7.140500000000363798e+03 6.127523374743759632e-05
7.141400000000363434e+03 6.167965329950675368e-05
7.142300000000363980e+03 6.164248043205589056e-05
7.143200000000364525e+03 6.157904135761782527e-05
7.144100000000364162e+03 6.155760638648644090e-05
7.145000000000363798e+03 6.149971159175038338e-05
7.145900000000364344e+03 6.137700256658717990e-05
7.146800000000364889e+03 6.063924229238182306e-05
7.147700000000364525e+03 5.942311690887436271e-05
7.148600000000364162e+03 5.918371971347369254e-05
7.149500000000364707e+03 6.013323945808224380e-05
7.150400000000365253e+03 6.102610495872795582e-05
7.151300000000364889e+03 6.159214535728096962e-05
7.152200000000364525e+03 6.225430843187496066e-05
7.153100000000365071e+03 6.272392784012481570e-05
7.154000000000365617e+03 6.253863102756440639e-05
7.154900000000365253e+03 6.208502600202336907e-05
7.155800000000364889e+03 6.219678471097722650e-05
7.156700000000365435e+03 6.278830551309511065e-05
7.157600000000365981e+03 6.286681309575214982e-05
7.158500000000365617e+03 6.226311234058812261e-05
7.159400000000365253e+03 6.165805825730785728e-05
7.160300000000365799e+03 6.155655864858999848e-05
7.161200000000366344e+03 6.198384653544053435e-05
7.162100000000365981e+03 6.228388519957661629e-05
7.163000000000365617e+03 6.158401811262592673e-05
7.163900000000366163e+03 6.001970541547052562e-05
7.164800000000366708e+03 5.899774259887635708e-05
7.165700000000366344e+03 5.951004277449101210e-05
7.166600000000365981e+03 6.089481394155882299e-05
7.167500000000366526e+03 6.196426693350076675e-05
7.168400000000367072e+03 6.229043356142938137e-05
7.169300000000366708e+03 6.219797069206833839e-05
7.170200000000366344e+03 6.224250682862475514e-05
7.171100000000366890e+03 6.258441135287284851e-05
7.172000000000367436e+03 6.296070932876318693e-05
7.172900000000367072e+03 6.316143844742327929e-05
7.173800000000366708e+03 6.307841249508783221e-05
7.174700000000367254e+03 6.260517693590372801e-05
7.175600000000367800e+03 6.189852138049900532e-05
7.176500000000367436e+03 6.168243271531537175e-05
7.177400000000367072e+03 6.223493255674839020e-05
7.178300000000367618e+03 6.263739487621933222e-05
7.179200000000368163e+03 6.201787618920207024e-05
7.180100000000367800e+03 6.075055352994240820e-05
7.181000000000367436e+03 5.998836786602623761e-05
7.181900000000367982e+03 6.058815051801502705e-05
7.182800000000368527e+03 6.206607940839603543e-05
7.183700000000368163e+03 6.306730938376858830e-05
7.184600000000367800e+03 6.311996548902243376e-05
7.185500000000368345e+03 6.240318180061876774e-05
7.186400000000368891e+03 6.097320147091522813e-05
7.187300000000368527e+03 5.964042793493717909e-05
7.188200000000368163e+03 5.937188689131289721e-05
7.189100000000368709e+03 5.997273547109216452e-05
7.190000000000369255e+03 6.094040509196929634e-05
7.190900000000368891e+03 6.173166184453293681e-05
7.191800000000368527e+03 6.183639197843149304e-05
7.192700000000369073e+03 6.152261630631983280e-05
7.193600000000369619e+03 6.154469156172126532e-05
7.194500000000369255e+03 6.202865915838629007e-05
7.195400000000368891e+03 6.214821769390255213e-05
7.196300000000369437e+03 6.147492240415886045e-05
7.197200000000369982e+03 6.094097261666320264e-05
7.198100000000369619e+03 6.133502029115334153e-05
7.199000000000369255e+03 6.208368722582235932e-05
7.199900000000369801e+03 6.233537715161219239e-05
7.200800000000370346e+03 6.191631109686568379e-05
7.201700000000369982e+03 6.134888826636597514e-05
7.202600000000369619e+03 6.145430961623787880e-05
7.203500000000370164e+03 6.228615529835224152e-05
7.204400000000370710e+03 6.297571962932124734e-05
7.205300000000370346e+03 6.259299698285758495e-05
7.206200000000369982e+03 6.093914271332323551e-05
7.207100000000370528e+03 5.926269295741803944e-05
7.208000000000371074e+03 5.896989023312926292e-05
7.208900000000370710e+03 5.991202124278061092e-05
7.209800000000370346e+03 6.132784619694575667e-05
7.210700000000370892e+03 6.267394201131537557e-05
7.211600000000371438e+03 6.313610356301069260e-05
7.212500000000371074e+03 6.265449337661266327e-05
7.213400000000370710e+03 6.203027442097663879e-05
7.214300000000371256e+03 6.167608080431818962e-05
7.215200000000371801e+03 6.158498581498861313e-05
7.216100000000371438e+03 6.188217957969754934e-05
7.217000000000371074e+03 6.261313683353364468e-05
7.217900000000371620e+03 6.325655704131349921e-05
7.218800000000372165e+03 6.330322503345087171e-05
7.219700000000371801e+03 6.299299275269731879e-05
7.220600000000371438e+03 6.273972394410520792e-05
7.221500000000371983e+03 6.257803761400282383e-05
7.222400000000372529e+03 6.236375338630750775e-05
7.223300000000372165e+03 6.229593418538570404e-05
7.224200000000371801e+03 6.284011033130809665e-05
7.225100000000372347e+03 6.368846516124904156e-05
7.226000000000372893e+03 6.412049697246402502e-05
7.226900000000372529e+03 6.404078885680064559e-05
7.227800000000372165e+03 6.355061486829072237e-05
7.228700000000372711e+03 6.311386823654174805e-05
7.229600000000373257e+03 6.333159399218857288e-05
7.230500000000372893e+03 6.400047277566045523e-05
7.231400000000372529e+03 6.449953798437491059e-05
7.232300000000373075e+03 6.470404332503676414e-05
7.233200000000373620e+03 6.483592005679383874e-05
7.234100000000373257e+03 6.478232535300776362e-05
7.235000000000372893e+03 6.430564098991453648e-05
7.235900000000373439e+03 6.372881762217730284e-05
7.236800000000373984e+03 6.356448284350335598e-05
7.237700000000373620e+03 6.372314965119585395e-05
7.238600000000373257e+03 6.366027810145169497e-05
7.239500000000373802e+03 6.341513653751462698e-05
7.240400000000374348e+03 6.357076199492439628e-05
7.241300000000373984e+03 6.415032112272456288e-05
7.242200000000373620e+03 6.440043944166973233e-05
7.243100000000374166e+03 6.391020724549889565e-05
7.244000000000374712e+03 6.308597949100658298e-05
7.244900000000374348e+03 6.278320506680756807e-05
7.245800000000373984e+03 6.348146416712552309e-05
7.246700000000374530e+03 6.466209742939099669e-05
7.247600000000375076e+03 6.548380042659118772e-05
7.248500000000374712e+03 6.550155376316979527e-05
7.249400000000374348e+03 6.471748201875016093e-05
7.250300000000374894e+03 6.351737829390913248e-05
7.251200000000375439e+03 6.270508310990408063e-05
7.252100000000375076e+03 6.283978291321545839e-05
7.253000000000374712e+03 6.360191036947071552e-05
7.253900000000375258e+03 6.427484186133369803e-05
7.254800000000375803e+03 6.466844934038817883e-05
7.255700000000375439e+03 6.504537304863333702e-05
7.256600000000375076e+03 6.539540481753647327e-05
7.257500000000375621e+03 6.553549610543996096e-05
7.258400000000376167e+03 6.538496381836012006e-05
7.259300000000375803e+03 6.480581942014396191e-05
7.260200000000375439e+03 6.363727152347564697e-05
7.261100000000375985e+03 6.254061008803546429e-05
7.262000000000376531e+03 6.276250496739521623e-05
7.262900000000376167e+03 6.410114292521029711e-05
7.263800000000375803e+03 6.516490248031914234e-05
7.264700000000376349e+03 6.556913285749033093e-05
7.265600000000376895e+03 6.581896013813093305e-05
7.266500000000376531e+03 6.612657307414337993e-05
7.267400000000376167e+03 6.627679249504581094e-05
7.268300000000376713e+03 6.608195690205320716e-05
7.269200000000377258e+03 6.563671922776848078e-05
7.270100000000376895e+03 6.513382686534896493e-05
7.271000000000376531e+03 6.480189040303230286e-05
7.271900000000377077e+03 6.481756281573325396e-05
7.272800000000377622e+03 6.509059312520548701e-05
7.273700000000377258e+03 6.542242772411555052e-05
7.274600000000376895e+03 6.564402428921312094e-05
7.275500000000377440e+03 6.578441389137879014e-05
7.276400000000377986e+03 6.583472713828086853e-05
7.277300000000377622e+03 6.565428338944911957e-05
7.278200000000377258e+03 6.540844333358108997e-05
7.279100000000377804e+03 6.527648656629025936e-05
7.280000000000378350e+03 6.500850577140226960e-05
7.280900000000377986e+03 6.433587986975908279e-05
7.281800000000377622e+03 6.342861888697370887e-05
7.282700000000378168e+03 6.291583849815651774e-05
7.283600000000378714e+03 6.303084228420630097e-05
7.284500000000378350e+03 6.354474317049607635e-05
7.285400000000377986e+03 6.426429899875074625e-05
7.286300000000378532e+03 6.478753493865951896e-05
7.287200000000379077e+03 6.452942761825397611e-05
7.288100000000378714e+03 6.352788477670401335e-05
7.289000000000378350e+03 6.262693932512775064e-05
7.289900000000378895e+03 6.234217289602383971e-05
7.290800000000379441e+03 6.222548836376518011e-05
7.291700000000379077e+03 6.214914174051955342e-05
7.292600000000378714e+03 6.253677565837278962e-05
7.293500000000379259e+03 6.359697727020829916e-05
7.294400000000379805e+03 6.494286208180710673e-05
7.295300000000379441e+03 6.604819645872339606e-05
7.296200000000379077e+03 6.665189721388742328e-05
7.297100000000379623e+03 6.652442243648692966e-05
7.298000000000380169e+03 6.591813144041225314e-05
7.298900000000379805e+03 6.540615140693262219e-05
7.299800000000379441e+03 6.532271800097078085e-05
7.300700000000379987e+03 6.561445479746907949e-05
7.301600000000380533e+03 6.598413165193051100e-05
7.302500000000380169e+03 6.620069325435906649e-05
7.303400000000379805e+03 6.636726902797818184e-05
7.304300000000380351e+03 6.656636833213269711e-05
7.305200000000380896e+03 6.645321263931691647e-05
7.306100000000380533e+03 6.588088581338524818e-05
7.307000000000380169e+03 6.527060759253799915e-05
7.307900000000380714e+03 6.512197433039546013e-05
7.308800000000381260e+03 6.550530815729871392e-05
7.309700000000380896e+03 6.572446727659553289e-05
7.310600000000380533e+03 6.537462468259036541e-05
7.311500000000381078e+03 6.523099000332877040e-05
7.312400000000381624e+03 6.578495958819985390e-05
7.313300000000381260e+03 6.646560359513387084e-05
7.314200000000380896e+03 6.669318827334791422e-05
7.315100000000381442e+03 6.636449688812717795e-05
7.316000000000381988e+03 6.581337947864085436e-05
7.316900000000381624e+03 6.559593748534098268e-05
7.317800000000381260e+03 6.580232002306729555e-05
7.318700000000381806e+03 6.623115041293203831e-05
7.319600000000382352e+03 6.657157064182683825e-05
7.320500000000381988e+03 6.660065264441072941e-05
7.321400000000381624e+03 6.652583397226408124e-05
7.322300000000382170e+03 6.632012082263827324e-05
7.323200000000382715e+03 6.586177187273278832e-05
7.324100000000382352e+03 6.536453292937949300e-05
7.325000000000381988e+03 6.488329381681978703e-05
7.325900000000382533e+03 6.467470666393637657e-05
7.326800000000383079e+03 6.533072883030399680e-05
7.327700000000382715e+03 6.646649126196280122e-05
7.328600000000382352e+03 6.696534546790644526e-05
7.329500000000382897e+03 6.673501775367185473e-05
7.330400000000383443e+03 6.642770313192158937e-05
7.331300000000383079e+03 6.640304491156712174e-05
7.332200000000382715e+03 6.652029696851968765e-05
7.333100000000383261e+03 6.656569894403219223e-05
7.334000000000383807e+03 6.671698793070390821e-05
7.334900000000383443e+03 6.716640200465917587e-05
7.335800000000383079e+03 6.766711885575205088e-05
7.336700000000383625e+03 6.796244997531175613e-05
7.337600000000384171e+03 6.803494034102186561e-05
7.338500000000383807e+03 6.800545816076919436e-05
7.339400000000383443e+03 6.812952051404863596e-05
7.340300000000383989e+03 6.840193964308127761e-05
7.341200000000384534e+03 6.838991248514503241e-05
7.342100000000384171e+03 6.768664752598851919e-05
7.343000000000383807e+03 6.638000195380300283e-05
7.343900000000384352e+03 6.529841630253940821e-05
7.344800000000384898e+03 6.533285340992733836e-05
7.345700000000384534e+03 6.631071300944313407e-05
7.346600000000384171e+03 6.729497545165941119e-05
7.347500000000384716e+03 6.781260890420526266e-05
7.348400000000385262e+03 6.778626266168430448e-05
7.349300000000384898e+03 6.721799582010135055e-05
7.350200000000384534e+03 6.646767724305391312e-05
7.351100000000385080e+03 6.608404510188847780e-05
7.352000000000385626e+03 6.623897206736728549e-05
7.352900000000385262e+03 6.631912401644513011e-05
7.353800000000384898e+03 6.569236575160175562e-05
7.354700000000385444e+03 6.477767601609230042e-05
7.355600000000385990e+03 6.359239341691136360e-05
7.356500000000385626e+03 6.382072751875966787e-05
7.357400000000385262e+03 6.516812572954222560e-05
7.358300000000385808e+03 6.661359657300636172e-05
7.359200000000386353e+03 6.727816071361303329e-05
7.360100000000385990e+03 6.693340401398018003e-05
7.361000000000385626e+03 6.597972242161631584e-05
7.361900000000386171e+03 6.510725506814196706e-05
7.362800000000386717e+03 6.481231685029342771e-05
7.363700000000386353e+03 6.512248364742845297e-05
7.364600000000385990e+03 6.573900463990867138e-05
7.365500000000386535e+03 6.633755401708185673e-05
7.366400000000387081e+03 6.684140680590644479e-05
7.367300000000386717e+03 6.722108810208737850e-05
7.368200000000386353e+03 6.730743916705250740e-05
7.369100000000386899e+03 6.728174048475921154e-05
7.370000000000387445e+03 6.745410064468160272e-05
7.370900000000387081e+03 6.766631122445687652e-05
7.371800000000386717e+03 6.765920261386781931e-05
7.372700000000387263e+03 6.742752157151699066e-05
7.373600000000387809e+03 6.715380732202902436e-05
7.374500000000387445e+03 6.691338785458356142e-05
7.375400000000387081e+03 6.677222700091078877e-05
7.376300000000387627e+03 6.695088086416944861e-05
7.377200000000388172e+03 6.741444667568430305e-05
7.378100000000387809e+03 6.781515548937022686e-05
7.379000000000387445e+03 6.782529089832678437e-05
7.379900000000387990e+03 6.727057916577905416e-05
7.380800000000388536e+03 6.636867328779771924e-05
7.381700000000388172e+03 6.570464029209688306e-05
7.382600000000387809e+03 6.522886542370542884e-05
7.383500000000388354e+03 6.497019057860597968e-05
7.384400000000388900e+03 6.444491737056523561e-05
7.385300000000388536e+03 6.381431012414395809e-05
7.386200000000388172e+03 6.342401320580393076e-05
7.387100000000388718e+03 6.312801269814372063e-05
7.388000000000389264e+03 6.266978743951767683e-05
7.388900000000388900e+03 6.233639578567817807e-05
7.389800000000388536e+03 6.275408668443560600e-05
7.390700000000389082e+03 6.373500218614935875e-05
7.391600000000389628e+03 6.430892244679853320e-05
7.392500000000389264e+03 6.420036515919491649e-05
7.393400000000388900e+03 6.406546890502795577e-05
7.394300000000389446e+03 6.449602369684726000e-05
7.395200000000389991e+03 6.514965934911742806e-05
7.396100000000389628e+03 6.548910459969192743e-05
7.397000000000389264e+03 6.552194827236235142e-05
7.397900000000389809e+03 6.528682570206001401e-05
7.398800000000390355e+03 6.474201654782518744e-05
7.399700000000389991e+03 6.430066423490643501e-05
7.400600000000389628e+03 6.443792517529800534e-05
7.401500000000390173e+03 6.523122283397242427e-05
7.402400000000390719e+03 6.622816727031022310e-05
7.403300000000390355e+03 6.681272498099133372e-05
7.404200000000389991e+03 6.670066795777529478e-05
7.405100000000390537e+03 6.621853390242904425e-05
7.406000000000391083e+03 6.582935020560398698e-05
7.406900000000390719e+03 6.531419057864695787e-05
7.407800000000390355e+03 6.458936695707961917e-05
7.408700000000390901e+03 6.393338117050006986e-05
7.409600000000391447e+03 6.312635377980768681e-05
