3.540500000000000000e+03 3.603205783292651176e-03
3.541400000000000091e+03 3.596676979213953018e-03
3.542300000000000182e+03 3.611617488786578178e-03
3.543200000000000273e+03 3.626625984907150269e-03
3.544100000000000364e+03 3.632127773016691208e-03
3.545000000000000455e+03 3.636107081547379494e-03
3.545900000000000546e+03 3.653783584013581276e-03
3.546800000000000637e+03 3.675641724839806557e-03
3.547700000000000728e+03 3.698395332321524620e-03
3.548600000000000819e+03 3.731344826519489288e-03
3.549500000000000909e+03 3.745759604498744011e-03
3.550400000000001000e+03 3.718585241585969925e-03
3.551300000000001091e+03 3.685997566208243370e-03
3.552200000000001182e+03 3.665173193439841270e-03
3.553100000000001273e+03 3.635345026850700378e-03
3.554000000000001364e+03 3.601269796490669250e-03
3.554900000000001455e+03 3.592068562284111977e-03
3.555800000000001546e+03 3.618336515501141548e-03
3.556700000000001637e+03 3.648457583039999008e-03
3.557600000000001728e+03 3.661384340375661850e-03
3.558500000000001819e+03 3.667577169835567474e-03
3.559400000000001910e+03 3.667263314127922058e-03
3.560300000000002001e+03 3.663197625428438187e-03
3.561200000000002092e+03 3.657230874523520470e-03
3.562100000000002183e+03 3.656723536550998688e-03
3.563000000000002274e+03 3.659574547782540321e-03
3.563900000000002365e+03 3.643284784629940987e-03
3.564800000000002456e+03 3.614165354520082474e-03
3.565700000000002547e+03 3.598906565457582474e-03
3.566600000000002638e+03 3.615903668105602264e-03
3.567500000000002728e+03 3.643205855041742325e-03
3.568400000000002819e+03 3.637038171291351318e-03
3.569300000000002910e+03 3.600865835323929787e-03
3.570200000000003001e+03 3.573857946321368217e-03
3.571100000000003092e+03 3.464251058176159859e-03
3.572000000000003183e+03 3.542540129274129868e-03
3.572900000000003274e+03 3.556969342753291130e-03
3.573800000000003365e+03 3.558883443474769592e-03
3.574700000000003456e+03 3.591187065467238426e-03
3.575600000000003547e+03 3.569145454093813896e-03
3.576500000000003638e+03 3.569325432181358337e-03
3.577400000000003729e+03 3.443303517997264862e-03
3.578300000000003820e+03 3.373022191226482391e-03
3.579200000000003911e+03 3.372297156602144241e-03
3.580100000000004002e+03 3.378143301233649254e-03
3.581000000000004093e+03 3.380549373105168343e-03
3.581900000000004184e+03 3.411952638998627663e-03
3.582800000000004275e+03 3.445231355726718903e-03
3.583700000000004366e+03 3.437325125560164452e-03
3.584600000000004457e+03 3.361377865076065063e-03
3.585500000000004547e+03 3.294080030173063278e-03
3.586400000000004638e+03 3.253230592235922813e-03
3.587300000000004729e+03 3.262141020968556404e-03
3.588200000000004820e+03 3.327611368149518967e-03
3.589100000000004911e+03 3.408236429095268250e-03
3.590000000000005002e+03 3.523957682773470879e-03
3.590900000000005093e+03 3.599494230002164841e-03
3.591800000000005184e+03 3.530919784680008888e-03
3.592700000000005275e+03 3.436738625168800354e-03
3.593600000000005366e+03 3.441971959546208382e-03
3.594500000000005457e+03 3.517839126288890839e-03
3.595400000000005548e+03 3.610810730606317520e-03
3.596300000000005639e+03 3.633697284385561943e-03
3.597200000000005730e+03 3.638605820015072823e-03
3.598100000000005821e+03 3.700421890243887901e-03
3.599000000000005912e+03 3.823882201686501503e-03
3.599900000000006003e+03 3.843784797936677933e-03
3.600800000000006094e+03 3.707896918058395386e-03
3.601700000000006185e+03 3.546144813299179077e-03
3.602600000000006276e+03 3.479383187368512154e-03
3.603500000000006366e+03 3.408741438761353493e-03
3.604400000000006457e+03 3.327386686578392982e-03
3.605300000000006548e+03 3.335128072649240494e-03
3.606200000000006639e+03 3.377515356987714767e-03
3.607100000000006730e+03 3.362584160640835762e-03
3.608000000000006821e+03 3.310330910608172417e-03
3.608900000000006912e+03 3.295202739536762238e-03
3.609800000000007003e+03 3.332541789859533310e-03
3.610700000000007094e+03 3.390075638890266418e-03
3.611600000000007185e+03 3.366250311955809593e-03
3.612500000000007276e+03 3.294542199000716209e-03
3.613400000000007367e+03 3.308810293674468994e-03
3.614300000000007458e+03 3.428686177358031273e-03
3.615200000000007549e+03 3.520585130900144577e-03
3.616100000000007640e+03 3.475469071418046951e-03
3.617000000000007731e+03 3.350388957187533379e-03
3.617900000000007822e+03 3.207060508430004120e-03
3.618800000000007913e+03 3.193931886926293373e-03
3.619700000000008004e+03 3.255164716392755508e-03
3.620600000000008095e+03 3.358196467161178589e-03
3.621500000000008185e+03 3.441711422055959702e-03
3.622400000000008276e+03 3.438447136431932449e-03
3.623300000000008367e+03 3.401529975235462189e-03
3.624200000000008458e+03 3.425186267122626305e-03
3.625100000000008549e+03 3.484324552118778229e-03
3.626000000000008640e+03 3.603623015806078911e-03
3.626900000000008731e+03 3.579069627448916435e-03
3.627800000000008822e+03 3.560338402166962624e-03
3.628700000000008913e+03 3.497962374240159988e-03
3.629600000000009004e+03 3.342196345329284668e-03
3.630500000000009095e+03 3.216720186173915863e-03
3.631400000000009186e+03 3.148488933220505714e-03
3.632300000000009277e+03 3.165782662108540535e-03
3.633200000000009368e+03 3.159660845994949341e-03
3.634100000000009459e+03 3.141626482829451561e-03
3.635000000000009550e+03 3.193228971213102341e-03
3.635900000000009641e+03 3.258195705711841583e-03
3.636800000000009732e+03 3.331832587718963623e-03
3.637700000000009823e+03 3.416824853047728539e-03
3.638600000000009913e+03 3.428229596465826035e-03
3.639500000000010004e+03 3.470067167654633522e-03
3.640400000000010095e+03 3.469499526545405388e-03
3.641300000000010186e+03 3.449460724368691444e-03
3.642200000000010277e+03 3.391299629583954811e-03
3.643100000000010368e+03 3.312403801828622818e-03
3.644000000000010459e+03 3.254041075706481934e-03
3.644900000000010550e+03 3.238377859815955162e-03
3.645800000000010641e+03 3.236727323383092880e-03
3.646700000000010732e+03 3.184301313012838364e-03
3.647600000000010823e+03 3.148052841424942017e-03
3.648500000000010914e+03 3.164948197081685066e-03
3.649400000000011005e+03 3.198561491444706917e-03
3.650300000000011096e+03 3.234701463952660561e-03
3.651200000000011187e+03 3.273758571594953537e-03
3.652100000000011278e+03 3.310102038085460663e-03
3.653000000000011369e+03 3.341169795021414757e-03
3.653900000000011460e+03 3.372597042471170425e-03
3.654800000000011551e+03 3.405537223443388939e-03
3.655700000000011642e+03 3.432777011767029762e-03
3.656600000000011732e+03 3.469160059466958046e-03
3.657500000000011823e+03 3.499834565445780754e-03
3.658400000000011914e+03 3.492165124043822289e-03
3.659300000000012005e+03 3.460844513028860092e-03
3.660200000000012096e+03 3.453946439549326897e-03
3.661100000000012187e+03 3.439174732193350792e-03
3.662000000000012278e+03 3.386682597920298576e-03
3.662900000000012369e+03 3.339297603815793991e-03
3.663800000000012460e+03 3.340908326208591461e-03
3.664700000000012551e+03 3.401729045435786247e-03
3.665600000000012642e+03 3.424512920901179314e-03
3.666500000000012733e+03 3.390926402062177658e-03
3.667400000000012824e+03 3.360671224072575569e-03
3.668300000000012915e+03 3.314544213935732841e-03
3.669200000000013006e+03 3.275720635429024696e-03
3.670100000000013097e+03 3.317080670967698097e-03
3.671000000000013188e+03 3.394457511603832245e-03
3.671900000000013279e+03 3.433176316320896149e-03
3.672800000000013370e+03 3.417947795242071152e-03
3.673700000000013461e+03 3.403011709451675415e-03
3.674600000000013551e+03 3.401679918169975281e-03
3.675500000000013642e+03 3.370511811226606369e-03
3.676400000000013733e+03 3.299932926893234253e-03
3.677300000000013824e+03 3.262685844674706459e-03
3.678200000000013915e+03 3.197711193934082985e-03
3.679100000000014006e+03 3.145514754578471184e-03
3.680000000000014097e+03 3.154972335323691368e-03
3.680900000000014188e+03 3.193857381120324135e-03
3.681800000000014279e+03 3.216252429410815239e-03
3.682700000000014370e+03 3.218410070985555649e-03
3.683600000000014461e+03 3.281350480392575264e-03
3.684500000000014552e+03 3.269846318289637566e-03
3.685400000000014643e+03 3.190811257809400558e-03
3.686300000000014734e+03 3.106511197984218597e-03
3.687200000000014825e+03 3.093851264566183090e-03
3.688100000000014916e+03 3.196084406226873398e-03
3.689000000000015007e+03 3.314058063551783562e-03
3.689900000000015098e+03 3.368075238540768623e-03
3.690800000000015189e+03 3.409127006307244301e-03
3.691700000000015280e+03 3.420036286115646362e-03
3.692600000000015370e+03 3.398420521989464760e-03
3.693500000000015461e+03 3.409671597182750702e-03
3.694400000000015552e+03 3.424172289669513702e-03
3.695300000000015643e+03 3.393061691895127296e-03
3.696200000000015734e+03 3.360670059919357300e-03
3.697100000000015825e+03 3.352482337504625320e-03
3.698000000000015916e+03 3.431392367929220200e-03
3.698900000000016007e+03 3.572087269276380539e-03
3.699800000000016098e+03 3.668126184493303299e-03
3.700700000000016189e+03 3.645377699285745621e-03
3.701600000000016280e+03 3.508308902382850647e-03
3.702500000000016371e+03 3.290721448138356209e-03
3.703400000000016462e+03 3.047666279599070549e-03
3.704300000000016553e+03 2.872720593586564064e-03
3.705200000000016644e+03 2.889617579057812691e-03
3.706100000000016735e+03 3.088702913373708725e-03
3.707000000000016826e+03 3.288991516456007957e-03
3.707900000000016917e+03 3.359972033649682999e-03
3.708800000000017008e+03 3.323182696476578712e-03
3.709700000000017099e+03 3.277400974184274673e-03
3.710600000000017189e+03 3.220029408112168312e-03
3.711500000000017280e+03 3.170224372297525406e-03
3.712400000000017371e+03 3.223320934921503067e-03
3.713300000000017462e+03 3.394116880372166634e-03
3.714200000000017553e+03 3.542010439559817314e-03
3.715100000000017644e+03 3.620854113250970840e-03
3.716000000000017735e+03 3.644844284281134605e-03
3.716900000000017826e+03 3.588571911677718163e-03
3.717800000000017917e+03 3.462756983935832977e-03
3.718700000000018008e+03 3.292639274150133133e-03
3.719600000000018099e+03 3.074674401432275772e-03
3.720500000000018190e+03 2.856682287529110909e-03
3.721400000000018281e+03 2.716172486543655396e-03
3.722300000000018372e+03 2.759346971288323402e-03
3.723200000000018463e+03 2.981654135510325432e-03
3.724100000000018554e+03 3.289967076852917671e-03
3.725000000000018645e+03 3.522359067574143410e-03
3.725900000000018736e+03 3.599646501243114471e-03
3.726800000000018827e+03 3.602814627811312675e-03
3.727700000000018917e+03 3.645049175247550011e-03
3.728600000000019008e+03 3.699878230690956116e-03
3.729500000000019099e+03 3.676848020404577255e-03
3.730400000000019190e+03 3.549640299752354622e-03
3.731300000000019281e+03 3.368530655279755592e-03
3.732200000000019372e+03 3.090125508606433868e-03
3.733100000000019463e+03 2.773659536615014076e-03
3.734000000000019554e+03 2.590958727523684502e-03
3.734900000000019645e+03 2.620641840621829033e-03
3.735800000000019736e+03 2.812483347952365875e-03
3.736700000000019827e+03 3.071852959692478180e-03
3.737600000000019918e+03 3.340082010254263878e-03
3.738500000000020009e+03 3.585058730095624924e-03
3.739400000000020100e+03 3.745855065062642097e-03
3.740300000000020191e+03 3.844821127131581306e-03
3.741200000000020282e+03 3.894803114235401154e-03
3.742100000000020373e+03 3.863236168399453163e-03
3.743000000000020464e+03 3.790727350860834122e-03
3.743900000000020555e+03 3.728453768417239189e-03
3.744800000000020646e+03 3.613236825913190842e-03
3.745700000000020736e+03 3.480150131508708000e-03
3.746600000000020827e+03 3.303457051515579224e-03
3.747500000000020918e+03 3.074857871979475021e-03
3.748400000000021009e+03 2.789487130939960480e-03
3.749300000000021100e+03 2.569427713751792908e-03
3.750200000000021191e+03 2.568312687799334526e-03
3.751100000000021282e+03 2.739579649642109871e-03
3.752000000000021373e+03 3.054960398003458977e-03
3.752900000000021464e+03 3.332251682877540588e-03
3.753800000000021555e+03 3.587828949093818665e-03
3.754700000000021646e+03 3.790153423324227333e-03
3.755600000000021737e+03 3.895832924172282219e-03
3.756500000000021828e+03 3.878943854942917824e-03
3.757400000000021919e+03 3.840475575998425484e-03
3.758300000000022010e+03 3.842455102130770683e-03
3.759200000000022101e+03 3.894730703905224800e-03
3.760100000000022192e+03 3.958678804337978363e-03
3.761000000000022283e+03 3.987388219684362411e-03
3.761900000000022374e+03 3.955033142119646072e-03
3.762800000000022465e+03 3.881415352225303650e-03
3.763700000000022555e+03 3.821952734142541885e-03
3.764600000000022646e+03 3.781567094847559929e-03
3.765500000000022737e+03 3.685216186568140984e-03
3.766400000000022828e+03 3.493203548714518547e-03
3.767300000000022919e+03 3.317612921819090843e-03
3.768200000000023010e+03 3.192310919985175133e-03
3.769100000000023101e+03 3.017904702574014664e-03
3.770000000000023192e+03 2.832770347595214844e-03
3.770900000000023283e+03 2.832041354849934578e-03
3.771800000000023374e+03 3.051735693588852882e-03
3.772700000000023465e+03 3.350518411025404930e-03
3.773600000000023556e+03 3.568271175026893616e-03
3.774500000000023647e+03 3.735338803380727768e-03
3.775400000000023738e+03 3.881222335621714592e-03
3.776300000000023829e+03 4.024703986942768097e-03
3.777200000000023920e+03 4.124919883906841278e-03
3.778100000000024011e+03 4.192470107227563858e-03
3.779000000000024102e+03 4.298905842006206512e-03
3.779900000000024193e+03 4.379723221063613892e-03
3.780800000000024284e+03 4.427751526236534119e-03
3.781700000000024374e+03 4.452634137123823166e-03
3.782600000000024465e+03 4.445626866072416306e-03
3.783500000000024556e+03 4.466003738343715668e-03
3.784400000000024647e+03 4.438356030732393265e-03
3.785300000000024738e+03 4.307224880903959274e-03
3.786200000000024829e+03 4.170662257820367813e-03
3.787100000000024920e+03 4.100559744983911514e-03
3.788000000000025011e+03 4.071217495948076248e-03
3.788900000000025102e+03 4.035580437630414963e-03
3.789800000000025193e+03 3.994034137576818466e-03
3.790700000000025284e+03 3.956669475883245468e-03
3.791600000000025375e+03 3.884993726387619972e-03
3.792500000000025466e+03 3.740753047168254852e-03
3.793400000000025557e+03 3.541495651006698608e-03
3.794300000000025648e+03 3.318785922601819038e-03
3.795200000000025739e+03 3.096053143963217735e-03
3.796100000000025830e+03 2.863950794562697411e-03
3.797000000000025921e+03 2.598006511107087135e-03
3.797900000000026012e+03 2.419900381937623024e-03
3.798800000000026102e+03 2.512422390282154083e-03
3.799700000000026193e+03 2.849152311682701111e-03
3.800600000000026284e+03 3.230676986277103424e-03
3.801500000000026375e+03 3.517620731145143509e-03
3.802400000000026466e+03 3.735095495358109474e-03
3.803300000000026557e+03 3.894788445904850960e-03
3.804200000000026648e+03 3.987932577729225159e-03
3.805100000000026739e+03 3.998882602900266647e-03
3.806000000000026830e+03 3.980126697570085526e-03
3.806900000000026921e+03 3.998149652034044266e-03
3.807800000000027012e+03 4.107749089598655701e-03
3.808700000000027103e+03 4.276940133422613144e-03
3.809600000000027194e+03 4.379286430776119232e-03
3.810500000000027285e+03 4.420463927090167999e-03
3.811400000000027376e+03 4.382012411952018738e-03
3.812300000000027467e+03 4.280165303498506546e-03
3.813200000000027558e+03 4.217089153826236725e-03
3.814100000000027649e+03 4.195807967334985733e-03
3.815000000000027740e+03 4.166612401604652405e-03
3.815900000000027831e+03 4.124460276216268539e-03
3.816800000000027921e+03 4.086163826286792755e-03
3.817700000000028012e+03 3.974874969571828842e-03
3.818600000000028103e+03 3.707542549818754196e-03
3.819500000000028194e+03 3.510795999318361282e-03
3.820400000000028285e+03 3.568703774362802505e-03
3.821300000000028376e+03 3.822175553068518639e-03
3.822200000000028467e+03 4.016782622784376144e-03
3.823100000000028558e+03 4.068888723850250244e-03
3.824000000000028649e+03 4.021283239126205444e-03
3.824900000000028740e+03 3.972001373767852783e-03
3.825800000000028831e+03 3.944858442991971970e-03
3.826700000000028922e+03 3.908902406692504883e-03
3.827600000000029013e+03 3.850134788081049919e-03
3.828500000000029104e+03 3.780328435823321342e-03
3.829400000000029195e+03 3.702776972204446793e-03
3.830300000000029286e+03 3.594908397644758224e-03
3.831200000000029377e+03 3.409835044294595718e-03
3.832100000000029468e+03 3.159970277920365334e-03
3.833000000000029559e+03 2.865019254386425018e-03
3.833900000000029650e+03 2.573440782725811005e-03
3.834800000000029740e+03 2.408680971711874008e-03
3.835700000000029831e+03 2.437963616102933884e-03
3.836600000000029922e+03 2.607415663078427315e-03
3.837500000000030013e+03 2.843554597347974777e-03
3.838400000000030104e+03 3.071161452680826187e-03
3.839300000000030195e+03 3.277733456343412399e-03
3.840200000000030286e+03 3.467834321781992912e-03
3.841100000000030377e+03 3.657493507489562035e-03
3.842000000000030468e+03 3.862630575895309448e-03
3.842900000000030559e+03 4.009447991847991943e-03
3.843800000000030650e+03 4.070491530001163483e-03
3.844700000000030741e+03 4.125246778130531311e-03
3.845600000000030832e+03 4.204231780022382736e-03
3.846500000000030923e+03 4.255868960171937943e-03
3.847400000000031014e+03 4.285910166800022125e-03
3.848300000000031105e+03 4.282027482986450195e-03
3.849200000000031196e+03 4.222085699439048767e-03
3.850100000000031287e+03 4.223763011395931244e-03
3.851000000000031378e+03 4.303778987377882004e-03
3.851900000000031469e+03 4.355367738753557205e-03
3.852800000000031559e+03 4.348091315478086472e-03
3.853700000000031650e+03 4.317643586546182632e-03
3.854600000000031741e+03 4.242160357534885406e-03
3.855500000000031832e+03 4.137139301747083664e-03
3.856400000000031923e+03 4.140909761190414429e-03
3.857300000000032014e+03 4.236869979649782181e-03
3.858200000000032105e+03 4.256980493664741516e-03
3.859100000000032196e+03 4.202583339065313339e-03
3.860000000000032287e+03 4.187508020550012589e-03
3.860900000000032378e+03 4.196923226118087769e-03
3.861800000000032469e+03 4.220348782837390900e-03
3.862700000000032560e+03 4.260452929884195328e-03
3.863600000000032651e+03 4.285093396902084351e-03
3.864500000000032742e+03 4.288920201361179352e-03
3.865400000000032833e+03 4.287878517061471939e-03
3.866300000000032924e+03 4.249873105436563492e-03
3.867200000000033015e+03 4.173701163381338120e-03
3.868100000000033106e+03 4.154847934842109680e-03
3.869000000000033197e+03 4.183048382401466370e-03
3.869900000000033288e+03 4.169041756540536880e-03
3.870800000000033378e+03 4.094560630619525909e-03
3.871700000000033469e+03 4.025638103485107422e-03
3.872600000000033560e+03 4.036969970911741257e-03
3.873500000000033651e+03 4.125748760998249054e-03
3.874400000000033742e+03 4.192650783807039261e-03
3.875300000000033833e+03 4.180912394076585770e-03
3.876200000000033924e+03 4.085689317435026169e-03
3.877100000000034015e+03 3.992820624262094498e-03
3.878000000000034106e+03 3.928130492568016052e-03
3.878900000000034197e+03 3.918238915503025055e-03
3.879800000000034288e+03 3.941208124160766602e-03
3.880700000000034379e+03 3.926066681742668152e-03
3.881600000000034470e+03 3.823426784947514534e-03
3.882500000000034561e+03 3.717625048011541367e-03
3.883400000000034652e+03 3.652342827990651131e-03
3.884300000000034743e+03 3.547215601429343224e-03
3.885200000000034834e+03 3.295945003628730774e-03
3.886100000000034925e+03 3.000115510076284409e-03
3.887000000000035016e+03 2.728875726461410522e-03
3.887900000000035106e+03 2.490157494321465492e-03
3.888800000000035197e+03 2.370344707742333412e-03
3.889700000000035288e+03 2.510048449039459229e-03
3.890600000000035379e+03 2.846513409167528152e-03
3.891500000000035470e+03 3.213294781744480133e-03
3.892400000000035561e+03 3.465440589934587479e-03
3.893300000000035652e+03 3.596730530261993408e-03
3.894200000000035743e+03 3.678343957290053368e-03
3.895100000000035834e+03 3.750627860426902771e-03
3.896000000000035925e+03 3.855456598103046417e-03
3.896900000000036016e+03 3.965705633163452148e-03
3.897800000000036107e+03 4.018232226371765137e-03
3.898700000000036198e+03 4.002257250249385834e-03
3.899600000000036289e+03 4.011803772300481796e-03
3.900500000000036380e+03 4.114815499633550644e-03
3.901400000000036471e+03 4.216032102704048157e-03
3.902300000000036562e+03 4.220027476549148560e-03
3.903200000000036653e+03 4.197500180453062057e-03
3.904100000000036744e+03 4.196205176413059235e-03
3.905000000000036835e+03 4.172526299953460693e-03
3.905900000000036925e+03 4.162432625889778137e-03
3.906800000000037016e+03 4.236612934619188309e-03
3.907700000000037107e+03 4.365095403045415878e-03
3.908600000000037198e+03 4.446708131581544876e-03
3.909500000000037289e+03 4.471895284950733185e-03
3.910400000000037380e+03 4.462515935301780701e-03
3.911300000000037471e+03 4.453306552022695541e-03
3.912200000000037562e+03 4.474688787013292313e-03
3.913100000000037653e+03 4.474538844078779221e-03
3.914000000000037744e+03 4.473833367228507996e-03
3.914900000000037835e+03 4.481748212128877640e-03
3.915800000000037926e+03 4.438516218215227127e-03
3.916700000000038017e+03 4.378320183604955673e-03
3.917600000000038108e+03 4.319950938224792480e-03
3.918500000000038199e+03 4.204765427857637405e-03
3.919400000000038290e+03 4.057886078953742981e-03
3.920300000000038381e+03 4.000199958682060242e-03
3.921200000000038472e+03 4.040067084133625031e-03
3.922100000000038563e+03 4.074638709425926208e-03
3.923000000000038654e+03 4.080828744918107986e-03
3.923900000000038744e+03 4.078391008079051971e-03
3.924800000000038835e+03 4.055455327033996582e-03
3.925700000000038926e+03 3.981254529207944870e-03
3.926600000000039017e+03 3.895919770002365112e-03
3.927500000000039108e+03 3.855453804135322571e-03
3.928400000000039199e+03 3.858893411234021187e-03
3.929300000000039290e+03 3.884882666170597076e-03
3.930200000000039381e+03 3.892741864547133446e-03
3.931100000000039472e+03 3.844116115942597389e-03
3.932000000000039563e+03 3.720378037542104721e-03
3.932900000000039654e+03 3.555005416274070740e-03
3.933800000000039745e+03 3.494967706501483917e-03
3.934700000000039836e+03 3.615906694903969765e-03
3.935600000000039927e+03 3.799027064815163612e-03
3.936500000000040018e+03 3.918143454939126968e-03
3.937400000000040109e+03 3.991844132542610168e-03
3.938300000000040200e+03 4.045351408421993256e-03
3.939200000000040291e+03 4.099016077816486359e-03
3.940100000000040382e+03 4.107107408344745636e-03
3.941000000000040473e+03 4.084861837327480316e-03
3.941900000000040563e+03 4.069813992828130722e-03
3.942800000000040654e+03 4.022452514618635178e-03
3.943700000000040745e+03 3.964275121688842773e-03
3.944600000000040836e+03 3.964314237236976624e-03
3.945500000000040927e+03 4.047533962875604630e-03
3.946400000000041018e+03 4.118172451853752136e-03
3.947300000000041109e+03 4.112150520086288452e-03
3.948200000000041200e+03 4.090263042598962784e-03
3.949100000000041291e+03 4.118721000850200653e-03
3.950000000000041382e+03 4.175866488367319107e-03
3.950900000000041473e+03 4.195030778646469116e-03
3.951800000000041564e+03 4.137129988521337509e-03
3.952700000000041655e+03 4.118580371141433716e-03
3.953600000000041746e+03 4.147383850067853928e-03
3.954500000000041837e+03 4.109066911041736603e-03
3.955400000000041928e+03 4.022650886327028275e-03
3.956300000000042019e+03 3.950341604650020599e-03
3.957200000000042110e+03 3.926882054656744003e-03
3.958100000000042201e+03 3.912897780537605286e-03
3.959000000000042292e+03 3.860388183966279030e-03
3.959900000000042382e+03 3.757437691092491150e-03
3.960800000000042473e+03 3.625703742727637291e-03
3.961700000000042564e+03 3.530144691467285156e-03
3.962600000000042655e+03 3.459275001659989357e-03
3.963500000000042746e+03 3.351639024913311005e-03
3.964400000000042837e+03 3.193061565980315208e-03
3.965300000000042928e+03 3.042511641979217529e-03
3.966200000000043019e+03 2.891812939196825027e-03
3.967100000000043110e+03 2.664552303031086922e-03
3.968000000000043201e+03 2.350815106183290482e-03
3.968900000000043292e+03 2.051294315606355667e-03
3.969800000000043383e+03 1.928165904246270657e-03
3.970700000000043474e+03 2.058631274849176407e-03
3.971600000000043565e+03 2.351432573050260544e-03
3.972500000000043656e+03 2.648523543030023575e-03
3.973400000000043747e+03 2.899682614952325821e-03
3.974300000000043838e+03 3.127640113234519958e-03
3.975200000000043929e+03 3.324223915114998817e-03
3.976100000000044020e+03 3.471124917268753052e-03
3.977000000000044110e+03 3.577986266463994980e-03
3.977900000000044201e+03 3.671479411423206329e-03
3.978800000000044292e+03 3.759524552151560783e-03
3.979700000000044383e+03 3.841297002509236336e-03
3.980600000000044474e+03 3.870496759191155434e-03
3.981500000000044565e+03 3.855820745229721069e-03
3.982400000000044656e+03 3.850100329145789146e-03
3.983300000000044747e+03 3.875516122207045555e-03
3.984200000000044838e+03 3.911627922207117081e-03
3.985100000000044929e+03 3.943492192775011063e-03
3.986000000000045020e+03 3.959947265684604645e-03
3.986900000000045111e+03 4.001617431640625000e-03
3.987800000000045202e+03 4.060024395585060120e-03
3.988700000000045293e+03 4.059471189975738525e-03
3.989600000000045384e+03 4.019101615995168686e-03
3.990500000000045475e+03 4.009705968201160431e-03
3.991400000000045566e+03 4.033494275063276291e-03
3.992300000000045657e+03 4.057492595165967941e-03
3.993200000000045748e+03 4.047487862408161163e-03
3.994100000000045839e+03 3.992503043264150620e-03
3.995000000000045929e+03 3.947611432522535324e-03
3.995900000000046020e+03 3.948164638131856918e-03
3.996800000000046111e+03 3.949836827814579010e-03
3.997700000000046202e+03 3.944225609302520752e-03
3.998600000000046293e+03 3.977522719651460648e-03
3.999500000000046384e+03 4.041318316012620926e-03
4.000400000000046475e+03 4.078130703419446945e-03
4.001300000000046566e+03 4.074713215231895447e-03
4.002200000000046657e+03 4.077339079231023788e-03
4.003100000000046748e+03 4.065582063049077988e-03
4.004000000000046839e+03 3.988433629274368286e-03
4.004900000000046930e+03 3.888899693265557289e-03
4.005800000000047021e+03 3.850873094052076340e-03
4.006700000000047112e+03 3.872066969051957130e-03
4.007600000000047203e+03 3.865452948957681656e-03
4.008500000000047294e+03 3.787400433793663979e-03
4.009400000000047385e+03 3.727634437382221222e-03
4.010300000000047476e+03 3.780436236411333084e-03
4.011200000000047567e+03 3.895213361829519272e-03
4.012100000000047658e+03 3.982995636761188507e-03
4.013000000000047748e+03 4.013091791421175003e-03
4.013900000000047839e+03 4.009212367236614227e-03
4.014800000000047930e+03 4.021445754915475845e-03
4.015700000000048021e+03 4.032919183373451233e-03
4.016600000000048112e+03 4.006729461252689362e-03
4.017500000000048203e+03 3.994700033217668533e-03
4.018400000000048294e+03 4.038964863866567612e-03
4.019300000000048385e+03 4.050878342241048813e-03
4.020200000000048476e+03 4.030542913824319839e-03
4.021100000000048567e+03 4.005692899227142334e-03
4.022000000000048658e+03 3.975759260356426239e-03
4.022900000000048749e+03 3.906265832483768463e-03
4.023800000000048840e+03 3.755732905119657516e-03
4.024700000000048931e+03 3.523634979501366615e-03
4.025600000000049022e+03 3.335369518026709557e-03
4.026500000000049113e+03 3.342495532706379890e-03
4.027400000000049204e+03 3.554202150553464890e-03
4.028300000000049295e+03 3.765742527320981026e-03
4.029200000000049386e+03 3.838744945824146271e-03
4.030100000000049477e+03 3.792991163209080696e-03
4.031000000000049567e+03 3.753582946956157684e-03
4.031900000000049658e+03 3.749208990484476089e-03
4.032800000000049749e+03 3.736430779099464417e-03
4.033700000000049840e+03 3.728659357875585556e-03
4.034600000000049931e+03 3.756643971428275108e-03
4.035500000000050022e+03 3.835237119346857071e-03
4.036400000000050113e+03 3.942464478313922882e-03
4.037300000000050204e+03 4.023943562060594559e-03
4.038200000000050295e+03 4.043247085064649582e-03
4.039100000000050386e+03 4.020679742097854614e-03
4.040000000000050477e+03 3.968923352658748627e-03
4.040900000000050568e+03 3.906182479113340378e-03
4.041800000000050659e+03 3.898314666002988815e-03
4.042700000000050750e+03 3.903791774064302444e-03
4.043600000000050841e+03 3.844405990093946457e-03
4.044500000000050932e+03 3.750823670998215675e-03
4.045400000000051023e+03 3.693974344059824944e-03
4.046300000000051114e+03 3.710591467097401619e-03
4.047200000000051205e+03 3.779044607654213905e-03
4.048100000000051296e+03 3.841788042336702347e-03
4.049000000000051386e+03 3.889126703143119812e-03
4.049900000000051477e+03 3.943220712244510651e-03
4.050800000000051568e+03 3.967646975070238113e-03
4.051700000000051659e+03 3.945094533264636993e-03
4.052600000000051750e+03 3.919667564332485199e-03
4.053500000000051841e+03 3.911382518708705902e-03
4.054400000000051932e+03 3.893868997693061829e-03
4.055300000000052023e+03 3.874071640893816948e-03
4.056200000000052114e+03 3.864467842504382133e-03
4.057100000000052205e+03 3.841603174805641174e-03
4.058000000000052296e+03 3.813778515905141830e-03
4.058900000000052387e+03 3.828541608527302742e-03
4.059800000000052478e+03 3.848226973786950111e-03
4.060700000000052569e+03 3.837358206510543823e-03
4.061600000000052660e+03 3.789573442190885544e-03
4.062500000000052751e+03 3.708546515554189682e-03
4.063400000000052842e+03 3.646260593086481094e-03
4.064300000000052933e+03 3.666398581117391586e-03
4.065200000000053024e+03 3.730141324922442436e-03
4.066100000000053114e+03 3.768687602132558823e-03
4.067000000000053205e+03 3.777067409828305244e-03
4.067900000000053296e+03 3.782504703849554062e-03
4.068800000000053387e+03 3.782039508223533630e-03
4.069700000000053478e+03 3.744311165064573288e-03
4.070600000000053569e+03 3.656505607068538666e-03
4.071500000000053660e+03 3.590165171772241592e-03
4.072400000000053751e+03 3.613293170928955078e-03
4.073300000000053842e+03 3.693758510053157806e-03
4.074200000000053933e+03 3.734999801963567734e-03
4.075100000000054024e+03 3.701057052239775658e-03
4.076000000000054115e+03 3.647084347903728485e-03
4.076900000000054206e+03 3.636533627286553383e-03
4.077800000000054297e+03 3.661586437374353409e-03
4.078700000000054388e+03 3.699356224387884140e-03
4.079600000000054479e+03 3.750692121684551239e-03
4.080500000000054570e+03 3.798264777287840843e-03
4.081400000000054661e+03 3.811429720371961594e-03
4.082300000000054752e+03 3.779597347602248192e-03
4.083200000000054843e+03 3.726867958903312683e-03
4.084100000000054933e+03 3.692106343805789948e-03
4.085000000000055024e+03 3.695638384670019150e-03
4.085900000000055115e+03 3.721284214407205582e-03
4.086800000000055206e+03 3.750081639736890793e-03
4.087700000000055297e+03 3.765442641451954842e-03
4.088600000000055388e+03 3.741607768461108208e-03
4.089500000000055479e+03 3.700714558362960815e-03
4.090400000000055570e+03 3.670564386993646622e-03
4.091300000000055661e+03 3.630702383816242218e-03
4.092200000000055752e+03 3.580541582778096199e-03
4.093100000000055843e+03 3.539349650964140892e-03
4.094000000000055934e+03 3.478368744254112244e-03
4.094900000000056025e+03 3.363453783094882965e-03
4.095800000000056116e+03 3.219107398763298988e-03
4.096700000000056207e+03 3.082852577790617943e-03
4.097600000000056752e+03 2.956980373710393906e-03
4.098500000000056389e+03 2.813746919855475426e-03
4.099400000000056025e+03 2.597065409645438194e-03
4.100300000000056571e+03 2.297286642715334892e-03
4.101200000000057116e+03 2.049165079370141029e-03
4.102100000000056752e+03 2.025415888056159019e-03
4.103000000000056389e+03 2.239936031401157379e-03
4.103900000000056934e+03 2.522641327232122421e-03
4.104800000000057480e+03 2.767233178019523621e-03
4.105700000000057116e+03 2.970325760543346405e-03
4.106600000000056752e+03 3.112473990768194199e-03
4.107500000000057298e+03 3.219971666112542152e-03
4.108400000000057844e+03 3.300489159300923347e-03
4.109300000000057480e+03 3.352504456415772438e-03
4.110200000000057116e+03 3.377946559339761734e-03
4.111100000000057662e+03 3.400825662538409233e-03
4.112000000000058208e+03 3.441349836066365242e-03
4.112900000000057844e+03 3.497895784676074982e-03
4.113800000000057480e+03 3.547051688656210899e-03
4.114700000000058026e+03 3.575406968593597412e-03
4.115600000000058571e+03 3.587246173992753029e-03
4.116500000000058208e+03 3.622742369771003723e-03
4.117400000000057844e+03 3.629206679761409760e-03
4.118300000000058390e+03 3.570768749341368675e-03
4.119200000000058935e+03 3.500044578686356544e-03
4.120100000000058571e+03 3.451598342508077621e-03
4.121000000000058208e+03 3.438721178099513054e-03
4.121900000000058753e+03 3.504789434373378754e-03
4.122800000000059299e+03 3.590100910514593124e-03
4.123700000000058935e+03 3.662262111902236938e-03
4.124600000000058571e+03 3.717036219313740730e-03
4.125500000000059117e+03 3.725417656823992729e-03
4.126400000000059663e+03 3.687681164592504501e-03
4.127300000000059299e+03 3.611039370298385620e-03
4.128200000000058935e+03 3.564742160961031914e-03
4.129100000000059481e+03 3.565002698451280594e-03
4.130000000000060027e+03 3.547939006239175797e-03
4.130900000000059663e+03 3.484199754893779755e-03
4.131800000000059299e+03 3.444891190156340599e-03
4.132700000000059845e+03 3.463300876319408417e-03
4.133600000000060390e+03 3.513606032356619835e-03
4.134500000000060027e+03 3.566075116395950317e-03
4.135400000000059663e+03 3.622749354690313339e-03
4.136300000000060209e+03 3.656862303614616394e-03
4.137200000000060754e+03 3.648051060736179352e-03
4.138100000000060390e+03 3.630577353760600090e-03
4.139000000000060027e+03 3.622492542490363121e-03
4.139900000000060572e+03 3.616918344050645828e-03
4.140800000000061118e+03 3.588703926652669907e-03
4.141700000000060754e+03 3.469409886747598648e-03
4.142600000000060390e+03 3.267378080636262894e-03
4.143500000000060936e+03 3.115808125585317612e-03
4.144400000000061482e+03 3.141288878396153450e-03
4.145300000000061118e+03 3.307870356366038322e-03
4.146200000000060754e+03 3.461031476035714149e-03
4.147100000000061300e+03 3.548789769411087036e-03
4.148000000000061846e+03 3.588013816624879837e-03
4.148900000000061482e+03 3.591047599911689758e-03
4.149800000000061118e+03 3.577465424314141273e-03
4.150700000000061664e+03 3.573030000552535057e-03
4.151600000000062209e+03 3.570498432964086533e-03
4.152500000000061846e+03 3.547427244484424591e-03
4.153400000000061482e+03 3.526918357238173485e-03
4.154300000000062028e+03 3.530098358169198036e-03
4.155200000000062573e+03 3.554259426891803741e-03
4.156100000000062209e+03 3.570611122995615005e-03
4.157000000000061846e+03 3.581888042390346527e-03
4.157900000000062391e+03 3.603776451200246811e-03
4.158800000000062937e+03 3.630828345194458961e-03
4.159700000000062573e+03 3.645052900537848473e-03
4.160600000000062209e+03 3.641626797616481781e-03
4.161500000000062755e+03 3.638750175014138222e-03
4.162400000000063301e+03 3.640993731096386909e-03
4.163300000000062937e+03 3.636067500337958336e-03
4.164200000000062573e+03 3.615857800468802452e-03
4.165100000000063119e+03 3.597032278776168823e-03
4.166000000000063665e+03 3.578782547265291214e-03
4.166900000000063301e+03 3.548319917172193527e-03
4.167800000000062937e+03 3.519540885463356972e-03
4.168700000000063483e+03 3.515726188197731972e-03
4.169600000000064028e+03 3.542619291692972183e-03
4.170500000000063665e+03 3.562009427696466446e-03
4.171400000000063301e+03 3.531631780788302422e-03
4.172300000000063847e+03 3.475156612694263458e-03
4.173200000000064392e+03 3.447374096140265465e-03
4.174100000000064028e+03 3.460083389654755592e-03
4.175000000000063665e+03 3.485190682113170624e-03
4.175900000000064210e+03 3.507577814161777496e-03
4.176800000000064756e+03 3.511496353894472122e-03
4.177700000000064392e+03 3.501679049804806709e-03
4.178600000000064028e+03 3.507283981889486313e-03
4.179500000000064574e+03 3.535972908139228821e-03
4.180400000000065120e+03 3.549152752384543419e-03
4.181300000000064756e+03 3.532424103468656540e-03
4.182200000000064392e+03 3.524982370436191559e-03
4.183100000000064938e+03 3.545352956280112267e-03
4.184000000000065484e+03 3.564644604921340942e-03
4.184900000000065120e+03 3.564808750525116920e-03
4.185800000000064756e+03 3.534267889335751534e-03
4.186700000000065302e+03 3.477344289422035217e-03
4.187600000000065847e+03 3.447648603469133377e-03
4.188500000000065484e+03 3.479680512100458145e-03
4.189400000000065120e+03 3.521211212500929832e-03
4.190300000000065666e+03 3.529699752107262611e-03
4.191200000000066211e+03 3.515139454975724220e-03
4.192100000000065847e+03 3.532477421686053276e-03
4.193000000000065484e+03 3.572900313884019852e-03
4.193900000000066029e+03 3.576727118343114853e-03
4.194800000000066575e+03 3.540229285135865211e-03
4.195700000000066211e+03 3.491382114589214325e-03
4.196600000000065847e+03 3.463703906163573265e-03
4.197500000000066393e+03 3.440358210355043411e-03
4.198400000000066939e+03 3.410028060898184776e-03
4.199300000000066575e+03 3.411592217162251472e-03
4.200200000000066211e+03 3.425578819587826729e-03
4.201100000000066757e+03 3.411536337807774544e-03
4.202000000000067303e+03 3.407862968742847443e-03
4.202900000000066939e+03 3.444360801950097084e-03
4.203800000000066575e+03 3.487351350486278534e-03
4.204700000000067121e+03 3.518729936331510544e-03
4.205600000000067666e+03 3.547392087057232857e-03
4.206500000000067303e+03 3.558165160939097404e-03
4.207400000000066939e+03 3.565692342817783356e-03
4.208300000000067485e+03 3.573010908439755440e-03
4.209200000000068030e+03 3.547565080225467682e-03
4.210100000000067666e+03 3.502585692331194878e-03
4.211000000000067303e+03 3.504077438265085220e-03
4.211900000000067848e+03 3.537671640515327454e-03
4.212800000000068394e+03 3.537811804562807083e-03
4.213700000000068030e+03 3.498511621728539467e-03
4.214600000000067666e+03 3.439842490479350090e-03
4.215500000000068212e+03 3.402746748179197311e-03
4.216400000000068758e+03 3.423005109652876854e-03
4.217300000000068394e+03 3.478318220004439354e-03
4.218200000000068030e+03 3.514963435009121895e-03
4.219100000000068576e+03 3.528341185301542282e-03
4.220000000000069122e+03 3.523161169141530991e-03
4.220900000000068758e+03 3.493712749332189560e-03
4.221800000000068394e+03 3.447357565164566040e-03
4.222700000000068940e+03 3.400674555450677872e-03
4.223600000000069485e+03 3.354547545313835144e-03
4.224500000000069122e+03 3.301357617601752281e-03
4.225400000000068758e+03 3.239527810364961624e-03
4.226300000000069303e+03 3.183919936418533325e-03
4.227200000000069849e+03 3.165813162922859192e-03
4.228100000000069485e+03 3.200710751116275787e-03
4.229000000000069122e+03 3.266267944127321243e-03
4.229900000000069667e+03 3.338313428685069084e-03
4.230800000000070213e+03 3.395162057131528854e-03
4.231700000000069849e+03 3.402940928936004639e-03
4.232600000000069485e+03 3.365616081282496452e-03
4.233500000000070031e+03 3.344794735312461853e-03
4.234400000000070577e+03 3.360816277563571930e-03
4.235300000000070213e+03 3.364122938364744186e-03
4.236200000000069849e+03 3.345039905980229378e-03
4.237100000000070395e+03 3.356016473844647408e-03
4.238000000000070941e+03 3.392304293811321259e-03
4.238900000000070577e+03 3.404620103538036346e-03
4.239800000000070213e+03 3.403365612030029297e-03
4.240700000000070759e+03 3.407227806746959686e-03
4.241600000000071304e+03 3.419262357056140900e-03
4.242500000000070941e+03 3.439981024712324142e-03
4.243400000000070577e+03 3.479922190308570862e-03
4.244300000000071122e+03 3.524668980389833450e-03
4.245200000000071668e+03 3.540090750902891159e-03
4.246100000000071304e+03 3.507933346554636955e-03
4.247000000000070941e+03 3.451043972745537758e-03
4.247900000000071486e+03 3.413685131818056107e-03
4.248800000000072032e+03 3.390137106180191040e-03
4.249700000000071668e+03 3.341319970786571503e-03
4.250600000000071304e+03 3.300375305116176605e-03
4.251500000000071850e+03 3.313381457701325417e-03
4.252400000000072396e+03 3.317198250442743301e-03
4.253300000000072032e+03 3.263293299823999405e-03
4.254200000000071668e+03 3.216417739167809486e-03
4.255100000000072214e+03 3.250478999689221382e-03
4.256000000000072760e+03 3.349718404933810234e-03
4.256900000000072396e+03 3.425097558647394180e-03
4.257800000000072032e+03 3.425522940233349800e-03
4.258700000000072578e+03 3.372737206518650055e-03
4.259600000000073123e+03 3.304778132587671280e-03
4.260500000000072760e+03 3.261127043515443802e-03
4.261400000000072396e+03 3.285899991169571877e-03
4.262300000000072941e+03 3.360464703291654587e-03
4.263200000000073487e+03 3.420430701225996017e-03
4.264100000000073123e+03 3.446703543886542320e-03
4.265000000000072760e+03 3.439543768763542175e-03
4.265900000000073305e+03 3.374477149918675423e-03
4.266800000000073851e+03 3.272965084761381149e-03
4.267700000000073487e+03 3.229546826332807541e-03
4.268600000000073123e+03 3.269167151302099228e-03
4.269500000000073669e+03 3.290673019364476204e-03
4.270400000000074215e+03 3.241736209020018578e-03
4.271300000000073851e+03 3.172080032527446747e-03
4.272200000000073487e+03 3.146073315292596817e-03
4.273100000000074033e+03 3.155383979901671410e-03
4.274000000000074579e+03 3.145608585327863693e-03
4.274900000000074215e+03 3.128911601379513741e-03
4.275800000000073851e+03 3.159766783937811852e-03
4.276700000000074397e+03 3.230160102248191833e-03
4.277600000000074942e+03 3.302950877696275711e-03
4.278500000000074579e+03 3.346585668623447418e-03
4.279400000000074215e+03 3.337206551805138588e-03
4.280300000000074760e+03 3.297745017334818840e-03
4.281200000000075306e+03 3.264301689341664314e-03
4.282100000000074942e+03 3.243183018639683723e-03
4.283000000000074579e+03 3.237691475078463554e-03
4.283900000000075124e+03 3.247617743909358978e-03
4.284800000000075670e+03 3.249730914831161499e-03
4.285700000000075306e+03 3.243579762056469917e-03
4.286600000000074942e+03 3.245895029976963997e-03
4.287500000000075488e+03 3.245656145736575127e-03
4.288400000000076034e+03 3.197541460394859314e-03
4.289300000000075670e+03 3.115259809419512749e-03
4.290200000000075306e+03 3.074542619287967682e-03
4.291100000000075852e+03 3.105793148279190063e-03
4.292000000000076398e+03 3.170085838064551353e-03
4.292900000000076034e+03 3.198506077751517296e-03
4.293800000000075670e+03 3.171746386215090752e-03
4.294700000000076216e+03 3.149912692606449127e-03
4.295600000000076761e+03 3.168487455695867538e-03
4.296500000000076398e+03 3.189090639352798462e-03
4.297400000000076034e+03 3.175647463649511337e-03
4.298300000000076579e+03 3.124969778582453728e-03
4.299200000000077125e+03 3.067995887249708176e-03
4.300100000000076761e+03 3.045010846108198166e-03
4.301000000000076398e+03 3.052924526855349541e-03
4.301900000000076943e+03 3.055074950680136681e-03
4.302800000000077489e+03 3.040269250050187111e-03
4.303700000000077125e+03 3.043207805603742599e-03
4.304600000000076761e+03 3.066272474825382233e-03
4.305500000000077307e+03 3.065913449972867966e-03
4.306400000000077853e+03 3.033744171261787415e-03
4.307300000000077489e+03 2.994119189679622650e-03
4.308200000000077125e+03 2.974908798933029175e-03
4.309100000000077671e+03 2.991668181493878365e-03
4.310000000000078217e+03 3.025497077032923698e-03
4.310900000000077853e+03 3.053943393751978874e-03
4.311800000000077489e+03 3.070808481425046921e-03
4.312700000000078035e+03 3.081569680944085121e-03
4.313600000000078580e+03 3.087499178946018219e-03
4.314500000000078217e+03 3.092163940891623497e-03
4.315400000000077853e+03 3.126680618152022362e-03
4.316300000000078398e+03 3.180285915732383728e-03
4.317200000000078944e+03 3.195445751771330833e-03
4.318100000000078580e+03 3.161867614835500717e-03
4.319000000000078217e+03 3.132738405838608742e-03
4.319900000000078762e+03 3.130948869511485100e-03
4.320800000000079308e+03 3.138331696391105652e-03
4.321700000000078944e+03 3.145433031022548676e-03
4.322600000000078580e+03 3.118891268968582153e-03
4.323500000000079126e+03 3.049686318263411522e-03
4.324400000000079672e+03 2.960943384096026421e-03
4.325300000000079308e+03 2.887497656047344208e-03
4.326200000000078944e+03 2.870191819965839386e-03
4.327100000000079490e+03 2.915272023528814316e-03
4.328000000000080036e+03 2.984496764838695526e-03
4.328900000000079672e+03 3.015061607584357262e-03
4.329800000000079308e+03 2.998042851686477661e-03
4.330700000000079854e+03 2.960053272545337677e-03
4.331600000000080399e+03 2.921757288277149200e-03
4.332500000000080036e+03 2.889451803639531136e-03
4.333400000000079672e+03 2.847585827112197876e-03
4.334300000000080217e+03 2.793971449136734009e-03
4.335200000000080763e+03 2.720776945352554321e-03
4.336100000000080399e+03 2.597515238448977470e-03
4.337000000000080036e+03 2.412339206784963608e-03
4.337900000000080581e+03 2.203796990215778351e-03
4.338800000000081127e+03 1.981232315301895142e-03
4.339700000000080763e+03 1.761733554303646088e-03
4.340600000000080399e+03 1.689800177700817585e-03
4.341500000000080945e+03 1.851605135016143322e-03
4.342400000000081491e+03 2.114768838509917259e-03
4.343300000000081127e+03 2.315106568858027458e-03
4.344200000000080763e+03 2.438081428408622742e-03
4.345100000000081309e+03 2.548016840592026711e-03
4.346000000000081855e+03 2.646798035129904747e-03
4.346900000000081491e+03 2.713895868510007858e-03
4.347800000000081127e+03 2.767716068774461746e-03
4.348700000000081673e+03 2.826213138177990913e-03
4.349600000000082218e+03 2.863648114725947380e-03
4.350500000000081855e+03 2.847918076440691948e-03
4.351400000000081491e+03 2.800211077556014061e-03
4.352300000000082036e+03 2.803676994517445564e-03
4.353200000000082582e+03 2.870281226933002472e-03
4.354100000000082218e+03 2.935572527348995209e-03
4.355000000000081855e+03 2.973415656015276909e-03
4.355900000000082400e+03 3.002423327416181564e-03
4.356800000000082946e+03 3.032702719792723656e-03
4.357700000000082582e+03 3.048281883820891380e-03
4.358600000000082218e+03 3.039084840565919876e-03
4.359500000000082764e+03 3.030538326129317284e-03
4.360400000000083310e+03 3.043749369680881500e-03
4.361300000000082946e+03 3.072948660701513290e-03
4.362200000000082582e+03 3.089782083407044411e-03
4.363100000000083128e+03 3.086399985477328300e-03
4.364000000000083674e+03 3.089821664616465569e-03
4.364900000000083310e+03 3.102364717051386833e-03
4.365800000000082946e+03 3.090951824560761452e-03
4.366700000000083492e+03 3.049135208129882812e-03
4.367600000000084037e+03 3.014668356627225876e-03
4.368500000000083674e+03 3.016565460711717606e-03
4.369400000000083310e+03 3.036214038729667664e-03
4.370300000000083855e+03 3.040107665583491325e-03
4.371200000000084401e+03 3.024933394044637680e-03
4.372100000000084037e+03 3.015933558344841003e-03
4.373000000000083674e+03 3.011717461049556732e-03
4.373900000000084219e+03 2.994760870933532715e-03
4.374800000000084765e+03 2.971951151266694069e-03
4.375700000000084401e+03 2.966566709801554680e-03
4.376600000000084037e+03 2.991122892126441002e-03
4.377500000000084583e+03 3.025203244760632515e-03
4.378400000000085129e+03 3.034372115507721901e-03
4.379300000000084765e+03 3.019333584234118462e-03
4.380200000000084401e+03 3.003291087225079536e-03
4.381100000000084947e+03 2.978837583214044571e-03
4.382000000000085493e+03 2.925676992163062096e-03
4.382900000000085129e+03 2.850550226867198944e-03
4.383800000000084765e+03 2.793352585285902023e-03
4.384700000000085311e+03 2.785585355013608932e-03
4.385600000000085856e+03 2.806395059451460838e-03
4.386500000000085493e+03 2.778952475637197495e-03
4.387400000000085129e+03 2.695868257433176041e-03
4.388300000000085674e+03 2.674663672223687172e-03
4.389200000000086220e+03 2.759378403425216675e-03
4.390100000000085856e+03 2.864097245037555695e-03
4.391000000000085493e+03 2.934504533186554909e-03
4.391900000000086038e+03 2.978653181344270706e-03
4.392800000000086584e+03 3.002862213179469109e-03
4.393700000000086220e+03 2.998408395797014236e-03
4.394600000000085856e+03 2.977379132062196732e-03
4.395500000000086402e+03 2.977798692882061005e-03
4.396400000000086948e+03 3.020915901288390160e-03
4.397300000000086584e+03 3.067266196012496948e-03
4.398200000000086220e+03 3.078429726883769035e-03
4.399100000000086766e+03 3.053328953683376312e-03
4.400000000000087311e+03 3.012005006894469261e-03
4.400900000000086948e+03 2.991254441440105438e-03
4.401800000000086584e+03 2.997200936079025269e-03
4.402700000000087130e+03 2.990606706589460373e-03
4.403600000000087675e+03 2.941473154351115227e-03
4.404500000000087311e+03 2.881833352148532867e-03
4.405400000000086948e+03 2.869893331080675125e-03
4.406300000000087493e+03 2.904268912971019745e-03
4.407200000000088039e+03 2.931583905592560768e-03
4.408100000000087675e+03 2.943590516224503517e-03
4.409000000000087311e+03 2.971263835206627846e-03
4.409900000000087857e+03 3.004082245752215385e-03
4.410800000000088403e+03 3.019118681550025940e-03
4.411700000000088039e+03 3.025581594556570053e-03
4.412600000000087675e+03 3.028305713087320328e-03
4.413500000000088221e+03 2.986018545925617218e-03
4.414400000000088767e+03 2.893730299547314644e-03
4.415300000000088403e+03 2.827201038599014282e-03
4.416200000000088039e+03 2.833158010616898537e-03
4.417100000000088585e+03 2.882834523916244507e-03
4.418000000000089130e+03 2.944171428680419922e-03
4.418900000000088767e+03 2.987652318552136421e-03
4.419800000000088403e+03 3.007549326866865158e-03
4.420700000000088949e+03 3.008868545293807983e-03
4.421600000000089494e+03 2.978283679112792015e-03
4.422500000000089130e+03 2.944311592727899551e-03
4.423400000000088767e+03 2.936260541900992393e-03
4.424300000000089312e+03 2.933830255642533302e-03
4.425200000000089858e+03 2.905144356191158295e-03
4.426100000000089494e+03 2.875757869333028793e-03
4.427000000000089130e+03 2.868908923119306564e-03
4.427900000000089676e+03 2.891521900892257690e-03
4.428800000000090222e+03 2.924510277807712555e-03
4.429700000000089858e+03 2.911908319219946861e-03
4.430600000000089494e+03 2.883333247154951096e-03
4.431500000000090040e+03 2.887976821511983871e-03
4.432400000000090586e+03 2.893514931201934814e-03
4.433300000000090222e+03 2.870480529963970184e-03
4.434200000000089858e+03 2.827610122039914131e-03
4.435100000000090404e+03 2.797990338876843452e-03
4.436000000000090949e+03 2.800851361826062202e-03
4.436900000000090586e+03 2.827596850693225861e-03
4.437800000000090222e+03 2.865679562091827393e-03
4.438700000000090768e+03 2.915291581302881241e-03
4.439600000000091313e+03 2.949729561805725098e-03
4.440500000000090949e+03 2.935374388471245766e-03
4.441400000000090586e+03 2.889914205297827721e-03
4.442300000000091131e+03 2.850285964086651802e-03
4.443200000000091677e+03 2.850007498636841774e-03
4.444100000000091313e+03 2.884606597945094109e-03
4.445000000000090949e+03 2.923751249909400940e-03
4.445900000000091495e+03 2.931659575551748276e-03
4.446800000000092041e+03 2.901594154536724091e-03
4.447700000000091677e+03 2.879631938412785530e-03
4.448600000000091313e+03 2.897234167903661728e-03
4.449500000000091859e+03 2.916111377999186516e-03
4.450400000000092405e+03 2.910529263317584991e-03
4.451300000000092041e+03 2.896958962082862854e-03
4.452200000000091677e+03 2.885604742914438248e-03
4.453100000000092223e+03 2.864844165742397308e-03
4.454000000000092768e+03 2.822783542796969414e-03
4.454900000000092405e+03 2.780864015221595764e-03
4.455800000000092041e+03 2.778103109449148178e-03
4.456700000000092587e+03 2.806492149829864502e-03
4.457600000000093132e+03 2.825151197612285614e-03
4.458500000000092768e+03 2.821844303980469704e-03
4.459400000000092405e+03 2.815271029248833656e-03
4.460300000000092950e+03 2.808610675856471062e-03
4.461200000000093496e+03 2.791741862893104553e-03
4.462100000000093132e+03 2.790136262774467468e-03
4.463000000000092768e+03 2.817671746015548706e-03
4.463900000000093314e+03 2.842715708538889885e-03
4.464800000000093860e+03 2.837770851328969002e-03
4.465700000000093496e+03 2.813325496390461922e-03
4.466600000000093132e+03 2.791932551190257072e-03
4.467500000000093678e+03 2.771017141640186310e-03
4.468400000000094224e+03 2.722190227359533310e-03
4.469300000000093860e+03 2.623308915644884109e-03
4.470200000000093496e+03 2.487603807821869850e-03
4.471100000000094042e+03 2.383385319262742996e-03
4.472000000000094587e+03 2.418415388092398643e-03
4.472900000000094224e+03 2.579392632469534874e-03
4.473800000000093860e+03 2.726460108533501625e-03
4.474700000000094406e+03 2.788345096632838249e-03
4.475600000000094951e+03 2.797293942421674728e-03
4.476500000000094587e+03 2.811666112393140793e-03
4.477400000000094224e+03 2.841625129804015160e-03
4.478300000000094769e+03 2.846369286999106407e-03
4.479200000000095315e+03 2.787801204249262810e-03
4.480100000000094951e+03 2.669638488441705704e-03
4.481000000000094587e+03 2.572491299360990524e-03
4.481900000000095133e+03 2.591373631730675697e-03
4.482800000000095679e+03 2.696894342079758644e-03
4.483700000000095315e+03 2.792566549032926559e-03
4.484600000000094951e+03 2.838434418663382530e-03
4.485500000000095497e+03 2.851760014891624451e-03
4.486400000000096043e+03 2.853089012205600739e-03
4.487300000000095679e+03 2.842401852831244469e-03
4.488200000000095315e+03 2.812413033097982407e-03
4.489100000000095861e+03 2.779185306280851364e-03
4.490000000000096406e+03 2.763736294582486153e-03
4.490900000000096043e+03 2.774246735498309135e-03
4.491800000000095679e+03 2.800504211336374283e-03
4.492700000000096225e+03 2.817107830196619034e-03
4.493600000000096770e+03 2.802893286570906639e-03
4.494500000000096406e+03 2.771238563582301140e-03
4.495400000000096043e+03 2.759448252618312836e-03
4.496300000000096588e+03 2.770908875390887260e-03
4.497200000000097134e+03 2.787086879834532738e-03
4.498100000000096770e+03 2.800361486151814461e-03
4.499000000000096406e+03 2.807096578180789948e-03
4.499900000000096952e+03 2.804480493068695068e-03
4.500800000000097498e+03 2.789640799164772034e-03
4.501700000000097134e+03 2.778504043817520142e-03
4.502600000000096770e+03 2.792638260871171951e-03
4.503500000000097316e+03 2.818095963448286057e-03
4.504400000000097862e+03 2.829270903021097183e-03
4.505300000000097498e+03 2.826834330335259438e-03
4.506200000000097134e+03 2.811159007251262665e-03
4.507100000000097680e+03 2.787584438920021057e-03
4.508000000000098225e+03 2.775767352432012558e-03
4.508900000000097862e+03 2.782232360914349556e-03
4.509800000000097498e+03 2.800277434289455414e-03
4.510700000000098044e+03 2.808118471875786781e-03
4.511600000000098589e+03 2.789460355415940285e-03
4.512500000000098225e+03 2.761695766821503639e-03
4.513400000000097862e+03 2.745528938248753548e-03
4.514300000000098407e+03 2.737679984420537949e-03
4.515200000000098953e+03 2.742432756349444389e-03
4.516100000000098589e+03 2.759568393230438232e-03
4.517000000000098225e+03 2.764623612165451050e-03
4.517900000000098771e+03 2.749618608504533768e-03
4.518800000000099317e+03 2.744016237556934357e-03
4.519700000000098953e+03 2.751408144831657410e-03
4.520600000000098589e+03 2.760414499789476395e-03
4.521500000000099135e+03 2.753018867224454880e-03
4.522400000000099681e+03 2.731432905420660973e-03
4.523300000000099317e+03 2.721539931371808052e-03
4.524200000000098953e+03 2.723003737628459930e-03
4.525100000000099499e+03 2.713470719754695892e-03
4.526000000000100044e+03 2.695874776691198349e-03
4.526900000000099681e+03 2.672667847946286201e-03
4.527800000000099317e+03 2.643209649249911308e-03
4.528700000000099863e+03 2.618812955915927887e-03
4.529600000000100408e+03 2.619217382743954659e-03
4.530500000000100044e+03 2.640072489157319069e-03
4.531400000000099681e+03 2.668051747605204582e-03
4.532300000000100226e+03 2.680161735042929649e-03
4.533200000000100772e+03 2.661893144249916077e-03
4.534100000000100408e+03 2.636120887473225594e-03
4.535000000000100044e+03 2.626869361847639084e-03
4.535900000000100590e+03 2.648771507665514946e-03
4.536800000000101136e+03 2.700231270864605904e-03
4.537700000000100772e+03 2.742517041042447090e-03
4.538600000000100408e+03 2.750056795775890350e-03
4.539500000000100954e+03 2.731480868533253670e-03
4.540400000000101500e+03 2.704696962609887123e-03
4.541300000000101136e+03 2.691975794732570648e-03
4.542200000000100772e+03 2.704775193706154823e-03
4.543100000000101318e+03 2.720906399190425873e-03
4.544000000000101863e+03 2.710841596126556396e-03
4.544900000000101500e+03 2.692014444619417191e-03
4.545800000000101136e+03 2.685796702280640602e-03
4.546700000000101682e+03 2.688051667064428329e-03
4.547600000000102227e+03 2.675711642950773239e-03
4.548500000000101863e+03 2.639762358739972115e-03
4.549400000000101500e+03 2.615371951833367348e-03
4.550300000000102045e+03 2.630896400660276413e-03
4.551200000000102591e+03 2.635457552969455719e-03
4.552100000000102227e+03 2.598008839413523674e-03
4.553000000000101863e+03 2.577654551714658737e-03
4.553900000000102409e+03 2.599844476208090782e-03
4.554800000000102955e+03 2.622240688651800156e-03
4.555700000000102591e+03 2.634296193718910217e-03
4.556600000000102227e+03 2.656938740983605385e-03
4.557500000000102773e+03 2.681319834664463997e-03
4.558400000000103319e+03 2.691041678190231323e-03
4.559300000000102955e+03 2.692182082682847977e-03
4.560200000000102591e+03 2.693857299163937569e-03
4.561100000000103137e+03 2.699651056900620461e-03
4.562000000000103682e+03 2.697064541280269623e-03
4.562900000000103319e+03 2.675294876098632812e-03
4.563800000000102955e+03 2.650455106049776077e-03
4.564700000000103500e+03 2.640785416588187218e-03
4.565600000000104046e+03 2.637455938383936882e-03
4.566500000000103682e+03 2.625321270897984505e-03
4.567400000000103319e+03 2.615716308355331421e-03
4.568300000000103864e+03 2.621975960209965706e-03
4.569200000000104410e+03 2.641671570017933846e-03
4.570100000000104046e+03 2.649126574397087097e-03
4.571000000000103682e+03 2.628000918775796890e-03
4.571900000000104228e+03 2.616210142150521278e-03
4.572800000000104774e+03 2.633043332025408745e-03
4.573700000000104410e+03 2.638394711539149284e-03
4.574600000000104046e+03 2.618687460198998451e-03
4.575500000000104592e+03 2.613737015053629875e-03
4.576400000000105138e+03 2.632136689499020576e-03
4.577300000000104774e+03 2.646881621330976486e-03
4.578200000000104410e+03 2.640619874000549316e-03
4.579100000000104956e+03 2.618666971102356911e-03
4.580000000000105501e+03 2.601756947115063667e-03
4.580900000000105138e+03 2.597293816506862640e-03
4.581800000000104774e+03 2.604125067591667175e-03
4.582700000000105319e+03 2.604883629828691483e-03
4.583600000000105865e+03 2.597021171823143959e-03
4.584500000000105501e+03 2.597737126052379608e-03
4.585400000000105138e+03 2.595965517684817314e-03
4.586300000000105683e+03 2.591027878224849701e-03
4.587200000000106229e+03 2.597502898424863815e-03
4.588100000000105865e+03 2.613788936287164688e-03
4.589000000000105501e+03 2.626647241413593292e-03
4.589900000000106047e+03 2.616912126541137695e-03
4.590800000000106593e+03 2.593182027339935303e-03
4.591700000000106229e+03 2.580619649961590767e-03
4.592600000000105865e+03 2.588118659332394600e-03
4.593500000000106411e+03 2.599651692435145378e-03
4.594400000000106957e+03 2.595729427412152290e-03
4.595300000000106593e+03 2.577353268861770630e-03
4.596200000000106229e+03 2.571049379184842110e-03
4.597100000000106775e+03 2.581237582489848137e-03
4.598000000000107320e+03 2.592122415080666542e-03
4.598900000000106957e+03 2.599261468276381493e-03
4.599800000000106593e+03 2.586849499493837357e-03
4.600700000000107138e+03 2.554137958213686943e-03
4.601600000000107684e+03 2.538005122914910316e-03
4.602500000000107320e+03 2.548868302255868912e-03
4.603400000000106957e+03 2.566999755799770355e-03
4.604300000000107502e+03 2.576779108494520187e-03
4.605200000000108048e+03 2.571089193224906921e-03
4.606100000000107684e+03 2.558323321864008904e-03
4.607000000000107320e+03 2.552437596023082733e-03
4.607900000000107866e+03 2.563547575846314430e-03
4.608800000000108412e+03 2.583158668130636215e-03
4.609700000000108048e+03 2.592356642708182335e-03
4.610600000000107684e+03 2.585486508905887604e-03
4.611500000000108230e+03 2.574477810412645340e-03
4.612400000000108776e+03 2.562221605330705643e-03
4.613300000000108412e+03 2.548823598772287369e-03
4.614200000000108048e+03 2.552286256104707718e-03
4.615100000000108594e+03 2.568088704720139503e-03
4.616000000000109139e+03 2.571619348600506783e-03
4.616900000000108776e+03 2.566428389400243759e-03
4.617800000000108412e+03 2.558682346716523170e-03
4.618700000000108957e+03 2.540928311645984650e-03
4.619600000000109503e+03 2.525571500882506371e-03
4.620500000000109139e+03 2.529538469389081001e-03
4.621400000000108776e+03 2.541935304179787636e-03
4.622300000000109321e+03 2.551092067733407021e-03
4.623200000000109867e+03 2.560628345236182213e-03
4.624100000000109503e+03 2.566543640568852425e-03
4.625000000000109139e+03 2.558966167271137238e-03
4.625900000000109685e+03 2.549508120864629745e-03
4.626800000000110231e+03 2.555254148319363594e-03
4.627700000000109867e+03 2.561355708166956902e-03
4.628600000000109503e+03 2.541367430239915848e-03
4.629500000000110049e+03 2.501462120562791824e-03
4.630400000000110595e+03 2.490507205948233604e-03
4.631300000000110231e+03 2.522105118259787560e-03
4.632200000000109867e+03 2.544638235121965408e-03
4.633100000000110413e+03 2.538718981668353081e-03
4.634000000000110958e+03 2.530767116695642471e-03
4.634900000000110595e+03 2.531939186155796051e-03
4.635800000000110231e+03 2.535619772970676422e-03
4.636700000000110776e+03 2.525304676964879036e-03
4.637600000000111322e+03 2.497963374480605125e-03
4.638500000000110958e+03 2.478756709024310112e-03
4.639400000000110595e+03 2.476383699104189873e-03
4.640300000000111140e+03 2.475940156728029251e-03
4.641200000000111686e+03 2.472077729180455208e-03
4.642100000000111322e+03 2.472169464454054832e-03
4.643000000000110958e+03 2.480991417542099953e-03
4.643900000000111504e+03 2.496998058632016182e-03
4.644800000000112050e+03 2.504377393051981926e-03
4.645700000000111686e+03 2.484322059899568558e-03
4.646600000000111322e+03 2.451371867209672928e-03
4.647500000000111868e+03 2.429427113384008408e-03
4.648400000000112414e+03 2.416583476588129997e-03
4.649300000000112050e+03 2.413191599771380424e-03
4.650200000000111686e+03 2.428435487672686577e-03
4.651100000000112232e+03 2.453155582770705223e-03
4.652000000000112777e+03 2.479905728250741959e-03
4.652900000000112414e+03 2.501488896086812019e-03
4.653800000000112050e+03 2.499267924576997757e-03
4.654700000000112595e+03 2.480514347553253174e-03
4.655600000000113141e+03 2.471981104463338852e-03
4.656500000000112777e+03 2.479876857250928879e-03
4.657400000000112414e+03 2.497918438166379929e-03
4.658300000000112959e+03 2.520375419408082962e-03
4.659200000000113505e+03 2.535725943744182587e-03
4.660100000000113141e+03 2.530656987801194191e-03
4.661000000000112777e+03 2.506576012820005417e-03
4.661900000000113323e+03 2.483092015609145164e-03
4.662800000000113869e+03 2.474348526448011398e-03
4.663700000000113505e+03 2.475715940818190575e-03
4.664600000000113141e+03 2.475585555657744408e-03
4.665500000000113687e+03 2.465878613293170929e-03
4.666400000000114233e+03 2.443182049319148064e-03
4.667300000000113869e+03 2.416719449684023857e-03
4.668200000000113505e+03 2.408848144114017487e-03
4.669100000000114051e+03 2.428916981443762779e-03
4.670000000000114596e+03 2.463026670739054680e-03
4.670900000000114233e+03 2.486905781552195549e-03
4.671800000000113869e+03 2.489623846486210823e-03
4.672700000000114414e+03 2.473194850608706474e-03
4.673600000000114960e+03 2.455865731462836266e-03
4.674500000000114596e+03 2.448732266202569008e-03
4.675400000000114233e+03 2.450057305395603180e-03
4.676300000000114778e+03 2.456516725942492485e-03
4.677200000000115324e+03 2.460235729813575745e-03
4.678100000000114960e+03 2.453632187098264694e-03
4.679000000000114596e+03 2.450438681989908218e-03
4.679900000000115142e+03 2.451490378007292747e-03
4.680800000000115688e+03 2.446519909426569939e-03
4.681700000000115324e+03 2.440579468384385109e-03
4.682600000000114960e+03 2.444038400426506996e-03
4.683500000000115506e+03 2.453633816912770271e-03
4.684400000000116052e+03 2.452806802466511726e-03
4.685300000000115688e+03 2.445331541821360588e-03
4.686200000000115324e+03 2.443579025566577911e-03
4.687100000000115870e+03 2.447811188176274300e-03
4.688000000000116415e+03 2.451094333082437515e-03
4.688900000000116052e+03 2.452214481309056282e-03
4.689800000000115688e+03 2.449728315696120262e-03
4.690700000000116233e+03 2.442852593958377838e-03
4.691600000000116779e+03 2.437624847516417503e-03
4.692500000000116415e+03 2.440004609525203705e-03
4.693400000000116052e+03 2.442026510834693909e-03
4.694300000000116597e+03 2.441861433908343315e-03
4.695200000000117143e+03 2.445582067593932152e-03
4.696100000000116779e+03 2.447666833177208900e-03
4.697000000000116415e+03 2.436641603708267212e-03
4.697900000000116961e+03 2.411772264167666435e-03
4.698800000000117507e+03 2.389515982940793037e-03
4.699700000000117143e+03 2.390477340668439865e-03
4.700600000000116779e+03 2.402537735179066658e-03
4.701500000000117325e+03 2.400226891040802002e-03
4.702400000000117871e+03 2.380970399826765060e-03
4.703300000000117507e+03 2.369130961596965790e-03
4.704200000000117143e+03 2.378232544288039207e-03
4.705100000000117689e+03 2.393111819401383400e-03
4.706000000000118234e+03 2.400382654741406441e-03
4.706900000000117871e+03 2.395637333393096924e-03
4.707800000000117507e+03 2.390786539763212204e-03
4.708700000000118052e+03 2.390217501670122147e-03
4.709600000000118598e+03 2.388257533311843872e-03
4.710500000000118234e+03 2.392049646005034447e-03
4.711400000000117871e+03 2.378934295848011971e-03
4.712300000000118416e+03 2.323835622519254684e-03
4.713200000000118962e+03 2.280564513057470322e-03
4.714100000000118598e+03 2.301455708220601082e-03
4.715000000000118234e+03 2.352267270907759666e-03
4.715900000000118780e+03 2.390828449279069901e-03
4.716800000000119326e+03 2.413522917777299881e-03
4.717700000000118962e+03 2.424396574497222900e-03
4.718600000000118598e+03 2.431888831779360771e-03
4.719500000000119144e+03 2.441330580040812492e-03
4.720400000000119690e+03 2.447060775011777878e-03
4.721300000000119326e+03 2.442085184156894684e-03
4.722200000000118962e+03 2.428554696962237358e-03
4.723100000000119508e+03 2.421393757686018944e-03
4.724000000000120053e+03 2.428116276860237122e-03
4.724900000000119690e+03 2.436285605654120445e-03
4.725800000000119326e+03 2.429844811558723450e-03
4.726700000000119871e+03 2.405354753136634827e-03
4.727600000000120417e+03 2.380238380283117294e-03
4.728500000000120053e+03 2.370545640587806702e-03
4.729400000000119690e+03 2.369674155488610268e-03
4.730300000000120235e+03 2.367279957979917526e-03
4.731200000000120781e+03 2.369943773373961449e-03
4.732100000000120417e+03 2.381644910201430321e-03
4.733000000000120053e+03 2.390831708908081055e-03
4.733900000000120599e+03 2.388863824307918549e-03
4.734800000000121145e+03 2.385019557550549507e-03
4.735700000000120781e+03 2.378055360168218613e-03
4.736600000000120417e+03 2.364955842494964600e-03
4.737500000000120963e+03 2.363095525652170181e-03
4.738400000000121508e+03 2.378204138949513435e-03
4.739300000000121145e+03 2.387284766882658005e-03
4.740200000000120781e+03 2.380065154284238815e-03
4.741100000000121327e+03 2.371878363192081451e-03
4.742000000000121872e+03 2.374194329604506493e-03
4.742900000000121508e+03 2.381262136623263359e-03
4.743800000000121145e+03 2.385388361290097237e-03
4.744700000000121690e+03 2.379084937274456024e-03
4.745600000000122236e+03 2.374161267653107643e-03
4.746500000000121872e+03 2.378750359639525414e-03
4.747400000000121508e+03 2.381773199886083603e-03
4.748300000000122054e+03 2.378671430051326752e-03
4.749200000000122600e+03 2.377117751166224480e-03
4.750100000000122236e+03 2.375643001869320869e-03
4.751000000000121872e+03 2.369189634919166565e-03
4.751900000000122418e+03 2.357737394049763680e-03
4.752800000000122964e+03 2.344579668715596199e-03
4.753700000000122600e+03 2.333549084141850471e-03
4.754600000000122236e+03 2.329829381778836250e-03
4.755500000000122782e+03 2.335608005523681641e-03
4.756400000000123327e+03 2.340096747502684593e-03
4.757300000000122964e+03 2.340749371796846390e-03
4.758200000000122600e+03 2.342421794310212135e-03
4.759100000000123146e+03 2.346273744478821754e-03
4.760000000000123691e+03 2.346176188439130783e-03
4.760900000000123327e+03 2.337258541956543922e-03
4.761800000000122964e+03 2.320753177627921104e-03
4.762700000000123509e+03 2.309107221662998199e-03
4.763600000000124055e+03 2.307294867932796478e-03
4.764500000000123691e+03 2.308722119778394699e-03
4.765400000000123327e+03 2.303380519151687622e-03
4.766300000000123873e+03 2.294830046594142914e-03
4.767200000000124419e+03 2.296199556440114975e-03
4.768100000000124055e+03 2.306372392922639847e-03
4.769000000000123691e+03 2.316787606105208397e-03
4.769900000000124237e+03 2.322050277143716812e-03
4.770800000000124783e+03 2.313282107934355736e-03
4.771700000000124419e+03 2.298618201166391373e-03
4.772600000000124055e+03 2.295157639309763908e-03
4.773500000000124601e+03 2.303315326571464539e-03
4.774400000000125146e+03 2.311264397576451302e-03
4.775300000000124783e+03 2.311297459527850151e-03
4.776200000000124419e+03 2.306425478309392929e-03
4.777100000000124965e+03 2.307788003236055374e-03
4.778000000000125510e+03 2.305985894054174423e-03
4.778900000000125146e+03 2.295156940817832947e-03
4.779800000000124783e+03 2.286365022882819176e-03
4.780700000000125328e+03 2.287534996867179871e-03
4.781600000000125874e+03 2.291296143084764481e-03
4.782500000000125510e+03 2.283782465383410454e-03
4.783400000000125146e+03 2.274461090564727783e-03
4.784300000000125692e+03 2.280703280121088028e-03
4.785200000000126238e+03 2.291364129632711411e-03
4.786100000000125874e+03 2.290327101945877075e-03
4.787000000000125510e+03 2.283529145643115044e-03
4.787900000000126056e+03 2.281651832163333893e-03
4.788800000000126602e+03 2.281602937728166580e-03
4.789700000000126238e+03 2.280025510117411613e-03
4.790600000000125874e+03 2.282557077705860138e-03
4.791500000000126420e+03 2.286607865244150162e-03
4.792400000000126965e+03 2.289947122335433960e-03
4.793300000000126602e+03 2.295468701049685478e-03
4.794200000000126238e+03 2.306486479938030243e-03
4.795100000000126784e+03 2.316350350156426430e-03
4.796000000000127329e+03 2.315858844667673111e-03
4.796900000000126965e+03 2.308038529008626938e-03
4.797800000000126602e+03 2.298907609656453133e-03
4.798700000000127147e+03 2.287555253133177757e-03
4.799600000000127693e+03 2.280993154272437096e-03
4.800500000000127329e+03 2.278955420479178429e-03
4.801400000000126965e+03 2.278008731082081795e-03
4.802300000000127511e+03 2.278241794556379318e-03
4.803200000000128057e+03 2.280588494613766670e-03
4.804100000000127693e+03 2.280170796439051628e-03
4.805000000000127329e+03 2.273797756060957909e-03
4.805900000000127875e+03 2.267929026857018471e-03
4.806800000000128421e+03 2.265171846374869347e-03
4.807700000000128057e+03 2.262664260342717171e-03
4.808600000000127693e+03 2.262563211843371391e-03
4.809500000000128239e+03 2.266202820464968681e-03
4.810400000000128784e+03 2.269278746098279953e-03
4.811300000000128421e+03 2.269560936838388443e-03
4.812200000000128057e+03 2.266094787046313286e-03
4.813100000000128603e+03 2.259269589558243752e-03
4.814000000000129148e+03 2.252247417345643044e-03
4.814900000000128784e+03 2.245938405394554138e-03
4.815800000000128421e+03 2.248596400022506714e-03
4.816700000000128966e+03 2.260049106553196907e-03
4.817600000000129512e+03 2.266440773382782936e-03
4.818500000000129148e+03 2.262727590277791023e-03
4.819400000000128784e+03 2.255143132060766220e-03
4.820300000000129330e+03 2.256535692140460014e-03
4.821200000000129876e+03 2.261440036818385124e-03
4.822100000000129512e+03 2.249870682135224342e-03
4.823000000000129148e+03 2.220780821517109871e-03
4.823900000000129694e+03 2.202139934524893761e-03
4.824800000000130240e+03 2.212163060903549194e-03
4.825700000000129876e+03 2.233790466561913490e-03
4.826600000000129512e+03 2.242356073111295700e-03
4.827500000000130058e+03 2.234548097476363182e-03
4.828400000000130603e+03 2.220772905275225639e-03
4.829300000000130240e+03 2.216819440945982933e-03
4.830200000000129876e+03 2.223229268565773964e-03
4.831100000000130422e+03 2.224219497293233871e-03
4.832000000000130967e+03 2.219155896455049515e-03
4.832900000000130603e+03 2.219981048256158829e-03
4.833800000000130240e+03 2.226724755018949509e-03
4.834700000000130785e+03 2.231014659628272057e-03
4.835600000000131331e+03 2.229335485026240349e-03
4.836500000000130967e+03 2.227113116532564163e-03
4.837400000000130603e+03 2.224833937361836433e-03
4.838300000000131149e+03 2.218043198809027672e-03
4.839200000000131695e+03 2.207310870289802551e-03
4.840100000000131331e+03 2.196186222136020660e-03
4.841000000000130967e+03 2.190862316638231277e-03
4.841900000000131513e+03 2.189794322475790977e-03
4.842800000000132059e+03 2.182461787015199661e-03
4.843700000000131695e+03 2.171515021473169327e-03
4.844600000000131331e+03 2.170005813241004944e-03
4.845500000000131877e+03 2.175454748794436455e-03
4.846400000000132422e+03 2.170905703678727150e-03
4.847300000000132059e+03 2.149779815226793289e-03
4.848200000000131695e+03 2.126208273693919182e-03
4.849100000000132241e+03 2.115076640620827675e-03
4.850000000000132786e+03 2.107118489220738411e-03
4.850900000000132422e+03 2.089012181386351585e-03
4.851800000000132059e+03 2.063342835754156113e-03
4.852700000000132604e+03 2.038885839283466339e-03
4.853600000000133150e+03 2.008069306612014771e-03
4.854500000000132786e+03 1.957455882802605629e-03
4.855400000000132422e+03 1.896641915664076805e-03
4.856300000000132968e+03 1.845626393333077431e-03
4.857200000000133514e+03 1.796531374566257000e-03
4.858100000000133150e+03 1.718465820886194706e-03
4.859000000000132786e+03 1.585552818141877651e-03
4.859900000000133332e+03 1.404974726028740406e-03
4.860800000000133878e+03 1.260656514205038548e-03
4.861700000000133514e+03 1.266353297978639603e-03
4.862600000000133150e+03 1.414331025443971157e-03
4.863500000000133696e+03 1.584900775924324989e-03
4.864400000000134241e+03 1.705825794488191605e-03
4.865300000000133878e+03 1.788764609955251217e-03
4.866200000000133514e+03 1.856885268352925777e-03
4.867100000000134060e+03 1.911359489895403385e-03
4.868000000000134605e+03 1.950704259797930717e-03
4.868900000000134241e+03 1.983480062335729599e-03
4.869800000000133878e+03 2.003687899559736252e-03
4.870700000000134423e+03 1.997635234147310257e-03
4.871600000000134969e+03 1.988784642890095711e-03
4.872500000000134605e+03 2.009105402976274490e-03
4.873400000000134241e+03 2.049784874543547630e-03
4.874300000000134787e+03 2.081066835671663284e-03
4.875200000000135333e+03 2.093603834509849548e-03
4.876100000000134969e+03 2.099292119964957237e-03
4.877000000000134605e+03 2.104245824739336967e-03
4.877900000000135151e+03 2.105552004650235176e-03
4.878800000000135697e+03 2.114610280841588974e-03
4.879700000000135333e+03 2.133244648575782776e-03
4.880600000000134969e+03 2.139634452760219574e-03
4.881500000000135515e+03 2.132650930434465408e-03
4.882400000000136060e+03 2.132786903530359268e-03
4.883300000000135697e+03 2.139857737347483635e-03
4.884200000000135333e+03 2.137097064405679703e-03
4.885100000000135879e+03 2.121268305927515030e-03
4.886000000000136424e+03 2.109950874000787735e-03
4.886900000000136060e+03 2.115154173225164413e-03
4.887800000000135697e+03 2.126182895153760910e-03
4.888700000000136242e+03 2.129086293280124664e-03
4.889600000000136788e+03 2.116052899509668350e-03
4.890500000000136424e+03 2.089129295200109482e-03
4.891400000000136060e+03 2.073453040793538094e-03
4.892300000000136606e+03 2.091897884383797646e-03
4.893200000000137152e+03 2.129257656633853912e-03
4.894100000000136788e+03 2.155876252800226212e-03
4.895000000000136424e+03 2.166306832805275917e-03
4.895900000000136970e+03 2.170179970562458038e-03
4.896800000000137516e+03 2.171241678297519684e-03
4.897700000000137152e+03 2.170609775930643082e-03
4.898600000000136788e+03 2.164747333154082298e-03
4.899500000000137334e+03 2.155688125640153885e-03
4.900400000000137879e+03 2.151010092347860336e-03
4.901300000000137516e+03 2.153562847524881363e-03
4.902200000000137152e+03 2.149677369743585587e-03
4.903100000000137697e+03 2.136054215952754021e-03
4.904000000000138243e+03 2.131940098479390144e-03
4.904900000000137879e+03 2.141330158337950706e-03
4.905800000000137516e+03 2.152290195226669312e-03
4.906700000000138061e+03 2.156361704692244530e-03
4.907600000000138607e+03 2.153707668185234070e-03
4.908500000000138243e+03 2.146617975085973740e-03
4.909400000000137879e+03 2.132250228896737099e-03
4.910300000000138425e+03 2.120415680110454559e-03
4.911200000000138971e+03 2.121529774740338326e-03
4.912100000000138607e+03 2.129422966390848160e-03
4.913000000000138243e+03 2.134436741471290588e-03
4.913900000000138789e+03 2.137781819328665733e-03
4.914800000000139335e+03 2.142330864444375038e-03
4.915700000000138971e+03 2.140930620953440666e-03
4.916600000000138607e+03 2.129280939698219299e-03
4.917500000000139153e+03 2.105760388076305389e-03
4.918400000000139698e+03 2.064683474600315094e-03
4.919300000000139335e+03 1.998483901843428612e-03
4.920200000000138971e+03 1.908535370603203773e-03
4.921100000000139516e+03 1.831122441217303276e-03
4.922000000000140062e+03 1.824555103667080402e-03
4.922900000000139698e+03 1.889355713501572609e-03
4.923800000000139335e+03 1.961877103894948959e-03
4.924700000000139880e+03 2.014683792367577553e-03
4.925600000000140426e+03 2.061411505565047264e-03
4.926500000000140062e+03 2.100289333611726761e-03
4.927400000000139698e+03 2.120223361998796463e-03
4.928300000000140244e+03 2.128811087459325790e-03
4.929200000000140790e+03 2.134259557351469994e-03
4.930100000000140426e+03 2.133869566023349762e-03
4.931000000000140062e+03 2.129114232957363129e-03
4.931900000000140608e+03 2.121799625456333160e-03
4.932800000000141154e+03 2.105309162288904190e-03
4.933700000000140790e+03 2.086006803438067436e-03
4.934600000000140426e+03 2.085631946101784706e-03
4.935500000000140972e+03 2.099155448377132416e-03
4.936400000000141517e+03 2.102090278640389442e-03
4.937300000000141154e+03 2.087216358631849289e-03
4.938200000000140790e+03 2.063615014776587486e-03
4.939100000000141335e+03 2.048491500318050385e-03
4.940000000000141881e+03 2.055574906989932060e-03
4.940900000000141517e+03 2.073840936645865440e-03
4.941800000000141154e+03 2.082120394334197044e-03
4.942700000000141699e+03 2.086772350594401360e-03
4.943600000000142245e+03 2.101130783557891846e-03
4.944500000000141881e+03 2.108316402882337570e-03
4.945400000000141517e+03 2.096923999488353729e-03
4.946300000000142063e+03 2.085817977786064148e-03
4.947200000000142609e+03 2.088831970468163490e-03
4.948100000000142245e+03 2.096403622999787331e-03
4.949000000000141881e+03 2.100089564919471741e-03
4.949900000000142427e+03 2.097004791721701622e-03
4.950800000000142973e+03 2.093842485919594765e-03
4.951700000000142609e+03 2.092882525175809860e-03
4.952600000000142245e+03 2.088605659082531929e-03
4.953500000000142791e+03 2.081001875922083855e-03
4.954400000000143336e+03 2.073958516120910645e-03
4.955300000000142973e+03 2.065400592982769012e-03
4.956200000000142609e+03 2.040968742221593857e-03
4.957100000000143154e+03 2.002979628741741180e-03
4.958000000000143700e+03 1.988775795325636864e-03
4.958900000000143336e+03 2.017195103690028191e-03
4.959800000000142973e+03 2.057130681350827217e-03
4.960700000000143518e+03 2.077325014397501945e-03
4.961600000000144064e+03 2.077860757708549500e-03
4.962500000000143700e+03 2.072332659736275673e-03
4.963400000000143336e+03 2.069198060780763626e-03
4.964300000000143882e+03 2.064344938844442368e-03
4.965200000000144428e+03 2.051639836281538010e-03
4.966100000000144064e+03 2.042509615421295166e-03
4.967000000000143700e+03 2.042251173406839371e-03
4.967900000000144246e+03 2.039326122030615807e-03
4.968800000000144792e+03 2.038273029029369354e-03
4.969700000000144428e+03 2.047645626589655876e-03
4.970600000000144064e+03 2.060085535049438477e-03
4.971500000000144610e+03 2.068549394607543945e-03
4.972400000000145155e+03 2.069391310214996338e-03
4.973300000000144792e+03 2.063515828922390938e-03
4.974200000000144428e+03 2.062749816104769707e-03
4.975100000000144973e+03 2.064619446173310280e-03
4.976000000000145519e+03 2.064161468297243118e-03
4.976900000000145155e+03 2.060462022200226784e-03
4.977800000000144792e+03 2.047198824584484100e-03
4.978700000000145337e+03 2.032256219536066055e-03
4.979600000000145883e+03 2.025751164183020592e-03
4.980500000000145519e+03 2.022596774622797966e-03
4.981400000000145155e+03 2.006276044994592667e-03
4.982300000000145701e+03 1.980333589017391205e-03
4.983200000000146247e+03 1.970211276784539223e-03
4.984100000000145883e+03 1.981706591323018074e-03
4.985000000000145519e+03 1.994549529626965523e-03
4.985900000000146065e+03 2.003571018576622009e-03
4.986800000000146611e+03 2.017601858824491501e-03
4.987700000000146247e+03 2.031632699072360992e-03
4.988600000000145883e+03 2.032801508903503418e-03
4.989500000000146429e+03 2.022029133513569832e-03
4.990400000000146974e+03 2.006658585742115974e-03
4.991300000000146611e+03 1.997235929593443871e-03
4.992200000000146247e+03 2.002881607040762901e-03
4.993100000000146792e+03 2.006770577281713486e-03
4.994000000000147338e+03 1.999831059947609901e-03
4.994900000000146974e+03 2.003366826102137566e-03
4.995800000000146611e+03 2.017682883888483047e-03
4.996700000000147156e+03 2.023998880758881569e-03
4.997600000000147702e+03 2.024127403274178505e-03
4.998500000000147338e+03 2.015071921050548553e-03
4.999400000000146974e+03 1.985707785934209824e-03
5.000300000000147520e+03 1.945075113326311111e-03
5.001200000000148066e+03 1.922758761793375015e-03
5.002100000000147702e+03 1.930217375047504902e-03
5.003000000000147338e+03 1.951803220435976982e-03
5.003900000000147884e+03 1.961763948202133179e-03
5.004800000000148430e+03 1.952755032107234001e-03
5.005700000000148066e+03 1.934297964908182621e-03
5.006600000000147702e+03 1.922990311868488789e-03
5.007500000000148248e+03 1.934309606440365314e-03
5.008400000000148793e+03 1.956596970558166504e-03
5.009300000000148430e+03 1.965401461347937584e-03
5.010200000000148066e+03 1.966128591448068619e-03
5.011100000000148611e+03 1.969194272533059120e-03
5.012000000000149157e+03 1.961930654942989349e-03
5.012900000000148793e+03 1.935387263074517250e-03
5.013800000000148430e+03 1.883923076093196869e-03
5.014700000000148975e+03 1.824986306019127369e-03
5.015600000000149521e+03 1.815470168367028236e-03
5.016500000000149157e+03 1.859392272308468819e-03
5.017400000000148793e+03 1.896401168778538704e-03
5.018300000000149339e+03 1.911432016640901566e-03
5.019200000000149885e+03 1.935819978825747967e-03
5.020100000000149521e+03 1.964416587725281715e-03
5.021000000000149157e+03 1.970129320397973061e-03
5.021900000000149703e+03 1.954920124262571335e-03
5.022800000000150249e+03 1.945280819199979305e-03
5.023700000000149885e+03 1.956877065822482109e-03
5.024600000000149521e+03 1.972681144252419472e-03
5.025500000000150067e+03 1.975020626559853554e-03
5.026400000000150612e+03 1.966548385098576546e-03
5.027300000000150249e+03 1.952841877937316895e-03
5.028200000000149885e+03 1.947279670275747776e-03
5.029100000000150430e+03 1.955571817234158516e-03
5.030000000000150976e+03 1.963342539966106415e-03
5.030900000000150612e+03 1.959800021722912788e-03
5.031800000000150249e+03 1.954585779458284378e-03
5.032700000000150794e+03 1.961649162694811821e-03
5.033600000000151340e+03 1.973901875317096710e-03
5.034500000000150976e+03 1.967822667211294174e-03
5.035400000000150612e+03 1.943762530572712421e-03
5.036300000000151158e+03 1.929848571307957172e-03
5.037200000000151704e+03 1.938363420777022839e-03
5.038100000000151340e+03 1.947140088304877281e-03
5.039000000000150976e+03 1.932471990585327148e-03
5.039900000000151522e+03 1.896953093819320202e-03
5.040800000000152068e+03 1.865638652816414833e-03
5.041700000000151704e+03 1.868844847194850445e-03
5.042600000000151340e+03 1.901995856314897537e-03
5.043500000000151886e+03 1.922427094541490078e-03
5.044400000000152431e+03 1.924410928040742874e-03
5.045300000000152068e+03 1.929497346282005310e-03
5.046200000000151704e+03 1.927244476974010468e-03
5.047100000000152249e+03 1.908484380692243576e-03
5.048000000000152795e+03 1.899010501801967621e-03
5.048900000000152431e+03 1.905087963677942753e-03
5.049800000000152068e+03 1.909494167193770409e-03
5.050700000000152613e+03 1.913092099130153656e-03
5.051600000000153159e+03 1.923120813444256783e-03
5.052500000000152795e+03 1.935543958097696304e-03
5.053400000000152431e+03 1.938849221915006638e-03
5.054300000000152977e+03 1.926319906488060951e-03
5.055200000000153523e+03 1.902995863929390907e-03
5.056100000000153159e+03 1.894686021842062473e-03
5.057000000000152795e+03 1.914656953886151314e-03
5.057900000000153341e+03 1.939622801728546619e-03
5.058800000000153887e+03 1.947838580235838890e-03
5.059700000000153523e+03 1.946325413882732391e-03
5.060600000000153159e+03 1.947568613104522228e-03
5.061500000000153705e+03 1.949263736605644226e-03
5.062400000000154250e+03 1.944695948623120785e-03
5.063300000000153887e+03 1.935922191478312016e-03
5.064200000000153523e+03 1.919939997605979443e-03
5.065100000000154068e+03 1.902997493743896484e-03
5.066000000000154614e+03 1.903158845379948616e-03
5.066900000000154250e+03 1.911142840981483459e-03
5.067800000000153887e+03 1.907636062242090702e-03
5.068700000000154432e+03 1.901450101286172867e-03
5.069600000000154978e+03 1.907352823764085770e-03
5.070500000000154614e+03 1.916909008286893368e-03
5.071400000000154250e+03 1.912275678478181362e-03
5.072300000000154796e+03 1.895322231575846672e-03
5.073200000000155342e+03 1.888575614430010319e-03
5.074100000000154978e+03 1.898486632853746414e-03
5.075000000000154614e+03 1.906889141537249088e-03
5.075900000000155160e+03 1.902313670143485069e-03
5.076800000000155705e+03 1.898508984595537186e-03
5.077700000000155342e+03 1.903727883473038673e-03
5.078600000000154978e+03 1.900819479487836361e-03
5.079500000000155524e+03 1.883581979200243950e-03
5.080400000000156069e+03 1.872147782705724239e-03
5.081300000000155705e+03 1.873175031505525112e-03
5.082200000000155342e+03 1.875675981864333153e-03
5.083100000000155887e+03 1.877250266261398792e-03
5.084000000000156433e+03 1.882407465018332005e-03
5.084900000000156069e+03 1.890219165943562984e-03
5.085800000000155705e+03 1.896052621304988861e-03
5.086700000000156251e+03 1.898247632198035717e-03
5.087600000000156797e+03 1.898574642837047577e-03
5.088500000000156433e+03 1.898535992950201035e-03
5.089400000000156069e+03 1.899327035062015057e-03
5.090300000000156615e+03 1.899148337543010712e-03
5.091200000000157161e+03 1.896273228339850903e-03
5.092100000000156797e+03 1.898400369100272655e-03
5.093000000000156433e+03 1.909059355966746807e-03
5.093900000000156979e+03 1.912974403239786625e-03
5.094800000000157524e+03 1.900569652207195759e-03
5.095700000000157161e+03 1.882415381260216236e-03
5.096600000000156797e+03 1.873683417215943336e-03
5.097500000000157343e+03 1.874915091320872307e-03
5.098400000000157888e+03 1.869149040430784225e-03
5.099300000000157524e+03 1.855468144640326500e-03
5.100200000000157161e+03 1.850344357080757618e-03
5.101100000000157706e+03 1.858337898738682270e-03
5.102000000000158252e+03 1.866608741693198681e-03
5.102900000000157888e+03 1.867941347882151604e-03
5.103800000000157524e+03 1.868110266514122486e-03
5.104700000000158070e+03 1.865803846158087254e-03
5.105600000000158616e+03 1.862186240032315254e-03
5.106500000000158252e+03 1.857838244177401066e-03
5.107400000000157888e+03 1.850583823397755623e-03
5.108300000000158434e+03 1.851537614129483700e-03
5.109200000000158980e+03 1.857763621956110001e-03
5.110100000000158616e+03 1.858169445767998695e-03
5.111000000000158252e+03 1.858124393038451672e-03
5.111900000000158798e+03 1.864405465312302113e-03
5.112800000000159343e+03 1.868917141109704971e-03
5.113700000000158980e+03 1.870484324172139168e-03
5.114600000000158616e+03 1.877265633083879948e-03
5.115500000000159162e+03 1.882924814708530903e-03
5.116400000000159707e+03 1.882181037217378616e-03
5.117300000000159343e+03 1.885030302219092846e-03
5.118200000000158980e+03 1.888103317469358444e-03
5.119100000000159525e+03 1.883474877104163170e-03
5.120000000000160071e+03 1.873984816484153271e-03
5.120900000000159707e+03 1.862394972704350948e-03
5.121800000000159343e+03 1.859060837887227535e-03
5.122700000000159889e+03 1.858702627941966057e-03
5.123600000000160435e+03 1.849177409894764423e-03
5.124500000000160071e+03 1.837474992498755455e-03
5.125400000000159707e+03 1.831797766499221325e-03
5.126300000000160253e+03 1.826673513278365135e-03
5.127200000000160799e+03 1.822329824790358543e-03
5.128100000000160435e+03 1.826637657359242439e-03
5.129000000000160071e+03 1.833707443438470364e-03
5.129900000000160617e+03 1.833877176977694035e-03
5.130800000000161162e+03 1.839076518081128597e-03
5.131700000000160799e+03 1.850756118074059486e-03
5.132600000000160435e+03 1.854307251051068306e-03
5.133500000000160981e+03 1.850115135312080383e-03
5.134400000000161526e+03 1.850492903031408787e-03
5.135300000000161162e+03 1.858969568274915218e-03
5.136200000000160799e+03 1.863171579316258430e-03
5.137100000000161344e+03 1.856846967712044716e-03
5.138000000000161890e+03 1.842846279032528400e-03
5.138900000000161526e+03 1.824757782742381096e-03
5.139800000000161162e+03 1.820650417357683182e-03
5.140700000000161708e+03 1.835489063523709774e-03
5.141600000000162254e+03 1.841788645833730698e-03
5.142500000000161890e+03 1.828758744522929192e-03
5.143400000000161526e+03 1.819029450416564941e-03
5.144300000000162072e+03 1.824072678573429585e-03
5.145200000000162618e+03 1.824634382501244545e-03
5.146100000000162254e+03 1.821319223381578922e-03
5.147000000000161890e+03 1.822795020416378975e-03
5.147900000000162436e+03 1.825592364184558392e-03
5.148800000000162981e+03 1.826608087867498398e-03
5.149700000000162618e+03 1.822662423364818096e-03
5.150600000000162254e+03 1.816559000872075558e-03
5.151500000000162800e+03 1.815776573494076729e-03
5.152400000000163345e+03 1.815861091017723083e-03
5.153300000000162981e+03 1.810214947909116745e-03
5.154200000000162618e+03 1.800053985789418221e-03
5.155100000000163163e+03 1.797961653210222721e-03
5.156000000000163709e+03 1.811480498872697353e-03
5.156900000000163345e+03 1.830597408115863800e-03
5.157800000000162981e+03 1.848103594966232777e-03
5.158700000000163527e+03 1.853338326327502728e-03
5.159600000000164073e+03 1.846058992668986320e-03
5.160500000000163709e+03 1.845743274316191673e-03
5.161400000000163345e+03 1.849176944233477116e-03
5.162300000000163891e+03 1.839518779888749123e-03
5.163200000000164437e+03 1.825764891691505909e-03
5.164100000000164073e+03 1.821253565140068531e-03
5.165000000000163709e+03 1.809728215448558331e-03
5.165900000000164255e+03 1.775339245796203613e-03
5.166800000000164800e+03 1.731016323901712894e-03
5.167700000000164437e+03 1.696323510259389877e-03
5.168600000000164073e+03 1.689275843091309071e-03
5.169500000000164619e+03 1.720112632028758526e-03
5.170400000000165164e+03 1.753574586473405361e-03
5.171300000000164800e+03 1.749122631736099720e-03
5.172200000000164437e+03 1.720641041174530983e-03
5.173100000000164982e+03 1.709886011667549610e-03
5.174000000000165528e+03 1.730246818624436855e-03
5.174900000000165164e+03 1.761543913744390011e-03
5.175800000000164800e+03 1.784587628208100796e-03
5.176700000000165346e+03 1.794473617337644100e-03
5.177600000000165892e+03 1.797848730348050594e-03
5.178500000000165528e+03 1.797198085114359856e-03
5.179400000000165164e+03 1.791873946785926819e-03
5.180300000000165710e+03 1.783300540409982204e-03
5.181200000000166256e+03 1.764762331731617451e-03
5.182100000000165892e+03 1.737137208692729473e-03
5.183000000000165528e+03 1.707400660961866379e-03
5.183900000000166074e+03 1.691488199867308140e-03
5.184800000000166619e+03 1.705038477666676044e-03
5.185700000000166256e+03 1.737474813126027584e-03
5.186600000000165892e+03 1.770286238752305508e-03
5.187500000000166438e+03 1.788391033187508583e-03
5.188400000000166983e+03 1.791303977370262146e-03
5.189300000000166619e+03 1.796285854652523994e-03
5.190200000000166256e+03 1.802849816158413887e-03
5.191100000000166801e+03 1.790700014680624008e-03
5.192000000000167347e+03 1.763576525263488293e-03
5.192900000000166983e+03 1.749030547216534615e-03
5.193800000000166619e+03 1.759569742716848850e-03
5.194700000000167165e+03 1.772633870132267475e-03
5.195600000000167711e+03 1.773722586221992970e-03
5.196500000000167347e+03 1.773944939486682415e-03
5.197400000000166983e+03 1.780693535692989826e-03
5.198300000000167529e+03 1.791130751371383667e-03
5.199200000000168075e+03 1.797954086214303970e-03
5.200100000000167711e+03 1.797474222257733345e-03
5.201000000000167347e+03 1.791740069165825844e-03
5.201900000000167893e+03 1.782841049134731293e-03
5.202800000000168438e+03 1.773890806362032890e-03
5.203700000000168075e+03 1.759446691721677780e-03
5.204600000000167711e+03 1.733632176183164120e-03
5.205500000000168257e+03 1.708463649265468121e-03
5.206400000000168802e+03 1.701189205050468445e-03
5.207300000000168438e+03 1.704832655377686024e-03
5.208200000000168075e+03 1.702706795185804367e-03
5.209100000000168620e+03 1.699785003438591957e-03
5.210000000000169166e+03 1.707719755358994007e-03
5.210900000000168802e+03 1.728366245515644550e-03
5.211800000000168438e+03 1.755917677655816078e-03
5.212700000000168984e+03 1.778059289790689945e-03
5.213600000000169530e+03 1.786226406693458557e-03
5.214500000000169166e+03 1.777246361598372459e-03
5.215400000000168802e+03 1.758564496412873268e-03
5.216300000000169348e+03 1.745465444400906563e-03
5.217200000000169894e+03 1.745422021485865116e-03
5.218100000000169530e+03 1.754454919137060642e-03
5.219000000000169166e+03 1.768497051671147346e-03
5.219900000000169712e+03 1.780664431862533092e-03
5.220800000000170257e+03 1.787371118552982807e-03
5.221700000000169894e+03 1.787837827578186989e-03
5.222600000000169530e+03 1.783361309207975864e-03
5.223500000000170076e+03 1.770493458025157452e-03
5.224400000000170621e+03 1.749580958858132362e-03
5.225300000000170257e+03 1.725378679111599922e-03
5.226200000000169894e+03 1.700040767900645733e-03
5.227100000000170439e+03 1.682658214122056961e-03
5.228000000000170985e+03 1.693990314379334450e-03
5.228900000000170621e+03 1.726319896988570690e-03
5.229800000000170257e+03 1.748623792082071304e-03
5.230700000000170803e+03 1.755075878463685513e-03
5.231600000000171349e+03 1.751151867210865021e-03
5.232500000000170985e+03 1.730816205963492393e-03
5.233400000000170621e+03 1.706344424746930599e-03
5.234300000000171167e+03 1.702548703178763390e-03
5.235200000000171713e+03 1.719720545224845409e-03
5.236100000000171349e+03 1.740420819260179996e-03
5.237000000000170985e+03 1.753674005158245564e-03
5.237900000000171531e+03 1.759055769070982933e-03
5.238800000000172076e+03 1.757594058290123940e-03
5.239700000000171713e+03 1.755136065185070038e-03
5.240600000000171349e+03 1.755087869241833687e-03
5.241500000000171894e+03 1.750583644025027752e-03
5.242400000000172440e+03 1.742499880492687225e-03
5.243300000000172076e+03 1.738204970024526119e-03
5.244200000000171713e+03 1.743735163472592831e-03
5.245100000000172258e+03 1.753339893184602261e-03
5.246000000000172804e+03 1.749074319377541542e-03
5.246900000000172440e+03 1.730795134790241718e-03
5.247800000000172076e+03 1.718751969747245312e-03
5.248700000000172622e+03 1.723194262012839317e-03
5.249600000000173168e+03 1.725675887428224087e-03
5.250500000000172804e+03 1.717788400128483772e-03
5.251400000000172440e+03 1.713242498226463795e-03
5.252300000000172986e+03 1.717847771942615509e-03
5.253200000000173532e+03 1.720474450848996639e-03
5.254100000000173168e+03 1.718530780635774136e-03
5.255000000000172804e+03 1.713067293167114258e-03
5.255900000000173350e+03 1.713410136289894581e-03
5.256800000000173895e+03 1.723963185213506222e-03
5.257700000000173532e+03 1.734941732138395309e-03
5.258600000000173168e+03 1.735126017592847347e-03
5.259500000000173713e+03 1.725901616737246513e-03
5.260400000000174259e+03 1.715572667308151722e-03
5.261300000000173895e+03 1.703163608908653259e-03
5.262200000000173532e+03 1.685644732788205147e-03
5.263100000000174077e+03 1.665088580921292305e-03
5.264000000000174623e+03 1.648670178838074207e-03
5.264900000000174259e+03 1.642087358050048351e-03
5.265800000000173895e+03 1.641288399696350098e-03
5.266700000000174441e+03 1.646348740905523300e-03
5.267600000000174987e+03 1.657680841162800789e-03
5.268500000000174623e+03 1.652623061090707779e-03
5.269400000000174259e+03 1.624524476937949657e-03
5.270300000000174805e+03 1.609330880455672741e-03
5.271200000000175351e+03 1.628449419513344765e-03
5.272100000000174987e+03 1.656469074077904224e-03
5.273000000000174623e+03 1.669939840212464333e-03
5.273900000000175169e+03 1.671442296355962753e-03
5.274800000000175714e+03 1.664008828811347485e-03
5.275700000000175351e+03 1.654546009376645088e-03
5.276600000000174987e+03 1.663890434429049492e-03
5.277500000000175532e+03 1.688143238425254822e-03
5.278400000000176078e+03 1.703731250017881393e-03
5.279300000000175714e+03 1.704680034890770912e-03
5.280200000000175351e+03 1.695665996521711349e-03
5.281100000000175896e+03 1.680450863204896450e-03
5.282000000000176442e+03 1.663826173171401024e-03
5.282900000000176078e+03 1.651517814025282860e-03
5.283800000000175714e+03 1.649397891014814377e-03
5.284700000000176260e+03 1.662789611145853996e-03
5.285600000000176806e+03 1.685980823822319508e-03
5.286500000000176442e+03 1.702361740171909332e-03
5.287400000000176078e+03 1.705763861536979675e-03
5.288300000000176624e+03 1.701418892480432987e-03
5.289200000000177170e+03 1.697396277450025082e-03
5.290100000000176806e+03 1.697451807558536530e-03
5.291000000000176442e+03 1.697358442470431328e-03
5.291900000000176988e+03 1.695301732979714870e-03
5.292800000000177533e+03 1.693243626505136490e-03
5.293700000000177170e+03 1.692050253041088581e-03
5.294600000000176806e+03 1.689454540610313416e-03
5.295500000000177351e+03 1.681694877333939075e-03
5.296400000000177897e+03 1.665588817559182644e-03
5.297300000000177533e+03 1.644015894271433353e-03
5.298200000000177170e+03 1.630888320505619049e-03
5.299100000000177715e+03 1.637963228859007359e-03
5.300000000000178261e+03 1.653800718486309052e-03
5.300900000000177897e+03 1.659819507040083408e-03
5.301800000000177533e+03 1.654279418289661407e-03
5.302700000000178079e+03 1.652694889344274998e-03
5.303600000000178625e+03 1.663922565057873726e-03
5.304500000000178261e+03 1.676408108323812485e-03
5.305400000000177897e+03 1.680585904978215694e-03
5.306300000000178443e+03 1.676851650699973106e-03
5.307200000000178989e+03 1.670059515163302422e-03
5.308100000000178625e+03 1.668662647716701031e-03
5.309000000000178261e+03 1.673216698691248894e-03
5.309900000000178807e+03 1.677663414739072323e-03
5.310800000000179352e+03 1.678534667007625103e-03
5.311700000000178989e+03 1.676326850429177284e-03
5.312600000000178625e+03 1.670730183832347393e-03
5.313500000000179170e+03 1.663979957811534405e-03
5.314400000000179716e+03 1.655805972404778004e-03
5.315300000000179352e+03 1.639800262637436390e-03
5.316200000000178989e+03 1.624644733965396881e-03
5.317100000000179534e+03 1.626966288313269615e-03
5.318000000000180080e+03 1.643257914111018181e-03
5.318900000000179716e+03 1.650908729061484337e-03
5.319800000000179352e+03 1.644528587348759174e-03
5.320700000000179898e+03 1.639629714190959930e-03
5.321600000000180444e+03 1.640486298128962517e-03
5.322500000000180080e+03 1.639507943764328957e-03
5.323400000000179716e+03 1.627385965548455715e-03
5.324300000000180262e+03 1.610251725651323795e-03
5.325200000000180808e+03 1.607113401405513287e-03
5.326100000000180444e+03 1.614284119568765163e-03
5.327000000000180080e+03 1.603363896720111370e-03
5.327900000000180626e+03 1.571797532960772514e-03
5.328800000000181171e+03 1.554079935885965824e-03
5.329700000000180808e+03 1.568743609823286533e-03
5.330600000000180444e+03 1.599808572791516781e-03
5.331500000000180989e+03 1.622580108232796192e-03
5.332400000000181535e+03 1.628015539608895779e-03
5.333300000000181171e+03 1.625730888918042183e-03
5.334200000000180808e+03 1.630073646083474159e-03
5.335100000000181353e+03 1.637354376725852489e-03
5.336000000000181899e+03 1.637058681808412075e-03
5.336900000000181535e+03 1.631848048418760300e-03
5.337800000000181171e+03 1.629236619919538498e-03
5.338700000000181717e+03 1.625114586204290390e-03
5.339600000000182263e+03 1.610328559763729572e-03
5.340500000000181899e+03 1.592619693838059902e-03
5.341400000000181535e+03 1.589948660694062710e-03
5.342300000000182081e+03 1.604188000783324242e-03
5.343200000000182627e+03 1.617533853277564049e-03
5.344100000000182263e+03 1.619489048607647419e-03
5.345000000000181899e+03 1.611730083823204041e-03
5.345900000000182445e+03 1.602931530214846134e-03
5.346800000000182990e+03 1.605891855433583260e-03
5.347700000000182627e+03 1.612343010492622852e-03
5.348600000000182263e+03 1.609621918760240078e-03
5.349500000000182808e+03 1.605422003194689751e-03
5.350400000000183354e+03 1.611169660463929176e-03
5.351300000000182990e+03 1.622796058654785156e-03
5.352200000000182627e+03 1.628178171813488007e-03
5.353100000000183172e+03 1.626103068701922894e-03
5.354000000000183718e+03 1.624578493647277355e-03
5.354900000000183354e+03 1.627446617931127548e-03
5.355800000000182990e+03 1.631360501050949097e-03
5.356700000000183536e+03 1.633971580304205418e-03
5.357600000000184082e+03 1.634684624150395393e-03
5.358500000000183718e+03 1.634228625334799290e-03
5.359400000000183354e+03 1.634637941606342793e-03
5.360300000000183900e+03 1.632682629860937595e-03
5.361200000000184446e+03 1.623249147087335587e-03
5.362100000000184082e+03 1.609659520909190178e-03
5.363000000000183718e+03 1.601703464984893799e-03
5.363900000000184264e+03 1.602571108378469944e-03
5.364800000000184809e+03 1.601279596798121929e-03
5.365700000000184446e+03 1.599671319127082825e-03
5.366600000000184082e+03 1.600188552401959896e-03
5.367500000000184627e+03 1.600013114511966705e-03
5.368400000000185173e+03 1.597552443854510784e-03
5.369300000000184809e+03 1.591468113474547863e-03
5.370200000000184446e+03 1.573881483636796474e-03
5.371100000000184991e+03 1.554574933834373951e-03
5.372000000000185537e+03 1.553249661810696125e-03
5.372900000000185173e+03 1.574493944644927979e-03
5.373800000000184809e+03 1.596671296283602715e-03
5.374700000000185355e+03 1.607884769327938557e-03
5.375600000000185901e+03 1.612209947779774666e-03
5.376500000000185537e+03 1.611804706044495106e-03
5.377400000000185173e+03 1.607658807188272476e-03
5.378300000000185719e+03 1.606428762897849083e-03
5.379200000000186265e+03 1.609271625056862831e-03
5.380100000000185901e+03 1.609199447557330132e-03
5.381000000000185537e+03 1.605316996574401855e-03
5.381900000000186083e+03 1.599743496626615524e-03
5.382800000000186628e+03 1.590438070707023144e-03
5.383700000000186265e+03 1.583681674674153328e-03
5.384600000000185901e+03 1.588829676620662212e-03
5.385500000000186446e+03 1.597576541826128960e-03
5.386400000000186992e+03 1.598797622136771679e-03
5.387300000000186628e+03 1.596213551238179207e-03
5.388200000000186265e+03 1.594940549694001675e-03
5.389100000000186810e+03 1.590918516740202904e-03
5.390000000000187356e+03 1.585806021466851234e-03
5.390900000000186992e+03 1.582731609232723713e-03
5.391800000000186628e+03 1.579222036525607109e-03
5.392700000000187174e+03 1.572572509758174419e-03
5.393600000000187720e+03 1.568104606121778488e-03
5.394500000000187356e+03 1.569042913615703583e-03
5.395400000000186992e+03 1.568079693242907524e-03
5.396300000000187538e+03 1.554893562570214272e-03
5.397200000000188084e+03 1.539666438475251198e-03
5.398100000000187720e+03 1.541391247883439064e-03
5.399000000000187356e+03 1.557334093376994133e-03
5.399900000000187902e+03 1.563002122566103935e-03
5.400800000000188447e+03 1.557406503707170486e-03
5.401700000000188084e+03 1.557154580950737000e-03
5.402600000000187720e+03 1.563289086334407330e-03
5.403500000000188265e+03 1.558112562634050846e-03
5.404400000000188811e+03 1.538269221782684326e-03
5.405300000000188447e+03 1.519831595942378044e-03
5.406200000000188084e+03 1.518037519417703152e-03
5.407100000000188629e+03 1.532717957161366940e-03
5.408000000000189175e+03 1.548175700008869171e-03
5.408900000000188811e+03 1.547565683722496033e-03
5.409800000000188447e+03 1.534551265649497509e-03
5.410700000000188993e+03 1.530899899080395699e-03
5.411600000000189539e+03 1.542980200611054897e-03
5.412500000000189175e+03 1.556448405608534813e-03
5.413400000000188811e+03 1.560825854539871216e-03
5.414300000000189357e+03 1.557021518237888813e-03
5.415200000000189902e+03 1.552302506752312183e-03
5.416100000000189539e+03 1.555154682137072086e-03
5.417000000000189175e+03 1.564972684718668461e-03
5.417900000000189721e+03 1.570320222526788712e-03
5.418800000000190266e+03 1.568141975440084934e-03
5.419700000000189902e+03 1.561902347020804882e-03
5.420600000000189539e+03 1.555984024889767170e-03
5.421500000000190084e+03 1.554423361085355282e-03
5.422400000000190630e+03 1.555555034428834915e-03
5.423300000000190266e+03 1.548870815895497799e-03
5.424200000000189902e+03 1.535525894723832607e-03
5.425100000000190448e+03 1.533411676064133644e-03
5.426000000000190994e+03 1.544723985716700554e-03
5.426900000000190630e+03 1.552529749460518360e-03
5.427800000000190266e+03 1.547536463476717472e-03
5.428700000000190812e+03 1.528414315544068813e-03
5.429600000000191358e+03 1.508463290520012379e-03
5.430500000000190994e+03 1.507054897956550121e-03
5.431400000000190630e+03 1.518160686828196049e-03
5.432300000000191176e+03 1.519257086329162121e-03
5.433200000000191721e+03 1.512742252089083195e-03
5.434100000000191358e+03 1.507853274233639240e-03
5.435000000000190994e+03 1.507383072748780251e-03
5.435900000000191540e+03 1.514684641733765602e-03
5.436800000000192085e+03 1.526570762507617474e-03
5.437700000000191721e+03 1.536670490168035030e-03
5.438600000000191358e+03 1.543296850286424160e-03
5.439500000000191903e+03 1.549679785966873169e-03
5.440400000000192449e+03 1.553177135065197945e-03
5.441300000000192085e+03 1.551782363094389439e-03
5.442200000000191721e+03 1.548556610941886902e-03
5.443100000000192267e+03 1.544566592201590538e-03
5.444000000000192813e+03 1.537716714665293694e-03
5.444900000000192449e+03 1.525677507743239403e-03
5.445800000000192085e+03 1.507172943092882633e-03
5.446700000000192631e+03 1.491774455644190311e-03
5.447600000000193177e+03 1.492974464781582355e-03
5.448500000000192813e+03 1.511360169388353825e-03
5.449400000000192449e+03 1.528428168967366219e-03
5.450300000000192995e+03 1.533871865831315517e-03
5.451200000000193540e+03 1.530544017441570759e-03
5.452100000000193177e+03 1.521449070423841476e-03
5.453000000000192813e+03 1.507678185589611530e-03
5.453900000000193359e+03 1.494752010330557823e-03
5.454800000000193904e+03 1.484604319557547569e-03
5.455700000000193540e+03 1.480231876485049725e-03
5.456600000000193177e+03 1.490484457463026047e-03
5.457500000000193722e+03 1.511269598267972469e-03
5.458400000000194268e+03 1.525714760646224022e-03
5.459300000000193904e+03 1.529145520180463791e-03
5.460200000000193540e+03 1.524455961771309376e-03
5.461100000000194086e+03 1.517352182418107986e-03
5.462000000000194632e+03 1.509304740466177464e-03
5.462900000000194268e+03 1.501013990491628647e-03
5.463800000000193904e+03 1.497802441008388996e-03
5.464700000000194450e+03 1.501758000813424587e-03
5.465600000000194996e+03 1.504563377238810062e-03
5.466500000000194632e+03 1.503464765846729279e-03
5.467400000000194268e+03 1.506208325736224651e-03
5.468300000000194814e+03 1.512272167019546032e-03
5.469200000000195359e+03 1.513186143711209297e-03
5.470100000000194996e+03 1.506361295469105244e-03
5.471000000000194632e+03 1.501010032370686531e-03
5.471900000000195178e+03 1.499649253673851490e-03
5.472800000000195723e+03 1.495393225923180580e-03
5.473700000000195359e+03 1.489010406658053398e-03
5.474600000000194996e+03 1.488013193011283875e-03
5.475500000000195541e+03 1.488068723119795322e-03
5.476400000000196087e+03 1.477868412621319294e-03
5.477300000000195723e+03 1.469209790229797363e-03
5.478200000000195359e+03 1.477471902035176754e-03
5.479100000000195905e+03 1.491426723077893257e-03
5.480000000000196451e+03 1.495392760261893272e-03
5.480900000000196087e+03 1.487053348682820797e-03
5.481800000000195723e+03 1.477461890317499638e-03
5.482700000000196269e+03 1.479882397688925266e-03
5.483600000000196815e+03 1.488421228714287281e-03
5.484500000000196451e+03 1.495298929512500763e-03
5.485400000000196087e+03 1.498141326010227203e-03
5.486300000000196633e+03 1.492680632509291172e-03
5.487200000000197178e+03 1.481483923271298409e-03
5.488100000000196815e+03 1.475118100643157959e-03
5.489000000000196451e+03 1.480225590057671070e-03
5.489900000000196997e+03 1.487180707044899464e-03
5.490800000000197542e+03 1.488621812313795090e-03
5.491700000000197178e+03 1.488772337324917316e-03
5.492600000000196815e+03 1.487757544964551926e-03
5.493500000000197360e+03 1.483757165260612965e-03
5.494400000000197906e+03 1.479870174080133438e-03
5.495300000000197542e+03 1.478849095292389393e-03
5.496200000000197178e+03 1.476754434406757355e-03
5.497100000000197724e+03 1.470815856009721756e-03
5.498000000000198270e+03 1.469191862270236015e-03
5.498900000000197906e+03 1.477759447880089283e-03
5.499800000000197542e+03 1.483145402744412422e-03
5.500700000000198088e+03 1.477922080084681511e-03
5.501600000000198634e+03 1.470312708988785744e-03
5.502500000000198270e+03 1.468163682147860527e-03
5.503400000000197906e+03 1.469838898628950119e-03
5.504300000000198452e+03 1.469389419071376324e-03
5.505200000000198997e+03 1.463843160308897495e-03
5.506100000000198634e+03 1.453839824534952641e-03
5.507000000000198270e+03 1.449670409783720970e-03
5.507900000000198816e+03 1.455864403396844864e-03
5.508800000000199361e+03 1.461753738112747669e-03
5.509700000000198997e+03 1.462151878513395786e-03
5.510600000000198634e+03 1.460943720303475857e-03
5.511500000000199179e+03 1.457825303077697754e-03
5.512400000000199725e+03 1.452201511710882187e-03
5.513300000000199361e+03 1.449622213840484619e-03
5.514200000000198997e+03 1.452463213354349136e-03
5.515100000000199543e+03 1.457599923014640808e-03
5.516000000000200089e+03 1.463859574869275093e-03
5.516900000000199725e+03 1.466995454393327236e-03
5.517800000000199361e+03 1.469287322834134102e-03
5.518700000000199907e+03 1.471961615607142448e-03
5.519600000000200453e+03 1.472681760787963867e-03
5.520500000000200089e+03 1.471389783546328545e-03
5.521400000000199725e+03 1.469776034355163574e-03
5.522300000000200271e+03 1.468091621063649654e-03
5.523200000000200816e+03 1.467139809392392635e-03
5.524100000000200453e+03 1.465628738515079021e-03
5.525000000000200089e+03 1.460820669308304787e-03
5.525900000000200635e+03 1.454768818803131580e-03
5.526800000000201180e+03 1.447259564884006977e-03
5.527700000000200816e+03 1.436117454431951046e-03
5.528600000000200453e+03 1.427947194315493107e-03
5.529500000000200998e+03 1.435375772416591644e-03
5.530400000000201544e+03 1.451108604669570923e-03
5.531300000000201180e+03 1.458395738154649734e-03
5.532200000000200816e+03 1.455578487366437912e-03
5.533100000000201362e+03 1.451282994821667671e-03
5.534000000000201908e+03 1.447211368940770626e-03
5.534900000000201544e+03 1.443491550162434578e-03
5.535800000000201180e+03 1.443548477254807949e-03
5.536700000000201726e+03 1.449084840714931488e-03
5.537600000000202272e+03 1.451404881663620472e-03
5.538500000000201908e+03 1.450122799724340439e-03
5.539400000000201544e+03 1.450549578294157982e-03
5.540300000000202090e+03 1.452370081096887589e-03
5.541200000000202635e+03 1.454320270568132401e-03
5.542100000000202272e+03 1.452376134693622589e-03
5.543000000000201908e+03 1.444969559088349342e-03
5.543900000000202454e+03 1.440010732039809227e-03
5.544800000000202999e+03 1.441707019694149494e-03
5.545700000000202635e+03 1.444811816327273846e-03
5.546600000000202272e+03 1.445211120881140232e-03
5.547500000000202817e+03 1.446645590476691723e-03
5.548400000000203363e+03 1.450954587198793888e-03
5.549300000000202999e+03 1.452879398129880428e-03
5.550200000000202635e+03 1.452236669138073921e-03
5.551100000000203181e+03 1.451327814720571041e-03
5.552000000000203727e+03 1.449370291084051132e-03
5.552900000000203363e+03 1.446962240152060986e-03
5.553800000000202999e+03 1.442053006030619144e-03
5.554700000000203545e+03 1.438051811419427395e-03
5.555600000000204091e+03 1.439469284377992153e-03
5.556500000000203727e+03 1.441092928871512413e-03
5.557400000000203363e+03 1.439254148863255978e-03
5.558300000000203909e+03 1.438359962776303291e-03
5.559200000000204454e+03 1.439168816432356834e-03
5.560100000000204091e+03 1.436805585399270058e-03
5.561000000000203727e+03 1.434398232959210873e-03
5.561900000000204273e+03 1.432650140486657619e-03
5.562800000000204818e+03 1.429591677151620388e-03
5.563700000000204454e+03 1.426375936716794968e-03
5.564600000000204091e+03 1.422331668436527252e-03
5.565500000000204636e+03 1.418460626155138016e-03
5.566400000000205182e+03 1.418623607605695724e-03
5.567300000000204818e+03 1.421567751094698906e-03
5.568200000000204454e+03 1.421817461960017681e-03
5.569100000000205000e+03 1.415030215866863728e-03
5.570000000000205546e+03 1.411734847351908684e-03
5.570900000000205182e+03 1.416155020706355572e-03
5.571800000000204818e+03 1.413999474607408047e-03
5.572700000000205364e+03 1.405405462719500065e-03
5.573600000000205910e+03 1.406353083439171314e-03
5.574500000000205546e+03 1.412614830769598484e-03
5.575400000000205182e+03 1.414387137629091740e-03
5.576300000000205728e+03 1.415009959600865841e-03
5.577200000000206273e+03 1.416300307027995586e-03
5.578100000000205910e+03 1.416250364854931831e-03
5.579000000000205546e+03 1.417557825334370136e-03
5.579900000000206091e+03 1.420644461177289486e-03
5.580800000000206637e+03 1.419118721969425678e-03
5.581700000000206273e+03 1.414902973920106888e-03
5.582600000000205910e+03 1.415795413777232170e-03
5.583500000000206455e+03 1.417497522197663784e-03
5.584400000000207001e+03 1.414163387380540371e-03
5.585300000000206637e+03 1.403191941790282726e-03
5.586200000000206273e+03 1.388134318403899670e-03
5.587100000000206819e+03 1.377626322209835052e-03
5.588000000000207365e+03 1.375288236886262894e-03
5.588900000000207001e+03 1.378981047309935093e-03
5.589800000000206637e+03 1.387719181366264820e-03
5.590700000000207183e+03 1.398268621414899826e-03
5.591600000000207729e+03 1.404206617735326290e-03
5.592500000000207365e+03 1.402413588948547840e-03
5.593400000000207001e+03 1.397680724039673805e-03
5.594300000000207547e+03 1.395353581756353378e-03
5.595200000000208092e+03 1.399987144395709038e-03
5.596100000000207729e+03 1.408340292982757092e-03
5.597000000000207365e+03 1.410231343470513821e-03
5.597900000000207910e+03 1.403260044753551483e-03
5.598800000000208456e+03 1.397159299813210964e-03
5.599700000000208092e+03 1.398107153363525867e-03
5.600600000000207729e+03 1.397563959471881390e-03
5.601500000000208274e+03 1.391647499985992908e-03
5.602400000000208820e+03 1.387889031320810318e-03
5.603300000000208456e+03 1.389884389936923981e-03
5.604200000000208092e+03 1.395631814375519753e-03
5.605100000000208638e+03 1.399013795889914036e-03
5.606000000000209184e+03 1.401084475219249725e-03
5.606900000000208820e+03 1.405258546583354473e-03
5.607800000000208456e+03 1.406957977451384068e-03
5.608700000000209002e+03 1.407543080858886242e-03
5.609600000000209548e+03 1.409066491760313511e-03
5.610500000000209184e+03 1.411546720191836357e-03
5.611400000000208820e+03 1.411350909620523453e-03
5.612300000000209366e+03 1.407679403200745583e-03
5.613200000000209911e+03 1.400930923409759998e-03
5.614100000000209548e+03 1.387426978908479214e-03
5.615000000000209184e+03 1.369161298498511314e-03
5.615900000000209729e+03 1.361946924589574337e-03
5.616800000000210275e+03 1.370401936583220959e-03
5.617700000000209911e+03 1.382261980324983597e-03
5.618600000000209548e+03 1.388465985655784607e-03
5.619500000000210093e+03 1.387309050187468529e-03
5.620400000000210639e+03 1.384677598252892494e-03
5.621300000000210275e+03 1.387086696922779083e-03
5.622200000000209911e+03 1.389160170219838619e-03
5.623100000000210457e+03 1.383269904181361198e-03
5.624000000000211003e+03 1.372733851894736290e-03
5.624900000000210639e+03 1.368909608572721481e-03
5.625800000000210275e+03 1.375330961309373379e-03
5.626700000000210821e+03 1.383032416924834251e-03
5.627600000000211367e+03 1.384046627208590508e-03
5.628500000000211003e+03 1.383388414978981018e-03
5.629400000000210639e+03 1.386927207931876183e-03
5.630300000000211185e+03 1.389878569170832634e-03
5.631200000000211730e+03 1.388570293784141541e-03
5.632100000000211367e+03 1.386466086842119694e-03
5.633000000000211003e+03 1.382909715175628662e-03
5.633900000000211548e+03 1.377974287606775761e-03
5.634800000000212094e+03 1.376922824420034885e-03
5.635700000000211730e+03 1.377294422127306461e-03
5.636600000000211367e+03 1.374069484882056713e-03
5.637500000000211912e+03 1.367478747852146626e-03
5.638400000000212458e+03 1.358665060251951218e-03
5.639300000000212094e+03 1.352581544779241085e-03
5.640200000000211730e+03 1.350334146991372108e-03
5.641100000000212276e+03 1.353839412331581116e-03
5.642000000000212822e+03 1.361400471068918705e-03
5.642900000000212458e+03 1.365454285405576229e-03
5.643800000000212094e+03 1.366365235298871994e-03
5.644700000000212640e+03 1.364742638543248177e-03
5.645600000000213186e+03 1.358582871034741402e-03
5.646500000000212822e+03 1.352796447463333607e-03
5.647400000000212458e+03 1.351972809061408043e-03
5.648300000000213004e+03 1.356289139948785305e-03
5.649200000000213549e+03 1.361106871627271175e-03
5.650100000000213186e+03 1.363003393635153770e-03
5.651000000000212822e+03 1.364753348752856255e-03
5.651900000000213367e+03 1.367188524454832077e-03
5.652800000000213913e+03 1.368936034850776196e-03
5.653700000000213549e+03 1.368329976685345173e-03
5.654600000000213186e+03 1.363286748528480530e-03
5.655500000000213731e+03 1.358620706014335155e-03
5.656400000000214277e+03 1.356856198981404305e-03
5.657300000000213913e+03 1.350062317214906216e-03
5.658200000000213549e+03 1.336598652414977551e-03
5.659100000000214095e+03 1.330732367932796478e-03
5.660000000000214641e+03 1.337042427621781826e-03
5.660900000000214277e+03 1.341348863206803799e-03
5.661800000000213913e+03 1.339370501227676868e-03
5.662700000000214459e+03 1.338613335974514484e-03
5.663600000000215005e+03 1.341951428912580013e-03
5.664500000000214641e+03 1.343152020126581192e-03
5.665400000000214277e+03 1.340375165455043316e-03
5.666300000000214823e+03 1.337058260105550289e-03
5.667200000000215368e+03 1.335666049271821976e-03
5.668100000000215005e+03 1.338924397714436054e-03
5.669000000000214641e+03 1.345538184978067875e-03
5.669900000000215186e+03 1.349105499684810638e-03
5.670800000000215732e+03 1.348682562820613384e-03
5.671700000000215368e+03 1.346499775536358356e-03
5.672600000000215005e+03 1.345015713013708591e-03
5.673500000000215550e+03 1.344947377219796181e-03
5.674400000000216096e+03 1.340731279924511909e-03
5.675300000000215732e+03 1.332946121692657471e-03
5.676200000000215368e+03 1.331713981926441193e-03
5.677100000000215914e+03 1.336904359050095081e-03
5.678000000000216460e+03 1.335440436378121376e-03
5.678900000000216096e+03 1.324036391451954842e-03
5.679800000000215732e+03 1.319631352089345455e-03
5.680700000000216278e+03 1.326644327491521835e-03
5.681600000000216824e+03 1.332939020358026028e-03
5.682500000000216460e+03 1.332758227363228798e-03
5.683400000000216096e+03 1.330985804088413715e-03
5.684300000000216642e+03 1.332400017417967319e-03
5.685200000000217187e+03 1.335318200290203094e-03
5.686100000000216824e+03 1.331796869635581970e-03
5.687000000000216460e+03 1.324220909737050533e-03
5.687900000000217005e+03 1.321465941146016121e-03
5.688800000000217551e+03 1.324307639151811600e-03
5.689700000000217187e+03 1.328339916653931141e-03
5.690600000000216824e+03 1.332174171693623066e-03
5.691500000000217369e+03 1.334682339802384377e-03
5.692400000000217915e+03 1.334906555712223053e-03
5.693300000000217551e+03 1.333014690317213535e-03
5.694200000000217187e+03 1.327481819316744804e-03
5.695100000000217733e+03 1.319249626249074936e-03
5.696000000000218279e+03 1.313296495936810970e-03
5.696900000000217915e+03 1.313972054049372673e-03
5.697800000000217551e+03 1.317724119871854782e-03
5.698700000000218097e+03 1.321010990068316460e-03
5.699600000000218643e+03 1.321199582889676094e-03
5.700500000000218279e+03 1.319069182500243187e-03
5.701400000000217915e+03 1.315909554250538349e-03
5.702300000000218461e+03 1.314033404923975468e-03
5.703200000000219006e+03 1.314327819272875786e-03
5.704100000000218643e+03 1.313671702519059181e-03
5.705000000000218279e+03 1.310537219978868961e-03
5.705900000000218824e+03 1.308086444623768330e-03
5.706800000000219370e+03 1.307490980252623558e-03
5.707700000000219006e+03 1.304909004829823971e-03
5.708600000000218643e+03 1.297776587307453156e-03
5.709500000000219188e+03 1.291759777814149857e-03
5.710400000000219734e+03 1.289857551455497742e-03
5.711300000000219370e+03 1.292218454182147980e-03
5.712200000000219006e+03 1.298989518545567989e-03
5.713100000000219552e+03 1.306650694459676743e-03
5.714000000000220098e+03 1.312168664298951626e-03
5.714900000000219734e+03 1.311952248215675354e-03
5.715800000000219370e+03 1.310488907620310783e-03
5.716700000000219916e+03 1.312285079620778561e-03
5.717600000000220462e+03 1.311918254941701889e-03
5.718500000000220098e+03 1.309211016632616520e-03
5.719400000000219734e+03 1.308568404056131840e-03
5.720300000000220280e+03 1.309048966504633427e-03
5.721200000000220825e+03 1.307701226323843002e-03
5.722100000000220462e+03 1.304723904468119144e-03
5.723000000000220098e+03 1.306401798501610756e-03
5.723900000000220643e+03 1.310576335527002811e-03
5.724800000000221189e+03 1.311450265347957611e-03
5.725700000000220825e+03 1.309887506067752838e-03
5.726600000000220462e+03 1.304843113757669926e-03
5.727500000000221007e+03 1.301220734603703022e-03
5.728400000000221553e+03 1.304200850427150726e-03
5.729300000000221189e+03 1.307275029830634594e-03
5.730200000000220825e+03 1.304560573771595955e-03
5.731100000000221371e+03 1.297751208767294884e-03
5.732000000000221917e+03 1.295284251682460308e-03
5.732900000000221553e+03 1.298585091717541218e-03
5.733800000000221189e+03 1.302807359024882317e-03
5.734700000000221735e+03 1.304828678257763386e-03
5.735600000000222281e+03 1.301695127040147781e-03
5.736500000000221917e+03 1.294124522246420383e-03
5.737400000000221553e+03 1.285834703594446182e-03
5.738300000000222099e+03 1.281148171983659267e-03
5.739200000000222644e+03 1.278005191124975681e-03
5.740100000000222281e+03 1.277647446841001511e-03
5.741000000000221917e+03 1.282664248719811440e-03
5.741900000000222462e+03 1.287694671191275120e-03
5.742800000000223008e+03 1.290466403588652611e-03
5.743700000000222644e+03 1.291408902034163475e-03
5.744600000000222281e+03 1.292376429773867130e-03
5.745500000000222826e+03 1.292450935579836369e-03
5.746400000000223372e+03 1.290127751417458057e-03
5.747300000000223008e+03 1.285653910599648952e-03
5.748200000000222644e+03 1.282992307096719742e-03
5.749100000000223190e+03 1.285151578485965729e-03
5.750000000000223736e+03 1.289411564357578754e-03
5.750900000000223372e+03 1.291694119572639465e-03
5.751800000000223008e+03 1.288161263801157475e-03
5.752700000000223554e+03 1.280313590541481972e-03
5.753600000000224099e+03 1.274027512408792973e-03
5.754500000000223736e+03 1.275874325074255466e-03
5.755400000000223372e+03 1.282686134800314903e-03
5.756300000000223918e+03 1.286579645238816738e-03
5.757200000000224463e+03 1.286997110582888126e-03
5.758100000000224099e+03 1.285446458496153355e-03
5.759000000000223736e+03 1.283947611227631569e-03
5.759900000000224281e+03 1.283295918256044388e-03
5.760800000000224827e+03 1.279840827919542789e-03
5.761700000000224463e+03 1.273977220989763737e-03
5.762600000000224099e+03 1.270032022148370743e-03
5.763500000000224645e+03 1.270221662707626820e-03
5.764400000000225191e+03 1.274173380807042122e-03
5.765300000000224827e+03 1.278303097933530807e-03
5.766200000000224463e+03 1.279362011700868607e-03
5.767100000000225009e+03 1.278108917176723480e-03
5.768000000000225555e+03 1.277209143154323101e-03
5.768900000000225191e+03 1.278534764423966408e-03
5.769800000000224827e+03 1.277013216167688370e-03
5.770700000000225373e+03 1.273742527700960636e-03
5.771600000000225918e+03 1.271609333343803883e-03
5.772500000000225555e+03 1.270893961191177368e-03
5.773400000000225191e+03 1.271079527214169502e-03
5.774300000000225737e+03 1.268795109353959560e-03
5.775200000000226282e+03 1.267482526600360870e-03
5.776100000000225918e+03 1.266727806068956852e-03
5.777000000000225555e+03 1.264928490854799747e-03
5.777900000000226100e+03 1.264406717382371426e-03
5.778800000000226646e+03 1.259142300114035606e-03
5.779700000000226282e+03 1.247226027771830559e-03
5.780600000000225918e+03 1.237410469911992550e-03
5.781500000000226464e+03 1.235701027326285839e-03
5.782400000000227010e+03 1.240668119862675667e-03
5.783300000000226646e+03 1.245528925210237503e-03
5.784200000000226282e+03 1.245453720912337303e-03
5.785100000000226828e+03 1.243226113729178905e-03
5.786000000000227374e+03 1.243950217030942440e-03
5.786900000000227010e+03 1.247876673005521297e-03
5.787800000000226646e+03 1.251814886927604675e-03
5.788700000000227192e+03 1.253849826753139496e-03
5.789600000000227737e+03 1.252072514034807682e-03
5.790500000000227374e+03 1.248228247277438641e-03
5.791400000000227010e+03 1.249134424142539501e-03
5.792300000000227556e+03 1.254976610653102398e-03
5.793200000000228101e+03 1.258724136278033257e-03
5.794100000000227737e+03 1.258424832485616207e-03
5.795000000000227374e+03 1.257379772141575813e-03
5.795900000000227919e+03 1.255509327165782452e-03
5.796800000000228465e+03 1.251575187779963017e-03
5.797700000000228101e+03 1.246975501999258995e-03
5.798600000000227737e+03 1.247466891072690487e-03
5.799500000000228283e+03 1.254581497050821781e-03
5.800400000000228829e+03 1.258518197573721409e-03
5.801300000000228465e+03 1.258827396668493748e-03
5.802200000000228101e+03 1.259830780327320099e-03
5.803100000000228647e+03 1.258654752746224403e-03
5.804000000000229193e+03 1.255631446838378906e-03
5.804900000000228829e+03 1.253886264748871326e-03
5.805800000000228465e+03 1.253683352842926979e-03
5.806700000000229011e+03 1.253595110028982162e-03
5.807600000000229556e+03 1.253435737453401089e-03
5.808500000000229193e+03 1.253052847459912300e-03
5.809400000000228829e+03 1.252144225873053074e-03
5.810300000000229375e+03 1.252502901479601860e-03
5.811200000000229920e+03 1.253623049706220627e-03
5.812100000000229556e+03 1.253836904652416706e-03
5.813000000000229193e+03 1.253781607374548912e-03
5.813900000000229738e+03 1.254501403309404850e-03
5.814800000000230284e+03 1.252864254638552666e-03
5.815700000000229920e+03 1.248526037670671940e-03
5.816600000000229556e+03 1.244932529516518116e-03
5.817500000000230102e+03 1.246165717020630836e-03
5.818400000000230648e+03 1.251208130270242691e-03
5.819300000000230284e+03 1.254000351764261723e-03
5.820200000000229920e+03 1.252963440492749214e-03
5.821100000000230466e+03 1.253332826308906078e-03
5.822000000000231012e+03 1.254057395271956921e-03
5.822900000000230648e+03 1.252549001947045326e-03
5.823800000000230284e+03 1.249955734238028526e-03
5.824700000000230830e+03 1.248331507667899132e-03
5.825600000000231375e+03 1.247803331352770329e-03
5.826500000000231012e+03 1.248445711098611355e-03
5.827400000000230648e+03 1.249359571374952793e-03
5.828300000000231194e+03 1.248291460797190666e-03
5.829200000000231739e+03 1.246740808710455894e-03
5.830100000000231375e+03 1.247166655957698822e-03
5.831000000000231012e+03 1.246853382326662540e-03
5.831900000000231557e+03 1.242207828909158707e-03
5.832800000000232103e+03 1.238241326063871384e-03
5.833700000000231739e+03 1.237662974745035172e-03
5.834600000000231375e+03 1.238542492501437664e-03
5.835500000000231921e+03 1.240513753145933151e-03
5.836400000000232467e+03 1.242823549546301365e-03
5.837300000000232103e+03 1.243815873749554157e-03
5.838200000000231739e+03 1.242263824678957462e-03
5.839100000000232285e+03 1.238273223862051964e-03
5.840000000000232831e+03 1.235846313647925854e-03
5.840900000000232467e+03 1.237487769685685635e-03
5.841800000000232103e+03 1.239843200892210007e-03
5.842700000000232649e+03 1.238794764503836632e-03
5.843600000000233194e+03 1.237177755683660507e-03
5.844500000000232831e+03 1.235608593560755253e-03
5.845400000000232467e+03 1.232125679962337017e-03
5.846300000000233013e+03 1.229052548296749592e-03
5.847200000000233558e+03 1.229129615239799023e-03
5.848100000000233194e+03 1.230098539963364601e-03
5.849000000000232831e+03 1.228779088705778122e-03
5.849900000000233376e+03 1.227736705914139748e-03
5.850800000000233922e+03 1.227039960213005543e-03
5.851700000000233558e+03 1.222409424372017384e-03
5.852600000000233194e+03 1.216849312186241150e-03
5.853500000000233740e+03 1.215509371832013130e-03
5.854400000000234286e+03 1.219333498738706112e-03
5.855300000000233922e+03 1.224270090460777283e-03
5.856200000000233558e+03 1.222636317834258080e-03
5.857100000000234104e+03 1.213520881719887257e-03
5.858000000000234650e+03 1.207937486469745636e-03
5.858900000000234286e+03 1.210846472531557083e-03
5.859800000000233922e+03 1.215628464706242085e-03
5.860700000000234468e+03 1.219351659528911114e-03
5.861600000000235013e+03 1.220448641106486320e-03
5.862500000000234650e+03 1.218874589540064335e-03
5.863400000000234286e+03 1.217342214658856392e-03
5.864300000000234832e+03 1.218034070916473866e-03
5.865200000000235377e+03 1.218829536810517311e-03
5.866100000000235013e+03 1.214461633935570717e-03
5.867000000000234650e+03 1.208011293783783913e-03
5.867900000000235195e+03 1.207262859679758549e-03
5.868800000000235741e+03 1.213200623169541359e-03
5.869700000000235377e+03 1.218802877701818943e-03
5.870600000000235013e+03 1.217506127431988716e-03
5.871500000000235559e+03 1.211119000799953938e-03
5.872400000000236105e+03 1.197747187688946724e-03
5.873300000000235741e+03 1.164819695986807346e-03
5.874200000000235377e+03 1.106890966184437275e-03
5.875100000000235923e+03 1.055914792232215405e-03
5.876000000000236469e+03 1.058852183632552624e-03
5.876900000000236105e+03 1.113646663725376129e-03
5.877800000000235741e+03 1.170109724625945091e-03
5.878700000000236287e+03 1.197351724840700626e-03
5.879600000000236832e+03 1.201897277496755123e-03
5.880500000000236469e+03 1.199785270728170872e-03
5.881400000000236105e+03 1.198592362925410271e-03
5.882300000000236651e+03 1.199592603370547295e-03
5.883200000000237196e+03 1.199796330183744431e-03
5.884100000000236832e+03 1.195094315335154533e-03
5.885000000000236469e+03 1.188693684525787830e-03
5.885900000000237014e+03 1.183271291665732861e-03
5.886800000000237560e+03 1.175437355414032936e-03
5.887700000000237196e+03 1.150931813754141331e-03
5.888600000000236832e+03 1.095920451916754246e-03
5.889500000000237378e+03 1.037457259371876717e-03
5.890400000000237924e+03 1.029240549542009830e-03
5.891300000000237560e+03 1.073762541636824608e-03
5.892200000000237196e+03 1.123770140111446381e-03
5.893100000000237742e+03 1.147445989772677422e-03
5.894000000000238288e+03 1.138313440605998039e-03
5.894900000000237924e+03 1.096827443689107895e-03
5.895800000000237560e+03 1.060126931406557560e-03
5.896700000000238106e+03 1.074520871043205261e-03
5.897600000000238651e+03 1.119962078519165516e-03
5.898500000000238288e+03 1.150451716966927052e-03
5.899400000000237924e+03 1.161702675744891167e-03
5.900300000000238470e+03 1.169083407148718834e-03
5.901200000000239015e+03 1.176330843009054661e-03
5.902100000000238651e+03 1.179482322186231613e-03
5.903000000000238288e+03 1.182193518616259098e-03
5.903900000000238833e+03 1.186698093079030514e-03
5.904800000000239379e+03 1.189345144666731358e-03
5.905700000000239015e+03 1.190427108667790890e-03
5.906600000000238651e+03 1.190891140140593052e-03
5.907500000000239197e+03 1.190389972180128098e-03
5.908400000000239743e+03 1.188855152577161789e-03
5.909300000000239379e+03 1.186973415315151215e-03
5.910200000000239015e+03 1.186756533570587635e-03
5.911100000000239561e+03 1.188071444630622864e-03
5.912000000000240107e+03 1.187959453091025352e-03
5.912900000000239743e+03 1.184269785881042480e-03
5.913800000000239379e+03 1.179539482109248638e-03
5.914700000000239925e+03 1.177415950223803520e-03
5.915600000000240470e+03 1.177229918539524078e-03
5.916500000000240107e+03 1.179590355604887009e-03
5.917400000000239743e+03 1.180755323730409145e-03
5.918300000000240289e+03 1.175996265374124050e-03
5.919200000000240834e+03 1.171337324194610119e-03
5.920100000000240470e+03 1.172190532088279724e-03
5.921000000000240107e+03 1.175230718217790127e-03
5.921900000000240652e+03 1.174928853288292885e-03
5.922800000000241198e+03 1.172786229290068150e-03
5.923700000000240834e+03 1.172654912807047367e-03
5.924600000000240470e+03 1.173919532448053360e-03
5.925500000000241016e+03 1.177196507342159748e-03
5.926400000000241562e+03 1.178786507807672024e-03
5.927300000000241198e+03 1.174985431134700775e-03
5.928200000000240834e+03 1.169712049886584282e-03
5.929100000000241380e+03 1.165957306511700153e-03
5.930000000000241926e+03 1.165141700766980648e-03
5.930900000000241562e+03 1.166371512226760387e-03
5.931800000000241198e+03 1.169286901131272316e-03
5.932700000000241744e+03 1.171841635368764400e-03
5.933600000000242289e+03 1.170616364106535912e-03
5.934500000000241926e+03 1.169100869446992874e-03
5.935400000000241562e+03 1.172552118077874184e-03
5.936300000000242107e+03 1.177654601633548737e-03
5.937200000000242653e+03 1.178531558252871037e-03
5.938100000000242289e+03 1.175362383946776390e-03
5.939000000000241926e+03 1.171695068478584290e-03
5.939900000000242471e+03 1.164323883131146431e-03
5.940800000000243017e+03 1.153903780505061150e-03
5.941700000000242653e+03 1.150390715338289738e-03
5.942600000000242289e+03 1.153835910372436047e-03
5.943500000000242835e+03 1.157161896117031574e-03
5.944400000000243381e+03 1.159208593890070915e-03
5.945300000000243017e+03 1.160533400252461433e-03
5.946200000000242653e+03 1.161876483820378780e-03
5.947100000000243199e+03 1.162096159532666206e-03
5.948000000000243745e+03 1.160492422059178352e-03
5.948900000000243381e+03 1.158429542556405067e-03
5.949800000000243017e+03 1.158414292149245739e-03
5.950700000000243563e+03 1.161661930382251740e-03
5.951600000000244108e+03 1.162796048447489738e-03
5.952500000000243745e+03 1.159148174338042736e-03
5.953400000000243381e+03 1.156627666205167770e-03
5.954300000000243926e+03 1.159577281214296818e-03
5.955200000000244472e+03 1.162503729574382305e-03
5.956100000000244108e+03 1.157393329776823521e-03
5.957000000000243745e+03 1.148402923718094826e-03
5.957900000000244290e+03 1.146840862929821014e-03
5.958800000000244836e+03 1.154812867753207684e-03
5.959700000000244472e+03 1.162416185252368450e-03
5.960600000000244108e+03 1.162908738479018211e-03
5.961500000000244654e+03 1.160898013040423393e-03
5.962400000000245200e+03 1.161883934400975704e-03
5.963300000000244836e+03 1.163568231277167797e-03
5.964200000000244472e+03 1.162302913144230843e-03
5.965100000000245018e+03 1.157553400844335556e-03
5.966000000000245564e+03 1.152985845692455769e-03
5.966900000000245200e+03 1.150935655459761620e-03
5.967800000000244836e+03 1.150463591329753399e-03
5.968700000000245382e+03 1.153136836364865303e-03
5.969600000000245927e+03 1.157176564447581768e-03
5.970500000000245564e+03 1.158753177151083946e-03
5.971400000000245200e+03 1.157715683802962303e-03
5.972300000000245745e+03 1.156211714260280132e-03
5.973200000000246291e+03 1.156019628979265690e-03
5.974100000000245927e+03 1.154872239567339420e-03
5.975000000000245564e+03 1.150323310866951942e-03
5.975900000000246109e+03 1.146376249380409718e-03
5.976800000000246655e+03 1.143750501796603203e-03
5.977700000000246291e+03 1.138161285780370235e-03
5.978600000000245927e+03 1.134124002419412136e-03
5.979500000000246473e+03 1.139478059485554695e-03
5.980400000000247019e+03 1.148028997704386711e-03
5.981300000000246655e+03 1.151796081103384495e-03
5.982200000000246291e+03 1.150051015429198742e-03
5.983100000000246837e+03 1.144466921687126160e-03
5.984000000000247383e+03 1.139938016422092915e-03
5.984900000000247019e+03 1.138955238275229931e-03
5.985800000000246655e+03 1.142864581197500229e-03
5.986700000000247201e+03 1.146389055065810680e-03
5.987600000000247746e+03 1.145490910857915878e-03
5.988500000000247383e+03 1.144031994044780731e-03
5.989400000000247019e+03 1.143650151789188385e-03
5.990300000000247564e+03 1.143113942816853523e-03
5.991200000000248110e+03 1.142830005846917629e-03
5.992100000000247746e+03 1.142444321885704994e-03
5.993000000000247383e+03 1.143219065852463245e-03
5.993900000000247928e+03 1.143535017035901546e-03
5.994800000000248474e+03 1.141659915447235107e-03
5.995700000000248110e+03 1.140080159530043602e-03
5.996600000000247746e+03 1.138814957812428474e-03
5.997500000000248292e+03 1.136344391852617264e-03
5.998400000000248838e+03 1.133626210503280163e-03
5.999300000000248474e+03 1.132670557126402855e-03
6.000200000000248110e+03 1.135420752689242363e-03
6.001100000000248656e+03 1.138854306191205978e-03
6.002000000000249202e+03 1.136358245275914669e-03
6.002900000000248838e+03 1.129919663071632385e-03
6.003800000000248474e+03 1.129643525928258896e-03
6.004700000000249020e+03 1.134789083153009415e-03
6.005600000000249565e+03 1.135137979872524738e-03
6.006500000000249202e+03 1.129898009821772575e-03
6.007400000000248838e+03 1.123414956964552402e-03
6.008300000000249383e+03 1.119434717111289501e-03
6.009200000000249929e+03 1.121484441682696342e-03
6.010100000000249565e+03 1.126577495597302914e-03
6.011000000000249202e+03 1.129604643210768700e-03
6.011900000000249747e+03 1.128278789110481739e-03
6.012800000000250293e+03 1.124872243963181973e-03
6.013700000000249929e+03 1.122380723245441914e-03
6.014600000000249565e+03 1.123486901633441448e-03
6.015500000000250111e+03 1.125044072978198528e-03
6.016400000000250657e+03 1.122196554206311703e-03
6.017300000000250293e+03 1.120582921430468559e-03
6.018200000000249929e+03 1.122258254326879978e-03
6.019100000000250475e+03 1.121145207434892654e-03
6.020000000000251021e+03 1.116906874813139439e-03
6.020900000000250657e+03 1.112931175157427788e-03
6.021800000000250293e+03 1.112366560846567154e-03
6.022700000000250839e+03 1.114986953325569630e-03
6.023600000000251384e+03 1.115313381887972355e-03
6.024500000000251021e+03 1.114215468987822533e-03
6.025400000000250657e+03 1.115241320803761482e-03
6.026300000000251202e+03 1.115816179662942886e-03
6.027200000000251748e+03 1.116638653911650181e-03
6.028100000000251384e+03 1.118529704399406910e-03
6.029000000000251021e+03 1.118790591135621071e-03
6.029900000000251566e+03 1.117463922128081322e-03
6.030800000000252112e+03 1.115410705097019672e-03
6.031700000000251748e+03 1.115412334911525249e-03
6.032600000000251384e+03 1.116962986998260021e-03
6.033500000000251930e+03 1.116891275160014629e-03
6.034400000000252476e+03 1.114790095016360283e-03
6.035300000000252112e+03 1.113745034672319889e-03
6.036200000000251748e+03 1.114261569455265999e-03
6.037100000000252294e+03 1.115054008550941944e-03
6.038000000000252840e+03 1.115399296395480633e-03
6.038900000000252476e+03 1.114032231271266937e-03
6.039800000000252112e+03 1.110886223614215851e-03
6.040700000000252658e+03 1.108585624024271965e-03
6.041600000000253203e+03 1.107541495002806187e-03
6.042500000000252840e+03 1.107808086089789867e-03
6.043400000000252476e+03 1.109244883991777897e-03
6.044300000000253021e+03 1.111727091483771801e-03
6.045200000000253567e+03 1.112759462557733059e-03
6.046100000000253203e+03 1.110177836380898952e-03
6.047000000000252840e+03 1.108156749978661537e-03
6.047900000000253385e+03 1.107894233427941799e-03
6.048800000000253931e+03 1.107853953726589680e-03
6.049700000000253567e+03 1.108710886910557747e-03
6.050600000000253203e+03 1.108461059629917145e-03
6.051500000000253749e+03 1.108151976950466633e-03
6.052400000000254295e+03 1.109614968299865723e-03
6.053300000000253931e+03 1.109975273720920086e-03
6.054200000000253567e+03 1.108313561417162418e-03
6.055100000000254113e+03 1.105571049265563488e-03
6.056000000000254659e+03 1.102033769711852074e-03
6.056900000000254295e+03 1.099609187804162502e-03
6.057800000000253931e+03 1.100513036362826824e-03
6.058700000000254477e+03 1.102512003853917122e-03
6.059600000000255022e+03 1.104010618291795254e-03
6.060500000000254659e+03 1.105113886296749115e-03
6.061400000000254295e+03 1.105069299228489399e-03
6.062300000000254840e+03 1.103474176488816738e-03
6.063200000000255386e+03 1.099737128242850304e-03
6.064100000000255022e+03 1.094570034183561802e-03
6.065000000000254659e+03 1.088992459699511528e-03
6.065900000000255204e+03 1.087978249415755272e-03
6.066800000000255750e+03 1.092732651159167290e-03
6.067700000000255386e+03 1.098877401091158390e-03
6.068600000000255022e+03 1.103261834941804409e-03
6.069500000000255568e+03 1.103491988033056259e-03
6.070400000000256114e+03 1.101101865060627460e-03
6.071300000000255750e+03 1.099668792448937893e-03
6.072200000000255386e+03 1.100163208320736885e-03
6.073100000000255932e+03 1.099380082450807095e-03
6.074000000000256478e+03 1.098754932172596455e-03
6.074900000000256114e+03 1.097774482332170010e-03
6.075800000000255750e+03 1.097276574000716209e-03
6.076700000000256296e+03 1.098703709430992603e-03
6.077600000000256841e+03 1.098495442420244217e-03
6.078500000000256478e+03 1.093901228159666061e-03
6.079400000000256114e+03 1.091422047466039658e-03
6.080300000000256659e+03 1.092438586056232452e-03
6.081200000000257205e+03 1.091319834813475609e-03
6.082100000000256841e+03 1.088534016162157059e-03
6.083000000000256478e+03 1.087991870008409023e-03
6.083900000000257023e+03 1.090730307623744011e-03
6.084800000000257569e+03 1.091809710487723351e-03
6.085700000000257205e+03 1.090176985599100590e-03
6.086600000000256841e+03 1.090684905648231506e-03
6.087500000000257387e+03 1.092258607968688011e-03
6.088400000000257933e+03 1.090610516257584095e-03
6.089300000000257569e+03 1.087237964384257793e-03
6.090200000000257205e+03 1.083413371816277504e-03
6.091100000000257751e+03 1.082755392417311668e-03
6.092000000000258296e+03 1.084719086065888405e-03
6.092900000000257933e+03 1.084880088455975056e-03
6.093800000000257569e+03 1.083250623196363449e-03
6.094700000000258115e+03 1.082227332517504692e-03
6.095600000000258660e+03 1.081144670024514198e-03
6.096500000000258296e+03 1.080629299394786358e-03
6.097400000000257933e+03 1.081994618289172649e-03
6.098300000000258478e+03 1.083543524146080017e-03
6.099200000000259024e+03 1.085772877559065819e-03
6.100100000000258660e+03 1.087555196136236191e-03
6.101000000000258296e+03 1.085540279746055603e-03
6.101900000000258842e+03 1.075467560440301895e-03
6.102800000000259388e+03 1.062752911821007729e-03
6.103700000000259024e+03 1.062337891198694706e-03
6.104600000000258660e+03 1.072548096999526024e-03
6.105500000000259206e+03 1.078738248907029629e-03
6.106400000000259752e+03 1.078781322576105595e-03
6.107300000000259388e+03 1.077347667887806892e-03
6.108200000000259024e+03 1.075913896784186363e-03
6.109100000000259570e+03 1.076339627616107464e-03
6.110000000000260115e+03 1.078051398508250713e-03
6.110900000000259752e+03 1.077823922969400883e-03
6.111800000000259388e+03 1.075224252417683601e-03
6.112700000000259934e+03 1.073460094630718231e-03
6.113600000000260479e+03 1.076210523024201393e-03
6.114500000000260115e+03 1.079245703294873238e-03
6.115400000000259752e+03 1.078382832929491997e-03
6.116300000000260297e+03 1.076104585081338882e-03
6.117200000000260843e+03 1.075085485354065895e-03
6.118100000000260479e+03 1.074701780453324318e-03
6.119000000000260115e+03 1.075958483852446079e-03
6.119900000000260661e+03 1.075581065379083157e-03
6.120800000000261207e+03 1.068514189682900906e-03
6.121700000000260843e+03 1.057429588399827480e-03
6.122600000000260479e+03 1.052521518431603909e-03
6.123500000000261025e+03 1.059128204360604286e-03
6.124400000000261571e+03 1.067386474460363388e-03
6.125300000000261207e+03 1.069870195351541042e-03
6.126200000000260843e+03 1.070809317752718925e-03
6.127100000000261389e+03 1.070673577487468719e-03
6.128000000000261934e+03 1.068220240995287895e-03
6.128900000000261571e+03 1.066101016476750374e-03
6.129800000000261207e+03 1.066952710971236229e-03
6.130700000000261753e+03 1.070279511623084545e-03
6.131600000000262298e+03 1.071693142876029015e-03
6.132500000000261934e+03 1.070255995728075504e-03
6.133400000000261571e+03 1.070156227797269821e-03
6.134300000000262116e+03 1.070475787855684757e-03
6.135200000000262662e+03 1.066682394593954086e-03
6.136100000000262298e+03 1.055650529451668262e-03
6.137000000000261934e+03 1.042780349962413311e-03
6.137900000000262480e+03 1.041558338329195976e-03
6.138800000000263026e+03 1.050834427587687969e-03
6.139700000000262662e+03 1.059760455973446369e-03
6.140600000000262298e+03 1.060574315488338470e-03
6.141500000000262844e+03 1.054107560776174068e-03
6.142400000000263390e+03 1.050475868396461010e-03
6.143300000000263026e+03 1.054638181813061237e-03
6.144200000000262662e+03 1.061320537701249123e-03
6.145100000000263208e+03 1.065210439264774323e-03
6.146000000000263753e+03 1.066327793523669243e-03
6.146900000000263390e+03 1.066139899194240570e-03
6.147800000000263026e+03 1.063093659467995167e-03
6.148700000000263572e+03 1.061028917320072651e-03
6.149600000000264117e+03 1.060819835402071476e-03
6.150500000000263753e+03 1.058542518876492977e-03
6.151400000000263390e+03 1.057216548360884190e-03
6.152300000000263935e+03 1.058791182003915310e-03
6.153200000000264481e+03 1.061133574694395065e-03
6.154100000000264117e+03 1.061405986547470093e-03
6.155000000000263753e+03 1.058980007655918598e-03
6.155900000000264299e+03 1.055852859281003475e-03
6.156800000000264845e+03 1.054324908182024956e-03
6.157700000000264481e+03 1.053770189173519611e-03
6.158600000000264117e+03 1.054413733072578907e-03
6.159500000000264663e+03 1.056382665410637856e-03
6.160400000000265209e+03 1.051480416208505630e-03
6.161300000000264845e+03 1.033997512422502041e-03
6.162200000000264481e+03 1.016895053908228874e-03
6.163100000000265027e+03 1.015120302326977253e-03
6.164000000000265572e+03 1.025439589284360409e-03
6.164900000000265209e+03 1.036739558912813663e-03
6.165800000000264845e+03 1.041312818415462971e-03
6.166700000000265391e+03 1.040901523083448410e-03
6.167600000000265936e+03 1.040740055032074451e-03
6.168500000000265572e+03 1.036920119076967239e-03
6.169400000000265209e+03 1.028042985126376152e-03
6.170300000000265754e+03 1.024662749841809273e-03
6.171200000000266300e+03 1.029966282658278942e-03
6.172100000000265936e+03 1.035908586345613003e-03
6.173000000000265572e+03 1.039262977428734303e-03
6.173900000000266118e+03 1.041691983118653297e-03
6.174800000000266664e+03 1.041523879393935204e-03
6.175700000000266300e+03 1.039253664202988148e-03
6.176600000000265936e+03 1.039834343828260899e-03
6.177500000000266482e+03 1.041839946992695332e-03
6.178400000000267028e+03 1.041968353092670441e-03
6.179300000000266664e+03 1.039818162098526955e-03
6.180200000000266300e+03 1.037126872688531876e-03
6.181100000000266846e+03 1.037328853271901608e-03
6.182000000000267391e+03 1.039606402628123760e-03
6.182900000000267028e+03 1.041811541654169559e-03
6.183800000000266664e+03 1.041687792167067528e-03
6.184700000000267210e+03 1.039865892380475998e-03
6.185600000000267755e+03 1.037318841554224491e-03
6.186500000000267391e+03 1.035103923641145229e-03
6.187400000000267028e+03 1.034640357829630375e-03
6.188300000000267573e+03 1.033883541822433472e-03
6.189200000000268119e+03 1.033028936944901943e-03
6.190100000000267755e+03 1.031156396493315697e-03
6.191000000000267391e+03 1.025050063617527485e-03
6.191900000000267937e+03 1.020485535264015198e-03
6.192800000000268483e+03 1.024156808853149414e-03
6.193700000000268119e+03 1.031827065162360668e-03
6.194600000000267755e+03 1.033939654007554054e-03
6.195500000000268301e+03 1.031946158036589622e-03
6.196400000000268847e+03 1.032710308209061623e-03
6.197300000000268483e+03 1.034814631566405296e-03
6.198200000000268119e+03 1.035022083669900894e-03
6.199100000000268665e+03 1.030346960760653019e-03
6.200000000000269210e+03 1.024353201501071453e-03
6.200900000000268847e+03 1.024337136186659336e-03
6.201800000000268483e+03 1.027649035677313805e-03
6.202700000000269029e+03 1.029210863634943962e-03
6.203600000000269574e+03 1.030243118293583393e-03
6.204500000000269210e+03 1.030634390190243721e-03
6.205400000000268847e+03 1.028538797982037067e-03
6.206300000000269392e+03 1.027802354656159878e-03
6.207200000000269938e+03 1.029330072924494743e-03
6.208100000000269574e+03 1.030164305120706558e-03
6.209000000000269210e+03 1.030889805406332016e-03
6.209900000000269756e+03 1.031653140671551228e-03
6.210800000000270302e+03 1.029120059683918953e-03
6.211700000000269938e+03 1.026629586704075336e-03
6.212600000000269574e+03 1.025109901092946529e-03
6.213500000000270120e+03 1.020236522890627384e-03
6.214400000000270666e+03 1.016664784401655197e-03
6.215300000000270302e+03 1.017002388834953308e-03
6.216200000000269938e+03 1.017758972011506557e-03
6.217100000000270484e+03 1.019291579723358154e-03
6.218000000000271029e+03 1.020651543512940407e-03
6.218900000000270666e+03 1.020009745843708515e-03
6.219800000000270302e+03 1.018407638184726238e-03
6.220700000000270848e+03 1.017708913423120975e-03
6.221600000000271393e+03 1.018254552036523819e-03
6.222500000000271029e+03 1.020849216729402542e-03
6.223400000000270666e+03 1.023435266688466072e-03
6.224300000000271211e+03 1.023649703711271286e-03
6.225200000000271757e+03 1.023407327011227608e-03
6.226100000000271393e+03 1.022765063680708408e-03
6.227000000000271029e+03 1.021536765620112419e-03
6.227900000000271575e+03 1.021246658638119698e-03
6.228800000000272121e+03 1.021282980218529701e-03
6.229700000000271757e+03 1.018073293380439281e-03
6.230600000000271393e+03 1.010777661576867104e-03
6.231500000000271939e+03 1.007200800813734531e-03
6.232400000000272485e+03 1.010142383165657520e-03
6.233300000000272121e+03 1.013974426314234734e-03
6.234200000000271757e+03 1.017250120639801025e-03
6.235100000000272303e+03 1.021365402266383171e-03
6.236000000000272848e+03 1.023951685056090355e-03
6.236900000000272485e+03 1.022914773784577847e-03
6.237800000000272121e+03 1.019976451061666012e-03
6.238700000000272667e+03 1.017407397739589214e-03
6.239600000000273212e+03 1.014248817227780819e-03
6.240500000000272848e+03 1.011201296932995319e-03
6.241400000000272485e+03 1.010996755212545395e-03
6.242300000000273030e+03 1.010047039017081261e-03
6.243200000000273576e+03 1.006751670502126217e-03
6.244100000000273212e+03 1.007503364235162735e-03
6.245000000000272848e+03 1.010486157611012459e-03
6.245900000000273394e+03 1.008716528303921223e-03
6.246800000000273940e+03 1.006270409561693668e-03
6.247700000000273576e+03 1.008590683341026306e-03
6.248600000000273212e+03 1.014026347547769547e-03
6.249500000000273758e+03 1.015517278574407101e-03
6.250400000000274304e+03 1.012890832498669624e-03
6.251300000000273940e+03 1.009082072414457798e-03
6.252200000000273576e+03 1.001760247163474560e-03
6.253100000000274122e+03 9.942041942849755287e-04
6.254000000000274667e+03 9.933048859238624573e-04
6.254900000000274304e+03 9.973697597160935402e-04
6.255800000000273940e+03 9.998275199905037880e-04
6.256700000000274486e+03 9.983645286411046982e-04
6.257600000000275031e+03 9.941966272890567780e-04
6.258500000000274667e+03 9.898220887407660484e-04
6.259400000000274304e+03 9.884329047054052353e-04
6.260300000000274849e+03 9.923058096319437027e-04
6.261200000000275395e+03 9.960823226720094681e-04
6.262100000000275031e+03 9.993942221626639366e-04
6.263000000000274667e+03 1.003257581032812595e-03
6.263900000000275213e+03 1.003100886009633541e-03
6.264800000000275759e+03 9.975301800295710564e-04
6.265700000000275395e+03 9.921670425683259964e-04
6.266600000000275031e+03 9.925890481099486351e-04
6.267500000000275577e+03 9.968096856027841568e-04
6.268400000000276123e+03 9.976357687264680862e-04
6.269300000000275759e+03 9.948806837201118469e-04
6.270200000000275395e+03 9.949054801836609840e-04
6.271100000000275941e+03 9.963064221665263176e-04
6.272000000000276486e+03 9.972674306482076645e-04
6.272900000000276123e+03 9.975701104849576950e-04
6.273800000000275759e+03 9.977567242458462715e-04
6.274700000000276304e+03 9.979197056964039803e-04
6.275600000000276850e+03 9.974412387236952782e-04
6.276500000000276486e+03 9.940612362697720528e-04
6.277400000000276123e+03 9.875518735498189926e-04
6.278300000000276668e+03 9.856959804892539978e-04
6.279200000000277214e+03 9.889669017866253853e-04
6.280100000000276850e+03 9.879247518256306648e-04
6.281000000000276486e+03 9.825800079852342606e-04
6.281900000000277032e+03 9.795480873435735703e-04
6.282800000000277578e+03 9.784618159756064415e-04
6.283700000000277214e+03 9.781015105545520782e-04
6.284600000000276850e+03 9.785087313503026962e-04
6.285500000000277396e+03 9.795746300369501114e-04
6.286400000000277942e+03 9.831920033320784569e-04
6.287300000000277578e+03 9.877185802906751633e-04
6.288200000000277214e+03 9.909750660881400108e-04
6.289100000000277760e+03 9.925476042553782463e-04
6.290000000000278305e+03 9.918306022882461548e-04
6.290900000000277942e+03 9.901496814563870430e-04
6.291800000000277578e+03 9.893871610984206200e-04
6.292700000000278123e+03 9.887907654047012329e-04
6.293600000000278669e+03 9.873833041638135910e-04
6.294500000000278305e+03 9.852949297055602074e-04
6.295400000000277942e+03 9.843002771958708763e-04
6.296300000000278487e+03 9.837388060986995697e-04
6.297200000000279033e+03 9.824347216635942459e-04
6.298100000000278669e+03 9.810865158215165138e-04
6.299000000000278305e+03 9.796129306778311729e-04
6.299900000000278851e+03 9.800418047234416008e-04
6.300800000000279397e+03 9.788416791707277298e-04
6.301700000000279033e+03 9.740200475789606571e-04
6.302600000000278669e+03 9.728753357194364071e-04
6.303500000000279215e+03 9.761113324202597141e-04
6.304400000000279761e+03 9.768905583769083023e-04
6.305300000000279397e+03 9.740716195665299892e-04
6.306200000000279033e+03 9.735063067637383938e-04
6.307100000000279579e+03 9.777790401130914688e-04
6.308000000000280124e+03 9.821093408390879631e-04
6.308900000000279761e+03 9.823084110394120216e-04
6.309800000000279397e+03 9.792122291401028633e-04
6.310700000000279942e+03 9.761646506376564503e-04
6.311600000000280488e+03 9.743007249198853970e-04
6.312500000000280124e+03 9.727560100145637989e-04
6.313400000000279761e+03 9.730103774927556515e-04
6.314300000000280306e+03 9.744950802996754646e-04
6.315200000000280852e+03 9.733673068694770336e-04
6.316100000000280488e+03 9.728369186632335186e-04
6.317000000000280124e+03 9.725475683808326721e-04
6.317900000000280670e+03 9.685992263257503510e-04
6.318800000000281216e+03 9.654242312535643578e-04
6.319700000000280852e+03 9.681872907094657421e-04
6.320600000000280488e+03 9.742998518049716949e-04
6.321500000000281034e+03 9.772692574188113213e-04
6.322400000000281580e+03 9.750388562679290771e-04
6.323300000000281216e+03 9.724314440973103046e-04
6.324200000000280852e+03 9.739974630065262318e-04
6.325100000000281398e+03 9.767115116119384766e-04
6.326000000000281943e+03 9.774356149137020111e-04
6.326900000000281580e+03 9.747165022417902946e-04
6.327800000000281216e+03 9.725372656248509884e-04
6.328700000000281761e+03 9.740088717080652714e-04
6.329600000000282307e+03 9.743216796778142452e-04
6.330500000000281943e+03 9.716609492897987366e-04
6.331400000000281580e+03 9.694561595097184181e-04
6.332300000000282125e+03 9.682991076260805130e-04
6.333200000000282671e+03 9.657592163421213627e-04
6.334100000000282307e+03 9.621270583011209965e-04
6.335000000000281943e+03 9.589988039806485176e-04
6.335900000000282489e+03 9.552084375172853470e-04
6.336800000000283035e+03 9.546540677547454834e-04
6.337700000000282671e+03 9.590670233592391014e-04
6.338600000000282307e+03 9.622295037843286991e-04
6.339500000000282853e+03 9.619088959880173206e-04
6.340400000000283399e+03 9.620697819627821445e-04
6.341300000000283035e+03 9.626469109207391739e-04
6.342200000000282671e+03 9.614922455511987209e-04
6.343100000000283217e+03 9.592016576789319515e-04
6.344000000000283762e+03 9.550557006150484085e-04
6.344900000000283399e+03 9.451973601244390011e-04
6.345800000000283035e+03 9.284952539019286633e-04
6.346700000000283580e+03 9.144123177975416183e-04
6.347600000000284126e+03 9.189553675241768360e-04
6.348500000000283762e+03 9.377427049912512302e-04
6.349400000000283399e+03 9.503837791271507740e-04
6.350300000000283944e+03 9.546001674607396126e-04
6.351200000000284490e+03 9.554959833621978760e-04
6.352100000000284126e+03 9.537939331494271755e-04
6.353000000000283762e+03 9.517797152511775494e-04
6.353900000000284308e+03 9.514377452433109283e-04
6.354800000000284854e+03 9.512993274256587029e-04
6.355700000000284490e+03 9.512929245829582214e-04
6.356600000000284126e+03 9.513592231087386608e-04
6.357500000000284672e+03 9.489492513239383698e-04
6.358400000000285218e+03 9.452567901462316513e-04
6.359300000000284854e+03 9.438729612156748772e-04
6.360200000000284490e+03 9.458289132453501225e-04
6.361100000000285036e+03 9.469704236835241318e-04
6.362000000000285581e+03 9.435985703021287918e-04
6.362900000000285218e+03 9.390164632350206375e-04
6.363800000000284854e+03 9.379805414937436581e-04
6.364700000000285399e+03 9.402112918905913830e-04
6.365600000000285945e+03 9.436612599529325962e-04
6.366500000000285581e+03 9.457641281187534332e-04
6.367400000000285218e+03 9.459088323637843132e-04
6.368300000000285763e+03 9.450413635931909084e-04
6.369200000000286309e+03 9.410175844095647335e-04
6.370100000000285945e+03 9.294823976233601570e-04
6.371000000000285581e+03 9.168846299871802330e-04
6.371900000000286127e+03 9.196805185638368130e-04
6.372800000000286673e+03 9.346569422632455826e-04
6.373700000000286309e+03 9.450302459299564362e-04
6.374600000000285945e+03 9.478344582021236420e-04
6.375500000000286491e+03 9.470920194871723652e-04
6.376400000000287037e+03 9.459558641538023949e-04
6.377300000000286673e+03 9.444954339414834976e-04
6.378200000000286309e+03 9.410245693288743496e-04
6.379100000000286855e+03 9.385193698108196259e-04
6.380000000000287400e+03 9.388087783008813858e-04
6.380900000000287037e+03 9.389296756125986576e-04
6.381800000000286673e+03 9.360140538774430752e-04
6.382700000000287218e+03 9.340677061118185520e-04
6.383600000000287764e+03 9.364670841023325920e-04
6.384500000000287400e+03 9.393661166541278362e-04
6.385400000000287037e+03 9.401784045621752739e-04
6.386300000000287582e+03 9.403487201780080795e-04
6.387200000000288128e+03 9.403788135387003422e-04
6.388100000000287764e+03 9.398656548000872135e-04
6.389000000000287400e+03 9.395218803547322750e-04
6.389900000000287946e+03 9.406629251316189766e-04
6.390800000000288492e+03 9.409084450453519821e-04
6.391700000000288128e+03 9.377006790600717068e-04
6.392600000000287764e+03 9.300910751335322857e-04
6.393500000000288310e+03 9.240643703378736973e-04
6.394400000000288856e+03 9.268685826100409031e-04
6.395300000000288492e+03 9.339897078461945057e-04
6.396200000000288128e+03 9.359921095892786980e-04
6.397100000000288674e+03 9.331261971965432167e-04
6.398000000000289219e+03 9.317007497884333134e-04
6.398900000000288856e+03 9.288387955166399479e-04
6.399800000000288492e+03 9.204843081533908844e-04
6.400700000000289037e+03 9.143042843788862228e-04
6.401600000000289583e+03 9.151850244961678982e-04
6.402500000000289219e+03 9.208528208546340466e-04
6.403400000000288856e+03 9.290152811445295811e-04
6.404300000000289401e+03 9.345186408609151840e-04
6.405200000000289947e+03 9.357784874737262726e-04
6.406100000000289583e+03 9.332093177363276482e-04
6.407000000000289219e+03 9.305207058787345886e-04
6.407900000000289765e+03 9.278169018216431141e-04
6.408800000000290311e+03 9.267352870665490627e-04
6.409700000000289947e+03 9.294106857851147652e-04
6.410600000000289583e+03 9.293529437854886055e-04
6.411500000000290129e+03 9.242515079677104950e-04
6.412400000000290675e+03 9.235193720087409019e-04
6.413300000000290311e+03 9.271488524973392487e-04
6.414200000000289947e+03 9.279597434215247631e-04
6.415100000000290493e+03 9.274415788240730762e-04
6.416000000000291038e+03 9.286517160944640636e-04
6.416900000000290675e+03 9.306988213211297989e-04
6.417800000000290311e+03 9.311269968748092651e-04
6.418700000000290856e+03 9.299390367232263088e-04
6.419600000000291402e+03 9.259211947210133076e-04
6.420500000000291038e+03 9.209624258801341057e-04
6.421400000000290675e+03 9.199992055073380470e-04
6.422300000000291220e+03 9.248081478290259838e-04
6.423200000000291766e+03 9.309173328801989555e-04
6.424100000000291402e+03 9.334528003819286823e-04
6.425000000000291038e+03 9.325004648417234421e-04
6.425900000000291584e+03 9.314286871813237667e-04
6.426800000000292130e+03 9.307545260526239872e-04
6.427700000000291766e+03 9.293987532146275043e-04
6.428600000000291402e+03 9.280387312173843384e-04
6.429500000000291948e+03 9.249879512935876846e-04
6.430400000000292493e+03 9.200078202411532402e-04
6.431300000000292130e+03 9.171225829049944878e-04
6.432200000000291766e+03 9.183362126350402832e-04
6.433100000000292312e+03 9.215258760377764702e-04
6.434000000000292857e+03 9.245841065421700478e-04
6.434900000000292493e+03 9.270925656892359257e-04
6.435800000000292130e+03 9.268216672353446484e-04
6.436700000000292675e+03 9.240353247150778770e-04
6.437600000000293221e+03 9.192372672259807587e-04
6.438500000000292857e+03 9.104305063374340534e-04
6.439400000000292493e+03 9.045327315106987953e-04
6.440300000000293039e+03 9.083772893063724041e-04
6.441200000000293585e+03 9.159095352515578270e-04
6.442100000000293221e+03 9.195710881613194942e-04
6.443000000000292857e+03 9.192744619213044643e-04
6.443900000000293403e+03 9.174246224574744701e-04
6.444800000000293949e+03 9.163978393189609051e-04
6.445700000000293585e+03 9.171398705802857876e-04
6.446600000000293221e+03 9.179114713333547115e-04
6.447500000000293767e+03 9.186658426187932491e-04
6.448400000000294312e+03 9.167363168671727180e-04
6.449300000000293949e+03 9.095008717849850655e-04
6.450200000000293585e+03 9.029008215293288231e-04
6.451100000000294131e+03 9.040744043886661530e-04
6.452000000000294676e+03 9.087020880542695522e-04
6.452900000000294312e+03 9.103813790716230869e-04
6.453800000000293949e+03 9.098564623855054379e-04
6.454700000000294494e+03 9.069842635653913021e-04
6.455600000000295040e+03 9.005923056975007057e-04
6.456500000000294676e+03 8.982651052065193653e-04
6.457400000000294312e+03 9.023449965752661228e-04
6.458300000000294858e+03 9.064671467058360577e-04
6.459200000000295404e+03 9.092133841477334499e-04
6.460100000000295040e+03 9.083261829800903797e-04
6.461000000000294676e+03 9.023137972690165043e-04
6.461900000000295222e+03 8.932441705837845802e-04
6.462800000000295768e+03 8.857477223500609398e-04
6.463700000000295404e+03 8.885162533260881901e-04
6.464600000000295040e+03 8.972614305093884468e-04
6.465500000000295586e+03 9.013793314807116985e-04
6.466400000000296131e+03 9.030638611875474453e-04
6.467300000000295768e+03 9.047951898537576199e-04
6.468200000000295404e+03 9.033459937199950218e-04
6.469100000000295950e+03 8.998663397505879402e-04
6.470000000000296495e+03 8.984735468402504921e-04
6.470900000000296131e+03 8.977457764558494091e-04
6.471800000000295768e+03 8.956389501690864563e-04
6.472700000000296313e+03 8.960933191701769829e-04
6.473600000000296859e+03 8.981587598100304604e-04
6.474500000000296495e+03 8.968433248810470104e-04
6.475400000000296131e+03 8.926206501200795174e-04
6.476300000000296677e+03 8.913328056223690510e-04
6.477200000000297223e+03 8.944197325035929680e-04
6.478100000000296859e+03 8.963804575614631176e-04
6.479000000000296495e+03 8.953586220741271973e-04
6.479900000000297041e+03 8.922450360842049122e-04
6.480800000000297587e+03 8.851536549627780914e-04
6.481700000000297223e+03 8.754466543905436993e-04
6.482600000000296859e+03 8.723260252736508846e-04
6.483500000000297405e+03 8.769393316470086575e-04
6.484400000000297950e+03 8.830383885651826859e-04
6.485300000000297587e+03 8.869682787917554379e-04
6.486200000000297223e+03 8.878313237801194191e-04
6.487100000000297769e+03 8.868860313668847084e-04
6.488000000000298314e+03 8.858718792907893658e-04
6.488900000000297950e+03 8.851896272972226143e-04
6.489800000000297587e+03 8.838741923682391644e-04
6.490700000000298132e+03 8.816951885819435120e-04
6.491600000000298678e+03 8.801085641607642174e-04
6.492500000000298314e+03 8.781851502135396004e-04
6.493400000000297950e+03 8.718349272385239601e-04
6.494300000000298496e+03 8.623349713161587715e-04
6.495200000000299042e+03 8.560511050745844841e-04
6.496100000000298678e+03 8.571969810873270035e-04
6.497000000000298314e+03 8.621399174444377422e-04
6.497900000000298860e+03 8.675868739373981953e-04
6.498800000000299406e+03 8.710460388101637363e-04
6.499700000000299042e+03 8.718326571397483349e-04
6.500600000000298678e+03 8.740719058550894260e-04
6.501500000000299224e+03 8.782836957834661007e-04
6.502400000000299769e+03 8.800552459433674812e-04
6.503300000000299406e+03 8.783293305896222591e-04
6.504200000000299042e+03 8.756096358411014080e-04
6.505100000000299588e+03 8.734239381738007069e-04
6.506000000000300133e+03 8.714072755537927151e-04
6.506900000000299769e+03 8.712399285286664963e-04
6.507800000000299406e+03 8.716677548363804817e-04
6.508700000000299951e+03 8.733555441722273827e-04
6.509600000000300497e+03 8.762573124840855598e-04
6.510500000000300133e+03 8.762641809880733490e-04
6.511400000000299769e+03 8.743508951738476753e-04
6.512300000000300315e+03 8.737880270928144455e-04
6.513200000000300861e+03 8.734590373933315277e-04
6.514100000000300497e+03 8.717909804545342922e-04
6.515000000000300133e+03 8.677329751662909985e-04
6.515900000000300679e+03 8.619834552519023418e-04
6.516800000000301225e+03 8.586430340074002743e-04
6.517700000000300861e+03 8.591443765908479691e-04
6.518600000000300497e+03 8.608067291788756847e-04
6.519500000000301043e+03 8.626845083199441433e-04
6.520400000000301588e+03 8.646753849461674690e-04
6.521300000000301225e+03 8.663726621307432652e-04
6.522200000000300861e+03 8.664950728416442871e-04
6.523100000000301407e+03 8.648358052596449852e-04
6.524000000000301952e+03 8.624929469078779221e-04
6.524900000000301588e+03 8.623769972473382950e-04
6.525800000000301225e+03 8.626285125501453876e-04
6.526700000000301770e+03 8.611845551058650017e-04
6.527600000000302316e+03 8.590093348175287247e-04
6.528500000000301952e+03 8.593341335654258728e-04
6.529400000000301588e+03 8.607897325418889523e-04
6.530300000000302134e+03 8.595323888584971428e-04
6.531200000000302680e+03 8.549999911338090897e-04
6.532100000000302316e+03 8.501632255502045155e-04
6.533000000000301952e+03 8.480144315399229527e-04
6.533900000000302498e+03 8.484374848194420338e-04
6.534800000000303044e+03 8.501326083205640316e-04
6.535700000000302680e+03 8.521850686520338058e-04
6.536600000000302316e+03 8.518560207448899746e-04
6.537500000000302862e+03 8.505005389451980591e-04
6.538400000000303407e+03 8.501632255502045155e-04
6.539300000000303044e+03 8.504370343871414661e-04
6.540200000000302680e+03 8.503291173838078976e-04
6.541100000000303226e+03 8.488833555020391941e-04
6.542000000000303771e+03 8.458341471850872040e-04
6.542900000000303407e+03 8.404077962040901184e-04
6.543800000000303044e+03 8.358976920135319233e-04
6.544700000000303589e+03 8.326153038069605827e-04
6.545600000000304135e+03 8.268129313364624977e-04
6.546500000000303771e+03 8.223526529036462307e-04
6.547400000000303407e+03 8.226991631090641022e-04
6.548300000000303953e+03 8.237045840360224247e-04
6.549200000000304499e+03 8.233175612986087799e-04
6.550100000000304135e+03 8.207525243051350117e-04
6.551000000000303771e+03 8.148914203047752380e-04
6.551900000000304317e+03 8.079851395450532436e-04
6.552800000000304863e+03 8.020341629162430763e-04
6.553700000000304499e+03 7.960160728543996811e-04
6.554600000000304135e+03 7.885866798460483551e-04
6.555500000000304681e+03 7.804204942658543587e-04
6.556400000000305226e+03 7.719449349679052830e-04
6.557300000000304863e+03 7.632275228388607502e-04
6.558200000000304499e+03 7.526170811615884304e-04
6.559100000000305045e+03 7.370657403953373432e-04
6.560000000000305590e+03 7.106335251592099667e-04
6.560900000000305226e+03 6.592264981009066105e-04
6.561800000000304863e+03 5.871535977348685265e-04
6.562700000000305408e+03 5.449097370728850365e-04
6.563600000000305954e+03 5.784668610431253910e-04
6.564500000000305590e+03 6.534826825372874737e-04
6.565400000000305226e+03 7.095219916664063931e-04
6.566300000000305772e+03 7.369695813395082951e-04
6.567200000000306318e+03 7.517174235545098782e-04
6.568100000000305954e+03 7.616963703185319901e-04
6.569000000000305590e+03 7.689364138059318066e-04
6.569900000000306136e+03 7.750749937258660793e-04
6.570800000000306682e+03 7.823599153198301792e-04
6.571700000000306318e+03 7.885288214311003685e-04
6.572600000000305954e+03 7.907603867352008820e-04
6.573500000000306500e+03 7.914951420389115810e-04
6.574400000000307045e+03 7.945775869302451611e-04
6.575300000000306682e+03 7.975230109877884388e-04
6.576200000000306318e+03 7.948835263960063457e-04
6.577100000000306864e+03 7.858975441195070744e-04
6.578000000000307409e+03 7.822673651389777660e-04
6.578900000000307045e+03 7.935140165500342846e-04
6.579800000000306682e+03 8.088286267593502998e-04
6.580700000000307227e+03 8.125192252919077873e-04
6.581600000000307773e+03 8.044170099310576916e-04
6.582500000000307409e+03 7.969713187776505947e-04
6.583400000000307045e+03 8.021066896617412567e-04
6.584300000000307591e+03 8.146918262355029583e-04
6.585200000000308137e+03 8.231921819970011711e-04
6.586100000000307773e+03 8.252914412878453732e-04
6.587000000000307409e+03 8.240677998401224613e-04
6.587900000000307955e+03 8.244821801781654358e-04
6.588800000000308501e+03 8.264731150120496750e-04
6.589700000000308137e+03 8.275594445876777172e-04
6.590600000000307773e+03 8.259644964709877968e-04
6.591500000000308319e+03 8.224867051467299461e-04
6.592400000000308864e+03 8.171429508365690708e-04
6.593300000000308501e+03 8.131082286126911640e-04
6.594200000000308137e+03 8.136884425766766071e-04
6.595100000000308683e+03 8.176062256097793579e-04
6.596000000000309228e+03 8.226028876379132271e-04
6.596900000000308864e+03 8.251550607383251190e-04
6.597800000000308501e+03 8.242898038588464260e-04
6.598700000000309046e+03 8.217589347623288631e-04
6.599600000000309592e+03 8.211827953346073627e-04
6.600500000000309228e+03 8.232896798290312290e-04
6.601400000000308864e+03 8.260550093837082386e-04
6.602300000000309410e+03 8.274461142718791962e-04
6.603200000000309956e+03 8.275063009932637215e-04
6.604100000000309592e+03 8.266320801340043545e-04
6.605000000000309228e+03 8.257550070993602276e-04
6.605900000000309774e+03 8.261073962785303593e-04
6.606800000000310320e+03 8.265755604952573776e-04
6.607700000000309956e+03 8.262158371508121490e-04
6.608600000000309592e+03 8.241899195127189159e-04
6.609500000000310138e+03 8.202837780117988586e-04
6.610400000000310683e+03 8.194058318622410297e-04
6.611300000000310320e+03 8.216826827265322208e-04
6.612200000000309956e+03 8.210738888010382652e-04
6.613100000000310501e+03 8.190657827071845531e-04
6.614000000000311047e+03 8.197770221158862114e-04
6.614900000000310683e+03 8.232084219343960285e-04
6.615800000000310320e+03 8.270604885183274746e-04
6.616700000000310865e+03 8.275604341179132462e-04
6.617600000000311411e+03 8.246902725659310818e-04
6.618500000000311047e+03 8.234827546402812004e-04
6.619400000000310683e+03 8.237790316343307495e-04
6.620300000000311229e+03 8.234416600316762924e-04
6.621200000000311775e+03 8.227556827478110790e-04
6.622100000000311411e+03 8.226495701819658279e-04
6.623000000000311047e+03 8.225526544265449047e-04
6.623900000000311593e+03 8.216833812184631824e-04
6.624800000000312139e+03 8.198258583433926105e-04
6.625700000000311775e+03 8.189289947040379047e-04
6.626600000000311411e+03 8.198160212486982346e-04
6.627500000000311957e+03 8.206492057070136070e-04
6.628400000000312502e+03 8.200166630558669567e-04
6.629300000000312139e+03 8.191020460799336433e-04
6.630200000000311775e+03 8.183053578250110149e-04
6.631100000000312320e+03 8.172591333277523518e-04
6.632000000000312866e+03 8.157280972227454185e-04
6.632900000000312502e+03 8.152294321916997433e-04
6.633800000000312139e+03 8.149585337378084660e-04
6.634700000000312684e+03 8.151732617989182472e-04
6.635600000000313230e+03 8.165459730662405491e-04
6.636500000000312866e+03 8.184998296201229095e-04
6.637400000000312502e+03 8.196188719011843204e-04
6.638300000000313048e+03 8.193285902962088585e-04
6.639200000000313594e+03 8.190268999896943569e-04
6.640100000000313230e+03 8.175419643521308899e-04
6.641000000000312866e+03 8.159287390299141407e-04
6.641900000000313412e+03 8.150516659952700138e-04
6.642800000000313958e+03 8.141216821968555450e-04
6.643700000000313594e+03 8.131909999065101147e-04
6.644600000000313230e+03 8.130992646329104900e-04
6.645500000000313776e+03 8.142367005348205566e-04
6.646400000000314321e+03 8.164809551090002060e-04
6.647300000000313958e+03 8.177206036634743214e-04
6.648200000000313594e+03 8.173591340892016888e-04
6.649100000000314139e+03 8.160779252648353577e-04
6.650000000000314685e+03 8.149326313287019730e-04
6.650900000000314321e+03 8.141575381159782410e-04
6.651800000000313958e+03 8.136811084114015102e-04
6.652700000000314503e+03 8.124147425405681133e-04
6.653600000000315049e+03 8.129849447868764400e-04
6.654500000000314685e+03 8.152035297825932503e-04
6.655400000000314321e+03 8.149531204253435135e-04
6.656300000000314867e+03 8.128089248202741146e-04
6.657200000000315413e+03 8.117865654639899731e-04
6.658100000000315049e+03 8.120764396153390408e-04
6.659000000000314685e+03 8.120065904222428799e-04
6.659900000000315231e+03 8.091446943581104279e-04
6.660800000000315777e+03 8.050437318161129951e-04
6.661700000000315413e+03 8.036942454054951668e-04
6.662600000000315049e+03 8.043234702199697495e-04
6.663500000000315595e+03 8.033563499338924885e-04
6.664400000000316140e+03 8.021894609555602074e-04
6.665300000000315777e+03 8.040165412239730358e-04
6.666200000000315413e+03 8.064077701419591904e-04
6.667100000000315958e+03 8.061923435889184475e-04
6.668000000000316504e+03 8.043362759053707123e-04
6.668900000000316140e+03 8.044003625400364399e-04
6.669800000000315777e+03 8.064261637628078461e-04
6.670700000000316322e+03 8.064639405347406864e-04
6.671600000000316868e+03 8.033702033571898937e-04
6.672500000000316504e+03 8.015345665626227856e-04
6.673400000000316140e+03 8.018446387723088264e-04
6.674300000000316686e+03 8.014724007807672024e-04
6.675200000000317232e+03 7.955059409141540527e-04
6.676100000000316868e+03 7.731589139439165592e-04
6.677000000000316504e+03 7.326233317144215107e-04
6.677900000000317050e+03 7.021573255769908428e-04
6.678800000000317596e+03 7.134260958991944790e-04
6.679700000000317232e+03 7.532601011916995049e-04
6.680600000000316868e+03 7.845758809708058834e-04
6.681500000000317414e+03 7.968728896230459213e-04
6.682400000000317959e+03 7.995225023478269577e-04
6.683300000000317596e+03 7.997439824976027012e-04
6.684200000000317232e+03 7.997418288141489029e-04
6.685100000000317777e+03 8.003343828022480011e-04
6.686000000000318323e+03 8.004008559510111809e-04
6.686900000000317959e+03 7.997759385034441948e-04
6.687800000000317596e+03 7.993066683411598206e-04
6.688700000000318141e+03 7.993085891939699650e-04
6.689600000000318687e+03 7.999509107321500778e-04
6.690500000000318323e+03 8.011573227122426033e-04
6.691400000000317959e+03 8.010956807993352413e-04
6.692300000000318505e+03 7.982825627550482750e-04
6.693200000000319051e+03 7.958944770507514477e-04
6.694100000000318687e+03 7.959538488648831844e-04
6.695000000000318323e+03 7.960321963764727116e-04
6.695900000000318869e+03 7.944832905195653439e-04
6.696800000000319415e+03 7.937482441775500774e-04
6.697700000000319051e+03 7.935388712212443352e-04
6.698600000000318687e+03 7.923658122308552265e-04
6.699500000000319233e+03 7.919765776023268700e-04
6.700400000000319778e+03 7.926662219688296318e-04
6.701300000000319415e+03 7.931243162602186203e-04
6.702200000000319051e+03 7.926935213617980480e-04
6.703100000000319596e+03 7.920748903416097164e-04
6.704000000000320142e+03 7.913493318483233452e-04
6.704900000000319778e+03 7.906060782261192799e-04
6.705800000000319415e+03 7.915160967968404293e-04
6.706700000000319960e+03 7.937239715829491615e-04
6.707600000000320506e+03 7.945551187731325626e-04
6.708500000000320142e+03 7.933576125651597977e-04
6.709400000000319778e+03 7.916952599771320820e-04
6.710300000000320324e+03 7.911341963335871696e-04
6.711200000000320870e+03 7.914228481240570545e-04
6.712100000000320506e+03 7.898550829850137234e-04
6.713000000000320142e+03 7.875664741732180119e-04
6.713900000000320688e+03 7.867340464144945145e-04
6.714800000000321234e+03 7.860838668420910835e-04
6.715700000000320870e+03 7.839900790713727474e-04
6.716600000000320506e+03 7.799494778737425804e-04
6.717500000000321052e+03 7.776955026201903820e-04
6.718400000000321597e+03 7.805345812812447548e-04
6.719300000000321234e+03 7.846860098652541637e-04
6.720200000000320870e+03 7.858924800530076027e-04
6.721100000000321415e+03 7.839376339688897133e-04
6.722000000000321961e+03 7.819245802238583565e-04
6.722900000000321597e+03 7.834557327441871166e-04
6.723800000000321234e+03 7.857081945985555649e-04
6.724700000000321779e+03 7.845807122066617012e-04
6.725600000000322325e+03 7.831950206309556961e-04
6.726500000000321961e+03 7.839535828679800034e-04
6.727400000000321597e+03 7.831555558368563652e-04
6.728300000000322143e+03 7.809138623997569084e-04
6.729200000000322689e+03 7.810377283021807671e-04
6.730100000000322325e+03 7.830681279301643372e-04
6.731000000000321961e+03 7.847522501833736897e-04
6.731900000000322507e+03 7.848401437513530254e-04
6.732800000000323053e+03 7.821656181477010250e-04
6.733700000000322689e+03 7.799793384037911892e-04
6.734600000000322325e+03 7.806162466295063496e-04
6.735500000000322871e+03 7.818423910066485405e-04
6.736400000000323416e+03 7.814119453541934490e-04
6.737300000000323053e+03 7.791563402861356735e-04
6.738200000000322689e+03 7.773746619932353497e-04
6.739100000000323234e+03 7.765485788695514202e-04
6.740000000000323780e+03 7.748473435640335083e-04
6.740900000000323416e+03 7.737638079561293125e-04
6.741800000000323053e+03 7.737470441497862339e-04
6.742700000000323598e+03 7.736252737231552601e-04
6.743600000000324144e+03 7.734464015811681747e-04
6.744500000000323780e+03 7.737847627140581608e-04
6.745400000000323416e+03 7.731131045147776604e-04
6.746300000000323962e+03 7.723637972958385944e-04
6.747200000000324508e+03 7.733302190899848938e-04
6.748100000000324144e+03 7.743046153336763382e-04
6.749000000000323780e+03 7.734577520750463009e-04
6.749900000000324326e+03 7.699746056459844112e-04
6.750800000000324872e+03 7.674159132875502110e-04
6.751700000000324508e+03 7.692788494750857353e-04
6.752600000000324144e+03 7.712492952123284340e-04
6.753500000000324690e+03 7.701425929553806782e-04
6.754400000000325235e+03 7.683886797167360783e-04
6.755300000000324872e+03 7.678852416574954987e-04
6.756200000000324508e+03 7.691782666370272636e-04
6.757100000000325053e+03 7.705018506385385990e-04
6.758000000000325599e+03 7.709222263656556606e-04
6.758900000000325235e+03 7.716895779594779015e-04
6.759800000000324872e+03 7.723974995315074921e-04
6.760700000000325417e+03 7.723983726464211941e-04
6.761600000000325963e+03 7.710917270742356777e-04
6.762500000000325599e+03 7.702489965595304966e-04
6.763400000000325235e+03 7.712665246799588203e-04
6.764300000000325781e+03 7.719747954979538918e-04
6.765200000000326327e+03 7.702738512307405472e-04
6.766100000000325963e+03 7.676194072701036930e-04
6.767000000000325599e+03 7.654966902919113636e-04
6.767900000000326145e+03 7.631130283698439598e-04
6.768800000000326690e+03 7.621532422490417957e-04
6.769700000000326327e+03 7.645671721547842026e-04
6.770600000000325963e+03 7.666989113204181194e-04
6.771500000000326509e+03 7.654299843125045300e-04
6.772400000000327054e+03 7.636626251041889191e-04
6.773300000000326690e+03 7.635956862941384315e-04
6.774200000000326327e+03 7.653658394701778889e-04
6.775100000000326872e+03 7.670238846912980080e-04
6.776000000000327418e+03 7.666503661312162876e-04
6.776900000000327054e+03 7.650579209439456463e-04
6.777800000000326690e+03 7.634329376742243767e-04
6.778700000000327236e+03 7.618468371219933033e-04
6.779600000000327782e+03 7.604135316796600819e-04
6.780500000000327418e+03 7.601748802699148655e-04
6.781400000000327054e+03 7.607139414176344872e-04
6.782300000000327600e+03 7.599738310091197491e-04
6.783200000000328146e+03 7.567945285700261593e-04
6.784100000000327782e+03 7.546143024228513241e-04
6.785000000000327418e+03 7.552722236141562462e-04
6.785900000000327964e+03 7.568593719042837620e-04
6.786800000000328509e+03 7.573484908789396286e-04
6.787700000000328146e+03 7.572345202788710594e-04
6.788600000000327782e+03 7.566697895526885986e-04
6.789500000000328328e+03 7.561810198239982128e-04
6.790400000000328873e+03 7.566627464257180691e-04
6.791300000000328509e+03 7.578427321277558804e-04
6.792200000000328146e+03 7.594274356961250305e-04
6.793100000000328691e+03 7.591352332383394241e-04
6.794000000000329237e+03 7.571834721602499485e-04
6.794900000000328873e+03 7.574417395517230034e-04
6.795800000000328509e+03 7.592628244310617447e-04
6.796700000000329055e+03 7.615598151460289955e-04
6.797600000000329601e+03 7.631727494299411774e-04
6.798500000000329237e+03 7.615023641847074032e-04
6.799400000000328873e+03 7.593746413476765156e-04
6.800300000000329419e+03 7.587608415633440018e-04
6.801200000000329965e+03 7.586237625218927860e-04
6.802100000000329601e+03 7.582969847135245800e-04
6.803000000000329237e+03 7.585557759739458561e-04
6.803900000000329783e+03 7.582052494399249554e-04
6.804800000000330328e+03 7.559786899946630001e-04
6.805700000000329965e+03 7.538112113252282143e-04
6.806600000000329601e+03 7.533502066507935524e-04
6.807500000000330147e+03 7.539417711086571217e-04
6.808400000000330692e+03 7.545208209194242954e-04
6.809300000000330328e+03 7.538511999882757664e-04
6.810200000000329965e+03 7.522684754803776741e-04
6.811100000000330510e+03 7.507303380407392979e-04
6.812000000000331056e+03 7.501891814172267914e-04
6.812900000000330692e+03 7.504908135160803795e-04
6.813800000000330328e+03 7.502710795961320400e-04
6.814700000000330874e+03 7.484781090170145035e-04
6.815600000000331420e+03 7.473787991330027580e-04
6.816500000000331056e+03 7.475609891116619110e-04
6.817400000000330692e+03 7.476730388589203358e-04
6.818300000000331238e+03 7.489167619496583939e-04
6.819200000000331784e+03 7.498239283449947834e-04
6.820100000000331420e+03 7.490627467632293701e-04
6.821000000000331056e+03 7.480610511265695095e-04
6.821900000000331602e+03 7.488458650186657906e-04
6.822800000000332147e+03 7.503428496420383453e-04
6.823700000000331784e+03 7.508641574531793594e-04
6.824600000000331420e+03 7.502947119064629078e-04
6.825500000000331966e+03 7.497229380533099174e-04
6.826400000000332511e+03 7.493541925214231014e-04
6.827300000000332147e+03 7.477735634893178940e-04
6.828200000000331784e+03 7.459230255335569382e-04
6.829100000000332329e+03 7.455846644006669521e-04
6.830000000000332875e+03 7.474556914530694485e-04
6.830900000000332511e+03 7.493034936487674713e-04
6.831800000000332147e+03 7.484962698072195053e-04
6.832700000000332693e+03 7.469046395272016525e-04
6.833600000000333239e+03 7.470124983228743076e-04
6.834500000000332875e+03 7.475087768398225307e-04
6.835400000000332511e+03 7.472669240087270737e-04
6.836300000000333057e+03 7.470820564776659012e-04
6.837200000000333603e+03 7.460155175067484379e-04
6.838100000000333239e+03 7.437625317834317684e-04
6.839000000000332875e+03 7.416231674142181873e-04
6.839900000000333421e+03 7.404139032587409019e-04
6.840800000000333966e+03 7.389133097603917122e-04
6.841700000000333603e+03 7.371890242211520672e-04
6.842600000000333239e+03 7.363249314948916435e-04
6.843500000000333785e+03 7.372096297331154346e-04
6.844400000000334330e+03 7.403944036923348904e-04
6.845300000000333966e+03 7.428339449688792229e-04
6.846200000000333603e+03 7.426284137181937695e-04
6.847100000000334148e+03 7.420052425004541874e-04
6.848000000000334694e+03 7.430628174915909767e-04
6.848900000000334330e+03 7.443041540682315826e-04
6.849800000000333966e+03 7.439673645421862602e-04
6.850700000000334512e+03 7.435854058712720871e-04
6.851600000000335058e+03 7.435493171215057373e-04
6.852500000000334694e+03 7.433940190821886063e-04
6.853400000000334330e+03 7.428462267853319645e-04
6.854300000000334876e+03 7.402730407193303108e-04
6.855200000000335422e+03 7.383930496871471405e-04
6.856100000000335058e+03 7.393572595901787281e-04
6.857000000000334694e+03 7.410227553918957710e-04
6.857900000000335240e+03 7.421940099447965622e-04
6.858800000000335785e+03 7.428718963637948036e-04
6.859700000000335422e+03 7.414158899337053299e-04
6.860600000000335058e+03 7.387119112536311150e-04
6.861500000000335604e+03 7.376029388979077339e-04
6.862400000000336149e+03 7.384219788946211338e-04
6.863300000000335785e+03 7.397229783236980438e-04
6.864200000000335422e+03 7.410868420265614986e-04
6.865100000000335967e+03 7.428544340655207634e-04
6.866000000000336513e+03 7.431400008499622345e-04
6.866900000000336149e+03 7.406052900478243828e-04
6.867800000000335785e+03 7.348660146817564964e-04
6.868700000000336331e+03 7.317449199035763741e-04
6.869600000000336877e+03 7.363704498857259750e-04
6.870500000000336513e+03 7.410710677504539490e-04
6.871400000000336149e+03 7.398056332021951675e-04
6.872300000000336695e+03 7.375545101240277290e-04
6.873200000000337241e+03 7.362858159467577934e-04
6.874100000000336877e+03 7.351420936174690723e-04
6.875000000000336513e+03 7.348615326918661594e-04
6.875900000000337059e+03 7.351466338150203228e-04
6.876800000000337604e+03 7.344778277911245823e-04
6.877700000000337241e+03 7.349852239713072777e-04
6.878600000000336877e+03 7.348373183049261570e-04
6.879500000000337423e+03 7.337028509937226772e-04
6.880400000000337968e+03 7.343429024331271648e-04
6.881300000000337604e+03 7.348436629399657249e-04
6.882200000000337241e+03 7.329974323511123657e-04
6.883100000000337786e+03 7.286129985004663467e-04
6.884000000000338332e+03 7.278826087713241577e-04
6.884900000000337968e+03 7.321541197597980499e-04
6.885800000000337604e+03 7.328923675231635571e-04
6.886700000000338150e+03 7.298972341232001781e-04
6.887600000000338696e+03 7.307610358111560345e-04
6.888500000000338332e+03 7.329339860007166862e-04
6.889400000000337968e+03 7.310875807888805866e-04
6.890300000000338514e+03 7.308861822821199894e-04
6.891200000000339060e+03 7.345997146330773830e-04
6.892100000000338696e+03 7.348021608777344227e-04
6.893000000000338332e+03 7.301417062990367413e-04
6.893900000000338878e+03 7.293306407518684864e-04
6.894800000000339423e+03 7.322749006561934948e-04
6.895700000000339060e+03 7.302685989998281002e-04
6.896600000000338696e+03 7.251914939843118191e-04
6.897500000000339242e+03 7.269768975675106049e-04
6.898400000000339787e+03 7.337268325500190258e-04
6.899300000000339423e+03 7.340491865761578083e-04
6.900200000000339060e+03 7.279458804987370968e-04
6.901100000000339605e+03 7.255111122503876686e-04
6.902000000000340151e+03 7.296877447515726089e-04
6.902900000000339787e+03 7.327195489779114723e-04
6.903800000000339423e+03 7.306775078177452087e-04
6.904700000000339969e+03 7.262122235260903835e-04
6.905600000000340515e+03 7.248588954098522663e-04
6.906500000000340151e+03 7.286889594979584217e-04
6.907400000000339787e+03 7.320187287405133247e-04
6.908300000000340333e+03 7.291849469766020775e-04
6.909200000000340879e+03 7.248082547448575497e-04
6.910100000000340515e+03 7.244318258017301559e-04
6.911000000000340151e+03 7.260252023115754128e-04
6.911900000000340697e+03 7.260409765876829624e-04
6.912800000000341242e+03 7.235430530272424221e-04
6.913700000000340879e+03 7.182414410635828972e-04
6.914600000000340515e+03 7.144364644773304462e-04
6.915500000000341061e+03 7.164276903495192528e-04
6.916400000000341606e+03 7.203398854471743107e-04
6.917300000000341242e+03 7.204775465652346611e-04
6.918200000000340879e+03 7.184930145740509033e-04
6.919100000000341424e+03 7.180706597864627838e-04
6.920000000000341970e+03 7.199789979495108128e-04
6.920900000000341606e+03 7.233794895000755787e-04
6.921800000000341242e+03 7.249712944030761719e-04
6.922700000000341788e+03 7.236615056172013283e-04
6.923600000000342334e+03 7.219905382953584194e-04
6.924500000000341970e+03 7.198796956799924374e-04
6.925400000000341606e+03 7.175074424594640732e-04
6.926300000000342152e+03 7.166231516748666763e-04
6.927200000000342698e+03 7.173332851380109787e-04
6.928100000000342334e+03 7.183059933595359325e-04
6.929000000000341970e+03 7.172283367253839970e-04
6.929900000000342516e+03 7.161713438108563423e-04
6.930800000000343061e+03 7.178236264735460281e-04
6.931700000000342698e+03 7.201099069789052010e-04
6.932600000000342334e+03 7.203917484730482101e-04
6.933500000000342880e+03 7.180648972280323505e-04
6.934400000000343425e+03 7.155815255828201771e-04
6.935300000000343061e+03 7.160126115195453167e-04
6.936200000000342698e+03 7.172550540417432785e-04
6.937100000000343243e+03 7.173946942202746868e-04
6.938000000000343789e+03 7.170430035330355167e-04
6.938900000000343425e+03 7.179044187068939209e-04
6.939800000000343061e+03 7.177798543125391006e-04
6.940700000000343607e+03 7.158648804761469364e-04
6.941600000000344153e+03 7.144176051951944828e-04
6.942500000000343789e+03 7.143628317862749100e-04
6.943400000000343425e+03 7.142156246118247509e-04
6.944300000000343971e+03 7.116215419955551624e-04
6.945200000000344517e+03 7.084705284796655178e-04
6.946100000000344153e+03 7.079484639689326286e-04
6.947000000000343789e+03 7.086264085955917835e-04
6.947900000000344335e+03 7.076945621520280838e-04
6.948800000000344880e+03 7.079774513840675354e-04
6.949700000000344517e+03 7.104132673703134060e-04
6.950600000000344153e+03 7.109870202839374542e-04
6.951500000000344698e+03 7.091963198035955429e-04
6.952400000000345244e+03 7.080904324539005756e-04
6.953300000000344880e+03 7.088452694006264210e-04
6.954200000000344517e+03 7.090602302923798561e-04
6.955100000000345062e+03 7.092796149663627148e-04
6.956000000000345608e+03 7.101221708580851555e-04
6.956900000000345244e+03 7.105062832124531269e-04
6.957800000000344880e+03 7.095825858414173126e-04
6.958700000000345426e+03 7.089401478879153728e-04
6.959600000000345972e+03 7.094420725479722023e-04
6.960500000000345608e+03 7.098501082509756088e-04
6.961400000000345244e+03 7.083300733938813210e-04
6.962300000000345790e+03 7.076794281601905823e-04
6.963200000000346336e+03 7.093549356795847416e-04
6.964100000000345972e+03 7.092918385751545429e-04
6.965000000000345608e+03 7.073368178680539131e-04
6.965900000000346154e+03 7.049528649076819420e-04
6.966800000000346699e+03 7.050224230624735355e-04
6.967700000000346336e+03 7.063836092129349709e-04
6.968600000000345972e+03 7.068674894981086254e-04
6.969500000000346517e+03 7.057751645334064960e-04
6.970400000000347063e+03 7.037666509859263897e-04
6.971300000000346699e+03 7.025876548141241074e-04
6.972200000000346336e+03 7.028186810202896595e-04
6.973100000000346881e+03 7.036265451461076736e-04
6.974000000000347427e+03 7.023162324912846088e-04
6.974900000000347063e+03 7.007086533121764660e-04
6.975800000000346699e+03 6.997257587499916553e-04
6.976700000000347245e+03 6.984508945606648922e-04
6.977600000000347791e+03 6.964438362047076225e-04
6.978500000000347427e+03 6.928111542947590351e-04
6.979400000000347063e+03 6.906149792484939098e-04
6.980300000000347609e+03 6.928775110282003880e-04
6.981200000000348155e+03 6.963101332075893879e-04
6.982100000000347791e+03 6.981609039939939976e-04
6.983000000000347427e+03 6.992257549427449703e-04
6.983900000000347973e+03 6.981733022257685661e-04
6.984800000000348518e+03 6.975203286856412888e-04
6.985700000000348155e+03 6.980522302910685539e-04
6.986600000000347791e+03 6.970237009227275848e-04
6.987500000000348336e+03 6.955245044082403183e-04
6.988400000000348882e+03 6.963404011912643909e-04
6.989300000000348518e+03 6.962250336073338985e-04
6.990200000000348155e+03 6.952006369829177856e-04
6.991100000000348700e+03 6.949681555852293968e-04
6.992000000000349246e+03 6.952623371034860611e-04
6.992900000000348882e+03 6.958283483982086182e-04
6.993800000000348518e+03 6.955209537409245968e-04
6.994700000000349064e+03 6.951534887775778770e-04
6.995600000000349610e+03 6.960646132938563824e-04
6.996500000000349246e+03 6.980285397730767727e-04
6.997400000000348882e+03 6.992738926783204079e-04
6.998300000000349428e+03 6.986485095694661140e-04
6.999200000000349974e+03 6.964687490835785866e-04
7.000100000000349610e+03 6.932617980055510998e-04
7.001000000000349246e+03 6.913840188644826412e-04
7.001900000000349792e+03 6.931028910912573338e-04
7.002800000000350337e+03 6.965330103412270546e-04
7.003700000000349974e+03 6.985197542235255241e-04
7.004600000000349610e+03 6.962260231375694275e-04
7.005500000000350155e+03 6.926014903001487255e-04
7.006400000000350701e+03 6.919432198628783226e-04
7.007300000000350337e+03 6.929544615559279919e-04
7.008200000000349974e+03 6.941038300283253193e-04
7.009100000000350519e+03 6.947786314412951469e-04
7.010000000000351065e+03 6.943438784219324589e-04
7.010900000000350701e+03 6.936080753803253174e-04
7.011800000000350337e+03 6.931691896170377731e-04
7.012700000000350883e+03 6.926470086909830570e-04
7.013600000000351429e+03 6.921562599018216133e-04
7.014500000000351065e+03 6.916811689734458923e-04
7.015400000000350701e+03 6.890859804116189480e-04
7.016300000000351247e+03 6.845633615739643574e-04
7.017200000000351793e+03 6.833818624727427959e-04
7.018100000000351429e+03 6.870832294225692749e-04
7.019000000000351065e+03 6.901120650582015514e-04
7.019900000000351611e+03 6.911213858984410763e-04
7.020800000000352156e+03 6.912034587003290653e-04
7.021700000000351793e+03 6.905703921802341938e-04
7.022600000000351429e+03 6.890259683132171631e-04
7.023500000000351974e+03 6.867127376608550549e-04
7.024400000000352520e+03 6.839492707513272762e-04
7.025300000000352156e+03 6.828844780102372169e-04
7.026200000000351793e+03 6.849254132248461246e-04
7.027100000000352338e+03 6.858938140794634819e-04
7.028000000000352884e+03 6.835415260866284370e-04
7.028900000000352520e+03 6.812377250753343105e-04
7.029800000000352156e+03 6.817493122071027756e-04
7.030700000000352702e+03 6.825262680649757385e-04
7.031600000000353248e+03 6.804828299209475517e-04
7.032500000000352884e+03 6.783239659853279591e-04
7.033400000000352520e+03 6.796441157348453999e-04
7.034300000000353066e+03 6.814716616645455360e-04
7.035200000000353612e+03 6.817413377575576305e-04
7.036100000000353248e+03 6.824664305895566940e-04
7.037000000000352884e+03 6.840852438472211361e-04
7.037900000000353430e+03 6.828931509517133236e-04
7.038800000000353975e+03 6.795270019210875034e-04
7.039700000000353612e+03 6.772468914277851582e-04
7.040600000000353248e+03 6.780379335395991802e-04
7.041500000000353793e+03 6.803578580729663372e-04
7.042400000000354339e+03 6.815925589762628078e-04
7.043300000000353975e+03 6.828773184679448605e-04
7.044200000000353612e+03 6.844427553005516529e-04
7.045100000000354157e+03 6.832532817497849464e-04
7.046000000000354703e+03 6.811636849306523800e-04
7.046900000000354339e+03 6.807822501286864281e-04
7.047800000000353975e+03 6.812650826759636402e-04
7.048700000000354521e+03 6.820738781243562698e-04
7.049600000000355067e+03 6.815426750108599663e-04
7.050500000000354703e+03 6.800498813390731812e-04
7.051400000000354339e+03 6.784007418900728226e-04
7.052300000000354885e+03 6.766806473024189472e-04
7.053200000000355431e+03 6.756706861779093742e-04
7.054100000000355067e+03 6.750015891157090664e-04
7.055000000000354703e+03 6.756949587725102901e-04
7.055900000000355249e+03 6.765420548617839813e-04
7.056800000000355794e+03 6.771981716156005859e-04
7.057700000000355431e+03 6.767299491912126541e-04
7.058600000000355067e+03 6.748206214979290962e-04
7.059500000000355612e+03 6.733917398378252983e-04
7.060400000000356158e+03 6.723990663886070251e-04
7.061300000000355794e+03 6.706863641738891602e-04
7.062200000000355431e+03 6.679808138869702816e-04
7.063100000000355976e+03 6.622510263696312904e-04
7.064000000000356522e+03 6.499543669633567333e-04
7.064900000000356158e+03 6.367888418026268482e-04
7.065800000000355794e+03 6.383044528774917126e-04
7.066700000000356340e+03 6.526483339257538319e-04
7.067600000000356886e+03 6.637860788032412529e-04
7.068500000000356522e+03 6.687356508336961269e-04
7.069400000000356158e+03 6.710716406814754009e-04
7.070300000000356704e+03 6.726897554472088814e-04
7.071200000000357250e+03 6.737404619343578815e-04
7.072100000000356886e+03 6.736566429026424885e-04
7.073000000000356522e+03 6.721960962750017643e-04
7.073900000000357068e+03 6.709028966724872589e-04
7.074800000000357613e+03 6.716252537444233894e-04
7.075700000000357250e+03 6.723646074533462524e-04
7.076600000000356886e+03 6.708361324854195118e-04
7.077500000000357431e+03 6.687699933536350727e-04
7.078400000000357977e+03 6.672830204479396343e-04
7.079300000000357613e+03 6.657706690020859241e-04
7.080200000000357250e+03 6.664157263003289700e-04
7.081100000000357795e+03 6.684564868919551373e-04
7.082000000000358341e+03 6.686404231004416943e-04
7.082900000000357977e+03 6.663350504823029041e-04
7.083800000000357613e+03 6.622649380005896091e-04
7.084700000000358159e+03 6.583725335076451302e-04
7.085600000000358705e+03 6.573477294296026230e-04
7.086500000000358341e+03 6.582926725968718529e-04
7.087400000000357977e+03 6.576341111212968826e-04
7.088300000000358523e+03 6.556379375979304314e-04
7.089200000000359069e+03 6.554392166435718536e-04
7.090100000000358705e+03 6.557719898410141468e-04
7.091000000000358341e+03 6.560026668012142181e-04
7.091900000000358887e+03 6.573289865627884865e-04
7.092800000000359432e+03 6.574619910679757595e-04
7.093700000000359069e+03 6.553040002472698689e-04
7.094600000000358705e+03 6.534389103762805462e-04
7.095500000000359250e+03 6.533229607157409191e-04
7.096400000000359796e+03 6.533738342113792896e-04
7.097300000000359432e+03 6.527713267132639885e-04
7.098200000000359069e+03 6.545523647218942642e-04
7.099100000000359614e+03 6.585799856111407280e-04
7.100000000000360160e+03 6.596242892555892467e-04
7.100900000000359796e+03 6.599792395718395710e-04
7.101800000000359432e+03 6.603831425309181213e-04
7.102700000000359978e+03 6.605344242416322231e-04
7.103600000000360524e+03 6.609227857552468777e-04
7.104500000000360160e+03 6.615060265175998211e-04
7.105400000000359796e+03 6.615188904106616974e-04
7.106300000000360342e+03 6.600962369702756405e-04
7.107200000000360887e+03 6.580055342055857182e-04
7.108100000000360524e+03 6.572800921276211739e-04
7.109000000000360160e+03 6.576692685484886169e-04
7.109900000000360706e+03 6.573760765604674816e-04
7.110800000000361251e+03 6.556396256200969219e-04
7.111700000000360887e+03 6.539036403410136700e-04
7.112600000000360524e+03 6.546817021444439888e-04
7.113500000000361069e+03 6.570091936737298965e-04
7.114400000000361615e+03 6.586836534552276134e-04
7.115300000000361251e+03 6.572721176780760288e-04
7.116200000000360887e+03 6.554082501679658890e-04
7.117100000000361433e+03 6.563090137206017971e-04
7.118000000000361979e+03 6.569168763235211372e-04
7.118900000000361615e+03 6.556749576702713966e-04
7.119800000000361251e+03 6.552344420924782753e-04
7.120700000000361797e+03 6.560273468494415283e-04
7.121600000000362343e+03 6.560586043633520603e-04
7.122500000000361979e+03 6.551252445206046104e-04
7.123400000000361615e+03 6.551838014274835587e-04
7.124300000000362161e+03 6.565080257132649422e-04
7.125200000000362706e+03 6.573288701474666595e-04
7.126100000000362343e+03 6.572626298293471336e-04
7.127000000000361979e+03 6.576328887604176998e-04
7.127900000000362525e+03 6.587294628843665123e-04
7.128800000000363070e+03 6.594636943191289902e-04
7.129700000000362706e+03 6.589745753444731236e-04
7.130600000000362343e+03 6.569897523149847984e-04
7.131500000000362888e+03 6.548619712702929974e-04
7.132400000000363434e+03 6.552660488523542881e-04
7.133300000000363070e+03 6.579296314157545567e-04
7.134200000000362706e+03 6.597082247026264668e-04
7.135100000000363252e+03 6.591460551135241985e-04
7.136000000000363798e+03 6.580473273061215878e-04
7.136900000000363434e+03 6.570357945747673512e-04
7.137800000000363070e+03 6.564066279679536819e-04
7.138700000000363616e+03 6.562414346262812614e-04
7.139600000000364162e+03 6.561323534697294235e-04
7.140500000000363798e+03 6.563118658959865570e-04
7.141400000000363434e+03 6.566209485754370689e-04
7.142300000000363980e+03 6.569246761500835419e-04
7.143200000000364525e+03 6.574343424290418625e-04
7.144100000000364162e+03 6.579157197847962379e-04
7.145000000000363798e+03 6.575112929567694664e-04
7.145900000000364344e+03 6.567244417965412140e-04
7.146800000000364889e+03 6.558307213708758354e-04
7.147700000000364525e+03 6.541127222590148449e-04
7.148600000000364162e+03 6.511266692541539669e-04
7.149500000000364707e+03 6.499684532172977924e-04
7.150400000000365253e+03 6.522024050354957581e-04
7.151300000000364889e+03 6.544424686580896378e-04
7.152200000000364525e+03 6.550435209646821022e-04
7.153100000000365071e+03 6.555658765137195587e-04
7.154000000000365617e+03 6.548288511112332344e-04
7.154900000000365253e+03 6.516333087347447872e-04
7.155800000000364889e+03 6.486196070909500122e-04
7.156700000000365435e+03 6.496316054835915565e-04
7.157600000000365981e+03 6.537490407936275005e-04
7.158500000000365617e+03 6.558410823345184326e-04
7.159400000000365253e+03 6.547634839080274105e-04
7.160300000000365799e+03 6.522331968881189823e-04
7.161200000000366344e+03 6.499185692518949509e-04
7.162100000000365981e+03 6.492383545264601707e-04
7.163000000000365617e+03 6.495617562904953957e-04
7.163900000000366163e+03 6.489635561592876911e-04
7.164800000000366708e+03 6.476459675468504429e-04
7.165700000000366344e+03 6.465786136686801910e-04
7.166600000000365981e+03 6.474050460383296013e-04
7.167500000000366526e+03 6.492892862297594547e-04
7.168400000000367072e+03 6.505160126835107803e-04
7.169300000000366708e+03 6.510785315185785294e-04
7.170200000000366344e+03 6.510604871436953545e-04
7.171100000000366890e+03 6.493491819128394127e-04
7.172000000000367436e+03 6.485307822003960609e-04
7.172900000000367072e+03 6.491440581157803535e-04
7.173800000000366708e+03 6.499509909190237522e-04
7.174700000000367254e+03 6.516221328638494015e-04
7.175600000000367800e+03 6.505663041025400162e-04
7.176500000000367436e+03 6.459762807935476303e-04
7.177400000000367072e+03 6.434595561586320400e-04
7.178300000000367618e+03 6.450988585129380226e-04
7.179200000000368163e+03 6.470564403571188450e-04
7.180100000000367800e+03 6.459486903622746468e-04
7.181000000000367436e+03 6.425377214327454567e-04
7.181900000000367982e+03 6.403894512914121151e-04
7.182800000000368527e+03 6.409303750842809677e-04
7.183700000000368163e+03 6.431787041947245598e-04
7.184600000000367800e+03 6.445525214076042175e-04
7.185500000000368345e+03 6.448556086979806423e-04
7.186400000000368891e+03 6.459944997914135456e-04
7.187300000000368527e+03 6.448675994761288166e-04
7.188200000000368163e+03 6.416444084607064724e-04
7.189100000000368709e+03 6.423328304663300514e-04
7.190000000000369255e+03 6.425478495657444000e-04
7.190900000000368891e+03 6.406939355656504631e-04
7.191800000000368527e+03 6.402290309779345989e-04
7.192700000000369073e+03 6.415843381546437740e-04
7.193600000000369619e+03 6.426166510209441185e-04
7.194500000000369255e+03 6.428987253457307816e-04
7.195400000000368891e+03 6.432447116822004318e-04
7.196300000000369437e+03 6.433546077460050583e-04
7.197200000000369982e+03 6.417917902581393719e-04
7.198100000000369619e+03 6.406020256690680981e-04
7.199000000000369255e+03 6.417084950953722000e-04
7.199900000000369801e+03 6.428625201806426048e-04
7.200800000000370346e+03 6.425664178095757961e-04
7.201700000000369982e+03 6.422874284908175468e-04
7.202600000000369619e+03 6.426820182241499424e-04
7.203500000000370164e+03 6.424487219192087650e-04
7.204400000000370710e+03 6.413535447791218758e-04
7.205300000000370346e+03 6.415908574126660824e-04
7.206200000000369982e+03 6.417139666154980659e-04
7.207100000000370528e+03 6.382077117450535297e-04
7.208000000000371074e+03 6.335610523819923401e-04
7.208900000000370710e+03 6.344789871945977211e-04
7.209800000000370346e+03 6.378907710313796997e-04
7.210700000000370892e+03 6.396516691893339157e-04
7.211600000000371438e+03 6.411112844944000244e-04
7.212500000000371074e+03 6.415396346710622311e-04
7.213400000000370710e+03 6.400236161425709724e-04
7.214300000000371256e+03 6.385407759808003902e-04
7.215200000000371801e+03 6.378089310601353645e-04
7.216100000000371438e+03 6.362161948345601559e-04
7.217000000000371074e+03 6.352115888148546219e-04
7.217900000000371620e+03 6.368487956933677197e-04
7.218800000000372165e+03 6.381039856933057308e-04
7.219700000000371801e+03 6.371152121573686600e-04
7.220600000000371438e+03 6.364227738231420517e-04
7.221500000000371983e+03 6.352366763167083263e-04
7.222400000000372529e+03 6.321730324998497963e-04
7.223300000000372165e+03 6.301330868154764175e-04
7.224200000000371801e+03 6.309857708401978016e-04
7.225100000000372347e+03 6.338479579426348209e-04
7.226000000000372893e+03 6.364819710142910480e-04
7.226900000000372529e+03 6.362390122376382351e-04
7.227800000000372165e+03 6.341372500173747540e-04
7.228700000000372711e+03 6.334350327961146832e-04
7.229600000000373257e+03 6.331606418825685978e-04
7.230500000000372893e+03 6.307424628175795078e-04
7.231400000000372529e+03 6.291312165558338165e-04
7.232300000000373075e+03 6.294562481343746185e-04
7.233200000000373620e+03 6.306571885943412781e-04
7.234100000000373257e+03 6.322381668724119663e-04
7.235000000000372893e+03 6.323956185951828957e-04
7.235900000000373439e+03 6.301263347268104553e-04
7.236800000000373984e+03 6.274275365285575390e-04
7.237700000000373620e+03 6.290026358328759670e-04
7.238600000000373257e+03 6.313862395472824574e-04
7.239500000000373802e+03 6.306594004854559898e-04
7.240400000000374348e+03 6.285507697612047195e-04
7.241300000000373984e+03 6.275529740378260612e-04
7.242200000000373620e+03 6.298323278315365314e-04
7.243100000000374166e+03 6.317930528894066811e-04
7.244000000000374712e+03 6.309535820037126541e-04
7.244900000000374348e+03 6.279220688156783581e-04
7.245800000000373984e+03 6.273713079281151295e-04
7.246700000000374530e+03 6.288206204771995544e-04
7.247600000000375076e+03 6.295506027527153492e-04
7.248500000000374712e+03 6.303921691142022610e-04
7.249400000000374348e+03 6.302198162302374840e-04
7.250300000000374894e+03 6.274540792219340801e-04
7.251200000000375439e+03 6.252155289985239506e-04
7.252100000000375076e+03 6.246402044780552387e-04
7.253000000000374712e+03 6.262987735681235790e-04
7.253900000000375258e+03 6.290557794272899628e-04
7.254800000000375803e+03 6.313793710432946682e-04
7.255700000000375439e+03 6.323880515992641449e-04
7.256600000000375076e+03 6.299206870608031750e-04
7.257500000000375621e+03 6.277502980083227158e-04
7.258400000000376167e+03 6.286476855166256428e-04
7.259300000000375803e+03 6.301235407590866089e-04
7.260200000000375439e+03 6.310150492936372757e-04
7.261100000000375985e+03 6.287898868322372437e-04
7.262000000000376531e+03 6.242773379199206829e-04
7.262900000000376167e+03 6.237131310626864433e-04
7.263800000000375803e+03 6.260981317609548569e-04
7.264700000000376349e+03 6.269078003242611885e-04
7.265600000000376895e+03 6.269588484428822994e-04
7.266500000000376531e+03 6.288616568781435490e-04
7.267400000000376167e+03 6.307390867732465267e-04
7.268300000000376713e+03 6.291929748840630054e-04
7.269200000000377258e+03 6.253584288060665131e-04
7.270100000000376895e+03 6.234578904695808887e-04
7.271000000000376531e+03 6.240352522581815720e-04
7.271900000000377077e+03 6.230728467926383018e-04
7.272800000000377622e+03 6.210975116118788719e-04
7.273700000000377258e+03 6.209283601492643356e-04
7.274600000000376895e+03 6.218955386430025101e-04
7.275500000000377440e+03 6.231743609532713890e-04
7.276400000000377986e+03 6.232408341020345688e-04
7.277300000000377622e+03 6.237076595425605774e-04
7.278200000000377258e+03 6.251267623156309128e-04
7.279100000000377804e+03 6.217049667611718178e-04
7.280000000000378350e+03 6.131452973932027817e-04
7.280900000000377986e+03 6.060875020921230316e-04
7.281800000000377622e+03 6.050005904398858547e-04
7.282700000000378168e+03 6.101105827838182449e-04
7.283600000000378714e+03 6.165161030367016792e-04
7.284500000000378350e+03 6.187016260810196400e-04
7.285400000000377986e+03 6.186165846884250641e-04
7.286300000000378532e+03 6.191743887029588223e-04
7.287200000000379077e+03 6.204660166986286640e-04
7.288100000000378714e+03 6.204012897796928883e-04
7.289000000000378350e+03 6.198492483235895634e-04
7.289900000000378895e+03 6.206668331287801266e-04
7.290800000000379441e+03 6.206287653185427189e-04
7.291700000000379077e+03 6.186298560351133347e-04
7.292600000000378714e+03 6.166700622998178005e-04
7.293500000000379259e+03 6.170570850372314453e-04
7.294400000000379805e+03 6.192226428538560867e-04
7.295300000000379441e+03 6.206833641044795513e-04
7.296200000000379077e+03 6.213339511305093765e-04
7.297100000000379623e+03 6.218950729817152023e-04
7.298000000000380169e+03 6.206214311532676220e-04
7.298900000000379805e+03 6.178116891533136368e-04
7.299800000000379441e+03 6.162081263028085232e-04
7.300700000000379987e+03 6.161927012726664543e-04
7.301600000000380533e+03 6.173278088681399822e-04
7.302500000000380169e+03 6.181868957355618477e-04
7.303400000000379805e+03 6.167825195007026196e-04
7.304300000000380351e+03 6.146826781332492828e-04
7.305200000000380896e+03 6.148738902993500233e-04
7.306100000000380533e+03 6.155102746561169624e-04
7.307000000000380169e+03 6.138675962574779987e-04
7.307900000000380714e+03 6.118488963693380356e-04
7.308800000000381260e+03 6.112839328125119209e-04
7.309700000000380896e+03 6.130764959380030632e-04
7.310600000000380533e+03 6.150007830001413822e-04
7.311500000000381078e+03 6.155378068797290325e-04
7.312400000000381624e+03 6.150150438770651817e-04
7.313300000000381260e+03 6.139989127404987812e-04
7.314200000000380896e+03 6.139079923741519451e-04
7.315100000000381442e+03 6.144180661067366600e-04
7.316000000000381988e+03 6.134335417300462723e-04
7.316900000000381624e+03 6.121254991739988327e-04
7.317800000000381260e+03 6.111997063271701336e-04
7.318700000000381806e+03 6.105187349021434784e-04
7.319600000000382352e+03 6.117994780652225018e-04
7.320500000000381988e+03 6.129843532107770443e-04
7.321400000000381624e+03 6.121044862084090710e-04
7.322300000000382170e+03 6.119275931268930435e-04
7.323200000000382715e+03 6.138637545518577099e-04
7.324100000000382352e+03 6.141319172456860542e-04
7.325000000000381988e+03 6.132107228040695190e-04
7.325900000000382533e+03 6.114435382187366486e-04
7.326800000000383079e+03 6.099860765971243382e-04
7.327700000000382715e+03 6.108153611421585083e-04
7.328600000000382352e+03 6.129592075012624264e-04
7.329500000000382897e+03 6.130801048129796982e-04
7.330400000000383443e+03 6.127887172624468803e-04
7.331300000000383079e+03 6.123892962932586670e-04
7.332200000000382715e+03 6.109345122240483761e-04
7.333100000000383261e+03 6.098771700635552406e-04
7.334000000000383807e+03 6.095126154832541943e-04
7.334900000000383443e+03 6.103076157160103321e-04
7.335800000000383079e+03 6.103984196670353413e-04
7.336700000000383625e+03 6.100946920923888683e-04
7.337600000000384171e+03 6.099316524341702461e-04
7.338500000000383807e+03 6.104456260800361633e-04
7.339400000000383443e+03 6.112670525908470154e-04
7.340300000000383989e+03 6.109723472036421299e-04
7.341200000000384534e+03 6.103953346610069275e-04
7.342100000000384171e+03 6.098189041949808598e-04
7.343000000000383807e+03 6.094712298363447189e-04
7.343900000000384352e+03 6.090794340707361698e-04
7.344800000000384898e+03 6.067083450034260750e-04
7.345700000000384534e+03 6.051980890333652496e-04
7.346600000000384171e+03 6.057315622456371784e-04
7.347500000000384716e+03 6.072868127375841141e-04
7.348400000000385262e+03 6.082704057916998863e-04
7.349300000000384898e+03 6.087250076234340668e-04
7.350200000000384534e+03 6.069400697015225887e-04
7.351100000000385080e+03 6.042919703759253025e-04
7.352000000000385626e+03 6.030451622791588306e-04
7.352900000000385262e+03 6.039122235961258411e-04
7.353800000000384898e+03 6.053600227460265160e-04
7.354700000000385444e+03 6.061355234123766422e-04
7.355600000000385990e+03 6.043538451194763184e-04
7.356500000000385626e+03 6.013331003487110138e-04
7.357400000000385262e+03 6.000288412906229496e-04
7.358300000000385808e+03 6.012373487465083599e-04
7.359200000000386353e+03 6.046227063052356243e-04
7.360100000000385990e+03 6.066529895178973675e-04
7.361000000000385626e+03 6.057959981262683868e-04
7.361900000000386171e+03 6.022191373631358147e-04
7.362800000000386717e+03 5.997341359034180641e-04
7.363700000000386353e+03 6.001756992191076279e-04
7.364600000000385990e+03 6.006602197885513306e-04
7.365500000000386535e+03 6.007152842357754707e-04
7.366400000000387081e+03 6.015071412548422813e-04
7.367300000000386717e+03 6.011217483319342136e-04
7.368200000000386353e+03 6.008569616824388504e-04
7.369100000000386899e+03 6.009748321957886219e-04
7.370000000000387445e+03 6.005387986078858376e-04
7.370900000000387081e+03 6.004781462252140045e-04
7.371800000000386717e+03 6.014200043864548206e-04
7.372700000000387263e+03 6.005610921420156956e-04
7.373600000000387809e+03 5.978741683065891266e-04
7.374500000000387445e+03 5.969878984615206718e-04
7.375400000000387081e+03 5.974423838779330254e-04
7.376300000000387627e+03 5.979166598990559578e-04
7.377200000000388172e+03 5.965266027487814426e-04
7.378100000000387809e+03 5.959413247182965279e-04
7.379000000000387445e+03 5.968304467387497425e-04
7.379900000000387990e+03 5.964424344711005688e-04
7.380800000000388536e+03 5.933042266406118870e-04
7.381700000000388172e+03 5.895482609048485756e-04
7.382600000000387809e+03 5.871749599464237690e-04
7.383500000000388354e+03 5.861851968802511692e-04
7.384400000000388900e+03 5.863951519131660461e-04
7.385300000000388536e+03 5.840980447828769684e-04
7.386200000000388172e+03 5.816300399601459503e-04
7.387100000000388718e+03 5.810212460346519947e-04
7.388000000000389264e+03 5.804171087220311165e-04
7.388900000000388900e+03 5.778124323114752769e-04
7.389800000000388536e+03 5.751390708610415459e-04
7.390700000000389082e+03 5.754712037742137909e-04
7.391600000000389628e+03 5.771502037532627583e-04
7.392500000000389264e+03 5.776811740361154079e-04
7.393400000000388900e+03 5.767085240222513676e-04
7.394300000000389446e+03 5.762589280493557453e-04
7.395200000000389991e+03 5.769879790022969246e-04
7.396100000000389628e+03 5.795375327579677105e-04
7.397000000000389264e+03 5.771676660515367985e-04
7.397900000000389809e+03 5.775525933131575584e-04
7.398800000000390355e+03 5.785095272585749626e-04
7.399700000000389991e+03 5.796048790216445923e-04
7.400600000000389628e+03 5.801584920845925808e-04
7.401500000000390173e+03 5.805456894449889660e-04
7.402400000000390719e+03 5.811954033561050892e-04
7.403300000000390355e+03 5.821850500069558620e-04
7.404200000000389991e+03 5.827925633639097214e-04
7.405100000000390537e+03 5.840321537107229233e-04
7.406000000000391083e+03 5.891394102945923805e-04
7.406900000000390719e+03 5.467904848046600819e-04
7.407800000000390355e+03 5.262631457298994064e-04
7.408700000000390901e+03 5.256398580968379974e-04
7.409600000000391447e+03 5.241024773567914963e-04
