3.540500000000000000e+03 1.382359769195318222e-04
3.541400000000000091e+03 1.379495515720918775e-04
3.542300000000000182e+03 1.389479584759101272e-04
3.543200000000000273e+03 1.397695450577884912e-04
3.544100000000000364e+03 1.398143940605223179e-04
3.545000000000000455e+03 1.397491141688078642e-04
3.545900000000000546e+03 1.408062817063182592e-04
3.546800000000000637e+03 1.417929743183776736e-04
3.547700000000000728e+03 1.420250773662701249e-04
3.548600000000000819e+03 1.421710330760106444e-04
3.549500000000000909e+03 1.419338368577882648e-04
3.550400000000001000e+03 1.414592843502759933e-04
3.551300000000001091e+03 1.408327516401186585e-04
3.552200000000001182e+03 1.407653908245265484e-04
3.553100000000001273e+03 1.404347131028771400e-04
3.554000000000001364e+03 1.402717171004042029e-04
3.554900000000001455e+03 1.407206000294536352e-04
3.555800000000001546e+03 1.413976860931143165e-04
3.556700000000001637e+03 1.413596910424530506e-04
3.557600000000001728e+03 1.409541437169536948e-04
3.558500000000001819e+03 1.410613185726106167e-04
3.559400000000001910e+03 1.414856233168393373e-04
3.560300000000002001e+03 1.413087302353233099e-04
3.561200000000002092e+03 1.410059485351666808e-04
3.562100000000002183e+03 1.419221371179446578e-04
3.563000000000002274e+03 1.426522212568670511e-04
3.563900000000002365e+03 1.403124915668740869e-04
3.564800000000002456e+03 1.365009229630231857e-04
3.565700000000002547e+03 1.349174999631941319e-04
3.566600000000002638e+03 1.361325994366779923e-04
3.567500000000002728e+03 1.374298444716259837e-04
3.568400000000002819e+03 1.359925081487745047e-04
3.569300000000002910e+03 1.326563215116038918e-04
3.570200000000003001e+03 1.306070771533995867e-04
3.571100000000003092e+03 1.310504012508317828e-04
3.572000000000003183e+03 1.319275324931368232e-04
3.572900000000003274e+03 1.333391264779493213e-04
3.573800000000003365e+03 1.349570229649543762e-04
3.574700000000003456e+03 1.359049201710149646e-04
3.575600000000003547e+03 1.365006319247186184e-04
3.576500000000003638e+03 1.374285493511706591e-04
3.577400000000003729e+03 1.381174952257424593e-04
3.578300000000003820e+03 1.384772913297638297e-04
3.579200000000003911e+03 1.377955195493996143e-04
3.580100000000004002e+03 1.347581128356978297e-04
3.581000000000004093e+03 1.324710174230858684e-04
3.581900000000004184e+03 1.348840160062536597e-04
3.582800000000004275e+03 1.380969915771856904e-04
3.583700000000004366e+03 1.365031494060531259e-04
3.584600000000004457e+03 1.316668640356510878e-04
3.585500000000004547e+03 1.284254685742780566e-04
3.586400000000004638e+03 1.289801002712920308e-04
3.587300000000004729e+03 1.318598078796640038e-04
3.588200000000004820e+03 1.342793111689388752e-04
3.589100000000004911e+03 1.359054585918784142e-04
3.590000000000005002e+03 1.384919742122292519e-04
3.590900000000005093e+03 1.410252589266747236e-04
3.591800000000005184e+03 1.413285499438643456e-04
3.592700000000005275e+03 1.401121116941794753e-04
3.593600000000005366e+03 1.388273085467517376e-04
3.594500000000005457e+03 1.382371556246653199e-04
3.595400000000005548e+03 1.387287484249100089e-04
3.596300000000005639e+03 1.397019223077222705e-04
3.597200000000005730e+03 1.405795774189755321e-04
3.598100000000005821e+03 1.412903948221355677e-04
3.599000000000005912e+03 1.413896388839930296e-04
3.599900000000006003e+03 1.404446520609781146e-04
3.600800000000006094e+03 1.381421316182240844e-04
3.601700000000006185e+03 1.357314904453232884e-04
3.602600000000006276e+03 1.345322089036926627e-04
3.603500000000006366e+03 1.338799047516658902e-04
3.604400000000006457e+03 1.328142534475773573e-04
3.605300000000006548e+03 1.326747878920286894e-04
3.606200000000006639e+03 1.340201997663825750e-04
3.607100000000006730e+03 1.338762522209435701e-04
3.608000000000006821e+03 1.319887087447568774e-04
3.608900000000006912e+03 1.306724589085206389e-04
3.609800000000007003e+03 1.312544191023334861e-04
3.610700000000007094e+03 1.328242651652544737e-04
3.611600000000007185e+03 1.326666679233312607e-04
3.612500000000007276e+03 1.312762324232608080e-04
3.613400000000007367e+03 1.321911695413291454e-04
3.614300000000007458e+03 1.357496075797826052e-04
3.615200000000007549e+03 1.387797819916158915e-04
3.616100000000007640e+03 1.384865900035947561e-04
3.617000000000007731e+03 1.346556673524901271e-04
3.617900000000007822e+03 1.298841962125152349e-04
3.618800000000007913e+03 1.286618789890781045e-04
3.619700000000008004e+03 1.317235291935503483e-04
3.620600000000008095e+03 1.352878898615017533e-04
3.621500000000008185e+03 1.377850276185199618e-04
3.622400000000008276e+03 1.390912657370790839e-04
3.623300000000008367e+03 1.379941677441820502e-04
3.624200000000008458e+03 1.364849449601024389e-04
3.625100000000008549e+03 1.377638254780322313e-04
3.626000000000008640e+03 1.402224588673561811e-04
3.626900000000008731e+03 1.408468233421444893e-04
3.627800000000008822e+03 1.402232010150328279e-04
3.628700000000008913e+03 1.388791861245408654e-04
3.629600000000009004e+03 1.354409178020432591e-04
3.630500000000009095e+03 1.308904757024720311e-04
3.631400000000009186e+03 1.295723050134256482e-04
3.632300000000009277e+03 1.322525786235928535e-04
3.633200000000009368e+03 1.355138520011678338e-04
3.634100000000009459e+03 1.366422220598906279e-04
3.635000000000009550e+03 1.365482603432610631e-04
3.635900000000009641e+03 1.362603507004678249e-04
3.636800000000009732e+03 1.363869814667850733e-04
3.637700000000009823e+03 1.367340155411511660e-04
3.638600000000009913e+03 1.375824940623715520e-04
3.639500000000010004e+03 1.380494941258803010e-04
3.640400000000010095e+03 1.373256091028451920e-04
3.641300000000010186e+03 1.358681765850633383e-04
3.642200000000010277e+03 1.344489428447559476e-04
3.643100000000010368e+03 1.343350013485178351e-04
3.644000000000010459e+03 1.352623075945302844e-04
3.644900000000010550e+03 1.360295136692002416e-04
3.645800000000010641e+03 1.361628383165225387e-04
3.646700000000010732e+03 1.352479739580303431e-04
3.647600000000010823e+03 1.339870213996618986e-04
3.648500000000010914e+03 1.338648289674893022e-04
3.649400000000011005e+03 1.347106153843924403e-04
3.650300000000011096e+03 1.357165747322142124e-04
3.651200000000011187e+03 1.360237802146002650e-04
3.652100000000011278e+03 1.364031923003494740e-04
3.653000000000011369e+03 1.374393759761005640e-04
3.653900000000011460e+03 1.383551716571673751e-04
3.654800000000011551e+03 1.386768271913751960e-04
3.655700000000011642e+03 1.392982521792873740e-04
3.656600000000011732e+03 1.403018104610964656e-04
3.657500000000011823e+03 1.408665702911093831e-04
3.658400000000011914e+03 1.405303191859275103e-04
3.659300000000012005e+03 1.398934400640428066e-04
3.660200000000012096e+03 1.393803977407515049e-04
3.661100000000012187e+03 1.387692609569057822e-04
3.662000000000012278e+03 1.384587376378476620e-04
3.662900000000012369e+03 1.389290555380284786e-04
3.663800000000012460e+03 1.391538389725610614e-04
3.664700000000012551e+03 1.397308224113658071e-04
3.665600000000012642e+03 1.407315721735358238e-04
3.666500000000012733e+03 1.404682843713089824e-04
3.667400000000012824e+03 1.391437544953078032e-04
3.668300000000012915e+03 1.375145802740007639e-04
3.669200000000013006e+03 1.359305169899016619e-04
3.670100000000013097e+03 1.362477923976257443e-04
3.671000000000013188e+03 1.383507769787684083e-04
3.671900000000013279e+03 1.398823515046387911e-04
3.672800000000013370e+03 1.393039274262264371e-04
3.673700000000013461e+03 1.384997740387916565e-04
3.674600000000013551e+03 1.389302196912467480e-04
3.675500000000013642e+03 1.389254757668823004e-04
3.676400000000013733e+03 1.381605106871575117e-04
3.677300000000013824e+03 1.371981925331056118e-04
3.678200000000013915e+03 1.360902970191091299e-04
3.679100000000014006e+03 1.356093271169811487e-04
3.680000000000014097e+03 1.378265151288360357e-04
3.680900000000014188e+03 1.402344059897586703e-04
3.681800000000014279e+03 1.388818927807733417e-04
3.682700000000014370e+03 1.373145641991868615e-04
3.683600000000014461e+03 1.378883025608956814e-04
3.684500000000014552e+03 1.368208468193188310e-04
3.685400000000014643e+03 1.334688422502949834e-04
3.686300000000014734e+03 1.311228552367538214e-04
3.687200000000014825e+03 1.336438581347465515e-04
3.688100000000014916e+03 1.401847111992537975e-04
3.689000000000015007e+03 1.442208304069936275e-04
3.689900000000015098e+03 1.425951049895957112e-04
3.690800000000015189e+03 1.390700053889304399e-04
3.691700000000015280e+03 1.391964760841801763e-04
3.692600000000015370e+03 1.434228324797004461e-04
3.693500000000015461e+03 1.479461061535403132e-04
3.694400000000015552e+03 1.489070127718150616e-04
3.695300000000015643e+03 1.447857357561588287e-04
3.696200000000015734e+03 1.383981725666671991e-04
3.697100000000015825e+03 1.365769421681761742e-04
3.698000000000015916e+03 1.428687974112108350e-04
3.698900000000016007e+03 1.519139768788591027e-04
3.699800000000016098e+03 1.569867454236373305e-04
3.700700000000016189e+03 1.557219075039029121e-04
3.701600000000016280e+03 1.483540690969675779e-04
3.702500000000016371e+03 1.372184924548491836e-04
3.703400000000016462e+03 1.281154982279986143e-04
3.704300000000016553e+03 1.266753242816776037e-04
3.705200000000016644e+03 1.321154704783111811e-04
3.706100000000016735e+03 1.412393903592601418e-04
3.707000000000016826e+03 1.495782489655539393e-04
3.707900000000016917e+03 1.520734513178467751e-04
3.708800000000017008e+03 1.484478125348687172e-04
3.709700000000017099e+03 1.413652789779007435e-04
3.710600000000017189e+03 1.324317127000540495e-04
3.711500000000017280e+03 1.268834021175280213e-04
3.712400000000017371e+03 1.313031389145180583e-04
3.713300000000017462e+03 1.441418862668797374e-04
3.714200000000017553e+03 1.562805700814351439e-04
3.715100000000017644e+03 1.637767127249389887e-04
3.716000000000017735e+03 1.675859384704381227e-04
3.716900000000017826e+03 1.678677072050049901e-04
3.717800000000017917e+03 1.632459607208147645e-04
3.718700000000018008e+03 1.523540704511106014e-04
3.719600000000018099e+03 1.372046972392126918e-04
3.720500000000018190e+03 1.229855843121185899e-04
3.721400000000018281e+03 1.156493599410168827e-04
3.722300000000018372e+03 1.204201544169336557e-04
3.723200000000018463e+03 1.355618296656757593e-04
3.724100000000018554e+03 1.514860341558232903e-04
3.725000000000018645e+03 1.628883328521624207e-04
3.725900000000018736e+03 1.679184351814910769e-04
3.726800000000018827e+03 1.687443436821922660e-04
3.727700000000018917e+03 1.700411376077681780e-04
3.728600000000019008e+03 1.718910789350047708e-04
3.729500000000019099e+03 1.700986322248354554e-04
3.730400000000019190e+03 1.636713859625160694e-04
3.731300000000019281e+03 1.531789748696610332e-04
3.732200000000019372e+03 1.379927562084048986e-04
3.733100000000019463e+03 1.213224240927956998e-04
3.734000000000019554e+03 1.118722284445539117e-04
3.734900000000019645e+03 1.155387290054932237e-04
3.735800000000019736e+03 1.266406470676884055e-04
3.736700000000019827e+03 1.390609540976583958e-04
3.737600000000019918e+03 1.538309734314680099e-04
3.738500000000020009e+03 1.682825095485895872e-04
3.739400000000020100e+03 1.775111886672675610e-04
3.740300000000020191e+03 1.815823197830468416e-04
3.741200000000020282e+03 1.825782819651067257e-04
3.742100000000020373e+03 1.816911972127854824e-04
3.743000000000020464e+03 1.794944982975721359e-04
3.743900000000020555e+03 1.753678952809423208e-04
3.744800000000020646e+03 1.676504762144759297e-04
3.745700000000020736e+03 1.587430888321250677e-04
3.746600000000020827e+03 1.510527217760682106e-04
3.747500000000020918e+03 1.393757265759631991e-04
3.748400000000021009e+03 1.223529980052262545e-04
3.749300000000021100e+03 1.099486180464737117e-04
3.750200000000021191e+03 1.122879330068826675e-04
3.751100000000021282e+03 1.270226930500939488e-04
3.752000000000021373e+03 1.436870952602475882e-04
3.752900000000021464e+03 1.573024928802624345e-04
3.753800000000021555e+03 1.690815552137792110e-04
3.754700000000021646e+03 1.793165720300748944e-04
3.755600000000021737e+03 1.861166383605450392e-04
3.756500000000021828e+03 1.870990090537816286e-04
3.757400000000021919e+03 1.837176241679117084e-04
3.758300000000022010e+03 1.823185302782803774e-04
3.759200000000022101e+03 1.851448469096794724e-04
3.760100000000022192e+03 1.888895494630560279e-04
3.761000000000022283e+03 1.911775616463273764e-04
3.761900000000022374e+03 1.922810333780944347e-04
3.762800000000022465e+03 1.907757541630417109e-04
3.763700000000022555e+03 1.867288810899481177e-04
3.764600000000022646e+03 1.821589976316317916e-04
3.765500000000022737e+03 1.754526747390627861e-04
3.766400000000022828e+03 1.658020773902535439e-04
3.767300000000022919e+03 1.553648908156901598e-04
3.768200000000023010e+03 1.438318722648546100e-04
3.769100000000023101e+03 1.287583581870421767e-04
3.770000000000023192e+03 1.166393994935788214e-04
3.770900000000023283e+03 1.184618085972033441e-04
3.771800000000023374e+03 1.333572872681543231e-04
3.772700000000023465e+03 1.504474785178899765e-04
3.773600000000023556e+03 1.627477176953107119e-04
3.774500000000023647e+03 1.711970980977639556e-04
3.775400000000023738e+03 1.792183757061138749e-04
3.776300000000023829e+03 1.878546900115907192e-04
3.777200000000023920e+03 1.962063251994550228e-04
3.778100000000024011e+03 2.028256712947040796e-04
3.779000000000024102e+03 2.082014252664521337e-04
3.779900000000024193e+03 2.131805522367358208e-04
3.780800000000024284e+03 2.167250786442309618e-04
3.781700000000024374e+03 2.183879696531221271e-04
3.782600000000024465e+03 2.185943594668060541e-04
3.783500000000024556e+03 2.191623207181692123e-04
3.784400000000024647e+03 2.193904656451195478e-04
3.785300000000024738e+03 2.160114818252623081e-04
3.786200000000024829e+03 2.105626772390678525e-04
3.787100000000024920e+03 2.062602434307336807e-04
3.788000000000025011e+03 2.036249497905373573e-04
3.788900000000025102e+03 2.013553894357755780e-04
3.789800000000025193e+03 1.977982174139469862e-04
3.790700000000025284e+03 1.933972525876015425e-04
3.791600000000025375e+03 1.876535534393042326e-04
3.792500000000025466e+03 1.788822992239147425e-04
3.793400000000025557e+03 1.674267259659245610e-04
3.794300000000025648e+03 1.553267502458766103e-04
3.795200000000025739e+03 1.433837169315665960e-04
3.796100000000025830e+03 1.292781380470842123e-04
3.797000000000025921e+03 1.149258314399048686e-04
3.797900000000026012e+03 1.106175914173945785e-04
3.798800000000026102e+03 1.213517898577265441e-04
3.799700000000026193e+03 1.398420135956257582e-04
3.800600000000026284e+03 1.568403822602704167e-04
3.801500000000026375e+03 1.699993736110627651e-04
3.802400000000026466e+03 1.810164831113070250e-04
3.803300000000026557e+03 1.902614458231255412e-04
3.804200000000026648e+03 1.967740245163440704e-04
3.805100000000026739e+03 2.011336327996104956e-04
3.806000000000026830e+03 2.042990963673219085e-04
3.806900000000026921e+03 2.080638223560526967e-04
3.807800000000027012e+03 2.143355959560722113e-04
3.808700000000027103e+03 2.218511071987450123e-04
3.809600000000027194e+03 2.277341700391843915e-04
3.810500000000027285e+03 2.307874383404850960e-04
3.811400000000027376e+03 2.303130895597860217e-04
3.812300000000027467e+03 2.268409734824672341e-04
3.813200000000027558e+03 2.239971363451331854e-04
3.814100000000027649e+03 2.235668507637456059e-04
3.815000000000027740e+03 2.241051261080428958e-04
3.815900000000027831e+03 2.267086965730413795e-04
3.816800000000027921e+03 2.316039463039487600e-04
3.817700000000028012e+03 2.343222731724381447e-04
3.818600000000028103e+03 2.306121314177289605e-04
3.819500000000028194e+03 2.225635689683258533e-04
3.820400000000028285e+03 2.183313190471380949e-04
3.821300000000028376e+03 2.213747793575748801e-04
3.822200000000028467e+03 2.243044291390106082e-04
3.823100000000028558e+03 2.201263996539637446e-04
3.824000000000028649e+03 2.108675835188478231e-04
3.824900000000028740e+03 2.033742639468982816e-04
3.825800000000028831e+03 1.991137978620827198e-04
3.826700000000028922e+03 1.956141932168975472e-04
3.827600000000029013e+03 1.903955999296158552e-04
3.828500000000029104e+03 1.840532349888235331e-04
3.829400000000029195e+03 1.786453794920817018e-04
3.830300000000029286e+03 1.719835418043658137e-04
3.831200000000029377e+03 1.604745339136570692e-04
3.832100000000029468e+03 1.458724145777523518e-04
3.833000000000029559e+03 1.315559638896957040e-04
3.833900000000029650e+03 1.174013450508937240e-04
3.834800000000029740e+03 1.081097798305563629e-04
3.835700000000029831e+03 1.111292804125696421e-04
3.836600000000029922e+03 1.238147815456613898e-04
3.837500000000030013e+03 1.376374711981043220e-04
3.838400000000030104e+03 1.496984623372554779e-04
3.839300000000030195e+03 1.600349933141842484e-04
3.840200000000030286e+03 1.688243355602025986e-04
3.841100000000030377e+03 1.791637769201770425e-04
3.842000000000030468e+03 1.908894919324666262e-04
3.842900000000030559e+03 2.003277622861787677e-04
3.843800000000030650e+03 2.068663452519103885e-04
3.844700000000030741e+03 2.115902170771732926e-04
3.845600000000030832e+03 2.160584263037890196e-04
3.846500000000030923e+03 2.216811408288776875e-04
3.847400000000031014e+03 2.269428659928962588e-04
3.848300000000031105e+03 2.286665840074419975e-04
3.849200000000031196e+03 2.280440676258876920e-04
3.850100000000031287e+03 2.295345475431531668e-04
3.851000000000031378e+03 2.343801170354709029e-04
3.851900000000031469e+03 2.399279474047943950e-04
3.852800000000031559e+03 2.434532652841880918e-04
3.853700000000031650e+03 2.447133301757276058e-04
3.854600000000031741e+03 2.429850283078849316e-04
3.855500000000031832e+03 2.398124925093725324e-04
3.856400000000031923e+03 2.403163962299004197e-04
3.857300000000032014e+03 2.428234001854434609e-04
3.858200000000032105e+03 2.414793125353753567e-04
3.859100000000032196e+03 2.386266569374129176e-04
3.860000000000032287e+03 2.400139783276244998e-04
3.860900000000032378e+03 2.452725893817842007e-04
3.861800000000032469e+03 2.495325752533972263e-04
3.862700000000032560e+03 2.512183273211121559e-04
3.863600000000032651e+03 2.510792983230203390e-04
3.864500000000032742e+03 2.489490143489092588e-04
3.865400000000032833e+03 2.467424783390015364e-04
3.866300000000032924e+03 2.468578168191015720e-04
3.867200000000033015e+03 2.484847791492938995e-04
3.868100000000033106e+03 2.493719221092760563e-04
3.869000000000033197e+03 2.485454315319657326e-04
3.869900000000033288e+03 2.458836243022233248e-04
3.870800000000033378e+03 2.399584336671978235e-04
3.871700000000033469e+03 2.319030172657221556e-04
3.872600000000033560e+03 2.269793039886280894e-04
3.873500000000033651e+03 2.277583989780396223e-04
3.874400000000033742e+03 2.306183305336162448e-04
3.875300000000033833e+03 2.306243695784360170e-04
3.876200000000033924e+03 2.257607411593198776e-04
3.877100000000034015e+03 2.165145269827917218e-04
3.878000000000034106e+03 2.080151607515290380e-04
3.878900000000034197e+03 2.060369442915543914e-04
3.879800000000034288e+03 2.071689814329147339e-04
3.880700000000034379e+03 2.046836307272315025e-04
3.881600000000034470e+03 1.982768008019775152e-04
3.882500000000034561e+03 1.911883446155115962e-04
3.883400000000034652e+03 1.839345641201362014e-04
3.884300000000034743e+03 1.744826004141941667e-04
3.885200000000034834e+03 1.613573986105620861e-04
3.886100000000034925e+03 1.462244254071265459e-04
3.887000000000035016e+03 1.310756924794986844e-04
3.887900000000035106e+03 1.165046996902674437e-04
3.888800000000035197e+03 1.097751664929091930e-04
3.889700000000035288e+03 1.187464222311973572e-04
3.890600000000035379e+03 1.376740110572427511e-04
3.891500000000035470e+03 1.551007007947191596e-04
3.892400000000035561e+03 1.667366886977106333e-04
3.893300000000035652e+03 1.742856402415782213e-04
3.894200000000035743e+03 1.803628547349944711e-04
3.895100000000035834e+03 1.868760446086525917e-04
3.896000000000035925e+03 1.950558071257546544e-04
3.896900000000036016e+03 2.025568246608600020e-04
3.897800000000036107e+03 2.066306915367022157e-04
3.898700000000036198e+03 2.086040622089058161e-04
3.899600000000036289e+03 2.107535547111183405e-04
3.900500000000036380e+03 2.156273694708943367e-04
3.901400000000036471e+03 2.216157008660957217e-04
3.902300000000036562e+03 2.255549479741603136e-04
3.903200000000036653e+03 2.288370742462575436e-04
3.904100000000036744e+03 2.309060655534267426e-04
3.905000000000036835e+03 2.302435023011639714e-04
3.905900000000036925e+03 2.312749129487201571e-04
3.906800000000037016e+03 2.374156174482777715e-04
3.907700000000037107e+03 2.448254963383078575e-04
3.908600000000037198e+03 2.490207261871546507e-04
3.909500000000037289e+03 2.505322627257555723e-04
3.910400000000037380e+03 2.515311061870306730e-04
3.911300000000037471e+03 2.522296272218227386e-04
3.912200000000037562e+03 2.503231517039239407e-04
3.913100000000037653e+03 2.467340673319995403e-04
3.914000000000037744e+03 2.467522572260349989e-04
3.914900000000037835e+03 2.494142972864210606e-04
3.915800000000037926e+03 2.503250434529036283e-04
3.916700000000038017e+03 2.498016401659697294e-04
3.917600000000038108e+03 2.491229388397186995e-04
3.918500000000038199e+03 2.477379457559436560e-04
3.919400000000038290e+03 2.457449445500969887e-04
3.920300000000038381e+03 2.449489547871053219e-04
3.921200000000038472e+03 2.460209943819791079e-04
3.922100000000038563e+03 2.465218422003090382e-04
3.923000000000038654e+03 2.470017934683710337e-04
3.923900000000038744e+03 2.489886537659913301e-04
3.924800000000038835e+03 2.498514368198812008e-04
3.925700000000038926e+03 2.476433000992983580e-04
3.926600000000039017e+03 2.430031163385137916e-04
3.927500000000039108e+03 2.375809563091024756e-04
3.928400000000039199e+03 2.327370457351207733e-04
3.929300000000039290e+03 2.271370613016188145e-04
3.930200000000039381e+03 2.185061748605221510e-04
3.931100000000039472e+03 2.033275522990152240e-04
3.932000000000039563e+03 1.779260055627673864e-04
3.932900000000039654e+03 1.526360720163211226e-04
3.933800000000039745e+03 1.488813722971826792e-04
3.934700000000039836e+03 1.706759940134361386e-04
3.935600000000039927e+03 1.992663746932521462e-04
3.936500000000040018e+03 2.198084839619696140e-04
3.937400000000040109e+03 2.313895529368892312e-04
3.938300000000040200e+03 2.384158724453300238e-04
3.939200000000040291e+03 2.439812815282493830e-04
3.940100000000040382e+03 2.471642219461500645e-04
3.941000000000040473e+03 2.478250535205006599e-04
3.941900000000040563e+03 2.472334890626370907e-04
3.942800000000040654e+03 2.450890897307544947e-04
3.943700000000040745e+03 2.432055625831708312e-04
3.944600000000040836e+03 2.448422019369900227e-04
3.945500000000040927e+03 2.482741547282785177e-04
3.946400000000041018e+03 2.489170292392373085e-04
3.947300000000041109e+03 2.465509751345962286e-04
3.948200000000041200e+03 2.440036187181249261e-04
3.949100000000041291e+03 2.430461754556745291e-04
3.950000000000041382e+03 2.429768646834418178e-04
3.950900000000041473e+03 2.416508505120873451e-04
3.951800000000041564e+03 2.389326691627502441e-04
3.952700000000041655e+03 2.371219161432236433e-04
3.953600000000041746e+03 2.373472671024501324e-04
3.954500000000041837e+03 2.362421801080927253e-04
3.955400000000041928e+03 2.310435374965891242e-04
3.956300000000042019e+03 2.248407690785825253e-04
3.957200000000042110e+03 2.218404988525435328e-04
3.958100000000042201e+03 2.211516693932935596e-04
3.959000000000042292e+03 2.192261745221912861e-04
3.959900000000042382e+03 2.134664100594818592e-04
3.960800000000042473e+03 2.046732552116736770e-04
3.961700000000042564e+03 1.964462717296555638e-04
3.962600000000042655e+03 1.899301569210365415e-04
3.963500000000042746e+03 1.831765548558905721e-04
3.964400000000042837e+03 1.738463179208338261e-04
3.965300000000042928e+03 1.595192152308300138e-04
3.966200000000043019e+03 1.387498341500759125e-04
3.967100000000043110e+03 1.128116418840363622e-04
3.968000000000043201e+03 8.882582187652587891e-05
3.968900000000043292e+03 7.720904250163584948e-05
3.969800000000043383e+03 8.259191963588818908e-05
3.970700000000043474e+03 1.007009050226770341e-04
3.971600000000043565e+03 1.225803716806694865e-04
3.972500000000043656e+03 1.412207493558526039e-04
3.973400000000043747e+03 1.557111972942948341e-04
3.974300000000043838e+03 1.683203881839290261e-04
3.975200000000043929e+03 1.793940318748354912e-04
3.976100000000044020e+03 1.878593611763790250e-04
3.977000000000044110e+03 1.948048593476414680e-04
3.977900000000044201e+03 2.022063563345000148e-04
3.978800000000044292e+03 2.090936031891033053e-04
3.979700000000044383e+03 2.144108584616333246e-04
3.980600000000044474e+03 2.177365968236699700e-04
3.981500000000044565e+03 2.194567787228152156e-04
3.982400000000044656e+03 2.218715817434713244e-04
3.983300000000044747e+03 2.259116154164075851e-04
3.984200000000044838e+03 2.302638604305684566e-04
3.985100000000044929e+03 2.334547025384381413e-04
3.986000000000045020e+03 2.355103933950886130e-04
3.986900000000045111e+03 2.377174096181988716e-04
3.987800000000045202e+03 2.407905412837862968e-04
3.988700000000045293e+03 2.428008010610938072e-04
3.989600000000045384e+03 2.436136273900046945e-04
3.990500000000045475e+03 2.452580083627253771e-04
3.991400000000045566e+03 2.479910326655954123e-04
3.992300000000045657e+03 2.502480056136846542e-04
3.993200000000045748e+03 2.508337202016264200e-04
3.994100000000045839e+03 2.495916851330548525e-04
3.995000000000045929e+03 2.486439188942313194e-04
3.995900000000046020e+03 2.479690592736005783e-04
3.996800000000046111e+03 2.464368008077144623e-04
3.997700000000046202e+03 2.456899383105337620e-04
3.998600000000046293e+03 2.478768583387136459e-04
3.999500000000046384e+03 2.508933248464018106e-04
4.000400000000046475e+03 2.518301771488040686e-04
4.001300000000046566e+03 2.517421962693333626e-04
4.002200000000046657e+03 2.524717419873923063e-04
4.003100000000046748e+03 2.527827455196529627e-04
4.004000000000046839e+03 2.503791474737226963e-04
4.004900000000046930e+03 2.469436731189489365e-04
4.005800000000047021e+03 2.470723702572286129e-04
4.006700000000047112e+03 2.507657918613404036e-04
4.007600000000047203e+03 2.539235574658960104e-04
4.008500000000047294e+03 2.548350021243095398e-04
4.009400000000047385e+03 2.548564516473561525e-04
4.010300000000047476e+03 2.552929217927157879e-04
4.011200000000047567e+03 2.547083131503313780e-04
4.012100000000047658e+03 2.535824896767735481e-04
4.013000000000047748e+03 2.534814411774277687e-04
4.013900000000047839e+03 2.540806599427014589e-04
4.014800000000047930e+03 2.554353268351405859e-04
4.015700000000048021e+03 2.569192729424685240e-04
4.016600000000048112e+03 2.570297219790518284e-04
4.017500000000048203e+03 2.568457566667348146e-04
4.018400000000048294e+03 2.577063278295099735e-04
4.019300000000048385e+03 2.585371839813888073e-04
4.020200000000048476e+03 2.578409039415419102e-04
4.021100000000048567e+03 2.562399022281169891e-04
4.022000000000048658e+03 2.553019730839878321e-04
4.022900000000048749e+03 2.542778383940458298e-04
4.023800000000048840e+03 2.519098343327641487e-04
4.024700000000048931e+03 2.498539397493004799e-04
4.025600000000049022e+03 2.506675373297184706e-04
4.026500000000049113e+03 2.535105450078845024e-04
4.027400000000049204e+03 2.553360827732831240e-04
4.028300000000049295e+03 2.553180966060608625e-04
4.029200000000049386e+03 2.539932320360094309e-04
4.030100000000049477e+03 2.516762760933488607e-04
4.031000000000049567e+03 2.505466691218316555e-04
4.031900000000049658e+03 2.507697499822825193e-04
4.032800000000049749e+03 2.507179160602390766e-04
4.033700000000049840e+03 2.515570376999676228e-04
4.034600000000049931e+03 2.537594118621200323e-04
4.035500000000050022e+03 2.564794849604368210e-04
4.036400000000050113e+03 2.588918723631650209e-04
4.037300000000050204e+03 2.603781758807599545e-04
4.038200000000050295e+03 2.607993956189602613e-04
4.039100000000050386e+03 2.601930173113942146e-04
4.040000000000050477e+03 2.587145718280225992e-04
4.040900000000050568e+03 2.575161342974752188e-04
4.041800000000050659e+03 2.578706189524382353e-04
4.042700000000050750e+03 2.580479776952415705e-04
4.043600000000050841e+03 2.552586665842682123e-04
4.044500000000050932e+03 2.488768950570374727e-04
4.045400000000051023e+03 2.439406671328470111e-04
4.046300000000051114e+03 2.466362493578344584e-04
4.047200000000051205e+03 2.533482038415968418e-04
4.048100000000051296e+03 2.568025665823370218e-04
4.049000000000051386e+03 2.572579542174935341e-04
4.049900000000051477e+03 2.577315899543464184e-04
4.050800000000051568e+03 2.576549595687538385e-04
4.051700000000051659e+03 2.565891190897673368e-04
4.052600000000051750e+03 2.550493227317929268e-04
4.053500000000051841e+03 2.535797830205410719e-04
4.054400000000051932e+03 2.530972124077379704e-04
4.055300000000052023e+03 2.535610692575573921e-04
4.056200000000052114e+03 2.538621192798018456e-04
4.057100000000052205e+03 2.533912193030118942e-04
4.058000000000052296e+03 2.533436927478760481e-04
4.058900000000052387e+03 2.543227456044405699e-04
4.059800000000052478e+03 2.555393148213624954e-04
4.060700000000052569e+03 2.556293038651347160e-04
4.061600000000052660e+03 2.525524760130792856e-04
4.062500000000052751e+03 2.464993740431964397e-04
4.063400000000052842e+03 2.426961145829409361e-04
4.064300000000052933e+03 2.452917979098856449e-04
4.065200000000053024e+03 2.495394728612154722e-04
4.066100000000053114e+03 2.500592090655118227e-04
4.067000000000053205e+03 2.490867045708000660e-04
4.067900000000053296e+03 2.505943994037806988e-04
4.068800000000053387e+03 2.528174954932183027e-04
4.069700000000053478e+03 2.515692031010985374e-04
4.070600000000053569e+03 2.469921309966593981e-04
4.071500000000053660e+03 2.437760413158684969e-04
4.072400000000053751e+03 2.454320783726871014e-04
4.073300000000053842e+03 2.486050652805715799e-04
4.074200000000053933e+03 2.490967162884771824e-04
4.075100000000054024e+03 2.469223109073936939e-04
4.076000000000054115e+03 2.425402490189298987e-04
4.076900000000054206e+03 2.374819159740582108e-04
4.077800000000054297e+03 2.359995269216597080e-04
4.078700000000054388e+03 2.395414485363289714e-04
4.079600000000054479e+03 2.434642956359311938e-04
4.080500000000054570e+03 2.447073056828230619e-04
4.081400000000054661e+03 2.440495882183313370e-04
4.082300000000054752e+03 2.418310905341058969e-04
4.083200000000054843e+03 2.383980317972600460e-04
4.084100000000054933e+03 2.350430877413600683e-04
4.085000000000055024e+03 2.331741707166656852e-04
4.085900000000055115e+03 2.325631940038874745e-04
4.086800000000055206e+03 2.319547638762742281e-04
4.087700000000055297e+03 2.308057592017576098e-04
4.088600000000055388e+03 2.287173556396737695e-04
4.089500000000055479e+03 2.254269347758963704e-04
4.090400000000055570e+03 2.212313702329993248e-04
4.091300000000055661e+03 2.165567711926996708e-04
4.092200000000055752e+03 2.119697746820747852e-04
4.093100000000055843e+03 2.077743993140757084e-04
4.094000000000055934e+03 2.030988689512014389e-04
4.094900000000056025e+03 1.965251576621085405e-04
4.095800000000056116e+03 1.888854749267920852e-04
4.096700000000056207e+03 1.815253053791821003e-04
4.097600000000056752e+03 1.736515696393325925e-04
4.098500000000056389e+03 1.636212982703000307e-04
4.099400000000056025e+03 1.492525188950821757e-04
4.100300000000056571e+03 1.298354036407545209e-04
4.101200000000057116e+03 1.138338629971258342e-04
4.102100000000056752e+03 1.148112423834390938e-04
4.103000000000056389e+03 1.315859990427270532e-04
4.103900000000056934e+03 1.504870451753959060e-04
4.104800000000057480e+03 1.644001022214069963e-04
4.105700000000057116e+03 1.743047032505273819e-04
4.106600000000056752e+03 1.822488993639126420e-04
4.107500000000057298e+03 1.893011940410360694e-04
4.108400000000057844e+03 1.953517348738387227e-04
4.109300000000057480e+03 2.001224493142217398e-04
4.110200000000057116e+03 2.044933789875358343e-04
4.111100000000057662e+03 2.092236245516687632e-04
4.112000000000058208e+03 2.141260192729532719e-04
4.112900000000057844e+03 2.183513715863227844e-04
4.113800000000057480e+03 2.218360896222293377e-04
4.114700000000058026e+03 2.250998659292235970e-04
4.115600000000058571e+03 2.285669470438733697e-04
4.116500000000058208e+03 2.310445997864007950e-04
4.117400000000057844e+03 2.310987329110503197e-04
4.118300000000058390e+03 2.303554647369310260e-04
4.119200000000058935e+03 2.316112950211390853e-04
4.120100000000058571e+03 2.339815546292811632e-04
4.121000000000058208e+03 2.352580340811982751e-04
4.121900000000058753e+03 2.362029044888913631e-04
4.122800000000059299e+03 2.380658988840878010e-04
4.123700000000058935e+03 2.404456754447892308e-04
4.124600000000058571e+03 2.423561527393758297e-04
4.125500000000059117e+03 2.428978332318365574e-04
4.126400000000059663e+03 2.417789510218426585e-04
4.127300000000059299e+03 2.395834453636780381e-04
4.128200000000058935e+03 2.386079140705987811e-04
4.129100000000059481e+03 2.394943439867347479e-04
4.130000000000060027e+03 2.398697688477113843e-04
4.130900000000059663e+03 2.384328836342319846e-04
4.131800000000059299e+03 2.369276189710944891e-04
4.132700000000059845e+03 2.378615608904510736e-04
4.133600000000060390e+03 2.401190286036580801e-04
4.134500000000060027e+03 2.422485995339229703e-04
4.135400000000059663e+03 2.444929268676787615e-04
4.136300000000060209e+03 2.459482930134981871e-04
4.137200000000060754e+03 2.462018164806067944e-04
4.138100000000060390e+03 2.467505401000380516e-04
4.139000000000060027e+03 2.474390494171530008e-04
4.139900000000060572e+03 2.477445232216268778e-04
4.140800000000061118e+03 2.472739433869719505e-04
4.141700000000060754e+03 2.448860323056578636e-04
4.142600000000060390e+03 2.398570650257170200e-04
4.143500000000060936e+03 2.361863735131919384e-04
4.144400000000061482e+03 2.381478843744844198e-04
4.145300000000061118e+03 2.430089953122660518e-04
4.146200000000060754e+03 2.460758259985595942e-04
4.147100000000061300e+03 2.466733858454972506e-04
4.148000000000061846e+03 2.461023395881056786e-04
4.148900000000061482e+03 2.456164511386305094e-04
4.149800000000061118e+03 2.458604867570102215e-04
4.150700000000061664e+03 2.467437298037111759e-04
4.151600000000062209e+03 2.469707687851041555e-04
4.152500000000061846e+03 2.462798147462308407e-04
4.153400000000061482e+03 2.449200546834617853e-04
4.154300000000062028e+03 2.439141098875552416e-04
4.155200000000062573e+03 2.444117562845349312e-04
4.156100000000062209e+03 2.452156331855803728e-04
4.157000000000061846e+03 2.458694216329604387e-04
4.157900000000062391e+03 2.467727754265069962e-04
4.158800000000062937e+03 2.478555543348193169e-04
4.159700000000062573e+03 2.484895230736583471e-04
4.160600000000062209e+03 2.480213879607617855e-04
4.161500000000062755e+03 2.471961197443306446e-04
4.162400000000063301e+03 2.467332815285772085e-04
4.163300000000062937e+03 2.464007120579481125e-04
4.164200000000062573e+03 2.472742926329374313e-04
4.165100000000063119e+03 2.488497120793908834e-04
4.166000000000063665e+03 2.489088219590485096e-04
4.166900000000063301e+03 2.478437381796538830e-04
4.167800000000062937e+03 2.477096568327397108e-04
4.168700000000063483e+03 2.486078010406345129e-04
4.169600000000064028e+03 2.481534029357135296e-04
4.170500000000063665e+03 2.452917979098856449e-04
4.171400000000063301e+03 2.409610751783475280e-04
4.172300000000063847e+03 2.370862930547446012e-04
4.173200000000064392e+03 2.358714409638196230e-04
4.174100000000064028e+03 2.378679928369820118e-04
4.175000000000063665e+03 2.408937871223315597e-04
4.175900000000064210e+03 2.422895486233755946e-04
4.176800000000064756e+03 2.412979520158842206e-04
4.177700000000064392e+03 2.395968185737729073e-04
4.178600000000064028e+03 2.400496014161035419e-04
4.179500000000064574e+03 2.428563457215204835e-04
4.180400000000065120e+03 2.449225867167115211e-04
4.181300000000064756e+03 2.447366423439234495e-04
4.182200000000064392e+03 2.442998811602592468e-04
4.183100000000064938e+03 2.449221501592546701e-04
4.184000000000065484e+03 2.456546935718506575e-04
4.184900000000065120e+03 2.459968673065304756e-04
4.185800000000064756e+03 2.446988073643296957e-04
4.186700000000065302e+03 2.416474599158391356e-04
4.187600000000065847e+03 2.404768165433779359e-04
4.188500000000065484e+03 2.427233266644179821e-04
4.189400000000065120e+03 2.451416512485593557e-04
4.190300000000065666e+03 2.452493063174188137e-04
4.191200000000066211e+03 2.441765100229531527e-04
4.192100000000065847e+03 2.450167958158999681e-04
4.193000000000065484e+03 2.474102657288312912e-04
4.193900000000066029e+03 2.479121030773967505e-04
4.194800000000066575e+03 2.460002724546939135e-04
4.195700000000066211e+03 2.446108846925199032e-04
4.196600000000065847e+03 2.436333888908848166e-04
4.197500000000066393e+03 2.404977276455610991e-04
4.198400000000066939e+03 2.374564646743237972e-04
4.199300000000066575e+03 2.384254185017198324e-04
4.200200000000066211e+03 2.405990817351266742e-04
4.201100000000066757e+03 2.402346144663169980e-04
4.202000000000067303e+03 2.394472248852252960e-04
4.202900000000066939e+03 2.404710685368627310e-04
4.203800000000066575e+03 2.415252674836665392e-04
4.204700000000067121e+03 2.417980431346222758e-04
4.205600000000067666e+03 2.421076205791905522e-04
4.206500000000067303e+03 2.426408027531579137e-04
4.207400000000066939e+03 2.433499321341514587e-04
4.208300000000067485e+03 2.438301016809418797e-04
4.209200000000068030e+03 2.434727939544245601e-04
4.210100000000067666e+03 2.427212748443707824e-04
4.211000000000067303e+03 2.430148160783573985e-04
4.211900000000067848e+03 2.440115349600091577e-04
4.212800000000068394e+03 2.444615529384464025e-04
4.213700000000068030e+03 2.432095934636890888e-04
4.214600000000067666e+03 2.393585746176540852e-04
4.215500000000068212e+03 2.357067569391801953e-04
4.216400000000068758e+03 2.367423439864069223e-04
4.217300000000068394e+03 2.405411651125177741e-04
4.218200000000068030e+03 2.429233572911471128e-04
4.219100000000068576e+03 2.437125367578119040e-04
4.220000000000069122e+03 2.444998244754970074e-04
4.220900000000068758e+03 2.445692953187972307e-04
4.221800000000068394e+03 2.430462191114202142e-04
4.222700000000068940e+03 2.412042667856439948e-04
4.223600000000069485e+03 2.398807555437088013e-04
4.224500000000069122e+03 2.372656454099342227e-04
4.225400000000068758e+03 2.319349296158179641e-04
4.226300000000069303e+03 2.264933573314920068e-04
4.227200000000069849e+03 2.277522726217284799e-04
4.228100000000069485e+03 2.358856872888281941e-04
4.229000000000069122e+03 2.426392748020589352e-04
4.229900000000069667e+03 2.444978454150259495e-04
4.230800000000070213e+03 2.435096830595284700e-04
4.231700000000069849e+03 2.401550736976787448e-04
4.232600000000069485e+03 2.356264012632891536e-04
4.233500000000070031e+03 2.346779510844498873e-04
4.234400000000070577e+03 2.374678006162866950e-04
4.235300000000070213e+03 2.383558894507586956e-04
4.236200000000069849e+03 2.373500756220892072e-04
4.237100000000070395e+03 2.382376842433586717e-04
4.238000000000070941e+03 2.395459450781345367e-04
4.238900000000070577e+03 2.401447272859513760e-04
4.239800000000070213e+03 2.410332381259649992e-04
4.240700000000070759e+03 2.417825744487345219e-04
4.241600000000071304e+03 2.409622102277353406e-04
4.242500000000070941e+03 2.399473596597090364e-04
4.243400000000070577e+03 2.407383581157773733e-04
4.244300000000071122e+03 2.420829987386241555e-04
4.245200000000071668e+03 2.408301224932074547e-04
4.246100000000071304e+03 2.369633875787258148e-04
4.247000000000070941e+03 2.343473461223766208e-04
4.247900000000071486e+03 2.350443246541544795e-04
4.248800000000072032e+03 2.352883748244494200e-04
4.249700000000071668e+03 2.334301389055326581e-04
4.250600000000071304e+03 2.335463505005463958e-04
4.251500000000071850e+03 2.370152797084301710e-04
4.252400000000072396e+03 2.388714783592149615e-04
4.253300000000072032e+03 2.370647853240370750e-04
4.254200000000071668e+03 2.352623414481058717e-04
4.255100000000072214e+03 2.363142120884731412e-04
4.256000000000072760e+03 2.390144363744184375e-04
4.256900000000072396e+03 2.406333660474047065e-04
4.257800000000072032e+03 2.399048389634117484e-04
4.258700000000072578e+03 2.373211609665304422e-04
4.259600000000073123e+03 2.343399683013558388e-04
4.260500000000072760e+03 2.328647969989106059e-04
4.261400000000072396e+03 2.346683759242296219e-04
4.262300000000072941e+03 2.383648825343698263e-04
4.263200000000073487e+03 2.411320310784503818e-04
4.264100000000073123e+03 2.420892415102571249e-04
4.265000000000072760e+03 2.423807454761117697e-04
4.265900000000073305e+03 2.418383955955505371e-04
4.266800000000073851e+03 2.397590869804844260e-04
4.267700000000073487e+03 2.376910706516355276e-04
4.268600000000073123e+03 2.371530863456428051e-04
4.269500000000073669e+03 2.353423769818618894e-04
4.270400000000074215e+03 2.303152286913245916e-04
4.271300000000073851e+03 2.258981257909908891e-04
4.272200000000073487e+03 2.268999523948878050e-04
4.273100000000074033e+03 2.298908657394349575e-04
4.274000000000074579e+03 2.300999913131818175e-04
4.274900000000074215e+03 2.302729553775861859e-04
4.275800000000073851e+03 2.333637821720913053e-04
4.276700000000074397e+03 2.368801651755347848e-04
4.277600000000074942e+03 2.379401412326842546e-04
4.278500000000074579e+03 2.369608700973913074e-04
4.279400000000074215e+03 2.348023990634828806e-04
4.280300000000074760e+03 2.328572154510766268e-04
4.281200000000075306e+03 2.320456260349601507e-04
4.282100000000074942e+03 2.319563209312036633e-04
4.283000000000074579e+03 2.326378453290089965e-04
4.283900000000075124e+03 2.334277960471808910e-04
4.284800000000075670e+03 2.326717512914910913e-04
4.285700000000075306e+03 2.314999146619811654e-04
4.286600000000074942e+03 2.311262069270014763e-04
4.287500000000075488e+03 2.303197543369606137e-04
4.288400000000076034e+03 2.270120312459766865e-04
4.289300000000075670e+03 2.221173490397632122e-04
4.290200000000075306e+03 2.206324279541149735e-04
4.291100000000075852e+03 2.244662173325195909e-04
4.292000000000076398e+03 2.289993281010538340e-04
4.292900000000076034e+03 2.298141771461814642e-04
4.293800000000075670e+03 2.273878490086644888e-04
4.294700000000076216e+03 2.264778740936890244e-04
4.295600000000076761e+03 2.270859840791672468e-04
4.296500000000076398e+03 2.263421629322692752e-04
4.297400000000076034e+03 2.239018795080482960e-04
4.298300000000076579e+03 2.194814442191272974e-04
4.299200000000077125e+03 2.137679548468440771e-04
4.300100000000076761e+03 2.111981448251754045e-04
4.301000000000076398e+03 2.120964345522224903e-04
4.301900000000076943e+03 2.128054329659789801e-04
4.302800000000077489e+03 2.137992705684155226e-04
4.303700000000077125e+03 2.166342310374602675e-04
4.304600000000076761e+03 2.192177926190197468e-04
4.305500000000077307e+03 2.194713451899588108e-04
4.306400000000077853e+03 2.165602491004392505e-04
4.307300000000077489e+03 2.116421819664537907e-04
4.308200000000077125e+03 2.098302065860480070e-04
4.309100000000077671e+03 2.124855527654290199e-04
4.310000000000078217e+03 2.156051486963406205e-04
4.310900000000077853e+03 2.165826881537213922e-04
4.311800000000077489e+03 2.157704584533348680e-04
4.312700000000078035e+03 2.146138285752385855e-04
4.313600000000078580e+03 2.139309654012322426e-04
4.314500000000078217e+03 2.149460633518174291e-04
4.315400000000077853e+03 2.198080037487670779e-04
4.316300000000078398e+03 2.255407744087278843e-04
4.317200000000078944e+03 2.275969454785808921e-04
4.318100000000078580e+03 2.265338989673182368e-04
4.319000000000078217e+03 2.245873620267957449e-04
4.319900000000078762e+03 2.220687456429004669e-04
4.320800000000079308e+03 2.198497822973877192e-04
4.321700000000078944e+03 2.187900390708819032e-04
4.322600000000078580e+03 2.163691679015755653e-04
4.323500000000079126e+03 2.114411327056586742e-04
4.324400000000079672e+03 2.057787642115727067e-04
4.325300000000079308e+03 2.022057014983147383e-04
4.326200000000078944e+03 2.032781485468149185e-04
4.327100000000079490e+03 2.069771871902048588e-04
4.328000000000080036e+03 2.084475854644551873e-04
4.328900000000079672e+03 2.063949650619179010e-04
4.329800000000079308e+03 2.025857538683339953e-04
4.330700000000079854e+03 1.991494937101379037e-04
4.331600000000080399e+03 1.963929098565131426e-04
4.332500000000080036e+03 1.930699654622003436e-04
4.333400000000079672e+03 1.884714147308841348e-04
4.334300000000080217e+03 1.833208370953798294e-04
4.335200000000080763e+03 1.776002172846347094e-04
4.336100000000080399e+03 1.693805097602307796e-04
4.337000000000080036e+03 1.577972579980269074e-04
4.337900000000080581e+03 1.446968235541135073e-04
4.338800000000081127e+03 1.285999460378661752e-04
4.339700000000080763e+03 1.116224593715742230e-04
4.340600000000080399e+03 1.078791319741867483e-04
4.341500000000080945e+03 1.228888286277651787e-04
4.342400000000081491e+03 1.425505179213359952e-04
4.343300000000081127e+03 1.553850888740271330e-04
4.344200000000080763e+03 1.637687528273090720e-04
4.345100000000081309e+03 1.720840373309329152e-04
4.346000000000081855e+03 1.792456314433366060e-04
4.346900000000081491e+03 1.841997727751731873e-04
4.347800000000081127e+03 1.888562255771830678e-04
4.348700000000081673e+03 1.940780784934759140e-04
4.349600000000082218e+03 1.971647288883104920e-04
4.350500000000081855e+03 1.961556408787146211e-04
4.351400000000081491e+03 1.942687085829675198e-04
4.352300000000082036e+03 1.962981623364612460e-04
4.353200000000082582e+03 2.023265114985406399e-04
4.354100000000082218e+03 2.079537080135196447e-04
4.355000000000081855e+03 2.111909270752221346e-04
4.355900000000082400e+03 2.132988302037119865e-04
4.356800000000082946e+03 2.153038076357915998e-04
4.357700000000082582e+03 2.164768666261807084e-04
4.358600000000082218e+03 2.167420607293024659e-04
4.359500000000082764e+03 2.174885157728567719e-04
4.360400000000083310e+03 2.194871340179815888e-04
4.361300000000082946e+03 2.215299027739092708e-04
4.362200000000082582e+03 2.222154289484024048e-04
4.363100000000083128e+03 2.227077638963237405e-04
4.364000000000083674e+03 2.242878981633111835e-04
4.364900000000083310e+03 2.259739412693306804e-04
4.365800000000082946e+03 2.257603337056934834e-04
4.366700000000083492e+03 2.236643049400299788e-04
4.367600000000084037e+03 2.223260380560532212e-04
4.368500000000083674e+03 2.230444806627929211e-04
4.369400000000083310e+03 2.240625472040846944e-04
4.370300000000083855e+03 2.245059731649234891e-04
4.371200000000084401e+03 2.251986734336242080e-04
4.372100000000084037e+03 2.258206368423998356e-04
4.373000000000083674e+03 2.249001991003751755e-04
4.373900000000084219e+03 2.219672023784369230e-04
4.374800000000084765e+03 2.198462752858176827e-04
4.375700000000084401e+03 2.213229890912771225e-04
4.376600000000084037e+03 2.251853584311902523e-04
4.377500000000084583e+03 2.284876827616244555e-04
4.378400000000085129e+03 2.295995946042239666e-04
4.379300000000084765e+03 2.294538280693814158e-04
4.380200000000084401e+03 2.291648706886917353e-04
4.381100000000084947e+03 2.281647030031308532e-04
4.382000000000085493e+03 2.238530578324571252e-04
4.382900000000085129e+03 2.169289364246651530e-04
4.383800000000084765e+03 2.133157395292073488e-04
4.384700000000085311e+03 2.158209827030077577e-04
4.385600000000085856e+03 2.211012615589424968e-04
4.386500000000085493e+03 2.250436809845268726e-04
4.387400000000085129e+03 2.261269546579569578e-04
4.388300000000085674e+03 2.259825123474001884e-04
4.389200000000086220e+03 2.256889565614983439e-04
4.390100000000085856e+03 2.257230225950479507e-04
4.391000000000085493e+03 2.266775263706222177e-04
4.391900000000086038e+03 2.282253408338874578e-04
4.392800000000086584e+03 2.280262706335633993e-04
4.393700000000086220e+03 2.244018396595492959e-04
4.394600000000085856e+03 2.205781784141436219e-04
4.395500000000086402e+03 2.216215070802718401e-04
4.396400000000086948e+03 2.264233335154131055e-04
4.397300000000086584e+03 2.293202123837545514e-04
4.398200000000086220e+03 2.284420770592987537e-04
4.399100000000086766e+03 2.258225431432947516e-04
4.400000000000087311e+03 2.241607435280457139e-04
4.400900000000086948e+03 2.256176958326250315e-04
4.401800000000086584e+03 2.287941315444186330e-04
4.402700000000087130e+03 2.295835292898118496e-04
4.403600000000087675e+03 2.262129273731261492e-04
4.404500000000087311e+03 2.229066012660041451e-04
4.405400000000086948e+03 2.246913063572719693e-04
4.406300000000087493e+03 2.283854846609756351e-04
4.407200000000088039e+03 2.288587129442021251e-04
4.408100000000087675e+03 2.276599698234349489e-04
4.409000000000087311e+03 2.279658219777047634e-04
4.409900000000087857e+03 2.292858989676460624e-04
4.410800000000088403e+03 2.302451321156695485e-04
4.411700000000088039e+03 2.311959251528605819e-04
4.412600000000087675e+03 2.315017773071303964e-04
4.413500000000088221e+03 2.291930431965738535e-04
4.414400000000088767e+03 2.249532262794673443e-04
4.415300000000088403e+03 2.220206661149859428e-04
4.416200000000088039e+03 2.216370776295661926e-04
4.417100000000088585e+03 2.223783230874687433e-04
4.418000000000089130e+03 2.245048235636204481e-04
4.418900000000088767e+03 2.281581546412780881e-04
4.419800000000088403e+03 2.308756666025146842e-04
4.420700000000088949e+03 2.306517999386414886e-04
4.421600000000089494e+03 2.287855750182643533e-04
4.422500000000089130e+03 2.280345652252435684e-04
4.423400000000088767e+03 2.288145187776535749e-04
4.424300000000089312e+03 2.290162519784644246e-04
4.425200000000089858e+03 2.279720356455072761e-04
4.426100000000089494e+03 2.263761707581579685e-04
4.427000000000089130e+03 2.252101694466546178e-04
4.427900000000089676e+03 2.259481552755460143e-04
4.428800000000090222e+03 2.271232951898127794e-04
4.429700000000089858e+03 2.270340773975476623e-04
4.430600000000089494e+03 2.269005490234121680e-04
4.431500000000090040e+03 2.277097228216007352e-04
4.432400000000090586e+03 2.278635656693950295e-04
4.433300000000090222e+03 2.261063928017392755e-04
4.434200000000089858e+03 2.232454862678423524e-04
4.435100000000090404e+03 2.220161695731803775e-04
4.436000000000090949e+03 2.244993811473250389e-04
4.436900000000090586e+03 2.282362693222239614e-04
4.437800000000090222e+03 2.302340581081807613e-04
4.438700000000090768e+03 2.306737151229754090e-04
4.439600000000091313e+03 2.300141059095039964e-04
4.440500000000090949e+03 2.282262721564620733e-04
4.441400000000090586e+03 2.251045953016728163e-04
4.442300000000091131e+03 2.211528480984270573e-04
4.443200000000091677e+03 2.186230121878907084e-04
4.444100000000091313e+03 2.200465969508513808e-04
4.445000000000090949e+03 2.241398178739473224e-04
4.445900000000091495e+03 2.268005773657932878e-04
4.446800000000092041e+03 2.267927920911461115e-04
4.447700000000091677e+03 2.265218208776786923e-04
4.448600000000091313e+03 2.263896458316594362e-04
4.449500000000091859e+03 2.250845718663185835e-04
4.450400000000092405e+03 2.240278554381802678e-04
4.451300000000092041e+03 2.250694669783115387e-04
4.452200000000091677e+03 2.268247044412419200e-04
4.453100000000092223e+03 2.264442446175962687e-04
4.454000000000092768e+03 2.235487772850319743e-04
4.454900000000092405e+03 2.213823609054088593e-04
4.455800000000092041e+03 2.224218624178320169e-04
4.456700000000092587e+03 2.249921089969575405e-04
4.457600000000093132e+03 2.261084882775321603e-04
4.458500000000092768e+03 2.252511767437681556e-04
4.459400000000092405e+03 2.245996583951637149e-04
4.460300000000092950e+03 2.243450580863282084e-04
4.461200000000093496e+03 2.233321283711120486e-04
4.462100000000093132e+03 2.233367849839851260e-04
4.463000000000092768e+03 2.248666860396042466e-04
4.463900000000093314e+03 2.255114959552884102e-04
4.464800000000093860e+03 2.249044919153675437e-04
4.465700000000093496e+03 2.239969326183199883e-04
4.466600000000093132e+03 2.225169009761884809e-04
4.467500000000093678e+03 2.197395369876176119e-04
4.468400000000094224e+03 2.173542015952989459e-04
4.469300000000093860e+03 2.176307461922988296e-04
4.470200000000093496e+03 2.190326922573149204e-04
4.471100000000094042e+03 2.198514848714694381e-04
4.472000000000094587e+03 2.212805411545559764e-04
4.472900000000094224e+03 2.236112777609378099e-04
4.473800000000093860e+03 2.253496058983728290e-04
4.474700000000094406e+03 2.256045117974281311e-04
4.475600000000094951e+03 2.250364195788279176e-04
4.476500000000094587e+03 2.254551654914394021e-04
4.477400000000094224e+03 2.263718051835894585e-04
4.478300000000094769e+03 2.257386076962575316e-04
4.479200000000095315e+03 2.224680356448516250e-04
4.480100000000094951e+03 2.167666098102927208e-04
4.481000000000094587e+03 2.121206925949081779e-04
4.481900000000095133e+03 2.130165521521121264e-04
4.482800000000095679e+03 2.184830082114785910e-04
4.483700000000095315e+03 2.235928841400891542e-04
4.484600000000094951e+03 2.256900188513100147e-04
4.485500000000095497e+03 2.261249173898249865e-04
4.486400000000096043e+03 2.260865003336220980e-04
4.487300000000095679e+03 2.251510886708274484e-04
4.488200000000095315e+03 2.229424426332116127e-04
4.489100000000095861e+03 2.210757811553776264e-04
4.490000000000096406e+03 2.212090621469542384e-04
4.490900000000096043e+03 2.228646335424855351e-04
4.491800000000095679e+03 2.243233029730618000e-04
4.492700000000096225e+03 2.247217053081840277e-04
4.493600000000096770e+03 2.236603468190878630e-04
4.494500000000096406e+03 2.227780059911310673e-04
4.495400000000096043e+03 2.231428225059062243e-04
4.496300000000096588e+03 2.237894223071634769e-04
4.497200000000097134e+03 2.246420335723087192e-04
4.498100000000096770e+03 2.256248844787478447e-04
4.499000000000096406e+03 2.253672137157991529e-04
4.499900000000096952e+03 2.227396616945043206e-04
4.500800000000097498e+03 2.200158778578042984e-04
4.501700000000097134e+03 2.205379423685371876e-04
4.502600000000096770e+03 2.240396861452609301e-04
4.503500000000097316e+03 2.266041847178712487e-04
4.504400000000097862e+03 2.272574201924726367e-04
4.505300000000097498e+03 2.269001706736162305e-04
4.506200000000097134e+03 2.257735177408903837e-04
4.507100000000097680e+03 2.238614397356286645e-04
4.508000000000098225e+03 2.228477824246510863e-04
4.508900000000097862e+03 2.237054723082110286e-04
4.509800000000097498e+03 2.251981204608455300e-04
4.510700000000098044e+03 2.258489403175190091e-04
4.511600000000098589e+03 2.255786675959825516e-04
4.512500000000098225e+03 2.248756936751306057e-04
4.513400000000097862e+03 2.236920263385400176e-04
4.514300000000098407e+03 2.219947054982185364e-04
4.515200000000098953e+03 2.212766121374443173e-04
4.516100000000098589e+03 2.222728508058935404e-04
4.517000000000098225e+03 2.231262333225458860e-04
4.517900000000098771e+03 2.226096112281084061e-04
4.518800000000099317e+03 2.217734872829169035e-04
4.519700000000098953e+03 2.212761028204113245e-04
4.520600000000098589e+03 2.209474332630634308e-04
4.521500000000099135e+03 2.198137808591127396e-04
4.522400000000099681e+03 2.184626646339893341e-04
4.523300000000099317e+03 2.190827362937852740e-04
4.524200000000098953e+03 2.205994678661227226e-04
4.525100000000099499e+03 2.211411920143291354e-04
4.526000000000100044e+03 2.208206569775938988e-04
4.526900000000099681e+03 2.197064022766426206e-04
4.527800000000099317e+03 2.177120768465101719e-04
4.528700000000099863e+03 2.166655467590317130e-04
4.529600000000100408e+03 2.174261026084423065e-04
4.530500000000100044e+03 2.184798358939588070e-04
4.531400000000099681e+03 2.187769277952611446e-04
4.532300000000100226e+03 2.172350941691547632e-04
4.533200000000100772e+03 2.136377297574654222e-04
4.534100000000100408e+03 2.118676056852564216e-04
4.535000000000100044e+03 2.141717413906008005e-04
4.535900000000100590e+03 2.182010503020137548e-04
4.536800000000101136e+03 2.216520806541666389e-04
4.537700000000100772e+03 2.235990541521459818e-04
4.538600000000100408e+03 2.236773143522441387e-04
4.539500000000100954e+03 2.226331125712022185e-04
4.540400000000101500e+03 2.214945125160738826e-04
4.541300000000101136e+03 2.213838452007621527e-04
4.542200000000100772e+03 2.222885814262554049e-04
4.543100000000101318e+03 2.228491357527673244e-04
4.544000000000101863e+03 2.219515881733968854e-04
4.544900000000101500e+03 2.207640500273555517e-04
4.545800000000101136e+03 2.207713841926306486e-04
4.546700000000101682e+03 2.210299571743234992e-04
4.547600000000102227e+03 2.184708719141781330e-04
4.548500000000101863e+03 2.120635908795520663e-04
4.549400000000101500e+03 2.078563120448961854e-04
4.550300000000102045e+03 2.111949288519099355e-04
4.551200000000102591e+03 2.168536302633583546e-04
4.552100000000102227e+03 2.180915034841746092e-04
4.553000000000101863e+03 2.158315182896330953e-04
4.553900000000102409e+03 2.135722170351073146e-04
4.554800000000102955e+03 2.129933709511533380e-04
4.555700000000102591e+03 2.143966994481161237e-04
4.556600000000102227e+03 2.166966150980442762e-04
4.557500000000102773e+03 2.180101728299632668e-04
4.558400000000103319e+03 2.180747687816619873e-04
4.559300000000102955e+03 2.185759221902117133e-04
4.560200000000102591e+03 2.200298913521692157e-04
4.561100000000103137e+03 2.207813085988163948e-04
4.562000000000103682e+03 2.193243126384913921e-04
4.562900000000103319e+03 2.161542361136525869e-04
4.563800000000102955e+03 2.146289480151608586e-04
4.564700000000103500e+03 2.162386517738923430e-04
4.565600000000104046e+03 2.186248311772942543e-04
4.566500000000103682e+03 2.202825853601098061e-04
4.567400000000103319e+03 2.209843951277434826e-04
4.568300000000103864e+03 2.208836231147870421e-04
4.569200000000104410e+03 2.200679300585761666e-04
4.570100000000104046e+03 2.173766843043267727e-04
4.571000000000103682e+03 2.131099754478782415e-04
4.571900000000104228e+03 2.117434050887823105e-04
4.572800000000104774e+03 2.147753257304430008e-04
4.573700000000104410e+03 2.179821021854877472e-04
4.574600000000104046e+03 2.185518969781696796e-04
4.575500000000104592e+03 2.177932037739083171e-04
4.576400000000105138e+03 2.175231638830155134e-04
4.577300000000104774e+03 2.179176372010260820e-04
4.578200000000104410e+03 2.180474693886935711e-04
4.579100000000104956e+03 2.176149573642760515e-04
4.580000000000105501e+03 2.171061642002314329e-04
4.580900000000105138e+03 2.169026702176779509e-04
4.581800000000104774e+03 2.157541894121095538e-04
4.582700000000105319e+03 2.131305809598416090e-04
4.583600000000105865e+03 2.116486575687304139e-04
4.584500000000105501e+03 2.134846581611782312e-04
4.585400000000105138e+03 2.163752797059714794e-04
4.586300000000105683e+03 2.174033143091946840e-04
4.587200000000106229e+03 2.167577767977491021e-04
4.588100000000105865e+03 2.160531876143068075e-04
4.589000000000105501e+03 2.156962727895006537e-04
4.589900000000106047e+03 2.156138798454776406e-04
4.590800000000106593e+03 2.157636481570079923e-04
4.591700000000106229e+03 2.157207200070843101e-04
4.592600000000105865e+03 2.158749703085049987e-04
4.593500000000106411e+03 2.167349011870101094e-04
4.594400000000106957e+03 2.176812995458021760e-04
4.595300000000106593e+03 2.181061718147248030e-04
4.596200000000106229e+03 2.183469623560085893e-04
4.597100000000106775e+03 2.185329212807118893e-04
4.598000000000107320e+03 2.186557831009849906e-04
4.598900000000106957e+03 2.185671764891594648e-04
4.599800000000106593e+03 2.178349823225289583e-04
4.600700000000107138e+03 2.166662743547931314e-04
4.601600000000107684e+03 2.158295392291620374e-04
4.602500000000107320e+03 2.155187394237145782e-04
4.603400000000106957e+03 2.161268930649384856e-04
4.604300000000107502e+03 2.171159721910953522e-04
4.605200000000108048e+03 2.173226530430838466e-04
4.606100000000107684e+03 2.168955979868769646e-04
4.607000000000107320e+03 2.167889324482530355e-04
4.607900000000107866e+03 2.171487867599353194e-04
4.608800000000108412e+03 2.176926063839346170e-04
4.609700000000108048e+03 2.179413422709330916e-04
4.610600000000107684e+03 2.175974659621715546e-04
4.611500000000108230e+03 2.171689848182722926e-04
4.612400000000108776e+03 2.168485225411131978e-04
4.613300000000108412e+03 2.165777259506285191e-04
4.614200000000108048e+03 2.167571365134790540e-04
4.615100000000108594e+03 2.164655161323025823e-04
4.616000000000109139e+03 2.154219546355307102e-04
4.616900000000108776e+03 2.150509972125291824e-04
4.617800000000108412e+03 2.149502106476575136e-04
4.618700000000108957e+03 2.141524892067536712e-04
4.619600000000109503e+03 2.139276330126449466e-04
4.620500000000109139e+03 2.148231724277138710e-04
4.621400000000108776e+03 2.157975977752357721e-04
4.622300000000109321e+03 2.163305762223899364e-04
4.623200000000109867e+03 2.164047036785632372e-04
4.624100000000109503e+03 2.159648865927010775e-04
4.625000000000109139e+03 2.151551598217338324e-04
4.625900000000109685e+03 2.148174098692834377e-04
4.626800000000110231e+03 2.146544866263866425e-04
4.627700000000109867e+03 2.135559625457972288e-04
4.628600000000109503e+03 2.118092961609363556e-04
4.629500000000110049e+03 2.114729868480935693e-04
4.630400000000110595e+03 2.131288929376751184e-04
4.631300000000110231e+03 2.145003236364573240e-04
4.632200000000109867e+03 2.138990384992212057e-04
4.633100000000110413e+03 2.126718318322673440e-04
4.634000000000110958e+03 2.122714940924197435e-04
4.634900000000110595e+03 2.128896740032359958e-04
4.635800000000110231e+03 2.134794776793569326e-04
4.636700000000110776e+03 2.135518298018723726e-04
4.637600000000111322e+03 2.134578389814123511e-04
4.638500000000110958e+03 2.136987022822722793e-04
4.639400000000110595e+03 2.139257412636652589e-04
4.640300000000111140e+03 2.142108569387346506e-04
4.641200000000111686e+03 2.147810155292972922e-04
4.642100000000111322e+03 2.152338420273736119e-04
4.643000000000110958e+03 2.152486995328217745e-04
4.643900000000111504e+03 2.149580395780503750e-04
4.644800000000112050e+03 2.139659191016107798e-04
4.645700000000111686e+03 2.125365572283044457e-04
4.646600000000111322e+03 2.116911491611972451e-04
4.647500000000111868e+03 2.118274569511413574e-04
4.648400000000112414e+03 2.125157625414431095e-04
4.649300000000112050e+03 2.132808149326592684e-04
4.650200000000111686e+03 2.137391129508614540e-04
4.651100000000112232e+03 2.136113180313259363e-04
4.652000000000112777e+03 2.136326802428811789e-04
4.652900000000112414e+03 2.134815149474889040e-04
4.653800000000112050e+03 2.124340389855206013e-04
4.654700000000112595e+03 2.114285307470709085e-04
4.655600000000113141e+03 2.111202338710427284e-04
4.656500000000112777e+03 2.111979993060231209e-04
4.657400000000112414e+03 2.119968703482300043e-04
4.658300000000112959e+03 2.133464149665087461e-04
4.659200000000113505e+03 2.144711470464244485e-04
4.660100000000113141e+03 2.149257925339043140e-04
4.661000000000112777e+03 2.146319748135283589e-04
4.661900000000113323e+03 2.138080017175525427e-04
4.662800000000113869e+03 2.128160704160109162e-04
4.663700000000113505e+03 2.122149744536727667e-04
4.664600000000113141e+03 2.120824356097728014e-04
4.665500000000113687e+03 2.112481161020696163e-04
4.666400000000114233e+03 2.092667273245751858e-04
4.667300000000113869e+03 2.077857934636995196e-04
4.668200000000113505e+03 2.080121485050767660e-04
4.669100000000114051e+03 2.090751222567632794e-04
4.670000000000114596e+03 2.098558179568499327e-04
4.670900000000114233e+03 2.107143809553235769e-04
4.671800000000113869e+03 2.113844238920137286e-04
4.672700000000114414e+03 2.113285881932824850e-04
4.673600000000114960e+03 2.110233908751979470e-04
4.674500000000114596e+03 2.112086222041398287e-04
4.675400000000114233e+03 2.116315881721675396e-04
4.676300000000114778e+03 2.118143311236053705e-04
4.677200000000115324e+03 2.113326481776311994e-04
4.678100000000114960e+03 2.103070000885054469e-04
4.679000000000114596e+03 2.095921809086576104e-04
4.679900000000115142e+03 2.096441603498533368e-04
4.680800000000115688e+03 2.097567194141447544e-04
4.681700000000115324e+03 2.098825498251244426e-04
4.682600000000114960e+03 2.101403952110558748e-04
4.683500000000115506e+03 2.105213643517345190e-04
4.684400000000116052e+03 2.105583553202450275e-04
4.685300000000115688e+03 2.104481536662206054e-04
4.686200000000115324e+03 2.105847379425540566e-04
4.687100000000115870e+03 2.107385371346026659e-04
4.688000000000116415e+03 2.107588370563462377e-04
4.688900000000116052e+03 2.109823108185082674e-04
4.689800000000115688e+03 2.110064378939568996e-04
4.690700000000116233e+03 2.104358427459374070e-04
4.691600000000116779e+03 2.103603328578174114e-04
4.692500000000116415e+03 2.109383640345185995e-04
4.693400000000116052e+03 2.113309601554647088e-04
4.694300000000116597e+03 2.114376111421734095e-04
4.695200000000117143e+03 2.116192772518843412e-04
4.696100000000116779e+03 2.115185925504192710e-04
4.697000000000116415e+03 2.110616042045876384e-04
4.697900000000116961e+03 2.103151637129485607e-04
4.698800000000117507e+03 2.099146222462877631e-04
4.699700000000117143e+03 2.101239078911021352e-04
4.700600000000116779e+03 2.101997524732723832e-04
4.701500000000117325e+03 2.089206245727837086e-04
4.702400000000117871e+03 2.071221824735403061e-04
4.703300000000117507e+03 2.069984620902687311e-04
4.704200000000117143e+03 2.088595210807397962e-04
4.705100000000117689e+03 2.101726713590323925e-04
4.706000000000118234e+03 2.098584518535062671e-04
4.706900000000117871e+03 2.087514440063387156e-04
4.707800000000117507e+03 2.081052080029621720e-04
4.708700000000118052e+03 2.082976134261116385e-04
4.709600000000118598e+03 2.090538328047841787e-04
4.710500000000118234e+03 2.098701370414346457e-04
4.711400000000117871e+03 2.101874997606500983e-04
4.712300000000118416e+03 2.094778901664540172e-04
4.713200000000118962e+03 2.081441634800285101e-04
4.714100000000118598e+03 2.073803334496915340e-04
4.715000000000118234e+03 2.079653058899566531e-04
4.715900000000118780e+03 2.095027448376640677e-04
4.716800000000119326e+03 2.106469764839857817e-04
4.717700000000118962e+03 2.108358894474804401e-04
4.718600000000118598e+03 2.106825995724648237e-04
4.719500000000119144e+03 2.106115134665742517e-04
4.720400000000119690e+03 2.104552404489368200e-04
4.721300000000119326e+03 2.101500867865979671e-04
4.722200000000118962e+03 2.097454998875036836e-04
4.723100000000119508e+03 2.099737903336063027e-04
4.724000000000120053e+03 2.106768806697800756e-04
4.724900000000119690e+03 2.110295899910852313e-04
4.725800000000119326e+03 2.107384643750265241e-04
4.726700000000119871e+03 2.097280084853991866e-04
4.727600000000120417e+03 2.087217144435271621e-04
4.728500000000120053e+03 2.086102031171321869e-04
4.729400000000119690e+03 2.086920285364612937e-04
4.730300000000120235e+03 2.083976723952218890e-04
4.731200000000120781e+03 2.080941776512190700e-04
4.732100000000120417e+03 2.083313738694414496e-04
4.733000000000120053e+03 2.086884924210608006e-04
4.733900000000120599e+03 2.088327164528891444e-04
4.734800000000121145e+03 2.086386521114036441e-04
4.735700000000120781e+03 2.077492972603067756e-04
4.736600000000120417e+03 2.071556809823960066e-04
4.737500000000120963e+03 2.081914281006902456e-04
4.738400000000121508e+03 2.097001997753977776e-04
4.739300000000121145e+03 2.099864068441092968e-04
4.740200000000120781e+03 2.095009549520909786e-04
4.741100000000121327e+03 2.091249480145052075e-04
4.742000000000121872e+03 2.088987093884497881e-04
4.742900000000121508e+03 2.088370965793728828e-04
4.743800000000121145e+03 2.090593334287405014e-04
4.744700000000121690e+03 2.095582312904298306e-04
4.745600000000122236e+03 2.105652820318937302e-04
4.746500000000121872e+03 2.112595539074391127e-04
4.747400000000121508e+03 2.112581423716619611e-04
4.748300000000122054e+03 2.109828637912869453e-04
4.749200000000122600e+03 2.110466011799871922e-04
4.750100000000122236e+03 2.110985951730981469e-04
4.751000000000121872e+03 2.109208144247531891e-04
4.751900000000122418e+03 2.105147723341360688e-04
4.752800000000122964e+03 2.102660073433071375e-04
4.753700000000122600e+03 2.101545978803187609e-04
4.754600000000122236e+03 2.100416022585704923e-04
4.755500000000122782e+03 2.098554541589692235e-04
4.756400000000123327e+03 2.097810502164065838e-04
4.757300000000122964e+03 2.097743999911472201e-04
4.758200000000122600e+03 2.097643737215548754e-04
4.759100000000123146e+03 2.096255484502762556e-04
4.760000000000123691e+03 2.092871582135558128e-04
4.760900000000123327e+03 2.082869905279949307e-04
4.761800000000122964e+03 2.068087196676060557e-04
4.762700000000123509e+03 2.057277888525277376e-04
4.763600000000124055e+03 2.054518845397979021e-04
4.764500000000123691e+03 2.059617690974846482e-04
4.765400000000123327e+03 2.066909801214933395e-04
4.766300000000123873e+03 2.072893548756837845e-04
4.767200000000124419e+03 2.076485980069264770e-04
4.768100000000124055e+03 2.078786928905174136e-04
4.769000000000123691e+03 2.080945705529302359e-04
4.769900000000124237e+03 2.081836282741278410e-04
4.770800000000124783e+03 2.076002128887921572e-04
4.771700000000124419e+03 2.067366731353104115e-04
4.772600000000124055e+03 2.065598382614552975e-04
4.773500000000124601e+03 2.073146752081811428e-04
4.774400000000125146e+03 2.082656719721853733e-04
4.775300000000124783e+03 2.086043969029560685e-04
4.776200000000124419e+03 2.086566237267106771e-04
4.777100000000124965e+03 2.086517342831939459e-04
4.778000000000125510e+03 2.082929422613233328e-04
4.778900000000125146e+03 2.073200885206460953e-04
4.779800000000124783e+03 2.065732842311263084e-04
4.780700000000125328e+03 2.070571063086390495e-04
4.781600000000125874e+03 2.077760436804965138e-04
4.782500000000125510e+03 2.075174998026341200e-04
4.783400000000125146e+03 2.070626942440867424e-04
4.784300000000125692e+03 2.074479707516729832e-04
4.785200000000126238e+03 2.078118413919582963e-04
4.786100000000125874e+03 2.072902861982584000e-04
4.787000000000125510e+03 2.068210742436349392e-04
4.787900000000126056e+03 2.068700268864631653e-04
4.788800000000126602e+03 2.068525209324434400e-04
4.789700000000126238e+03 2.070927148452028632e-04
4.790600000000125874e+03 2.077452372759580612e-04
4.791500000000126420e+03 2.080629637930542231e-04
4.792400000000126965e+03 2.080528647638857365e-04
4.793300000000126602e+03 2.081860875478014350e-04
4.794200000000126238e+03 2.085845771944150329e-04
4.795100000000126784e+03 2.086373133352026343e-04
4.796000000000127329e+03 2.080779231619089842e-04
4.796900000000126965e+03 2.072900388156995177e-04
4.797800000000126602e+03 2.065939770545810461e-04
4.798700000000127147e+03 2.063207066385075450e-04
4.799600000000127693e+03 2.067189489025622606e-04
4.800500000000127329e+03 2.073525101877748966e-04
4.801400000000126965e+03 2.079157275147736073e-04
4.802300000000127511e+03 2.080672711599618196e-04
4.803200000000128057e+03 2.071919880108907819e-04
4.804100000000127693e+03 2.052709460258483887e-04
4.805000000000127329e+03 2.040095569100230932e-04
4.805900000000127875e+03 2.044142602244392037e-04
4.806800000000128421e+03 2.055345976259559393e-04
4.807700000000128057e+03 2.061158447759225965e-04
4.808600000000127693e+03 2.060312835965305567e-04
4.809500000000128239e+03 2.055866207228973508e-04
4.810400000000128784e+03 2.050045586656779051e-04
4.811300000000128421e+03 2.047627058345824480e-04
4.812200000000128057e+03 2.051410410786047578e-04
4.813100000000128603e+03 2.056092926068231463e-04
4.814000000000129148e+03 2.055004733847454190e-04
4.814900000000128784e+03 2.051109768217429519e-04
4.815800000000128421e+03 2.050253970082849264e-04
4.816700000000128966e+03 2.052426134468987584e-04
4.817600000000129512e+03 2.055150835076346993e-04
4.818500000000129148e+03 2.057252277154475451e-04
4.819400000000128784e+03 2.055777295026928186e-04
4.820300000000129330e+03 2.051765331998467445e-04
4.821200000000129876e+03 2.046239387709647417e-04
4.822100000000129512e+03 2.033123018918558955e-04
4.823000000000129148e+03 2.011486794799566269e-04
4.823900000000129694e+03 1.999905362026765943e-04
4.824800000000130240e+03 2.008586598094552755e-04
4.825700000000129876e+03 2.023240085691213608e-04
4.826600000000129512e+03 2.029370953096076846e-04
4.827500000000130058e+03 2.026866131927818060e-04
4.828400000000130603e+03 2.022190892603248358e-04
4.829300000000130240e+03 2.020709798671305180e-04
4.830200000000129876e+03 2.021023683482781053e-04
4.831100000000130422e+03 2.016355138039216399e-04
4.832000000000130967e+03 2.008304290939122438e-04
4.832900000000130603e+03 2.006287249969318509e-04
4.833800000000130240e+03 2.008036244660615921e-04
4.834700000000130785e+03 2.004428097279742360e-04
4.835600000000131331e+03 1.997153449337929487e-04
4.836500000000130967e+03 1.992163161048665643e-04
4.837400000000130603e+03 1.989763113670051098e-04
4.838300000000131149e+03 1.983400579774752259e-04
4.839200000000131695e+03 1.971168821910396218e-04
4.840100000000131331e+03 1.960337685886770487e-04
4.841000000000130967e+03 1.955605548573657870e-04
4.841900000000131513e+03 1.949531579157337546e-04
4.842800000000132059e+03 1.938942732522264123e-04
4.843700000000131695e+03 1.931569859152659774e-04
4.844600000000131331e+03 1.927942212205380201e-04
4.845500000000131877e+03 1.918342459248378873e-04
4.846400000000132422e+03 1.900452771224081516e-04
4.847300000000132059e+03 1.877258328022435308e-04
4.848200000000131695e+03 1.854536094469949603e-04
4.849100000000132241e+03 1.840396289480850101e-04
4.850000000000132786e+03 1.832184789236634970e-04
4.850900000000132422e+03 1.816251315176486969e-04
4.851800000000132059e+03 1.795219577616080642e-04
4.852700000000132604e+03 1.772475952748209238e-04
4.853600000000133150e+03 1.741530286381021142e-04
4.854500000000132786e+03 1.702166628092527390e-04
4.855400000000132422e+03 1.662053982727229595e-04
4.856300000000132968e+03 1.625501463422551751e-04
4.857200000000133514e+03 1.585955324117094278e-04
4.858100000000133150e+03 1.520462828921154141e-04
4.859000000000132786e+03 1.399725442752242088e-04
4.859900000000133332e+03 1.208469184348359704e-04
4.860800000000133878e+03 1.036661196849308908e-04
4.861700000000133514e+03 1.053025334840640426e-04
4.862600000000133150e+03 1.243944716406986117e-04
4.863500000000133696e+03 1.426399394404143095e-04
4.864400000000134241e+03 1.528095599496737123e-04
4.865300000000133878e+03 1.587626902619376779e-04
4.866200000000133514e+03 1.636836241232231259e-04
4.867100000000134060e+03 1.680159766692668200e-04
4.868000000000134605e+03 1.718695129966363311e-04
4.868900000000134241e+03 1.750870287651196122e-04
4.869800000000133878e+03 1.763302279869094491e-04
4.870700000000134423e+03 1.758790895109996200e-04
4.871600000000134969e+03 1.763522741384804249e-04
4.872500000000134605e+03 1.797492295736446977e-04
4.873400000000134241e+03 1.839943142840638757e-04
4.874300000000134787e+03 1.864018558990210295e-04
4.875200000000135333e+03 1.872645952971652150e-04
4.876100000000134969e+03 1.880243798950687051e-04
4.877000000000134605e+03 1.887265389086678624e-04
4.877900000000135151e+03 1.893799053505063057e-04
4.878800000000135697e+03 1.911508588818833232e-04
4.879700000000135333e+03 1.934463798534125090e-04
4.880600000000134969e+03 1.943598181242123246e-04
4.881500000000135515e+03 1.942991075338795781e-04
4.882400000000136060e+03 1.946428674273192883e-04
4.883300000000135697e+03 1.951271551661193371e-04
4.884200000000135333e+03 1.953418104676529765e-04
4.885100000000135879e+03 1.957338681677356362e-04
4.886000000000136424e+03 1.962629467016085982e-04
4.886900000000136060e+03 1.969985169125720859e-04
4.887800000000135697e+03 1.977882202481850982e-04
4.888700000000136242e+03 1.975016784854233265e-04
4.889600000000136788e+03 1.956859778147190809e-04
4.890500000000136424e+03 1.931770239025354385e-04
4.891400000000136060e+03 1.933473395183682442e-04
4.892300000000136606e+03 1.968006981769576669e-04
4.893200000000137152e+03 2.002235851250588894e-04
4.894100000000136788e+03 2.016878133872523904e-04
4.895000000000136424e+03 2.020808897214010358e-04
4.895900000000136970e+03 2.021541877184063196e-04
4.896800000000137516e+03 2.022608678089454770e-04
4.897700000000137152e+03 2.021543186856433749e-04
4.898600000000136788e+03 2.016054932028055191e-04
4.899500000000137334e+03 2.007277507800608873e-04
4.900400000000137879e+03 2.002515684580430388e-04
4.901300000000137516e+03 2.001964603550732136e-04
4.902200000000137152e+03 1.999858504859730601e-04
4.903100000000137697e+03 1.997401996050029993e-04
4.904000000000138243e+03 2.003842091653496027e-04
4.904900000000137879e+03 2.016051294049248099e-04
4.905800000000137516e+03 2.023265988100320101e-04
4.906700000000138061e+03 2.023448178078979254e-04
4.907600000000138607e+03 2.021951804636046290e-04
4.908500000000138243e+03 2.017045917455106974e-04
4.909400000000137879e+03 2.004699053941294551e-04
4.910300000000138425e+03 1.993520709220319986e-04
4.911200000000138971e+03 1.996067585423588753e-04
4.912100000000138607e+03 2.006006834562867880e-04
4.913000000000138243e+03 2.013209305005148053e-04
4.913900000000138789e+03 2.019094390561804175e-04
4.914800000000139335e+03 2.025503490585833788e-04
4.915700000000138971e+03 2.027834852924570441e-04
4.916600000000138607e+03 2.021024847635999322e-04
4.917500000000139153e+03 2.003474801313132048e-04
4.918400000000139698e+03 1.974436891032382846e-04
4.919300000000139335e+03 1.942969538504257798e-04
4.920200000000138971e+03 1.928265119204297662e-04
4.921100000000139516e+03 1.939850044436752796e-04
4.922000000000140062e+03 1.956385676749050617e-04
4.922900000000139698e+03 1.948199496837332845e-04
4.923800000000139335e+03 1.934628671733662486e-04
4.924700000000139880e+03 1.957452332135289907e-04
4.925600000000140426e+03 1.999028754653409123e-04
4.926500000000140062e+03 2.021287073148414493e-04
4.927400000000139698e+03 2.025441935984417796e-04
4.928300000000140244e+03 2.029349561780691147e-04
4.929200000000140790e+03 2.033409546129405499e-04
4.930100000000140426e+03 2.031891635851934552e-04
4.931000000000140062e+03 2.026349829975515604e-04
4.931900000000140608e+03 2.015052159549668431e-04
4.932800000000141154e+03 1.989388401852920651e-04
4.933700000000140790e+03 1.963880204129964113e-04
4.934600000000140426e+03 1.970369776245206594e-04
4.935500000000140972e+03 1.996676437556743622e-04
4.936400000000141517e+03 2.007730654440820217e-04
4.937300000000141154e+03 1.996403880184516311e-04
4.938200000000140790e+03 1.978085929295048118e-04
4.939100000000141335e+03 1.970322919078171253e-04
4.940000000000141881e+03 1.985544804483652115e-04
4.940900000000141517e+03 2.008303854381665587e-04
4.941800000000141154e+03 2.019166277023032308e-04
4.942700000000141699e+03 2.023373090196400881e-04
4.943600000000142245e+03 2.028432500082999468e-04
4.944500000000141881e+03 2.027218288276344538e-04
4.945400000000141517e+03 2.020185493165627122e-04
4.946300000000142063e+03 2.015875652432441711e-04
4.947200000000142609e+03 2.019963139900937676e-04
4.948100000000142245e+03 2.023561100941151381e-04
4.949000000000141881e+03 2.020698302658274770e-04
4.949900000000142427e+03 2.018310042330995202e-04
4.950800000000142973e+03 2.019353123614564538e-04
4.951700000000142609e+03 2.019584644585847855e-04
4.952600000000142245e+03 2.016215439653024077e-04
4.953500000000142791e+03 2.009471936617046595e-04
4.954400000000143336e+03 2.000897511607035995e-04
4.955300000000142973e+03 1.985119888558983803e-04
4.956200000000142609e+03 1.944664109032601118e-04
4.957100000000143154e+03 1.901101350085809827e-04
4.958000000000143700e+03 1.907632977236062288e-04
4.958900000000143336e+03 1.954785548150539398e-04
4.959800000000142973e+03 1.989000011235475540e-04
4.960700000000143518e+03 1.996968057937920094e-04
4.961600000000144064e+03 1.994120539166033268e-04
4.962500000000143700e+03 1.995363563764840364e-04
4.963400000000143336e+03 1.997255894821137190e-04
4.964300000000143882e+03 1.992780744330957532e-04
4.965200000000144428e+03 1.983349211513996124e-04
4.966100000000144064e+03 1.978184445761144161e-04
4.967000000000143700e+03 1.980324595933780074e-04
4.967900000000144246e+03 1.982783578569069505e-04
4.968800000000144792e+03 1.983940892387181520e-04
4.969700000000144428e+03 1.987076248042285442e-04
4.970600000000144064e+03 1.989610173041000962e-04
4.971500000000144610e+03 1.991807803278788924e-04
4.972400000000145155e+03 1.992516627069562674e-04
4.973300000000144792e+03 1.991262251976877451e-04
4.974200000000144428e+03 1.991011813515797257e-04
4.975100000000144973e+03 1.992906909435987473e-04
4.976000000000145519e+03 1.993455953197553754e-04
4.976900000000145155e+03 1.990789751289412379e-04
4.977800000000144792e+03 1.986168499570339918e-04
4.978700000000145337e+03 1.981524255825206637e-04
4.979600000000145883e+03 1.976500934688374400e-04
4.980500000000145519e+03 1.966823037946596742e-04
4.981400000000145155e+03 1.949239667737856507e-04
4.982300000000145701e+03 1.935227337526157498e-04
4.983200000000146247e+03 1.934611354954540730e-04
4.984100000000145883e+03 1.939449721248820424e-04
4.985000000000145519e+03 1.946157863130792975e-04
4.985900000000146065e+03 1.955518237082287669e-04
4.986800000000146611e+03 1.968449796549975872e-04
4.987700000000146247e+03 1.977791398530825973e-04
4.988600000000145883e+03 1.977299980353564024e-04
4.989500000000146429e+03 1.966562267625704408e-04
4.990400000000146974e+03 1.953275204868987203e-04
4.991300000000146611e+03 1.950281875906512141e-04
4.992200000000146247e+03 1.958086650120094419e-04
4.993100000000146792e+03 1.958224456757307053e-04
4.994000000000147338e+03 1.954197650775313377e-04
4.994900000000146974e+03 1.960212539415806532e-04
4.995800000000146611e+03 1.971702586160972714e-04
4.996700000000147156e+03 1.977748470380902290e-04
4.997600000000147702e+03 1.972314930753782392e-04
4.998500000000147338e+03 1.953713363036513329e-04
4.999400000000146974e+03 1.935869513545185328e-04
5.000300000000147520e+03 1.930858561536297202e-04
5.001200000000148066e+03 1.931702281581237912e-04
5.002100000000147702e+03 1.936599292093887925e-04
5.003000000000147338e+03 1.945922122104093432e-04
5.003900000000147884e+03 1.948284625541418791e-04
5.004800000000148430e+03 1.931397418957203627e-04
5.005700000000148066e+03 1.908183621708303690e-04
5.006600000000147702e+03 1.905118551803752780e-04
5.007500000000148248e+03 1.926082622958347201e-04
5.008400000000148793e+03 1.949004654306918383e-04
5.009300000000148430e+03 1.956295600393787026e-04
5.010200000000148066e+03 1.949973666341975331e-04
5.011100000000148611e+03 1.934457977768033743e-04
5.012000000000149157e+03 1.917873596539720893e-04
5.012900000000148793e+03 1.909839629661291838e-04
5.013800000000148430e+03 1.905408571474254131e-04
5.014700000000148975e+03 1.907734840642660856e-04
5.015600000000149521e+03 1.918440539157018065e-04
5.016500000000149157e+03 1.915152242872864008e-04
5.017400000000148793e+03 1.885278034023940563e-04
5.018300000000149339e+03 1.863016077550128102e-04
5.019200000000149885e+03 1.880783092929050326e-04
5.020100000000149521e+03 1.914056774694472551e-04
5.021000000000149157e+03 1.929526333697140217e-04
5.021900000000149703e+03 1.930231665028259158e-04
5.022800000000150249e+03 1.932563027366995811e-04
5.023700000000149885e+03 1.939058565767481923e-04
5.024600000000149521e+03 1.942476810654625297e-04
5.025500000000150067e+03 1.941509108291938901e-04
5.026400000000150612e+03 1.935916079673916101e-04
5.027300000000150249e+03 1.930719008669257164e-04
5.028200000000149885e+03 1.933200255734845996e-04
5.029100000000150430e+03 1.938136556418612599e-04
5.030000000000150976e+03 1.936085755005478859e-04
5.030900000000150612e+03 1.932616287376731634e-04
5.031800000000150249e+03 1.936409244081005454e-04
5.032700000000150794e+03 1.942598173627629876e-04
5.033600000000151340e+03 1.941423688549548388e-04
5.034500000000150976e+03 1.928978599607944489e-04
5.035400000000150612e+03 1.915405009640380740e-04
5.036300000000151158e+03 1.914814783958718181e-04
5.037200000000151704e+03 1.920950890053063631e-04
5.038100000000151340e+03 1.918161724461242557e-04
5.039000000000150976e+03 1.904945238493382931e-04
5.039900000000151522e+03 1.879211340565234423e-04
5.040800000000152068e+03 1.855058944784104824e-04
5.041700000000151704e+03 1.863549259724095464e-04
5.042600000000151340e+03 1.898265327326953411e-04
5.043500000000151886e+03 1.922864757943898439e-04
5.044400000000152431e+03 1.931509032147005200e-04
5.045300000000152068e+03 1.935955660883337259e-04
5.046200000000151704e+03 1.938381756190210581e-04
5.047100000000152249e+03 1.932581944856792688e-04
5.048000000000152795e+03 1.919290371006354690e-04
5.048900000000152431e+03 1.904834352899342775e-04
5.049800000000152068e+03 1.895179593702778220e-04
5.050700000000152613e+03 1.891519787022843957e-04
5.051600000000153159e+03 1.894263405120000243e-04
5.052500000000152795e+03 1.906230754684656858e-04
5.053400000000152431e+03 1.919947098940610886e-04
5.054300000000152977e+03 1.924294047057628632e-04
5.055200000000153523e+03 1.918694761116057634e-04
5.056100000000153159e+03 1.913819869514554739e-04
5.057000000000152795e+03 1.918377238325774670e-04
5.057900000000153341e+03 1.926429977174848318e-04
5.058800000000153887e+03 1.926821714732795954e-04
5.059700000000153523e+03 1.923994132084771991e-04
5.060600000000153159e+03 1.923748059198260307e-04
5.061500000000153705e+03 1.924708340084180236e-04
5.062400000000154250e+03 1.921667862916365266e-04
5.063300000000153887e+03 1.912540465127676725e-04
5.064200000000153523e+03 1.899523340398445725e-04
5.065100000000154068e+03 1.897969923447817564e-04
5.066000000000154614e+03 1.909984857775270939e-04
5.066900000000154250e+03 1.913451269501820207e-04
5.067800000000153887e+03 1.904723321786150336e-04
5.068700000000154432e+03 1.900551578728482127e-04
5.069600000000154978e+03 1.906817342387512326e-04
5.070500000000154614e+03 1.913179148687049747e-04
5.071400000000154250e+03 1.911893632495775819e-04
5.072300000000154796e+03 1.905810786411166191e-04
5.073200000000155342e+03 1.903212832985445857e-04
5.074100000000154978e+03 1.905224489746615291e-04
5.075000000000154614e+03 1.906400430016219616e-04
5.075900000000155160e+03 1.906447578221559525e-04
5.076800000000155705e+03 1.907404075609520078e-04
5.077700000000155342e+03 1.899540948215872049e-04
5.078600000000154978e+03 1.879387564258649945e-04
5.079500000000155524e+03 1.864940422819927335e-04
5.080400000000156069e+03 1.871877175290137529e-04
5.081300000000155705e+03 1.886141835711896420e-04
5.082200000000155342e+03 1.887491525849327445e-04
5.083100000000155887e+03 1.883850345620885491e-04
5.084000000000156433e+03 1.892473665066063404e-04
5.084900000000156069e+03 1.907707628561183810e-04
5.085800000000155705e+03 1.915393077069893479e-04
5.086700000000156251e+03 1.912458828883245587e-04
5.087600000000156797e+03 1.908475969685241580e-04
5.088500000000156433e+03 1.909023558255285025e-04
5.089400000000156069e+03 1.910365681396797299e-04
5.090300000000156615e+03 1.908754347823560238e-04
5.091200000000157161e+03 1.906559191411361098e-04
5.092100000000156797e+03 1.907807891257107258e-04
5.093000000000156433e+03 1.909643906401470304e-04
5.093900000000156979e+03 1.908517151605337858e-04
5.094800000000157524e+03 1.905176759464666247e-04
5.095700000000157161e+03 1.898112823255360126e-04
5.096600000000156797e+03 1.888641272671520710e-04
5.097500000000157343e+03 1.878619077615439892e-04
5.098400000000157888e+03 1.873562432592734694e-04
5.099300000000157524e+03 1.879438787000253797e-04
5.100200000000157161e+03 1.890892744995653629e-04
5.101100000000157706e+03 1.900042698252946138e-04
5.102000000000158252e+03 1.904448145069181919e-04
5.102900000000157888e+03 1.903771626530215144e-04
5.103800000000157524e+03 1.902735821204259992e-04
5.104700000000158070e+03 1.900758215924724936e-04
5.105600000000158616e+03 1.891944120870903134e-04
5.106500000000158252e+03 1.874095469247549772e-04
5.107400000000157888e+03 1.860026968643069267e-04
5.108300000000158434e+03 1.862547651398926973e-04
5.109200000000158980e+03 1.864891382865607738e-04
5.110100000000158616e+03 1.861756900325417519e-04
5.111000000000158252e+03 1.870659325504675508e-04
5.111900000000158798e+03 1.890007406473159790e-04
5.112800000000159343e+03 1.901981158880516887e-04
5.113700000000158980e+03 1.904342643683776259e-04
5.114600000000158616e+03 1.904565142467617989e-04
5.115500000000159162e+03 1.905112731037661433e-04
5.116400000000159707e+03 1.904709642985835671e-04
5.117300000000159343e+03 1.904555101646110415e-04
5.118200000000158980e+03 1.904103555716574192e-04
5.119100000000159525e+03 1.902220101328566670e-04
5.120000000000160071e+03 1.900135539472103119e-04
5.120900000000159707e+03 1.897992769954726100e-04
5.121800000000159343e+03 1.892282016342505813e-04
5.122700000000159889e+03 1.878046750789508224e-04
5.123600000000160435e+03 1.865482336143031716e-04
5.124500000000160071e+03 1.866301608970388770e-04
5.125400000000159707e+03 1.872839347925037146e-04
5.126300000000160253e+03 1.870705891633406281e-04
5.127200000000160799e+03 1.862260833149775863e-04
5.128100000000160435e+03 1.858252799138426781e-04
5.129000000000160071e+03 1.861403579823672771e-04
5.129900000000160617e+03 1.871841232059523463e-04
5.130800000000161162e+03 1.885706442408263683e-04
5.131700000000160799e+03 1.891411375254392624e-04
5.132600000000160435e+03 1.887787075247615576e-04
5.133500000000160981e+03 1.884679659269750118e-04
5.134400000000161526e+03 1.891369320219382644e-04
5.135300000000161162e+03 1.899119670270010829e-04
5.136200000000160799e+03 1.891766587505117059e-04
5.137100000000161344e+03 1.876277674455195665e-04
5.138000000000161890e+03 1.860865013441070914e-04
5.138900000000161526e+03 1.847070525400340557e-04
5.139800000000161162e+03 1.852122222771868110e-04
5.140700000000161708e+03 1.868135004770010710e-04
5.141600000000162254e+03 1.865440717665478587e-04
5.142500000000161890e+03 1.853334542829543352e-04
5.143400000000161526e+03 1.859545591287314892e-04
5.144300000000162072e+03 1.875247980933636427e-04
5.145200000000162618e+03 1.880697382148355246e-04
5.146100000000162254e+03 1.876554742921143770e-04
5.147000000000161890e+03 1.872840366559103131e-04
5.147900000000162436e+03 1.873036962933838367e-04
5.148800000000162981e+03 1.876127353170886636e-04
5.149700000000162618e+03 1.869905536295846105e-04
5.150600000000162254e+03 1.854210131568834186e-04
5.151500000000162800e+03 1.845868391683325171e-04
5.152400000000163345e+03 1.849243708420544863e-04
5.153300000000162981e+03 1.854862057371065021e-04
5.154200000000162618e+03 1.859834446804597974e-04
5.155100000000163163e+03 1.869919215096160769e-04
5.156000000000163709e+03 1.880830823210999370e-04
5.156900000000163345e+03 1.887259568320587277e-04
5.157800000000162981e+03 1.889287232188507915e-04
5.158700000000163527e+03 1.887396065285429358e-04
5.159600000000164073e+03 1.884396770037710667e-04
5.160500000000163709e+03 1.880568452179431915e-04
5.161400000000163345e+03 1.871940767159685493e-04
5.162300000000163891e+03 1.867962564574554563e-04
5.163200000000164437e+03 1.871348940767347813e-04
5.164100000000164073e+03 1.871090935310348868e-04
5.165000000000163709e+03 1.851017295848578215e-04
5.165900000000164255e+03 1.797690201783552766e-04
5.166800000000164800e+03 1.728954812278971076e-04
5.167700000000164437e+03 1.696450635790824890e-04
5.168600000000164073e+03 1.720196887617930770e-04
5.169500000000164619e+03 1.776997669367119670e-04
5.170400000000165164e+03 1.812285336200147867e-04
5.171300000000164800e+03 1.785941858543083072e-04
5.172200000000164437e+03 1.740773732308298349e-04
5.173100000000164982e+03 1.755673438310623169e-04
5.174000000000165528e+03 1.823204365791752934e-04
5.174900000000165164e+03 1.874703884823247790e-04
5.175800000000164800e+03 1.890456187538802624e-04
5.176700000000165346e+03 1.893177395686507225e-04
5.177600000000165892e+03 1.895445893751457334e-04
5.178500000000165528e+03 1.894574525067582726e-04
5.179400000000165164e+03 1.891797437565401196e-04
5.180300000000165710e+03 1.889883860712870955e-04
5.181200000000166256e+03 1.876230089692398906e-04
5.182100000000165892e+03 1.827083615353330970e-04
5.183000000000165528e+03 1.758666621753945947e-04
5.183900000000166074e+03 1.746055786497890949e-04
5.184800000000166619e+03 1.803383056540042162e-04
5.185700000000166256e+03 1.857642928371205926e-04
5.186600000000165892e+03 1.873631554190069437e-04
5.187500000000166438e+03 1.863401412265375257e-04
5.188400000000166983e+03 1.850134867709130049e-04
5.189300000000166619e+03 1.855931332102045417e-04
5.190200000000166256e+03 1.862616045400500298e-04
5.191100000000166801e+03 1.843057107180356979e-04
5.192000000000167347e+03 1.820316974772140384e-04
5.192900000000166983e+03 1.823718339437618852e-04
5.193800000000166619e+03 1.838953467085957527e-04
5.194700000000167165e+03 1.844726211857050657e-04
5.195600000000167711e+03 1.848433166742324829e-04
5.196500000000167347e+03 1.854415022535249591e-04
5.197400000000166983e+03 1.854750880738720298e-04
5.198300000000167529e+03 1.855859445640817285e-04
5.199200000000168075e+03 1.864876685431227088e-04
5.200100000000167711e+03 1.873256114777177572e-04
5.201000000000167347e+03 1.872178836492821574e-04
5.201900000000167893e+03 1.863995275925844908e-04
5.202800000000168438e+03 1.853250432759523392e-04
5.203700000000168075e+03 1.835347502492368221e-04
5.204600000000167711e+03 1.813178678276017308e-04
5.205500000000168257e+03 1.804924104362726212e-04
5.206400000000168802e+03 1.814421848393976688e-04
5.207300000000168438e+03 1.820774341467767954e-04
5.208200000000168075e+03 1.815987634472548962e-04
5.209100000000168620e+03 1.822296180762350559e-04
5.210000000000169166e+03 1.839574688347056508e-04
5.210900000000168802e+03 1.854116271715611219e-04
5.211800000000168438e+03 1.866299862740561366e-04
5.212700000000168984e+03 1.875592424767091870e-04
5.213600000000169530e+03 1.876172609627246857e-04
5.214500000000169166e+03 1.863285579020157456e-04
5.215400000000168802e+03 1.841306802816689014e-04
5.216300000000169348e+03 1.831511035561561584e-04
5.217200000000169894e+03 1.844189828261733055e-04
5.218100000000169530e+03 1.862990611698478460e-04
5.219000000000169166e+03 1.871608692454174161e-04
5.219900000000169712e+03 1.875019079307094216e-04
5.220800000000170257e+03 1.879827177617698908e-04
5.221700000000169894e+03 1.882110664155334234e-04
5.222600000000169530e+03 1.877990725915879011e-04
5.223500000000170076e+03 1.868007529992610216e-04
5.224400000000170621e+03 1.847370731411501765e-04
5.225300000000170257e+03 1.808324450394138694e-04
5.226200000000169894e+03 1.764036278473213315e-04
5.227100000000170439e+03 1.755976991262286901e-04
5.228000000000170985e+03 1.798211596906185150e-04
5.228900000000170621e+03 1.844226208049803972e-04
5.229800000000170257e+03 1.863922952907159925e-04
5.230700000000170803e+03 1.866294478531926870e-04
5.231600000000171349e+03 1.854443544289097190e-04
5.232500000000170985e+03 1.828231179388239980e-04
5.233400000000170621e+03 1.812120317481458187e-04
5.234300000000171167e+03 1.820300240069627762e-04
5.235200000000171713e+03 1.841200864873826504e-04
5.236100000000171349e+03 1.857735478552058339e-04
5.237000000000170985e+03 1.863335928646847606e-04
5.237900000000171531e+03 1.862296194303780794e-04
5.238800000000172076e+03 1.859487092588096857e-04
5.239700000000171713e+03 1.858519681263715029e-04
5.240600000000171349e+03 1.861797645688056946e-04
5.241500000000171894e+03 1.864050427684560418e-04
5.242400000000172440e+03 1.862665230873972178e-04
5.243300000000172076e+03 1.863205834524706006e-04
5.244200000000171713e+03 1.866642123786732554e-04
5.245100000000172258e+03 1.864660880528390408e-04
5.246000000000172804e+03 1.851583074312657118e-04
5.246900000000172440e+03 1.839261822169646621e-04
5.247800000000172076e+03 1.839566539274528623e-04
5.248700000000172622e+03 1.841162738855928183e-04
5.249600000000173168e+03 1.831307163229212165e-04
5.250500000000172804e+03 1.822663325583562255e-04
5.251400000000172440e+03 1.829464890761300921e-04
5.252300000000172986e+03 1.842433412093669176e-04
5.253200000000173532e+03 1.845937222242355347e-04
5.254100000000173168e+03 1.839082542574033141e-04
5.255000000000172804e+03 1.834928989410400391e-04
5.255900000000173350e+03 1.844262878876179457e-04
5.256800000000173895e+03 1.857962488429620862e-04
5.257700000000173532e+03 1.863500656327232718e-04
5.258600000000173168e+03 1.860882330220192671e-04
5.259500000000173713e+03 1.853785652201622725e-04
5.260400000000174259e+03 1.844843791332095861e-04
5.261300000000173895e+03 1.830496039474382997e-04
5.262200000000173532e+03 1.814483839552849531e-04
5.263100000000174077e+03 1.801757607609033585e-04
5.264000000000174623e+03 1.791692193364724517e-04
5.264900000000174259e+03 1.784682390280067921e-04
5.265800000000173895e+03 1.783741899998858571e-04
5.266700000000174441e+03 1.797421282390132546e-04
5.267600000000174987e+03 1.808180386433377862e-04
5.268500000000174623e+03 1.779734302544966340e-04
5.269400000000174259e+03 1.732044765958562493e-04
5.270300000000174805e+03 1.732331438688561320e-04
5.271200000000175351e+03 1.782780600478872657e-04
5.272100000000174987e+03 1.820557372411713004e-04
5.273000000000174623e+03 1.824589417083188891e-04
5.273900000000175169e+03 1.817262964323163033e-04
5.274800000000175714e+03 1.805968495318666101e-04
5.275700000000175351e+03 1.799706224119290709e-04
5.276600000000174987e+03 1.814616553019732237e-04
5.277500000000175532e+03 1.837087766034528613e-04
5.278400000000176078e+03 1.846991071943193674e-04
5.279300000000175714e+03 1.844993385020643473e-04
5.280200000000175351e+03 1.837746094679459929e-04
5.281100000000175896e+03 1.827698579290881753e-04
5.282000000000176442e+03 1.816843141568824649e-04
5.282900000000176078e+03 1.806556392693892121e-04
5.283800000000175714e+03 1.805555657483637333e-04
5.284700000000176260e+03 1.821083133108913898e-04
5.285600000000176806e+03 1.841775083448737860e-04
5.286500000000176442e+03 1.851978158811107278e-04
5.287400000000176078e+03 1.851113775046542287e-04
5.288300000000176624e+03 1.847874082159250975e-04
5.289200000000177170e+03 1.847893290687352419e-04
5.290100000000176806e+03 1.849349646363407373e-04
5.291000000000176442e+03 1.848383399192243814e-04
5.291900000000176988e+03 1.845291844801977277e-04
5.292800000000177533e+03 1.842458295868709683e-04
5.293700000000177170e+03 1.841316552599892020e-04
5.294600000000176806e+03 1.840005133999511600e-04
5.295500000000177351e+03 1.834565773606300354e-04
5.296400000000177897e+03 1.821798650780692697e-04
5.297300000000177533e+03 1.810061949072405696e-04
5.298200000000177170e+03 1.809686946216970682e-04
5.299100000000177715e+03 1.820498728193342686e-04
5.300000000000178261e+03 1.829754182836040854e-04
5.300900000000177897e+03 1.826398947741836309e-04
5.301800000000177533e+03 1.818018354242667556e-04
5.302700000000178079e+03 1.820398319978266954e-04
5.303600000000178625e+03 1.833474088925868273e-04
5.304500000000178261e+03 1.843545760493725538e-04
5.305400000000177897e+03 1.841630582930520177e-04
5.306300000000178443e+03 1.829746324801817536e-04
5.307200000000178989e+03 1.821577898226678371e-04
5.308100000000178625e+03 1.826153893489390612e-04
5.309000000000178261e+03 1.835150615079328418e-04
5.309900000000178807e+03 1.838101015891879797e-04
5.310800000000179352e+03 1.836178562371060252e-04
5.311700000000178989e+03 1.834114809753373265e-04
5.312600000000178625e+03 1.832622074289247394e-04
5.313500000000179170e+03 1.830368128139525652e-04
5.314400000000179716e+03 1.822566118789836764e-04
5.315300000000179352e+03 1.802985498216003180e-04
5.316200000000178989e+03 1.781593455234542489e-04
5.317100000000179534e+03 1.784522755770012736e-04
5.318000000000180080e+03 1.808242523111402988e-04
5.318900000000179716e+03 1.824182545533403754e-04
5.319800000000179352e+03 1.825014187488704920e-04
5.320700000000179898e+03 1.820656616473570466e-04
5.321600000000180444e+03 1.816157455323264003e-04
5.322500000000180080e+03 1.807576045393943787e-04
5.323400000000179716e+03 1.793226401787251234e-04
5.324300000000180262e+03 1.786558277672156692e-04
5.325200000000180808e+03 1.794624404283240438e-04
5.326100000000180444e+03 1.793818082660436630e-04
5.327000000000180080e+03 1.757969002937898040e-04
5.327900000000180626e+03 1.714742247713729739e-04
5.328800000000181171e+03 1.722063316265121102e-04
5.329700000000180808e+03 1.768479414749890566e-04
5.330600000000180444e+03 1.802785409381613135e-04
5.331500000000180989e+03 1.811311813071370125e-04
5.332400000000181535e+03 1.808587985578924417e-04
5.333300000000181171e+03 1.807822845876216888e-04
5.334200000000180808e+03 1.813363778637722135e-04
5.335100000000181353e+03 1.814733550418168306e-04
5.336000000000181899e+03 1.806170039344578981e-04
5.336900000000181535e+03 1.799361634766682982e-04
5.337800000000181171e+03 1.801016624085605145e-04
5.338700000000181717e+03 1.799054443836212158e-04
5.339600000000182263e+03 1.784505875548347831e-04
5.340500000000181899e+03 1.771720271790400147e-04
5.341400000000181535e+03 1.780372549546882510e-04
5.342300000000182081e+03 1.803322375053539872e-04
5.343200000000182627e+03 1.819387689465656877e-04
5.344100000000182263e+03 1.819847384467720985e-04
5.345000000000181899e+03 1.809950917959213257e-04
5.345900000000182445e+03 1.803799241315573454e-04
5.346800000000182990e+03 1.804831990739330649e-04
5.347700000000182627e+03 1.804800995159894228e-04
5.348600000000182263e+03 1.803249178919941187e-04
5.349500000000182808e+03 1.806769141694530845e-04
5.350400000000183354e+03 1.815264986362308264e-04
5.351300000000182990e+03 1.823587226681411266e-04
5.352200000000182627e+03 1.823892816901206970e-04
5.353100000000183172e+03 1.819310418795794249e-04
5.354000000000183718e+03 1.820676698116585612e-04
5.354900000000183354e+03 1.825719955377280712e-04
5.355800000000182990e+03 1.826491352403536439e-04
5.356700000000183536e+03 1.824224891606718302e-04
5.357600000000184082e+03 1.823725906433537602e-04
5.358500000000183718e+03 1.823370839701965451e-04
5.359400000000183354e+03 1.820730103645473719e-04
5.360300000000183900e+03 1.815428549889475107e-04
5.361200000000184446e+03 1.806269283406436443e-04
5.362100000000184082e+03 1.794852869352325797e-04
5.363000000000183718e+03 1.788963418221101165e-04
5.363900000000184264e+03 1.790438545867800713e-04
5.364800000000184809e+03 1.791600516298785806e-04
5.365700000000184446e+03 1.790607348084449768e-04
5.366600000000184082e+03 1.791109971236437559e-04
5.367500000000184627e+03 1.794526033336296678e-04
5.368400000000185173e+03 1.794332492863759398e-04
5.369300000000184809e+03 1.781339815352112055e-04
5.370200000000184446e+03 1.756695273797959089e-04
5.371100000000184991e+03 1.738217251840978861e-04
5.372000000000185537e+03 1.750480587361380458e-04
5.372900000000185173e+03 1.784508058335632086e-04
5.373800000000184809e+03 1.810113899409770966e-04
5.374700000000185355e+03 1.816977164708077908e-04
5.375600000000185901e+03 1.813775888876989484e-04
5.376500000000185537e+03 1.810148969525471330e-04
5.377400000000185173e+03 1.809039531508460641e-04
5.378300000000185719e+03 1.808205706765875220e-04
5.379200000000186265e+03 1.805279753170907497e-04
5.380100000000185901e+03 1.797809381969273090e-04
5.381000000000185537e+03 1.791770337149500847e-04
5.381900000000186083e+03 1.788023218978196383e-04
5.382800000000186628e+03 1.782729814294725657e-04
5.383700000000186265e+03 1.783151674317196012e-04
5.384600000000185901e+03 1.793553092284128070e-04
5.385500000000186446e+03 1.800755562726408243e-04
5.386400000000186992e+03 1.802859769668430090e-04
5.387300000000186628e+03 1.803250925149768591e-04
5.388200000000186265e+03 1.800696336431428790e-04
5.389100000000186810e+03 1.794618874555453658e-04
5.390000000000187356e+03 1.790091046132147312e-04
5.390900000000186992e+03 1.789251546142622828e-04
5.391800000000186628e+03 1.787332294043153524e-04
5.392700000000187174e+03 1.780995953595265746e-04
5.393600000000187720e+03 1.777747093001380563e-04
5.394500000000187356e+03 1.779351732693612576e-04
5.395400000000186992e+03 1.770387752912938595e-04
5.396300000000187538e+03 1.747029891703277826e-04
5.397200000000188084e+03 1.736856211209669709e-04
5.398100000000187720e+03 1.755149278324097395e-04
5.399000000000187356e+03 1.777248544385656714e-04
5.399900000000187902e+03 1.784787164069712162e-04
5.400800000000188447e+03 1.785022031981498003e-04
5.401700000000188084e+03 1.786203647498041391e-04
5.402600000000187720e+03 1.781574246706441045e-04
5.403500000000188265e+03 1.764345361152663827e-04
5.404400000000188811e+03 1.741447922540828586e-04
5.405300000000188447e+03 1.727356429910287261e-04
5.406200000000188084e+03 1.735108526190742850e-04
5.407100000000188629e+03 1.756852871039882302e-04
5.408000000000189175e+03 1.766470377333462238e-04
5.408900000000188811e+03 1.757362770149484277e-04
5.409800000000188447e+03 1.747228234307840466e-04
5.410700000000188993e+03 1.753389224177226424e-04
5.411600000000189539e+03 1.769845111994072795e-04
5.412500000000189175e+03 1.777746365405619144e-04
5.413400000000188811e+03 1.772422401700168848e-04
5.414300000000189357e+03 1.763840118655934930e-04
5.415200000000189902e+03 1.765271153999492526e-04
5.416100000000189539e+03 1.776985445758327842e-04
5.417000000000189175e+03 1.784222986316308379e-04
5.417900000000189721e+03 1.779276499291881919e-04
5.418800000000190266e+03 1.772660034475848079e-04
5.419700000000189902e+03 1.772399409674108028e-04
5.420600000000189539e+03 1.776321296347305179e-04
5.421500000000190084e+03 1.778795849531888962e-04
5.422400000000190630e+03 1.773882977431640029e-04
5.423300000000190266e+03 1.758516154950484633e-04
5.424200000000189902e+03 1.747620262904092669e-04
5.425100000000190448e+03 1.755297416821122169e-04
5.426000000000190994e+03 1.772016548784449697e-04
5.426900000000190630e+03 1.779420708771795034e-04
5.427800000000190266e+03 1.766961941029876471e-04
5.428700000000190812e+03 1.738006103551015258e-04
5.429600000000191358e+03 1.720004074741154909e-04
5.430500000000190994e+03 1.734293473418802023e-04
5.431400000000190630e+03 1.757937279762700200e-04
5.432300000000191176e+03 1.759854640113189816e-04
5.433200000000191721e+03 1.741982705425471067e-04
5.434100000000191358e+03 1.725649053696542978e-04
5.435000000000190994e+03 1.730066433083266020e-04
5.435900000000191540e+03 1.750068477122113109e-04
5.436800000000192085e+03 1.765855122357606888e-04
5.437700000000191721e+03 1.772945834090933204e-04
5.438600000000191358e+03 1.777417637640610337e-04
5.439500000000191903e+03 1.780551101546734571e-04
5.440400000000192449e+03 1.780754391802474856e-04
5.441300000000192085e+03 1.779601152520626783e-04
5.442200000000191721e+03 1.779506274033337831e-04
5.443100000000192267e+03 1.777932047843933105e-04
5.444000000000192813e+03 1.769033260643482208e-04
5.444900000000192449e+03 1.749538350850343704e-04
5.445800000000192085e+03 1.721742883091792464e-04
5.446700000000192631e+03 1.704669411992654204e-04
5.447600000000193177e+03 1.716944680083543062e-04
5.448500000000192813e+03 1.740783045534044504e-04
5.449400000000192449e+03 1.752834650687873363e-04
5.450300000000192995e+03 1.754115073708817363e-04
5.451200000000193540e+03 1.751770323608070612e-04
5.452100000000193177e+03 1.748634531395509839e-04
5.453000000000192813e+03 1.743270404404029250e-04
5.453900000000193359e+03 1.726953050820156932e-04
5.454800000000193904e+03 1.700000866549089551e-04
5.455700000000193540e+03 1.689755154075101018e-04
5.456600000000193177e+03 1.709854113869369030e-04
5.457500000000193722e+03 1.734031393425539136e-04
5.458400000000194268e+03 1.743295433698222041e-04
5.459300000000193904e+03 1.742222957545891404e-04
5.460200000000193540e+03 1.739724102662876248e-04
5.461100000000194086e+03 1.738193968776613474e-04
5.462000000000194632e+03 1.734015386318787932e-04
5.462900000000194268e+03 1.730078802211210132e-04
5.463800000000193904e+03 1.731770171318203211e-04
5.464700000000194450e+03 1.734486286295577884e-04
5.465600000000194996e+03 1.732447562972083688e-04
5.466500000000194632e+03 1.730270159896463156e-04
5.467400000000194268e+03 1.732440141495317221e-04
5.468300000000194814e+03 1.734736724756658077e-04
5.469200000000195359e+03 1.734793477226048708e-04
5.470100000000194996e+03 1.734799152472987771e-04
5.471000000000194632e+03 1.736543053993955255e-04
5.471900000000195178e+03 1.735136611387133598e-04
5.472800000000195723e+03 1.729624636936932802e-04
5.473700000000195359e+03 1.727581402519717813e-04
5.474600000000194996e+03 1.727300696074962616e-04
5.475500000000195541e+03 1.715060352580621839e-04
5.476400000000196087e+03 1.697741972748190165e-04
5.477300000000195723e+03 1.698910346021875739e-04
5.478200000000195359e+03 1.716628466965630651e-04
5.479100000000195905e+03 1.728807401377707720e-04
5.480000000000196451e+03 1.730515505187213421e-04
5.480900000000196087e+03 1.728626375552266836e-04
5.481800000000195723e+03 1.726435148157179356e-04
5.482700000000196269e+03 1.726916088955476880e-04
5.483600000000196815e+03 1.730746153043583035e-04
5.484500000000196451e+03 1.734126562951132655e-04
5.485400000000196087e+03 1.734536781441420317e-04
5.486300000000196633e+03 1.730376970954239368e-04
5.487200000000197178e+03 1.724099129205569625e-04
5.488100000000196815e+03 1.722636807244271040e-04
5.489000000000196451e+03 1.726264308672398329e-04
5.489900000000196997e+03 1.729288342176005244e-04
5.490800000000197542e+03 1.729044888634234667e-04
5.491700000000197178e+03 1.727739436319097877e-04
5.492600000000196815e+03 1.725508191157132387e-04
5.493500000000197360e+03 1.725127222016453743e-04
5.494400000000197906e+03 1.727786439005285501e-04
5.495300000000197542e+03 1.725371548673138022e-04
5.496200000000197178e+03 1.711003715172410011e-04
5.497100000000197724e+03 1.696376566542312503e-04
5.498000000000198270e+03 1.699361746432259679e-04
5.498900000000197906e+03 1.713643432594835758e-04
5.499800000000197542e+03 1.714901009108871222e-04
5.500700000000198088e+03 1.700853608781471848e-04
5.501600000000198634e+03 1.694907259661704302e-04
5.502500000000198270e+03 1.706996263237670064e-04
5.503400000000197906e+03 1.720756408758461475e-04
5.504300000000198452e+03 1.722259185044094920e-04
5.505200000000198997e+03 1.711405348032712936e-04
5.506100000000198634e+03 1.697617699392139912e-04
5.507000000000198270e+03 1.698687992757186294e-04
5.507900000000198816e+03 1.713824603939428926e-04
5.508800000000199361e+03 1.723210007185116410e-04
5.509700000000198997e+03 1.722350134514272213e-04
5.510600000000198634e+03 1.717861014185473323e-04
5.511500000000199179e+03 1.713776437100023031e-04
5.512400000000199725e+03 1.712729717837646604e-04
5.513300000000199361e+03 1.713708334136754274e-04
5.514200000000198997e+03 1.715788384899497032e-04
5.515100000000199543e+03 1.720165164442732930e-04
5.516000000000200089e+03 1.725773472571745515e-04
5.516900000000199725e+03 1.729680952848866582e-04
5.517800000000199361e+03 1.730922522256150842e-04
5.518700000000199907e+03 1.729877549223601818e-04
5.519600000000200453e+03 1.729113864712417126e-04
5.520500000000200089e+03 1.729668292682617903e-04
5.521400000000199725e+03 1.730070362100377679e-04
5.522300000000200271e+03 1.727835769997909665e-04
5.523200000000200816e+03 1.723669265629723668e-04
5.524100000000200453e+03 1.717665436444804072e-04
5.525000000000200089e+03 1.711459917714819312e-04
5.525900000000200635e+03 1.702215522527694702e-04
5.526800000000201180e+03 1.687143667368218303e-04
5.527700000000200816e+03 1.674011000432074070e-04
5.528600000000200453e+03 1.678289117990061641e-04
5.529500000000200998e+03 1.698206033324822783e-04
5.530400000000201544e+03 1.714505051495507360e-04
5.531300000000201180e+03 1.716513652354478836e-04
5.532200000000200816e+03 1.712680823402479291e-04
5.533100000000201362e+03 1.708231284283101559e-04
5.534000000000201908e+03 1.702889130683615804e-04
5.534900000000201544e+03 1.701667642919346690e-04
5.535800000000201180e+03 1.707384799374267459e-04
5.536700000000201726e+03 1.715391990728676319e-04
5.537600000000202272e+03 1.717252598609775305e-04
5.538500000000201908e+03 1.714156969683244824e-04
5.539400000000201544e+03 1.712829252937808633e-04
5.540300000000202090e+03 1.714449026621878147e-04
5.541200000000202635e+03 1.718000858090817928e-04
5.542100000000202272e+03 1.720302534522488713e-04
5.543000000000201908e+03 1.718646090012043715e-04
5.543900000000202454e+03 1.715809630695730448e-04
5.544800000000202999e+03 1.715524122118949890e-04
5.545700000000202635e+03 1.716647384455427527e-04
5.546600000000202272e+03 1.716611586743965745e-04
5.547500000000202817e+03 1.716656697681173682e-04
5.548400000000203363e+03 1.717590203043073416e-04
5.549300000000202999e+03 1.718948769848793745e-04
5.550200000000202635e+03 1.720507716527208686e-04
5.551100000000203181e+03 1.718906714813783765e-04
5.552000000000203727e+03 1.715268008410930634e-04
5.552900000000203363e+03 1.714343816274777055e-04
5.553800000000202999e+03 1.714620448183268309e-04
5.554700000000203545e+03 1.711528311716392636e-04
5.555600000000204091e+03 1.708694471744820476e-04
5.556500000000203727e+03 1.711038203211501241e-04
5.557400000000203363e+03 1.713644160190597177e-04
5.558300000000203909e+03 1.711361692287027836e-04
5.559200000000204454e+03 1.708291674731299281e-04
5.560100000000204091e+03 1.708416966721415520e-04
5.561000000000203727e+03 1.708642084849998355e-04
5.561900000000204273e+03 1.707140909275040030e-04
5.562800000000204818e+03 1.705787290120497346e-04
5.563700000000204454e+03 1.705751346889883280e-04
5.564600000000204091e+03 1.704369205981492996e-04
5.565500000000204636e+03 1.700327557045966387e-04
5.566400000000205182e+03 1.697655097814276814e-04
5.567300000000204818e+03 1.695867831585928798e-04
5.568200000000204454e+03 1.691333454800769687e-04
5.569100000000205000e+03 1.684229937382042408e-04
5.570000000000205546e+03 1.684407761786133051e-04
5.570900000000205182e+03 1.690018834779039025e-04
5.571800000000204818e+03 1.687560579739511013e-04
5.572700000000205364e+03 1.679750130278989673e-04
5.573600000000205910e+03 1.680780260358005762e-04
5.574500000000205546e+03 1.685572351561859250e-04
5.575400000000205182e+03 1.683893497101962566e-04
5.576300000000205728e+03 1.682021102169528604e-04
5.577200000000206273e+03 1.686769101070240140e-04
5.578100000000205910e+03 1.692668301984667778e-04
5.579000000000205546e+03 1.695579703664407134e-04
5.579900000000206091e+03 1.695279788691550493e-04
5.580800000000206637e+03 1.691538636805489659e-04
5.581700000000206273e+03 1.686808536760509014e-04
5.582600000000205910e+03 1.684864982962608337e-04
5.583500000000206455e+03 1.685368915786966681e-04
5.584400000000207001e+03 1.687339681666344404e-04
5.585300000000206637e+03 1.684215676505118608e-04
5.586200000000206273e+03 1.674035156611353159e-04
5.587100000000206819e+03 1.665135205257683992e-04
5.588000000000207365e+03 1.663257571635767817e-04
5.588900000000207001e+03 1.670765486778691411e-04
5.589800000000206637e+03 1.684704329818487167e-04
5.590700000000207183e+03 1.696815452305600047e-04
5.591600000000207729e+03 1.701732689980417490e-04
5.592500000000207365e+03 1.697508996585384011e-04
5.593400000000207001e+03 1.687446929281577468e-04
5.594300000000207547e+03 1.681691792327910662e-04
5.595200000000208092e+03 1.686675386736169457e-04
5.596100000000207729e+03 1.693286903901025653e-04
5.597000000000207365e+03 1.688591582933440804e-04
5.597900000000207910e+03 1.678375847404822707e-04
5.598800000000208456e+03 1.677444233791902661e-04
5.599700000000208092e+03 1.684067246969789267e-04
5.600600000000207729e+03 1.686525210971012712e-04
5.601500000000208274e+03 1.680624845903366804e-04
5.602400000000208820e+03 1.673461520113050938e-04
5.603300000000208456e+03 1.675752137089148164e-04
5.604200000000208092e+03 1.687596814008429646e-04
5.605100000000208638e+03 1.697777479421347380e-04
5.606000000000209184e+03 1.702340232441201806e-04
5.606900000000208820e+03 1.701960718492045999e-04
5.607800000000208456e+03 1.695194951025769114e-04
5.608700000000209002e+03 1.688496122369542718e-04
5.609600000000209548e+03 1.687478797975927591e-04
5.610500000000209184e+03 1.690414792392402887e-04
5.611400000000208820e+03 1.695190148893743753e-04
5.612300000000209366e+03 1.696823455858975649e-04
5.613200000000209911e+03 1.690336503088474274e-04
5.614100000000209548e+03 1.670691126491874456e-04
5.615000000000209184e+03 1.649653713684529066e-04
5.615900000000209729e+03 1.650273479754105210e-04
5.616800000000210275e+03 1.667629549046978354e-04
5.617700000000209911e+03 1.679415581747889519e-04
5.618600000000209548e+03 1.683122827671468258e-04
5.619500000000210093e+03 1.682588626863434911e-04
5.620400000000210639e+03 1.679083943599835038e-04
5.621300000000210275e+03 1.675511011853814125e-04
5.622200000000209911e+03 1.673755177762359381e-04
5.623100000000210457e+03 1.666788739385083318e-04
5.624000000000211003e+03 1.657289976719766855e-04
5.624900000000210639e+03 1.657314278418198228e-04
5.625800000000210275e+03 1.670305937295779586e-04
5.626700000000210821e+03 1.682131696725264192e-04
5.627600000000211367e+03 1.683031441643834114e-04
5.628500000000211003e+03 1.680676359683275223e-04
5.629400000000210639e+03 1.680959248915314674e-04
5.630300000000211185e+03 1.680299756117165089e-04
5.631200000000211730e+03 1.678769331192597747e-04
5.632100000000211367e+03 1.676300016697496176e-04
5.633000000000211003e+03 1.671877398621290922e-04
5.633900000000211548e+03 1.669173943810164928e-04
5.634800000000212094e+03 1.670378987910225987e-04
5.635700000000211730e+03 1.676106621744111180e-04
5.636600000000211367e+03 1.682319707470014691e-04
5.637500000000211912e+03 1.685922325123101473e-04
5.638400000000212458e+03 1.687478943495079875e-04
5.639300000000212094e+03 1.687182084424421191e-04
5.640200000000211730e+03 1.685516472207382321e-04
5.641100000000212276e+03 1.685902097960934043e-04
5.642000000000212822e+03 1.688163611106574535e-04
5.642900000000212458e+03 1.690720237093046308e-04
5.643800000000212094e+03 1.691781653789803386e-04
5.644700000000212640e+03 1.690689969109371305e-04
5.645600000000213186e+03 1.690255303401499987e-04
5.646500000000212822e+03 1.693029626039788127e-04
5.647400000000212458e+03 1.696395338512957096e-04
5.648300000000213004e+03 1.697597326710820198e-04
5.649200000000213549e+03 1.698014239082112908e-04
5.650100000000213186e+03 1.697866828180849552e-04
5.651000000000212822e+03 1.698448031675070524e-04
5.651900000000213367e+03 1.699934655334800482e-04
5.652800000000213913e+03 1.699491549516096711e-04
5.653700000000213549e+03 1.695139217190444469e-04
5.654600000000213186e+03 1.689983619144186378e-04
5.655500000000213731e+03 1.688040210865437984e-04
5.656400000000214277e+03 1.684605376794934273e-04
5.657300000000213913e+03 1.672388607403263450e-04
5.658200000000213549e+03 1.661425048951059580e-04
5.659100000000214095e+03 1.664911687839776278e-04
5.660000000000214641e+03 1.677950203884392977e-04
5.660900000000214277e+03 1.684207527432590723e-04
5.661800000000213913e+03 1.682706060819327831e-04
5.662700000000214459e+03 1.682213478488847613e-04
5.663600000000215005e+03 1.685313472989946604e-04
5.664500000000214641e+03 1.687971089268103242e-04
5.665400000000214277e+03 1.688367774477228522e-04
5.666300000000214823e+03 1.684931921772658825e-04
5.667200000000215368e+03 1.681066496530547738e-04
5.668100000000215005e+03 1.678788976278156042e-04
5.669000000000214641e+03 1.678920525591820478e-04
5.669900000000215186e+03 1.681207795627415180e-04
5.670800000000215732e+03 1.683546870481222868e-04
5.671700000000215368e+03 1.684095041127875447e-04
5.672600000000215005e+03 1.684749149717390537e-04
5.673500000000215550e+03 1.685077731963247061e-04
5.674400000000216096e+03 1.682832953520119190e-04
5.675300000000215732e+03 1.681464345892891288e-04
5.676200000000215368e+03 1.684957096586003900e-04
5.677100000000215914e+03 1.686853211140260100e-04
5.678000000000216460e+03 1.685889146756380796e-04
5.678900000000216096e+03 1.685155584709718823e-04
5.679800000000215732e+03 1.684862509137019515e-04
5.680700000000216278e+03 1.685602619545534253e-04
5.681600000000216824e+03 1.684388553258031607e-04
5.682500000000216460e+03 1.679884881014004350e-04
5.683400000000216096e+03 1.678280241321772337e-04
5.684300000000216642e+03 1.677811669651418924e-04
5.685200000000217187e+03 1.675987441558390856e-04
5.686100000000216824e+03 1.672849757596850395e-04
5.687000000000216460e+03 1.670908677624538541e-04
5.687900000000217005e+03 1.670696801738813519e-04
5.688800000000217551e+03 1.671132486080750823e-04
5.689700000000217187e+03 1.675304665695875883e-04
5.690600000000216824e+03 1.679825363680720329e-04
5.691500000000217369e+03 1.682221918599680066e-04
5.692400000000217915e+03 1.685811439529061317e-04
5.693300000000217551e+03 1.686457835603505373e-04
5.694200000000217187e+03 1.682942529441788793e-04
5.695100000000217733e+03 1.677949476288631558e-04
5.696000000000218279e+03 1.677557011134922504e-04
5.696900000000217915e+03 1.680763671174645424e-04
5.697800000000217551e+03 1.681211870163679123e-04
5.698700000000218097e+03 1.679884444456547499e-04
5.699600000000218643e+03 1.675902167335152626e-04
5.700500000000218279e+03 1.669042831053957343e-04
5.701400000000217915e+03 1.664499723119661212e-04
5.702300000000218461e+03 1.667301548877730966e-04
5.703200000000219006e+03 1.672925864113494754e-04
5.704100000000218643e+03 1.674699451541528106e-04
5.705000000000218279e+03 1.672622893238440156e-04
5.705900000000218824e+03 1.669169287197291851e-04
5.706800000000219370e+03 1.665412273723632097e-04
5.707700000000219006e+03 1.661785936448723078e-04
5.708600000000218643e+03 1.655573869356885552e-04
5.709500000000219188e+03 1.652501377975568175e-04
5.710400000000219734e+03 1.655934611335396767e-04
5.711300000000219370e+03 1.659424888202920556e-04
5.712200000000219006e+03 1.663545990595594049e-04
5.713100000000219552e+03 1.668453624006360769e-04
5.714000000000220098e+03 1.673715596552938223e-04
5.714900000000219734e+03 1.676833780948072672e-04
5.715800000000219370e+03 1.677176915109157562e-04
5.716700000000219916e+03 1.677276304690167308e-04
5.717600000000220462e+03 1.673527440289035439e-04
5.718500000000220098e+03 1.669063203735277057e-04
5.719400000000219734e+03 1.669835473876446486e-04
5.720300000000220280e+03 1.671718782745301723e-04
5.721200000000220825e+03 1.671554928179830313e-04
5.722100000000220462e+03 1.670882920734584332e-04
5.723000000000220098e+03 1.671941281529143453e-04
5.723900000000220643e+03 1.673194492468610406e-04
5.724800000000221189e+03 1.673084916546940804e-04
5.725700000000220825e+03 1.671614591032266617e-04
5.726600000000220462e+03 1.666758616920560598e-04
5.727500000000221007e+03 1.663097064010798931e-04
5.728400000000221553e+03 1.666863681748509407e-04
5.729300000000221189e+03 1.669472694629803300e-04
5.730200000000220825e+03 1.665119489189237356e-04
5.731100000000221371e+03 1.660936977714300156e-04
5.732000000000221917e+03 1.661939313635230064e-04
5.732900000000221553e+03 1.664335286477580667e-04
5.733800000000221189e+03 1.666010211920365691e-04
5.734700000000221735e+03 1.667040050961077213e-04
5.735600000000222281e+03 1.665621966822072864e-04
5.736500000000221917e+03 1.662242430029436946e-04
5.737400000000221553e+03 1.660348207224160433e-04
5.738300000000222099e+03 1.661072601564228535e-04
5.739200000000222644e+03 1.663058646954596043e-04
5.740100000000222281e+03 1.663642906351014972e-04
5.741000000000221917e+03 1.658901310293003917e-04
5.741900000000222462e+03 1.653336221352219582e-04
5.742800000000223008e+03 1.651411585044115782e-04
5.743700000000222644e+03 1.652292121434584260e-04
5.744600000000222281e+03 1.653446233831346035e-04
5.745500000000222826e+03 1.655734522501006722e-04
5.746400000000223372e+03 1.655953965382650495e-04
5.747300000000223008e+03 1.650166086619719863e-04
5.748200000000222644e+03 1.648330362513661385e-04
5.749100000000223190e+03 1.653257641009986401e-04
5.750000000000223736e+03 1.658307737670838833e-04
5.750900000000223372e+03 1.657667744439095259e-04
5.751800000000223008e+03 1.652635255595669150e-04
5.752700000000223554e+03 1.649298355914652348e-04
5.753600000000224099e+03 1.645372976781800389e-04
5.754500000000223736e+03 1.643580762902274728e-04
5.755400000000223372e+03 1.647953322390094399e-04
5.756300000000223918e+03 1.653849176364019513e-04
5.757200000000224463e+03 1.657571410760283470e-04
5.758100000000224099e+03 1.655327214393764734e-04
5.759000000000223736e+03 1.652190549066290259e-04
5.759900000000224281e+03 1.651114725973457098e-04
5.760800000000224827e+03 1.646363525651395321e-04
5.761700000000224463e+03 1.639678957872092724e-04
5.762600000000224099e+03 1.635892986087128520e-04
5.763500000000224645e+03 1.636933156987652183e-04
5.764400000000225191e+03 1.642642018850892782e-04
5.765300000000224827e+03 1.648048782953992486e-04
5.766200000000224463e+03 1.650400954531505704e-04
5.767100000000225009e+03 1.649048790568485856e-04
5.768000000000225555e+03 1.647633180255070329e-04
5.768900000000225191e+03 1.648282923270016909e-04
5.769800000000224827e+03 1.645780139369890094e-04
5.770700000000225373e+03 1.642598799662664533e-04
5.771600000000225918e+03 1.640684640733525157e-04
5.772500000000225555e+03 1.641010021558031440e-04
5.773400000000225191e+03 1.641141570871695876e-04
5.774300000000225737e+03 1.639604597585275769e-04
5.775200000000226282e+03 1.642166607780382037e-04
5.776100000000225918e+03 1.644680305616930127e-04
5.777000000000225555e+03 1.644676667638123035e-04
5.777900000000226100e+03 1.643653813516721129e-04
5.778800000000226646e+03 1.639365364098921418e-04
5.779700000000226282e+03 1.631602499401196837e-04
5.780600000000225918e+03 1.624095020815730095e-04
5.781500000000226464e+03 1.620136899873614311e-04
5.782400000000227010e+03 1.622757117729634047e-04
5.783300000000226646e+03 1.628216996323317289e-04
5.784200000000226282e+03 1.629413163755089045e-04
5.785100000000226828e+03 1.630066108191385865e-04
5.786000000000227374e+03 1.632334460737183690e-04
5.786900000000227010e+03 1.634757063584402204e-04
5.787800000000226646e+03 1.636124070500954986e-04
5.788700000000227192e+03 1.635505032027140260e-04
5.789600000000227737e+03 1.633130450500175357e-04
5.790500000000227374e+03 1.632682979106903076e-04
5.791400000000227010e+03 1.634675427339971066e-04
5.792300000000227556e+03 1.636907691136002541e-04
5.793200000000228101e+03 1.638313988223671913e-04
5.794100000000227737e+03 1.639287947909906507e-04
5.795000000000227374e+03 1.642362331040203571e-04
5.795900000000227919e+03 1.643562718527391553e-04
5.796800000000228465e+03 1.637663081055507064e-04
5.797700000000228101e+03 1.632296189200133085e-04
5.798600000000227737e+03 1.636526430957019329e-04
5.799500000000228283e+03 1.645579759497195482e-04
5.800400000000228829e+03 1.649718760745599866e-04
5.801300000000228465e+03 1.649185142014175653e-04
5.802200000000228101e+03 1.647454482736065984e-04
5.803100000000228647e+03 1.644007425056770444e-04
5.804000000000229193e+03 1.642281422391533852e-04
5.804900000000228829e+03 1.643083087401464581e-04
5.805800000000228465e+03 1.644135481910780072e-04
5.806700000000229011e+03 1.645222655497491360e-04
5.807600000000229556e+03 1.644294534344226122e-04
5.808500000000229193e+03 1.641879498492926359e-04
5.809400000000228829e+03 1.640909176785498857e-04
5.810300000000229375e+03 1.639802794670686126e-04
5.811200000000229920e+03 1.639018300920724869e-04
5.812100000000229556e+03 1.638054964132606983e-04
5.813000000000229193e+03 1.636775268707424402e-04
5.813900000000229738e+03 1.637513487366959453e-04
5.814800000000230284e+03 1.635767112020403147e-04
5.815700000000229920e+03 1.633550709811970592e-04
5.816600000000229556e+03 1.634707732591778040e-04
5.817500000000230102e+03 1.636970118852332234e-04
5.818400000000230648e+03 1.638442045077681541e-04
5.819300000000230284e+03 1.641813723836094141e-04
5.820200000000229920e+03 1.644496951485052705e-04
5.821100000000230466e+03 1.642499701119959354e-04
5.822000000000231012e+03 1.639700494706630707e-04
5.822900000000230648e+03 1.639042311580851674e-04
5.823800000000230284e+03 1.639706752030178905e-04
5.824700000000230830e+03 1.640729897189885378e-04
5.825600000000231375e+03 1.640244008740410209e-04
5.826500000000231012e+03 1.640244154259562492e-04
5.827400000000230648e+03 1.642764109419658780e-04
5.828300000000231194e+03 1.643511204747483134e-04
5.829200000000231739e+03 1.642368151806294918e-04
5.830100000000231375e+03 1.641725539229810238e-04
5.831000000000231012e+03 1.642545976210385561e-04
5.831900000000231557e+03 1.643863070057705045e-04
5.832800000000232103e+03 1.645068987272679806e-04
5.833700000000231739e+03 1.645002485020086169e-04
5.834600000000231375e+03 1.642010465729981661e-04
5.835500000000231921e+03 1.640556147322058678e-04
5.836400000000232467e+03 1.642309944145381451e-04
5.837300000000232103e+03 1.642884890316054225e-04
5.838200000000231739e+03 1.639709371374920011e-04
5.839100000000232285e+03 1.635509106563404202e-04
5.840000000000232831e+03 1.634376967558637261e-04
5.840900000000232467e+03 1.636859087739139795e-04
5.841800000000232103e+03 1.638308458495885134e-04
5.842700000000232649e+03 1.638527028262615204e-04
5.843600000000233194e+03 1.637763925828039646e-04
5.844500000000232831e+03 1.635495136724784970e-04
5.845400000000232467e+03 1.632270723348483443e-04
5.846300000000233013e+03 1.628449244890362024e-04
5.847200000000233558e+03 1.624609139980748296e-04
5.848100000000233194e+03 1.622404088266193867e-04
5.849000000000232831e+03 1.620751136215403676e-04
5.849900000000233376e+03 1.618790411157533526e-04
5.850800000000233922e+03 1.618366804905235767e-04
5.851700000000233558e+03 1.617344678379595280e-04
5.852600000000233194e+03 1.611124462215229869e-04
5.853500000000233740e+03 1.605087163625285029e-04
5.854400000000234286e+03 1.607251615496352315e-04
5.855300000000233922e+03 1.610910840099677444e-04
5.856200000000233558e+03 1.606684527359902859e-04
5.857100000000234104e+03 1.598063536221161485e-04
5.858000000000234650e+03 1.598226372152566910e-04
5.858900000000234286e+03 1.605164434295147657e-04
5.859800000000233922e+03 1.609493192518129945e-04
5.860700000000234468e+03 1.611152110854163766e-04
5.861600000000235013e+03 1.610321487532928586e-04
5.862500000000234650e+03 1.610257022548466921e-04
5.863400000000234286e+03 1.610059116501361132e-04
5.864300000000234832e+03 1.609834725968539715e-04
5.865200000000235377e+03 1.609574974281713367e-04
5.866100000000235013e+03 1.605793950147926807e-04
5.867000000000234650e+03 1.603362616151571274e-04
5.867900000000235195e+03 1.607266167411580682e-04
5.868800000000235741e+03 1.611283805686980486e-04
5.869700000000235377e+03 1.609785686014220119e-04
5.870600000000235013e+03 1.606135920155793428e-04
5.871500000000235559e+03 1.603801792953163385e-04
5.872400000000236105e+03 1.600851974217221141e-04
5.873300000000235741e+03 1.597656228113919497e-04
5.874200000000235377e+03 1.595262001501396298e-04
5.875100000000235923e+03 1.592790504219010472e-04
5.876000000000236469e+03 1.592668704688549042e-04
5.876900000000236105e+03 1.594159839441999793e-04
5.877800000000235741e+03 1.592621410964056849e-04
5.878700000000236287e+03 1.590558385942131281e-04
5.879600000000236832e+03 1.589292951393872499e-04
5.880500000000236469e+03 1.590515603311359882e-04
5.881400000000236105e+03 1.593565975781530142e-04
5.882300000000236651e+03 1.594228670001029968e-04
5.883200000000237196e+03 1.592098560649901628e-04
5.884100000000236832e+03 1.587905280757695436e-04
5.885000000000236469e+03 1.585910940775647759e-04
5.885900000000237014e+03 1.587652805028483272e-04
5.886800000000237560e+03 1.586407597642391920e-04
5.887700000000237196e+03 1.568877778481692076e-04
5.888600000000236832e+03 1.521137164672836661e-04
5.889500000000237378e+03 1.462189393350854516e-04
5.890400000000237924e+03 1.447635731892660260e-04
5.891300000000237560e+03 1.488153211539611220e-04
5.892200000000237196e+03 1.533819886390119791e-04
5.893100000000237742e+03 1.553785114083439112e-04
5.894000000000238288e+03 1.544679398648440838e-04
5.894900000000237924e+03 1.503793755546212196e-04
5.895800000000237560e+03 1.464103697799146175e-04
5.896700000000238106e+03 1.475667522754520178e-04
5.897600000000238651e+03 1.522025122540071607e-04
5.898500000000238288e+03 1.554170448798686266e-04
5.899400000000237924e+03 1.564325648359954357e-04
5.900300000000238470e+03 1.567819563206285238e-04
5.901200000000239015e+03 1.570412714499980211e-04
5.902100000000238651e+03 1.571188477100804448e-04
5.903000000000238288e+03 1.574016059748828411e-04
5.903900000000238833e+03 1.578638184582814574e-04
5.904800000000239379e+03 1.581603719387203455e-04
5.905700000000239015e+03 1.582945405971258879e-04
5.906600000000238651e+03 1.581332180649042130e-04
5.907500000000239197e+03 1.579998061060905457e-04
5.908400000000239743e+03 1.581780088599771261e-04
5.909300000000239379e+03 1.582716213306412101e-04
5.910200000000239015e+03 1.581702963449060917e-04
5.911100000000239561e+03 1.580644748173654079e-04
5.912000000000240107e+03 1.580453972565010190e-04
5.912900000000239743e+03 1.578523078933358192e-04
5.913800000000239379e+03 1.576383074279874563e-04
5.914700000000239925e+03 1.575567002873867750e-04
5.915600000000240470e+03 1.575513160787522793e-04
5.916500000000240107e+03 1.575134665472432971e-04
5.917400000000239743e+03 1.574279012857005000e-04
5.918300000000240289e+03 1.572713081259280443e-04
5.919200000000240834e+03 1.573107874719426036e-04
5.920100000000240470e+03 1.573283661855384707e-04
5.921000000000240107e+03 1.573463814565911889e-04
5.921900000000240652e+03 1.574150082888081670e-04
5.922800000000241198e+03 1.573192712385207415e-04
5.923700000000240834e+03 1.573619374539703131e-04
5.924600000000240470e+03 1.575874484842643142e-04
5.925500000000241016e+03 1.578741648700088263e-04
5.926400000000241562e+03 1.579306990606710315e-04
5.927300000000241198e+03 1.577493530930951238e-04
5.928200000000240834e+03 1.576644717715680599e-04
5.929100000000241380e+03 1.575610949657857418e-04
5.930000000000241926e+03 1.573062618263065815e-04
5.930900000000241562e+03 1.574445486767217517e-04
5.931800000000241198e+03 1.578704541316255927e-04
5.932700000000241744e+03 1.578709052409976721e-04
5.933600000000242289e+03 1.574126799823716283e-04
5.934500000000241926e+03 1.572529872646555305e-04
5.935400000000241562e+03 1.575894275447353721e-04
5.936300000000242107e+03 1.579257223056629300e-04
5.937200000000242653e+03 1.580218086019158363e-04
5.938100000000242289e+03 1.580032985657453537e-04
5.939000000000241926e+03 1.579184317961335182e-04
5.939900000000242471e+03 1.576629729242995381e-04
5.940800000000243017e+03 1.574557973071932793e-04
5.941700000000242653e+03 1.572584442328661680e-04
5.942600000000242289e+03 1.571297179907560349e-04
5.943500000000242835e+03 1.572956680320203304e-04
5.944400000000243381e+03 1.576609502080827951e-04
5.945300000000243017e+03 1.577564398758113384e-04
5.946200000000242653e+03 1.575108180986717343e-04
5.947100000000243199e+03 1.570775784784927964e-04
5.948000000000243745e+03 1.566828868817538023e-04
5.948900000000243381e+03 1.565862476127222180e-04
5.949800000000243017e+03 1.568244188092648983e-04
5.950700000000243563e+03 1.573115732753649354e-04
5.951600000000244108e+03 1.575425412738695741e-04
5.952500000000243745e+03 1.574181369505822659e-04
5.953400000000243381e+03 1.573317131260409951e-04
5.954300000000243926e+03 1.572579785715788603e-04
5.955200000000244472e+03 1.570219610584899783e-04
5.956100000000244108e+03 1.564748963573947549e-04
5.957000000000243745e+03 1.559805241413414478e-04
5.957900000000244290e+03 1.560835080454126000e-04
5.958800000000244836e+03 1.568357401993125677e-04
5.959700000000244472e+03 1.575163332745432854e-04
5.960600000000244108e+03 1.575338392285630107e-04
5.961500000000244654e+03 1.574483612785115838e-04
5.962400000000245200e+03 1.576372887939214706e-04
5.963300000000244836e+03 1.578246738063171506e-04
5.964200000000244472e+03 1.578617957420647144e-04
5.965100000000245018e+03 1.575632049934938550e-04
5.966000000000245564e+03 1.572725304868072271e-04
5.966900000000245200e+03 1.573520421516150236e-04
5.967800000000244836e+03 1.575281930854544044e-04
5.968700000000245382e+03 1.577673538122326136e-04
5.969600000000245927e+03 1.579997187945991755e-04
5.970500000000245564e+03 1.581184187671169639e-04
5.971400000000245200e+03 1.580173848196864128e-04
5.972300000000245745e+03 1.577787043061107397e-04
5.973200000000246291e+03 1.577346993144601583e-04
5.974100000000245927e+03 1.577747898409143090e-04
5.975000000000245564e+03 1.577320654178038239e-04
5.975900000000246109e+03 1.574739289935678244e-04
5.976800000000246655e+03 1.569861051393672824e-04
5.977700000000246291e+03 1.565745187690481544e-04
5.978600000000245927e+03 1.565265847602859139e-04
5.979500000000246473e+03 1.569777086842805147e-04
5.980400000000247019e+03 1.574702764628455043e-04
5.981300000000246655e+03 1.575481146574020386e-04
5.982200000000246291e+03 1.574539928697049618e-04
5.983100000000246837e+03 1.571921020513400435e-04
5.984000000000247383e+03 1.567313156556338072e-04
5.984900000000247019e+03 1.566552236909046769e-04
5.985800000000246655e+03 1.569708692841231823e-04
5.986700000000247201e+03 1.570383028592914343e-04
5.987600000000247746e+03 1.569901796756312251e-04
5.988500000000247383e+03 1.570485619595274329e-04
5.989400000000247019e+03 1.569347659824416041e-04
5.990300000000247564e+03 1.567702856846153736e-04
5.991200000000248110e+03 1.568648731335997581e-04
5.992100000000247746e+03 1.570381718920543790e-04
5.993000000000247383e+03 1.571380416862666607e-04
5.993900000000247928e+03 1.569906598888337612e-04
5.994800000000248474e+03 1.567287254147231579e-04
5.995700000000248110e+03 1.565488055348396301e-04
5.996600000000247746e+03 1.563513651490211487e-04
5.997500000000248292e+03 1.563059631735086441e-04
5.998400000000248838e+03 1.563944533700123429e-04
5.999300000000248474e+03 1.564137055538594723e-04
6.000200000000248110e+03 1.562811667099595070e-04
6.001100000000248656e+03 1.560505625093355775e-04
6.002000000000249202e+03 1.557458745082840323e-04
6.002900000000248838e+03 1.554673217469826341e-04
6.003800000000248474e+03 1.554056361783295870e-04
6.004700000000249020e+03 1.554249174660071731e-04
6.005600000000249565e+03 1.554137415951117873e-04
6.006500000000249202e+03 1.554304326418787241e-04
6.007400000000248838e+03 1.552759786136448383e-04
6.008300000000249383e+03 1.550715969642624259e-04
6.009200000000249929e+03 1.553484762553125620e-04
6.010100000000249565e+03 1.558851363370195031e-04
6.011000000000249202e+03 1.561115350341424346e-04
6.011900000000249747e+03 1.560293312650173903e-04
6.012800000000250293e+03 1.556974020786583424e-04
6.013700000000249929e+03 1.553440233692526817e-04
6.014600000000249565e+03 1.554080081405118108e-04
6.015500000000250111e+03 1.557932555442675948e-04
6.016400000000250657e+03 1.558544608997181058e-04
6.017300000000250293e+03 1.557524519739672542e-04
6.018200000000249929e+03 1.558580552227795124e-04
6.019100000000250475e+03 1.556748466100543737e-04
6.020000000000251021e+03 1.554317132104188204e-04
6.020900000000250657e+03 1.557179784867912531e-04
6.021800000000250293e+03 1.560444943606853485e-04
6.022700000000250839e+03 1.559387746965512633e-04
6.023600000000251384e+03 1.555455528432503343e-04
6.024500000000251021e+03 1.554803166072815657e-04
6.025400000000250657e+03 1.558524090796709061e-04
6.026300000000251202e+03 1.560065284138545394e-04
6.027200000000251748e+03 1.559899828862398863e-04
6.028100000000251384e+03 1.560663222335278988e-04
6.029000000000251021e+03 1.561827812111005187e-04
6.029900000000251566e+03 1.561865065013989806e-04
6.030800000000252112e+03 1.559006923343986273e-04
6.031700000000251748e+03 1.557964715175330639e-04
6.032600000000251384e+03 1.561869867146015167e-04
6.033500000000251930e+03 1.564780686749145389e-04
6.034400000000252476e+03 1.563634723424911499e-04
6.035300000000252112e+03 1.560922682983800769e-04
6.036200000000251748e+03 1.557964860694482923e-04
6.037100000000252294e+03 1.555723283672705293e-04
6.038000000000252840e+03 1.555770577397197485e-04
6.038900000000252476e+03 1.557601499371230602e-04
6.039800000000252112e+03 1.557083160150796175e-04
6.040700000000252658e+03 1.555394264869391918e-04
6.041600000000253203e+03 1.555335475131869316e-04
6.042500000000252840e+03 1.555819180794060230e-04
6.043400000000252476e+03 1.556619390612468123e-04
6.044300000000253021e+03 1.559369411552324891e-04
6.045200000000253567e+03 1.562257384648546576e-04
6.046100000000253203e+03 1.561891403980553150e-04
6.047000000000252840e+03 1.560091768624261022e-04
6.047900000000253385e+03 1.558326475787907839e-04
6.048800000000253931e+03 1.557510113343596458e-04
6.049700000000253567e+03 1.558300573378801346e-04
6.050600000000253203e+03 1.559061784064397216e-04
6.051500000000253749e+03 1.558463700348511338e-04
6.052400000000254295e+03 1.556786883156746626e-04
6.053300000000253931e+03 1.557264331495389342e-04
6.054200000000253567e+03 1.559738884679973125e-04
6.055100000000254113e+03 1.559478114359080791e-04
6.056000000000254659e+03 1.556550851091742516e-04
6.056900000000254295e+03 1.552406756673008204e-04
6.057800000000253931e+03 1.552115863887593150e-04
6.058700000000254477e+03 1.555582566652446985e-04
6.059600000000255022e+03 1.555831404402852058e-04
6.060500000000254659e+03 1.555935159558430314e-04
6.061400000000254295e+03 1.559504307806491852e-04
6.062300000000254840e+03 1.562212419230490923e-04
6.063200000000255386e+03 1.557137147756293416e-04
6.064100000000255022e+03 1.546043349662795663e-04
6.065000000000254659e+03 1.537267671665176749e-04
6.065900000000255204e+03 1.540139492135494947e-04
6.066800000000255750e+03 1.551892346469685435e-04
6.067700000000255386e+03 1.562017278047278523e-04
6.068600000000255022e+03 1.566059654578566551e-04
6.069500000000255568e+03 1.563842233736068010e-04
6.070400000000256114e+03 1.559757365612313151e-04
6.071300000000255750e+03 1.559317897772416472e-04
6.072200000000255386e+03 1.560589298605918884e-04
6.073100000000255932e+03 1.561728568049147725e-04
6.074000000000256478e+03 1.562771212775260210e-04
6.074900000000256114e+03 1.561353128636255860e-04
6.075800000000255750e+03 1.560653472552075982e-04
6.076700000000256296e+03 1.561998360557481647e-04
6.077600000000256841e+03 1.559367665322497487e-04
6.078500000000256478e+03 1.555597264086827636e-04
6.079400000000256114e+03 1.554393093101680279e-04
6.080300000000256659e+03 1.552208850625902414e-04
6.081200000000257205e+03 1.549373555462807417e-04
6.082100000000256841e+03 1.549852895550429821e-04
6.083000000000256478e+03 1.552081375848501921e-04
6.083900000000257023e+03 1.551978639326989651e-04
6.084800000000257569e+03 1.551030727569013834e-04
6.085700000000257205e+03 1.551107561681419611e-04
6.086600000000256841e+03 1.550378947285935283e-04
6.087500000000257387e+03 1.550476590637117624e-04
6.088400000000257933e+03 1.550682354718446732e-04
6.089300000000257569e+03 1.548384607303887606e-04
6.090200000000257205e+03 1.547827268950641155e-04
6.091100000000257751e+03 1.549292792333289981e-04
6.092000000000258296e+03 1.550170563859865069e-04
6.092900000000257933e+03 1.549252338008955121e-04
6.093800000000257569e+03 1.549867592984810472e-04
6.094700000000258115e+03 1.553192560095340014e-04
6.095600000000258660e+03 1.555231574457138777e-04
6.096500000000258296e+03 1.555772760184481740e-04
6.097400000000257933e+03 1.553819311084225774e-04
6.098300000000258478e+03 1.550069864606484771e-04
6.099200000000259024e+03 1.547976426081731915e-04
6.100100000000258660e+03 1.547307620057836175e-04
6.101000000000258296e+03 1.542189129395410419e-04
6.101900000000258842e+03 1.530578156234696507e-04
6.102800000000259388e+03 1.523249666206538677e-04
6.103700000000259024e+03 1.530750887468457222e-04
6.104600000000258660e+03 1.545809063827618957e-04
6.105500000000259206e+03 1.554182235850021243e-04
6.106400000000259752e+03 1.552987814648076892e-04
6.107300000000259388e+03 1.549447915749624372e-04
6.108200000000259024e+03 1.548432628624141216e-04
6.109100000000259570e+03 1.549875159980729222e-04
6.110000000000260115e+03 1.551183959236368537e-04
6.110900000000259752e+03 1.551656750962138176e-04
6.111800000000259388e+03 1.551096793264150620e-04
6.112700000000259934e+03 1.548870204715058208e-04
6.113600000000260479e+03 1.548122672829777002e-04
6.114500000000260115e+03 1.549312291899695992e-04
6.115400000000259752e+03 1.550963061163201928e-04
6.116300000000260297e+03 1.551446039229631424e-04
6.117200000000260843e+03 1.550697925267741084e-04
6.118100000000260479e+03 1.548642903799191117e-04
6.119000000000260115e+03 1.545061677461490035e-04
6.119900000000260661e+03 1.537377393105998635e-04
6.120800000000261207e+03 1.523031387478113174e-04
6.121700000000260843e+03 1.510896545369178057e-04
6.122600000000260479e+03 1.516741467639803886e-04
6.123500000000261025e+03 1.537247007945552468e-04
6.124400000000261571e+03 1.550052693346515298e-04
6.125300000000261207e+03 1.549659355077892542e-04
6.126200000000260843e+03 1.548001164337620139e-04
6.127100000000261389e+03 1.549656008137390018e-04
6.128000000000261934e+03 1.551600580569356680e-04
6.128900000000261571e+03 1.552382018417119980e-04
6.129800000000261207e+03 1.553724287077784538e-04
6.130700000000261753e+03 1.557001960463821888e-04
6.131600000000262298e+03 1.558308140374720097e-04
6.132500000000261934e+03 1.554375630803406239e-04
6.133400000000261571e+03 1.549497101223096251e-04
6.134300000000262116e+03 1.544205006211996078e-04
6.135200000000262662e+03 1.532525056973099709e-04
6.136100000000262298e+03 1.512591261416673660e-04
6.137000000000261934e+03 1.499156787758693099e-04
6.137900000000262480e+03 1.508504210505634546e-04
6.138800000000263026e+03 1.531504676677286625e-04
6.139700000000262662e+03 1.542937679914757609e-04
6.140600000000262298e+03 1.532727765152230859e-04
6.141500000000262844e+03 1.520557125331833959e-04
6.142400000000263390e+03 1.525815750937908888e-04
6.143300000000263026e+03 1.542421814519912004e-04
6.144200000000262662e+03 1.553653564769774675e-04
6.145100000000263208e+03 1.555873022880405188e-04
6.146000000000263753e+03 1.552771864226087928e-04
6.146900000000263390e+03 1.548119325889274478e-04
6.147800000000263026e+03 1.540275989100337029e-04
6.148700000000263572e+03 1.530840527266263962e-04
6.149600000000264117e+03 1.527359418105334044e-04
6.150500000000263753e+03 1.531670714030042291e-04
6.151400000000263390e+03 1.537253265269100666e-04
6.152300000000263935e+03 1.539665390737354755e-04
6.153200000000264481e+03 1.539643126307055354e-04
6.154100000000264117e+03 1.538081996841356158e-04
6.155000000000263753e+03 1.537228672532364726e-04
6.155900000000264299e+03 1.536969793960452080e-04
6.156800000000264845e+03 1.533099566586315632e-04
6.157700000000264481e+03 1.527836575405672193e-04
6.158600000000264117e+03 1.524513791082426906e-04
6.159500000000264663e+03 1.522861712146550417e-04
6.160400000000265209e+03 1.515434705652296543e-04
6.161300000000264845e+03 1.496446930104866624e-04
6.162200000000264481e+03 1.482376392232254148e-04
6.163100000000265027e+03 1.488975103711709380e-04
6.164000000000265572e+03 1.503646344644948840e-04
6.164900000000265209e+03 1.510372530901804566e-04
6.165800000000264845e+03 1.510761794634163380e-04
6.166700000000265391e+03 1.510217698523774743e-04
6.167600000000265936e+03 1.506656408309936523e-04
6.168500000000265572e+03 1.499577920185402036e-04
6.169400000000265209e+03 1.494553871452808380e-04
6.170300000000265754e+03 1.497470511822029948e-04
6.171200000000266300e+03 1.505641994299367070e-04
6.172100000000265936e+03 1.508598215878009796e-04
6.173000000000265572e+03 1.505098334746435285e-04
6.173900000000266118e+03 1.503539679106324911e-04
6.174800000000266664e+03 1.506420230725780129e-04
6.175700000000266300e+03 1.509610592620447278e-04
6.176600000000265936e+03 1.510049478383734822e-04
6.177500000000266482e+03 1.512542512500658631e-04
6.178400000000267028e+03 1.514182949904352427e-04
6.179300000000266664e+03 1.510298752691596746e-04
6.180200000000266300e+03 1.507538545411080122e-04
6.181100000000266846e+03 1.506796252215281129e-04
6.182000000000267391e+03 1.507049892097711563e-04
6.182900000000267028e+03 1.507424749433994293e-04
6.183800000000266664e+03 1.506124535808339715e-04
6.184700000000267210e+03 1.504852261859923601e-04
6.185600000000267755e+03 1.501040096627548337e-04
6.186500000000267391e+03 1.496166660217568278e-04
6.187400000000267028e+03 1.493946911068633199e-04
6.188300000000267573e+03 1.494732860010117292e-04
6.189200000000268119e+03 1.492145966039970517e-04
6.190100000000267755e+03 1.479118072893470526e-04
6.191000000000267391e+03 1.462347572669386864e-04
6.191900000000267937e+03 1.461063657188788056e-04
6.192800000000268483e+03 1.477452024118974805e-04
6.193700000000268119e+03 1.494365133112296462e-04
6.194600000000267755e+03 1.500338112236931920e-04
6.195500000000268301e+03 1.499314967077225447e-04
6.196400000000268847e+03 1.499893842265009880e-04
6.197300000000268483e+03 1.501455408288165927e-04
6.198200000000268119e+03 1.500141661381348968e-04
6.199100000000268665e+03 1.497238699812442064e-04
6.200000000000269210e+03 1.492863812018185854e-04
6.200900000000268847e+03 1.491358852945268154e-04
6.201800000000268483e+03 1.494125026511028409e-04
6.202700000000269029e+03 1.497664197813719511e-04
6.203600000000269574e+03 1.500671060057356954e-04
6.204500000000269210e+03 1.500776998000219464e-04
6.205400000000268847e+03 1.498123892815783620e-04
6.206300000000269392e+03 1.495764299761503935e-04
6.207200000000269938e+03 1.494686584919691086e-04
6.208100000000269574e+03 1.495774486102163792e-04
6.209000000000269210e+03 1.496839540777727962e-04
6.209900000000269756e+03 1.497052580816671252e-04
6.210800000000270302e+03 1.496593758929520845e-04
6.211700000000269938e+03 1.494507887400686741e-04
6.212600000000269574e+03 1.489358255639672279e-04
6.213500000000270120e+03 1.482849183958023787e-04
6.214400000000270666e+03 1.479057682445272803e-04
6.215300000000270302e+03 1.481813087593764067e-04
6.216200000000269938e+03 1.488566485932096839e-04
6.217100000000270484e+03 1.491254661232233047e-04
6.218000000000271029e+03 1.487146219005808234e-04
6.218900000000270666e+03 1.482757506892085075e-04
6.219800000000270302e+03 1.483941596234217286e-04
6.220700000000270848e+03 1.486129913246259093e-04
6.221600000000271393e+03 1.486149849370121956e-04
6.222500000000271029e+03 1.487019326305016875e-04
6.223400000000270666e+03 1.487614790676161647e-04
6.224300000000271211e+03 1.486324326833710074e-04
6.225200000000271757e+03 1.486055407440289855e-04
6.226100000000271393e+03 1.486097753513604403e-04
6.227000000000271029e+03 1.486540859332308173e-04
6.227900000000271575e+03 1.487454719608649611e-04
6.228800000000272121e+03 1.483853266108781099e-04
6.229700000000271757e+03 1.472497970098629594e-04
6.230600000000271393e+03 1.460343919461593032e-04
6.231500000000271939e+03 1.461557694710791111e-04
6.232400000000272485e+03 1.472140575060620904e-04
6.233300000000272121e+03 1.480315113440155983e-04
6.234200000000271757e+03 1.486863911850377917e-04
6.235100000000272303e+03 1.491518196417018771e-04
6.236000000000272848e+03 1.490152062615379691e-04
6.236900000000272485e+03 1.485794055042788386e-04
6.237800000000272121e+03 1.480946084484457970e-04
6.238700000000272667e+03 1.478591439081355929e-04
6.239600000000273212e+03 1.481693907408043742e-04
6.240500000000272848e+03 1.488039124524220824e-04
6.241400000000272485e+03 1.488924899604171515e-04
6.242300000000273030e+03 1.484983222326263785e-04
6.243200000000273576e+03 1.483265805291011930e-04
6.244100000000273212e+03 1.484273234382271767e-04
6.245000000000272848e+03 1.483441301388666034e-04
6.245900000000273394e+03 1.479121419833973050e-04
6.246800000000273940e+03 1.478548365412279963e-04
6.247700000000273576e+03 1.484446984250098467e-04
6.248600000000273212e+03 1.491789007559418678e-04
6.249500000000273758e+03 1.493609743192791939e-04
6.250400000000274304e+03 1.488460256950929761e-04
6.251300000000273940e+03 1.480200298829004169e-04
6.252200000000273576e+03 1.472324511269107461e-04
6.253100000000274122e+03 1.468626433052122593e-04
6.254000000000274667e+03 1.470913121011108160e-04
6.254900000000274304e+03 1.472354633733630180e-04
6.255800000000273940e+03 1.471124414820224047e-04
6.256700000000274486e+03 1.472949370509013534e-04
6.257600000000275031e+03 1.475697354180738330e-04
6.258500000000274667e+03 1.474928430980071425e-04
6.259400000000274304e+03 1.474047894589602947e-04
6.260300000000274849e+03 1.478459307691082358e-04
6.261200000000275395e+03 1.483577798353508115e-04
6.262100000000275031e+03 1.486408000346273184e-04
6.263000000000274667e+03 1.488464477006345987e-04
6.263900000000275213e+03 1.484572130721062422e-04
6.264800000000275759e+03 1.475806056987494230e-04
6.265700000000275395e+03 1.474434538977220654e-04
6.266600000000275031e+03 1.482957159169018269e-04
6.267500000000275577e+03 1.491494476795196533e-04
6.268400000000276123e+03 1.490880531491711736e-04
6.269300000000275759e+03 1.483809464843943715e-04
6.270200000000275395e+03 1.479735365137457848e-04
6.271100000000275941e+03 1.481507933931425214e-04
6.272000000000276486e+03 1.483132073190063238e-04
6.272900000000276123e+03 1.483192754676565528e-04
6.273800000000275759e+03 1.484404201619327068e-04
6.274700000000276304e+03 1.483870291849598289e-04
6.275600000000276850e+03 1.481529907323420048e-04
6.276500000000276486e+03 1.480153005104511976e-04
6.277400000000276123e+03 1.479386410210281610e-04
6.278300000000276668e+03 1.477423647884279490e-04
6.279200000000277214e+03 1.472159492550417781e-04
6.280100000000276850e+03 1.465661480324342847e-04
6.281000000000276486e+03 1.463204389438033104e-04
6.281900000000277032e+03 1.466841640649363399e-04
6.282800000000277578e+03 1.473108713980764151e-04
6.283700000000277214e+03 1.475993631174787879e-04
6.284600000000276850e+03 1.475018216297030449e-04
6.285500000000277396e+03 1.474893942940980196e-04
6.286400000000277942e+03 1.476479956181719899e-04
6.287300000000277578e+03 1.480577629990875721e-04
6.288200000000277214e+03 1.485309185227379203e-04
6.289100000000277760e+03 1.488294656155630946e-04
6.290000000000278305e+03 1.490374270360916853e-04
6.290900000000277942e+03 1.487882836954668164e-04
6.291800000000277578e+03 1.483338710386306047e-04
6.292700000000278123e+03 1.482458610553294420e-04
6.293600000000278669e+03 1.483188389101997018e-04
6.294500000000278305e+03 1.482656807638704777e-04
6.295400000000277942e+03 1.480100763728842139e-04
6.296300000000278487e+03 1.477478217566385865e-04
6.297200000000279033e+03 1.473118754802271724e-04
6.298100000000278669e+03 1.466768590034916997e-04
6.299000000000278305e+03 1.466611429350450635e-04
6.299900000000278851e+03 1.470354909542948008e-04
6.300800000000279397e+03 1.470090792281553149e-04
6.301700000000279033e+03 1.469266571803018451e-04
6.302600000000278669e+03 1.472085132263600826e-04
6.303500000000279215e+03 1.477337355026975274e-04
6.304400000000279761e+03 1.479784405091777444e-04
6.305300000000279397e+03 1.480694772908464074e-04
6.306200000000279033e+03 1.482765219407156110e-04
6.307100000000279579e+03 1.484619424445554614e-04
6.308000000000280124e+03 1.487507979618385434e-04
6.308900000000279761e+03 1.490930590080097318e-04
6.309800000000279397e+03 1.487503905082121491e-04
6.310700000000279942e+03 1.478981575928628445e-04
6.311600000000280488e+03 1.475638709962368011e-04
6.312500000000280124e+03 1.478041376685723662e-04
6.313400000000279761e+03 1.480344508308917284e-04
6.314300000000280306e+03 1.481434155721217394e-04
6.315200000000280852e+03 1.483195374021306634e-04
6.316100000000280488e+03 1.481115177739411592e-04
6.317000000000280124e+03 1.472875301260501146e-04
6.317900000000280670e+03 1.464841334382072091e-04
6.318800000000281216e+03 1.465539680793881416e-04
6.319700000000280852e+03 1.469738199375569820e-04
6.320600000000280488e+03 1.470520073780789971e-04
6.321500000000281034e+03 1.469601411372423172e-04
6.322400000000281580e+03 1.468732079956680536e-04
6.323300000000281216e+03 1.469664130127057433e-04
6.324200000000280852e+03 1.472012663725763559e-04
6.325100000000281398e+03 1.474594755563884974e-04
6.326000000000281943e+03 1.478258927818387747e-04
6.326900000000281580e+03 1.477733458159491420e-04
6.327800000000281216e+03 1.473533338867127895e-04
6.328700000000281761e+03 1.473128941142931581e-04
6.329600000000282307e+03 1.473949523642659187e-04
6.330500000000281943e+03 1.473696174798533320e-04
6.331400000000281580e+03 1.474099844926968217e-04
6.332300000000282125e+03 1.471203868277370930e-04
6.333200000000282671e+03 1.465568493586033583e-04
6.334100000000282307e+03 1.461446518078446388e-04
6.335000000000281943e+03 1.455569436075165868e-04
6.335900000000282489e+03 1.451351417927071452e-04
6.336800000000283035e+03 1.456688478356227279e-04
6.337700000000282671e+03 1.465365494368597865e-04
6.338600000000282307e+03 1.467734546167775989e-04
6.339500000000282853e+03 1.468164409743621945e-04
6.340400000000283399e+03 1.469757116865366697e-04
6.341300000000283035e+03 1.471243886044248939e-04
6.342200000000282671e+03 1.472358417231589556e-04
6.343100000000283217e+03 1.469054550398141146e-04
6.344000000000283762e+03 1.463625085307285190e-04
6.344900000000283399e+03 1.459537015762180090e-04
6.345800000000283035e+03 1.455680612707510591e-04
6.346700000000283580e+03 1.451291172998026013e-04
6.347600000000284126e+03 1.449189003324136138e-04
6.348500000000283762e+03 1.453684672014787793e-04
6.349400000000283399e+03 1.458822080167010427e-04
6.350300000000283944e+03 1.457946345908567309e-04
6.351200000000284490e+03 1.456950121792033315e-04
6.352100000000284126e+03 1.460397470509633422e-04
6.353000000000283762e+03 1.460910134483128786e-04
6.353900000000284308e+03 1.454677694709971547e-04
6.354800000000284854e+03 1.449180999770760536e-04
6.355700000000284490e+03 1.445992238586768508e-04
6.356600000000284126e+03 1.440285996068269014e-04
6.357500000000284672e+03 1.434970909031108022e-04
6.358400000000285218e+03 1.434522419003769755e-04
6.359300000000284854e+03 1.438963518012315035e-04
6.360200000000284490e+03 1.445911038899794221e-04
6.361100000000285036e+03 1.447838149033486843e-04
6.362000000000285581e+03 1.445328089175745845e-04
6.362900000000285218e+03 1.443550136173143983e-04
6.363800000000284854e+03 1.444410154363140464e-04
6.364700000000285399e+03 1.447034010197967291e-04
6.365600000000285945e+03 1.450435956940054893e-04
6.366500000000285581e+03 1.453847071388736367e-04
6.367400000000285218e+03 1.456056488677859306e-04
6.368300000000285763e+03 1.455005985917523503e-04
6.369200000000286309e+03 1.452557044103741646e-04
6.370100000000285945e+03 1.449115952709689736e-04
6.371000000000285581e+03 1.447970425942912698e-04
6.371900000000286127e+03 1.454785378882661462e-04
6.372800000000286673e+03 1.461998908780515194e-04
6.373700000000286309e+03 1.461448409827426076e-04
6.374600000000285945e+03 1.458010956412181258e-04
6.375500000000286491e+03 1.458652259316295385e-04
6.376400000000287037e+03 1.460381317883729935e-04
6.377300000000286673e+03 1.458715851185843349e-04
6.378200000000286309e+03 1.454856246709823608e-04
6.379100000000286855e+03 1.454614830436185002e-04
6.380000000000287400e+03 1.456634781789034605e-04
6.380900000000287037e+03 1.456338504794985056e-04
6.381800000000286673e+03 1.453138247597962618e-04
6.382700000000287218e+03 1.449315313948318362e-04
6.383600000000287764e+03 1.448026450816541910e-04
6.384500000000287400e+03 1.449276896892115474e-04
6.385400000000287037e+03 1.452366850571706891e-04
6.386300000000287582e+03 1.454968441976234317e-04
6.387200000000288128e+03 1.454658777220174670e-04
6.388100000000287764e+03 1.451870193704962730e-04
6.389000000000287400e+03 1.449364499421790242e-04
6.389900000000287946e+03 1.450837007723748684e-04
6.390800000000288492e+03 1.454661396564915776e-04
6.391700000000288128e+03 1.451746502425521612e-04
6.392600000000287764e+03 1.439455081708729267e-04
6.393500000000288310e+03 1.432335266144946218e-04
6.394400000000288856e+03 1.441247441107407212e-04
6.395300000000288492e+03 1.455192541470751166e-04
6.396200000000288128e+03 1.460925559513270855e-04
6.397100000000288674e+03 1.459139166399836540e-04
6.398000000000289219e+03 1.452875294489786029e-04
6.398900000000288856e+03 1.442180073354393244e-04
6.399800000000288492e+03 1.433284633094444871e-04
6.400700000000289037e+03 1.437553437426686287e-04
6.401600000000289583e+03 1.452307187719270587e-04
6.402500000000289219e+03 1.464299421058967710e-04
6.403400000000288856e+03 1.467814581701532006e-04
6.404300000000289401e+03 1.466724643250927329e-04
6.405200000000289947e+03 1.466237445129081607e-04
6.406100000000289583e+03 1.464192027924582362e-04
6.407000000000289219e+03 1.459410414099693298e-04
6.407900000000289765e+03 1.455791643820703030e-04
6.408800000000290311e+03 1.457776670577004552e-04
6.409700000000289947e+03 1.460526545997709036e-04
6.410600000000289583e+03 1.455751480534672737e-04
6.411500000000290129e+03 1.450987329008057714e-04
6.412400000000290675e+03 1.453435106668621302e-04
6.413300000000290311e+03 1.456167083233594894e-04
6.414200000000289947e+03 1.455184683436527848e-04
6.415100000000290493e+03 1.454759330954402685e-04
6.416000000000291038e+03 1.455780147807672620e-04
6.416900000000290675e+03 1.456950558349490166e-04
6.417800000000290311e+03 1.456152385799214244e-04
6.418700000000290856e+03 1.450107229175046086e-04
6.419600000000291402e+03 1.440604391973465681e-04
6.420500000000291038e+03 1.433296274626627564e-04
6.421400000000290675e+03 1.434930454706773162e-04
6.422300000000291220e+03 1.446472742827609181e-04
6.423200000000291766e+03 1.457003963878378272e-04
6.424100000000291402e+03 1.457535690860822797e-04
6.425000000000291038e+03 1.453824806958436966e-04
6.425900000000291584e+03 1.452738797524943948e-04
6.426800000000292130e+03 1.455934980185702443e-04
6.427700000000291766e+03 1.460581552237272263e-04
6.428600000000291402e+03 1.460034254705533385e-04
6.429500000000291948e+03 1.450406416552141309e-04
6.430400000000292493e+03 1.437532191630452871e-04
6.431300000000292130e+03 1.434302248526364565e-04
6.432200000000291766e+03 1.442674256395548582e-04
6.433100000000292312e+03 1.451919961255043745e-04
6.434000000000292857e+03 1.457531034247949719e-04
6.434900000000292493e+03 1.459929917473345995e-04
6.435800000000292130e+03 1.461226638639345765e-04
6.436700000000292675e+03 1.458121405448764563e-04
6.437600000000293221e+03 1.444929366698488593e-04
6.438500000000292857e+03 1.429176772944629192e-04
6.439400000000292493e+03 1.427683455403894186e-04
6.440300000000293039e+03 1.441687927581369877e-04
6.441200000000293585e+03 1.456161116948351264e-04
6.442100000000293221e+03 1.461011852370575070e-04
6.443000000000292857e+03 1.458678016206249595e-04
6.443900000000293403e+03 1.454871380701661110e-04
6.444800000000293949e+03 1.454055309295654297e-04
6.445700000000293585e+03 1.460405183024704456e-04
6.446600000000293221e+03 1.465965760871767998e-04
6.447500000000293767e+03 1.461932552047073841e-04
6.448400000000294312e+03 1.450547570129856467e-04
6.449300000000293949e+03 1.438163599232211709e-04
6.450200000000293585e+03 1.433277357136830688e-04
6.451100000000294131e+03 1.439468032913282514e-04
6.452000000000294676e+03 1.450497802579775453e-04
6.452900000000294312e+03 1.456564350519329309e-04
6.453800000000293949e+03 1.455429301131516695e-04
6.454700000000294494e+03 1.448603288736194372e-04
6.455600000000295040e+03 1.438716426491737366e-04
6.456500000000294676e+03 1.435623998986557126e-04
6.457400000000294312e+03 1.441630738554522395e-04
6.458300000000294858e+03 1.447394461138173938e-04
6.459200000000295404e+03 1.450220297556370497e-04
6.460100000000295040e+03 1.451901916880160570e-04
6.461000000000294676e+03 1.444408117095008492e-04
6.461900000000295222e+03 1.429637195542454720e-04
6.462800000000295768e+03 1.423695794073864818e-04
6.463700000000295404e+03 1.430963311577215791e-04
6.464600000000295040e+03 1.440241758245974779e-04
6.465500000000295586e+03 1.445255475118756294e-04
6.466400000000296131e+03 1.449519040761515498e-04
6.467300000000295768e+03 1.453543518437072635e-04
6.468200000000295404e+03 1.453817531000822783e-04
6.469100000000295950e+03 1.449919218430295587e-04
6.470000000000296495e+03 1.444980152882635593e-04
6.470900000000296131e+03 1.440351334167644382e-04
6.471800000000295768e+03 1.439305779058486223e-04
6.472700000000296313e+03 1.443380315322428942e-04
6.473600000000296859e+03 1.445583038730546832e-04
6.474500000000296495e+03 1.443982328055426478e-04
6.475400000000296131e+03 1.443592627765610814e-04
6.476300000000296677e+03 1.446079695597290993e-04
6.477200000000297223e+03 1.444316148990765214e-04
6.478100000000296859e+03 1.435493177268654108e-04
6.479000000000296495e+03 1.428693358320742846e-04
6.479900000000297041e+03 1.427174720447510481e-04
6.480800000000297587e+03 1.423319918103516102e-04
6.481700000000297223e+03 1.416424784110859036e-04
6.482600000000296859e+03 1.413019490428268909e-04
6.483500000000297405e+03 1.415748993167653680e-04
6.484400000000297950e+03 1.421139604644849896e-04
6.485300000000297587e+03 1.421792403561994433e-04
6.486200000000297223e+03 1.421326887793838978e-04
6.487100000000297769e+03 1.422901550540700555e-04
6.488000000000298314e+03 1.424394431523978710e-04
6.488900000000297950e+03 1.423645153408870101e-04
6.489800000000297587e+03 1.420953922206535935e-04
6.490700000000298132e+03 1.418758765794336796e-04
6.491600000000298678e+03 1.415704464307054877e-04
6.492500000000298314e+03 1.406947849318385124e-04
6.493400000000297950e+03 1.389793324051424861e-04
6.494300000000298496e+03 1.373406412312760949e-04
6.495200000000299042e+03 1.368896628264337778e-04
6.496100000000298678e+03 1.374104322167113423e-04
6.497000000000298314e+03 1.383182534482330084e-04
6.497900000000298860e+03 1.394708961015567183e-04
6.498800000000299406e+03 1.404540671501308680e-04
6.499700000000299042e+03 1.409329997841268778e-04
6.500600000000298678e+03 1.414271682733669877e-04
6.501500000000299224e+03 1.419828768121078610e-04
6.502400000000299769e+03 1.421257038600742817e-04
6.503300000000299406e+03 1.421015040250495076e-04
6.504200000000299042e+03 1.421896886313334107e-04
6.505100000000299588e+03 1.423374051228165627e-04
6.506000000000300133e+03 1.424953807145357132e-04
6.506900000000299769e+03 1.424705842509865761e-04
6.507800000000299406e+03 1.423619396518915892e-04
6.508700000000299951e+03 1.423708890797570348e-04
6.509600000000300497e+03 1.422962086508050561e-04
6.510500000000300133e+03 1.419517357135191560e-04
6.511400000000299769e+03 1.416602317476645112e-04
6.512300000000300315e+03 1.415394945070147514e-04
6.513200000000300861e+03 1.415231672581285238e-04
6.514100000000300497e+03 1.411462435498833656e-04
6.515000000000300133e+03 1.404152862960472703e-04
6.515900000000300679e+03 1.398469321429729462e-04
6.516800000000301225e+03 1.399190077790990472e-04
6.517700000000300861e+03 1.402712368872016668e-04
6.518600000000300497e+03 1.403637143084779382e-04
6.519500000000301043e+03 1.405766524840146303e-04
6.520400000000301588e+03 1.409910764778032899e-04
6.521300000000301225e+03 1.412258570780977607e-04
6.522200000000300861e+03 1.412625424563884735e-04
6.523100000000301407e+03 1.413899735780432820e-04
6.524000000000301952e+03 1.416070444975048304e-04
6.524900000000301588e+03 1.414097350789234042e-04
6.525800000000301225e+03 1.410044351359829307e-04
6.526700000000301770e+03 1.406679075444117188e-04
6.527600000000302316e+03 1.404738140990957618e-04
6.528500000000301952e+03 1.404905924573540688e-04
6.529400000000301588e+03 1.406416122335940599e-04
6.530300000000302134e+03 1.406285737175494432e-04
6.531200000000302680e+03 1.401580957463011146e-04
6.532100000000302316e+03 1.394716964568942785e-04
6.533000000000301952e+03 1.392601698171347380e-04
6.533900000000302498e+03 1.394433493260294199e-04
6.534800000000303044e+03 1.396170846419408917e-04
6.535700000000302680e+03 1.395751169184222817e-04
6.536600000000302316e+03 1.393822021782398224e-04
6.537500000000302862e+03 1.391109981341287494e-04
6.538400000000303407e+03 1.391531841363757849e-04
6.539300000000303044e+03 1.395252475049346685e-04
6.540200000000302680e+03 1.396081788698211312e-04
6.541100000000303226e+03 1.392829581163823605e-04
6.542000000000303771e+03 1.386067306157201529e-04
6.542900000000303407e+03 1.377155276713892817e-04
6.543800000000303044e+03 1.368144876323640347e-04
6.544700000000303589e+03 1.359701855108141899e-04
6.545600000000304135e+03 1.349067897535860538e-04
6.546500000000303771e+03 1.341734896413981915e-04
6.547400000000303407e+03 1.341384777333587408e-04
6.548300000000303953e+03 1.342924224445596337e-04
6.549200000000304499e+03 1.340388262178748846e-04
6.550100000000304135e+03 1.331550884060561657e-04
6.551000000000303771e+03 1.323152828263118863e-04
6.551900000000304317e+03 1.318355934927240014e-04
6.552800000000304863e+03 1.310966181335970759e-04
6.553700000000304499e+03 1.300955336773768067e-04
6.554600000000304135e+03 1.293893001275137067e-04
6.555500000000304681e+03 1.288220664719119668e-04
6.556400000000305226e+03 1.279097341466695070e-04
6.557300000000304863e+03 1.264413876924663782e-04
6.558200000000304499e+03 1.244058075826615095e-04
6.559100000000305045e+03 1.217500976053997874e-04
6.560000000000305590e+03 1.169388924608938396e-04
6.560900000000305226e+03 1.060104841599240899e-04
6.561800000000304863e+03 8.934037759900093079e-05
6.562700000000305408e+03 7.935199391795322299e-05
6.563600000000305954e+03 8.698564488440752029e-05
6.564500000000305590e+03 1.036170215229503810e-04
6.565400000000305226e+03 1.153296616394072771e-04
6.566300000000305772e+03 1.206115412060171366e-04
6.567200000000306318e+03 1.234606024809181690e-04
6.568100000000305954e+03 1.254011003766208887e-04
6.569000000000305590e+03 1.266468752874061465e-04
6.569900000000306136e+03 1.274388778256252408e-04
6.570800000000306682e+03 1.280621800106018782e-04
6.571700000000306318e+03 1.288579660467803478e-04
6.572600000000305954e+03 1.297730341320857406e-04
6.573500000000306500e+03 1.305424666497856379e-04
6.574400000000307045e+03 1.313189277425408363e-04
6.575300000000306682e+03 1.320569572271779180e-04
6.576200000000306318e+03 1.326383935520425439e-04
6.577100000000306864e+03 1.330660888925194740e-04
6.578000000000307409e+03 1.336000277660787106e-04
6.578900000000307045e+03 1.340031303698197007e-04
6.579800000000306682e+03 1.340866147074848413e-04
6.580700000000307227e+03 1.342883479082956910e-04
6.581600000000307773e+03 1.347921206615865231e-04
6.582500000000307409e+03 1.352698454866185784e-04
6.583400000000307045e+03 1.355390268145129085e-04
6.584300000000307591e+03 1.358251465717330575e-04
6.585200000000308137e+03 1.361095637548714876e-04
6.586100000000307773e+03 1.362524781143292785e-04
6.587000000000307409e+03 1.363377959933131933e-04
6.587900000000307955e+03 1.367534568998962641e-04
6.588800000000308501e+03 1.371427206322550774e-04
6.589700000000308137e+03 1.372564875055104494e-04
6.590600000000307773e+03 1.371367252431809902e-04
6.591500000000308319e+03 1.362976472591981292e-04
6.592400000000308864e+03 1.348243240499868989e-04
6.593300000000308501e+03 1.339717127848416567e-04
6.594200000000308137e+03 1.346487697446718812e-04
6.595100000000308683e+03 1.360090827802196145e-04
6.596000000000309228e+03 1.366778160445392132e-04
6.596900000000308864e+03 1.367868972010910511e-04
6.597800000000308501e+03 1.368565863231197000e-04
6.598700000000309046e+03 1.371197431581094861e-04
6.599600000000309592e+03 1.375567517243325710e-04
6.600500000000309228e+03 1.378108136123046279e-04
6.601400000000308864e+03 1.377941662212833762e-04
6.602300000000309410e+03 1.377672742819413543e-04
6.603200000000309956e+03 1.376860891468822956e-04
6.604100000000309592e+03 1.374852436129003763e-04
6.605000000000309228e+03 1.374625571770593524e-04
6.605900000000309774e+03 1.375028223264962435e-04
6.606800000000310320e+03 1.373898267047479749e-04
6.607700000000309956e+03 1.373011327814310789e-04
6.608600000000309592e+03 1.373007544316351414e-04
6.609500000000310138e+03 1.373146806145086884e-04
6.610400000000310683e+03 1.375096035189926624e-04
6.611300000000310320e+03 1.379067107336595654e-04
6.612200000000309956e+03 1.380033354507759213e-04
6.613100000000310501e+03 1.376993750454857945e-04
6.614000000000311047e+03 1.375590509269386530e-04
6.614900000000310683e+03 1.377668377244845033e-04
6.615800000000310320e+03 1.378580636810511351e-04
6.616700000000310865e+03 1.374990824842825532e-04
6.617600000000311411e+03 1.370944373775273561e-04
6.618500000000311047e+03 1.370935933664441109e-04
6.619400000000310683e+03 1.373182894894853234e-04
6.620300000000311229e+03 1.374486018903553486e-04
6.621200000000311775e+03 1.374829153064638376e-04
6.622100000000311411e+03 1.375597348669543862e-04
6.623000000000311047e+03 1.372864062432199717e-04
6.623900000000311593e+03 1.369607198284938931e-04
6.624800000000312139e+03 1.369637466268613935e-04
6.625700000000311775e+03 1.370876561850309372e-04
6.626600000000311411e+03 1.371868565911427140e-04
6.627500000000311957e+03 1.373362465528771281e-04
6.628400000000312502e+03 1.374263229081407189e-04
6.629300000000312139e+03 1.374217390548437834e-04
6.630200000000311775e+03 1.373362028971314430e-04
6.631100000000312320e+03 1.372171245748177171e-04
6.632000000000312866e+03 1.370276004308834672e-04
6.632900000000312502e+03 1.368313533021137118e-04
6.633800000000312139e+03 1.367095683235675097e-04
6.634700000000312684e+03 1.364898052997887135e-04
6.635600000000313230e+03 1.362770708510652184e-04
6.636500000000312866e+03 1.362604234600439668e-04
6.637400000000312502e+03 1.362780021736398339e-04
6.638300000000313048e+03 1.361565082333981991e-04
6.639200000000313594e+03 1.361919421469792724e-04
6.640100000000313230e+03 1.365408243145793676e-04
6.641000000000312866e+03 1.369224046356976032e-04
6.641900000000313412e+03 1.368276716675609350e-04
6.642800000000313958e+03 1.361360918963328004e-04
6.643700000000313594e+03 1.358770532533526421e-04
6.644600000000313230e+03 1.362229086225852370e-04
6.645500000000313776e+03 1.365722127957269549e-04
6.646400000000314321e+03 1.366915239486843348e-04
6.647300000000313958e+03 1.365870703011751175e-04
6.648200000000313594e+03 1.363594637950882316e-04
6.649100000000314139e+03 1.358901645289734006e-04
6.650000000000314685e+03 1.352492545265704393e-04
6.650900000000314321e+03 1.348190999124199152e-04
6.651800000000313958e+03 1.345807540928944945e-04
6.652700000000314503e+03 1.346278440905734897e-04
6.653600000000315049e+03 1.351413084194064140e-04
6.654500000000314685e+03 1.355475396849215031e-04
6.655400000000314321e+03 1.353020925307646394e-04
6.656300000000314867e+03 1.347466313745826483e-04
6.657200000000315413e+03 1.344852498732507229e-04
6.658100000000315049e+03 1.345440978184342384e-04
6.659000000000314685e+03 1.346210046904161572e-04
6.659900000000315231e+03 1.348154473816975951e-04
6.660800000000315777e+03 1.349184167338535190e-04
6.661700000000315413e+03 1.344611373497173190e-04
6.662600000000315049e+03 1.341107417829334736e-04
6.663500000000315595e+03 1.341790193691849709e-04
6.664400000000316140e+03 1.345935888821259141e-04
6.665300000000315777e+03 1.349969970760867000e-04
6.666200000000315413e+03 1.349640369880944490e-04
6.667100000000315958e+03 1.349017256870865822e-04
6.668000000000316504e+03 1.350109523627907038e-04
6.668900000000316140e+03 1.350234379060566425e-04
6.669800000000315777e+03 1.350739767076447606e-04
6.670700000000316322e+03 1.350269449176266789e-04
6.671600000000316868e+03 1.347165525658056140e-04
6.672500000000316504e+03 1.345771015621721745e-04
6.673400000000316140e+03 1.346189383184537292e-04
6.674300000000316686e+03 1.347856305073946714e-04
6.675200000000317232e+03 1.349962549284100533e-04
6.676100000000316868e+03 1.346848730463534594e-04
6.677000000000316504e+03 1.335879787802696228e-04
6.677900000000317050e+03 1.324326149187982082e-04
6.678800000000317596e+03 1.325113553320989013e-04
6.679700000000317232e+03 1.332875253865495324e-04
6.680600000000316868e+03 1.335163833573460579e-04
6.681500000000317414e+03 1.333687396254390478e-04
6.682400000000317959e+03 1.334448897978290915e-04
6.683300000000317596e+03 1.336436689598485827e-04
6.684200000000317232e+03 1.337744761258363724e-04
6.685100000000317777e+03 1.338301226496696472e-04
6.686000000000318323e+03 1.339448353974148631e-04
6.686900000000317959e+03 1.341874158242717385e-04
6.687800000000317596e+03 1.342750474577769637e-04
6.688700000000318141e+03 1.342382456641644239e-04
6.689600000000318687e+03 1.342420000582933426e-04
6.690500000000318323e+03 1.343029143754392862e-04
6.691400000000317959e+03 1.345466589555144310e-04
6.692300000000318505e+03 1.347193174296990037e-04
6.693200000000319051e+03 1.346774806734174490e-04
6.694100000000318687e+03 1.346589560853317380e-04
6.695000000000318323e+03 1.345995697192847729e-04
6.695900000000318869e+03 1.344780030194669962e-04
6.696800000000319415e+03 1.342582690995186567e-04
6.697700000000319051e+03 1.342308969469740987e-04
6.698600000000318687e+03 1.343071053270250559e-04
6.699500000000319233e+03 1.344474585494026542e-04
6.700400000000319778e+03 1.345031050732359290e-04
6.701300000000319415e+03 1.343789044767618179e-04
6.702200000000319051e+03 1.341283350484445691e-04
6.703100000000319596e+03 1.339355076197534800e-04
6.704000000000320142e+03 1.340860035270452499e-04
6.704900000000319778e+03 1.343423791695386171e-04
6.705800000000319415e+03 1.344948977930471301e-04
6.706700000000319960e+03 1.344477932434529066e-04
6.707600000000320506e+03 1.343980984529480338e-04
6.708500000000320142e+03 1.345534983556717634e-04
6.709400000000319778e+03 1.345345372101292014e-04
6.710300000000320324e+03 1.343086623819544911e-04
6.711200000000320870e+03 1.341795432381331921e-04
6.712100000000320506e+03 1.340863236691802740e-04
6.713000000000320142e+03 1.338057918474078178e-04
6.713900000000320688e+03 1.331629609921947122e-04
6.714800000000321234e+03 1.325925550190731883e-04
6.715700000000320870e+03 1.323850738117471337e-04
6.716600000000320506e+03 1.321765885222703218e-04
6.717500000000321052e+03 1.320240844506770372e-04
6.718400000000321597e+03 1.323071192018687725e-04
6.719300000000321234e+03 1.328322396147996187e-04
6.720200000000320870e+03 1.329951919615268707e-04
6.721100000000321415e+03 1.327670761384069920e-04
6.722000000000321961e+03 1.327522768406197429e-04
6.722900000000321597e+03 1.329920632997527719e-04
6.723800000000321234e+03 1.331720268353819847e-04
6.724700000000321779e+03 1.332308165729045868e-04
6.725600000000322325e+03 1.330735394731163979e-04
6.726500000000321961e+03 1.328070065937936306e-04
6.727400000000321597e+03 1.325913763139396906e-04
6.728300000000322143e+03 1.324725162703543901e-04
6.729200000000322689e+03 1.326604397036135197e-04
6.730100000000322325e+03 1.330651575699448586e-04
6.731000000000321961e+03 1.332609535893425345e-04
6.731900000000322507e+03 1.333491818513721228e-04
6.732800000000323053e+03 1.334173430223017931e-04
6.733700000000322689e+03 1.331233361270278692e-04
6.734600000000322325e+03 1.327263307757675648e-04
6.735500000000322871e+03 1.328163198195397854e-04
6.736400000000323416e+03 1.331887033302336931e-04
6.737300000000323053e+03 1.332677202299237251e-04
6.738200000000322689e+03 1.331898383796215057e-04
6.739100000000323234e+03 1.331925741396844387e-04
6.740000000000323780e+03 1.331117528025060892e-04
6.740900000000323416e+03 1.329452352365478873e-04
6.741800000000323053e+03 1.328082144027575850e-04
6.742700000000323598e+03 1.328395301243290305e-04
6.743600000000324144e+03 1.329745573457330465e-04
6.744500000000323780e+03 1.331557868979871273e-04
6.745400000000323416e+03 1.333867257926613092e-04
6.746300000000323962e+03 1.333113177679479122e-04
6.747200000000324508e+03 1.328862126683816314e-04
6.748100000000324144e+03 1.324664772255346179e-04
6.749000000000323780e+03 1.324230834143236279e-04
6.749900000000324326e+03 1.325810590060427785e-04
6.750800000000324872e+03 1.327750360360369086e-04
6.751700000000324508e+03 1.329440710833296180e-04
6.752600000000324144e+03 1.329871010966598988e-04
6.753500000000324690e+03 1.329994556726887822e-04
6.754400000000325235e+03 1.327939244220033288e-04
6.755300000000324872e+03 1.325913035543635488e-04
6.756200000000324508e+03 1.327846111962571740e-04
6.757100000000325053e+03 1.330819795839488506e-04
6.758000000000325599e+03 1.332197425654157996e-04
6.758900000000325235e+03 1.333062391495332122e-04
6.759800000000324872e+03 1.332677929894998670e-04
6.760700000000325417e+03 1.332096435362473130e-04
6.761600000000325963e+03 1.331811799900606275e-04
6.762500000000325599e+03 1.333835825789719820e-04
6.763400000000325235e+03 1.337952562607824802e-04
6.764300000000325781e+03 1.339602313237264752e-04
6.765200000000326327e+03 1.337142311967909336e-04
6.766100000000325963e+03 1.331890962319448590e-04
6.767000000000325599e+03 1.327535428572446108e-04
6.767900000000326145e+03 1.325651537626981735e-04
6.768800000000326690e+03 1.327104546362534165e-04
6.769700000000326327e+03 1.329278602497652173e-04
6.770600000000325963e+03 1.330853847321122885e-04
6.771500000000326509e+03 1.334655826212838292e-04
6.772400000000327054e+03 1.336236891802400351e-04
6.773300000000326690e+03 1.334403496002778411e-04
6.774200000000326327e+03 1.336121349595487118e-04
6.775100000000326872e+03 1.339803711744025350e-04
6.776000000000327418e+03 1.341582392342388630e-04
6.776900000000327054e+03 1.341294409940019250e-04
6.777800000000326690e+03 1.338686270173639059e-04
6.778700000000327236e+03 1.338187576038762927e-04
6.779600000000327782e+03 1.338482834398746490e-04
6.780500000000327418e+03 1.334661210421472788e-04
6.781400000000327054e+03 1.328026555711403489e-04
6.782300000000327600e+03 1.324912882409989834e-04
6.783200000000328146e+03 1.323915203101933002e-04
6.784100000000327782e+03 1.322721072938293219e-04
6.785000000000327418e+03 1.319816510658711195e-04
6.785900000000327964e+03 1.319177390541881323e-04
6.786800000000328509e+03 1.321636664215475321e-04
6.787700000000328146e+03 1.325043413089588284e-04
6.788600000000327782e+03 1.326259516645222902e-04
6.789500000000328328e+03 1.324079057667404413e-04
6.790400000000328873e+03 1.322541647823527455e-04
6.791300000000328509e+03 1.323699252679944038e-04
6.792200000000328146e+03 1.323325122939422727e-04
6.793100000000328691e+03 1.321398740401491523e-04
6.794000000000329237e+03 1.320754090556874871e-04
6.794900000000328873e+03 1.322115422226488590e-04
6.795800000000328509e+03 1.324653567280620337e-04
6.796700000000329055e+03 1.328829093836247921e-04
6.797600000000329601e+03 1.332837418885901570e-04
6.798500000000329237e+03 1.332806859863922000e-04
6.799400000000328873e+03 1.329700899077579379e-04
6.800300000000329419e+03 1.327889476669952273e-04
6.801200000000329965e+03 1.329871447524055839e-04
6.802100000000329601e+03 1.332132815150544047e-04
6.803000000000329237e+03 1.332770771114155650e-04
6.803900000000329783e+03 1.333191175945103168e-04
6.804800000000330328e+03 1.334227563347667456e-04
6.805700000000329965e+03 1.334935222985222936e-04
6.806600000000329601e+03 1.331090752501040697e-04
6.807500000000330147e+03 1.325687480857595801e-04
6.808400000000330692e+03 1.323364267591387033e-04
6.809300000000330328e+03 1.320852461503818631e-04
6.810200000000329965e+03 1.321127638220787048e-04
6.811100000000330510e+03 1.324590266449376941e-04
6.812000000000331056e+03 1.326417259406298399e-04
6.812900000000330692e+03 1.323905016761273146e-04
6.813800000000330328e+03 1.319529255852103233e-04
6.814700000000330874e+03 1.316790730925276875e-04
6.815600000000331420e+03 1.317500573350116611e-04
6.816500000000331056e+03 1.320418232353404164e-04
6.817400000000330692e+03 1.322342141065746546e-04
6.818300000000331238e+03 1.321816962445154786e-04
6.819200000000331784e+03 1.321896415902301669e-04
6.820100000000331420e+03 1.323515025433152914e-04
6.821000000000331056e+03 1.324616605415940285e-04
6.821900000000331602e+03 1.324830955127254128e-04
6.822800000000332147e+03 1.326424098806455731e-04
6.823700000000331784e+03 1.329967344645410776e-04
6.824600000000331420e+03 1.330312807112932205e-04
6.825500000000331966e+03 1.328143262071534991e-04
6.826400000000332511e+03 1.323958858847618103e-04
6.827300000000332147e+03 1.320453884545713663e-04
6.828200000000331784e+03 1.322732277913019061e-04
6.829100000000332329e+03 1.327943755313754082e-04
6.830000000000332875e+03 1.329862716374918818e-04
6.830900000000332511e+03 1.328739890595898032e-04
6.831800000000332147e+03 1.328199577983468771e-04
6.832700000000332693e+03 1.328631333308294415e-04
6.833600000000333239e+03 1.328791258856654167e-04
6.834500000000332875e+03 1.329459482803940773e-04
6.835400000000332511e+03 1.332654792349785566e-04
6.836300000000333057e+03 1.334041153313592076e-04
6.837200000000333603e+03 1.331371167907491326e-04
6.838100000000333239e+03 1.327854406554251909e-04
6.839000000000332875e+03 1.325696794083341956e-04
6.839900000000333421e+03 1.324269542237743735e-04
6.840800000000333966e+03 1.321839517913758755e-04
6.841700000000333603e+03 1.323072938248515129e-04
6.842600000000333239e+03 1.327028439845889807e-04
6.843500000000333785e+03 1.331368257524445653e-04
6.844400000000334330e+03 1.334999979007989168e-04
6.845300000000333966e+03 1.332510582869872451e-04
6.846200000000333603e+03 1.328613143414258957e-04
6.847100000000334148e+03 1.328014623140916228e-04
6.848000000000334694e+03 1.327884965576231480e-04
6.848900000000334330e+03 1.326004858128726482e-04
6.849800000000333966e+03 1.322497701039537787e-04
6.850700000000334512e+03 1.320607989327982068e-04
6.851600000000335058e+03 1.321768359048292041e-04
6.852500000000334694e+03 1.323294563917443156e-04
6.853400000000334330e+03 1.325726771028712392e-04
6.854300000000334876e+03 1.326626370428130031e-04
6.855200000000335422e+03 1.324802869930863380e-04
6.856100000000335058e+03 1.323882024735212326e-04
6.857000000000334694e+03 1.323566830251365900e-04
6.857900000000335240e+03 1.324362965533509851e-04
6.858800000000335785e+03 1.325905323028564453e-04
6.859700000000335422e+03 1.327366044279187918e-04
6.860600000000335058e+03 1.327707868767902255e-04
6.861500000000335604e+03 1.328036596532911062e-04
6.862400000000336149e+03 1.330359809799119830e-04
6.863300000000335785e+03 1.333680702373385429e-04
6.864200000000335422e+03 1.333706459263339639e-04
6.865100000000335967e+03 1.328632206423208117e-04
6.866000000000336513e+03 1.323752076132223010e-04
6.866900000000336149e+03 1.323535252595320344e-04
6.867800000000335785e+03 1.327714417129755020e-04
6.868700000000336331e+03 1.332702522631734610e-04
6.869600000000336877e+03 1.334126282017678022e-04
6.870500000000336513e+03 1.330010709352791309e-04
6.871400000000336149e+03 1.329189544776454568e-04
6.872300000000336695e+03 1.333139662165194750e-04
6.873200000000337241e+03 1.332763349637389183e-04
6.874100000000336877e+03 1.331018283963203430e-04
6.875000000000336513e+03 1.332891697529703379e-04
6.875900000000337059e+03 1.332751271547749639e-04
6.876800000000337604e+03 1.330654340563341975e-04
6.877700000000337241e+03 1.331178500549867749e-04
6.878600000000336877e+03 1.332900283159688115e-04
6.879500000000337423e+03 1.333533291472122073e-04
6.880400000000337968e+03 1.332528045168146491e-04
6.881300000000337604e+03 1.331474777543917298e-04
6.882200000000337241e+03 1.330949889961630106e-04
6.883100000000337786e+03 1.331706007476896048e-04
6.884000000000338332e+03 1.335184060735628009e-04
6.884900000000337968e+03 1.338587899226695299e-04
6.885800000000337604e+03 1.339798473054543138e-04
6.886700000000338150e+03 1.338145229965448380e-04
6.887600000000338696e+03 1.335501292487606406e-04
6.888500000000338332e+03 1.334935805061832070e-04
6.889400000000337968e+03 1.337934809271246195e-04
6.890300000000338514e+03 1.338451402261853218e-04
6.891200000000339060e+03 1.335752895101904869e-04
6.892100000000338696e+03 1.334026310360059142e-04
6.893000000000338332e+03 1.335196720901876688e-04
6.893900000000338878e+03 1.336065324721857905e-04
6.894800000000339423e+03 1.334148109890520573e-04
6.895700000000339060e+03 1.334669068455696106e-04
6.896600000000338696e+03 1.339103619102388620e-04
6.897500000000339242e+03 1.339605078101158142e-04
6.898400000000339787e+03 1.335825218120589852e-04
6.899300000000339423e+03 1.334009575657546520e-04
6.900200000000339060e+03 1.337082067038863897e-04
6.901100000000339605e+03 1.339382433798164129e-04
6.902000000000340151e+03 1.339318259852007031e-04
6.902900000000339787e+03 1.340121671091765165e-04
6.903800000000339423e+03 1.344796764897182584e-04
6.904700000000339969e+03 1.349054218735545874e-04
6.905600000000340515e+03 1.349463564110919833e-04
6.906500000000340151e+03 1.346047210972756147e-04
6.907400000000339787e+03 1.342409377684816718e-04
6.908300000000340333e+03 1.342533214483410120e-04
6.909200000000340879e+03 1.342926698271185160e-04
6.910100000000340515e+03 1.342677132925018668e-04
6.911000000000340151e+03 1.339749869657680392e-04
6.911900000000340697e+03 1.336246496066451073e-04
6.912800000000341242e+03 1.336416171398013830e-04
6.913700000000340879e+03 1.337137218797579408e-04
6.914600000000340515e+03 1.337092253379523754e-04
6.915500000000341061e+03 1.336989225819706917e-04
6.916400000000341606e+03 1.338319561909884214e-04
6.917300000000341242e+03 1.339359296252951026e-04
6.918200000000340879e+03 1.337910653091967106e-04
6.919100000000341424e+03 1.335225679213181138e-04
6.920000000000341970e+03 1.335203414782881737e-04
6.920900000000341606e+03 1.336360583081841469e-04
6.921800000000341242e+03 1.337401481578126550e-04
6.922700000000341788e+03 1.338178844889625907e-04
6.923600000000342334e+03 1.338336733169853687e-04
6.924500000000341970e+03 1.338002475677058101e-04
6.925400000000341606e+03 1.335041743004694581e-04
6.926300000000342152e+03 1.328512153122574091e-04
6.927200000000342698e+03 1.324764161836355925e-04
6.928100000000342334e+03 1.327260251855477691e-04
6.929000000000341970e+03 1.330947270616889000e-04
6.929900000000342516e+03 1.333533582510426641e-04
6.930800000000343061e+03 1.333948312094435096e-04
6.931700000000342698e+03 1.331815437879413366e-04
6.932600000000342334e+03 1.331075909547507763e-04
6.933500000000342880e+03 1.334092958131805062e-04
6.934400000000343425e+03 1.337841385975480080e-04
6.935300000000343061e+03 1.339415612164884806e-04
6.936200000000342698e+03 1.340660674031823874e-04
6.937100000000343243e+03 1.341016031801700592e-04
6.938000000000343789e+03 1.339731097687035799e-04
6.938900000000343425e+03 1.339438749710097909e-04
6.939800000000343061e+03 1.340155577054247260e-04
6.940700000000343607e+03 1.339692244073376060e-04
6.941600000000344153e+03 1.337709982180967927e-04
6.942500000000343789e+03 1.333515829173848033e-04
6.943400000000343425e+03 1.327005447819828987e-04
6.944300000000343971e+03 1.319361617788672447e-04
6.945200000000344517e+03 1.316266570938751101e-04
6.946100000000344153e+03 1.322352181887254119e-04
6.947000000000343789e+03 1.332585088675841689e-04
6.947900000000344335e+03 1.336540153715759516e-04
6.948800000000344880e+03 1.334833505097776651e-04
6.949700000000344517e+03 1.336251589236781001e-04
6.950600000000344153e+03 1.338805159321054816e-04
6.951500000000344698e+03 1.334209518972784281e-04
6.952400000000345244e+03 1.326486817561089993e-04
6.953300000000344880e+03 1.323886244790628552e-04
6.954200000000344517e+03 1.327301870333030820e-04
6.955100000000345062e+03 1.331536041107028723e-04
6.956000000000345608e+03 1.333535037701949477e-04
6.956900000000345244e+03 1.335487322648987174e-04
6.957800000000344880e+03 1.336266286671161652e-04
6.958700000000345426e+03 1.335014530923217535e-04
6.959600000000345972e+03 1.336919085588306189e-04
6.960500000000345608e+03 1.340549206361174583e-04
6.961400000000345244e+03 1.340250455541536212e-04
6.962300000000345790e+03 1.339617156190797687e-04
6.963200000000346336e+03 1.341180905001237988e-04
6.964100000000345972e+03 1.342830073554068804e-04
6.965000000000345608e+03 1.343074836768209934e-04
6.965900000000346154e+03 1.340925955446437001e-04
6.966800000000346699e+03 1.338798756478354335e-04
6.967700000000346336e+03 1.341211464023217559e-04
6.968600000000345972e+03 1.343787153018638492e-04
6.969500000000346517e+03 1.342712057521566749e-04
6.970400000000347063e+03 1.339927111985161901e-04
6.971300000000346699e+03 1.338408328592777252e-04
6.972200000000346336e+03 1.340623857686296105e-04
6.973100000000346881e+03 1.344898482784628868e-04
6.974000000000347427e+03 1.344869378954172134e-04
6.974900000000347063e+03 1.341378665529191494e-04
6.975800000000346699e+03 1.338834263151511550e-04
6.976700000000347245e+03 1.338164001936092973e-04
6.977600000000347791e+03 1.333187974523752928e-04
6.978500000000347427e+03 1.327251811744645238e-04
6.979400000000347063e+03 1.331309176748618484e-04
6.980300000000347609e+03 1.339930458925664425e-04
6.981200000000348155e+03 1.343147014267742634e-04
6.982100000000347791e+03 1.345525961369276047e-04
6.983000000000347427e+03 1.347375364275649190e-04
6.983900000000347973e+03 1.346787903457880020e-04
6.984800000000348518e+03 1.349145168205723166e-04
6.985700000000348155e+03 1.349888188997283578e-04
6.986600000000347791e+03 1.343673793599009514e-04
6.987500000000348336e+03 1.339404989266768098e-04
6.988400000000348882e+03 1.339584705419838428e-04
6.989300000000348518e+03 1.340321905445307493e-04
6.990200000000348155e+03 1.340872986475005746e-04
6.991100000000348700e+03 1.341858442174270749e-04
6.992000000000349246e+03 1.344485353911295533e-04
6.992900000000348882e+03 1.345909986412152648e-04
6.993800000000348518e+03 1.343972689937800169e-04
6.994700000000349064e+03 1.340735034318640828e-04
6.995600000000349610e+03 1.340061717201024294e-04
6.996500000000349246e+03 1.343276526313275099e-04
6.997400000000348882e+03 1.346165663562715054e-04
6.998300000000349428e+03 1.346137869404628873e-04
6.999200000000349974e+03 1.343197800451889634e-04
7.000100000000349610e+03 1.341582683380693197e-04
7.001000000000349246e+03 1.343355834251269698e-04
7.001900000000349792e+03 1.344149495707824826e-04
7.002800000000350337e+03 1.341933966614305973e-04
7.003700000000349974e+03 1.339076989097520709e-04
7.004600000000349610e+03 1.338567235507071018e-04
7.005500000000350155e+03 1.340250310022383928e-04
7.006400000000350701e+03 1.342475879937410355e-04
7.007300000000350337e+03 1.345806231256574392e-04
7.008200000000349974e+03 1.349667145404964685e-04
7.009100000000350519e+03 1.351373066427186131e-04
7.010000000000351065e+03 1.347743236692622304e-04
7.010900000000350701e+03 1.341068127658218145e-04
7.011800000000350337e+03 1.340299349976703525e-04
7.012700000000350883e+03 1.342117466265335679e-04
7.013600000000351429e+03 1.339129521511495113e-04
7.014500000000351065e+03 1.333592226728796959e-04
7.015400000000350701e+03 1.332422543782740831e-04
7.016300000000351247e+03 1.335721026407554746e-04
7.017200000000351793e+03 1.340204471489414573e-04
7.018100000000351429e+03 1.344430638710036874e-04
7.019000000000351065e+03 1.345298223895952106e-04
7.019900000000351611e+03 1.342626783298328519e-04
7.020800000000352156e+03 1.340696762781590223e-04
7.021700000000351793e+03 1.341245369985699654e-04
7.022600000000351429e+03 1.342147443210706115e-04
7.023500000000351974e+03 1.342741161352023482e-04
7.024400000000352520e+03 1.340484886895865202e-04
7.025300000000352156e+03 1.335510605713352561e-04
7.026200000000351793e+03 1.334284606855362654e-04
7.027100000000352338e+03 1.338166330242529511e-04
7.028000000000352884e+03 1.342352479696273804e-04
7.028900000000352520e+03 1.344611810054630041e-04
7.029800000000352156e+03 1.346949575236067176e-04
7.030700000000352702e+03 1.347600336885079741e-04
7.031600000000353248e+03 1.345077762380242348e-04
7.032500000000352884e+03 1.342163741355761886e-04
7.033400000000352520e+03 1.341426104772835970e-04
7.034300000000353066e+03 1.344793563475832343e-04
7.035200000000353612e+03 1.347078796243295074e-04
7.036100000000353248e+03 1.344761403743177652e-04
7.037000000000352884e+03 1.337696012342348695e-04
7.037900000000353430e+03 1.326988713117316365e-04
7.038800000000353975e+03 1.322762982454150915e-04
7.039700000000353612e+03 1.329262158833444118e-04
7.040600000000353248e+03 1.339344307780265808e-04
7.041500000000353793e+03 1.348558434983715415e-04
7.042400000000354339e+03 1.355437998427078128e-04
7.043300000000353975e+03 1.355224667349830270e-04
7.044200000000353612e+03 1.347169745713472366e-04
7.045100000000354157e+03 1.337986177532002330e-04
7.046000000000354703e+03 1.335385750280693173e-04
7.046900000000354339e+03 1.339324371656402946e-04
7.047800000000353975e+03 1.344053598586469889e-04
7.048700000000354521e+03 1.346714707324281335e-04
7.049600000000355067e+03 1.346665085293352604e-04
7.050500000000354703e+03 1.343891926808282733e-04
7.051400000000354339e+03 1.339173904852941632e-04
7.052300000000354885e+03 1.329067890765145421e-04
7.053200000000355431e+03 1.308230712311342359e-04
7.054100000000355067e+03 1.279920397792011499e-04
7.055000000000354703e+03 1.264115126105025411e-04
7.055900000000355249e+03 1.268015039386227727e-04
7.056800000000355794e+03 1.276950351893901825e-04
7.057700000000355431e+03 1.280956494156271219e-04
7.058600000000355067e+03 1.276204566238448024e-04
7.059500000000355612e+03 1.265289174625650048e-04
7.060400000000356158e+03 1.257187250303104520e-04
7.061300000000355794e+03 1.255813695024698973e-04
7.062200000000355431e+03 1.260009012185037136e-04
7.063100000000355976e+03 1.269365020561963320e-04
7.064000000000356522e+03 1.278447016375139356e-04
7.064900000000356158e+03 1.281192962778732181e-04
7.065800000000355794e+03 1.277233677683398128e-04
7.066700000000356340e+03 1.269539643544703722e-04
7.067600000000356886e+03 1.262772420886904001e-04
7.068500000000356522e+03 1.261588913621380925e-04
7.069400000000356158e+03 1.266030158149078488e-04
7.070300000000356704e+03 1.272621011594310403e-04
7.071200000000357250e+03 1.277765113627538085e-04
7.072100000000356886e+03 1.278919517062604427e-04
7.073000000000356522e+03 1.274418318644165993e-04
7.073900000000357068e+03 1.266948092961683869e-04
7.074800000000357613e+03 1.261349534615874290e-04
7.075700000000357250e+03 1.259447162738069892e-04
7.076600000000356886e+03 1.261112483916804194e-04
7.077500000000357431e+03 1.264277525478973985e-04
7.078400000000357977e+03 1.266734179807826877e-04
7.079300000000357613e+03 1.267509796889498830e-04
7.080200000000357250e+03 1.268258347408846021e-04
7.081100000000357795e+03 1.268203632207587361e-04
7.082000000000358341e+03 1.265443570446223021e-04
7.082900000000357977e+03 1.261184661416336894e-04
7.083800000000357613e+03 1.255041279364377260e-04
7.084700000000358159e+03 1.247109466930851340e-04
7.085600000000358705e+03 1.241409772774204612e-04
7.086500000000358341e+03 1.237551477970555425e-04
7.087400000000357977e+03 1.227934408234432340e-04
7.088300000000358523e+03 1.216476739500649273e-04
7.089200000000359069e+03 1.211653143400326371e-04
7.090100000000358705e+03 1.211600174428895116e-04
7.091000000000358341e+03 1.212733623106032610e-04
7.091900000000358887e+03 1.212260540341958404e-04
7.092800000000359432e+03 1.206212618853896856e-04
7.093700000000359069e+03 1.198990867123939097e-04
7.094600000000358705e+03 1.197804958792403340e-04
7.095500000000359250e+03 1.201337290694937110e-04
7.096400000000359796e+03 1.207664972753264010e-04
7.097300000000359432e+03 1.216701057273894548e-04
7.098200000000359069e+03 1.227168977493420243e-04
7.099100000000359614e+03 1.234786468558013439e-04
7.100000000000360160e+03 1.235404051840305328e-04
7.100900000000359796e+03 1.234182564076036215e-04
7.101800000000359432e+03 1.232999493367969990e-04
7.102700000000359978e+03 1.234724186360836029e-04
7.103600000000360524e+03 1.240255369339138269e-04
7.104500000000360160e+03 1.244928862433880568e-04
7.105400000000359796e+03 1.245513849426060915e-04
7.106300000000360342e+03 1.242714643012732267e-04
7.107200000000360887e+03 1.239982957486063242e-04
7.108100000000360524e+03 1.239141856785863638e-04
7.109000000000360160e+03 1.239340635947883129e-04
7.109900000000360706e+03 1.236712269019335508e-04
7.110800000000361251e+03 1.231141941389068961e-04
7.111700000000360887e+03 1.230782218044623733e-04
7.112600000000360524e+03 1.236539974343031645e-04
7.113500000000361069e+03 1.241007412318140268e-04
7.114400000000361615e+03 1.241637801285833120e-04
7.115300000000361251e+03 1.241228455910459161e-04
7.116200000000360887e+03 1.241197751369327307e-04
7.117100000000361433e+03 1.241364370798692107e-04
7.118000000000361979e+03 1.240314595634117723e-04
7.118900000000361615e+03 1.238714175997301936e-04
7.119800000000361251e+03 1.238894183188676834e-04
7.120700000000361797e+03 1.240250712726265192e-04
7.121600000000362343e+03 1.240582932950928807e-04
7.122500000000361979e+03 1.239116536453366280e-04
7.123400000000361615e+03 1.237314572790637612e-04
7.124300000000362161e+03 1.231511560035869479e-04
7.125200000000362706e+03 1.222468708874657750e-04
7.126100000000362343e+03 1.213415453094057739e-04
7.127000000000361979e+03 1.213122013723477721e-04
7.127900000000362525e+03 1.220043268403969705e-04
7.128800000000363070e+03 1.226028689416125417e-04
7.129700000000362706e+03 1.224702282343059778e-04
7.130600000000362343e+03 1.217199460370466113e-04
7.131500000000362888e+03 1.213739087688736618e-04
7.132400000000363434e+03 1.217066164826974273e-04
7.133300000000363070e+03 1.223235012730583549e-04
7.134200000000362706e+03 1.227034517796710134e-04
7.135100000000363252e+03 1.227980974363163114e-04
7.136000000000363798e+03 1.227016473421826959e-04
7.136900000000363434e+03 1.227083994308486581e-04
7.137800000000363070e+03 1.228979235747829080e-04
7.138700000000363616e+03 1.229319750564172864e-04
7.139600000000364162e+03 1.226113527081906796e-04
7.140500000000363798e+03 1.224304141942411661e-04
7.141400000000363434e+03 1.227683678735047579e-04
7.142300000000363980e+03 1.230949128512293100e-04
7.143200000000364525e+03 1.233091170433908701e-04
7.144100000000364162e+03 1.234725787071511149e-04
7.145000000000363798e+03 1.235284435097128153e-04
7.145900000000364344e+03 1.231186906807124615e-04
7.146800000000364889e+03 1.226473832502961159e-04
7.147700000000364525e+03 1.222695136675611138e-04
7.148600000000364162e+03 1.220891281263902783e-04
7.149500000000364707e+03 1.225280720973387361e-04
7.150400000000365253e+03 1.230110210599377751e-04
7.151300000000364889e+03 1.232453214470297098e-04
7.152200000000364525e+03 1.236727839568629861e-04
7.153100000000365071e+03 1.243127480847761035e-04
7.154000000000365617e+03 1.246438332600519061e-04
7.154900000000365253e+03 1.244868763023987412e-04
7.155800000000364889e+03 1.242566213477402925e-04
7.156700000000365435e+03 1.242816360900178552e-04
7.157600000000365981e+03 1.241085119545459747e-04
7.158500000000365617e+03 1.238940021721646190e-04
7.159400000000365253e+03 1.237946562469005585e-04
7.160300000000365799e+03 1.237211254192516208e-04
7.161200000000366344e+03 1.235585077665746212e-04
7.162100000000365981e+03 1.235948730027303100e-04
7.163000000000365617e+03 1.236891112057492137e-04
7.163900000000366163e+03 1.234536175616085529e-04
7.164800000000366708e+03 1.234319497598335147e-04
7.165700000000366344e+03 1.234868832398205996e-04
7.166600000000365981e+03 1.236221287399530411e-04
7.167500000000366526e+03 1.239989942405372858e-04
7.168400000000367072e+03 1.242988655576482415e-04
7.169300000000366708e+03 1.243964361492544413e-04
7.170200000000366344e+03 1.242768048541620374e-04
7.171100000000366890e+03 1.240740530192852020e-04
7.172000000000367436e+03 1.243265724042430520e-04
7.172900000000367072e+03 1.246894244104623795e-04
7.173800000000366708e+03 1.246425235876813531e-04
7.174700000000367254e+03 1.244254963239654899e-04
7.175600000000367800e+03 1.241626741830259562e-04
7.176500000000367436e+03 1.241412537638098001e-04
7.177400000000367072e+03 1.246380561497062445e-04
7.178300000000367618e+03 1.251204666914418340e-04
7.179200000000368163e+03 1.251773210242390633e-04
7.180100000000367800e+03 1.248576445505023003e-04
7.181000000000367436e+03 1.243636215804144740e-04
7.181900000000367982e+03 1.242232538061216474e-04
7.182800000000368527e+03 1.245373568963259459e-04
7.183700000000368163e+03 1.249773049494251609e-04
7.184600000000367800e+03 1.249105698661878705e-04
7.185500000000368345e+03 1.246707834070548415e-04
7.186400000000368891e+03 1.247757900273427367e-04
7.187300000000368527e+03 1.246698520844802260e-04
7.188200000000368163e+03 1.243201550096273422e-04
7.189100000000368709e+03 1.242809667019173503e-04
7.190000000000369255e+03 1.247047475771978498e-04
7.190900000000368891e+03 1.250541536137461662e-04
7.191800000000368527e+03 1.251212233910337090e-04
7.192700000000369073e+03 1.250745990546420217e-04
7.193600000000369619e+03 1.250444765901193023e-04
7.194500000000369255e+03 1.248710323125123978e-04
7.195400000000368891e+03 1.247519248863682151e-04
7.196300000000369437e+03 1.244844170287251472e-04
7.197200000000369982e+03 1.238893455592915416e-04
7.198100000000369619e+03 1.232834911206737161e-04
7.199000000000369255e+03 1.229806657647714019e-04
7.199900000000369801e+03 1.228605542564764619e-04
7.200800000000370346e+03 1.228270266437903047e-04
7.201700000000369982e+03 1.231428177561610937e-04
7.202600000000369619e+03 1.239809207618236542e-04
7.203500000000370164e+03 1.242730504600331187e-04
7.204400000000370710e+03 1.236332609551027417e-04
7.205300000000370346e+03 1.232249487657099962e-04
7.206200000000369982e+03 1.233231741935014725e-04
7.207100000000370528e+03 1.231222413480281830e-04
7.208000000000371074e+03 1.228976616403087974e-04
7.208900000000370710e+03 1.232030917890369892e-04
7.209800000000370346e+03 1.241813442902639508e-04
7.210700000000370892e+03 1.250704372068867087e-04
7.211600000000371438e+03 1.252580404980108142e-04
7.212500000000371074e+03 1.252101501449942589e-04
7.213400000000370710e+03 1.248632761416956782e-04
7.214300000000371256e+03 1.242646831087768078e-04
7.215200000000371801e+03 1.241119025507941842e-04
7.216100000000371438e+03 1.245288294740021229e-04
7.217000000000371074e+03 1.251463545486330986e-04
7.217900000000371620e+03 1.255818933714181185e-04
7.218800000000372165e+03 1.254559465451166034e-04
7.219700000000371801e+03 1.252914953511208296e-04
7.220600000000371438e+03 1.252391812158748507e-04
7.221500000000371983e+03 1.250542409252375364e-04
7.222400000000372529e+03 1.248146436410024762e-04
7.223300000000372165e+03 1.248035550815984607e-04
7.224200000000371801e+03 1.251574722118675709e-04
7.225100000000372347e+03 1.256224350072443485e-04
7.226000000000372893e+03 1.261650322703644633e-04
7.226900000000372529e+03 1.265589089598506689e-04
7.227800000000372165e+03 1.263007434317842126e-04
7.228700000000372711e+03 1.257705880561843514e-04
7.229600000000373257e+03 1.254365633940324187e-04
7.230500000000372893e+03 1.253610680578276515e-04
7.231400000000372529e+03 1.254499802598729730e-04
7.232300000000373075e+03 1.256426330655813217e-04
7.233200000000373620e+03 1.258199627045542002e-04
7.234100000000373257e+03 1.262050936929881573e-04
7.235000000000372893e+03 1.267308834940195084e-04
7.235900000000373439e+03 1.269842614419758320e-04
7.236800000000373984e+03 1.267619809368625283e-04
7.237700000000373620e+03 1.262575533473864198e-04
7.238600000000373257e+03 1.256460964214056730e-04
7.239500000000373802e+03 1.254089002031832933e-04
7.240400000000374348e+03 1.254347153007984161e-04
7.241300000000373984e+03 1.255179959116503596e-04
7.242200000000373620e+03 1.261193683603778481e-04
7.243100000000374166e+03 1.265208265976980329e-04
7.244000000000374712e+03 1.262292062165215611e-04
7.244900000000374348e+03 1.259438577108085155e-04
7.245800000000373984e+03 1.259351411135867238e-04
7.246700000000374530e+03 1.261784636881202459e-04
7.247600000000375076e+03 1.268608903046697378e-04
7.248500000000374712e+03 1.275350077776238322e-04
7.249400000000374348e+03 1.274843525607138872e-04
7.250300000000374894e+03 1.267277984879910946e-04
7.251200000000375439e+03 1.261462166439741850e-04
7.252100000000375076e+03 1.259074197150766850e-04
7.253000000000374712e+03 1.259075797861441970e-04
7.253900000000375258e+03 1.263046724488958716e-04
7.254800000000375803e+03 1.270889915758743882e-04
7.255700000000375439e+03 1.277947303606197238e-04
7.256600000000375076e+03 1.280239521292969584e-04
7.257500000000375621e+03 1.279299322050064802e-04
7.258400000000376167e+03 1.275529357371851802e-04
7.259300000000375803e+03 1.267845946131274104e-04
7.260200000000375439e+03 1.261275465367361903e-04
7.261100000000375985e+03 1.260521094081923366e-04
7.262000000000376531e+03 1.263266894966363907e-04
7.262900000000376167e+03 1.268401101697236300e-04
7.263800000000375803e+03 1.272497611353173852e-04
7.264700000000376349e+03 1.275866088690236211e-04
7.265600000000376895e+03 1.277661358471959829e-04
7.266500000000376531e+03 1.279541465919464827e-04
7.267400000000376167e+03 1.285597390960901976e-04
7.268300000000376713e+03 1.288977655349299312e-04
7.269200000000377258e+03 1.282021985389292240e-04
7.270100000000376895e+03 1.270777574973180890e-04
7.271000000000376531e+03 1.267013867618516088e-04
7.271900000000377077e+03 1.269413187401369214e-04
7.272800000000377622e+03 1.272593653993681073e-04
7.273700000000377258e+03 1.273634989047423005e-04
7.274600000000376895e+03 1.274536334676668048e-04
7.275500000000377440e+03 1.275507383979856968e-04
7.276400000000377986e+03 1.274507376365363598e-04
7.277300000000377622e+03 1.270839129574596882e-04
7.278200000000377258e+03 1.270192733500152826e-04
7.279100000000377804e+03 1.273564121220260859e-04
7.280000000000378350e+03 1.274892129004001617e-04
7.280900000000377986e+03 1.271324290428310633e-04
7.281800000000377622e+03 1.265662576770409942e-04
7.282700000000378168e+03 1.263600279344245791e-04
7.283600000000378714e+03 1.263193989871069789e-04
7.284500000000378350e+03 1.265367754967883229e-04
7.285400000000377986e+03 1.272115332540124655e-04
7.286300000000378532e+03 1.277465780731290579e-04
7.287200000000379077e+03 1.277455594390630722e-04
7.288100000000378714e+03 1.272122462978586555e-04
7.289000000000378350e+03 1.267315674340352416e-04
7.289900000000378895e+03 1.265218452317640185e-04
7.290800000000379441e+03 1.263669400941580534e-04
7.291700000000379077e+03 1.265210739802569151e-04
7.292600000000378714e+03 1.269214408239349723e-04
7.293500000000379259e+03 1.275696849916130304e-04
7.294400000000379805e+03 1.283388846786692739e-04
7.295300000000379441e+03 1.289659849135205150e-04
7.296200000000379077e+03 1.295394176850095391e-04
7.297100000000379623e+03 1.297579728998243809e-04
7.298000000000380169e+03 1.292198285227641463e-04
7.298900000000379805e+03 1.285122270928695798e-04
7.299800000000379441e+03 1.281670993193984032e-04
7.300700000000379987e+03 1.285589532926678658e-04
7.301600000000380533e+03 1.292375673074275255e-04
7.302500000000380169e+03 1.292656670557335019e-04
7.303400000000379805e+03 1.291345106437802315e-04
7.304300000000380351e+03 1.293907262152060866e-04
7.305200000000380896e+03 1.296855916734784842e-04
7.306100000000380533e+03 1.298899878747761250e-04
7.307000000000380169e+03 1.298572606174275279e-04
7.307900000000380714e+03 1.298396964557468891e-04
7.308800000000381260e+03 1.301311567658558488e-04
7.309700000000380896e+03 1.304566540056839585e-04
7.310600000000380533e+03 1.308734936174005270e-04
7.311500000000381078e+03 1.310646912315860391e-04
7.312400000000381624e+03 1.305748010054230690e-04
7.313300000000381260e+03 1.298463321290910244e-04
7.314200000000380896e+03 1.299759023822844028e-04
7.315100000000381442e+03 1.306730846408754587e-04
7.316000000000381988e+03 1.309015933657065034e-04
7.316900000000381624e+03 1.306742633460089564e-04
7.317800000000381260e+03 1.303460594499483705e-04
7.318700000000381806e+03 1.306217309320345521e-04
7.319600000000382352e+03 1.312451058765873313e-04
7.320500000000381988e+03 1.313595275860279799e-04
7.321400000000381624e+03 1.313013490289449692e-04
7.322300000000382170e+03 1.313155953539535403e-04
7.323200000000382715e+03 1.311916275881230831e-04
7.324100000000382352e+03 1.310061925323680043e-04
7.325000000000381988e+03 1.308207429246976972e-04
7.325900000000382533e+03 1.308722858084365726e-04
7.326800000000383079e+03 1.314472319791093469e-04
7.327700000000382715e+03 1.323147589573636651e-04
7.328600000000382352e+03 1.326340861851349473e-04
7.329500000000382897e+03 1.325780904153361917e-04
7.330400000000383443e+03 1.322287862421944737e-04
7.331300000000383079e+03 1.316174893872812390e-04
7.332200000000382715e+03 1.312115346081554890e-04
7.333100000000383261e+03 1.310488150920718908e-04
7.334000000000383807e+03 1.308173523284494877e-04
7.334900000000383443e+03 1.307941565755754709e-04
7.335800000000383079e+03 1.315274566877633333e-04
7.336700000000383625e+03 1.325976627413183451e-04
7.337600000000384171e+03 1.328205689787864685e-04
7.338500000000383807e+03 1.328483340330421925e-04
7.339400000000383443e+03 1.333151885773986578e-04
7.340300000000383989e+03 1.335822162218391895e-04
7.341200000000384534e+03 1.332254469161853194e-04
7.342100000000384171e+03 1.328220096183940768e-04
7.343000000000383807e+03 1.322473544860258698e-04
7.343900000000384352e+03 1.309489016421139240e-04
7.344800000000384898e+03 1.293024251936003566e-04
7.345700000000384534e+03 1.288016064791008830e-04
7.346600000000384171e+03 1.299479336012154818e-04
7.347500000000384716e+03 1.310666702920570970e-04
7.348400000000385262e+03 1.313050452154129744e-04
7.349300000000384898e+03 1.307999191340059042e-04
7.350200000000384534e+03 1.304636534769088030e-04
7.351100000000385080e+03 1.306707563344389200e-04
7.352000000000385626e+03 1.310296938754618168e-04
7.352900000000385262e+03 1.312448584940284491e-04
7.353800000000384898e+03 1.309916988248005509e-04
7.354700000000385444e+03 1.305339246755465865e-04
7.355600000000385990e+03 1.300900767091661692e-04
7.356500000000385626e+03 1.300522562814876437e-04
7.357400000000385262e+03 1.307205529883503914e-04
7.358300000000385808e+03 1.315731642534956336e-04
7.359200000000386353e+03 1.321243908023461699e-04
7.360100000000385990e+03 1.321492018178105354e-04
7.361000000000385626e+03 1.322124735452234745e-04
7.361900000000386171e+03 1.322842726949602365e-04
7.362800000000386717e+03 1.318247814197093248e-04
7.363700000000386353e+03 1.315671834163367748e-04
7.364600000000385990e+03 1.318632275797426701e-04
7.365500000000386535e+03 1.322231255471706390e-04
7.366400000000387081e+03 1.326643687207251787e-04
7.367300000000386717e+03 1.330379018327221274e-04
7.368200000000386353e+03 1.329748629359528422e-04
7.369100000000386899e+03 1.328464422840625048e-04
7.370000000000387445e+03 1.329504302702844143e-04
7.370900000000387081e+03 1.330915256403386593e-04
7.371800000000386717e+03 1.326709752902388573e-04
7.372700000000387263e+03 1.314109831582754850e-04
7.373600000000387809e+03 1.303573371842503548e-04
7.374500000000387445e+03 1.298323186347261071e-04
7.375400000000387081e+03 1.298051356570795178e-04
7.376300000000387627e+03 1.304706383962184191e-04
7.377200000000388172e+03 1.311276282649487257e-04
7.378100000000387809e+03 1.314899272983893752e-04
7.379000000000387445e+03 1.319331204285845160e-04
7.379900000000387990e+03 1.320487208431586623e-04
7.380800000000388536e+03 1.314466790063306689e-04
7.381700000000388172e+03 1.305037585552781820e-04
7.382600000000387809e+03 1.297695562243461609e-04
7.383500000000388354e+03 1.292547094635665417e-04
7.384400000000388900e+03 1.292395318159833550e-04
7.385300000000388536e+03 1.293576206080615520e-04
7.386200000000388172e+03 1.293204695684835315e-04
7.387100000000388718e+03 1.295599067816510797e-04
7.388000000000389264e+03 1.299204741371795535e-04
7.388900000000388900e+03 1.299719588132575154e-04
7.389800000000388536e+03 1.295181864406913519e-04
7.390700000000389082e+03 1.290126092499122024e-04
7.391600000000389628e+03 1.286819024244323373e-04
7.392500000000389264e+03 1.279848220292478800e-04
7.393400000000388900e+03 1.269881468033418059e-04
7.394300000000389446e+03 1.266600738745182753e-04
7.395200000000389991e+03 1.273743400815874338e-04
7.396100000000389628e+03 1.282233861275017262e-04
7.397000000000389264e+03 1.284041645703837276e-04
7.397900000000389809e+03 1.288153289351612329e-04
7.398800000000390355e+03 1.290975196752697229e-04
7.399700000000389991e+03 1.296310656471177936e-04
7.400600000000389628e+03 1.304233301198109984e-04
7.401500000000390173e+03 1.313901011599227786e-04
7.402400000000390719e+03 1.323210744885727763e-04
7.403300000000390355e+03 1.328172511421144009e-04
7.404200000000389991e+03 1.321076269960030913e-04
7.405100000000390537e+03 1.308077480643987656e-04
7.406000000000391083e+03 1.297675626119598746e-04
7.406900000000390719e+03 1.291791122639551759e-04
7.407800000000390355e+03 1.282009034184738994e-04
7.408700000000390901e+03 1.260386779904365540e-04
7.409600000000391447e+03 1.250321365660056472e-04
