3.540500000000000000e+03 2.314518678758759052e-05
3.541400000000000091e+03 2.228758239652961493e-05
3.542300000000000182e+03 2.243619928776752204e-05
3.543200000000000273e+03 2.319516897841822356e-05
3.544100000000000364e+03 2.376254269620403647e-05
3.545000000000000455e+03 2.391061570961028337e-05
3.545900000000000546e+03 2.383393257332500070e-05
3.546800000000000637e+03 2.345013854210264981e-05
3.547700000000000728e+03 2.309909541509114206e-05
3.548600000000000819e+03 2.342269362998194993e-05
3.549500000000000909e+03 2.396777017565909773e-05
3.550400000000001000e+03 2.392066380707547069e-05
3.551300000000001091e+03 2.329373637621756643e-05
3.552200000000001182e+03 2.237057560705579817e-05
3.553100000000001273e+03 2.136332841473631561e-05
3.554000000000001364e+03 2.096280513796955347e-05
3.554900000000001455e+03 2.159041105187498033e-05
3.555800000000001546e+03 2.247603879368398339e-05
3.556700000000001637e+03 2.270083859912119806e-05
3.557600000000001728e+03 2.222266994067467749e-05
3.558500000000001819e+03 2.164113902836106718e-05
3.559400000000001910e+03 2.152276283595710993e-05
3.560300000000002001e+03 2.179864350182469934e-05
3.561200000000002092e+03 2.254872015328146517e-05
3.562100000000002183e+03 2.369645517319440842e-05
3.563000000000002274e+03 2.382091406616382301e-05
3.563900000000002365e+03 2.169761683035176247e-05
3.564800000000002456e+03 1.850068292696960270e-05
3.565700000000002547e+03 1.682165566307958215e-05
3.566600000000002638e+03 1.747495116433128715e-05
3.567500000000002728e+03 1.846745726652443409e-05
3.568400000000002819e+03 1.784481173672247678e-05
3.569300000000002910e+03 1.634084219404030591e-05
3.570200000000003001e+03 1.581159631314221770e-05
3.571100000000003092e+03 1.664135015744250268e-05
3.572000000000003183e+03 1.824766695790458471e-05
3.572900000000003274e+03 1.928324672917369753e-05
3.573800000000003365e+03 1.964047805813606828e-05
3.574700000000003456e+03 1.983548827411141247e-05
3.575600000000003547e+03 2.043734639300964773e-05
3.576500000000003638e+03 2.091082387778442353e-05
3.577400000000003729e+03 2.036089972534682602e-05
3.578300000000003820e+03 1.918951056723017246e-05
3.579200000000003911e+03 1.791111390048172325e-05
3.580100000000004002e+03 1.571936263644602150e-05
3.581000000000004093e+03 1.371173675579484552e-05
3.581900000000004184e+03 1.434280511602992192e-05
3.582800000000004275e+03 1.643836912990082055e-05
3.583700000000004366e+03 1.674006489338353276e-05
3.584600000000004457e+03 1.491442435508361086e-05
3.585500000000004547e+03 1.343525673291878775e-05
3.586400000000004638e+03 1.359227917419048026e-05
3.587300000000004729e+03 1.473137308494187891e-05
3.588200000000004820e+03 1.598624294274486601e-05
3.589100000000004911e+03 1.728944516798947006e-05
3.590000000000005002e+03 1.950513797055464238e-05
3.590900000000005093e+03 2.214736741734668612e-05
3.591800000000005184e+03 2.299862353538628668e-05
3.592700000000005275e+03 2.188106554967816919e-05
3.593600000000005366e+03 2.108336047967895865e-05
3.594500000000005457e+03 2.195567140006460249e-05
3.595400000000005548e+03 2.374535324634052813e-05
3.596300000000005639e+03 2.522481372579932213e-05
3.597200000000005730e+03 2.564556962170172483e-05
3.598100000000005821e+03 2.536294050514698029e-05
3.599000000000005912e+03 2.557612060627434403e-05
3.599900000000006003e+03 2.637958641571458429e-05
3.600800000000006094e+03 2.579783904366195202e-05
3.601700000000006185e+03 2.313217191840521991e-05
3.602600000000006276e+03 2.062144631054252386e-05
3.603500000000006366e+03 1.964327202585991472e-05
3.604400000000006457e+03 1.914953645609784871e-05
3.605300000000006548e+03 1.903095835587009788e-05
3.606200000000006639e+03 1.988703115785028785e-05
3.607100000000006730e+03 2.007984221563674510e-05
3.608000000000006821e+03 1.819043791329022497e-05
3.608900000000006912e+03 1.626570883672684431e-05
3.609800000000007003e+03 1.664702358539216220e-05
3.610700000000007094e+03 1.890585190267302096e-05
3.611600000000007185e+03 2.070911614282522351e-05
3.612500000000007276e+03 2.041886727965902537e-05
3.613400000000007367e+03 1.979424814635422081e-05
3.614300000000007458e+03 2.113403570547234267e-05
3.615200000000007549e+03 2.319678787898737937e-05
3.616100000000007640e+03 2.339069760637357831e-05
3.617000000000007731e+03 2.072326969937421381e-05
3.617900000000007822e+03 1.666590105742216110e-05
3.618800000000007913e+03 1.459876420994987711e-05
3.619700000000008004e+03 1.597723530721850693e-05
3.620600000000008095e+03 1.874360532383434474e-05
3.621500000000008185e+03 2.125753235304728150e-05
3.622400000000008276e+03 2.285928167111705989e-05
3.623300000000008367e+03 2.277834937558509409e-05
3.624200000000008458e+03 2.277297608088701963e-05
3.625100000000008549e+03 2.488131576683372259e-05
3.626000000000008640e+03 2.752113687165547162e-05
3.626900000000008731e+03 2.838913496816530824e-05
3.627800000000008822e+03 2.790258076856844127e-05
3.628700000000008913e+03 2.674055212992243469e-05
3.629600000000009004e+03 2.347081499465275556e-05
3.630500000000009095e+03 1.851214619819074869e-05
3.631400000000009186e+03 1.586528378538787365e-05
3.632300000000009277e+03 1.707923183857928962e-05
3.633200000000009368e+03 1.907223486341536045e-05
3.634100000000009459e+03 1.976469138753600419e-05
3.635000000000009550e+03 2.033791861322242767e-05
3.635900000000009641e+03 2.139243770216125995e-05
3.636800000000009732e+03 2.242327354906592518e-05
3.637700000000009823e+03 2.379493707849178463e-05
3.638600000000009913e+03 2.556305662437807769e-05
3.639500000000010004e+03 2.662542829057201743e-05
3.640400000000010095e+03 2.645849963300861418e-05
3.641300000000010186e+03 2.542921174608636647e-05
3.642200000000010277e+03 2.400541234237607569e-05
3.643100000000010368e+03 2.263557144033256918e-05
3.644000000000010459e+03 2.139487150998320431e-05
3.644900000000010550e+03 2.071108792733866721e-05
3.645800000000010641e+03 2.077110730169806629e-05
3.646700000000010732e+03 2.019825842580758035e-05
3.647600000000010823e+03 1.902155054267495871e-05
3.648500000000010914e+03 1.898846676340326667e-05
3.649400000000011005e+03 2.006320937653072178e-05
3.650300000000011096e+03 2.151268199668265879e-05
3.651200000000011187e+03 2.335352110094390810e-05
3.652100000000011278e+03 2.540803507145028561e-05
3.653000000000011369e+03 2.662132465047761798e-05
3.653900000000011460e+03 2.657336517586372793e-05
3.654800000000011551e+03 2.635457531141582876e-05
3.655700000000011642e+03 2.683815182535909116e-05
3.656600000000011732e+03 2.775923894660081714e-05
3.657500000000011823e+03 2.861574103008024395e-05
3.658400000000011914e+03 2.930496884800959378e-05
3.659300000000012005e+03 2.940551530627999455e-05
3.660200000000012096e+03 2.905609653680585325e-05
3.661100000000012187e+03 2.866136856027878821e-05
3.662000000000012278e+03 2.766940451692789793e-05
3.662900000000012369e+03 2.615746052470058203e-05
3.663800000000012460e+03 2.557412881287746131e-05
3.664700000000012551e+03 2.643645348143763840e-05
3.665600000000012642e+03 2.706341547309421003e-05
3.666500000000012733e+03 2.672193113539833575e-05
3.667400000000012824e+03 2.617712380015291274e-05
3.668300000000012915e+03 2.493001375114545226e-05
3.669200000000013006e+03 2.341256731597241014e-05
3.670100000000013097e+03 2.385291918471921235e-05
3.671000000000013188e+03 2.637475881783757359e-05
3.671900000000013279e+03 2.837995998561382294e-05
3.672800000000013370e+03 2.816722917486913502e-05
3.673700000000013461e+03 2.727780702116433531e-05
3.674600000000013551e+03 2.755691821221262217e-05
3.675500000000013642e+03 2.760431925707962364e-05
3.676400000000013733e+03 2.574627069407142699e-05
3.677300000000013824e+03 2.363533531024586409e-05
3.678200000000013915e+03 2.288848190801218152e-05
3.679100000000014006e+03 2.236801083199679852e-05
3.680000000000014097e+03 2.202018367825075984e-05
3.680900000000014188e+03 2.306531132489908487e-05
3.681800000000014279e+03 2.463577584421727806e-05
3.682700000000014370e+03 2.569548996689263731e-05
3.683600000000014461e+03 2.598288483568467200e-05
3.684500000000014552e+03 2.491386658221017569e-05
3.685400000000014643e+03 2.297432547493372113e-05
3.686300000000014734e+03 2.114595190505497158e-05
3.687200000000014825e+03 2.017342194449156523e-05
3.688100000000014916e+03 2.100925303238909692e-05
3.689000000000015007e+03 2.341465733479708433e-05
3.689900000000015098e+03 2.630572998896241188e-05
3.690800000000015189e+03 2.893464443332049996e-05
3.691700000000015280e+03 2.993964335473719984e-05
3.692600000000015370e+03 2.847605537681374699e-05
3.693500000000015461e+03 2.637364559632260352e-05
3.694400000000015552e+03 2.583415152912493795e-05
3.695300000000015643e+03 2.614209734019823372e-05
3.696200000000015734e+03 2.610731644381303340e-05
3.697100000000015825e+03 2.659240453795064241e-05
3.698000000000015916e+03 2.842550929926801473e-05
3.698900000000016007e+03 3.067585930693894625e-05
3.699800000000016098e+03 3.156125239911489189e-05
3.700700000000016189e+03 3.069133163080550730e-05
3.701600000000016280e+03 2.919962753367144614e-05
3.702500000000016371e+03 2.722634962992742658e-05
3.703400000000016462e+03 2.425388993287924677e-05
3.704300000000016553e+03 2.119372038578148931e-05
3.705200000000016644e+03 1.949873330886475742e-05
3.706100000000016735e+03 1.973190956050530076e-05
3.707000000000016826e+03 2.067335299216210842e-05
3.707900000000016917e+03 2.083990511891897768e-05
3.708800000000017008e+03 2.086614949803333730e-05
3.709700000000017099e+03 2.228120138170197606e-05
3.710600000000017189e+03 2.461186704749707133e-05
3.711500000000017280e+03 2.657084951351862401e-05
3.712400000000017371e+03 2.876242251659277827e-05
3.713300000000017462e+03 3.130590630462393165e-05
3.714200000000017553e+03 3.223891326342709363e-05
3.715100000000017644e+03 3.102800474152900279e-05
3.716000000000017735e+03 2.978856537083629519e-05
3.716900000000017826e+03 2.919874168583191931e-05
3.717800000000017917e+03 2.709100044739898294e-05
3.718700000000018008e+03 2.263005262648221105e-05
3.719600000000018099e+03 1.814254756027366966e-05
3.720500000000018190e+03 1.585015161253977567e-05
3.721400000000018281e+03 1.584629171702545136e-05
3.722300000000018372e+03 1.800432437448762357e-05
3.723200000000018463e+03 2.170372681575827301e-05
3.724100000000018554e+03 2.536320062063168734e-05
3.725000000000018645e+03 2.790688267850782722e-05
3.725900000000018736e+03 2.771190884232055396e-05
3.726800000000018827e+03 2.471929474268108606e-05
3.727700000000018917e+03 2.332732947252225131e-05
3.728600000000019008e+03 2.536865395086351782e-05
3.729500000000019099e+03 2.675726500456221402e-05
3.730400000000019190e+03 2.550172030169051141e-05
3.731300000000019281e+03 2.343361120438203216e-05
3.732200000000019372e+03 2.087502798531204462e-05
3.733100000000019463e+03 1.743213761074002832e-05
3.734000000000019554e+03 1.453602817491628230e-05
3.734900000000019645e+03 1.376261388941202313e-05
3.735800000000019736e+03 1.462268573959590867e-05
3.736700000000019827e+03 1.613184031157288700e-05
3.737600000000019918e+03 1.886602512968238443e-05
3.738500000000020009e+03 2.243104790977668017e-05
3.739400000000020100e+03 2.557703919592313468e-05
3.740300000000020191e+03 2.771162689896300435e-05
3.741200000000020282e+03 2.774499989754986018e-05
3.742100000000020373e+03 2.543938171584159136e-05
3.743000000000020464e+03 2.264567228849045932e-05
3.743900000000020555e+03 2.100717574649024755e-05
3.744800000000020646e+03 1.965300180017948151e-05
3.745700000000020736e+03 1.845310362114105374e-05
3.746600000000020827e+03 1.827233427320607007e-05
3.747500000000020918e+03 1.715708822302985936e-05
3.748400000000021009e+03 1.442820303054759279e-05
3.749300000000021100e+03 1.339179289061576128e-05
3.750200000000021191e+03 1.617507041373755783e-05
3.751100000000021282e+03 2.077323733828961849e-05
3.752000000000021373e+03 2.422255784040316939e-05
3.752900000000021464e+03 2.638419391587376595e-05
3.753800000000021555e+03 2.892518023145385087e-05
3.754700000000021646e+03 3.154865044052712619e-05
3.755600000000021737e+03 3.187665060977451503e-05
3.756500000000021828e+03 2.821674206643365324e-05
3.757400000000021919e+03 2.243781455035787076e-05
3.758300000000022010e+03 1.923170020745601505e-05
3.759200000000022101e+03 2.045814835582859814e-05
3.760100000000022192e+03 2.327225593035109341e-05
3.761000000000022283e+03 2.491756094968877733e-05
3.761900000000022374e+03 2.518145993235521019e-05
3.762800000000022465e+03 2.439588570268824697e-05
3.763700000000022555e+03 2.399524237262085080e-05
3.764600000000022646e+03 2.511927596060559154e-05
3.765500000000022737e+03 2.530546771595254540e-05
3.766400000000022828e+03 2.331322320969775319e-05
3.767300000000022919e+03 2.216402390331495553e-05
3.768200000000023010e+03 2.336370198463555425e-05
3.769100000000023101e+03 2.414410846540704370e-05
3.770000000000023192e+03 2.333439260837621987e-05
3.770900000000023283e+03 2.374222822254523635e-05
3.771800000000023374e+03 2.641017817950341851e-05
3.772700000000023465e+03 2.886068068619351834e-05
3.773600000000023556e+03 2.940649937954731286e-05
3.774500000000023647e+03 2.890365067287348211e-05
3.775400000000023738e+03 2.872333789127878845e-05
3.776300000000023829e+03 2.917759229603689164e-05
3.777200000000023920e+03 2.949719601019751281e-05
3.778100000000024011e+03 2.965312341984827071e-05
3.779000000000024102e+03 3.088262019446119666e-05
3.779900000000024193e+03 3.272138928878121078e-05
3.780800000000024284e+03 3.327814556541852653e-05
3.781700000000024374e+03 3.282544639660045505e-05
3.782600000000024465e+03 3.309701060061343014e-05
3.783500000000024556e+03 3.430834112805314362e-05
3.784400000000024647e+03 3.421356814214959741e-05
3.785300000000024738e+03 3.081706381635740399e-05
3.786200000000024829e+03 2.676787880773190409e-05
3.787100000000024920e+03 2.527377728256396949e-05
3.788000000000025011e+03 2.492196836101356894e-05
3.788900000000025102e+03 2.406961175438482314e-05
3.789800000000025193e+03 2.397104617557488382e-05
3.790700000000025284e+03 2.559563290560618043e-05
3.791600000000025375e+03 2.692059024411719292e-05
3.792500000000025466e+03 2.606903217383660376e-05
3.793400000000025557e+03 2.406924977549351752e-05
3.794300000000025648e+03 2.263383976242039353e-05
3.795200000000025739e+03 2.227158438472542912e-05
3.796100000000025830e+03 2.188199687225278467e-05
3.797000000000025921e+03 2.005816895689349622e-05
3.797900000000026012e+03 1.818601231207139790e-05
3.798800000000026102e+03 1.879657975223381072e-05
3.799700000000026193e+03 2.188034886785317212e-05
3.800600000000026284e+03 2.513345680199563503e-05
3.801500000000026375e+03 2.730453888943884522e-05
3.802400000000026466e+03 2.940125887107569724e-05
3.803300000000026557e+03 3.128329262835904956e-05
3.804200000000026648e+03 3.185274545103311539e-05
3.805100000000026739e+03 3.095954525633715093e-05
3.806000000000026830e+03 2.894520184781868011e-05
3.806900000000026921e+03 2.735076668614055961e-05
3.807800000000027012e+03 2.815004881995264441e-05
3.808700000000027103e+03 3.058752190554514527e-05
3.809600000000027194e+03 3.256522177252918482e-05
3.810500000000027285e+03 3.323693454149179161e-05
3.811400000000027376e+03 3.242735328967683017e-05
3.812300000000027467e+03 2.988036794704385102e-05
3.813200000000027558e+03 2.659500023582950234e-05
3.814100000000027649e+03 2.404009501333348453e-05
3.815000000000027740e+03 2.225635580543894321e-05
3.815900000000027831e+03 2.225277057732455432e-05
3.816800000000027921e+03 2.483382013451773673e-05
3.817700000000028012e+03 2.708858664846047759e-05
3.818600000000028103e+03 2.587394374131690711e-05
3.819500000000028194e+03 2.193138243455905467e-05
3.820400000000028285e+03 1.961383713933173567e-05
3.821300000000028376e+03 2.159257201128639281e-05
3.822200000000028467e+03 2.479159229551441967e-05
3.823100000000028558e+03 2.482324998709373176e-05
3.824000000000028649e+03 2.178593967983033508e-05
3.824900000000028740e+03 1.890047133201733232e-05
3.825800000000028831e+03 1.789035377441905439e-05
3.826700000000028922e+03 1.818655073293484747e-05
3.827600000000029013e+03 1.864819569163955748e-05
3.828500000000029104e+03 1.906969191622920334e-05
3.829400000000029195e+03 1.988253825402352959e-05
3.830300000000029286e+03 2.047567068075295538e-05
3.831200000000029377e+03 1.924143361975438893e-05
3.832100000000029468e+03 1.674505620030686259e-05
3.833000000000029559e+03 1.516309930593706667e-05
3.833900000000029650e+03 1.487909503339324147e-05
3.834800000000029740e+03 1.564404192322399467e-05
3.835700000000029831e+03 1.719186730042565614e-05
3.836600000000029922e+03 1.805661668186075985e-05
3.837500000000030013e+03 1.732828241074457765e-05
3.838400000000030104e+03 1.645781048864591867e-05
3.839300000000030195e+03 1.665974014031235129e-05
3.840200000000030286e+03 1.768234142218716443e-05
3.841100000000030377e+03 2.015555401158053428e-05
3.842000000000030468e+03 2.365954424021765590e-05
3.842900000000030559e+03 2.595004116301424801e-05
3.843800000000030650e+03 2.672537812031805515e-05
3.844700000000030741e+03 2.679417957551777363e-05
3.845600000000030832e+03 2.661464532138779759e-05
3.846500000000030923e+03 2.732191751420032233e-05
3.847400000000031014e+03 2.875282189052086323e-05
3.848300000000031105e+03 2.859217420336790383e-05
3.849200000000031196e+03 2.644143751240335405e-05
3.850100000000031287e+03 2.537844375183340162e-05
3.851000000000031378e+03 2.711269735300447792e-05
3.851900000000031469e+03 2.906102417910005897e-05
3.852800000000031559e+03 2.890891119022853673e-05
3.853700000000031650e+03 2.762881013040896505e-05
3.854600000000031741e+03 2.635744749568402767e-05
3.855500000000031832e+03 2.528867298678960651e-05
3.856400000000031923e+03 2.521554051782004535e-05
3.857300000000032014e+03 2.527923061279579997e-05
3.858200000000032105e+03 2.328551090613473207e-05
3.859100000000032196e+03 2.048651003860868514e-05
3.860000000000032287e+03 2.021730506385210901e-05
3.860900000000032378e+03 2.319712984899524599e-05
3.861800000000032469e+03 2.725151534832548350e-05
3.862700000000032560e+03 2.975725874421186745e-05
3.863600000000032651e+03 2.998045783897396177e-05
3.864500000000032742e+03 2.893931923608761281e-05
3.865400000000032833e+03 2.787360062939114869e-05
3.866300000000032924e+03 2.760466850304510444e-05
3.867200000000033015e+03 2.782815136015415192e-05
3.868100000000033106e+03 2.786237564578186721e-05
3.869000000000033197e+03 2.718798350542783737e-05
3.869900000000033288e+03 2.554535240051336586e-05
3.870800000000033378e+03 2.341087201784830540e-05
3.871700000000033469e+03 2.176057932956609875e-05
3.872600000000033560e+03 2.193779801018536091e-05
3.873500000000033651e+03 2.463415148667991161e-05
3.874400000000033742e+03 2.816096821334213018e-05
3.875300000000033833e+03 2.992607005580794066e-05
3.876200000000033924e+03 2.901257175835780799e-05
3.877100000000034015e+03 2.587085509730968624e-05
3.878000000000034106e+03 2.296071215823758394e-05
3.878900000000034197e+03 2.357677840336691588e-05
3.879800000000034288e+03 2.615037192299496382e-05
3.880700000000034379e+03 2.636307181091979146e-05
3.881600000000034470e+03 2.418191070319153368e-05
3.882500000000034561e+03 2.341256004001479596e-05
3.883400000000034652e+03 2.552439218561630696e-05
3.884300000000034743e+03 2.669716013770084828e-05
3.885200000000034834e+03 2.416196184640284628e-05
3.886100000000034925e+03 2.083408799080643803e-05
3.887000000000035016e+03 1.973912731045857072e-05
3.887900000000035106e+03 1.965079900401178747e-05
3.888800000000035197e+03 1.970387347682844847e-05
3.889700000000035288e+03 2.160299482056871057e-05
3.890600000000035379e+03 2.514807420084252954e-05
3.891500000000035470e+03 2.828488140949048102e-05
3.892400000000035561e+03 2.978301563416607678e-05
3.893300000000035652e+03 2.980882163683418185e-05
3.894200000000035743e+03 2.905506153183523566e-05
3.895100000000035834e+03 2.828742435667663813e-05
3.896000000000035925e+03 2.910301373049151152e-05
3.896900000000036016e+03 3.078982263104990125e-05
3.897800000000036107e+03 3.085947901126928627e-05
3.898700000000036198e+03 2.967904401884879917e-05
3.899600000000036289e+03 2.935584780061617494e-05
3.900500000000036380e+03 3.098641172982752323e-05
3.901400000000036471e+03 3.239651050535030663e-05
3.902300000000036562e+03 3.111853220616467297e-05
3.903200000000036653e+03 2.930260779976379126e-05
3.904100000000036744e+03 2.854212470992933959e-05
3.905000000000036835e+03 2.720703560044057667e-05
3.905900000000036925e+03 2.649630368978250772e-05
3.906800000000037016e+03 2.855528327927459031e-05
3.907700000000037107e+03 3.175296660629101098e-05
3.908600000000037198e+03 3.372780338395386934e-05
3.909500000000037289e+03 3.415509490878321230e-05
3.910400000000037380e+03 3.430499782552942634e-05
3.911300000000037471e+03 3.513209594530053437e-05
3.912200000000037562e+03 3.561496851034462452e-05
3.913100000000037653e+03 3.493176700430922210e-05
3.914000000000037744e+03 3.428645868552848697e-05
3.914900000000037835e+03 3.409333658055402339e-05
3.915800000000037926e+03 3.323918281239457428e-05
3.916700000000038017e+03 3.233538154745474458e-05
3.917600000000038108e+03 3.196104080416262150e-05
3.918500000000038199e+03 3.106420263065956533e-05
3.919400000000038290e+03 2.922489329648669809e-05
3.920300000000038381e+03 2.718170435400679708e-05
3.921200000000038472e+03 2.642852814460638911e-05
3.922100000000038563e+03 2.713060894166119397e-05
3.923000000000038654e+03 2.828443575708661228e-05
3.923900000000038744e+03 2.905181463574990630e-05
3.924800000000038835e+03 2.824901275744196028e-05
3.925700000000038926e+03 2.617504469526465982e-05
3.926600000000039017e+03 2.382011007284745574e-05
3.927500000000039108e+03 2.086064341710880399e-05
3.928400000000039199e+03 1.768712354532908648e-05
3.929300000000039290e+03 1.511469145043520257e-05
3.930200000000039381e+03 1.288024395762477070e-05
3.931100000000039472e+03 1.075452837540069595e-05
3.932000000000039563e+03 8.808146048977505416e-06
3.932900000000039654e+03 7.350159194174921140e-06
3.933800000000039745e+03 6.944542292330879718e-06
3.934700000000039836e+03 7.821703547961078584e-06
3.935600000000039927e+03 9.794523066375404596e-06
3.936500000000040018e+03 1.244212671736022457e-05
3.937400000000040109e+03 1.536234412924386561e-05
3.938300000000040200e+03 1.857634742918889970e-05
3.939200000000040291e+03 2.175851295760367066e-05
3.940100000000040382e+03 2.382621642027515918e-05
3.941000000000040473e+03 2.461878466419875622e-05
3.941900000000040563e+03 2.486241828592028469e-05
3.942800000000040654e+03 2.433124063827563077e-05
3.943700000000040745e+03 2.352390401938464493e-05
3.944600000000040836e+03 2.500819573469925672e-05
3.945500000000040927e+03 2.897477315855212510e-05
3.946400000000041018e+03 3.159388506901450455e-05
3.947300000000041109e+03 3.098588786087930202e-05
3.948200000000041200e+03 2.995561226271092892e-05
3.949100000000041291e+03 3.120473411399871111e-05
3.950000000000041382e+03 3.377625762368552387e-05
3.950900000000041473e+03 3.477052450762130320e-05
3.951800000000041564e+03 3.311627006041817367e-05
3.952700000000041655e+03 3.166593887726776302e-05
3.953600000000041746e+03 3.323724013171158731e-05
3.954500000000041837e+03 3.513177944114431739e-05
3.955400000000041928e+03 3.379674308234825730e-05
3.956300000000042019e+03 3.127501622657291591e-05
3.957200000000042110e+03 3.105944779235869646e-05
3.958100000000042201e+03 3.281568569946102798e-05
3.959000000000042292e+03 3.395165549591183662e-05
3.959900000000042382e+03 3.203991582267917693e-05
3.960800000000042473e+03 2.711663364607375115e-05
3.961700000000042564e+03 2.270405275339726359e-05
3.962600000000042655e+03 2.121241959684994072e-05
3.963500000000042746e+03 2.096731259371154010e-05
3.964400000000042837e+03 1.962997521331999451e-05
3.965300000000042928e+03 1.673907900112681091e-05
3.966200000000043019e+03 1.311034520767861977e-05
3.967100000000043110e+03 9.866025720839388669e-06
3.968000000000043201e+03 7.869829460105393082e-06
3.968900000000043292e+03 7.689925951126497239e-06
3.969800000000043383e+03 9.388181752001401037e-06
3.970700000000043474e+03 1.232440899912035093e-05
3.971600000000043565e+03 1.552972753415815532e-05
3.972500000000043656e+03 1.827743471949361265e-05
3.973400000000043747e+03 2.059958023892249912e-05
3.974300000000043838e+03 2.323094486200716347e-05
3.975200000000043929e+03 2.597201637399848551e-05
3.976100000000044020e+03 2.793093699438031763e-05
3.977000000000044110e+03 2.968428998428862542e-05
3.977900000000044201e+03 3.204757013008929789e-05
3.978800000000044292e+03 3.466394264250993729e-05
3.979700000000044383e+03 3.677040149341337383e-05
3.980600000000044474e+03 3.723094050656072795e-05
3.981500000000044565e+03 3.607862163335084915e-05
3.982400000000044656e+03 3.510705937515012920e-05
3.983300000000044747e+03 3.503486732370220125e-05
3.984200000000044838e+03 3.559093966032378376e-05
3.985100000000044929e+03 3.648729762062430382e-05
3.986000000000045020e+03 3.685208866954781115e-05
3.986900000000045111e+03 3.744686910067684948e-05
3.987800000000045202e+03 3.925918281311169267e-05
3.988700000000045293e+03 3.993037535110488534e-05
3.989600000000045384e+03 3.870487125823274255e-05
3.990500000000045475e+03 3.839954297291114926e-05
3.991400000000045566e+03 3.959491004934534431e-05
3.992300000000045657e+03 4.078384517924860120e-05
3.993200000000045748e+03 4.108993380214087665e-05
3.994100000000045839e+03 4.037530379719100893e-05
3.995000000000045929e+03 3.926827412215061486e-05
3.995900000000046020e+03 3.798071338678710163e-05
3.996800000000046111e+03 3.646651748567819595e-05
3.997700000000046202e+03 3.613741864683106542e-05
3.998600000000046293e+03 3.851894143735989928e-05
3.999500000000046384e+03 4.188459206488914788e-05
4.000400000000046475e+03 4.308582720113918185e-05
4.001300000000046566e+03 4.280070788809098303e-05
4.002200000000046657e+03 4.350678500486537814e-05
4.003100000000046748e+03 4.409126631799153984e-05
4.004000000000046839e+03 4.128344153286889195e-05
4.004900000000046930e+03 3.597229078877717257e-05
4.005800000000047021e+03 3.363508949405513704e-05
4.006700000000047112e+03 3.614868182921782136e-05
4.007600000000047203e+03 3.998391184723004699e-05
4.008500000000047294e+03 4.203229764243587852e-05
4.009400000000047385e+03 4.234691368765197694e-05
4.010300000000047476e+03 4.238255132804624736e-05
4.011200000000047567e+03 4.251414793543517590e-05
4.012100000000047658e+03 4.265434472472406924e-05
4.013000000000047748e+03 4.290021024644374847e-05
4.013900000000047839e+03 4.312522651161998510e-05
4.014800000000047930e+03 4.390254980535246432e-05
4.015700000000048021e+03 4.451249333214946091e-05
4.016600000000048112e+03 4.327065835241228342e-05
4.017500000000048203e+03 4.191918196738697588e-05
4.018400000000048294e+03 4.325673944549635053e-05
4.019300000000048385e+03 4.543610702967271209e-05
4.020200000000048476e+03 4.549246659735217690e-05
4.021100000000048567e+03 4.431014167494140565e-05
4.022000000000048658e+03 4.378018275019712746e-05
4.022900000000048749e+03 4.358235673862509429e-05
4.023800000000048840e+03 4.252436337992548943e-05
4.024700000000048931e+03 4.168393934378400445e-05
4.025600000000049022e+03 4.294156678952276707e-05
4.026500000000049113e+03 4.522009840002283454e-05
4.027400000000049204e+03 4.681571590481325984e-05
4.028300000000049295e+03 4.713076850748620927e-05
4.029200000000049386e+03 4.469386476557701826e-05
4.030100000000049477e+03 3.963958442909643054e-05
4.031000000000049567e+03 3.593314613681286573e-05
4.031900000000049658e+03 3.516957076499238610e-05
4.032800000000049749e+03 3.525152351357974112e-05
4.033700000000049840e+03 3.584888690966181457e-05
4.034600000000049931e+03 3.755310899578034878e-05
4.035500000000050022e+03 4.042220825795084238e-05
4.036400000000050113e+03 4.413345959619618952e-05
4.037300000000050204e+03 4.714606620837002993e-05
4.038200000000050295e+03 4.799192902282811701e-05
4.039100000000050386e+03 4.668731708079576492e-05
4.040000000000050477e+03 4.446478851605206728e-05
4.040900000000050568e+03 4.343916225479915738e-05
4.041800000000050659e+03 4.473223089007660747e-05
4.042700000000050750e+03 4.544714829535223544e-05
4.043600000000050841e+03 4.181832264293916523e-05
4.044500000000050932e+03 3.475092671578750014e-05
4.045400000000051023e+03 2.959628909593448043e-05
4.046300000000051114e+03 3.141509660053998232e-05
4.047200000000051205e+03 3.821681821136735380e-05
4.048100000000051296e+03 4.325677218730561435e-05
4.049000000000051386e+03 4.489588172873482108e-05
4.049900000000051477e+03 4.583791815093718469e-05
4.050800000000051568e+03 4.624633947969414294e-05
4.051700000000051659e+03 4.499775241129100323e-05
4.052600000000051750e+03 4.318463106756098568e-05
4.053500000000051841e+03 4.175124195171520114e-05
4.054400000000051932e+03 4.033969526062719524e-05
4.055300000000052023e+03 3.981026748078875244e-05
4.056200000000052114e+03 3.986118099419400096e-05
4.057100000000052205e+03 3.845995161100290716e-05
4.058000000000052296e+03 3.712263787747360766e-05
4.058900000000052387e+03 3.871590888593345881e-05
4.059800000000052478e+03 4.220347909722477198e-05
4.060700000000052569e+03 4.412735870573669672e-05
4.061600000000052660e+03 4.211890700389631093e-05
4.062500000000052751e+03 3.675021798699162900e-05
4.063400000000052842e+03 3.255357660236768425e-05
4.064300000000052933e+03 3.407076292205601931e-05
4.065200000000053024e+03 3.852050213026814163e-05
4.066100000000053114e+03 3.998395914095453918e-05
4.067000000000053205e+03 3.934881169698201120e-05
4.067900000000053296e+03 4.104368417756631970e-05
4.068800000000053387e+03 4.452374560059979558e-05
4.069700000000053478e+03 4.515705222729593515e-05
4.070600000000053569e+03 4.099255966139025986e-05
4.071500000000053660e+03 3.662139715743251145e-05
4.072400000000053751e+03 3.780450060730800033e-05
4.073300000000053842e+03 4.239822737872600555e-05
4.074200000000053933e+03 4.429902037372812629e-05
4.075100000000054024e+03 4.209893450024537742e-05
4.076000000000054115e+03 3.764634675462730229e-05
4.076900000000054206e+03 3.371782804606482387e-05
4.077800000000054297e+03 3.333229324198327959e-05
4.078700000000054388e+03 3.655885302578099072e-05
4.079600000000054479e+03 4.101344529772177339e-05
4.080500000000054570e+03 4.506237019086256623e-05
4.081400000000054661e+03 4.696334508480504155e-05
4.082300000000054752e+03 4.560222805594094098e-05
4.083200000000054843e+03 4.292532321414910257e-05
4.084100000000054933e+03 4.132373214815743268e-05
4.085000000000055024e+03 4.115181582164950669e-05
4.085900000000055115e+03 4.232971332385204732e-05
4.086800000000055206e+03 4.482935764826834202e-05
4.087700000000055297e+03 4.750194784719496965e-05
4.088600000000055388e+03 4.865907249040901661e-05
4.089500000000055479e+03 4.794844790012575686e-05
4.090400000000055570e+03 4.650287519325502217e-05
4.091300000000055661e+03 4.507676931098103523e-05
4.092200000000055752e+03 4.402058402774855494e-05
4.093100000000055843e+03 4.447265382623299956e-05
4.094000000000055934e+03 4.492549123824574053e-05
4.094900000000056025e+03 4.271980287740007043e-05
4.095800000000056116e+03 3.954277417506091297e-05
4.096700000000056207e+03 3.809835834545083344e-05
4.097600000000056752e+03 3.811783608398400247e-05
4.098500000000056389e+03 3.805129381362348795e-05
4.099400000000056025e+03 3.642211231635883451e-05
4.100300000000056571e+03 3.229329013265669346e-05
4.101200000000057116e+03 2.817788663378451020e-05
4.102100000000056752e+03 2.824014336511027068e-05
4.103000000000056389e+03 3.204945824109017849e-05
4.103900000000056934e+03 3.590625783544965088e-05
4.104800000000057480e+03 3.875321272062137723e-05
4.105700000000057116e+03 4.129824446863494813e-05
4.106600000000056752e+03 4.286524199414998293e-05
4.107500000000057298e+03 4.301311128074303269e-05
4.108400000000057844e+03 4.236358290654607117e-05
4.109300000000057480e+03 4.141432145843282342e-05
4.110200000000057116e+03 4.069645365234464407e-05
4.111100000000057662e+03 4.064861423103138804e-05
4.112000000000058208e+03 4.137791620451025665e-05
4.112900000000057844e+03 4.297545456211082637e-05
4.113800000000057480e+03 4.455463204067200422e-05
4.114700000000058026e+03 4.537555287242867053e-05
4.115600000000058571e+03 4.611436816048808396e-05
4.116500000000058208e+03 4.654433359974063933e-05
4.117400000000057844e+03 4.511598672252148390e-05
4.118300000000058390e+03 4.208237805869430304e-05
4.119200000000058935e+03 4.075185279361903667e-05
4.120100000000058571e+03 4.215958688291721046e-05
4.121000000000058208e+03 4.330374576966278255e-05
4.121900000000058753e+03 4.280134817236103117e-05
4.122800000000059299e+03 4.220935807097703218e-05
4.123700000000058935e+03 4.306676783016882837e-05
4.124600000000058571e+03 4.474123488762415946e-05
4.125500000000059117e+03 4.504100434132851660e-05
4.126400000000059663e+03 4.372833791421726346e-05
4.127300000000059299e+03 4.218827598378993571e-05
4.128200000000058935e+03 4.153866393608041108e-05
4.129100000000059481e+03 4.187310696579515934e-05
4.130000000000060027e+03 4.205775258014909923e-05
4.130900000000059663e+03 4.077444464201107621e-05
4.131800000000059299e+03 3.814612500718794763e-05
4.132700000000059845e+03 3.680279769469052553e-05
4.133600000000060390e+03 3.760258550755679607e-05
4.134500000000060027e+03 3.972649574279785156e-05
4.135400000000059663e+03 4.303953755879774690e-05
4.136300000000060209e+03 4.514292595558799803e-05
4.137200000000060754e+03 4.515652472036890686e-05
4.138100000000060390e+03 4.553202597890049219e-05
4.139000000000060027e+03 4.651632116292603314e-05
4.139900000000060572e+03 4.690022615250200033e-05
4.140800000000061118e+03 4.609268944477662444e-05
4.141700000000060754e+03 4.286087278160266578e-05
4.142600000000060390e+03 3.766857116715982556e-05
4.143500000000060936e+03 3.465571353444829583e-05
4.144400000000061482e+03 3.675277912407182157e-05
4.145300000000061118e+03 4.110406007384881377e-05
4.146200000000060754e+03 4.362078107078559697e-05
4.147100000000061300e+03 4.413480201037600636e-05
4.148000000000061846e+03 4.373975025373511016e-05
4.148900000000061482e+03 4.243593502906151116e-05
4.149800000000061118e+03 4.118406286579556763e-05
4.150700000000061664e+03 4.121035817661322653e-05
4.151600000000062209e+03 4.156626164331100881e-05
4.152500000000061846e+03 4.142847683397121727e-05
4.153400000000061482e+03 4.062693187734112144e-05
4.154300000000062028e+03 3.965221185353584588e-05
4.155200000000062573e+03 3.950792961404658854e-05
4.156100000000062209e+03 3.941387330996803939e-05
4.157000000000061846e+03 3.973581624450162053e-05
4.157900000000062391e+03 4.155444185016676784e-05
4.158800000000062937e+03 4.364462074590846896e-05
4.159700000000062573e+03 4.451462882570922375e-05
4.160600000000062209e+03 4.424479629960842431e-05
4.161500000000062755e+03 4.476927279029041529e-05
4.162400000000063301e+03 4.658760371967218816e-05
4.163300000000062937e+03 4.720296783489175141e-05
4.164200000000062573e+03 4.614060162566602230e-05
4.165100000000063119e+03 4.510837607085704803e-05
4.166000000000063665e+03 4.386077489471063018e-05
4.166900000000063301e+03 4.176509537501260638e-05
4.167800000000062937e+03 4.115724732400849462e-05
4.168700000000063483e+03 4.313381577958352864e-05
4.169600000000064028e+03 4.477895708987489343e-05
4.170500000000063665e+03 4.380656901048496366e-05
4.171400000000063301e+03 4.021090717287734151e-05
4.172300000000063847e+03 3.628188278526067734e-05
4.173200000000064392e+03 3.526158980093896389e-05
4.174100000000064028e+03 3.722826295415870845e-05
4.175000000000063665e+03 3.959097739425487816e-05
4.175900000000064210e+03 4.059198181494139135e-05
4.176800000000064756e+03 3.995417137048207223e-05
4.177700000000064392e+03 3.906903657480143011e-05
4.178600000000064028e+03 3.987766831414774060e-05
4.179500000000064574e+03 4.184641875326633453e-05
4.180400000000065120e+03 4.255082967574708164e-05
4.181300000000064756e+03 4.121529491385444999e-05
4.182200000000064392e+03 4.002160858362913132e-05
4.183100000000064938e+03 4.061625804752111435e-05
4.184000000000065484e+03 4.257360342307947576e-05
4.184900000000065120e+03 4.478903792914934456e-05
4.185800000000064756e+03 4.455109592527151108e-05
4.186700000000065302e+03 4.105200423509813845e-05
4.187600000000065847e+03 3.872023444273509085e-05
4.188500000000065484e+03 4.055884346598759294e-05
4.189400000000065120e+03 4.353448093752376735e-05
4.190300000000065666e+03 4.407022424857132137e-05
4.191200000000066211e+03 4.308878487790934741e-05
4.192100000000065847e+03 4.407859887578524649e-05
4.193000000000065484e+03 4.668360270443372428e-05
4.193900000000066029e+03 4.692448055720888078e-05
4.194800000000066575e+03 4.397236261866055429e-05
4.195700000000066211e+03 4.079072459717281163e-05
4.196600000000065847e+03 3.925944838556461036e-05
4.197500000000066393e+03 3.810181442531757057e-05
4.198400000000066939e+03 3.709273732965812087e-05
4.199300000000066575e+03 3.814227966358885169e-05
4.200200000000066211e+03 3.981807822128757834e-05
4.201100000000066757e+03 3.929673403035849333e-05
4.202000000000067303e+03 3.825735257123596966e-05
4.202900000000066939e+03 3.944037962355650961e-05
4.203800000000066575e+03 4.141092358622699976e-05
4.204700000000067121e+03 4.249836274539120495e-05
4.205600000000067666e+03 4.361633909866213799e-05
4.206500000000067303e+03 4.499990609474480152e-05
4.207400000000066939e+03 4.618178354576230049e-05
4.208300000000067485e+03 4.655157681554555893e-05
4.209200000000068030e+03 4.548270226223394275e-05
4.210100000000067666e+03 4.431211709743365645e-05
4.211000000000067303e+03 4.489662023843266070e-05
4.211900000000067848e+03 4.644379805540665984e-05
4.212800000000068394e+03 4.679756602854467928e-05
4.213700000000068030e+03 4.502038063947111368e-05
4.214600000000067666e+03 4.138214353588409722e-05
4.215500000000068212e+03 3.853622183669358492e-05
4.216400000000068758e+03 4.024115696665830910e-05
4.217300000000068394e+03 4.482670556171797216e-05
4.218200000000068030e+03 4.768978033098392189e-05
4.219100000000068576e+03 4.827297016163356602e-05
4.220000000000069122e+03 4.874784281128086150e-05
4.220900000000068758e+03 4.939626887789927423e-05
4.221800000000068394e+03 4.834522405872121453e-05
4.222700000000068940e+03 4.548146534943953156e-05
4.223600000000069485e+03 4.209253165754489601e-05
4.224500000000069122e+03 3.799152182182297111e-05
4.225400000000068758e+03 3.233826646464876831e-05
4.226300000000069303e+03 2.713681169552728534e-05
4.227200000000069849e+03 2.778350244625471532e-05
4.228100000000069485e+03 3.512133116601034999e-05
4.229000000000069122e+03 4.256987449480220675e-05
4.229900000000069667e+03 4.638147220248356462e-05
4.230800000000070213e+03 4.813985651708208025e-05
4.231700000000069849e+03 4.766926576849073172e-05
4.232600000000069485e+03 4.473811713978648186e-05
4.233500000000070031e+03 4.276894469512626529e-05
4.234400000000070577e+03 4.291026925784535706e-05
4.235300000000070213e+03 4.199692921247333288e-05
4.236200000000069849e+03 4.057540718349628150e-05
4.237100000000070395e+03 4.127370630158111453e-05
4.238000000000070941e+03 4.245893069310113788e-05
4.238900000000070577e+03 4.242064824211411178e-05
4.239800000000070213e+03 4.279728818801231682e-05
4.240700000000070759e+03 4.498433190747164190e-05
4.241600000000071304e+03 4.681581776821985841e-05
4.242500000000070941e+03 4.673494549933820963e-05
4.243400000000070577e+03 4.749862273456528783e-05
4.244300000000071122e+03 4.985845589544624090e-05
4.245200000000071668e+03 5.040198084316216409e-05
4.246100000000071304e+03 4.799920498044230044e-05
4.247000000000070941e+03 4.491757135838270187e-05
4.247900000000071486e+03 4.323871326050721109e-05
4.248800000000072032e+03 4.230692502460442483e-05
4.249700000000071668e+03 4.039528721477836370e-05
4.250600000000071304e+03 3.962816481362096965e-05
4.251500000000071850e+03 4.247837205184623599e-05
4.252400000000072396e+03 4.546601485344581306e-05
4.253300000000072032e+03 4.452640860108658671e-05
4.254200000000071668e+03 4.143129990552552044e-05
4.255100000000072214e+03 4.095502299605868757e-05
4.256000000000072760e+03 4.429867840372025967e-05
4.256900000000072396e+03 4.770839223056100309e-05
4.257800000000072032e+03 4.707733751274645329e-05
4.258700000000072578e+03 4.313544559408910573e-05
4.259600000000073123e+03 3.894379915436729789e-05
4.260500000000072760e+03 3.688490323838777840e-05
4.261400000000072396e+03 3.933940024580806494e-05
4.262300000000072941e+03 4.488317063078284264e-05
4.263200000000073487e+03 4.912848817184567451e-05
4.264100000000073123e+03 5.046495789429172873e-05
4.265000000000072760e+03 5.085996599518693984e-05
4.265900000000073305e+03 5.110779966344125569e-05
4.266800000000073851e+03 4.960272053722292185e-05
4.267700000000073487e+03 4.686121974373236299e-05
4.268600000000073123e+03 4.495140819926746190e-05
4.269500000000073669e+03 4.306336631998419762e-05
4.270400000000074215e+03 3.896481939591467381e-05
4.271300000000073851e+03 3.429814023547805846e-05
4.272200000000073487e+03 3.389830453670583665e-05
4.273100000000074033e+03 3.688751894515007734e-05
4.274000000000074579e+03 3.804214429692365229e-05
4.274900000000074215e+03 3.833371374639682472e-05
4.275800000000073851e+03 4.140908640692941844e-05
4.276700000000074397e+03 4.583400732371956110e-05
4.277600000000074942e+03 4.877344326814636588e-05
4.278500000000074579e+03 4.918688864563591778e-05
4.279400000000074215e+03 4.664021616918034852e-05
4.280300000000074760e+03 4.374407944851554930e-05
4.281200000000075306e+03 4.348409856902435422e-05
4.282100000000074942e+03 4.442780482349917293e-05
4.283000000000074579e+03 4.526805787463672459e-05
4.283900000000075124e+03 4.570995952235534787e-05
4.284800000000075670e+03 4.431659544934518635e-05
4.285700000000075306e+03 4.246785465511493385e-05
4.286600000000074942e+03 4.243955117999576032e-05
4.287500000000075488e+03 4.284060196368955076e-05
4.288400000000076034e+03 4.063031883561052382e-05
4.289300000000075670e+03 3.645000469987280667e-05
4.290200000000075306e+03 3.469938019406981766e-05
4.291100000000075852e+03 3.724388443515636027e-05
4.292000000000076398e+03 4.173949491814710200e-05
4.292900000000076034e+03 4.464923404157161713e-05
4.293800000000075670e+03 4.401288606459274888e-05
4.294700000000076216e+03 4.254041414242237806e-05
4.295600000000076761e+03 4.249238190823234618e-05
4.296500000000076398e+03 4.189284663880243897e-05
4.297400000000076034e+03 3.962111804867163301e-05
4.298300000000076579e+03 3.574450238374993205e-05
4.299200000000077125e+03 3.129536344204097986e-05
4.300100000000076761e+03 2.973600385303143412e-05
4.301000000000076398e+03 3.152111821691505611e-05
4.301900000000076943e+03 3.296691647847183049e-05
4.302800000000077489e+03 3.323046621517278254e-05
4.303700000000077125e+03 3.424097303650341928e-05
4.304600000000076761e+03 3.501988248899579048e-05
4.305500000000077307e+03 3.432315497775562108e-05
4.306400000000077853e+03 3.277220457675866783e-05
4.307300000000077489e+03 3.019878022314514965e-05
4.308200000000077125e+03 2.807539931382052600e-05
4.309100000000077671e+03 2.886264155677054077e-05
4.310000000000078217e+03 3.179193663527257740e-05
4.310900000000077853e+03 3.487668800516985357e-05
4.311800000000077489e+03 3.734531492227688432e-05
4.312700000000078035e+03 3.942408147850073874e-05
4.313600000000078580e+03 4.095388067071326077e-05
4.314500000000078217e+03 4.278245978639461100e-05
4.315400000000077853e+03 4.752483073389157653e-05
4.316300000000078398e+03 5.338721166481263936e-05
4.317200000000078944e+03 5.582551602856256068e-05
4.318100000000078580e+03 5.501271516550332308e-05
4.319000000000078217e+03 5.357858753995969892e-05
4.319900000000078762e+03 5.203478212933987379e-05
4.320800000000079308e+03 5.035451977164484560e-05
4.321700000000078944e+03 4.947198976879008114e-05
4.322600000000078580e+03 4.739426003652624786e-05
4.323500000000079126e+03 4.230878403177484870e-05
4.324400000000079672e+03 3.635216489783488214e-05
4.325300000000079308e+03 3.250677400501444936e-05
4.326200000000078944e+03 3.415245373616926372e-05
4.327100000000079490e+03 4.138027361477725208e-05
4.328000000000080036e+03 4.899566556559875607e-05
4.328900000000079672e+03 5.239705933490768075e-05
4.329800000000079308e+03 5.132348815095610917e-05
4.330700000000079854e+03 4.942083978676237166e-05
4.331600000000080399e+03 4.961790546076372266e-05
4.332500000000080036e+03 5.074075306765735149e-05
4.333400000000079672e+03 5.136182153364643455e-05
4.334300000000080217e+03 5.214589327806606889e-05
4.335200000000080763e+03 5.265579966362565756e-05
4.336100000000080399e+03 4.996662755729630589e-05
4.337000000000080036e+03 4.358446676633320749e-05
4.337900000000080581e+03 3.787118475884199142e-05
4.338800000000081127e+03 3.449908763286657631e-05
4.339700000000080763e+03 3.140819535474292934e-05
4.340600000000080399e+03 3.066501085413619876e-05
4.341500000000080945e+03 3.513506089802831411e-05
4.342400000000081491e+03 4.089117646799422801e-05
4.343300000000081127e+03 4.319753861636854708e-05
4.344200000000080763e+03 4.425102815730497241e-05
4.345100000000081309e+03 4.685888416133821011e-05
4.346000000000081855e+03 4.868403266300447285e-05
4.346900000000081491e+03 4.870805423706769943e-05
4.347800000000081127e+03 4.981322126695886254e-05
4.348700000000081673e+03 5.263314960757270455e-05
4.349600000000082218e+03 5.316918759490363300e-05
4.350500000000081855e+03 4.819092646357603371e-05
4.351400000000081491e+03 4.136988718528300524e-05
4.352300000000082036e+03 3.960315734730102122e-05
4.353200000000082582e+03 4.334195546107366681e-05
4.354100000000082218e+03 4.696144605986773968e-05
4.355000000000081855e+03 4.833005368709564209e-05
4.355900000000082400e+03 4.986305430065840483e-05
4.356800000000082946e+03 5.176130071049556136e-05
4.357700000000082582e+03 5.128371776663698256e-05
4.358600000000082218e+03 4.836797961615957320e-05
4.359500000000082764e+03 4.705054016085341573e-05
4.360400000000083310e+03 4.944125248584896326e-05
4.361300000000082946e+03 5.275776857160963118e-05
4.362200000000082582e+03 5.368332131183706224e-05
4.363100000000083128e+03 5.321789649315178394e-05
4.364000000000083674e+03 5.439267624751664698e-05
4.364900000000083310e+03 5.635244451696053147e-05
4.365800000000082946e+03 5.566318941419012845e-05
4.366700000000083492e+03 5.194648110773414373e-05
4.367600000000084037e+03 4.863240974373184144e-05
4.368500000000083674e+03 4.833492857869714499e-05
4.369400000000083310e+03 4.941815495840273798e-05
4.370300000000083855e+03 4.987469947081990540e-05
4.371200000000084401e+03 5.034850619267672300e-05
4.372100000000084037e+03 5.064597644377499819e-05
4.373000000000083674e+03 4.880991400568746030e-05
4.373900000000084219e+03 4.497172631090506911e-05
4.374800000000084765e+03 4.225763404974713922e-05
4.375700000000084401e+03 4.339184306445531547e-05
4.376600000000084037e+03 4.767233622260391712e-05
4.377500000000084583e+03 5.160075670573860407e-05
4.378400000000085129e+03 5.279283868730999529e-05
4.379300000000084765e+03 5.167198833078145981e-05
4.380200000000084401e+03 5.021371543989516795e-05
4.381100000000084947e+03 4.872009230894036591e-05
4.382000000000085493e+03 4.410247129271738231e-05
4.382900000000085129e+03 3.575685695977881551e-05
4.383800000000084765e+03 3.010126238223165274e-05
4.384700000000085311e+03 3.241816739318892360e-05
4.385600000000085856e+03 3.996319355792365968e-05
4.386500000000085493e+03 4.593701305566355586e-05
4.387400000000085129e+03 4.725426333607174456e-05
4.388300000000085674e+03 4.647884998121298850e-05
4.389200000000086220e+03 4.568202712107449770e-05
4.390100000000085856e+03 4.503844320424832404e-05
4.391000000000085493e+03 4.549052027869038284e-05
4.391900000000086038e+03 4.735585753223858774e-05
4.392800000000086584e+03 4.872801582678221166e-05
4.393700000000086220e+03 4.786797580891288817e-05
4.394600000000085856e+03 4.610808900906704366e-05
4.395500000000086402e+03 4.688209082814864814e-05
4.396400000000086948e+03 5.094076186651363969e-05
4.397300000000086584e+03 5.419448280008509755e-05
4.398200000000086220e+03 5.387278361013159156e-05
4.399100000000086766e+03 5.086146120447665453e-05
4.400000000000087311e+03 4.707374682766385376e-05
4.400900000000086948e+03 4.598264786181971431e-05
4.401800000000086584e+03 4.894725498161278665e-05
4.402700000000087130e+03 5.038817107561044395e-05
4.403600000000087675e+03 4.556749991024844348e-05
4.404500000000087311e+03 3.954523708671331406e-05
4.405400000000086948e+03 3.974630817538127303e-05
4.406300000000087493e+03 4.410169640323147178e-05
4.407200000000088039e+03 4.576318315230309963e-05
4.408100000000087675e+03 4.494706445257179439e-05
4.409000000000087311e+03 4.648631875170394778e-05
4.409900000000087857e+03 5.051995685789734125e-05
4.410800000000088403e+03 5.362981028156355023e-05
4.411700000000088039e+03 5.518055331776849926e-05
4.412600000000087675e+03 5.573073576670140028e-05
4.413500000000088221e+03 5.323466393747366965e-05
4.414400000000088767e+03 4.732865636469796300e-05
4.415300000000088403e+03 4.353519034339115024e-05
4.416200000000088039e+03 4.519276990322396159e-05
4.417100000000088585e+03 4.863484718953259289e-05
4.418000000000089130e+03 5.149243224877864122e-05
4.418900000000088767e+03 5.436488936538808048e-05
4.419800000000088403e+03 5.606271588476374745e-05
4.420700000000088949e+03 5.491298361448571086e-05
4.421600000000089494e+03 5.139688073541037738e-05
4.422500000000089130e+03 4.852785059483721852e-05
4.423400000000088767e+03 4.886036185780540109e-05
4.424300000000089312e+03 5.073405191069468856e-05
4.425200000000089858e+03 5.133649028721265495e-05
4.426100000000089494e+03 5.099882764625363052e-05
4.427000000000089130e+03 5.118159606354311109e-05
4.427900000000089676e+03 5.240872269496321678e-05
4.428800000000090222e+03 5.286550731398165226e-05
4.429700000000089858e+03 5.061258707428351045e-05
4.430600000000089494e+03 4.887165050604380667e-05
4.431500000000090040e+03 5.044559293310157955e-05
4.432400000000090586e+03 5.186663838685490191e-05
4.433300000000090222e+03 5.004999184166081250e-05
4.434200000000089858e+03 4.637768142856657505e-05
4.435100000000090404e+03 4.408351742313243449e-05
4.436000000000090949e+03 4.574013655656017363e-05
4.436900000000090586e+03 5.032969056628644466e-05
4.437800000000090222e+03 5.455743666971102357e-05
4.438700000000090768e+03 5.688852979801595211e-05
4.439600000000091313e+03 5.657855581375770271e-05
4.440500000000090949e+03 5.352078733267262578e-05
4.441400000000090586e+03 4.946153421769849956e-05
4.442300000000091131e+03 4.652912684832699597e-05
4.443200000000091677e+03 4.629276736523024738e-05
4.444100000000091313e+03 4.930830618832260370e-05
4.445000000000090949e+03 5.382892777561210096e-05
4.445900000000091495e+03 5.612469612970016897e-05
4.446800000000092041e+03 5.508443791768513620e-05
4.447700000000091677e+03 5.432567922980524600e-05
4.448600000000091313e+03 5.510200571734458208e-05
4.449500000000091859e+03 5.456813232740387321e-05
4.450400000000092405e+03 5.318822513800114393e-05
4.451300000000092041e+03 5.340259667718783021e-05
4.452200000000091677e+03 5.388224235503003001e-05
4.453100000000092223e+03 5.214701377553865314e-05
4.454000000000092768e+03 4.818746310775168240e-05
4.454900000000092405e+03 4.460968921193853021e-05
4.455800000000092041e+03 4.441863711690530181e-05
4.456700000000092587e+03 4.643923602998256683e-05
4.457600000000093132e+03 4.727155101136304438e-05
4.458500000000092768e+03 4.654605800169520080e-05
4.459400000000092405e+03 4.618545062839984894e-05
4.460300000000092950e+03 4.595967402565293014e-05
4.461200000000093496e+03 4.459988122107461095e-05
4.462100000000093132e+03 4.488400008995085955e-05
4.463000000000092768e+03 4.873098805546760559e-05
4.463900000000093314e+03 5.196865458856336772e-05
4.464800000000093860e+03 5.201482417760416865e-05
4.465700000000093496e+03 5.128384509589523077e-05
4.466600000000093132e+03 5.135626270202919841e-05
4.467500000000093678e+03 5.150596552994102240e-05
4.468400000000094224e+03 5.040561518399044871e-05
4.469300000000093860e+03 4.902895307168364525e-05
4.470200000000093496e+03 4.959208308719098568e-05
4.471100000000094042e+03 5.166381379240192473e-05
4.472000000000094587e+03 5.383831376093439758e-05
4.472900000000094224e+03 5.576125477091409266e-05
4.473800000000093860e+03 5.693080311175435781e-05
4.474700000000094406e+03 5.657698420691303909e-05
4.475600000000094951e+03 5.606728518614545465e-05
4.476500000000094587e+03 5.743322253692895174e-05
4.477400000000094224e+03 5.944359145360067487e-05
4.478300000000094769e+03 5.895142021472565830e-05
4.479200000000095315e+03 5.517421232070773840e-05
4.480100000000094951e+03 5.030813554185442626e-05
4.481000000000094587e+03 4.715143950306810439e-05
4.481900000000095133e+03 4.711910514743067324e-05
4.482800000000095679e+03 5.037439041188918054e-05
4.483700000000095315e+03 5.471591430250555277e-05
4.484600000000094951e+03 5.766550384578295052e-05
4.485500000000095497e+03 5.914352004765532911e-05
4.486400000000096043e+03 5.923448770772665739e-05
4.487300000000095679e+03 5.724174479837529361e-05
4.488200000000095315e+03 5.358602356864139438e-05
4.489100000000095861e+03 5.036680158809758723e-05
4.490000000000096406e+03 4.971264934283681214e-05
4.490900000000096043e+03 5.191810123506002128e-05
4.491800000000095679e+03 5.493282515089958906e-05
4.492700000000096225e+03 5.588183557847514749e-05
4.493600000000096770e+03 5.339374911272898316e-05
4.494500000000096406e+03 5.012852489016950130e-05
4.495400000000096043e+03 4.941131555824540555e-05
4.496300000000096588e+03 5.093054278404451907e-05
4.497200000000097134e+03 5.360020077205263078e-05
4.498100000000096770e+03 5.627328937407582998e-05
4.499000000000096406e+03 5.760407657362520695e-05
4.499900000000096952e+03 5.709707693313248456e-05
4.500800000000097498e+03 5.489830800797790289e-05
4.501700000000097134e+03 5.415740452008321881e-05
4.502600000000096770e+03 5.729099575546570122e-05
4.503500000000097316e+03 6.119439058238640428e-05
4.504400000000097862e+03 6.245568511076271534e-05
4.505300000000097498e+03 6.163712532725185156e-05
4.506200000000097134e+03 6.015333929099142551e-05
4.507100000000097680e+03 5.868046719115227461e-05
4.508000000000098225e+03 5.796874756924808025e-05
4.508900000000097862e+03 5.846539352205581963e-05
4.509800000000097498e+03 5.974448868073523045e-05
4.510700000000098044e+03 6.035490878275595605e-05
4.511600000000098589e+03 5.916718509979546070e-05
4.512500000000098225e+03 5.703822534997016191e-05
4.513400000000097862e+03 5.530572161660529673e-05
4.514300000000098407e+03 5.444805356091819704e-05
4.515200000000098953e+03 5.496412632055580616e-05
4.516100000000098589e+03 5.606040576822124422e-05
4.517000000000098225e+03 5.568039341596886516e-05
4.517900000000098771e+03 5.463506386149674654e-05
4.518800000000099317e+03 5.545083695324137807e-05
4.519700000000098953e+03 5.748880357714369893e-05
4.520600000000098589e+03 5.905335638090036809e-05
4.521500000000099135e+03 5.872491237823851407e-05
4.522400000000099681e+03 5.618776049232110381e-05
4.523300000000099317e+03 5.464768037199974060e-05
4.524200000000098953e+03 5.459957901621237397e-05
4.525100000000099499e+03 5.322671495378017426e-05
4.526000000000100044e+03 5.059409159002825618e-05
4.526900000000099681e+03 4.826346048503182828e-05
4.527800000000099317e+03 4.666876702685840428e-05
4.528700000000099863e+03 4.610399264493025839e-05
4.529600000000100408e+03 4.708241249318234622e-05
4.530500000000100044e+03 4.857283056480810046e-05
4.531400000000099681e+03 5.042245538788847625e-05
4.532300000000100226e+03 5.201669409871101379e-05
4.533200000000100772e+03 5.093935760669410229e-05
4.534100000000100408e+03 4.827448719879612327e-05
4.535000000000100044e+03 4.698070915765129030e-05
4.535900000000100590e+03 4.942805026075802743e-05
4.536800000000101136e+03 5.521050115930847824e-05
4.537700000000100772e+03 5.909526589675806463e-05
4.538600000000100408e+03 5.848334330949001014e-05
4.539500000000100954e+03 5.585125472862273455e-05
4.540400000000101500e+03 5.359115311875939369e-05
4.541300000000101136e+03 5.326746031641960144e-05
4.542200000000100772e+03 5.512042844202369452e-05
4.543100000000101318e+03 5.664359559887088835e-05
4.544000000000101863e+03 5.552319635171443224e-05
4.544900000000101500e+03 5.344344754121266305e-05
4.545800000000101136e+03 5.319543561199679971e-05
4.546700000000101682e+03 5.413950930233113468e-05
4.547600000000102227e+03 5.415318810264579952e-05
4.548500000000101863e+03 5.223061089054681361e-05
4.549400000000101500e+03 5.031671389588154852e-05
4.550300000000102045e+03 5.162283196114003658e-05
4.551200000000102591e+03 5.408640936366282403e-05
4.552100000000102227e+03 5.416146086645312607e-05
4.553000000000101863e+03 5.282587881083600223e-05
4.553900000000102409e+03 5.149604112375527620e-05
4.554800000000102955e+03 5.076520756119862199e-05
4.555700000000102591e+03 5.194730692892335355e-05
4.556600000000102227e+03 5.508320464286953211e-05
4.557500000000102773e+03 5.789502756670117378e-05
4.558400000000103319e+03 5.889004751225002110e-05
4.559300000000102955e+03 5.883730773348361254e-05
4.560200000000102591e+03 5.861261161044239998e-05
4.561100000000103137e+03 5.902781049371697009e-05
4.562000000000103682e+03 5.921382398810237646e-05
4.562900000000103319e+03 5.720287299482151866e-05
4.563800000000102955e+03 5.384124597185291350e-05
4.564700000000103500e+03 5.173819954507052898e-05
4.565600000000104046e+03 5.233596311882138252e-05
4.566500000000103682e+03 5.551616413868032396e-05
4.567400000000103319e+03 5.883392077521421015e-05
4.568300000000103864e+03 5.986196265439502895e-05
4.569200000000104410e+03 5.927551319473423064e-05
4.570100000000104046e+03 5.755095116910524666e-05
4.571000000000103682e+03 5.443141344585455954e-05
4.571900000000104228e+03 5.343222073861397803e-05
4.572800000000104774e+03 5.657591827912256122e-05
4.573700000000104410e+03 5.928703467361629009e-05
4.574600000000104046e+03 5.886147482669912279e-05
4.575500000000104592e+03 5.803981548524461687e-05
4.576400000000105138e+03 5.827962741022929549e-05
4.577300000000104774e+03 5.831299858982674778e-05
4.578200000000104410e+03 5.696986772818490863e-05
4.579100000000104956e+03 5.428415533970110118e-05
4.580000000000105501e+03 5.172703095013275743e-05
4.580900000000105138e+03 5.114665327710099518e-05
4.581800000000104774e+03 5.264448918751440942e-05
4.582700000000105319e+03 5.396921915234997869e-05
4.583600000000105865e+03 5.376342232921160758e-05
4.584500000000105501e+03 5.310189953888766468e-05
4.585400000000105138e+03 5.257146767689846456e-05
4.586300000000105683e+03 5.292957575875334442e-05
4.587200000000106229e+03 5.513736323337070644e-05
4.588100000000105865e+03 5.780957872048020363e-05
4.589000000000105501e+03 5.921687625232152641e-05
4.589900000000106047e+03 5.867216532351449132e-05
4.590800000000106593e+03 5.647927537211216986e-05
4.591700000000106229e+03 5.421229070634581149e-05
4.592600000000105865e+03 5.358578710001893342e-05
4.593500000000106411e+03 5.413848703028634191e-05
4.594400000000106957e+03 5.397368659032508731e-05
4.595300000000106593e+03 5.323737059370614588e-05
4.596200000000106229e+03 5.324063749867491424e-05
4.597100000000106775e+03 5.367489211494103074e-05
4.598000000000107320e+03 5.436374704004265368e-05
4.598900000000106957e+03 5.520158447325229645e-05
4.599800000000106593e+03 5.444750058813951910e-05
4.600700000000107138e+03 5.332678847480565310e-05
4.601600000000107684e+03 5.413828694145195186e-05
4.602500000000107320e+03 5.527536995941773057e-05
4.603400000000106957e+03 5.541293649002909660e-05
4.604300000000107502e+03 5.477270678966306150e-05
4.605200000000108048e+03 5.400940426625311375e-05
4.606100000000107684e+03 5.466541188070550561e-05
4.607000000000107320e+03 5.697603774024173617e-05
4.607900000000107866e+03 5.996991239953786135e-05
4.608800000000108412e+03 6.209603452589362860e-05
4.609700000000108048e+03 6.179876800160855055e-05
4.610600000000107684e+03 5.968651748844422400e-05
4.611500000000108230e+03 5.785344910691492260e-05
4.612400000000108776e+03 5.694749052054248750e-05
4.613300000000108412e+03 5.666461584041826427e-05
4.614200000000108048e+03 5.785103712696582079e-05
4.615100000000108594e+03 5.921201955061405897e-05
4.616000000000109139e+03 5.917763337492942810e-05
4.616900000000108776e+03 5.931614578003063798e-05
4.617800000000108412e+03 5.943628275417722762e-05
4.618700000000108957e+03 5.804353713756427169e-05
4.619600000000109503e+03 5.728616451960988343e-05
4.620500000000109139e+03 5.886746657779440284e-05
4.621400000000108776e+03 6.003661474096588790e-05
4.622300000000109321e+03 5.942585266893729568e-05
4.623200000000109867e+03 5.917574890190735459e-05
4.624100000000109503e+03 5.940820119576528668e-05
4.625000000000109139e+03 5.855994095327332616e-05
4.625900000000109685e+03 5.765571404481306672e-05
4.626800000000110231e+03 5.820934165967628360e-05
4.627700000000109867e+03 5.903569763177074492e-05
4.628600000000109503e+03 5.829952715430408716e-05
4.629500000000110049e+03 5.733319994760677218e-05
4.630400000000110595e+03 5.847205466125160456e-05
4.631300000000110231e+03 6.011909499648027122e-05
4.632200000000109867e+03 5.923811113461852074e-05
4.633100000000110413e+03 5.685238284058868885e-05
4.634000000000110958e+03 5.590753062278963625e-05
4.634900000000110595e+03 5.645539931720122695e-05
4.635800000000110231e+03 5.682661867467686534e-05
4.636700000000110776e+03 5.592557499767281115e-05
4.637600000000111322e+03 5.443836562335491180e-05
4.638500000000110958e+03 5.375422188080847263e-05
4.639400000000110595e+03 5.338692790246568620e-05
4.640300000000111140e+03 5.383612369769252837e-05
4.641200000000111686e+03 5.590406362898647785e-05
4.642100000000111322e+03 5.735850936616770923e-05
4.643000000000110958e+03 5.660261012963019311e-05
4.643900000000111504e+03 5.517447425518184900e-05
4.644800000000112050e+03 5.375163527787663043e-05
4.645700000000111686e+03 5.129106648382730782e-05
4.646600000000111322e+03 4.894975791103206575e-05
4.647500000000111868e+03 4.873161742580123246e-05
4.648400000000112414e+03 5.045107536716386676e-05
4.649300000000112050e+03 5.294145012157969177e-05
4.650200000000111686e+03 5.521784623851999640e-05
4.651100000000112232e+03 5.658576992573216558e-05
4.652000000000112777e+03 5.746824535890482366e-05
4.652900000000112414e+03 5.776647230959497392e-05
4.653800000000112050e+03 5.610323933069594204e-05
4.654700000000112595e+03 5.369939754018560052e-05
4.655600000000113141e+03 5.277500895317643881e-05
4.656500000000112777e+03 5.339641938917338848e-05
4.657400000000112414e+03 5.577224510489031672e-05
4.658300000000112959e+03 5.925006553297862411e-05
4.659200000000113505e+03 6.179111369419842958e-05
4.660100000000113141e+03 6.207604747032746673e-05
4.661000000000112777e+03 6.028448842698708177e-05
4.661900000000113323e+03 5.763998342445120215e-05
4.662800000000113869e+03 5.543138468055985868e-05
4.663700000000113505e+03 5.470441101351752877e-05
4.664600000000113141e+03 5.490224430104717612e-05
4.665500000000113687e+03 5.309656989993527532e-05
4.666400000000114233e+03 4.850148980040103197e-05
4.667300000000113869e+03 4.492190055316314101e-05
4.668200000000113505e+03 4.585114584187977016e-05
4.669100000000114051e+03 4.993412949261255562e-05
4.670000000000114596e+03 5.391889862949028611e-05
4.670900000000114233e+03 5.631827662000432611e-05
4.671800000000113869e+03 5.663346018991433084e-05
4.672700000000114414e+03 5.550426431000232697e-05
4.673600000000114960e+03 5.465156937134452164e-05
4.674500000000114596e+03 5.508458343683741987e-05
4.675400000000114233e+03 5.694754145224578679e-05
4.676300000000114778e+03 5.874713315279223025e-05
4.677200000000115324e+03 5.824809704790823162e-05
4.678100000000114960e+03 5.584988321061246097e-05
4.679000000000114596e+03 5.385545227909460664e-05
4.679900000000115142e+03 5.295155642670579255e-05
4.680800000000115688e+03 5.249397509032860398e-05
4.681700000000115324e+03 5.283142672851681709e-05
4.682600000000114960e+03 5.456662984215654433e-05
4.683500000000115506e+03 5.649324521073140204e-05
4.684400000000116052e+03 5.693556886399164796e-05
4.685300000000115688e+03 5.666540528181940317e-05
4.686200000000115324e+03 5.643538679578341544e-05
4.687100000000115870e+03 5.573024100158363581e-05
4.688000000000116415e+03 5.507586320163682103e-05
4.688900000000116052e+03 5.528061956283636391e-05
4.689800000000115688e+03 5.540829079109244049e-05
4.690700000000116233e+03 5.461347245727665722e-05
4.691600000000116779e+03 5.408695869846269488e-05
4.692500000000116415e+03 5.462784611154347658e-05
4.693400000000116052e+03 5.550910282181575894e-05
4.694300000000116597e+03 5.663319461746141315e-05
4.695200000000117143e+03 5.810246148030273616e-05
4.696100000000116779e+03 5.888313899049535394e-05
4.697000000000116415e+03 5.753190998802892864e-05
4.697900000000116961e+03 5.435282582766376436e-05
4.698800000000117507e+03 5.205730849411338568e-05
4.699700000000117143e+03 5.237671939539723098e-05
4.700600000000116779e+03 5.319836418493650854e-05
4.701500000000117325e+03 5.264041101327165961e-05
4.702400000000117871e+03 5.125136885908432305e-05
4.703300000000117507e+03 5.107532342663034797e-05
4.704200000000117143e+03 5.311130371410399675e-05
4.705100000000117689e+03 5.507712194230407476e-05
4.706000000000118234e+03 5.500071347341872752e-05
4.706900000000117871e+03 5.335655805538408458e-05
4.707800000000117507e+03 5.193790275370702147e-05
4.708700000000118052e+03 5.157774648978374898e-05
4.709600000000118598e+03 5.247633453109301627e-05
4.710500000000118234e+03 5.498340397025458515e-05
4.711400000000117871e+03 5.712050551665015519e-05
4.712300000000118416e+03 5.693105777027085423e-05
4.713200000000118962e+03 5.504347427631728351e-05
4.714100000000118598e+03 5.293138019624166191e-05
4.715000000000118234e+03 5.306514503899961710e-05
4.715900000000118780e+03 5.587382111116312444e-05
4.716800000000119326e+03 5.834715921082533896e-05
4.717700000000118962e+03 5.911123298574239016e-05
4.718600000000118598e+03 5.980894275126047432e-05
4.719500000000119144e+03 6.088769077905453742e-05
4.720400000000119690e+03 6.109391688369214535e-05
4.721300000000119326e+03 6.006748299114406109e-05
4.722200000000118962e+03 5.881183824385516346e-05
4.723100000000119508e+03 5.881666220375336707e-05
4.724000000000120053e+03 6.027930794516578317e-05
4.724900000000119690e+03 6.151914567453786731e-05
4.725800000000119326e+03 6.057185964891687036e-05
4.726700000000119871e+03 5.682872506440617144e-05
4.727600000000120417e+03 5.266596417641267180e-05
4.728500000000120053e+03 5.097393295727670193e-05
4.729400000000119690e+03 5.135903120390139520e-05
4.730300000000120235e+03 5.217008219915442169e-05
4.731200000000120781e+03 5.330600106390193105e-05
4.732100000000120417e+03 5.505759691004641354e-05
4.733000000000120053e+03 5.629149382002651691e-05
4.733900000000120599e+03 5.690602847607806325e-05
4.734800000000121145e+03 5.759503619628958404e-05
4.735700000000120781e+03 5.674209751305170357e-05
4.736600000000120417e+03 5.488114038598723710e-05
4.737500000000120963e+03 5.568773485720157623e-05
4.738400000000121508e+03 5.848215005244128406e-05
4.739300000000121145e+03 5.917615271755494177e-05
4.740200000000120781e+03 5.762672299169935286e-05
4.741100000000121327e+03 5.660725219058804214e-05
4.742000000000121872e+03 5.735841477871872485e-05
4.742900000000121508e+03 5.873243208043277264e-05
4.743800000000121145e+03 5.893128036404959857e-05
4.744700000000121690e+03 5.800903090857900679e-05
4.745600000000122236e+03 5.815361146233044565e-05
4.746500000000121872e+03 5.956436507403850555e-05
4.747400000000121508e+03 6.003577436786144972e-05
4.748300000000122054e+03 5.949389014858752489e-05
4.749200000000122600e+03 5.944588701822794974e-05
4.750100000000122236e+03 5.979270281386561692e-05
4.751000000000121872e+03 5.929289181949570775e-05
4.751900000000122418e+03 5.790610885014757514e-05
4.752800000000122964e+03 5.686078293365426362e-05
4.753700000000122600e+03 5.618448267341591418e-05
4.754600000000122236e+03 5.576749390456825495e-05
4.755500000000122782e+03 5.574064925895072520e-05
4.756400000000123327e+03 5.594352478510700166e-05
4.757300000000122964e+03 5.655082350131124258e-05
4.758200000000122600e+03 5.742847133660688996e-05
4.759100000000123146e+03 5.850452362210489810e-05
4.760000000000123691e+03 5.903448618482798338e-05
4.760900000000123327e+03 5.754743688157759607e-05
4.761800000000122964e+03 5.488032184075564146e-05
4.762700000000123509e+03 5.357629925129003823e-05
4.763600000000124055e+03 5.351064100977964699e-05
4.764500000000123691e+03 5.272799899103119969e-05
4.765400000000123327e+03 5.133829108672216535e-05
4.766300000000123873e+03 5.124080416862852871e-05
4.767200000000124419e+03 5.308342952048406005e-05
4.768100000000124055e+03 5.547610635403543711e-05
4.769000000000123691e+03 5.771026189904659986e-05
4.769900000000124237e+03 5.879498712602071464e-05
4.770800000000124783e+03 5.752229117206297815e-05
4.771700000000124419e+03 5.571568544837646186e-05
4.772600000000124055e+03 5.592497473116964102e-05
4.773500000000124601e+03 5.816245538881048560e-05
4.774400000000125146e+03 6.029007636243477464e-05
4.775300000000124783e+03 6.031673183315433562e-05
4.776200000000124419e+03 5.964763840893283486e-05
4.777100000000124965e+03 6.029212818248197436e-05
4.778000000000125510e+03 6.090431270422413945e-05
4.778900000000125146e+03 6.016330371494404972e-05
4.779800000000124783e+03 5.929504550294950604e-05
4.780700000000125328e+03 5.919967588852159679e-05
4.781600000000125874e+03 5.865933053428307176e-05
4.782500000000125510e+03 5.681671245838515460e-05
4.783400000000125146e+03 5.555223469855263829e-05
4.784300000000125692e+03 5.651715036947280169e-05
4.785200000000126238e+03 5.703507122234441340e-05
4.786100000000125874e+03 5.551391586777754128e-05
4.787000000000125510e+03 5.507753303390927613e-05
4.787900000000126056e+03 5.613924076897092164e-05
4.788800000000126602e+03 5.604002217296510935e-05
4.789700000000126238e+03 5.556679752771742642e-05
4.790600000000125874e+03 5.622462049359455705e-05
4.791500000000126420e+03 5.722214700654149055e-05
4.792400000000126965e+03 5.845882333233021200e-05
4.793300000000126602e+03 6.055427365936338902e-05
4.794200000000126238e+03 6.262231181608512998e-05
4.795100000000126784e+03 6.317917723208665848e-05
4.796000000000127329e+03 6.217277405085042119e-05
4.796900000000126965e+03 6.058539656805805862e-05
4.797800000000126602e+03 5.868606604053638875e-05
4.798700000000127147e+03 5.677082663169130683e-05
4.799600000000127693e+03 5.590365617536008358e-05
4.800500000000127329e+03 5.687226803274825215e-05
4.801400000000126965e+03 5.925005098106339574e-05
4.802300000000127511e+03 6.119279714766889811e-05
4.803200000000128057e+03 6.135231524240225554e-05
4.804100000000127693e+03 5.971008795313537121e-05
4.805000000000127329e+03 5.781049912911839783e-05
4.805900000000127875e+03 5.725328810513019562e-05
4.806800000000128421e+03 5.687038719770498574e-05
4.807700000000128057e+03 5.601832526735961437e-05
4.808600000000127693e+03 5.621114542009308934e-05
4.809500000000128239e+03 5.757611870649270713e-05
4.810400000000128784e+03 5.861691170139238238e-05
4.811300000000128421e+03 5.881461765966378152e-05
4.812200000000128057e+03 5.865015555173158646e-05
4.813100000000128603e+03 5.852583853993564844e-05
4.814000000000129148e+03 5.873028567293658853e-05
4.814900000000128784e+03 5.923293792875483632e-05
4.815800000000128421e+03 5.998573396936990321e-05
4.816700000000128966e+03 6.076035060686990619e-05
4.817600000000129512e+03 6.119925819803029299e-05
4.818500000000129148e+03 6.173687143018469214e-05
4.819400000000128784e+03 6.219207716640084982e-05
4.820300000000129330e+03 6.183108052937313914e-05
4.821200000000129876e+03 6.095984281273558736e-05
4.822100000000129512e+03 5.897774462937377393e-05
4.823000000000129148e+03 5.573574890149757266e-05
4.823900000000129694e+03 5.441236498882062733e-05
4.824800000000130240e+03 5.651510582538321614e-05
4.825700000000129876e+03 5.911968764849007130e-05
4.826600000000129512e+03 5.980830610496923327e-05
4.827500000000130058e+03 5.880558092030696571e-05
4.828400000000130603e+03 5.760213389294221997e-05
4.829300000000130240e+03 5.753147706855088472e-05
4.830200000000129876e+03 5.800011422252282500e-05
4.831100000000130422e+03 5.694509673048742115e-05
4.832000000000130967e+03 5.554689778364263475e-05
4.832900000000130603e+03 5.626678830594755709e-05
4.833800000000130240e+03 5.816925477120094001e-05
4.834700000000130785e+03 5.910016261623241007e-05
4.835600000000131331e+03 5.879499803995713592e-05
4.836500000000130967e+03 5.861168756382539868e-05
4.837400000000130603e+03 5.861604586243629456e-05
4.838300000000131149e+03 5.738631080021150410e-05
4.839200000000131695e+03 5.546139072976075113e-05
4.840100000000131331e+03 5.478599268826656044e-05
4.841000000000130967e+03 5.578672426054254174e-05
4.841900000000131513e+03 5.643401527777314186e-05
4.842800000000132059e+03 5.562451042351312935e-05
4.843700000000131695e+03 5.560247882385738194e-05
4.844600000000131331e+03 5.754293670179322362e-05
4.845500000000131877e+03 5.936697198194451630e-05
4.846400000000132422e+03 5.937893001828342676e-05
4.847300000000132059e+03 5.755681195296347141e-05
4.848200000000131695e+03 5.526553650270216167e-05
4.849100000000132241e+03 5.497003076015971601e-05
4.850000000000132786e+03 5.676642467733472586e-05
4.850900000000132422e+03 5.775495083071291447e-05
4.851800000000132059e+03 5.731578130507841706e-05
4.852700000000132604e+03 5.686284930561669171e-05
4.853600000000133150e+03 5.544077066588215530e-05
4.854500000000132786e+03 5.209201481193304062e-05
4.855400000000132422e+03 4.945455657434649765e-05
4.856300000000132968e+03 5.022237019147723913e-05
4.857200000000133514e+03 5.214756674831733108e-05
4.858100000000133150e+03 5.163326932233758271e-05
4.859000000000132786e+03 4.791556057170964777e-05
4.859900000000133332e+03 4.189565152046270669e-05
4.860800000000133878e+03 3.641883813543245196e-05
4.861700000000133514e+03 3.642265437520109117e-05
4.862600000000133150e+03 4.192634878563694656e-05
4.863500000000133696e+03 4.676620301324874163e-05
4.864400000000134241e+03 4.909530616714619100e-05
4.865300000000133878e+03 5.111892824061214924e-05
4.866200000000133514e+03 5.292722198646515608e-05
4.867100000000134060e+03 5.367159610614180565e-05
4.868000000000134605e+03 5.389739817474037409e-05
4.868900000000134241e+03 5.434772174339741468e-05
4.869800000000133878e+03 5.308246545610018075e-05
4.870700000000134423e+03 4.909751078230328858e-05
4.871600000000134969e+03 4.651273775380104780e-05
4.872500000000134605e+03 4.859468754148110747e-05
4.873400000000134241e+03 5.235947173787280917e-05
4.874300000000134787e+03 5.405337651609443128e-05
4.875200000000135333e+03 5.413110920926555991e-05
4.876100000000134969e+03 5.468867675517685711e-05
4.877000000000134605e+03 5.552903166972100735e-05
4.877900000000135151e+03 5.622671960736624897e-05
4.878800000000135697e+03 5.819228681502863765e-05
4.879700000000135333e+03 5.966749085928313434e-05
4.880600000000134969e+03 5.796585537609644234e-05
4.881500000000135515e+03 5.556585165322758257e-05
4.882400000000136060e+03 5.578569835051894188e-05
4.883300000000135697e+03 5.688695819117128849e-05
4.884200000000135333e+03 5.574248280026949942e-05
4.885100000000135879e+03 5.306944149197079241e-05
4.886000000000136424e+03 5.155874532647430897e-05
4.886900000000136060e+03 5.220681850914843380e-05
4.887800000000135697e+03 5.359996066545136273e-05
4.888700000000136242e+03 5.403550676419399679e-05
4.889600000000136788e+03 5.257690645521506667e-05
4.890500000000136424e+03 4.934324169880710542e-05
4.891400000000136060e+03 4.857239036937244236e-05
4.892300000000136606e+03 5.293884532875381410e-05
4.893200000000137152e+03 5.822794992127455771e-05
4.894100000000136788e+03 6.143554492155089974e-05
4.895000000000136424e+03 6.294939521467313170e-05
4.895900000000136970e+03 6.299224332906305790e-05
4.896800000000137516e+03 6.239963840926066041e-05
4.897700000000137152e+03 6.198376649990677834e-05
4.898600000000136788e+03 6.075695637264288962e-05
4.899500000000137334e+03 5.862460238859057426e-05
4.900400000000137879e+03 5.801623410661704838e-05
4.901300000000137516e+03 5.903501369175501168e-05
4.902200000000137152e+03 5.873106420040130615e-05
4.903100000000137697e+03 5.710622281185351312e-05
4.904000000000138243e+03 5.700111796613782644e-05
4.904900000000137879e+03 5.926867015659809113e-05
4.905800000000137516e+03 6.168905383674427867e-05
4.906700000000138061e+03 6.179758929647505283e-05
4.907600000000138607e+03 5.978809349471703172e-05
4.908500000000138243e+03 5.719416003557853401e-05
4.909400000000137879e+03 5.457377483253367245e-05
4.910300000000138425e+03 5.308385880198329687e-05
4.911200000000138971e+03 5.401856469688937068e-05
4.912100000000138607e+03 5.633324326481670141e-05
4.913000000000138243e+03 5.807837078464217484e-05
4.913900000000138789e+03 5.926207450102083385e-05
4.914800000000139335e+03 6.075594501453451812e-05
4.915700000000138971e+03 6.153681169962510467e-05
4.916600000000138607e+03 6.005751492921262980e-05
4.917500000000139153e+03 5.602496821666136384e-05
4.918400000000139698e+03 5.075503577245399356e-05
4.919300000000139335e+03 4.669964619097299874e-05
4.920200000000138971e+03 4.575877755996771157e-05
4.921100000000139516e+03 4.855039151152595878e-05
4.922000000000140062e+03 5.289583350531756878e-05
4.922900000000139698e+03 5.490777039085514843e-05
4.923800000000139335e+03 5.403563409345224500e-05
4.924700000000139880e+03 5.366142795537598431e-05
4.925600000000140426e+03 5.596176561084575951e-05
4.926500000000140062e+03 5.869031156180426478e-05
4.927400000000139698e+03 5.978603076073341072e-05
4.928300000000140244e+03 6.076657518860884011e-05
4.929200000000140790e+03 6.198247137945145369e-05
4.930100000000140426e+03 6.209159619174897671e-05
4.931000000000140062e+03 6.171026325318962336e-05
4.931900000000140608e+03 6.039192157913930714e-05
4.932800000000141154e+03 5.692577906302176416e-05
4.933700000000140790e+03 5.432542457128874958e-05
4.934600000000140426e+03 5.580776269198395312e-05
4.935500000000140972e+03 5.826505002914927900e-05
4.936400000000141517e+03 5.746469469158910215e-05
4.937300000000141154e+03 5.388563658925704658e-05
4.938200000000140790e+03 5.058063834439963102e-05
4.939100000000141335e+03 5.052639608038589358e-05
4.940000000000141881e+03 5.424633127404376864e-05
4.940900000000141517e+03 5.848447108292020857e-05
4.941800000000141154e+03 6.031100929249078035e-05
4.942700000000141699e+03 6.104038766352459788e-05
4.943600000000142245e+03 6.194216257426887751e-05
4.944500000000141881e+03 6.146841769805178046e-05
4.945400000000141517e+03 5.962880095466971397e-05
4.946300000000142063e+03 5.909319952479563653e-05
4.947200000000142609e+03 6.048370778444223106e-05
4.948100000000142245e+03 6.164484511828050017e-05
4.949000000000141881e+03 6.175686576170846820e-05
4.949900000000142427e+03 6.187502731336280704e-05
4.950800000000142973e+03 6.247872079256922007e-05
4.951700000000142609e+03 6.227618723642081022e-05
4.952600000000142245e+03 6.088277223170734942e-05
4.953500000000142791e+03 5.983330265735276043e-05
4.954400000000143336e+03 5.962326758890412748e-05
4.955300000000142973e+03 5.874491762369871140e-05
4.956200000000142609e+03 5.441825123853050172e-05
4.957100000000143154e+03 4.823746348847635090e-05
4.958000000000143700e+03 4.776121932081878185e-05
4.958900000000143336e+03 5.402136957854963839e-05
4.959800000000142973e+03 5.969084668322466314e-05
4.960700000000143518e+03 6.109561218181625009e-05
4.961600000000144064e+03 6.034140824340283871e-05
4.962500000000143700e+03 6.017654231982305646e-05
4.963400000000143336e+03 6.039818254066631198e-05
4.964300000000143882e+03 5.893774869036860764e-05
4.965200000000144428e+03 5.627946666209027171e-05
4.966100000000144064e+03 5.502509884536266327e-05
4.967000000000143700e+03 5.534435695153661072e-05
4.967900000000144246e+03 5.568709093495272100e-05
4.968800000000144792e+03 5.606737977359443903e-05
4.969700000000144428e+03 5.649647573591209948e-05
4.970600000000144064e+03 5.707462332793511450e-05
4.971500000000144610e+03 5.842422615387476981e-05
4.972400000000145155e+03 5.961120405117981136e-05
4.973300000000144792e+03 6.023481182637624443e-05
4.974200000000144428e+03 6.074008706491440535e-05
4.975100000000144973e+03 6.054983532521873713e-05
4.976000000000145519e+03 5.980141941108740866e-05
4.976900000000145155e+03 5.877568401047028601e-05
4.977800000000144792e+03 5.693349521607160568e-05
4.978700000000145337e+03 5.538991536013782024e-05
4.979600000000145883e+03 5.524094012798741460e-05
4.980500000000145519e+03 5.486006557475775480e-05
4.981400000000145155e+03 5.231497561908327043e-05
4.982300000000145701e+03 4.881532731815241277e-05
4.983200000000146247e+03 4.760659794555976987e-05
4.984100000000145883e+03 4.913330485578626394e-05
4.985000000000145519e+03 5.125056850374676287e-05
4.985900000000146065e+03 5.364164826460182667e-05
4.986800000000146611e+03 5.673884879797697067e-05
4.987700000000146247e+03 5.860646706423722208e-05
4.988600000000145883e+03 5.832930037286132574e-05
4.989500000000146429e+03 5.719898035749793053e-05
4.990400000000146974e+03 5.595177208306267858e-05
4.991300000000146611e+03 5.574439637712202966e-05
4.992200000000146247e+03 5.688768578693270683e-05
4.993100000000146792e+03 5.695263462257571518e-05
4.994000000000147338e+03 5.633732507703825831e-05
4.994900000000146974e+03 5.727458847104571760e-05
4.995800000000146611e+03 5.844314728165045381e-05
4.996700000000147156e+03 5.848142609465867281e-05
4.997600000000147702e+03 5.786986366729252040e-05
4.998500000000147338e+03 5.619113289867527783e-05
4.999400000000146974e+03 5.380969741963781416e-05
5.000300000000147520e+03 5.251901529845781624e-05
5.001200000000148066e+03 5.245923239272087812e-05
5.002100000000147702e+03 5.284516373649239540e-05
5.003000000000147338e+03 5.343889642972499132e-05
5.003900000000147884e+03 5.328632687451317906e-05
5.004800000000148430e+03 5.124778181198053062e-05
5.005700000000148066e+03 4.854274084209464490e-05
5.006600000000147702e+03 4.856712621403858066e-05
5.007500000000148248e+03 5.216084900894202292e-05
5.008400000000148793e+03 5.593509922618977726e-05
5.009300000000148430e+03 5.697316009900532663e-05
5.010200000000148066e+03 5.607226557913236320e-05
5.011100000000148611e+03 5.407832941273227334e-05
5.012000000000149157e+03 5.112939470564015210e-05
5.012900000000148793e+03 4.876443927059881389e-05
5.013800000000148430e+03 4.789380545844323933e-05
5.014700000000148975e+03 4.907004404230974615e-05
5.015600000000149521e+03 5.152589801582507789e-05
5.016500000000149157e+03 5.234144191490486264e-05
5.017400000000148793e+03 5.096039967611432076e-05
5.018300000000149339e+03 5.028901068726554513e-05
5.019200000000149885e+03 5.178893115953542292e-05
5.020100000000149521e+03 5.333190711098723114e-05
5.021000000000149157e+03 5.305954618961550295e-05
5.021900000000149703e+03 5.183609755476936698e-05
5.022800000000150249e+03 5.220969978836365044e-05
5.023700000000149885e+03 5.430345117929391563e-05
5.024600000000149521e+03 5.570842404267750680e-05
5.025500000000150067e+03 5.575156683335080743e-05
5.026400000000150612e+03 5.436078208731487393e-05
5.027300000000150249e+03 5.233792398939840496e-05
5.028200000000149885e+03 5.288757529342547059e-05
5.029100000000150430e+03 5.548065018956549466e-05
5.030000000000150976e+03 5.691464320989325643e-05
5.030900000000150612e+03 5.744315421907231212e-05
5.031800000000150249e+03 5.872554902452975512e-05
5.032700000000150794e+03 6.042474706191569567e-05
5.033600000000151340e+03 6.079486774979159236e-05
5.034500000000150976e+03 5.825367043144069612e-05
5.035400000000150612e+03 5.412270547822117805e-05
5.036300000000151158e+03 5.268369568511843681e-05
5.037200000000151704e+03 5.425442577688954771e-05
5.038100000000151340e+03 5.438594234874472022e-05
5.039000000000150976e+03 5.166260962141677737e-05
5.039900000000151522e+03 4.767343853018246591e-05
5.040800000000152068e+03 4.451968561625108123e-05
5.041700000000151704e+03 4.596527287503704429e-05
5.042600000000151340e+03 5.168761708773672581e-05
5.043500000000151886e+03 5.643716576742008328e-05
5.044400000000152431e+03 5.886947838007472456e-05
5.045300000000152068e+03 6.067716094548813999e-05
5.046200000000151704e+03 6.130801921244710684e-05
5.047100000000152249e+03 5.922401760471984744e-05
5.048000000000152795e+03 5.527433677343651652e-05
5.048900000000152431e+03 5.259792669676244259e-05
5.049800000000152068e+03 5.240553946350701153e-05
5.050700000000152613e+03 5.294892980600707233e-05
5.051600000000153159e+03 5.315024463925510645e-05
5.052500000000152795e+03 5.413527469499967992e-05
5.053400000000152431e+03 5.617553324555046856e-05
5.054300000000152977e+03 5.808869173051789403e-05
5.055200000000153523e+03 5.892368426430039108e-05
5.056100000000153159e+03 5.873123154742643237e-05
5.057000000000152795e+03 5.862592297489754856e-05
5.057900000000153341e+03 5.909049286856316030e-05
5.058800000000153887e+03 5.947836325503885746e-05
5.059700000000153523e+03 5.981397407595068216e-05
5.060600000000153159e+03 6.077704529161565006e-05
5.061500000000153705e+03 6.161588680697605014e-05
5.062400000000154250e+03 6.110993126640096307e-05
5.063300000000153887e+03 5.843993858434259892e-05
5.064200000000153523e+03 5.424314440460875630e-05
5.065100000000154068e+03 5.231450268183834851e-05
5.066000000000154614e+03 5.390632213675417006e-05
5.066900000000154250e+03 5.520505146705545485e-05
5.067800000000153887e+03 5.464754576678387821e-05
5.068700000000154432e+03 5.465927461045794189e-05
5.069600000000154978e+03 5.640842209686525166e-05
5.070500000000154614e+03 5.740810593124479055e-05
5.071400000000154250e+03 5.574084570980630815e-05
5.072300000000154796e+03 5.413507824414409697e-05
5.073200000000155342e+03 5.513823634828440845e-05
5.074100000000154978e+03 5.640651579597033560e-05
5.075000000000154614e+03 5.595330731011927128e-05
5.075900000000155160e+03 5.562157093663699925e-05
5.076800000000155705e+03 5.662152398144826293e-05
5.077700000000155342e+03 5.637623689835891128e-05
5.078600000000154978e+03 5.242933912086300552e-05
5.079500000000155524e+03 4.804864511243067682e-05
5.080400000000156069e+03 4.776410423801280558e-05
5.081300000000155705e+03 5.054458233644254506e-05
5.082200000000155342e+03 5.247603257885202765e-05
5.083100000000155887e+03 5.269684697850607336e-05
5.084000000000156433e+03 5.341475116438232362e-05
5.084900000000156069e+03 5.522290302906185389e-05
5.085800000000155705e+03 5.652933032251894474e-05
5.086700000000156251e+03 5.654024062096141279e-05
5.087600000000156797e+03 5.625223639071919024e-05
5.088500000000156433e+03 5.668830272043123841e-05
5.089400000000156069e+03 5.732096906285732985e-05
5.090300000000156615e+03 5.734418300562538207e-05
5.091200000000157161e+03 5.747854083892889321e-05
5.092100000000156797e+03 5.863164915353991091e-05
5.093000000000156433e+03 5.985869938740506768e-05
5.093900000000156979e+03 5.978126500849612057e-05
5.094800000000157524e+03 5.854561095475219190e-05
5.095700000000157161e+03 5.692871127394028008e-05
5.096600000000156797e+03 5.497220627148635685e-05
5.097500000000157343e+03 5.244311250862665474e-05
5.098400000000157888e+03 4.977062053512781858e-05
5.099300000000157524e+03 4.944251850247383118e-05
5.100200000000157161e+03 5.261981641524471343e-05
5.101100000000157706e+03 5.627676364383660257e-05
5.102000000000158252e+03 5.771326686954125762e-05
5.102900000000157888e+03 5.708500248147174716e-05
5.103800000000157524e+03 5.594875983661040664e-05
5.104700000000158070e+03 5.542767394217662513e-05
5.105600000000158616e+03 5.522833089344203472e-05
5.106500000000158252e+03 5.414006955106742680e-05
5.107400000000157888e+03 5.273011265671811998e-05
5.108300000000158434e+03 5.261278056423179805e-05
5.109200000000158980e+03 5.266153675620444119e-05
5.110100000000158616e+03 5.240608516032807529e-05
5.111000000000158252e+03 5.377076377044431865e-05
5.111900000000158798e+03 5.590324144577607512e-05
5.112800000000159343e+03 5.681247785105369985e-05
5.113700000000158980e+03 5.721663183066993952e-05
5.114600000000158616e+03 5.759379928349517286e-05
5.115500000000159162e+03 5.779659841209650040e-05
5.116400000000159707e+03 5.865184721187688410e-05
5.117300000000159343e+03 5.984826202620752156e-05
5.118200000000158980e+03 6.010234574205242097e-05
5.119100000000159525e+03 5.930575571255758405e-05
5.120000000000160071e+03 5.787529880763031542e-05
5.120900000000159707e+03 5.629385850625112653e-05
5.121800000000159343e+03 5.480742402141913772e-05
5.122700000000159889e+03 5.277705713524483144e-05
5.123600000000160435e+03 5.081555718788877130e-05
5.124500000000160071e+03 5.058277019998058677e-05
5.125400000000159707e+03 5.159915963304229081e-05
5.126300000000160253e+03 5.239195888862013817e-05
5.127200000000160799e+03 5.245576903689652681e-05
5.128100000000160435e+03 5.221305764280259609e-05
5.129000000000160071e+03 5.201273961574770510e-05
5.129900000000160617e+03 5.258664532448165119e-05
5.130800000000161162e+03 5.404680996434763074e-05
5.131700000000160799e+03 5.514807708095759153e-05
5.132600000000160435e+03 5.525832966668531299e-05
5.133500000000160981e+03 5.516298551810905337e-05
5.134400000000161526e+03 5.631695603369735181e-05
5.135300000000161162e+03 5.741210406995378435e-05
5.136200000000160799e+03 5.617264469037763774e-05
5.137100000000161344e+03 5.389787838794291019e-05
5.138000000000161890e+03 5.211910684010945261e-05
5.138900000000161526e+03 5.087670069769956172e-05
5.139800000000161162e+03 5.200594387133605778e-05
5.140700000000161708e+03 5.415307168732397258e-05
5.141600000000162254e+03 5.300756311044096947e-05
5.142500000000161890e+03 5.077878813608549535e-05
5.143400000000161526e+03 5.192895696382038295e-05
5.144300000000162072e+03 5.413651160779409111e-05
5.145200000000162618e+03 5.383959796745330095e-05
5.146100000000162254e+03 5.223843618296086788e-05
5.147000000000161890e+03 5.134913590154610574e-05
5.147900000000162436e+03 5.181331289350055158e-05
5.148800000000162981e+03 5.330338899511843920e-05
5.149700000000162618e+03 5.400999725679866970e-05
5.150600000000162254e+03 5.309166590450331569e-05
5.151500000000162800e+03 5.208885340834967792e-05
5.152400000000163345e+03 5.187653005123138428e-05
5.153300000000162981e+03 5.184884867048822343e-05
5.154200000000162618e+03 5.226227585808373988e-05
5.155100000000163163e+03 5.366636833059601486e-05
5.156000000000163709e+03 5.549388515646569431e-05
5.156900000000163345e+03 5.717072417610324919e-05
5.157800000000162981e+03 5.794013122795149684e-05
5.158700000000163527e+03 5.758387851528823376e-05
5.159600000000164073e+03 5.749331830884329975e-05
5.160500000000163709e+03 5.772814984084106982e-05
5.161400000000163345e+03 5.652737308992072940e-05
5.162300000000163891e+03 5.471692929859273136e-05
5.163200000000164437e+03 5.417608917923644185e-05
5.164100000000164073e+03 5.315309317666105926e-05
5.165000000000163709e+03 4.952060771756805480e-05
5.165900000000164255e+03 4.392658593133091927e-05
5.166800000000164800e+03 3.851479050354100764e-05
5.167700000000164437e+03 3.666570046334527433e-05
5.168600000000164073e+03 3.990631739725358784e-05
5.169500000000164619e+03 4.533322498900815845e-05
5.170400000000165164e+03 4.712806548923254013e-05
5.171300000000164800e+03 4.230042031849734485e-05
5.172200000000164437e+03 3.620662391767837107e-05
5.173100000000164982e+03 3.685516639961861074e-05
5.174000000000165528e+03 4.429996261023916304e-05
5.174900000000165164e+03 5.130764111527241766e-05
5.175800000000164800e+03 5.387316559790633619e-05
5.176700000000165346e+03 5.423902985057793558e-05
5.177600000000165892e+03 5.477181912283413112e-05
5.178500000000165528e+03 5.506889647222124040e-05
5.179400000000165164e+03 5.450687604025006294e-05
5.180300000000165710e+03 5.321329444996081293e-05
5.181200000000166256e+03 5.027388033340685070e-05
5.182100000000165892e+03 4.407733285916037858e-05
5.183000000000165528e+03 3.672421371447853744e-05
5.183900000000166074e+03 3.522430779412388802e-05
5.184800000000166619e+03 4.184174758847802877e-05
5.185700000000166256e+03 5.000704550184309483e-05
5.186600000000165892e+03 5.428889562608674169e-05
5.187500000000166438e+03 5.465447975439019501e-05
5.188400000000166983e+03 5.411501479102298617e-05
5.189300000000166619e+03 5.537345350603573024e-05
5.190200000000166256e+03 5.575441173277795315e-05
5.191100000000166801e+03 5.186191992834210396e-05
5.192000000000167347e+03 4.768223152495920658e-05
5.192900000000166983e+03 4.833869024878367782e-05
5.193800000000166619e+03 5.124048766447231174e-05
5.194700000000167165e+03 5.186897396924905479e-05
5.195600000000167711e+03 5.154198879608884454e-05
5.196500000000167347e+03 5.263151251710951328e-05
5.197400000000166983e+03 5.419493390945717692e-05
5.198300000000167529e+03 5.542361759580671787e-05
5.199200000000168075e+03 5.653245898429304361e-05
5.200100000000167711e+03 5.700058682123199105e-05
5.201000000000167347e+03 5.642495307256467640e-05
5.201900000000167893e+03 5.553107985178939998e-05
5.202800000000168438e+03 5.486081863637082279e-05
5.203700000000168075e+03 5.296797462506219745e-05
5.204600000000167711e+03 4.937847552355378866e-05
5.205500000000168257e+03 4.711706424131989479e-05
5.206400000000168802e+03 4.758484647027216852e-05
5.207300000000168438e+03 4.785184864886105061e-05
5.208200000000168075e+03 4.674374213209375739e-05
5.209100000000168620e+03 4.752684253617189825e-05
5.210000000000169166e+03 5.045946090831421316e-05
5.210900000000168802e+03 5.353864253265783191e-05
5.211800000000168438e+03 5.624976256513036788e-05
5.212700000000168984e+03 5.795663309982046485e-05
5.213600000000169530e+03 5.778633203590288758e-05
5.214500000000169166e+03 5.549646084546111524e-05
5.215400000000168802e+03 5.282181155052967370e-05
5.216300000000169348e+03 5.207217691349796951e-05
5.217200000000169894e+03 5.348490230971947312e-05
5.218100000000169530e+03 5.589248030446469784e-05
5.219000000000169166e+03 5.783110464108176529e-05
5.219900000000169712e+03 5.858244912815280259e-05
5.220800000000170257e+03 5.878265801584348083e-05
5.221700000000169894e+03 5.852887989021837711e-05
5.222600000000169530e+03 5.723390859202481806e-05
5.223500000000170076e+03 5.486894951900467277e-05
5.224400000000170621e+03 5.186080306884832680e-05
5.225300000000170257e+03 4.843360147788189352e-05
5.226200000000169894e+03 4.516934495768509805e-05
5.227100000000170439e+03 4.514397733146324754e-05
5.228000000000170985e+03 4.988179352949373424e-05
5.228900000000170621e+03 5.485197470989078283e-05
5.229800000000170257e+03 5.686021904693916440e-05
5.230700000000170803e+03 5.746864917455241084e-05
5.231600000000171349e+03 5.649396553053520620e-05
5.232500000000170985e+03 5.357138070394285023e-05
5.233400000000170621e+03 5.189919465919956565e-05
5.234300000000171167e+03 5.269237226457335055e-05
5.235200000000171713e+03 5.452095138025470078e-05
5.236100000000171349e+03 5.689595855074003339e-05
5.237000000000170985e+03 5.880206663277931511e-05
5.237900000000171531e+03 5.931644773227162659e-05
5.238800000000172076e+03 5.884922211407683790e-05
5.239700000000171713e+03 5.840109952259808779e-05
5.240600000000171349e+03 5.857201540493406355e-05
5.241500000000171894e+03 5.855590279679745436e-05
5.242400000000172440e+03 5.791995499748736620e-05
5.243300000000172076e+03 5.816583870910108089e-05
5.244200000000171713e+03 5.968433106318116188e-05
5.245100000000172258e+03 5.983942537568509579e-05
5.246000000000172804e+03 5.691046317224390805e-05
5.246900000000172440e+03 5.370740473154000938e-05
5.247800000000172076e+03 5.360481372918002307e-05
5.248700000000172622e+03 5.471846816362813115e-05
5.249600000000173168e+03 5.379201684263534844e-05
5.250500000000172804e+03 5.262212653178721666e-05
5.251400000000172440e+03 5.384022006182931364e-05
5.252300000000172986e+03 5.589568536379374564e-05
5.253200000000173532e+03 5.635244451696053147e-05
5.254100000000173168e+03 5.485161454998888075e-05
5.255000000000172804e+03 5.367987614590674639e-05
5.255900000000173350e+03 5.559152850764803588e-05
5.256800000000173895e+03 5.907357262913137674e-05
5.257700000000173532e+03 6.115135329309850931e-05
5.258600000000173168e+03 6.143511564005166292e-05
5.259500000000173713e+03 6.033445970388129354e-05
5.260400000000174259e+03 5.807619163533672690e-05
5.261300000000173895e+03 5.479395622387528419e-05
5.262200000000173532e+03 5.120786954648792744e-05
5.263100000000174077e+03 4.840002293349243701e-05
5.264000000000174623e+03 4.649123729905113578e-05
5.264900000000174259e+03 4.495139000937342644e-05
5.265800000000173895e+03 4.474214438232593238e-05
5.266700000000174441e+03 4.765688936458900571e-05
5.267600000000174987e+03 5.023162884754128754e-05
5.268500000000174623e+03 4.720052311313338578e-05
5.269400000000174259e+03 4.203816570225171745e-05
5.270300000000174805e+03 4.278985215933062136e-05
5.271200000000175351e+03 4.905401146970689297e-05
5.272100000000174987e+03 5.366705954656936228e-05
5.273000000000174623e+03 5.435906859929673374e-05
5.273900000000175169e+03 5.355527173378504813e-05
5.274800000000175714e+03 5.224153574090451002e-05
5.275700000000175351e+03 5.237578443484380841e-05
5.276600000000174987e+03 5.580250581260770559e-05
5.277500000000175532e+03 5.962810610071755946e-05
5.278400000000176078e+03 6.075233250157907605e-05
5.279300000000175714e+03 5.939977563684806228e-05
5.280200000000175351e+03 5.714586586691439152e-05
5.281100000000175896e+03 5.530927592189982533e-05
5.282000000000176442e+03 5.408842116594314575e-05
5.282900000000176078e+03 5.294940638123080134e-05
5.283800000000175714e+03 5.285962834022939205e-05
5.284700000000176260e+03 5.579514254350215197e-05
5.285600000000176806e+03 6.015099279466085136e-05
5.286500000000176442e+03 6.233398744370788336e-05
5.287400000000176078e+03 6.177418981678783894e-05
5.288300000000176624e+03 6.070088056731037796e-05
5.289200000000177170e+03 6.099192978581413627e-05
5.290100000000176806e+03 6.216017209226265550e-05
5.291000000000176442e+03 6.261329690460115671e-05
5.291900000000176988e+03 6.174629379529505968e-05
5.292800000000177533e+03 6.048830618965439498e-05
5.293700000000177170e+03 6.007774572935886681e-05
5.294600000000176806e+03 5.992213846184313297e-05
5.295500000000177351e+03 5.816389239043928683e-05
5.296400000000177897e+03 5.433806654764339328e-05
5.297300000000177533e+03 5.066673111286945641e-05
5.298200000000177170e+03 5.054473876953125000e-05
5.299100000000177715e+03 5.397524000727571547e-05
5.300000000000178261e+03 5.661713294102810323e-05
5.300900000000177897e+03 5.653242988046258688e-05
5.301800000000177533e+03 5.622327444143593311e-05
5.302700000000178079e+03 5.772030272055417299e-05
5.303600000000178625e+03 6.034834223100915551e-05
5.304500000000178261e+03 6.224474054761230946e-05
5.305400000000177897e+03 6.239112553885206580e-05
5.306300000000178443e+03 6.106647924752905965e-05
5.307200000000178989e+03 5.985641837469302118e-05
5.308100000000178625e+03 6.026468690834008157e-05
5.309000000000178261e+03 6.169878906803205609e-05
5.309900000000178807e+03 6.249661237234249711e-05
5.310800000000179352e+03 6.229570863069966435e-05
5.311700000000178989e+03 6.161640339996665716e-05
5.312600000000178625e+03 6.075136843719519675e-05
5.313500000000179170e+03 6.023520836606621742e-05
5.314400000000179716e+03 6.007956835674121976e-05
5.315300000000179352e+03 5.925508230575360358e-05
5.316200000000178989e+03 5.790471914224326611e-05
5.317100000000179534e+03 5.769832205260172486e-05
5.318000000000180080e+03 5.867604340892285109e-05
5.318900000000179716e+03 5.928437167312949896e-05
5.319800000000179352e+03 5.934010187047533691e-05
5.320700000000179898e+03 5.928812242927961051e-05
5.321600000000180444e+03 5.902268458157777786e-05
5.322500000000180080e+03 5.783134474768303335e-05
5.323400000000179716e+03 5.543230872717685997e-05
5.324300000000180262e+03 5.406221680459566414e-05
5.325200000000180808e+03 5.514486838364973664e-05
5.326100000000180444e+03 5.507226887857541442e-05
5.327000000000180080e+03 5.037113805883564055e-05
5.327900000000180626e+03 4.455739690456539392e-05
5.328800000000181171e+03 4.480995630729012191e-05
5.329700000000180808e+03 5.090257764095440507e-05
5.330600000000180444e+03 5.638104266836307943e-05
5.331500000000180989e+03 5.794481694465503097e-05
5.332400000000181535e+03 5.723616050090640783e-05
5.333300000000181171e+03 5.755957681685686111e-05
5.334200000000180808e+03 5.948794205323792994e-05
5.335100000000181353e+03 6.071098687243647873e-05
5.336000000000181899e+03 6.027566996635869145e-05
5.336900000000181535e+03 5.950450577074661851e-05
5.337800000000181171e+03 5.913689892622642219e-05
5.338700000000181717e+03 5.765238893218338490e-05
5.339600000000182263e+03 5.432425314211286604e-05
5.340500000000181899e+03 5.226773282629437745e-05
5.341400000000181535e+03 5.417634019977413118e-05
5.342300000000182081e+03 5.756302925874479115e-05
5.343200000000182627e+03 5.923928983975201845e-05
5.344100000000182263e+03 5.913695349590852857e-05
5.345000000000181899e+03 5.791240619146265090e-05
5.345900000000182445e+03 5.708110256819054484e-05
5.346800000000182990e+03 5.745778616983443499e-05
5.347700000000182627e+03 5.702689668396487832e-05
5.348600000000182263e+03 5.547486216528341174e-05
5.349500000000182808e+03 5.539362973649986088e-05
5.350400000000183354e+03 5.769179551862180233e-05
5.351300000000182990e+03 6.020178989274427295e-05
5.352200000000182627e+03 6.096785000408999622e-05
5.353100000000183172e+03 6.090279566706158221e-05
5.354000000000183718e+03 6.181510252645239234e-05
5.354900000000183354e+03 6.322529225144535303e-05
5.355800000000182990e+03 6.378112448146566749e-05
5.356700000000183536e+03 6.373965879902243614e-05
5.357600000000184082e+03 6.363762076944112778e-05
5.358500000000183718e+03 6.349528121063485742e-05
5.359400000000183354e+03 6.319327076198533177e-05
5.360300000000183900e+03 6.227706035133451223e-05
5.361200000000184446e+03 6.065337947802618146e-05
5.362100000000184082e+03 5.939487891737371683e-05
5.363000000000183718e+03 5.909655737923458219e-05
5.363900000000184264e+03 5.856026473338715732e-05
5.364800000000184809e+03 5.750735726905986667e-05
5.365700000000184446e+03 5.731738929171115160e-05
5.366600000000184082e+03 5.767991751781664789e-05
5.367500000000184627e+03 5.768654955318197608e-05
5.368400000000185173e+03 5.694015635526739061e-05
5.369300000000184809e+03 5.441990288090892136e-05
5.370200000000184446e+03 5.097664325148798525e-05
5.371100000000184991e+03 4.972795795765705407e-05
5.372000000000185537e+03 5.265685103950090706e-05
5.372900000000185173e+03 5.744945519836619496e-05
5.373800000000184809e+03 6.056710117263719440e-05
5.374700000000185355e+03 6.172225403133779764e-05
5.375600000000185901e+03 6.146579835331067443e-05
5.376500000000185537e+03 6.038767969585023820e-05
5.377400000000185173e+03 6.005259274388663471e-05
5.378300000000185719e+03 6.067255526431836188e-05
5.379200000000186265e+03 6.073246549931354821e-05
5.380100000000185901e+03 5.984321614960208535e-05
5.381000000000185537e+03 5.910106847295537591e-05
5.381900000000186083e+03 5.858697841176763177e-05
5.382800000000186628e+03 5.786244219052605331e-05
5.383700000000186265e+03 5.814762698719277978e-05
5.384600000000185901e+03 5.971220525680109859e-05
5.385500000000186446e+03 6.066452988306991756e-05
5.386400000000186992e+03 6.040421794750727713e-05
5.387300000000186628e+03 5.978969784337095916e-05
5.388200000000186265e+03 5.892429180676117539e-05
5.389100000000186810e+03 5.749241972807794809e-05
5.390000000000187356e+03 5.620842421194538474e-05
5.390900000000186992e+03 5.570578650804236531e-05
5.391800000000186628e+03 5.575391696766018867e-05
5.392700000000187174e+03 5.589935608441010118e-05
5.393600000000187720e+03 5.607397906715050340e-05
5.394500000000187356e+03 5.638012589770369232e-05
5.395400000000186992e+03 5.559679630096070468e-05
5.396300000000187538e+03 5.288563261274248362e-05
5.397200000000188084e+03 5.143372982274740934e-05
5.398100000000187720e+03 5.381958908401429653e-05
5.399000000000187356e+03 5.668840822181664407e-05
5.399900000000187902e+03 5.714895451092161238e-05
5.400800000000188447e+03 5.707886157324537635e-05
5.401700000000188084e+03 5.798988786409609020e-05
5.402600000000187720e+03 5.771052019554190338e-05
5.403500000000188265e+03 5.452931509353220463e-05
5.404400000000188811e+03 5.043271448812447488e-05
5.405300000000188447e+03 4.847865784540772438e-05
5.406200000000188084e+03 4.994690607418306172e-05
5.407100000000188629e+03 5.330583735485561192e-05
5.408000000000189175e+03 5.514040094567462802e-05
5.408900000000188811e+03 5.397612039814703166e-05
5.409800000000188447e+03 5.246186265139840543e-05
5.410700000000188993e+03 5.372928353608585894e-05
5.411600000000189539e+03 5.687085285899229348e-05
5.412500000000189175e+03 5.895733920624479651e-05
5.413400000000188811e+03 5.896854781894944608e-05
5.414300000000189357e+03 5.809207505080848932e-05
5.415200000000189902e+03 5.817454439238645136e-05
5.416100000000189539e+03 5.975608655717223883e-05
5.417000000000189175e+03 6.109820242272689939e-05
5.417900000000189721e+03 6.097201185184530914e-05
5.418800000000190266e+03 5.978598346700891852e-05
5.419700000000189902e+03 5.835351839778013527e-05
5.420600000000189539e+03 5.778445120085962117e-05
5.421500000000190084e+03 5.868013977305963635e-05
5.422400000000190630e+03 5.911907283007167280e-05
5.423300000000190266e+03 5.728115138481371105e-05
5.424200000000189902e+03 5.565265382756479084e-05
5.425100000000190448e+03 5.716658415622077882e-05
5.426000000000190994e+03 6.028852294548414648e-05
5.426900000000190630e+03 6.199359631864354014e-05
5.427800000000190266e+03 6.019930151524022222e-05
5.428700000000190812e+03 5.531965871341526508e-05
5.429600000000191358e+03 5.237097502686083317e-05
5.430500000000190994e+03 5.458876330521889031e-05
5.431400000000190630e+03 5.744552981923334301e-05
5.432300000000191176e+03 5.694765059160999954e-05
5.433200000000191721e+03 5.486392910825088620e-05
5.434100000000191358e+03 5.338415576261468232e-05
5.435000000000190994e+03 5.333406443241983652e-05
5.435900000000191540e+03 5.457464067148976028e-05
5.436800000000192085e+03 5.660560782416723669e-05
5.437700000000191721e+03 5.919815157540142536e-05
5.438600000000191358e+03 6.138778553577139974e-05
5.439500000000191903e+03 6.248407589737325907e-05
5.440400000000192449e+03 6.262747047003358603e-05
5.441300000000192085e+03 6.242375093279406428e-05
5.442200000000191721e+03 6.241490336833521724e-05
5.443100000000192267e+03 6.213067536009475589e-05
5.444000000000192813e+03 6.052255412214435637e-05
5.444900000000192449e+03 5.728124961024150252e-05
5.445800000000192085e+03 5.326887912815436721e-05
5.446700000000192631e+03 5.120885543874464929e-05
5.447600000000193177e+03 5.338881965144537389e-05
5.448500000000192813e+03 5.738599793403409421e-05
5.449400000000192449e+03 5.980494461255148053e-05
5.450300000000192995e+03 6.025578841217793524e-05
5.451200000000193540e+03 5.977147520752623677e-05
5.452100000000193177e+03 5.912446431466378272e-05
5.453000000000192813e+03 5.807462366647087038e-05
5.453900000000193359e+03 5.575336763286031783e-05
5.454800000000193904e+03 5.253842755337245762e-05
5.455700000000193540e+03 5.163722744327969849e-05
5.456600000000193177e+03 5.473725468618795276e-05
5.457500000000193722e+03 5.871302346349693835e-05
5.458400000000194268e+03 6.063344699214212596e-05
5.459300000000193904e+03 6.034461330273188651e-05
5.460200000000193540e+03 5.907952800043858588e-05
5.461100000000194086e+03 5.768636765424162149e-05
5.462000000000194632e+03 5.577392948907800019e-05
5.462900000000194268e+03 5.419279477791860700e-05
5.463800000000193904e+03 5.506209708983078599e-05
5.464700000000194450e+03 5.732865611207671463e-05
5.465600000000194996e+03 5.818261342938058078e-05
5.466500000000194632e+03 5.797111589345149696e-05
5.467400000000194268e+03 5.841158417752012610e-05
5.468300000000194814e+03 5.888900341233238578e-05
5.469200000000195359e+03 5.824074833071790636e-05
5.470100000000194996e+03 5.724084257963113487e-05
5.471000000000194632e+03 5.727289317292161286e-05
5.471900000000195178e+03 5.741422864957712591e-05
5.472800000000195723e+03 5.636487185256555676e-05
5.473700000000195359e+03 5.557802069233730435e-05
5.474600000000194996e+03 5.547123873839154840e-05
5.475500000000195541e+03 5.351324944058433175e-05
5.476400000000196087e+03 5.054638313595205545e-05
5.477300000000195723e+03 5.112043436383828521e-05
5.478200000000195359e+03 5.507085006684064865e-05
5.479100000000195905e+03 5.767825132352299988e-05
5.480000000000196451e+03 5.651877654599957168e-05
5.480900000000196087e+03 5.396587221184745431e-05
5.481800000000195723e+03 5.354291715775616467e-05
5.482700000000196269e+03 5.529574991669505835e-05
5.483600000000196815e+03 5.758308543590828776e-05
5.484500000000196451e+03 5.955760934739373624e-05
5.485400000000196087e+03 6.002352893119677901e-05
5.486300000000196633e+03 5.821613012813031673e-05
5.487200000000197178e+03 5.586681072600185871e-05
5.488100000000196815e+03 5.556066389544866979e-05
5.489000000000196451e+03 5.668912854162044823e-05
5.489900000000196997e+03 5.740915730712004006e-05
5.490800000000197542e+03 5.809029971715062857e-05
5.491700000000197178e+03 5.862288526259362698e-05
5.492600000000196815e+03 5.788714042864739895e-05
5.493500000000197360e+03 5.685458745574578643e-05
5.494400000000197906e+03 5.725106166210025549e-05
5.495300000000197542e+03 5.810949369333684444e-05
5.496200000000197178e+03 5.744066584156826138e-05
5.497100000000197724e+03 5.618475552182644606e-05
5.498000000000198270e+03 5.700679685105569661e-05
5.498900000000197906e+03 5.919390241615474224e-05
5.499800000000197542e+03 5.951499770162627101e-05
5.500700000000198088e+03 5.751306525780819356e-05
5.501600000000198634e+03 5.569130735239014030e-05
5.502500000000198270e+03 5.557452459470368922e-05
5.503400000000197906e+03 5.637235153699293733e-05
5.504300000000198452e+03 5.686688018613494933e-05
5.505200000000198997e+03 5.600408985628746450e-05
5.506100000000198634e+03 5.459267777041532099e-05
5.507000000000198270e+03 5.510834671440534294e-05
5.507900000000198816e+03 5.715274892281740904e-05
5.508800000000199361e+03 5.807618435937911272e-05
5.509700000000198997e+03 5.758386396337300539e-05
5.510600000000198634e+03 5.652199251926504076e-05
5.511500000000199179e+03 5.486217196448706090e-05
5.512400000000199725e+03 5.350077481125481427e-05
5.513300000000199361e+03 5.361273724702186882e-05
5.514200000000198997e+03 5.463396519189700484e-05
5.515100000000199543e+03 5.572980080614797771e-05
5.516000000000200089e+03 5.654283086187206209e-05
5.516900000000199725e+03 5.746696479036472738e-05
5.517800000000199361e+03 5.901959593757055700e-05
5.518700000000199907e+03 6.012531594024039805e-05
5.519600000000200453e+03 5.998327833367511630e-05
5.520500000000200089e+03 5.939432230661623180e-05
5.521400000000199725e+03 5.914169742027297616e-05
5.522300000000200271e+03 5.915935616940259933e-05
5.523200000000200816e+03 5.923522621742449701e-05
5.524100000000200453e+03 5.902002885704860091e-05
5.525000000000200089e+03 5.827707718708552420e-05
5.525900000000200635e+03 5.709704419132322073e-05
5.526800000000201180e+03 5.526670065592043102e-05
5.527700000000200816e+03 5.330160638550296426e-05
5.528600000000200453e+03 5.339806739357300103e-05
5.529500000000200998e+03 5.601039811153896153e-05
5.530400000000201544e+03 5.837192657054401934e-05
5.531300000000201180e+03 5.880439857719466090e-05
5.532200000000200816e+03 5.825293919770047069e-05
5.533100000000201362e+03 5.779697676189243793e-05
5.534000000000201908e+03 5.711934863938950002e-05
5.534900000000201544e+03 5.633821274386718869e-05
5.535800000000201180e+03 5.667364894179627299e-05
5.536700000000201726e+03 5.756285099778324366e-05
5.537600000000202272e+03 5.775363752036355436e-05
5.538500000000201908e+03 5.796409095637500286e-05
5.539400000000201544e+03 5.894736750633455813e-05
5.540300000000202090e+03 6.001642759656533599e-05
5.541200000000202635e+03 6.017338455421850085e-05
5.542100000000202272e+03 5.909964238526299596e-05
5.543000000000201908e+03 5.780073843197897077e-05
5.543900000000202454e+03 5.760735803050920367e-05
5.544800000000202999e+03 5.800558574264869094e-05
5.545700000000202635e+03 5.786534165963530540e-05
5.546600000000202272e+03 5.798597339889965951e-05
5.547500000000202817e+03 5.924975266680121422e-05
5.548400000000203363e+03 6.053451215848326683e-05
5.549300000000202999e+03 6.087046494940295815e-05
5.550200000000202635e+03 6.079492595745250583e-05
5.551100000000203181e+03 6.061629756004549563e-05
5.552000000000203727e+03 5.998070628265850246e-05
5.552900000000203363e+03 5.876397335669025779e-05
5.553800000000202999e+03 5.772461372544057667e-05
5.554700000000203545e+03 5.766938920714892447e-05
5.555600000000204091e+03 5.838068318553268909e-05
5.556500000000203727e+03 5.871380562894046307e-05
5.557400000000203363e+03 5.841092934133484960e-05
5.558300000000203909e+03 5.838693687110207975e-05
5.559200000000204454e+03 5.867255822522565722e-05
5.560100000000204091e+03 5.858947042725048959e-05
5.561000000000203727e+03 5.806983608636073768e-05
5.561900000000204273e+03 5.721138586523011327e-05
5.562800000000204818e+03 5.655366112478077412e-05
5.563700000000204454e+03 5.673371197190135717e-05
5.564600000000204091e+03 5.686285658157430589e-05
5.565500000000204636e+03 5.618269642582163215e-05
5.566400000000205182e+03 5.579446224146522582e-05
5.567300000000204818e+03 5.623758261208422482e-05
5.568200000000204454e+03 5.644108750857412815e-05
5.569100000000205000e+03 5.605818296317011118e-05
5.570000000000205546e+03 5.661675822921097279e-05
5.570900000000205182e+03 5.776340549346059561e-05
5.571800000000204818e+03 5.687084558303467929e-05
5.572700000000205364e+03 5.520204649656079710e-05
5.573600000000205910e+03 5.603768659057095647e-05
5.574500000000205546e+03 5.792527372250333428e-05
5.575400000000205182e+03 5.807627530884929001e-05
5.576300000000205728e+03 5.772721124230884016e-05
5.577200000000206273e+03 5.819874422741122544e-05
5.578100000000205910e+03 5.835910633322782815e-05
5.579000000000205546e+03 5.832614624523557723e-05
5.579900000000206091e+03 5.875783608644269407e-05
5.580800000000206637e+03 5.860650344402529299e-05
5.581700000000206273e+03 5.781385334557853639e-05
5.582600000000205910e+03 5.766647518612444401e-05
5.583500000000206455e+03 5.788881389889866114e-05
5.584400000000207001e+03 5.731718556489795446e-05
5.585300000000206637e+03 5.561782018048688769e-05
5.586200000000206273e+03 5.304069782141596079e-05
5.587100000000206819e+03 5.090802005724981427e-05
5.588000000000207365e+03 5.040472751716151834e-05
5.588900000000207001e+03 5.119688285049051046e-05
5.589800000000206637e+03 5.283010614220984280e-05
5.590700000000207183e+03 5.458488521981053054e-05
5.591600000000207729e+03 5.535397212952375412e-05
5.592500000000207365e+03 5.514702934306114912e-05
5.593400000000207001e+03 5.453519406728446484e-05
5.594300000000207547e+03 5.456219514599069953e-05
5.595200000000208092e+03 5.655858694808557630e-05
5.596100000000207729e+03 5.875999340787529945e-05
5.597000000000207365e+03 5.814931864733807743e-05
5.597900000000207910e+03 5.561249781749211252e-05
5.598800000000208456e+03 5.434868580778129399e-05
5.599700000000208092e+03 5.441331813926808536e-05
5.600600000000207729e+03 5.380397124099545181e-05
5.601500000000208274e+03 5.268319000606425107e-05
5.602400000000208820e+03 5.238702578935772181e-05
5.603300000000208456e+03 5.393860919866710901e-05
5.604200000000208092e+03 5.690463876817375422e-05
5.605100000000208638e+03 5.931834675720892847e-05
5.606000000000209184e+03 6.035111073288135231e-05
5.606900000000208820e+03 6.042102540959604084e-05
5.607800000000208456e+03 6.011342338752001524e-05
5.608700000000209002e+03 5.983915980323217809e-05
5.609600000000209548e+03 5.970461279503069818e-05
5.610500000000209184e+03 5.990971840219572186e-05
5.611400000000208820e+03 6.045588088454678655e-05
5.612300000000209366e+03 6.075855344533920288e-05
5.613200000000209911e+03 5.953459185548126698e-05
5.614100000000209548e+03 5.575895193032920361e-05
5.615000000000209184e+03 5.162056186236441135e-05
5.615900000000209729e+03 5.121811409480869770e-05
5.616800000000210275e+03 5.420756133389659226e-05
5.617700000000209911e+03 5.645272904075682163e-05
5.618600000000209548e+03 5.649971717502921820e-05
5.619500000000210093e+03 5.608858191408216953e-05
5.620400000000210639e+03 5.669550228049047291e-05
5.621300000000210275e+03 5.797513586003333330e-05
5.622200000000209911e+03 5.834746843902394176e-05
5.623100000000210457e+03 5.656492066918872297e-05
5.624000000000211003e+03 5.367531412048265338e-05
5.624900000000210639e+03 5.261106343823485076e-05
5.625800000000210275e+03 5.422415779321454465e-05
5.626700000000210821e+03 5.617065471597015858e-05
5.627600000000211367e+03 5.707134914700873196e-05
5.628500000000211003e+03 5.787907502963207662e-05
5.629400000000210639e+03 5.895256617804989219e-05
5.630300000000211185e+03 5.956807217444293201e-05
5.631200000000211730e+03 5.958884139545261860e-05
5.632100000000211367e+03 5.925500954617746174e-05
5.633000000000211003e+03 5.860893361386843026e-05
5.633900000000211548e+03 5.781831350759603083e-05
5.634800000000212094e+03 5.713928112527355552e-05
5.635700000000211730e+03 5.638474976876750588e-05
5.636600000000211367e+03 5.549010165850631893e-05
5.637500000000211912e+03 5.518172474694438279e-05
5.638400000000212458e+03 5.592779416474513710e-05
5.639300000000212094e+03 5.669095844496041536e-05
5.640200000000211730e+03 5.619713920168578625e-05
5.641100000000212276e+03 5.515737575478851795e-05
5.642000000000212822e+03 5.523460640688426793e-05
5.642900000000212458e+03 5.606482955045066774e-05
5.643800000000212094e+03 5.652861364069394767e-05
5.644700000000212640e+03 5.684164352715015411e-05
5.645600000000213186e+03 5.723771755583584309e-05
5.646500000000212822e+03 5.771639916929416358e-05
5.647400000000212458e+03 5.803088060929439962e-05
5.648300000000213004e+03 5.767410766566172242e-05
5.649200000000213549e+03 5.697130472981370986e-05
5.650100000000213186e+03 5.689958925358951092e-05
5.651000000000212822e+03 5.777276237495243549e-05
5.651900000000213367e+03 5.873888585483655334e-05
5.652800000000213913e+03 5.868079824722371995e-05
5.653700000000213549e+03 5.725212758989073336e-05
5.654600000000213186e+03 5.583508755080401897e-05
5.655500000000213731e+03 5.611586675513535738e-05
5.656400000000214277e+03 5.656482244376093149e-05
5.657300000000213913e+03 5.434889681055210531e-05
5.658200000000213549e+03 5.140801658853888512e-05
5.659100000000214095e+03 5.193813194637186825e-05
5.660000000000214641e+03 5.479492028825916350e-05
5.660900000000214277e+03 5.578479249379597604e-05
5.661800000000213913e+03 5.470331961987540126e-05
5.662700000000214459e+03 5.432354009826667607e-05
5.663600000000215005e+03 5.570145731326192617e-05
5.664500000000214641e+03 5.739863263443112373e-05
5.665400000000214277e+03 5.796261393697932363e-05
5.666300000000214823e+03 5.714864892070181668e-05
5.667200000000215368e+03 5.600275471806526184e-05
5.668100000000215005e+03 5.576677722274325788e-05
5.669000000000214641e+03 5.627019709208980203e-05
5.669900000000215186e+03 5.673931445926427841e-05
5.670800000000215732e+03 5.718788088415749371e-05
5.671700000000215368e+03 5.820807564305141568e-05
5.672600000000215005e+03 5.955436790827661753e-05
5.673500000000215550e+03 6.008196942275390029e-05
5.674400000000216096e+03 5.937967580393888056e-05
5.675300000000215732e+03 5.868338121217675507e-05
5.676200000000215368e+03 5.914764915360137820e-05
5.677100000000215914e+03 5.972687358735129237e-05
5.678000000000216460e+03 5.924164361204020679e-05
5.678900000000216096e+03 5.846712519996799529e-05
5.679800000000215732e+03 5.835642514284700155e-05
5.680700000000216278e+03 5.813713141833432019e-05
5.681600000000216824e+03 5.671676626661792397e-05
5.682500000000216460e+03 5.530328780878335238e-05
5.683400000000216096e+03 5.561270154430530965e-05
5.684300000000216642e+03 5.680594767909497023e-05
5.685200000000217187e+03 5.721642446587793529e-05
5.686100000000216824e+03 5.628657527267932892e-05
5.687000000000216460e+03 5.509538823389448225e-05
5.687900000000217005e+03 5.486657391884364188e-05
5.688800000000217551e+03 5.582574522122740746e-05
5.689700000000217187e+03 5.727768439101055264e-05
5.690600000000216824e+03 5.823996252729557455e-05
5.691500000000217369e+03 5.895798676647245884e-05
5.692400000000217915e+03 5.953105574008077383e-05
5.693300000000217551e+03 5.934336877544410527e-05
5.694200000000217187e+03 5.873475311091169715e-05
5.695100000000217733e+03 5.861588942934758961e-05
5.696000000000218279e+03 5.895776484976522624e-05
5.696900000000217915e+03 5.868049629498273134e-05
5.697800000000217551e+03 5.740949200117029250e-05
5.698700000000218097e+03 5.655276981997303665e-05
5.699600000000218643e+03 5.636180139845237136e-05
5.700500000000218279e+03 5.556793257710523903e-05
5.701400000000217915e+03 5.461367618408985436e-05
5.702300000000218461e+03 5.493046774063259363e-05
5.703200000000219006e+03 5.632006650557741523e-05
5.704100000000218643e+03 5.722941568819805980e-05
5.705000000000218279e+03 5.660799433826468885e-05
5.705900000000218824e+03 5.507635432877577841e-05
5.706800000000219370e+03 5.393153332988731563e-05
5.707700000000219006e+03 5.297666939441114664e-05
5.708600000000218643e+03 5.195465200813487172e-05
5.709500000000219188e+03 5.202938336879014969e-05
5.710400000000219734e+03 5.280929690343327820e-05
5.711300000000219370e+03 5.296963354339823127e-05
5.712200000000219006e+03 5.384888572734780610e-05
5.713100000000219552e+03 5.604624675470404327e-05
5.714000000000220098e+03 5.755723032052628696e-05
5.714900000000219734e+03 5.794261232949793339e-05
5.715800000000219370e+03 5.832583337905816734e-05
5.716700000000219916e+03 5.850524030392989516e-05
5.717600000000220462e+03 5.828052962897345424e-05
5.718500000000220098e+03 5.853119728271849453e-05
5.719400000000219734e+03 5.914661960559897125e-05
5.720300000000220280e+03 5.953090294497087598e-05
5.721200000000220825e+03 6.001821748213842511e-05
5.722100000000220462e+03 6.058570215827785432e-05
5.723000000000220098e+03 6.071386815165169537e-05
5.723900000000220643e+03 6.047133501851931214e-05
5.724800000000221189e+03 6.015635517542250454e-05
5.725700000000220825e+03 5.932959174970164895e-05
5.726600000000220462e+03 5.796860205009579659e-05
5.727500000000221007e+03 5.761535066994838417e-05
5.728400000000221553e+03 5.881704055354930460e-05
5.729300000000221189e+03 5.975542808300815523e-05
5.730200000000220825e+03 5.896537550142966211e-05
5.731100000000221371e+03 5.742237408412620425e-05
5.732000000000221917e+03 5.727937605115585029e-05
5.732900000000221553e+03 5.864383274456486106e-05
5.733800000000221189e+03 5.981093636364676058e-05
5.734700000000221735e+03 6.012602534610778093e-05
5.735600000000222281e+03 5.983244409435428679e-05
5.736500000000221917e+03 5.930282350163906813e-05
5.737400000000221553e+03 5.902864722884260118e-05
5.738300000000222099e+03 5.902694101678207517e-05
5.739200000000222644e+03 5.905917714699171484e-05
5.740100000000222281e+03 5.913026325288228691e-05
5.741000000000221917e+03 5.907378726988099515e-05
5.741900000000222462e+03 5.868179505341686308e-05
5.742800000000223008e+03 5.833497561980038881e-05
5.743700000000222644e+03 5.881410470465198159e-05
5.744600000000222281e+03 5.996159961796365678e-05
5.745500000000222826e+03 6.058786311768926680e-05
5.746400000000223372e+03 5.971928840153850615e-05
5.747300000000223008e+03 5.777505793957971036e-05
5.748200000000222644e+03 5.683127164957113564e-05
5.749100000000223190e+03 5.796371988253667951e-05
5.750000000000223736e+03 5.957814209978096187e-05
5.750900000000223372e+03 5.972717190161347389e-05
5.751800000000223008e+03 5.808618152514100075e-05
5.752700000000223554e+03 5.575351315201260149e-05
5.753600000000224099e+03 5.437414802145212889e-05
5.754500000000223736e+03 5.520593185792677104e-05
5.755400000000223372e+03 5.762503133155405521e-05
5.756300000000223918e+03 5.958866677246987820e-05
5.757200000000224463e+03 6.035555998096242547e-05
5.758100000000224099e+03 6.022658271831460297e-05
5.759000000000223736e+03 5.925125879002735019e-05
5.759900000000224281e+03 5.774936653324402869e-05
5.760800000000224827e+03 5.623079778160899878e-05
5.761700000000224463e+03 5.498276368598453701e-05
5.762600000000224099e+03 5.473538112710230052e-05
5.763500000000224645e+03 5.646048521157354116e-05
5.764400000000225191e+03 5.901787881157360971e-05
5.765300000000224827e+03 6.033115278114564717e-05
5.766200000000224463e+03 6.051932359696365893e-05
5.767100000000225009e+03 6.055348785594105721e-05
5.768000000000225555e+03 6.044744804967194796e-05
5.768900000000225191e+03 6.012388621456921101e-05
5.769800000000224827e+03 5.980732748867012560e-05
5.770700000000225373e+03 5.939934999332763255e-05
5.771600000000225918e+03 5.875231363461352885e-05
5.772500000000225555e+03 5.842657628818415105e-05
5.773400000000225191e+03 5.841894744662567973e-05
5.774300000000225737e+03 5.819246143801137805e-05
5.775200000000226282e+03 5.831403905176557600e-05
5.776100000000225918e+03 5.903075725655071437e-05
5.777000000000225555e+03 5.961656279396265745e-05
5.777900000000226100e+03 5.961136048426851630e-05
5.778800000000226646e+03 5.879194941371679306e-05
5.779700000000226282e+03 5.675459397025406361e-05
5.780600000000225918e+03 5.414789848146028817e-05
5.781500000000226464e+03 5.291197157930582762e-05
5.782400000000227010e+03 5.358793350751511753e-05
5.783300000000226646e+03 5.439601591206155717e-05
5.784200000000226282e+03 5.384893302107229829e-05
5.785100000000226828e+03 5.309545304044149816e-05
5.786000000000227374e+03 5.414901897893287241e-05
5.786900000000227010e+03 5.629170846077613533e-05
5.787800000000226646e+03 5.770937787019647658e-05
5.788700000000227192e+03 5.834136391058564186e-05
5.789600000000227737e+03 5.799601058242842555e-05
5.790500000000227374e+03 5.679728928953409195e-05
5.791400000000227010e+03 5.653805055771954358e-05
5.792300000000227556e+03 5.756608516094274819e-05
5.793200000000228101e+03 5.859015072928741574e-05
5.794100000000227737e+03 5.944060467300005257e-05
5.795000000000227374e+03 6.009868593537248671e-05
5.795900000000227919e+03 5.966354365227743983e-05
5.796800000000228465e+03 5.801362567581236362e-05
5.797700000000228101e+03 5.683560448233038187e-05
5.798600000000227737e+03 5.774148303316906095e-05
5.799500000000228283e+03 5.978690751362591982e-05
5.800400000000228829e+03 6.106923683546483517e-05
5.801300000000228465e+03 6.143489008536562324e-05
5.802200000000228101e+03 6.123475031927227974e-05
5.803100000000228647e+03 6.004558963468298316e-05
5.804000000000229193e+03 5.838525612489320338e-05
5.804900000000228829e+03 5.760775820817798376e-05
5.805800000000228465e+03 5.783568121842108667e-05
5.806700000000229011e+03 5.835227784700691700e-05
5.807600000000229556e+03 5.876695649931207299e-05
5.808500000000229193e+03 5.894149217056110501e-05
5.809400000000228829e+03 5.916289956076070666e-05
5.810300000000229375e+03 5.960612907074391842e-05
5.811200000000229920e+03 5.987239637761376798e-05
5.812100000000229556e+03 5.982237416901625693e-05
5.813000000000229193e+03 5.964583397144451737e-05
5.813900000000229738e+03 5.906817386858165264e-05
5.814800000000230284e+03 5.789178976556286216e-05
5.815700000000229920e+03 5.680433969246223569e-05
5.816600000000229556e+03 5.699674147763289511e-05
5.817500000000230102e+03 5.864180639036931098e-05
5.818400000000230648e+03 6.027068593539297581e-05
5.819300000000230284e+03 6.087726433179341257e-05
5.820200000000229920e+03 6.089708767831325531e-05
5.821100000000230466e+03 6.067104550311341882e-05
5.822000000000231012e+03 6.022737943567335606e-05
5.822900000000230648e+03 5.984775998513214290e-05
5.823800000000230284e+03 5.985999814583919942e-05
5.824700000000230830e+03 6.018926796969026327e-05
5.825600000000231375e+03 6.034056059434078634e-05
5.826500000000231012e+03 6.017368650645948946e-05
5.827400000000230648e+03 6.004785609547980130e-05
5.828300000000231194e+03 6.029307405697181821e-05
5.829200000000231739e+03 6.067538197385147214e-05
5.830100000000231375e+03 6.063365799491293728e-05
5.831000000000231012e+03 6.026489427313208580e-05
5.831900000000231557e+03 6.013132951920852065e-05
5.832800000000232103e+03 6.000866778776980937e-05
5.833700000000231739e+03 5.939321999903768301e-05
5.834600000000231375e+03 5.885693826712667942e-05
5.835500000000231921e+03 5.923734715906903148e-05
5.836400000000232467e+03 5.986765609122812748e-05
5.837300000000232103e+03 5.955424057901836932e-05
5.838200000000231739e+03 5.890435568289831281e-05
5.839100000000232285e+03 5.916663212701678276e-05
5.840000000000232831e+03 6.013722304487600923e-05
5.840900000000232467e+03 6.091214163461700082e-05
5.841800000000232103e+03 6.118528108345344663e-05
5.842700000000232649e+03 6.111442780820652843e-05
5.843600000000233194e+03 6.078681326471269131e-05
5.844500000000232831e+03 6.027845302014611661e-05
5.845400000000232467e+03 5.957215034868568182e-05
5.846300000000233013e+03 5.871355460840277374e-05
5.847200000000233558e+03 5.811907249153591692e-05
5.848100000000233194e+03 5.812990275444462895e-05
5.849000000000232831e+03 5.857637734152376652e-05
5.849900000000233376e+03 5.894311834708787501e-05
5.850800000000233922e+03 5.872163819731213152e-05
5.851700000000233558e+03 5.770220013801008463e-05
5.852600000000233194e+03 5.640916788252070546e-05
5.853500000000233740e+03 5.605843762168660760e-05
5.854400000000234286e+03 5.683333802153356373e-05
5.855300000000233922e+03 5.717064050259068608e-05
5.856200000000233558e+03 5.587694613495841622e-05
5.857100000000234104e+03 5.391094236983917654e-05
5.858000000000234650e+03 5.349914499674923718e-05
5.858900000000234286e+03 5.492204945767298341e-05
5.859800000000233922e+03 5.662380863213911653e-05
5.860700000000234468e+03 5.762824366684071720e-05
5.861600000000235013e+03 5.744934605900198221e-05
5.862500000000234650e+03 5.691069600288756192e-05
5.863400000000234286e+03 5.726792733184993267e-05
5.864300000000234832e+03 5.801261795568279922e-05
5.865200000000235377e+03 5.794093885924667120e-05
5.866100000000235013e+03 5.703172428184188902e-05
5.867000000000234650e+03 5.669350503012537956e-05
5.867900000000235195e+03 5.756685277447104454e-05
5.868800000000235741e+03 5.871048415428958833e-05
5.869700000000235377e+03 5.934676664764992893e-05
5.870600000000235013e+03 5.938227695878595114e-05
5.871500000000235559e+03 5.893599518458358943e-05
5.872400000000236105e+03 5.830347799928858876e-05
5.873300000000235741e+03 5.811371011077426374e-05
5.874200000000235377e+03 5.857640280737541616e-05
5.875100000000235923e+03 5.883106132387183607e-05
5.876000000000236469e+03 5.847855572937987745e-05
5.876900000000236105e+03 5.802519808639772236e-05
5.877800000000235741e+03 5.766295362263917923e-05
5.878700000000236287e+03 5.708081880584359169e-05
5.879600000000236832e+03 5.621620584861375391e-05
5.880500000000236469e+03 5.600720032816752791e-05
5.881400000000236105e+03 5.676758883055299520e-05
5.882300000000236651e+03 5.718084503314457834e-05
5.883200000000237196e+03 5.655485801980830729e-05
5.884100000000236832e+03 5.598930511041544378e-05
5.885000000000236469e+03 5.634798799292184412e-05
5.885900000000237014e+03 5.679243258782662451e-05
5.886800000000237560e+03 5.595359834842383862e-05
5.887700000000237196e+03 5.251592301647178829e-05
5.888600000000236832e+03 4.586451177601702511e-05
5.889500000000237378e+03 3.929259037249721587e-05
5.890400000000237924e+03 3.882886448991484940e-05
5.891300000000237560e+03 4.423425343702547252e-05
5.892200000000237196e+03 4.932483352604322135e-05
5.893100000000237742e+03 5.136798790772445500e-05
5.894000000000238288e+03 5.031030013924464583e-05
5.894900000000237924e+03 4.580973836709745228e-05
5.895800000000237560e+03 4.200879629934206605e-05
5.896700000000238106e+03 4.422391066327691078e-05
5.897600000000238651e+03 4.974613693775609136e-05
5.898500000000238288e+03 5.306199818733148277e-05
5.899400000000237924e+03 5.426310235634446144e-05
5.900300000000238470e+03 5.542665894608944654e-05
5.901200000000239015e+03 5.637214417220093310e-05
5.902100000000238651e+03 5.666320794261991978e-05
5.903000000000238288e+03 5.681227412424050272e-05
5.903900000000238833e+03 5.686625445378012955e-05
5.904800000000239379e+03 5.643412805511616170e-05
5.905700000000239015e+03 5.597464041784405708e-05
5.906600000000238651e+03 5.622828030027449131e-05
5.907500000000239197e+03 5.697011874872259796e-05
5.908400000000239743e+03 5.737598985433578491e-05
5.909300000000239379e+03 5.726863673771731555e-05
5.910200000000239015e+03 5.740511187468655407e-05
5.911100000000239561e+03 5.792752199340611696e-05
5.912000000000240107e+03 5.787070404039695859e-05
5.912900000000239743e+03 5.662641706294380128e-05
5.913800000000239379e+03 5.501202394952997565e-05
5.914700000000239925e+03 5.437350409920327365e-05
5.915600000000240470e+03 5.469248208100907505e-05
5.916500000000240107e+03 5.550138666876591742e-05
5.917400000000239743e+03 5.647665238939225674e-05
5.918300000000240289e+03 5.703360147890634835e-05
5.919200000000240834e+03 5.743023939430713654e-05
5.920100000000240470e+03 5.777811747975647449e-05
5.921000000000240107e+03 5.752867218689061701e-05
5.921900000000240652e+03 5.696414154954254627e-05
5.922800000000241198e+03 5.688900637323968112e-05
5.923700000000240834e+03 5.725159644498489797e-05
5.924600000000240470e+03 5.760927524534054101e-05
5.925500000000241016e+03 5.798054553451947868e-05
5.926400000000241562e+03 5.809395588585175574e-05
5.927300000000241198e+03 5.761031934525817633e-05
5.928200000000240834e+03 5.670744212693534791e-05
5.929100000000241380e+03 5.564300590776838362e-05
5.930000000000241926e+03 5.522352876141667366e-05
5.930900000000241562e+03 5.629986480926163495e-05
5.931800000000241198e+03 5.775255340267904103e-05
5.932700000000241744e+03 5.794095704914070666e-05
5.933600000000242289e+03 5.678954039467498660e-05
5.934500000000241926e+03 5.573486851062625647e-05
5.935400000000241562e+03 5.616835187538526952e-05
5.936300000000242107e+03 5.732970021199434996e-05
5.937200000000242653e+03 5.792179945274256170e-05
5.938100000000242289e+03 5.822857929160818458e-05
5.939000000000241926e+03 5.843144390382803977e-05
5.939900000000242471e+03 5.772764052380807698e-05
5.940800000000243017e+03 5.643268013955093920e-05
5.941700000000242653e+03 5.593769310507923365e-05
5.942600000000242289e+03 5.639581286231987178e-05
5.943500000000242835e+03 5.707926175091415644e-05
5.944400000000243381e+03 5.779717685072682798e-05
5.945300000000243017e+03 5.839445657329633832e-05
5.946200000000242653e+03 5.847054490004666150e-05
5.947100000000243199e+03 5.764478555647656322e-05
5.948000000000243745e+03 5.611894812318496406e-05
5.948900000000243381e+03 5.523522486328147352e-05
5.949800000000243017e+03 5.604347825283184648e-05
5.950700000000243563e+03 5.725762093788944185e-05
5.951600000000244108e+03 5.697895903722383082e-05
5.952500000000243745e+03 5.575777686317451298e-05
5.953400000000243381e+03 5.571095243794843554e-05
5.954300000000243926e+03 5.684739153366535902e-05
5.955200000000244472e+03 5.722419882658869028e-05
5.956100000000244108e+03 5.641766620101407170e-05
5.957000000000243745e+03 5.572675217990763485e-05
5.957900000000244290e+03 5.587992200162261724e-05
5.958800000000244836e+03 5.662010153173469007e-05
5.959700000000244472e+03 5.756655809818767011e-05
5.960600000000244108e+03 5.829654037370346487e-05
5.961500000000244654e+03 5.860687087988480926e-05
5.962400000000245200e+03 5.854552000528201461e-05
5.963300000000244836e+03 5.837741264258511364e-05
5.964200000000244472e+03 5.806334957014769316e-05
5.965100000000245018e+03 5.743947258451953530e-05
5.966000000000245564e+03 5.716742089134640992e-05
5.966900000000245200e+03 5.771441283286549151e-05
5.967800000000244836e+03 5.828153734910301864e-05
5.968700000000245382e+03 5.852051617694087327e-05
5.969600000000245927e+03 5.878396405023522675e-05
5.970500000000245564e+03 5.909562969463877380e-05
5.971400000000245200e+03 5.919642353546805680e-05
5.972300000000245745e+03 5.909922765567898750e-05
5.973200000000246291e+03 5.889141175430268049e-05
5.974100000000245927e+03 5.829651490785181522e-05
5.975000000000245564e+03 5.717813473893329501e-05
5.975900000000246109e+03 5.607115963357500732e-05
5.976800000000246655e+03 5.557552503887563944e-05
5.977700000000246291e+03 5.574261740548536181e-05
5.978600000000245927e+03 5.639925439027138054e-05
5.979500000000246473e+03 5.745367525378242135e-05
5.980400000000247019e+03 5.827208951814100146e-05
5.981300000000246655e+03 5.824551772093400359e-05
5.982200000000246291e+03 5.728405449190177023e-05
5.983100000000246837e+03 5.548406625166535378e-05
5.984000000000247383e+03 5.405105912359431386e-05
5.984900000000247019e+03 5.442668771138414741e-05
5.985800000000246655e+03 5.585165126831270754e-05
5.986700000000247201e+03 5.660009628627449274e-05
5.987600000000247746e+03 5.683922427124343812e-05
5.988500000000247383e+03 5.738891559303738177e-05
5.989400000000247019e+03 5.789532224298454821e-05
5.990300000000247564e+03 5.762514410889707506e-05
5.991200000000248110e+03 5.691565820598043501e-05
5.992100000000247746e+03 5.708328899345360696e-05
5.993000000000247383e+03 5.820953811053186655e-05
5.993900000000247928e+03 5.901163603994064033e-05
5.994800000000248474e+03 5.885602149646729231e-05
5.995700000000248110e+03 5.792593947262503207e-05
5.996600000000247746e+03 5.659470480168238282e-05
5.997500000000248292e+03 5.566641266341321170e-05
5.998400000000248838e+03 5.579062417382374406e-05
5.999300000000248474e+03 5.661752584273926914e-05
6.000200000000248110e+03 5.739787229686044157e-05
6.001100000000248656e+03 5.744505688198842108e-05
6.002000000000249202e+03 5.659238013322465122e-05
6.002900000000248838e+03 5.601230441243387759e-05
6.003800000000248474e+03 5.659326780005358160e-05
6.004700000000249020e+03 5.718901957152411342e-05
6.005600000000249565e+03 5.679613968823105097e-05
6.006500000000249202e+03 5.564100138144567609e-05
6.007400000000248838e+03 5.417794818640686572e-05
6.008300000000249383e+03 5.384259929996915162e-05
6.009200000000249929e+03 5.557862459681928158e-05
6.010100000000249565e+03 5.762701403000392020e-05
6.011000000000249202e+03 5.802481246064417064e-05
6.011900000000249747e+03 5.680463800672441721e-05
6.012800000000250293e+03 5.539897028938867152e-05
6.013700000000249929e+03 5.529619011213071644e-05
6.014600000000249565e+03 5.613542089122347534e-05
6.015500000000250111e+03 5.621047966997139156e-05
6.016400000000250657e+03 5.555795723921619356e-05
6.017300000000250293e+03 5.566806430579163134e-05
6.018200000000249929e+03 5.621298259939067066e-05
6.019100000000250475e+03 5.575865725404582918e-05
6.020000000000251021e+03 5.480682375491596758e-05
6.020900000000250657e+03 5.464976129587739706e-05
6.021800000000250293e+03 5.524300649994984269e-05
6.022700000000250839e+03 5.581189907388761640e-05
6.023600000000251384e+03 5.594992398982867599e-05
6.024500000000251021e+03 5.636192145175300539e-05
6.025400000000250657e+03 5.714001599699258804e-05
6.026300000000251202e+03 5.720469926018267870e-05
6.027200000000251748e+03 5.706987576559185982e-05
6.028100000000251384e+03 5.764799425378441811e-05
6.029000000000251021e+03 5.826362030347809196e-05
6.029900000000251566e+03 5.829254223499447107e-05
6.030800000000252112e+03 5.812510789837688208e-05
6.031700000000251748e+03 5.835837509948760271e-05
6.032600000000251384e+03 5.881622564629651606e-05
6.033500000000251930e+03 5.895442518522031605e-05
6.034400000000252476e+03 5.880000389879569411e-05
6.035300000000252112e+03 5.869819869985803962e-05
6.036200000000251748e+03 5.876079740119166672e-05
6.037100000000252294e+03 5.891332330065779388e-05
6.038000000000252840e+03 5.892146145924925804e-05
6.038900000000252476e+03 5.853547554579563439e-05
6.039800000000252112e+03 5.810030779684893787e-05
6.040700000000252658e+03 5.794498065370135009e-05
6.041600000000253203e+03 5.781976506114006042e-05
6.042500000000252840e+03 5.805941691505722702e-05
6.043400000000252476e+03 5.882888217456638813e-05
6.044300000000253021e+03 5.932338171987794340e-05
6.045200000000253567e+03 5.935391891398467124e-05
6.046100000000253203e+03 5.935056469752453268e-05
6.047000000000252840e+03 5.939570473856292665e-05
6.047900000000253385e+03 5.924914876231923699e-05
6.048800000000253931e+03 5.910020990995690227e-05
6.049700000000253567e+03 5.930692714173346758e-05
6.050600000000253203e+03 5.952322317170910537e-05
6.051500000000253749e+03 5.926657468080520630e-05
6.052400000000254295e+03 5.858269287273287773e-05
6.053300000000253931e+03 5.792635784018784761e-05
6.054200000000253567e+03 5.762447472079657018e-05
6.055100000000254113e+03 5.728317410103045404e-05
6.056000000000254659e+03 5.678345405613072217e-05
6.056900000000254295e+03 5.681705806637182832e-05
6.057800000000253931e+03 5.746744500356726348e-05
6.058700000000254477e+03 5.828878784086555243e-05
6.059600000000255022e+03 5.886807048227638006e-05
6.060500000000254659e+03 5.894046989851631224e-05
6.061400000000254295e+03 5.853013135492801666e-05
6.062300000000254840e+03 5.781151412520557642e-05
6.063200000000255386e+03 5.705222065444104373e-05
6.064100000000255022e+03 5.597832932835444808e-05
6.065000000000254659e+03 5.491394040291197598e-05
6.065900000000255204e+03 5.559385681408457458e-05
6.066800000000255750e+03 5.782198786619119346e-05
6.067700000000255386e+03 5.947252066107466817e-05
6.068600000000255022e+03 5.991970465402118862e-05
6.069500000000255568e+03 5.986052565276622772e-05
6.070400000000256114e+03 5.979027628200128675e-05
6.071300000000255750e+03 5.981387948850169778e-05
6.072200000000255386e+03 5.987300028209574521e-05
6.073100000000255932e+03 5.993157174088992178e-05
6.074000000000256478e+03 5.993720333208329976e-05
6.074900000000256114e+03 5.975969179417006671e-05
6.075800000000255750e+03 5.932883505010977387e-05
6.076700000000256296e+03 5.858325675944797695e-05
6.077600000000256841e+03 5.734817750635556877e-05
6.078500000000256478e+03 5.634630360873416066e-05
6.079400000000256114e+03 5.661127943312749267e-05
6.080300000000256659e+03 5.716846862924285233e-05
6.081200000000257205e+03 5.669249003403820097e-05
6.082100000000256841e+03 5.609191794064827263e-05
6.083000000000256478e+03 5.646221325150690973e-05
6.083900000000257023e+03 5.702092312276363373e-05
6.084800000000257569e+03 5.682900518877431750e-05
6.085700000000257205e+03 5.654414781020022929e-05
6.086600000000256841e+03 5.687572047463618219e-05
6.087500000000257387e+03 5.750595664721913636e-05
6.088400000000257933e+03 5.756445170845836401e-05
6.089300000000257569e+03 5.664100171998143196e-05
6.090200000000257205e+03 5.577416959567926824e-05
6.091100000000257751e+03 5.584513928624801338e-05
6.092000000000258296e+03 5.615256304736249149e-05
6.092900000000257933e+03 5.628463259199634194e-05
6.093800000000257569e+03 5.691668411600403488e-05
6.094700000000258115e+03 5.803335807286202908e-05
6.095600000000258660e+03 5.837084609083831310e-05
6.096500000000258296e+03 5.770846473751589656e-05
6.097400000000257933e+03 5.730662087444216013e-05
6.098300000000258478e+03 5.778639751952141523e-05
6.099200000000259024e+03 5.859880548086948693e-05
6.100100000000258660e+03 5.869598680874332786e-05
6.101000000000258296e+03 5.683461495209485292e-05
6.101900000000258842e+03 5.322143260855227709e-05
6.102800000000259388e+03 5.129700730321928859e-05
6.103700000000259024e+03 5.338480332284234464e-05
6.104600000000258660e+03 5.654294727719388902e-05
6.105500000000259206e+03 5.790439172415062785e-05
6.106400000000259752e+03 5.773003067588433623e-05
6.107300000000259388e+03 5.708107710233889520e-05
6.108200000000259024e+03 5.710710684070363641e-05
6.109100000000259570e+03 5.797105768579058349e-05
6.110000000000260115e+03 5.822602906846441329e-05
6.110900000000259752e+03 5.743637666455470026e-05
6.111800000000259388e+03 5.710038021788932383e-05
6.112700000000259934e+03 5.788029011455364525e-05
6.113600000000260479e+03 5.880731259821914136e-05
6.114500000000260115e+03 5.895174763281829655e-05
6.115400000000259752e+03 5.801454972242936492e-05
6.116300000000260297e+03 5.711038102163001895e-05
6.117200000000260843e+03 5.744409281760454178e-05
6.118100000000260479e+03 5.796143886982463300e-05
6.119000000000260115e+03 5.730976408813148737e-05
6.119900000000260661e+03 5.599707947112619877e-05
6.120800000000261207e+03 5.440364475362002850e-05
6.121700000000260843e+03 5.277971285977400839e-05
6.122600000000260479e+03 5.317219256539829075e-05
6.123500000000261025e+03 5.582052835961803794e-05
6.124400000000261571e+03 5.763378430856391788e-05
6.125300000000261207e+03 5.753535879193805158e-05
6.126200000000260843e+03 5.688271994586102664e-05
6.127100000000261389e+03 5.627058999380096793e-05
6.128000000000261934e+03 5.581688674283213913e-05
6.128900000000261571e+03 5.612842869595624506e-05
6.129800000000261207e+03 5.713566133636049926e-05
6.130700000000261753e+03 5.793570380774326622e-05
6.131600000000262298e+03 5.813642928842455149e-05
6.132500000000261934e+03 5.821631202707067132e-05
6.133400000000261571e+03 5.801771112601272762e-05
6.134300000000262116e+03 5.672974293702282012e-05
6.135200000000262662e+03 5.403477916843257844e-05
6.136100000000262298e+03 5.039816824137233198e-05
6.137000000000261934e+03 4.829022509511560202e-05
6.137900000000262480e+03 5.036326183471828699e-05
6.138800000000263026e+03 5.486643931362777948e-05
6.139700000000262662e+03 5.752630386268720031e-05
6.140600000000262298e+03 5.684860661858692765e-05
6.141500000000262844e+03 5.512735151569359004e-05
6.142400000000263390e+03 5.532316936296410859e-05
6.143300000000263026e+03 5.721758861909620464e-05
6.144200000000262662e+03 5.852376852999441326e-05
6.145100000000263208e+03 5.859048906131647527e-05
6.146000000000263753e+03 5.822300227009691298e-05
6.146900000000263390e+03 5.766333924839273095e-05
6.147800000000263026e+03 5.671770122717134655e-05
6.148700000000263572e+03 5.577390402322635055e-05
6.149600000000264117e+03 5.537457036552950740e-05
6.150500000000263753e+03 5.573750968324020505e-05
6.151400000000263390e+03 5.655019413097761571e-05
6.152300000000263935e+03 5.726207382394932210e-05
6.153200000000264481e+03 5.716759551432915032e-05
6.154100000000264117e+03 5.605658952845260501e-05
6.155000000000263753e+03 5.529664122150279582e-05
6.155900000000264299e+03 5.562321530305780470e-05
6.156800000000264845e+03 5.598642019322142005e-05
6.157700000000264481e+03 5.589653665083460510e-05
6.158600000000264117e+03 5.575108298216946423e-05
6.159500000000264663e+03 5.480586332851089537e-05
6.160400000000265209e+03 5.191990203456953168e-05
6.161300000000264845e+03 4.825086216442286968e-05
6.162200000000264481e+03 4.669692498282529414e-05
6.163100000000265027e+03 4.818283923668786883e-05
6.164000000000265572e+03 5.097555185784585774e-05
6.164900000000265209e+03 5.302576028043404222e-05
6.165800000000264845e+03 5.385412077885121107e-05
6.166700000000265391e+03 5.451685137813910842e-05
6.167600000000265936e+03 5.450060416478663683e-05
6.168500000000265572e+03 5.234247146290726960e-05
6.169400000000265209e+03 4.988108776160515845e-05
6.170300000000265754e+03 5.038030576542951167e-05
6.171200000000266300e+03 5.322935976437292993e-05
6.172100000000265936e+03 5.501954001374542713e-05
6.173000000000265572e+03 5.488799070008099079e-05
6.173900000000266118e+03 5.468090603244490921e-05
6.174800000000266664e+03 5.484046414494514465e-05
6.175700000000266300e+03 5.463177512865513563e-05
6.176600000000265936e+03 5.435957791632972658e-05
6.177500000000266482e+03 5.488258466357365251e-05
6.178400000000267028e+03 5.576192415901459754e-05
6.179300000000266664e+03 5.576006878982298076e-05
6.180200000000266300e+03 5.543068618862889707e-05
6.181100000000266846e+03 5.586296538240276277e-05
6.182000000000267391e+03 5.646429417538456619e-05
6.182900000000267028e+03 5.647531361319124699e-05
6.183800000000266664e+03 5.630763916997238994e-05
6.184700000000267210e+03 5.606744161923415959e-05
6.185600000000267755e+03 5.512471761903725564e-05
6.186500000000267391e+03 5.393016908783465624e-05
6.187400000000267028e+03 5.344438613974489272e-05
6.188300000000267573e+03 5.357473855838179588e-05
6.189200000000268119e+03 5.357557893148623407e-05
6.190100000000267755e+03 5.228539521340280771e-05
6.191000000000267391e+03 5.018938827561214566e-05
6.191900000000267937e+03 5.024970232625491917e-05
6.192800000000268483e+03 5.282356505631469190e-05
6.193700000000268119e+03 5.487386079039424658e-05
6.194600000000267755e+03 5.546530519495718181e-05
6.195500000000268301e+03 5.575708928517997265e-05
6.196400000000268847e+03 5.627709106192924082e-05
6.197300000000268483e+03 5.642194446409121156e-05
6.198200000000268119e+03 5.540747224586084485e-05
6.199100000000268665e+03 5.364811659092083573e-05
6.200000000000269210e+03 5.287324529490433633e-05
6.200900000000268847e+03 5.387969576986506581e-05
6.201800000000268483e+03 5.550107380258850753e-05
6.202700000000269029e+03 5.636952846543863416e-05
6.203600000000269574e+03 5.630446321447379887e-05
6.204500000000269210e+03 5.601639350061304867e-05
6.205400000000268847e+03 5.609488289337605238e-05
6.206300000000269392e+03 5.634457193082198501e-05
6.207200000000269938e+03 5.642983160214498639e-05
6.208100000000269574e+03 5.637485810439102352e-05
6.209000000000269210e+03 5.613086250377818942e-05
6.209900000000269756e+03 5.565986066358163953e-05
6.210800000000270302e+03 5.526385939447209239e-05
6.211700000000269938e+03 5.475448415381833911e-05
6.212600000000269574e+03 5.333845911081880331e-05
6.213500000000270120e+03 5.149209391674958169e-05
6.214400000000270666e+03 5.048431194154545665e-05
6.215300000000270302e+03 5.051601328887045383e-05
6.216200000000269938e+03 5.154204336577095091e-05
6.217100000000270484e+03 5.305534068611450493e-05
6.218000000000271029e+03 5.349405910237692297e-05
6.218900000000270666e+03 5.243201303528621793e-05
6.219800000000270302e+03 5.145937393535859883e-05
6.220700000000270848e+03 5.170011354493908584e-05
6.221600000000271393e+03 5.270232941256836057e-05
6.222500000000271029e+03 5.349845014279708266e-05
6.223400000000270666e+03 5.346389298210851848e-05
6.224300000000271211e+03 5.320548734744079411e-05
6.225200000000271757e+03 5.352019070414826274e-05
6.226100000000271393e+03 5.394522668211720884e-05
6.227000000000271029e+03 5.408194920164532959e-05
6.227900000000271575e+03 5.393650280893780291e-05
6.228800000000272121e+03 5.276539377518929541e-05
6.229700000000271757e+03 5.047142985858954489e-05
6.230600000000271393e+03 4.890935451840050519e-05
6.231500000000271939e+03 4.950177753926254809e-05
6.232400000000272485e+03 5.104979572934098542e-05
6.233300000000272121e+03 5.266075459076091647e-05
6.234200000000271757e+03 5.451975448522716761e-05
6.235100000000272303e+03 5.560376666835509241e-05
6.236000000000272848e+03 5.530683120014145970e-05
6.236900000000272485e+03 5.424307892099022865e-05
6.237800000000272121e+03 5.318063995218835771e-05
6.238700000000272667e+03 5.226667781244032085e-05
6.239600000000273212e+03 5.149287608219310641e-05
6.240500000000272848e+03 5.164514004718512297e-05
6.241400000000272485e+03 5.230139868217520416e-05
6.242300000000273030e+03 5.171147495275363326e-05
6.243200000000273576e+03 5.060474359197542071e-05
6.244100000000273212e+03 5.065208824817091227e-05
6.245000000000272848e+03 5.107432298245839775e-05
6.245900000000273394e+03 5.120884816278703511e-05
6.246800000000273940e+03 5.203716136747971177e-05
6.247700000000273576e+03 5.356513429433107376e-05
6.248600000000273212e+03 5.449345189845189452e-05
6.249500000000273758e+03 5.456535291159525514e-05
6.250400000000274304e+03 5.407379649113863707e-05
6.251300000000273940e+03 5.260623220237903297e-05
6.252200000000273576e+03 5.079629409010522068e-05
6.253100000000274122e+03 5.006528226658701897e-05
6.254000000000274667e+03 5.035950016463175416e-05
6.254900000000274304e+03 5.086089004180394113e-05
6.255800000000273940e+03 5.070869883638806641e-05
6.256700000000274486e+03 4.982718746759928763e-05
6.257600000000275031e+03 4.894216181128285825e-05
6.258500000000274667e+03 4.898338011116720736e-05
6.259400000000274304e+03 5.060643525212071836e-05
6.260300000000274849e+03 5.228321242611855268e-05
6.261200000000275395e+03 5.312918801791965961e-05
6.262100000000275031e+03 5.421388050308451056e-05
6.263000000000274667e+03 5.519621117855422199e-05
6.263900000000275213e+03 5.470104952109977603e-05
6.264800000000275759e+03 5.322053038980811834e-05
6.265700000000275395e+03 5.283859718474559486e-05
6.266600000000275031e+03 5.382747986004687846e-05
6.267500000000275577e+03 5.442672409117221832e-05
6.268400000000276123e+03 5.404514740803278983e-05
6.269300000000275759e+03 5.358751877793110907e-05
6.270200000000275395e+03 5.356551628210581839e-05
6.271100000000275941e+03 5.389498619479127228e-05
6.272000000000276486e+03 5.448014053399674594e-05
6.272900000000276123e+03 5.481924381456337869e-05
6.273800000000275759e+03 5.467299342853948474e-05
6.274700000000276304e+03 5.456114377011545002e-05
6.275600000000276850e+03 5.469587995321489871e-05
6.276500000000276486e+03 5.473077908391132951e-05
6.277400000000276123e+03 5.466827133204787970e-05
6.278300000000276668e+03 5.448804586194455624e-05
6.279200000000277214e+03 5.370157305151224136e-05
6.280100000000276850e+03 5.269936809781938791e-05
6.281000000000276486e+03 5.269478060654364526e-05
6.281900000000277032e+03 5.354807944968342781e-05
6.282800000000277578e+03 5.452028199215419590e-05
6.283700000000277214e+03 5.530330236069858074e-05
6.284600000000276850e+03 5.531019633053801954e-05
6.285500000000277396e+03 5.507819878403097391e-05
6.286400000000277942e+03 5.544861778616905212e-05
6.287300000000277578e+03 5.612127642962150276e-05
6.288200000000277214e+03 5.660259557771496475e-05
6.289100000000277760e+03 5.648912701872177422e-05
6.290000000000278305e+03 5.560785211855545640e-05
6.290900000000277942e+03 5.461288310470990837e-05
6.291800000000277578e+03 5.415661507868207991e-05
6.292700000000278123e+03 5.416988278739154339e-05
6.293600000000278669e+03 5.461601540446281433e-05
6.294500000000278305e+03 5.498524114955216646e-05
6.295400000000277942e+03 5.435379353002645075e-05
6.296300000000278487e+03 5.303790385369211435e-05
6.297200000000279033e+03 5.234214040683582425e-05
6.298100000000278669e+03 5.277481977827847004e-05
6.299000000000278305e+03 5.361087460187263787e-05
6.299900000000278851e+03 5.363456148188561201e-05
6.300800000000279397e+03 5.254680218058638275e-05
6.301700000000279033e+03 5.157740451977588236e-05
6.302600000000278669e+03 5.207165304454974830e-05
6.303500000000279215e+03 5.345961835701018572e-05
6.304400000000279761e+03 5.418724322225898504e-05
6.305300000000279397e+03 5.418423097580671310e-05
6.306200000000279033e+03 5.470285395858809352e-05
6.307100000000279579e+03 5.579659045906737447e-05
6.308000000000280124e+03 5.632445027003996074e-05
6.308900000000279761e+03 5.598596180789172649e-05
6.309800000000279397e+03 5.506588422576896846e-05
6.310700000000279942e+03 5.414060433395206928e-05
6.311600000000280488e+03 5.382359813665971160e-05
6.312500000000280124e+03 5.419663284556008875e-05
6.313400000000279761e+03 5.416489511844702065e-05
6.314300000000280306e+03 5.294860238791443408e-05
6.315200000000280852e+03 5.207205686019733548e-05
6.316100000000280488e+03 5.247006265562959015e-05
6.317000000000280124e+03 5.233257252257317305e-05
6.317900000000280670e+03 5.115234307595528662e-05
6.318800000000281216e+03 5.111548671266064048e-05
6.319700000000280852e+03 5.269354369374923408e-05
6.320600000000280488e+03 5.395846528699621558e-05
6.321500000000281034e+03 5.404893818194977939e-05
6.322400000000281580e+03 5.387063720263540745e-05
6.323300000000281216e+03 5.443178088171407580e-05
6.324200000000280852e+03 5.526764289243146777e-05
6.325100000000281398e+03 5.561551733990199864e-05
6.326000000000281943e+03 5.553202208830043674e-05
6.326900000000281580e+03 5.521521234186366200e-05
6.327800000000281216e+03 5.532663271878845990e-05
6.328700000000281761e+03 5.568946653511375189e-05
6.329600000000282307e+03 5.531519491341896355e-05
6.330500000000281943e+03 5.481843618326820433e-05
6.331400000000281580e+03 5.519676051335409284e-05
6.332300000000282125e+03 5.603306999546475708e-05
6.333200000000282671e+03 5.624922778224572539e-05
6.334100000000282307e+03 5.490278999786823988e-05
6.335000000000281943e+03 5.256149233900941908e-05
6.335900000000282489e+03 5.132332807988859713e-05
6.336800000000283035e+03 5.202475949772633612e-05
6.337700000000282671e+03 5.328129554982297122e-05
6.338600000000282307e+03 5.380436414270661771e-05
6.339500000000282853e+03 5.435402272269129753e-05
6.340400000000283399e+03 5.531994611374102533e-05
6.341300000000283035e+03 5.549819979933090508e-05
6.342200000000282671e+03 5.448594674817286432e-05
6.343100000000283217e+03 5.293824142427183688e-05
6.344000000000283762e+03 5.212395626585930586e-05
6.344900000000283399e+03 5.284342478262260556e-05
6.345800000000283035e+03 5.400804002420045435e-05
6.346700000000283580e+03 5.454399797599762678e-05
6.347600000000284126e+03 5.490188777912408113e-05
6.348500000000283762e+03 5.539981066249310970e-05
6.349400000000283399e+03 5.561450598179362714e-05
6.350300000000283944e+03 5.558985139941796660e-05
6.351200000000284490e+03 5.564192906604148448e-05
6.352100000000284126e+03 5.557207987294532359e-05
6.353000000000283762e+03 5.498009340954013169e-05
6.353900000000284308e+03 5.382798917707987130e-05
6.354800000000284854e+03 5.299866461427882314e-05
6.355700000000284490e+03 5.333720764610916376e-05
6.356600000000284126e+03 5.382650851970538497e-05
6.357500000000284672e+03 5.298991527524776757e-05
6.358400000000285218e+03 5.155499457032419741e-05
6.359300000000284854e+03 5.102690192870795727e-05
6.360200000000284490e+03 5.114142186357639730e-05
6.361100000000285036e+03 5.077153764432296157e-05
6.362000000000285581e+03 5.020287790102884173e-05
6.362900000000285218e+03 5.039092502556741238e-05
6.363800000000284854e+03 5.135522587806917727e-05
6.364700000000285399e+03 5.245927604846656322e-05
6.365600000000285945e+03 5.333318040356971323e-05
6.366500000000285581e+03 5.408018114394508302e-05
6.367400000000285218e+03 5.498253085534088314e-05
6.368300000000285763e+03 5.549591878661885858e-05
6.369200000000286309e+03 5.522941501112654805e-05
6.370100000000285945e+03 5.472735574585385621e-05
6.371000000000285581e+03 5.481810148921795189e-05
6.371900000000286127e+03 5.562204023590311408e-05
6.372800000000286673e+03 5.630795203614979982e-05
6.373700000000286309e+03 5.632634929497726262e-05
6.374600000000285945e+03 5.606814738712273538e-05
6.375500000000286491e+03 5.606034028460271657e-05
6.376400000000287037e+03 5.612564564216881990e-05
6.377300000000286673e+03 5.562480509979650378e-05
6.378200000000286309e+03 5.481571861309930682e-05
6.379100000000286855e+03 5.450144817586988211e-05
6.380000000000287400e+03 5.452111508930101991e-05
6.380900000000287037e+03 5.460244938149116933e-05
6.381800000000286673e+03 5.505376248038373888e-05
6.382700000000287218e+03 5.545624662772752345e-05
6.383600000000287764e+03 5.522641367861069739e-05
6.384500000000287400e+03 5.489053728524595499e-05
6.385400000000287037e+03 5.515861630556173623e-05
6.386300000000287582e+03 5.570842404267750680e-05
6.387200000000288128e+03 5.594927279162220657e-05
6.388100000000287764e+03 5.589025022345595062e-05
6.389000000000287400e+03 5.592829256784170866e-05
6.389900000000287946e+03 5.606464401353150606e-05
6.390800000000288492e+03 5.581239020102657378e-05
6.391700000000288128e+03 5.452281766338273883e-05
6.392600000000287764e+03 5.240243990556336939e-05
6.393500000000288310e+03 5.137655170983634889e-05
6.394400000000288856e+03 5.266782682156190276e-05
6.395300000000288492e+03 5.480770414578728378e-05
6.396200000000288128e+03 5.618554132524877787e-05
6.397100000000288674e+03 5.657260771840810776e-05
6.398000000000289219e+03 5.575977411353960633e-05
6.398900000000288856e+03 5.328518454916775227e-05
6.399800000000288492e+03 5.086567398393526673e-05
6.400700000000289037e+03 5.161521403351798654e-05
6.401600000000289583e+03 5.455947393784299493e-05
6.402500000000289219e+03 5.646704448736272752e-05
6.403400000000288856e+03 5.692082049790769815e-05
6.404300000000289401e+03 5.676023283740505576e-05
6.405200000000289947e+03 5.623999095405451953e-05
6.406100000000289583e+03 5.528674955712631345e-05
6.407000000000289219e+03 5.388241697801277041e-05
6.407900000000289765e+03 5.314384543453343213e-05
6.408800000000290311e+03 5.417135616880841553e-05
6.409700000000289947e+03 5.522902574739418924e-05
6.410600000000289583e+03 5.445929127745330334e-05
6.411500000000290129e+03 5.333021545084193349e-05
6.412400000000290675e+03 5.359595161280594766e-05
6.413300000000290311e+03 5.433350088424049318e-05
6.414200000000289947e+03 5.456806684378534555e-05
6.415100000000290493e+03 5.482801861944608390e-05
6.416000000000291038e+03 5.532315117307007313e-05
6.416900000000290675e+03 5.541763312066905200e-05
6.417800000000290311e+03 5.502548447111621499e-05
6.418700000000290856e+03 5.414859333541244268e-05
6.419600000000291402e+03 5.275924559100531042e-05
6.420500000000291038e+03 5.177748244022950530e-05
6.421400000000290675e+03 5.241985854809172451e-05
6.422300000000291220e+03 5.456836152006871998e-05
6.423200000000291766e+03 5.626441998174414039e-05
6.424100000000291402e+03 5.638989387080073357e-05
6.425000000000291038e+03 5.598889765678904951e-05
6.425900000000291584e+03 5.616356429527513683e-05
6.426800000000292130e+03 5.671680628438480198e-05
6.427700000000291766e+03 5.695425716112367809e-05
6.428600000000291402e+03 5.626821075566112995e-05
6.429500000000291948e+03 5.439870801637880504e-05
6.430400000000292493e+03 5.235671051195822656e-05
6.431300000000292130e+03 5.206843707128427923e-05
6.432200000000291766e+03 5.350852006813511252e-05
6.433100000000292312e+03 5.496718222275376320e-05
6.434000000000292857e+03 5.580001379712484777e-05
6.434900000000292493e+03 5.627261634799651802e-05
6.435800000000292130e+03 5.648924707202240825e-05
6.436700000000292675e+03 5.604474790743552148e-05
6.437600000000293221e+03 5.437317304313182831e-05
6.438500000000292857e+03 5.242370025371201336e-05
6.439400000000292493e+03 5.256615622784011066e-05
6.440300000000293039e+03 5.486689042299985886e-05
6.441200000000293585e+03 5.685487849405035377e-05
6.442100000000293221e+03 5.739701009588316083e-05
6.443000000000292857e+03 5.718495958717539907e-05
6.443900000000293403e+03 5.699420580640435219e-05
6.444800000000293949e+03 5.710603727493435144e-05
6.445700000000293585e+03 5.742978464695625007e-05
6.446600000000293221e+03 5.744196096202358603e-05
6.447500000000293767e+03 5.632903048535808921e-05
6.448400000000294312e+03 5.349269486032426357e-05
6.449300000000293949e+03 5.022984987590461969e-05
6.450200000000293585e+03 4.956957127433270216e-05
6.451100000000294131e+03 5.192631215322762728e-05
6.452000000000294676e+03 5.459429303300566971e-05
6.452900000000294312e+03 5.605229671346023679e-05
6.453800000000293949e+03 5.610071093542501330e-05
6.454700000000294494e+03 5.485212386702187359e-05
6.455600000000295040e+03 5.360627619666047394e-05
6.456500000000294676e+03 5.388964200392365456e-05
6.457400000000294312e+03 5.540064012166112661e-05
6.458300000000294858e+03 5.678307934431359172e-05
6.459200000000295404e+03 5.746007445850409567e-05
6.460100000000295040e+03 5.722301284549757838e-05
6.461000000000294676e+03 5.541112113860435784e-05
6.461900000000295222e+03 5.245041029411368072e-05
6.462800000000295768e+03 5.114119994686916471e-05
6.463700000000295404e+03 5.280313780531287193e-05
6.464600000000295040e+03 5.503851207322441041e-05
6.465500000000295586e+03 5.615972986561246216e-05
6.466400000000296131e+03 5.655785207636654377e-05
6.467300000000295768e+03 5.667153527610935271e-05
6.468200000000295404e+03 5.634424815070815384e-05
6.469100000000295950e+03 5.564470120589248836e-05
6.470000000000296495e+03 5.499731196323409677e-05
6.470900000000296131e+03 5.440164022729732096e-05
6.471800000000295768e+03 5.440628592623397708e-05
6.472700000000296313e+03 5.527289977180771530e-05
6.473600000000296859e+03 5.569919449044391513e-05
6.474500000000296495e+03 5.515264638233929873e-05
6.475400000000296131e+03 5.476282240124419332e-05
6.476300000000296677e+03 5.530216367333196104e-05
6.477200000000297223e+03 5.597217023023404181e-05
6.478100000000296859e+03 5.601712109637446702e-05
6.479000000000296495e+03 5.585739927482791245e-05
6.479900000000297041e+03 5.548840272240340710e-05
6.480800000000297587e+03 5.424983828561380506e-05
6.481700000000297223e+03 5.264823266770690680e-05
6.482600000000296859e+03 5.215999044594354928e-05
6.483500000000297405e+03 5.307151150191202760e-05
6.484400000000297950e+03 5.428787699202075601e-05
6.485300000000297587e+03 5.500357656273990870e-05
6.486200000000297223e+03 5.531542774406261742e-05
6.487100000000297769e+03 5.556379255722276866e-05
6.488000000000298314e+03 5.564713501371443272e-05
6.488900000000297950e+03 5.523116851691156626e-05
6.489800000000297587e+03 5.442036126623861492e-05
6.490700000000298132e+03 5.378112473408691585e-05
6.491600000000298678e+03 5.336688627721741796e-05
6.492500000000298314e+03 5.211604002397507429e-05
6.493400000000297950e+03 4.918950435239821672e-05
6.494300000000298496e+03 4.621667903847992420e-05
6.495200000000299042e+03 4.541748421615920961e-05
6.496100000000298678e+03 4.653495125239714980e-05
6.497000000000298314e+03 4.832766717299818993e-05
6.497900000000298860e+03 4.983999679097905755e-05
6.498800000000299406e+03 5.047199738328345120e-05
6.499700000000299042e+03 5.116248576086945832e-05
6.500600000000298678e+03 5.240455720922909677e-05
6.501500000000299224e+03 5.339834387996234000e-05
6.502400000000299769e+03 5.397073982749134302e-05
6.503300000000299406e+03 5.432018588180653751e-05
6.504200000000299042e+03 5.461243927129544318e-05
6.505100000000299588e+03 5.502034764504060149e-05
6.506000000000300133e+03 5.532884824788197875e-05
6.506900000000299769e+03 5.510151459020562470e-05
6.507800000000299406e+03 5.441142275230959058e-05
6.508700000000299951e+03 5.407278513303026557e-05
6.509600000000300497e+03 5.450043317978270352e-05
6.510500000000300133e+03 5.513711948879063129e-05
6.511400000000299769e+03 5.536286334972828627e-05
6.512300000000300315e+03 5.529124609893187881e-05
6.513200000000300861e+03 5.521507773664779961e-05
6.514100000000300497e+03 5.485433212015777826e-05
6.515000000000300133e+03 5.411464735516346991e-05
6.515900000000300679e+03 5.348494960344396532e-05
6.516800000000301225e+03 5.315652015269733965e-05
6.517700000000300861e+03 5.276353840599767864e-05
6.518600000000300497e+03 5.264957144390791655e-05
6.519500000000301043e+03 5.351121944840997458e-05
6.520400000000301588e+03 5.472320845001377165e-05
6.521300000000301225e+03 5.529759073397144675e-05
6.522200000000300861e+03 5.524787775357253850e-05
6.523100000000301407e+03 5.516175951925106347e-05
6.524000000000301952e+03 5.535432865144684911e-05
6.524900000000301588e+03 5.532053546630777419e-05
6.525800000000301225e+03 5.448024603538215160e-05
6.526700000000301770e+03 5.348706326913088560e-05
6.527600000000302316e+03 5.346396210370585322e-05
6.528500000000301952e+03 5.428528311313129961e-05
6.529400000000301588e+03 5.499225517269223928e-05
6.530300000000302134e+03 5.501915438799187541e-05
6.531200000000302680e+03 5.437600702862255275e-05
6.532100000000302316e+03 5.358579437597654760e-05
6.533000000000301952e+03 5.330834392225369811e-05
6.533900000000302498e+03 5.384580435929819942e-05
6.534800000000303044e+03 5.481101834448054433e-05
6.535700000000302680e+03 5.532659270102158189e-05
6.536600000000302316e+03 5.503428837982937694e-05
6.537500000000302862e+03 5.462524495669640601e-05
6.538400000000303407e+03 5.487913222168572247e-05
6.539300000000303044e+03 5.556685573537833989e-05
6.540200000000302680e+03 5.581618825090117753e-05
6.541100000000303226e+03 5.531311398954130709e-05
6.542000000000303771e+03 5.453378616948612034e-05
6.542900000000303407e+03 5.398010398494079709e-05
6.543800000000303044e+03 5.366088225855492055e-05
6.544700000000303589e+03 5.297468305798247457e-05
6.545600000000304135e+03 5.174923717277124524e-05
6.546500000000303771e+03 5.128713382873684168e-05
6.547400000000303407e+03 5.219801823841407895e-05
6.548300000000303953e+03 5.331083957571536303e-05
6.549200000000304499e+03 5.370440703700296581e-05
6.550100000000304135e+03 5.335217065294273198e-05
6.551000000000303771e+03 5.274619616102427244e-05
6.551900000000304317e+03 5.239162419456988573e-05
6.552800000000304863e+03 5.206432615523226559e-05
6.553700000000304499e+03 5.125700045027770102e-05
6.554600000000304135e+03 5.021254037274047732e-05
6.555500000000304681e+03 4.968557914253324270e-05
6.556400000000305226e+03 5.000237069907598197e-05
6.557300000000304863e+03 5.058122042100876570e-05
6.558200000000304499e+03 5.067302845418453217e-05
6.559100000000305045e+03 5.010630047763697803e-05
6.560000000000305590e+03 4.843057467951439321e-05
6.560900000000305226e+03 4.404993524076417089e-05
6.561800000000304863e+03 3.679449582705274224e-05
6.562700000000305408e+03 3.207759073120541871e-05
6.563600000000305954e+03 3.526940417941659689e-05
6.564500000000305590e+03 4.279096901882439852e-05
6.565400000000305226e+03 4.818296656594611704e-05
6.566300000000305772e+03 5.060500188847072423e-05
6.567200000000306318e+03 5.154289101483300328e-05
6.568100000000305954e+03 5.128856355440802872e-05
6.569000000000305590e+03 5.057664748164825141e-05
6.569900000000306136e+03 5.063040225650183856e-05
6.570800000000306682e+03 5.119401612319052219e-05
6.571700000000306318e+03 5.113411680213175714e-05
6.572600000000305954e+03 5.043848068453371525e-05
6.573500000000306500e+03 4.986843850929290056e-05
6.574400000000307045e+03 4.981263191439211369e-05
6.575300000000306682e+03 5.064121796749532223e-05
6.576200000000306318e+03 5.221078026806935668e-05
6.577100000000306864e+03 5.346933176042512059e-05
6.578000000000307409e+03 5.391882950789295137e-05
6.578900000000307045e+03 5.366545155993662775e-05
6.579800000000306682e+03 5.285562292556278408e-05
6.580700000000307227e+03 5.214047996560111642e-05
6.581600000000307773e+03 5.229020462138578296e-05
6.582500000000307409e+03 5.304594742483459413e-05
6.583400000000307045e+03 5.358109046937897801e-05
6.584300000000307591e+03 5.364175740396603942e-05
6.585200000000308137e+03 5.330881685949862003e-05
6.586100000000307773e+03 5.303870057105086744e-05
6.587000000000307409e+03 5.345264435163699090e-05
6.587900000000307955e+03 5.419275112217292190e-05
6.588800000000308501e+03 5.455849532154388726e-05
6.589700000000308137e+03 5.456930375657975674e-05
6.590600000000307773e+03 5.399695146479643881e-05
6.591500000000308319e+03 5.220013918005861342e-05
6.592400000000308864e+03 4.969184738001786172e-05
6.593300000000308501e+03 4.859309046878479421e-05
6.594200000000308137e+03 5.000897726858966053e-05
6.595100000000308683e+03 5.218563092057593167e-05
6.596000000000309228e+03 5.322413926478475332e-05
6.596900000000308864e+03 5.301228884491138160e-05
6.597800000000308501e+03 5.236362994764931500e-05
6.598700000000309046e+03 5.232172043179161847e-05
6.599600000000309592e+03 5.320435957401059568e-05
6.600500000000309228e+03 5.425679046311415732e-05
6.601400000000308864e+03 5.471336407936178148e-05
6.602300000000309410e+03 5.455613063531927764e-05
6.603200000000309956e+03 5.401053931564092636e-05
6.604100000000309592e+03 5.326458995114080608e-05
6.605000000000309228e+03 5.267955202725715935e-05
6.605900000000309774e+03 5.244734711595810950e-05
6.606800000000310320e+03 5.221877290750853717e-05
6.607700000000309956e+03 5.157318810233846307e-05
6.608600000000309592e+03 5.079061156720854342e-05
6.609500000000310138e+03 5.104420051793567836e-05
6.610400000000310683e+03 5.261382102617062628e-05
6.611300000000310320e+03 5.397231143433600664e-05
6.612200000000309956e+03 5.407573917182162404e-05
6.613100000000310501e+03 5.352989683160558343e-05
6.614000000000311047e+03 5.350291394279338419e-05
6.614900000000310683e+03 5.416214844444766641e-05
6.615800000000310320e+03 5.453228004625998437e-05
6.616700000000310865e+03 5.426954885479062796e-05
6.617600000000311411e+03 5.395953485276550055e-05
6.618500000000311047e+03 5.406006312114186585e-05
6.619400000000310683e+03 5.442855763249099255e-05
6.620300000000311229e+03 5.470217001857236028e-05
6.621200000000311775e+03 5.466872244141995907e-05
6.622100000000311411e+03 5.425919880508445203e-05
6.623000000000311047e+03 5.340066854842007160e-05
6.623900000000311593e+03 5.229979797150008380e-05
6.624800000000312139e+03 5.179523213882930577e-05
6.625700000000311775e+03 5.240595783106982708e-05
6.626600000000311411e+03 5.317625254974700511e-05
6.627500000000311957e+03 5.335896275937557220e-05
6.628400000000312502e+03 5.328352926881052554e-05
6.629300000000312139e+03 5.315596354193985462e-05
6.630200000000311775e+03 5.298808900988660753e-05
6.631100000000312320e+03 5.264061837806366384e-05
6.632000000000312866e+03 5.181374945095740259e-05
6.632900000000312502e+03 5.061274350737221539e-05
6.633800000000312139e+03 4.993660331820137799e-05
6.634700000000312684e+03 5.061239062342792749e-05
6.635600000000313230e+03 5.202722240937873721e-05
6.636500000000312866e+03 5.313090514391660690e-05
6.637400000000312502e+03 5.355442044674418867e-05
6.638300000000313048e+03 5.326433529262430966e-05
6.639200000000313594e+03 5.273001806926913559e-05
6.640100000000313230e+03 5.275926014292053878e-05
6.641000000000312866e+03 5.334044544724747539e-05
6.641900000000313412e+03 5.319451520335860550e-05
6.642800000000313958e+03 5.197344944463111460e-05
6.643700000000313594e+03 5.124231392983347178e-05
6.644600000000313230e+03 5.195535777602344751e-05
6.645500000000313776e+03 5.290734407026320696e-05
6.646400000000314321e+03 5.302291174302808940e-05
6.647300000000313958e+03 5.273844362818636000e-05
6.648200000000313594e+03 5.281995981931686401e-05
6.649100000000314139e+03 5.312871144269593060e-05
6.650000000000314685e+03 5.308630352374166250e-05
6.650900000000314321e+03 5.277858872432261705e-05
6.651800000000313958e+03 5.262291961116716266e-05
6.652700000000314503e+03 5.263521234155632555e-05
6.653600000000315049e+03 5.267356755211949348e-05
6.654500000000314685e+03 5.279434481053613126e-05
6.655400000000314321e+03 5.285759834805503488e-05
6.656300000000314867e+03 5.272560520097613335e-05
6.657200000000315413e+03 5.273188435239717364e-05
6.658100000000315049e+03 5.288371175993233919e-05
6.659000000000314685e+03 5.282763595459982753e-05
6.659900000000315231e+03 5.254544885247014463e-05
6.660800000000315777e+03 5.219128797762095928e-05
6.661700000000315413e+03 5.157400300959125161e-05
6.662600000000315049e+03 5.051117113907821476e-05
6.663500000000315595e+03 4.997352152713574469e-05
6.664400000000316140e+03 5.064437573309987783e-05
6.665300000000315777e+03 5.137027619639411569e-05
6.666200000000315413e+03 5.144096576259471476e-05
6.667100000000315958e+03 5.130246790940873325e-05
6.668000000000316504e+03 5.149820935912430286e-05
6.668900000000316140e+03 5.214739576331339777e-05
6.669800000000315777e+03 5.286066880216822028e-05
6.670700000000316322e+03 5.324964149622246623e-05
6.671600000000316868e+03 5.326197060639970005e-05
6.672500000000316504e+03 5.316429815138690174e-05
6.673400000000316140e+03 5.314068039297126234e-05
6.674300000000316686e+03 5.322126526152715087e-05
6.675200000000317232e+03 5.320702257449738681e-05
6.676100000000316868e+03 5.231807153904810548e-05
6.677000000000316504e+03 5.028701343690045178e-05
6.677900000000317050e+03 4.873082070844247937e-05
6.678800000000317596e+03 4.936178083880804479e-05
6.679700000000317232e+03 5.106288153911009431e-05
6.680600000000316868e+03 5.188891736906953156e-05
6.681500000000317414e+03 5.199385122978128493e-05
6.682400000000317959e+03 5.218248406890779734e-05
6.683300000000317596e+03 5.249601963441818953e-05
6.684200000000317232e+03 5.269368921290151775e-05
6.685100000000317777e+03 5.271453119348734617e-05
6.686000000000318323e+03 5.262409467832185328e-05
6.686900000000317959e+03 5.241579128778539598e-05
6.687800000000317596e+03 5.226708890404552221e-05
6.688700000000318141e+03 5.239808160695247352e-05
6.689600000000318687e+03 5.261398837319575250e-05
6.690500000000318323e+03 5.271561894915066659e-05
6.691400000000317959e+03 5.268759923637844622e-05
6.692300000000318505e+03 5.261461046757176518e-05
6.693200000000319051e+03 5.261687692836858332e-05
6.694100000000318687e+03 5.243773557594977319e-05
6.695000000000318323e+03 5.164891263120807707e-05
6.695900000000318869e+03 5.063700882601551712e-05
6.696800000000319415e+03 5.035245339968241751e-05
6.697700000000319051e+03 5.079592301626689732e-05
6.698600000000318687e+03 5.143194357515312731e-05
6.699500000000319233e+03 5.215342753217555583e-05
6.700400000000319778e+03 5.266247899271547794e-05
6.701300000000319415e+03 5.268942550173960626e-05
6.702200000000319051e+03 5.229235102888196707e-05
6.703100000000319596e+03 5.156851693755015731e-05
6.704000000000320142e+03 5.099833651911467314e-05
6.704900000000319778e+03 5.110677011543884873e-05
6.705800000000319415e+03 5.168932693777605891e-05
6.706700000000319960e+03 5.211585084907710552e-05
6.707600000000320506e+03 5.218416117713786662e-05
6.708500000000320142e+03 5.210795643506571651e-05
6.709400000000319778e+03 5.183543180464766920e-05
6.710300000000320324e+03 5.157574923941865563e-05
6.711200000000320870e+03 5.161113222129642963e-05
6.712100000000320506e+03 5.145592876942828298e-05
6.713000000000320142e+03 5.091905404697172344e-05
6.713900000000320688e+03 5.043434430263005197e-05
6.714800000000321234e+03 4.999874363420531154e-05
6.715700000000320870e+03 4.932155570713803172e-05
6.716600000000320506e+03 4.844021532335318625e-05
6.717500000000321052e+03 4.812338738702237606e-05
6.718400000000321597e+03 4.919700950267724693e-05
6.719300000000321234e+03 5.073811189504340291e-05
6.720200000000320870e+03 5.137016705702990294e-05
6.721100000000321415e+03 5.115537351230159402e-05
6.722000000000321961e+03 5.103741204948164523e-05
6.722900000000321597e+03 5.149104254087433219e-05
6.723800000000321234e+03 5.191152013139799237e-05
6.724700000000321779e+03 5.167108611203730106e-05
6.725600000000322325e+03 5.106653406983241439e-05
6.726500000000321961e+03 5.084076838102191687e-05
6.727400000000321597e+03 5.116633838042616844e-05
6.728300000000322143e+03 5.158314888831228018e-05
6.729200000000322689e+03 5.189963485463522375e-05
6.730100000000322325e+03 5.215515921008773148e-05
6.731000000000321961e+03 5.219315789872780442e-05
6.731900000000322507e+03 5.192626122152432799e-05
6.732800000000323053e+03 5.155767939868383110e-05
6.733700000000322689e+03 5.143151429365389049e-05
6.734600000000322325e+03 5.164028698345646262e-05
6.735500000000322871e+03 5.193845208850689232e-05
6.736400000000323416e+03 5.189899820834398270e-05
6.737300000000323053e+03 5.131313810124993324e-05
6.738200000000322689e+03 5.056471491116099060e-05
6.739100000000323234e+03 5.034775676904246211e-05
6.740000000000323780e+03 5.082376446807757020e-05
6.740900000000323416e+03 5.126522955833934247e-05
6.741800000000323053e+03 5.100364433019421995e-05
6.742700000000323598e+03 5.051797052146866918e-05
6.743600000000324144e+03 5.061381307314150035e-05
6.744500000000323780e+03 5.103127477923408151e-05
6.745400000000323416e+03 5.108243931317701936e-05
6.746300000000323962e+03 5.080992559669539332e-05
6.747200000000324508e+03 5.054395296610891819e-05
6.748100000000324144e+03 5.032189073972404003e-05
6.749000000000323780e+03 5.005840284866280854e-05
6.749900000000324326e+03 4.993583570467308164e-05
6.750800000000324872e+03 5.020862954552285373e-05
6.751700000000324508e+03 5.032694753026589751e-05
6.752600000000324144e+03 5.004655395168811083e-05
6.753500000000324690e+03 5.020237949793227017e-05
6.754400000000325235e+03 5.077110108686611056e-05
6.755300000000324872e+03 5.112202416057698429e-05
6.756200000000324508e+03 5.143120870343409479e-05
6.757100000000325053e+03 5.185314148548059165e-05
6.758000000000325599e+03 5.220982347964309156e-05
6.758900000000325235e+03 5.241344115347601473e-05
6.759800000000324872e+03 5.247200533631257713e-05
6.760700000000325417e+03 5.235084245214238763e-05
6.761600000000325963e+03 5.210063318372704089e-05
6.762500000000325599e+03 5.204286935622803867e-05
6.763400000000325235e+03 5.217186844674870372e-05
6.764300000000325781e+03 5.212374162510968745e-05
6.765200000000326327e+03 5.171738303033635020e-05
6.766100000000325963e+03 5.097800749354064465e-05
6.767000000000325599e+03 5.031132241128943861e-05
6.767900000000326145e+03 5.030911052017472684e-05
6.768800000000326690e+03 5.083713767817243934e-05
6.769700000000326327e+03 5.106610842631198466e-05
6.770600000000325963e+03 5.075332956039346755e-05
6.771500000000326509e+03 5.060928015154786408e-05
6.772400000000327054e+03 5.105686068418435752e-05
6.773300000000326690e+03 5.181153028388507664e-05
6.774200000000326327e+03 5.247023364063352346e-05
6.775100000000326872e+03 5.281628546072170138e-05
6.776000000000327418e+03 5.280687400954775512e-05
6.776900000000327054e+03 5.257474549580365419e-05
6.777800000000326690e+03 5.254107600194402039e-05
6.778700000000327236e+03 5.284393046167679131e-05
6.779600000000327782e+03 5.297446477925404906e-05
6.780500000000327418e+03 5.261671321932226419e-05
6.781400000000327054e+03 5.185870759305544198e-05
6.782300000000327600e+03 5.081977360532619059e-05
6.783200000000328146e+03 4.979738514521159232e-05
6.784100000000327782e+03 4.929845454171299934e-05
6.785000000000327418e+03 4.946072658640332520e-05
6.785900000000327964e+03 4.994478149455972016e-05
6.786800000000328509e+03 5.062406853539869189e-05
6.787700000000328146e+03 5.134457387612201273e-05
6.788600000000327782e+03 5.162515299161896110e-05
6.789500000000328328e+03 5.154070095159113407e-05
6.790400000000328873e+03 5.160593718755990267e-05
6.791300000000328509e+03 5.173599856789223850e-05
6.792200000000328146e+03 5.145562681718729436e-05
6.793100000000328691e+03 5.084502117824740708e-05
6.794000000000329237e+03 5.056445661466568708e-05
6.794900000000328873e+03 5.067991878604516387e-05
6.795800000000328509e+03 5.083158612251281738e-05
6.796700000000329055e+03 5.103599687572568655e-05
6.797600000000329601e+03 5.121498179505579174e-05
6.798500000000329237e+03 5.131405123393051326e-05
6.799400000000328873e+03 5.151469667907804251e-05
6.800300000000329419e+03 5.176112244953401387e-05
6.801200000000329965e+03 5.195215635467320681e-05
6.802100000000329601e+03 5.195285848458297551e-05
6.803000000000329237e+03 5.162039451533928514e-05
6.803900000000329783e+03 5.131875514052808285e-05
6.804800000000330328e+03 5.142614099895581603e-05
6.805700000000329965e+03 5.151740697328932583e-05
6.806600000000329601e+03 5.136113759363070130e-05
6.807500000000330147e+03 5.146737385075539351e-05
6.808400000000330692e+03 5.165896800463087857e-05
6.809300000000330328e+03 5.137865446158684790e-05
6.810200000000329965e+03 5.108940604259259999e-05
6.811100000000330510e+03 5.130702265887521207e-05
6.812000000000331056e+03 5.163993046153336763e-05
6.812900000000330692e+03 5.157602572580799460e-05
6.813800000000330328e+03 5.102941941004246473e-05
6.814700000000330874e+03 5.055786459706723690e-05
6.815600000000331420e+03 5.090922059025615454e-05
6.816500000000331056e+03 5.178146238904446363e-05
6.817400000000330692e+03 5.222542677074670792e-05
6.818300000000331238e+03 5.198029612074606121e-05
6.819200000000331784e+03 5.136639811098575592e-05
6.820100000000331420e+03 5.098887777421623468e-05
6.821000000000331056e+03 5.129171404405497015e-05
6.821900000000331602e+03 5.193218385102227330e-05
6.822800000000332147e+03 5.236213473835960031e-05
6.823700000000331784e+03 5.250586400507017970e-05
6.824600000000331420e+03 5.253539711702615023e-05
6.825500000000331966e+03 5.249935202300548553e-05
6.826400000000332511e+03 5.212939504417590797e-05
6.827300000000332147e+03 5.132868318469263613e-05
6.828200000000331784e+03 5.070500628789886832e-05
6.829100000000332329e+03 5.088315811008214951e-05
6.830000000000332875e+03 5.160142245586030185e-05
6.830900000000332511e+03 5.205467823543585837e-05
6.831800000000332147e+03 5.195734775043092668e-05
6.832700000000332693e+03 5.179726576898247004e-05
6.833600000000333239e+03 5.199672523303888738e-05
6.834500000000332875e+03 5.235534626990556717e-05
6.835400000000332511e+03 5.241646431386470795e-05
6.836300000000333057e+03 5.209051232668571174e-05
6.837200000000333603e+03 5.162440356798470020e-05
6.838100000000333239e+03 5.104835145175457001e-05
6.839000000000332875e+03 5.031540058553218842e-05
6.839900000000333421e+03 4.956584598403424025e-05
6.840800000000333966e+03 4.889432602794840932e-05
6.841700000000333603e+03 4.864297807216644287e-05
6.842600000000333239e+03 4.910803181701339781e-05
6.843500000000333785e+03 5.007313302485272288e-05
6.844400000000334330e+03 5.113020233693532646e-05
6.845300000000333966e+03 5.180520383873954415e-05
6.846200000000333603e+03 5.198176222620531917e-05
6.847100000000334148e+03 5.197499922360293567e-05
6.848000000000334694e+03 5.189340299693867564e-05
6.848900000000334330e+03 5.170565054868347943e-05
6.849800000000333966e+03 5.155036342330276966e-05
6.850700000000334512e+03 5.154194514034315944e-05
6.851600000000335058e+03 5.169114228920079768e-05
6.852500000000334694e+03 5.185954069020226598e-05
6.853400000000334330e+03 5.145746763446368277e-05
6.854300000000334876e+03 5.029955718782730401e-05
6.855200000000335422e+03 4.944429019815288484e-05
6.856100000000335058e+03 4.963355604559183121e-05
6.857000000000334694e+03 5.016316572437062860e-05
6.857900000000335240e+03 5.051181869930587709e-05
6.858800000000335785e+03 5.079566835775040090e-05
6.859700000000335422e+03 5.062634227215312421e-05
6.860600000000335058e+03 4.985178384231403470e-05
6.861500000000335604e+03 4.939908831147477031e-05
6.862400000000336149e+03 5.009750384488143027e-05
6.863300000000335785e+03 5.142272493685595691e-05
6.864200000000335422e+03 5.222493200562894344e-05
6.865100000000335967e+03 5.207548747421242297e-05
6.866000000000336513e+03 5.116838656249456108e-05
6.866900000000336149e+03 4.997779979021288455e-05
6.867800000000335785e+03 4.941964652971364558e-05
6.868700000000336331e+03 5.003409387427382171e-05
6.869600000000336877e+03 5.096281165606342256e-05
6.870500000000336513e+03 5.112499275128357112e-05
6.871400000000336149e+03 5.055197470937855542e-05
6.872300000000336695e+03 5.013842019252479076e-05
6.873200000000337241e+03 5.039060124545358121e-05
6.874100000000336877e+03 5.071378473076038063e-05
6.875000000000336513e+03 5.069976032245904207e-05
6.875900000000337059e+03 5.079216134618036449e-05
6.876800000000337604e+03 5.130221325089223683e-05
6.877700000000337241e+03 5.182045060792006552e-05
6.878600000000336877e+03 5.192317621549591422e-05
6.879500000000337423e+03 5.174865145818330348e-05
6.880400000000337968e+03 5.127404438098892570e-05
6.881300000000337604e+03 5.038733434048481286e-05
6.882200000000337241e+03 4.963721585227176547e-05
6.883100000000337786e+03 4.983351755072362721e-05
6.884000000000338332e+03 5.076652814750559628e-05
6.884900000000337968e+03 5.121085268910974264e-05
6.885800000000337604e+03 5.110535130370408297e-05
6.886700000000338150e+03 5.139742643223144114e-05
6.887600000000338696e+03 5.195769699639640749e-05
6.888500000000338332e+03 5.223771586315706372e-05
6.889400000000337968e+03 5.246794171398505569e-05
6.890300000000338514e+03 5.278337266645394266e-05
6.891200000000339060e+03 5.276397496345452964e-05
6.892100000000338696e+03 5.243107079877518117e-05
6.893000000000338332e+03 5.240492100710980594e-05
6.893900000000338878e+03 5.244596104603260756e-05
6.894800000000339423e+03 5.193713514017872512e-05
6.895700000000339060e+03 5.143793532624840736e-05
6.896600000000338696e+03 5.174520265427418053e-05
6.897500000000339242e+03 5.236755896476097405e-05
6.898400000000339787e+03 5.234656782704405487e-05
6.899300000000339423e+03 5.178594437893480062e-05
6.900200000000339060e+03 5.164197500562295318e-05
6.901100000000339605e+03 5.219594095251522958e-05
6.902000000000340151e+03 5.267301821731962264e-05
6.902900000000339787e+03 5.253619019640609622e-05
6.903800000000339423e+03 5.219963350100442767e-05
6.904700000000339969e+03 5.218861042521893978e-05
6.905600000000340515e+03 5.243317718850448728e-05
6.906500000000340151e+03 5.268484164844267070e-05
6.907400000000339787e+03 5.274515933706425130e-05
6.908300000000340333e+03 5.278107710182666779e-05
6.909200000000340879e+03 5.300478733261115849e-05
6.910100000000340515e+03 5.297271491144783795e-05
6.911000000000340151e+03 5.254632560536265373e-05
6.911900000000340697e+03 5.205644265515729785e-05
6.912800000000341242e+03 5.156134284334257245e-05
6.913700000000340879e+03 5.108256300445646048e-05
6.914600000000340515e+03 5.105854870635084808e-05
6.915500000000341061e+03 5.134993625688366592e-05
6.916400000000341606e+03 5.130616773385554552e-05
6.917300000000341242e+03 5.120825153426267207e-05
6.918200000000340879e+03 5.158413114259019494e-05
6.919100000000341424e+03 5.221143874223344028e-05
6.920000000000341970e+03 5.274097929941490293e-05
6.920900000000341606e+03 5.301065903040580451e-05
6.921800000000341242e+03 5.296997551340609789e-05
6.922700000000341788e+03 5.246538057690486312e-05
6.923600000000342334e+03 5.148106356500647962e-05
6.924500000000341970e+03 5.050868276157416403e-05
6.925400000000341606e+03 5.019011950935237110e-05
6.926300000000342152e+03 5.072250496596097946e-05
6.927200000000342698e+03 5.158249769010581076e-05
6.928100000000342334e+03 5.206427158555015922e-05
6.929000000000341970e+03 5.215991768636740744e-05
6.929900000000342516e+03 5.216311183176003397e-05
6.930800000000343061e+03 5.208001675782725215e-05
6.931700000000342698e+03 5.168447387404739857e-05
6.932600000000342334e+03 5.106609751237556338e-05
6.933500000000342880e+03 5.099674308439716697e-05
6.934400000000343425e+03 5.165149559616111219e-05
6.935300000000343061e+03 5.216046702116727829e-05
6.936200000000342698e+03 5.215054261498153210e-05
6.937100000000343243e+03 5.199268343858420849e-05
6.938000000000343789e+03 5.202863758313469589e-05
6.938900000000343425e+03 5.233659248915500939e-05
6.939800000000343061e+03 5.274585055303759873e-05
6.940700000000343607e+03 5.293608046486042440e-05
6.941600000000344153e+03 5.268187669571489096e-05
6.942500000000343789e+03 5.207226422498933971e-05
6.943400000000343425e+03 5.127515396452508867e-05
6.944300000000343971e+03 5.044655335950665176e-05
6.945200000000344517e+03 5.020640674047172070e-05
6.946100000000344153e+03 5.094162770546972752e-05
6.947000000000343789e+03 5.185912596061825752e-05
6.947900000000344335e+03 5.238276207819581032e-05
6.948800000000344880e+03 5.260267789708450437e-05
6.949700000000344517e+03 5.235919525148347020e-05
6.950600000000344153e+03 5.157460691407322884e-05
6.951500000000344698e+03 5.089555634185671806e-05
6.952400000000345244e+03 5.073244756204076111e-05
6.953300000000344880e+03 5.079917173134163022e-05
6.954200000000344517e+03 5.102571594761684537e-05
6.955100000000345062e+03 5.150544529897160828e-05
6.956000000000345608e+03 5.207554204389452934e-05
6.956900000000345244e+03 5.240236714598722756e-05
6.957800000000344880e+03 5.246054934104904532e-05
6.958700000000345426e+03 5.246555156190879643e-05
6.959600000000345972e+03 5.242147381068207324e-05
6.960500000000345608e+03 5.243812483968213201e-05
6.961400000000345244e+03 5.261463229544460773e-05
6.962300000000345790e+03 5.280397454043850303e-05
6.963200000000346336e+03 5.295209848554804921e-05
6.964100000000345972e+03 5.291177512845024467e-05
6.965000000000345608e+03 5.248882371233776212e-05
6.965900000000346154e+03 5.215058627072721720e-05
6.966800000000346699e+03 5.252397022559307516e-05
6.967700000000346336e+03 5.323303048498928547e-05
6.968600000000345972e+03 5.349276761990040541e-05
6.969500000000346517e+03 5.313500878401100636e-05
6.970400000000347063e+03 5.252899063634686172e-05
6.971300000000346699e+03 5.232571129454299808e-05
6.972200000000346336e+03 5.278647586237639189e-05
6.973100000000346881e+03 5.320932541508227587e-05
6.974000000000347427e+03 5.288634201860986650e-05
6.974900000000347063e+03 5.207153299124911427e-05
6.975800000000346699e+03 5.120507921674288809e-05
6.976700000000347245e+03 5.008239895687438548e-05
6.977600000000347791e+03 4.855976658291183412e-05
6.978500000000347427e+03 4.764880213770084083e-05
6.979400000000347063e+03 4.854012149735353887e-05
6.980300000000347609e+03 5.046225487603805959e-05
6.981200000000348155e+03 5.192621028982102871e-05
6.982100000000347791e+03 5.272718772175721824e-05
6.983000000000347427e+03 5.320830678101629019e-05
6.983900000000347973e+03 5.341646101442165673e-05
6.984800000000348518e+03 5.339955532690510154e-05
6.985700000000348155e+03 5.326587415765970945e-05
6.986600000000347791e+03 5.304796650307253003e-05
6.987500000000348336e+03 5.268903987598605454e-05
6.988400000000348882e+03 5.214487828197889030e-05
6.989300000000348518e+03 5.180867083254270256e-05
6.990200000000348155e+03 5.208507718634791672e-05
6.991100000000348700e+03 5.272887938190251589e-05
6.992000000000349246e+03 5.317645263858139515e-05
6.992900000000348882e+03 5.314842564985156059e-05
6.993800000000348518e+03 5.276224692352116108e-05
6.994700000000349064e+03 5.253116250969469547e-05
6.995600000000349610e+03 5.271400732453912497e-05
6.996500000000349246e+03 5.298231553751975298e-05
6.997400000000348882e+03 5.295008668326772749e-05
6.998300000000349428e+03 5.226233042776584625e-05
6.999200000000349974e+03 5.119482375448569655e-05
7.000100000000349610e+03 5.079025868326425552e-05
7.001000000000349246e+03 5.145958493812941015e-05
7.001900000000349792e+03 5.232914190855808556e-05
7.002800000000350337e+03 5.234470881987363100e-05
7.003700000000349974e+03 5.159825741429813206e-05
7.004600000000349610e+03 5.098370820633135736e-05
7.005500000000350155e+03 5.084927761345170438e-05
7.006400000000350701e+03 5.107658580527640879e-05
7.007300000000350337e+03 5.156785846338607371e-05
7.008200000000349974e+03 5.215608325670473278e-05
7.009100000000350519e+03 5.251121910987421870e-05
7.010000000000351065e+03 5.236787183093838394e-05
7.010900000000350701e+03 5.201388921705074608e-05
7.011800000000350337e+03 5.198743383516557515e-05
7.012700000000350883e+03 5.229180169408209622e-05
7.013600000000351429e+03 5.230547321843914688e-05
7.014500000000351065e+03 5.134850653121247888e-05
7.015400000000350701e+03 4.957904093316756189e-05
7.016300000000351247e+03 4.852461643167771399e-05
7.017200000000351793e+03 4.943509702570736408e-05
7.018100000000351429e+03 5.134794264449737966e-05
7.019000000000351065e+03 5.273767965263687074e-05
7.019900000000351611e+03 5.332437285687774420e-05
7.020800000000352156e+03 5.334048546501435339e-05
7.021700000000351793e+03 5.263618368189781904e-05
7.022600000000351429e+03 5.127997064846567810e-05
7.023500000000351974e+03 5.012328620068728924e-05
7.024400000000352520e+03 4.996822826797142625e-05
7.025300000000352156e+03 5.070800034445710480e-05
7.026200000000351793e+03 5.151694494998082519e-05
7.027100000000352338e+03 5.193925244384445250e-05
7.028000000000352884e+03 5.215278360992670059e-05
7.028900000000352520e+03 5.232185867498628795e-05
7.029800000000352156e+03 5.247648368822410703e-05
7.030700000000352702e+03 5.251501352177001536e-05
7.031600000000353248e+03 5.234173659118823707e-05
7.032500000000352884e+03 5.215469718677923083e-05
7.033400000000352520e+03 5.206218702369369566e-05
7.034300000000353066e+03 5.206490095588378608e-05
7.035200000000353612e+03 5.235608477960340679e-05
7.036100000000353248e+03 5.256619624560698867e-05
7.037000000000352884e+03 5.180393418413586915e-05
7.037900000000353430e+03 5.053257700637914240e-05
7.038800000000353975e+03 5.052522101323120296e-05
7.039700000000353612e+03 5.215045530349016190e-05
7.040600000000353248e+03 5.395165499066933990e-05
7.041500000000353793e+03 5.491683623404242098e-05
7.042400000000354339e+03 5.505123408511281013e-05
7.043300000000353975e+03 5.445794886327348650e-05
7.044200000000353612e+03 5.346016041585244238e-05
7.045100000000354157e+03 5.289863474899902940e-05
7.046000000000354703e+03 5.325178426573984325e-05
7.046900000000354339e+03 5.404713374446146190e-05
7.047800000000353975e+03 5.469108873512595892e-05
7.048700000000354521e+03 5.490472904057241976e-05
7.049600000000355067e+03 5.467474693432450294e-05
7.050500000000354703e+03 5.403835893957875669e-05
7.051400000000354339e+03 5.273976421449333429e-05
7.052300000000354885e+03 5.087348836241289973e-05
7.053200000000355431e+03 4.933532181894406676e-05
7.054100000000355067e+03 4.876959792454726994e-05
7.055000000000354703e+03 4.917304249829612672e-05
7.055900000000355249e+03 5.013462578062899411e-05
7.056800000000355794e+03 5.088973921374417841e-05
7.057700000000355431e+03 5.089521800982765853e-05
7.058600000000355067e+03 5.008232255931943655e-05
7.059500000000355612e+03 4.901142165181227028e-05
7.060400000000356158e+03 4.857493695453740656e-05
7.061300000000355794e+03 4.891881690127775073e-05
7.062200000000355431e+03 4.944078318658284843e-05
7.063100000000355976e+03 4.994359915144741535e-05
7.064000000000356522e+03 5.045823127147741616e-05
7.064900000000356158e+03 5.052992128184996545e-05
7.065800000000355794e+03 4.989630178897641599e-05
7.066700000000356340e+03 4.884491863776929677e-05
7.067600000000356886e+03 4.780824747285805643e-05
7.068500000000356522e+03 4.756970884045585990e-05
7.069400000000356158e+03 4.858886313741095364e-05
7.070300000000356704e+03 5.001717363484203815e-05
7.071200000000357250e+03 5.075734225101768970e-05
7.072100000000356886e+03 5.082268035039305687e-05
7.073000000000356522e+03 5.079626134829595685e-05
7.073900000000357068e+03 5.082949064671993256e-05
7.074800000000357613e+03 5.081240669824182987e-05
7.075700000000357250e+03 5.076341039966791868e-05
7.076600000000356886e+03 5.080279152025468647e-05
7.077500000000357431e+03 5.098306792206130922e-05
7.078400000000357977e+03 5.118278568261303008e-05
7.079300000000357613e+03 5.143155794939957559e-05
7.080200000000357250e+03 5.172380406293086708e-05
7.081100000000357795e+03 5.166507253306917846e-05
7.082000000000358341e+03 5.091501952847465873e-05
7.082900000000357977e+03 4.946079207002185285e-05
7.083800000000357613e+03 4.782302858075127006e-05
7.084700000000358159e+03 4.705569881480187178e-05
7.085600000000358705e+03 4.737751805805601180e-05
7.086500000000358341e+03 4.758725117426365614e-05
7.087400000000357977e+03 4.725226244772784412e-05
7.088300000000358523e+03 4.701795114669948816e-05
7.089200000000359069e+03 4.689784691436216235e-05
7.090100000000358705e+03 4.675074887927621603e-05
7.091000000000358341e+03 4.685169915319420397e-05
7.091900000000358887e+03 4.699264900409616530e-05
7.092800000000359432e+03 4.692915172199718654e-05
7.093700000000359069e+03 4.693618757301010191e-05
7.094600000000358705e+03 4.697619442595168948e-05
7.095500000000359250e+03 4.694355811807326972e-05
7.096400000000359796e+03 4.700462159235030413e-05
7.097300000000359432e+03 4.730073487735353410e-05
7.098200000000359069e+03 4.800936949322931468e-05
7.099100000000359614e+03 4.866531526204198599e-05
7.100000000000360160e+03 4.875853483099490404e-05
7.100900000000359796e+03 4.842831549467518926e-05
7.101800000000359432e+03 4.796631037606857717e-05
7.102700000000359978e+03 4.780832387041300535e-05
7.103600000000360524e+03 4.826419171877205372e-05
7.104500000000360160e+03 4.897594772046431899e-05
7.105400000000359796e+03 4.914816236123442650e-05
7.106300000000360342e+03 4.864482252742163837e-05
7.107200000000360887e+03 4.817851004190742970e-05
7.108100000000360524e+03 4.822087430511601269e-05
7.109000000000360160e+03 4.829540193895809352e-05
7.109900000000360706e+03 4.783591430168598890e-05
7.110800000000361251e+03 4.717390402220189571e-05
7.111700000000360887e+03 4.701656507677398622e-05
7.112600000000360524e+03 4.748975334223359823e-05
7.113500000000361069e+03 4.808530138689093292e-05
7.114400000000361615e+03 4.842204725719057024e-05
7.115300000000361251e+03 4.863262438448145986e-05
7.116200000000360887e+03 4.879294283455237746e-05
7.117100000000361433e+03 4.873495709034614265e-05
7.118000000000361979e+03 4.860002809436991811e-05
7.118900000000361615e+03 4.851596168009564281e-05
7.119800000000361251e+03 4.844935392611660063e-05
7.120700000000361797e+03 4.826908843824639916e-05
7.121600000000362343e+03 4.786258796229958534e-05
7.122500000000361979e+03 4.775279739988036454e-05
7.123400000000361615e+03 4.807404548046179116e-05
7.124300000000362161e+03 4.793623156729154289e-05
7.125200000000362706e+03 4.719642674899660051e-05
7.126100000000362343e+03 4.667770554078742862e-05
7.127000000000361979e+03 4.682682993006892502e-05
7.127900000000362525e+03 4.722046287497505546e-05
7.128800000000363070e+03 4.706888648797757924e-05
7.129700000000362706e+03 4.616330261342227459e-05
7.130600000000362343e+03 4.535055632004514337e-05
7.131500000000362888e+03 4.551488382276147604e-05
7.132400000000363434e+03 4.637598976842127740e-05
7.133300000000363070e+03 4.728417843580245972e-05
7.134200000000362706e+03 4.789023660123348236e-05
7.135100000000363252e+03 4.807658842764794827e-05
7.136000000000363798e+03 4.820311005460098386e-05
7.136900000000363434e+03 4.841448389925062656e-05
7.137800000000363070e+03 4.823497511097230017e-05
7.138700000000363616e+03 4.767908831126987934e-05
7.139600000000364162e+03 4.752634413307532668e-05
7.140500000000363798e+03 4.799846647074446082e-05
7.141400000000363434e+03 4.837008236791007221e-05
7.142300000000363980e+03 4.829501267522573471e-05
7.143200000000364525e+03 4.816700311494059861e-05
7.144100000000364162e+03 4.814134808839298785e-05
7.145000000000363798e+03 4.818091838387772441e-05
7.145900000000364344e+03 4.813095802091993392e-05
7.146800000000364889e+03 4.742485543829388916e-05
7.147700000000364525e+03 4.629243630915880203e-05
7.148600000000364162e+03 4.600585816660895944e-05
7.149500000000364707e+03 4.671213173423893750e-05
7.150400000000365253e+03 4.747245475300587714e-05
7.151300000000364889e+03 4.814918793272227049e-05
7.152200000000364525e+03 4.892536162515170872e-05
7.153100000000365071e+03 4.933932723361067474e-05
7.154000000000365617e+03 4.899925988866016269e-05
7.154900000000365253e+03 4.840954716200940311e-05
7.155800000000364889e+03 4.850596451433375478e-05
7.156700000000365435e+03 4.911291034659370780e-05
7.157600000000365981e+03 4.921973231830634177e-05
7.158500000000365617e+03 4.871043347520753741e-05
7.159400000000365253e+03 4.819361492991447449e-05
7.160300000000365799e+03 4.812529732589609921e-05
7.161200000000366344e+03 4.853682548855431378e-05
7.162100000000365981e+03 4.876836464973166585e-05
7.163000000000365617e+03 4.801673276233486831e-05
7.163900000000366163e+03 4.646663001039996743e-05
7.164800000000366708e+03 4.546009949990548193e-05
7.165700000000366344e+03 4.595368591253645718e-05
7.166600000000365981e+03 4.737747440231032670e-05
7.167500000000366526e+03 4.860953413299284875e-05
7.168400000000367072e+03 4.908690243610180914e-05
7.169300000000366708e+03 4.901938882539980114e-05
7.170200000000366344e+03 4.902173895970918238e-05
7.171100000000366890e+03 4.934854950988665223e-05
7.172000000000367436e+03 4.978529977961443365e-05
7.172900000000367072e+03 5.003451224183663726e-05
7.173800000000366708e+03 4.986094063497148454e-05
7.174700000000367254e+03 4.915991303278133273e-05
7.175600000000367800e+03 4.833075581700541079e-05
7.176500000000367436e+03 4.821627953788265586e-05
7.177400000000367072e+03 4.892930883215740323e-05
7.178300000000367618e+03 4.933113814331591129e-05
7.179200000000368163e+03 4.862467176280915737e-05
7.180100000000367800e+03 4.730192085844464600e-05
7.181000000000367436e+03 4.657167301047593355e-05
7.181900000000367982e+03 4.721646473626606166e-05
7.182800000000368527e+03 4.861381239606998861e-05
7.183700000000368163e+03 4.951874507241882384e-05
7.184600000000367800e+03 4.951130540575832129e-05
7.185500000000368345e+03 4.874714795732870698e-05
7.186400000000368891e+03 4.747430284623987973e-05
7.187300000000368527e+03 4.637660458683967590e-05
7.188200000000368163e+03 4.615579382516443729e-05
7.189100000000368709e+03 4.666897075367160141e-05
7.190000000000369255e+03 4.752346649183891714e-05
7.190900000000368891e+03 4.820231333724223077e-05
7.191800000000368527e+03 4.815105421585030854e-05
7.192700000000369073e+03 4.766693018609657884e-05
7.193600000000369619e+03 4.765497214975766838e-05
7.194500000000369255e+03 4.819808236788958311e-05
7.195400000000368891e+03 4.842557245865464211e-05
7.196300000000369437e+03 4.797877772944048047e-05
7.197200000000369982e+03 4.766391793964430690e-05
7.198100000000369619e+03 4.805225762538611889e-05
7.199000000000369255e+03 4.860635090153664351e-05
7.199900000000369801e+03 4.876249295193701982e-05
7.200800000000370346e+03 4.843027636525221169e-05
7.201700000000369982e+03 4.799526141141541302e-05
7.202600000000369619e+03 4.821335460292175412e-05
7.203500000000370164e+03 4.908469418296590447e-05
7.204400000000370710e+03 4.962302409694530070e-05
7.205300000000370346e+03 4.900462954537943006e-05
7.206200000000369982e+03 4.730129148811101913e-05
7.207100000000370528e+03 4.578351581585593522e-05
7.208000000000371074e+03 4.566110510495491326e-05
7.208900000000370710e+03 4.668588371714577079e-05
7.209800000000370346e+03 4.812121915165334940e-05
7.210700000000370892e+03 4.929137503495439887e-05
7.211600000000371438e+03 4.952790186507627368e-05
7.212500000000371074e+03 4.900333806290291250e-05
7.213400000000370710e+03 4.841717600356787443e-05
7.214300000000371256e+03 4.809288657270371914e-05
7.215200000000371801e+03 4.804146374226547778e-05
7.216100000000371438e+03 4.842233101953752339e-05
7.217000000000371074e+03 4.920078936265781522e-05
7.217900000000371620e+03 4.971610178472474217e-05
7.218800000000372165e+03 4.958928548148833215e-05
7.219700000000371801e+03 4.915596218779683113e-05
7.220600000000371438e+03 4.881755012320354581e-05
7.221500000000371983e+03 4.863751746597699821e-05
7.222400000000372529e+03 4.849896868108771741e-05
7.223300000000372165e+03 4.857709063799120486e-05
7.224200000000371801e+03 4.911729411105625331e-05
7.225100000000372347e+03 4.975654883310198784e-05
7.226000000000372893e+03 5.011462053516879678e-05
7.226900000000372529e+03 5.012916517443954945e-05
7.227800000000372165e+03 4.970837471773847938e-05
7.228700000000372711e+03 4.930669092573225498e-05
7.229600000000373257e+03 4.950327638653106987e-05
7.230500000000372893e+03 5.011733082938008010e-05
7.231400000000372529e+03 5.064801734988577664e-05
7.232300000000373075e+03 5.091161438031122088e-05
7.233200000000373620e+03 5.102559953229501843e-05
7.234100000000373257e+03 5.096845779917202890e-05
7.235000000000372893e+03 5.056089139543473721e-05
7.235900000000373439e+03 5.004743070458061993e-05
7.236800000000373984e+03 4.990253728465177119e-05
7.237700000000373620e+03 4.999499287805519998e-05
7.238600000000373257e+03 4.990205343347042799e-05
7.239500000000373802e+03 4.979002915206365287e-05
7.240400000000374348e+03 5.008912921766750515e-05
7.241300000000373984e+03 5.057908128947019577e-05
7.242200000000373620e+03 5.071187115390785038e-05
7.243100000000374166e+03 5.027790393796749413e-05
7.244000000000374712e+03 4.951324444846250117e-05
7.244900000000374348e+03 4.913905286230146885e-05
7.245800000000373984e+03 4.965082916896790266e-05
7.246700000000374530e+03 5.062517448095604777e-05
7.247600000000375076e+03 5.134934690431691706e-05
7.248500000000374712e+03 5.139025961398147047e-05
7.249400000000374348e+03 5.068629252491518855e-05
7.250300000000374894e+03 4.961685044690966606e-05
7.251200000000375439e+03 4.894554513157345355e-05
7.252100000000375076e+03 4.912488293484784663e-05
7.253000000000374712e+03 4.970947702531702816e-05
7.253900000000375258e+03 5.009193773730657995e-05
7.254800000000375803e+03 5.034530840930528939e-05
7.255700000000375439e+03 5.076883098809048533e-05
7.256600000000375076e+03 5.125586176291108131e-05
7.257500000000375621e+03 5.145533941686153412e-05
7.258400000000376167e+03 5.121552021591924131e-05
7.259300000000375803e+03 5.058743408881127834e-05
7.260200000000375439e+03 4.945045657223090529e-05
7.261100000000375985e+03 4.842108319280669093e-05
7.262000000000376531e+03 4.865009032073430717e-05
7.262900000000376167e+03 4.980738231097348034e-05
7.263800000000375803e+03 5.070148108643479645e-05
7.264700000000376349e+03 5.110947313369251788e-05
7.265600000000376895e+03 5.136067193234339356e-05
7.266500000000376531e+03 5.164608955965377390e-05
7.267400000000376167e+03 5.180830339668318629e-05
7.268300000000376713e+03 5.165106995264068246e-05
7.269200000000377258e+03 5.131532816449180245e-05
7.270100000000376895e+03 5.091659841127693653e-05
7.271000000000376531e+03 5.059883187641389668e-05
7.271900000000377077e+03 5.058190799900330603e-05
7.272800000000377622e+03 5.082450297777540982e-05
7.273700000000377258e+03 5.108350887894630432e-05
7.274600000000376895e+03 5.129548299009911716e-05
7.275500000000377440e+03 5.149908974999561906e-05
7.276400000000377986e+03 5.151727236807346344e-05
7.277300000000377622e+03 5.120351124787703156e-05
7.278200000000377258e+03 5.083510041004046798e-05
7.279100000000377804e+03 5.072603744338266551e-05
7.280000000000378350e+03 5.061584306531585753e-05
7.280900000000377986e+03 5.008530206396244466e-05
7.281800000000377622e+03 4.927160989609546959e-05
7.282700000000378168e+03 4.871972123510204256e-05
7.283600000000378714e+03 4.864263610215857625e-05
7.284500000000378350e+03 4.907955008093267679e-05
7.285400000000377986e+03 4.991803871234878898e-05
7.286300000000378532e+03 5.051361586083658040e-05
7.287200000000379077e+03 5.024725032853893936e-05
7.288100000000378714e+03 4.927689224132336676e-05
7.289000000000378350e+03 4.848125172429718077e-05
7.289900000000378895e+03 4.819904643227346241e-05
7.290800000000379441e+03 4.795391578227281570e-05
7.291700000000379077e+03 4.778014772455208004e-05
7.292600000000378714e+03 4.815640568267554045e-05
7.293500000000379259e+03 4.915972021990455687e-05
7.294400000000379805e+03 5.044105273555032909e-05
7.295300000000379441e+03 5.155890539754182100e-05
7.296200000000379077e+03 5.214193515712395310e-05
7.297100000000379623e+03 5.196964775677770376e-05
7.298000000000380169e+03 5.137691550771705806e-05
7.298900000000379805e+03 5.093909931019879878e-05
7.299800000000379441e+03 5.089612022857181728e-05
7.300700000000379987e+03 5.115747262607328594e-05
7.301600000000380533e+03 5.139048516866751015e-05
7.302500000000380169e+03 5.150423021405003965e-05
7.303400000000379805e+03 5.173498357180505991e-05
7.304300000000380351e+03 5.199788211029954255e-05
7.305200000000380896e+03 5.186150519875809550e-05
7.306100000000380533e+03 5.127874101162888110e-05
7.307000000000380169e+03 5.068224709248170257e-05
7.307900000000380714e+03 5.056771260569803417e-05
7.308800000000381260e+03 5.094848165754228830e-05
7.309700000000380896e+03 5.108745972393080592e-05
7.310600000000380533e+03 5.070742190582677722e-05
7.311500000000381078e+03 5.062644413555972278e-05
7.312400000000381624e+03 5.119179331813938916e-05
7.313300000000381260e+03 5.184905967325903475e-05
7.314200000000380896e+03 5.209797382121905684e-05
7.315100000000381442e+03 5.185960617382079363e-05
7.316000000000381988e+03 5.142463487572968006e-05
7.316900000000381624e+03 5.118673288961872458e-05
7.317800000000381260e+03 5.126616451889276505e-05
7.318700000000381806e+03 5.155780672794207931e-05
7.319600000000382352e+03 5.175130354473367333e-05
7.320500000000381988e+03 5.179084473638795316e-05
7.321400000000381624e+03 5.185042027733288705e-05
7.322300000000382170e+03 5.172249439056031406e-05
7.323200000000382715e+03 5.126095493324100971e-05
7.324100000000382352e+03 5.061345655121840537e-05
7.325000000000381988e+03 4.991334935766644776e-05
7.325900000000382533e+03 4.972761598764918745e-05
7.326800000000383079e+03 5.055014116805978119e-05
7.327700000000382715e+03 5.162399975233711302e-05
7.328600000000382352e+03 5.196458005229942501e-05
7.329500000000382897e+03 5.173806857783347368e-05
7.330400000000383443e+03 5.150948709342628717e-05
7.331300000000383079e+03 5.150209835846908391e-05
7.332200000000382715e+03 5.161000808584503829e-05
7.333100000000383261e+03 5.169655196368694305e-05
7.334000000000383807e+03 5.189830335439182818e-05
7.334900000000383443e+03 5.232121839071623981e-05
7.335800000000383079e+03 5.284203871269710362e-05
7.336700000000383625e+03 5.317436443874612451e-05
7.337600000000384171e+03 5.320746276993304491e-05
7.338500000000383807e+03 5.322193101164884865e-05
7.339400000000383443e+03 5.342768781702034175e-05
7.340300000000383989e+03 5.370073995436541736e-05
7.341200000000384534e+03 5.364867320167832077e-05
7.342100000000384171e+03 5.298111864249221981e-05
7.343000000000383807e+03 5.186113048694096506e-05
7.343900000000384352e+03 5.099986447021365166e-05
7.344800000000384898e+03 5.109906487632542849e-05
7.345700000000384534e+03 5.189299190533347428e-05
7.346600000000384171e+03 5.263477942207828164e-05
7.347500000000384716e+03 5.306217281031422317e-05
7.348400000000385262e+03 5.301141209201887250e-05
7.349300000000384898e+03 5.235671414993703365e-05
7.350200000000384534e+03 5.150937431608326733e-05
7.351100000000385080e+03 5.114033774589188397e-05
7.352000000000385626e+03 5.132290243636816740e-05
7.352900000000385262e+03 5.141274232300929725e-05
7.353800000000384898e+03 5.087702083983458579e-05
7.354700000000385444e+03 5.003457044949755073e-05
7.355600000000385990e+03 4.909104245598427951e-05
7.356500000000385626e+03 4.940145299769937992e-05
7.357400000000385262e+03 5.070833140052855015e-05
7.358300000000385808e+03 5.208802394918166101e-05
7.359200000000386353e+03 5.269023677101358771e-05
7.360100000000385990e+03 5.222924664849415421e-05
7.361000000000385626e+03 5.118522676639258862e-05
7.361900000000386171e+03 5.032151238992810249e-05
7.362800000000386717e+03 5.014910129830241203e-05
7.363700000000386353e+03 5.059472459834069014e-05
7.364600000000385990e+03 5.126932592247612774e-05
7.365500000000386535e+03 5.181526285014115274e-05
7.366400000000387081e+03 5.221023820922710001e-05
7.367300000000386717e+03 5.254596180748194456e-05
7.368200000000386353e+03 5.268214226816780865e-05
7.369100000000386899e+03 5.275951843941584229e-05
7.370000000000387445e+03 5.310442793415859342e-05
7.370900000000387081e+03 5.342605072655715048e-05
7.371800000000386717e+03 5.338294067769311368e-05
7.372700000000387263e+03 5.305728336679749191e-05
7.373600000000387809e+03 5.267701271804980934e-05
7.374500000000387445e+03 5.235392382019199431e-05
7.375400000000387081e+03 5.220583261689171195e-05
7.376300000000387627e+03 5.243720079306513071e-05
7.377200000000388172e+03 5.299887925502844155e-05
7.378100000000387809e+03 5.350516585167497396e-05
7.379000000000387445e+03 5.354391396394930780e-05
7.379900000000387990e+03 5.303422585711814463e-05
7.380800000000388536e+03 5.219139711698517203e-05
7.381700000000388172e+03 5.148681884747929871e-05
7.382600000000387809e+03 5.117164255352690816e-05
7.383500000000388354e+03 5.089861952001228929e-05
7.384400000000388900e+03 5.026688086218200624e-05
7.385300000000388536e+03 4.956795237376354635e-05
7.386200000000388172e+03 4.920760693494230509e-05
7.387100000000388718e+03 4.899117629975080490e-05
7.388000000000389264e+03 4.862566856900230050e-05
7.388900000000388900e+03 4.849400284001603723e-05
7.389800000000388536e+03 4.910161806037649512e-05
7.390700000000389082e+03 5.005813727620989084e-05
7.391600000000389628e+03 5.047487866249866784e-05
7.392500000000389264e+03 5.030195825383998454e-05
7.393400000000388900e+03 5.026154758525080979e-05
7.394300000000389446e+03 5.073328065918758512e-05
7.395200000000389991e+03 5.126797259435988963e-05
7.396100000000389628e+03 5.147328556631691754e-05
7.397000000000389264e+03 5.143535963725298643e-05
7.397900000000389809e+03 5.113263614475727081e-05
7.398800000000390355e+03 5.057152156950905919e-05
7.399700000000389991e+03 5.014731505070813000e-05
7.400600000000389628e+03 5.034125933889299631e-05
7.401500000000390173e+03 5.120065907249227166e-05
7.402400000000390719e+03 5.220602542976848781e-05
7.403300000000390355e+03 5.277347736409865320e-05
7.404200000000389991e+03 5.268483073450624943e-05
7.405100000000390537e+03 5.227135261520743370e-05
7.406000000000391083e+03 5.199402585276402533e-05
7.406900000000390719e+03 5.181405140319839120e-05
7.407800000000390355e+03 5.134157254360616207e-05
7.408700000000390901e+03 5.073955981060862541e-05
7.409600000000391447e+03 5.052758569945581257e-05
