3.540500000000000000e+03 7.201011176221072674e-04
3.541400000000000091e+03 7.179681560955941677e-04
3.542300000000000182e+03 7.197078084573149681e-04
3.543200000000000273e+03 7.219131803140044212e-04
3.544100000000000364e+03 7.218139362521469593e-04
3.545000000000000455e+03 7.218990940600633621e-04
3.545900000000000546e+03 7.262275903485715389e-04
3.546800000000000637e+03 7.306478801183402538e-04
3.547700000000000728e+03 7.336424314416944981e-04
3.548600000000000819e+03 7.365912897512316704e-04
3.549500000000000909e+03 7.378667360171675682e-04
3.550400000000001000e+03 7.371325045824050903e-04
3.551300000000001091e+03 7.349925581365823746e-04
3.552200000000001182e+03 7.344011683017015457e-04
3.553100000000001273e+03 7.333729299716651440e-04
3.554000000000001364e+03 7.316331611946225166e-04
3.554900000000001455e+03 7.313909009099006653e-04
3.555800000000001546e+03 7.341247983276844025e-04
3.556700000000001637e+03 7.346330676227807999e-04
3.557600000000001728e+03 7.328743813559412956e-04
3.558500000000001819e+03 7.332018576562404633e-04
3.559400000000001910e+03 7.332678069360554218e-04
3.560300000000002001e+03 7.319793803617358208e-04
3.561200000000002092e+03 7.303727907128632069e-04
3.562100000000002183e+03 7.305939798243343830e-04
3.563000000000002274e+03 7.307704072445631027e-04
3.563900000000002365e+03 7.255535456351935863e-04
3.564800000000002456e+03 7.163967820815742016e-04
3.565700000000002547e+03 7.118875510059297085e-04
3.566600000000002638e+03 7.166018476709723473e-04
3.567500000000002728e+03 7.231901981867849827e-04
3.568400000000002819e+03 7.205900037661194801e-04
3.569300000000002910e+03 7.115142070688307285e-04
3.570200000000003001e+03 7.071248837746679783e-04
3.571100000000003092e+03 7.101027877070009708e-04
3.572000000000003183e+03 7.128561846911907196e-04
3.572900000000003274e+03 7.141112000681459904e-04
3.573800000000003365e+03 7.156815845519304276e-04
3.574700000000003456e+03 7.188795716501772404e-04
3.575600000000003547e+03 7.211059564724564552e-04
3.576500000000003638e+03 7.170912576839327812e-04
3.577400000000003729e+03 7.118860958144068718e-04
3.578300000000003820e+03 7.121740491129457951e-04
3.579200000000003911e+03 7.139985100366175175e-04
3.580100000000004002e+03 7.113647297956049442e-04
3.581000000000004093e+03 7.079163333401083946e-04
3.581900000000004184e+03 7.102102390490472317e-04
3.582800000000004275e+03 7.124126423150300980e-04
3.583700000000004366e+03 7.069804705679416656e-04
3.584600000000004457e+03 6.963977357372641563e-04
3.585500000000004547e+03 6.907788338139653206e-04
3.586400000000004638e+03 6.933479453437030315e-04
3.587300000000004729e+03 6.994622526690363884e-04
3.588200000000004820e+03 7.052072323858737946e-04
3.589100000000004911e+03 7.099561626091599464e-04
3.590000000000005002e+03 7.145759882405400276e-04
3.590900000000005093e+03 7.181979017332196236e-04
3.591800000000005184e+03 7.171306060627102852e-04
3.592700000000005275e+03 7.145722629502415657e-04
3.593600000000005366e+03 7.117280620150268078e-04
3.594500000000005457e+03 7.091984152793884277e-04
3.595400000000005548e+03 7.092406740412116051e-04
3.596300000000005639e+03 7.107771816663444042e-04
3.597200000000005730e+03 7.128998404368758202e-04
3.598100000000005821e+03 7.151585305109620094e-04
3.599000000000005912e+03 7.142338436096906662e-04
3.599900000000006003e+03 7.110093138180673122e-04
3.600800000000006094e+03 7.055986206978559494e-04
3.601700000000006185e+03 6.999621400609612465e-04
3.602600000000006276e+03 6.939053419046103954e-04
3.603500000000006366e+03 6.891980883665382862e-04
3.604400000000006457e+03 6.879658321850001812e-04
3.605300000000006548e+03 6.895544356666505337e-04
3.606200000000006639e+03 6.924122571945190430e-04
3.607100000000006730e+03 6.917609716765582561e-04
3.608000000000006821e+03 6.877419655211269855e-04
3.608900000000006912e+03 6.851244834251701832e-04
3.609800000000007003e+03 6.836502579972147942e-04
3.610700000000007094e+03 6.828131736256182194e-04
3.611600000000007185e+03 6.803089054301381111e-04
3.612500000000007276e+03 6.776172085665166378e-04
3.613400000000007367e+03 6.808495381847023964e-04
3.614300000000007458e+03 6.898567080497741699e-04
3.615200000000007549e+03 6.960985483601689339e-04
3.616100000000007640e+03 6.946124485693871975e-04
3.617000000000007731e+03 6.873394013382494450e-04
3.617900000000007822e+03 6.780012045055627823e-04
3.618800000000007913e+03 6.744320271536707878e-04
3.619700000000008004e+03 6.781857227906584740e-04
3.620600000000008095e+03 6.818471592850983143e-04
3.621500000000008185e+03 6.860334542579948902e-04
3.622400000000008276e+03 6.911571836099028587e-04
3.623300000000008367e+03 6.913581746630370617e-04
3.624200000000008458e+03 6.885925540700554848e-04
3.625100000000008549e+03 6.912554963491857052e-04
3.626000000000008640e+03 6.966557120904326439e-04
3.626900000000008731e+03 6.982322665862739086e-04
3.627800000000008822e+03 6.963587948121130466e-04
3.628700000000008913e+03 6.944178021512925625e-04
3.629600000000009004e+03 6.883241003379225731e-04
3.630500000000009095e+03 6.769438041374087334e-04
3.631400000000009186e+03 6.716176867485046387e-04
3.632300000000009277e+03 6.765983998775482178e-04
3.633200000000009368e+03 6.840939167886972427e-04
3.634100000000009459e+03 6.877150153741240501e-04
3.635000000000009550e+03 6.886527989991009235e-04
3.635900000000009641e+03 6.878537824377417564e-04
3.636800000000009732e+03 6.875194376334547997e-04
3.637700000000009823e+03 6.879555294290184975e-04
3.638600000000009913e+03 6.896893610246479511e-04
3.639500000000010004e+03 6.907513597980141640e-04
3.640400000000010095e+03 6.892618257552385330e-04
3.641300000000010186e+03 6.852606893517076969e-04
3.642200000000010277e+03 6.819784175604581833e-04
3.643100000000010368e+03 6.807707832194864750e-04
3.644000000000010459e+03 6.803026772104203701e-04
3.644900000000010550e+03 6.811685161665081978e-04
3.645800000000010641e+03 6.827478646300733089e-04
3.646700000000010732e+03 6.813269574195146561e-04
3.647600000000010823e+03 6.787275196984410286e-04
3.648500000000010914e+03 6.785801379010081291e-04
3.649400000000011005e+03 6.776294321753084660e-04
3.650300000000011096e+03 6.770314066670835018e-04
3.651200000000011187e+03 6.776120862923562527e-04
3.652100000000011278e+03 6.791448686271905899e-04
3.653000000000011369e+03 6.813121144659817219e-04
3.653900000000011460e+03 6.815143860876560211e-04
3.654800000000011551e+03 6.814092048443853855e-04
3.655700000000011642e+03 6.834293017163872719e-04
3.656600000000011732e+03 6.852140068076550961e-04
3.657500000000011823e+03 6.851294892840087414e-04
3.658400000000011914e+03 6.850021891295909882e-04
3.659300000000012005e+03 6.838348344899713993e-04
3.660200000000012096e+03 6.811547791585326195e-04
3.661100000000012187e+03 6.801954004913568497e-04
3.662000000000012278e+03 6.805777084082365036e-04
3.662900000000012369e+03 6.798053509555757046e-04
3.663800000000012460e+03 6.778289680369198322e-04
3.664700000000012551e+03 6.786352605558931828e-04
3.665600000000012642e+03 6.820025737397372723e-04
3.666500000000012733e+03 6.822731811553239822e-04
3.667400000000012824e+03 6.798553513363003731e-04
3.668300000000012915e+03 6.776832160539925098e-04
3.669200000000013006e+03 6.753612542524933815e-04
3.670100000000013097e+03 6.751795299351215363e-04
3.671000000000013188e+03 6.788456230424344540e-04
3.671900000000013279e+03 6.834307569079101086e-04
3.672800000000013370e+03 6.848016637377440929e-04
3.673700000000013461e+03 6.845987518317997456e-04
3.674600000000013551e+03 6.831848877482116222e-04
3.675500000000013642e+03 6.800657138228416443e-04
3.676400000000013733e+03 6.750750471837818623e-04
3.677300000000013824e+03 6.702084210701286793e-04
3.678200000000013915e+03 6.673574680462479591e-04
3.679100000000014006e+03 6.681471131742000580e-04
3.680000000000014097e+03 6.734341150149703026e-04
3.680900000000014188e+03 6.776175578124821186e-04
3.681800000000014279e+03 6.740487879142165184e-04
3.682700000000014370e+03 6.689478759653866291e-04
3.683600000000014461e+03 6.687946151942014694e-04
3.684500000000014552e+03 6.652087322436273098e-04
3.685400000000014643e+03 6.558783352375030518e-04
3.686300000000014734e+03 6.519667222164571285e-04
3.687200000000014825e+03 6.627723923884332180e-04
3.688100000000014916e+03 6.814113003201782703e-04
3.689000000000015007e+03 6.899017025716602802e-04
3.689900000000015098e+03 6.802040152251720428e-04
3.690800000000015189e+03 6.664210814051330090e-04
3.691700000000015280e+03 6.681467057205736637e-04
3.692600000000015370e+03 6.850262288935482502e-04
3.693500000000015461e+03 7.018494652584195137e-04
3.694400000000015552e+03 7.025517988950014114e-04
3.695300000000015643e+03 6.839207489974796772e-04
3.696200000000015734e+03 6.583618232980370522e-04
3.697100000000015825e+03 6.505619967356324196e-04
3.698000000000015916e+03 6.730719469487667084e-04
3.698900000000016007e+03 7.097993511706590652e-04
3.699800000000016098e+03 7.323358440771698952e-04
3.700700000000016189e+03 7.261444116011261940e-04
3.701600000000016280e+03 6.954327691346406937e-04
3.702500000000016371e+03 6.538808229379355907e-04
3.703400000000016462e+03 6.217133486643433571e-04
3.704300000000016553e+03 6.221489165909588337e-04
3.705200000000016644e+03 6.555166910402476788e-04
3.706100000000016735e+03 6.997010787017643452e-04
3.707000000000016826e+03 7.342959288507699966e-04
3.707900000000016917e+03 7.442691130563616753e-04
3.708800000000017008e+03 7.239865954034030437e-04
3.709700000000017099e+03 6.818133988417685032e-04
3.710600000000017189e+03 6.310131866484880447e-04
3.711500000000017280e+03 5.967905162833631039e-04
3.712400000000017371e+03 6.070255767554044724e-04
3.713300000000017462e+03 6.587324314750730991e-04
3.714200000000017553e+03 7.188794552348554134e-04
3.715100000000017644e+03 7.659843540750443935e-04
3.716000000000017735e+03 7.938232156448066235e-04
3.716900000000017826e+03 7.994515472091734409e-04
3.717800000000017917e+03 7.799546001479029655e-04
3.718700000000018008e+03 7.341127493418753147e-04
3.719600000000018099e+03 6.674751057289540768e-04
3.720500000000018190e+03 5.982430302537977695e-04
3.721400000000018281e+03 5.569932400248944759e-04
3.722300000000018372e+03 5.686458898708224297e-04
3.723200000000018463e+03 6.270490703172981739e-04
3.724100000000018554e+03 7.003456121310591698e-04
3.725000000000018645e+03 7.650212501175701618e-04
3.725900000000018736e+03 8.093321230262517929e-04
3.726800000000018827e+03 8.343021618202328682e-04
3.727700000000018917e+03 8.479598327539861202e-04
3.728600000000019008e+03 8.497662493027746677e-04
3.729500000000019099e+03 8.301766356453299522e-04
3.730400000000019190e+03 7.878502947278320789e-04
3.731300000000019281e+03 7.288002525456249714e-04
3.732200000000019372e+03 6.535981665365397930e-04
3.733100000000019463e+03 5.770937423221766949e-04
3.734000000000019554e+03 5.348065169528126717e-04
3.734900000000019645e+03 5.498699028976261616e-04
3.735800000000019736e+03 6.077960715629160404e-04
3.736700000000019827e+03 6.805455777794122696e-04
3.737600000000019918e+03 7.572870235890150070e-04
3.738500000000020009e+03 8.282405324280261993e-04
3.739400000000020100e+03 8.814213797450065613e-04
3.740300000000020191e+03 9.129177778959274292e-04
3.741200000000020282e+03 9.261631639674305916e-04
3.742100000000020373e+03 9.268376161344349384e-04
3.743000000000020464e+03 9.163610520772635937e-04
3.743900000000020555e+03 8.936539525166153908e-04
3.744800000000020646e+03 8.550879429094493389e-04
3.745700000000020736e+03 8.042791159823536873e-04
3.746600000000020827e+03 7.465952076017856598e-04
3.747500000000020918e+03 6.742170080542564392e-04
3.748400000000021009e+03 5.897389492020010948e-04
3.749300000000021100e+03 5.245828069746494293e-04
3.750200000000021191e+03 5.152568919584155083e-04
3.751100000000021282e+03 5.658664740622043610e-04
3.752000000000021373e+03 6.450990913435816765e-04
3.752900000000021464e+03 7.232513744384050369e-04
3.753800000000021555e+03 7.927858387120068073e-04
3.754700000000021646e+03 8.535467786714434624e-04
3.755600000000021737e+03 9.032965754158794880e-04
3.756500000000021828e+03 9.348108433187007904e-04
3.757400000000021919e+03 9.491809760220348835e-04
3.758300000000022010e+03 9.576378506608307362e-04
3.759200000000022101e+03 9.678428759798407555e-04
3.760100000000022192e+03 9.780998807400465012e-04
3.761000000000022283e+03 9.804307483136653900e-04
3.761900000000022374e+03 9.748666780069470406e-04
3.762800000000022465e+03 9.617873001843690872e-04
3.763700000000022555e+03 9.382255375385284424e-04
3.764600000000022646e+03 9.072311222553253174e-04
3.765500000000022737e+03 8.664915803819894791e-04
3.766400000000022828e+03 8.101537823677062988e-04
3.767300000000022919e+03 7.404400967061519623e-04
3.768200000000023010e+03 6.626027170568704605e-04
3.769100000000023101e+03 5.802536034025251865e-04
3.770000000000023192e+03 5.206060013733804226e-04
3.770900000000023283e+03 5.221737083047628403e-04
3.771800000000023374e+03 5.840362282469868660e-04
3.772700000000023465e+03 6.691010203212499619e-04
3.773600000000023556e+03 7.485866663046181202e-04
3.774500000000023647e+03 8.157609263435006142e-04
3.775400000000023738e+03 8.755568997003138065e-04
3.776300000000023829e+03 9.293532348237931728e-04
3.777200000000023920e+03 9.728051954880356789e-04
3.778100000000024011e+03 1.007455983199179173e-03
3.779000000000024102e+03 1.038642833009362221e-03
3.779900000000024193e+03 1.066995318979024887e-03
3.780800000000024284e+03 1.086369273252785206e-03
3.781700000000024374e+03 1.094422070309519768e-03
3.782600000000024465e+03 1.097575179301202297e-03
3.783500000000024556e+03 1.102590118534862995e-03
3.784400000000024647e+03 1.106935204006731510e-03
3.785300000000024738e+03 1.101035275496542454e-03
3.786200000000024829e+03 1.086916192434728146e-03
3.787100000000024920e+03 1.070780446752905846e-03
3.788000000000025011e+03 1.053301501087844372e-03
3.788900000000025102e+03 1.033161766827106476e-03
3.789800000000025193e+03 1.005540601909160614e-03
3.790700000000025284e+03 9.708412108011543751e-04
3.791600000000025375e+03 9.289052104577422142e-04
3.792500000000025466e+03 8.764645899645984173e-04
3.793400000000025557e+03 8.127861656248569489e-04
3.794300000000025648e+03 7.412046543322503567e-04
3.795200000000025739e+03 6.635336903855204582e-04
3.796100000000025830e+03 5.805272958241403103e-04
3.797000000000025921e+03 5.087567260488867760e-04
3.797900000000026012e+03 4.865118826273828745e-04
3.798800000000026102e+03 5.306563689373433590e-04
3.799700000000026193e+03 6.142312195152044296e-04
3.800600000000026284e+03 7.017227471806108952e-04
3.801500000000026375e+03 7.803324842825531960e-04
3.802400000000026466e+03 8.495142101310193539e-04
3.803300000000026557e+03 9.082017932087182999e-04
3.804200000000026648e+03 9.554416174069046974e-04
3.805100000000026739e+03 9.934677509590983391e-04
3.806000000000026830e+03 1.025509438477456570e-03
3.806900000000026921e+03 1.054935273714363575e-03
3.807800000000027012e+03 1.083748531527817249e-03
3.808700000000027103e+03 1.110770273953676224e-03
3.809600000000027194e+03 1.134154503233730793e-03
3.810500000000027285e+03 1.151623670011758804e-03
3.811400000000027376e+03 1.159494277089834213e-03
3.812300000000027467e+03 1.155735109932720661e-03
3.813200000000027558e+03 1.148139126598834991e-03
3.814100000000027649e+03 1.145869377069175243e-03
3.815000000000027740e+03 1.148275099694728851e-03
3.815900000000027831e+03 1.152007840573787689e-03
3.816800000000027921e+03 1.152440556325018406e-03
3.817700000000028012e+03 1.139965606853365898e-03
3.818600000000028103e+03 1.110675977542996407e-03
3.819500000000028194e+03 1.083741895854473114e-03
3.820400000000028285e+03 1.085859374143183231e-03
3.821300000000028376e+03 1.111142220906913280e-03
3.822200000000028467e+03 1.127322087995707989e-03
3.823100000000028558e+03 1.117749605327844620e-03
3.824000000000028649e+03 1.090829609893262386e-03
3.824900000000028740e+03 1.063171075657010078e-03
3.825800000000028831e+03 1.039369264617562294e-03
3.826700000000028922e+03 1.012886525131762028e-03
3.827600000000029013e+03 9.797197999432682991e-04
3.828500000000029104e+03 9.411639184691011906e-04
3.829400000000029195e+03 8.978250552900135517e-04
3.830300000000029286e+03 8.466078434139490128e-04
3.831200000000029377e+03 7.811486138962209225e-04
3.832100000000029468e+03 7.031103014014661312e-04
3.833000000000029559e+03 6.203976809047162533e-04
3.833900000000029650e+03 5.391250597313046455e-04
3.834800000000029740e+03 4.832434642594307661e-04
3.835700000000029831e+03 4.857917374465614557e-04
3.836600000000029922e+03 5.432648467831313610e-04
3.837500000000030013e+03 6.211583968251943588e-04
3.838400000000030104e+03 6.984911742620170116e-04
3.839300000000030195e+03 7.700235582888126373e-04
3.840200000000030286e+03 8.340787026099860668e-04
3.841100000000030377e+03 8.922004490159451962e-04
3.842000000000030468e+03 9.433221421204507351e-04
3.842900000000030559e+03 9.842050494626164436e-04
3.843800000000030650e+03 1.015657442621886730e-03
3.844700000000030741e+03 1.043692114762961864e-03
3.845600000000030832e+03 1.072098151780664921e-03
3.846500000000030923e+03 1.099483342841267586e-03
3.847400000000031014e+03 1.119914930313825607e-03
3.848300000000031105e+03 1.129749114625155926e-03
3.849200000000031196e+03 1.136008184403181076e-03
3.850100000000031287e+03 1.148255425505340099e-03
3.851000000000031378e+03 1.165811670944094658e-03
3.851900000000031469e+03 1.178772305138409138e-03
3.852800000000031559e+03 1.182011212222278118e-03
3.853700000000031650e+03 1.179833547212183475e-03
3.854600000000031741e+03 1.171838841401040554e-03
3.855500000000031832e+03 1.161012216471135616e-03
3.856400000000031923e+03 1.169096911326050758e-03
3.857300000000032014e+03 1.193276606500148773e-03
3.858200000000032105e+03 1.205535372719168663e-03
3.859100000000032196e+03 1.203005784191191196e-03
3.860000000000032287e+03 1.201602630317211151e-03
3.860900000000032378e+03 1.201550825498998165e-03
3.861800000000032469e+03 1.193201518617570400e-03
3.862700000000032560e+03 1.187479705549776554e-03
3.863600000000032651e+03 1.195945194922387600e-03
3.864500000000032742e+03 1.203685533255338669e-03
3.865400000000032833e+03 1.200092025101184845e-03
3.866300000000032924e+03 1.194010954350233078e-03
3.867200000000033015e+03 1.190268900245428085e-03
3.868100000000033106e+03 1.191165647469460964e-03
3.869000000000033197e+03 1.193961827084422112e-03
3.869900000000033288e+03 1.189029077067971230e-03
3.870800000000033378e+03 1.173089724034070969e-03
3.871700000000033469e+03 1.152933808043599129e-03
3.872600000000033560e+03 1.139444997534155846e-03
3.873500000000033651e+03 1.138178631663322449e-03
3.874400000000033742e+03 1.140071428380906582e-03
3.875300000000033833e+03 1.134917722083628178e-03
3.876200000000033924e+03 1.119986292906105518e-03
3.877100000000034015e+03 1.094600651413202286e-03
3.878000000000034106e+03 1.066592405550181866e-03
3.878900000000034197e+03 1.046674558892846107e-03
3.879800000000034288e+03 1.031655236147344112e-03
3.880700000000034379e+03 1.008453429676592350e-03
3.881600000000034470e+03 9.716522181406617165e-04
3.882500000000034561e+03 9.273674804717302322e-04
3.883400000000034652e+03 8.813204476609826088e-04
3.884300000000034743e+03 8.271001861430704594e-04
3.885200000000034834e+03 7.582338294014334679e-04
3.886100000000034925e+03 6.790469051338732243e-04
3.887000000000035016e+03 5.964354495517909527e-04
3.887900000000035106e+03 5.186313064768910408e-04
3.888800000000035197e+03 4.773940308950841427e-04
3.889700000000035288e+03 5.040292744524776936e-04
3.890600000000035379e+03 5.820125225000083447e-04
3.891500000000035470e+03 6.699734949506819248e-04
3.892400000000035561e+03 7.455364102497696877e-04
3.893300000000035652e+03 8.065566071309149265e-04
3.894200000000035743e+03 8.588118362240493298e-04
3.895100000000035834e+03 9.075132547877728939e-04
3.896000000000035925e+03 9.529595263302326202e-04
3.896900000000036016e+03 9.909439831972122192e-04
3.897800000000036107e+03 1.019142218865454197e-03
3.898700000000036198e+03 1.040283357724547386e-03
3.899600000000036289e+03 1.057247980497777462e-03
3.900500000000036380e+03 1.077744178473949432e-03
3.901400000000036471e+03 1.101148664020001888e-03
3.902300000000036562e+03 1.118207932449877262e-03
3.903200000000036653e+03 1.130125368945300579e-03
3.904100000000036744e+03 1.137164304964244366e-03
3.905000000000036835e+03 1.136364764533936977e-03
3.905900000000036925e+03 1.139407861046493053e-03
3.906800000000037016e+03 1.156182377599179745e-03
3.907700000000037107e+03 1.175570650957524776e-03
3.908600000000037198e+03 1.188097521662712097e-03
3.909500000000037289e+03 1.195321558043360710e-03
3.910400000000037380e+03 1.198762562125921249e-03
3.911300000000037471e+03 1.199937774799764156e-03
3.912200000000037562e+03 1.195309218019247055e-03
3.913100000000037653e+03 1.186308101750910282e-03
3.914000000000037744e+03 1.184216933324933052e-03
3.914900000000037835e+03 1.188931637443602085e-03
3.915800000000037926e+03 1.190714770928025246e-03
3.916700000000038017e+03 1.188745489344000816e-03
3.917600000000038108e+03 1.183877117000520229e-03
3.918500000000038199e+03 1.175588578917086124e-03
3.919400000000038290e+03 1.167168957181274891e-03
3.920300000000038381e+03 1.165401772595942020e-03
3.921200000000038472e+03 1.171653042547404766e-03
3.922100000000038563e+03 1.176176941953599453e-03
3.923000000000038654e+03 1.175066572614014149e-03
3.923900000000038744e+03 1.171908690594136715e-03
3.924800000000038835e+03 1.166020287200808525e-03
3.925700000000038926e+03 1.156287733465433121e-03
3.926600000000039017e+03 1.148333540186285973e-03
3.927500000000039108e+03 1.143032452091574669e-03
3.928400000000039199e+03 1.139755127951502800e-03
3.929300000000039290e+03 1.135795959271490574e-03
3.930200000000039381e+03 1.125604496337473392e-03
3.931100000000039472e+03 1.103317248634994030e-03
3.932000000000039563e+03 1.054191961884498596e-03
3.932900000000039654e+03 9.929130319505929947e-04
3.933800000000039745e+03 9.802365675568580627e-04
3.934700000000039836e+03 1.032334985211491585e-03
3.935600000000039927e+03 1.094270264729857445e-03
3.936500000000040018e+03 1.130313496105372906e-03
3.937400000000040109e+03 1.146825030446052551e-03
3.938300000000040200e+03 1.156404498033225536e-03
3.939200000000040291e+03 1.167149865068495274e-03
3.940100000000040382e+03 1.175831304863095284e-03
3.941000000000040473e+03 1.178576610982418060e-03
3.941900000000040563e+03 1.177523517981171608e-03
3.942800000000040654e+03 1.171998912468552589e-03
3.943700000000040745e+03 1.164998859167098999e-03
3.944600000000040836e+03 1.165912952274084091e-03
3.945500000000040927e+03 1.173233264125883579e-03
3.946400000000041018e+03 1.175686949864029884e-03
3.947300000000041109e+03 1.169291208498179913e-03
3.948200000000041200e+03 1.161453197710216045e-03
3.949100000000041291e+03 1.159165520220994949e-03
3.950000000000041382e+03 1.157918362878262997e-03
3.950900000000041473e+03 1.151318545453250408e-03
3.951800000000041564e+03 1.142002525739371777e-03
3.952700000000041655e+03 1.135015860199928284e-03
3.953600000000041746e+03 1.129866694100201130e-03
3.954500000000041837e+03 1.122011686675250530e-03
3.955400000000041928e+03 1.108346390537917614e-03
3.956300000000042019e+03 1.091861398890614510e-03
3.957200000000042110e+03 1.078443601727485657e-03
3.958100000000042201e+03 1.067015342414379120e-03
3.959000000000042292e+03 1.051563420332968235e-03
3.959900000000042382e+03 1.027402584441006184e-03
3.960800000000042473e+03 9.953813860192894936e-04
3.961700000000042564e+03 9.613355505280196667e-04
3.962600000000042655e+03 9.261990198865532875e-04
3.963500000000042746e+03 8.853252511471509933e-04
3.964400000000042837e+03 8.355634054169058800e-04
3.965300000000042928e+03 7.758304709568619728e-04
3.966200000000043019e+03 7.028142572380602360e-04
3.967100000000043110e+03 6.122871418483555317e-04
3.968000000000043201e+03 5.145129980519413948e-04
3.968900000000043292e+03 4.400530306156724691e-04
3.969800000000043383e+03 4.200447583571076393e-04
3.970700000000043474e+03 4.620297113433480263e-04
3.971600000000043565e+03 5.425073322840034962e-04
3.972500000000043656e+03 6.276668282225728035e-04
3.973400000000043747e+03 7.019140175543725491e-04
3.974300000000043838e+03 7.669902406632900238e-04
3.975200000000043929e+03 8.248833473771810532e-04
3.976100000000044020e+03 8.740352932363748550e-04
3.977000000000044110e+03 9.151217527687549591e-04
3.977900000000044201e+03 9.509421652182936668e-04
3.978800000000044292e+03 9.817273821681737900e-04
3.979700000000044383e+03 1.007573911920189857e-03
3.980600000000044474e+03 1.027149148285388947e-03
3.981500000000044565e+03 1.040542614646255970e-03
3.982400000000044656e+03 1.053486834280192852e-03
3.983300000000044747e+03 1.068666228093206882e-03
3.984200000000044838e+03 1.084820949472486973e-03
3.985100000000044929e+03 1.098530250601470470e-03
3.986000000000045020e+03 1.107459538616240025e-03
3.986900000000045111e+03 1.115824677981436253e-03
3.987800000000045202e+03 1.124895527027547359e-03
3.988700000000045293e+03 1.129405456595122814e-03
3.989600000000045384e+03 1.130533986724913120e-03
3.990500000000045475e+03 1.133842859417200089e-03
3.991400000000045566e+03 1.139997737482190132e-03
3.992300000000045657e+03 1.145636430010199547e-03
3.993200000000045748e+03 1.147280447185039520e-03
3.994100000000045839e+03 1.144437934271991253e-03
3.995000000000045929e+03 1.142628141678869724e-03
3.995900000000046020e+03 1.142830471508204937e-03
3.996800000000046111e+03 1.141320099122822285e-03
3.997700000000046202e+03 1.140076201409101486e-03
3.998600000000046293e+03 1.144365291111171246e-03
3.999500000000046384e+03 1.150611438788473606e-03
4.000400000000046475e+03 1.151861855760216713e-03
4.001300000000046566e+03 1.147368806414306164e-03
4.002200000000046657e+03 1.143435016274452209e-03
4.003100000000046748e+03 1.143276342190802097e-03
4.004000000000046839e+03 1.141580869443714619e-03
4.004900000000046930e+03 1.136914128437638283e-03
4.005800000000047021e+03 1.136347767896950245e-03
4.006700000000047112e+03 1.139702741056680679e-03
4.007600000000047203e+03 1.138632651418447495e-03
4.008500000000047294e+03 1.131530385464429855e-03
4.009400000000047385e+03 1.126568531617522240e-03
4.010300000000047476e+03 1.129595679230988026e-03
4.011200000000047567e+03 1.133912242949008942e-03
4.012100000000047658e+03 1.136304344981908798e-03
4.013000000000047748e+03 1.140746753662824631e-03
4.013900000000047839e+03 1.146176946349442005e-03
4.014800000000047930e+03 1.149645890109241009e-03
4.015700000000048021e+03 1.150891184806823730e-03
4.016600000000048112e+03 1.150910509750247002e-03
4.017500000000048203e+03 1.153352903202176094e-03
4.018400000000048294e+03 1.157598220743238926e-03
4.019300000000048385e+03 1.159251434728503227e-03
4.020200000000048476e+03 1.156749320216476917e-03
4.021100000000048567e+03 1.150863477960228920e-03
4.022000000000048658e+03 1.145381364040076733e-03
4.022900000000048749e+03 1.135181053541600704e-03
4.023800000000048840e+03 1.111219520680606365e-03
4.024700000000048931e+03 1.079319976270198822e-03
4.025600000000049022e+03 1.058510039001703262e-03
4.026500000000049113e+03 1.065550837665796280e-03
4.027400000000049204e+03 1.095561194233596325e-03
4.028300000000049295e+03 1.123546157032251358e-03
4.029200000000049386e+03 1.134608639404177666e-03
4.030100000000049477e+03 1.134168589487671852e-03
4.031000000000049567e+03 1.133033772930502892e-03
4.031900000000049658e+03 1.133916550315916538e-03
4.032800000000049749e+03 1.134672202169895172e-03
4.033700000000049840e+03 1.138545805588364601e-03
4.034600000000049931e+03 1.145688584074378014e-03
4.035500000000050022e+03 1.152642769739031792e-03
4.036400000000050113e+03 1.156261423602700233e-03
4.037300000000050204e+03 1.156237442046403885e-03
4.038200000000050295e+03 1.155716483481228352e-03
4.039100000000050386e+03 1.154724508523941040e-03
4.040000000000050477e+03 1.152218086645007133e-03
4.040900000000050568e+03 1.150494324974715710e-03
4.041800000000050659e+03 1.150364172644913197e-03
4.042700000000050750e+03 1.147764385677874088e-03
4.043600000000050841e+03 1.139944419264793396e-03
4.044500000000050932e+03 1.127746305428445339e-03
4.045400000000051023e+03 1.119808061048388481e-03
4.046300000000051114e+03 1.124661066569387913e-03
4.047200000000051205e+03 1.134913763962686062e-03
4.048100000000051296e+03 1.138412975706160069e-03
4.049000000000051386e+03 1.138853142037987709e-03
4.049900000000051477e+03 1.141698798164725304e-03
4.050800000000051568e+03 1.142164692282676697e-03
4.051700000000051659e+03 1.137942192144691944e-03
4.052600000000051750e+03 1.132512697950005531e-03
4.053500000000051841e+03 1.129501382820308208e-03
4.054400000000051932e+03 1.130262622609734535e-03
4.055300000000052023e+03 1.132025150582194328e-03
4.056200000000052114e+03 1.131288823671638966e-03
4.057100000000052205e+03 1.128687290474772453e-03
4.058000000000052296e+03 1.128452131524682045e-03
4.058900000000052387e+03 1.131021534092724323e-03
4.059800000000052478e+03 1.133185927756130695e-03
4.060700000000052569e+03 1.132834469899535179e-03
4.061600000000052660e+03 1.126428018324077129e-03
4.062500000000052751e+03 1.114512328058481216e-03
4.063400000000052842e+03 1.107799587771296501e-03
4.064300000000052933e+03 1.113396254368126392e-03
4.065200000000053024e+03 1.120479661040008068e-03
4.066100000000053114e+03 1.119339955039322376e-03
4.067000000000053205e+03 1.116135856136679649e-03
4.067900000000053296e+03 1.119611901231110096e-03
4.068800000000053387e+03 1.125330105423927307e-03
4.069700000000053478e+03 1.122800516895949841e-03
4.070600000000053569e+03 1.111512654460966587e-03
4.071500000000053660e+03 1.103566610254347324e-03
4.072400000000053751e+03 1.107156276702880859e-03
4.073300000000053842e+03 1.113768899813294411e-03
4.074200000000053933e+03 1.110610319301486015e-03
4.075100000000054024e+03 1.099314307793974876e-03
4.076000000000054115e+03 1.087135402485728264e-03
4.076900000000054206e+03 1.078287605196237564e-03
4.077800000000054297e+03 1.078535337001085281e-03
4.078700000000054388e+03 1.088737044483423233e-03
4.079600000000054479e+03 1.096843043342232704e-03
4.080500000000054570e+03 1.096357591450214386e-03
4.081400000000054661e+03 1.091953483410179615e-03
4.082300000000054752e+03 1.085395459085702896e-03
4.083200000000054843e+03 1.077236607670783997e-03
4.084100000000054933e+03 1.068875193595886230e-03
4.085000000000055024e+03 1.061074435710906982e-03
4.085900000000055115e+03 1.054273452609777451e-03
4.086800000000055206e+03 1.048764679580926895e-03
4.087700000000055297e+03 1.042273128405213356e-03
4.088600000000055388e+03 1.032056519761681557e-03
4.089500000000055479e+03 1.018974347971379757e-03
4.090400000000055570e+03 1.003426383249461651e-03
4.091300000000055661e+03 9.843829320743680000e-04
4.092200000000055752e+03 9.611191926524043083e-04
4.093100000000055843e+03 9.356174850836396217e-04
4.094000000000055934e+03 9.073449182324111462e-04
4.094900000000056025e+03 8.718434837646782398e-04
4.095800000000056116e+03 8.297247695736587048e-04
4.096700000000056207e+03 7.846848457120358944e-04
4.097600000000056752e+03 7.348965154960751534e-04
4.098500000000056389e+03 6.761574768461287022e-04
4.099400000000056025e+03 6.048678187653422356e-04
4.100300000000056571e+03 5.230383248999714851e-04
4.101200000000057116e+03 4.595097852870821953e-04
4.102100000000056752e+03 4.590130411088466644e-04
4.103000000000056389e+03 5.204146145842969418e-04
4.103900000000056934e+03 6.005358300171792507e-04
4.104800000000057480e+03 6.716863135807216167e-04
4.105700000000057116e+03 7.308307685889303684e-04
4.106600000000056752e+03 7.808196241967380047e-04
4.107500000000057298e+03 8.240767056122422218e-04
4.108400000000057844e+03 8.605525945313274860e-04
4.109300000000057480e+03 8.895998471416532993e-04
4.110200000000057116e+03 9.140992769971489906e-04
4.111100000000057662e+03 9.371219202876091003e-04
4.112000000000058208e+03 9.591733687557280064e-04
4.112900000000057844e+03 9.792383061721920967e-04
4.113800000000057480e+03 9.958946611732244492e-04
4.114700000000058026e+03 1.010554027743637562e-03
4.115600000000058571e+03 1.023607328534126282e-03
4.116500000000058208e+03 1.032606349326670170e-03
4.117400000000057844e+03 1.036215922795236111e-03
4.118300000000058390e+03 1.035443856380879879e-03
4.119200000000058935e+03 1.034809043630957603e-03
4.120100000000058571e+03 1.034575747326016426e-03
4.121000000000058208e+03 1.035647117532789707e-03
4.121900000000058753e+03 1.042586518451571465e-03
4.122800000000059299e+03 1.053325366228818893e-03
4.123700000000058935e+03 1.062911818735301495e-03
4.124600000000058571e+03 1.068836078047752380e-03
4.125500000000059117e+03 1.068308949470520020e-03
4.126400000000059663e+03 1.056695007719099522e-03
4.127300000000059299e+03 1.037400099448859692e-03
4.128200000000058935e+03 1.028134953230619431e-03
4.129100000000059481e+03 1.032818458043038845e-03
4.130000000000060027e+03 1.033012755215167999e-03
4.130900000000059663e+03 1.028105150908231735e-03
4.131800000000059299e+03 1.033162116073071957e-03
4.132700000000059845e+03 1.048095407895743847e-03
4.133600000000060390e+03 1.059530302882194519e-03
4.134500000000060027e+03 1.064249197952449322e-03
4.135400000000059663e+03 1.066434313543140888e-03
4.136300000000060209e+03 1.066384953446686268e-03
4.137200000000060754e+03 1.066118013113737106e-03
4.138100000000060390e+03 1.068223617039620876e-03
4.139000000000060027e+03 1.070123282261192799e-03
4.139900000000060572e+03 1.070227706804871559e-03
4.140800000000061118e+03 1.066073076799511909e-03
4.141700000000060754e+03 1.052892999723553658e-03
4.142600000000060390e+03 1.031733583658933640e-03
4.143500000000060936e+03 1.016080030240118504e-03
4.144400000000061482e+03 1.019728137180209160e-03
4.145300000000061118e+03 1.037386013194918633e-03
4.146200000000060754e+03 1.053638639859855175e-03
4.147100000000061300e+03 1.063544536009430885e-03
4.148000000000061846e+03 1.066985190846025944e-03
4.148900000000061482e+03 1.066493452526628971e-03
4.149800000000061118e+03 1.065302756614983082e-03
4.150700000000061664e+03 1.066220807842910290e-03
4.151600000000062209e+03 1.067593228071928024e-03
4.152500000000061846e+03 1.065787393599748611e-03
4.153400000000061482e+03 1.062562572769820690e-03
4.154300000000062028e+03 1.061711227521300316e-03
4.155200000000062573e+03 1.064131618477404118e-03
4.156100000000062209e+03 1.066495897248387337e-03
4.157000000000061846e+03 1.068452489562332630e-03
4.157900000000062391e+03 1.070574624463915825e-03
4.158800000000062937e+03 1.071513164788484573e-03
4.159700000000062573e+03 1.070708618499338627e-03
4.160600000000062209e+03 1.067449338734149933e-03
4.161500000000062755e+03 1.064098789356648922e-03
4.162400000000063301e+03 1.063041039742529392e-03
4.163300000000062937e+03 1.063240226358175278e-03
4.164200000000062573e+03 1.066246302798390388e-03
4.165100000000063119e+03 1.070086960680782795e-03
4.166000000000063665e+03 1.069773104973137379e-03
4.166900000000063301e+03 1.066062250174582005e-03
4.167800000000062937e+03 1.063188770785927773e-03
4.168700000000063483e+03 1.061504823155701160e-03
4.169600000000064028e+03 1.058418769389390945e-03
4.170500000000063665e+03 1.051828847266733646e-03
4.171400000000063301e+03 1.041052280925214291e-03
4.172300000000063847e+03 1.029210165143013000e-03
4.173200000000064392e+03 1.024614553898572922e-03
4.174100000000064028e+03 1.032414147630333900e-03
4.175000000000063665e+03 1.044844742864370346e-03
4.175900000000064210e+03 1.049512880854308605e-03
4.176800000000064756e+03 1.041956129483878613e-03
4.177700000000064392e+03 1.029859296977519989e-03
4.178600000000064028e+03 1.027084304951131344e-03
4.179500000000064574e+03 1.038240385241806507e-03
4.180400000000065120e+03 1.050781575031578541e-03
4.181300000000064756e+03 1.054233405739068985e-03
4.182200000000064392e+03 1.052991836331784725e-03
4.183100000000064938e+03 1.053042942658066750e-03
4.184000000000065484e+03 1.054755528457462788e-03
4.184900000000065120e+03 1.056112465448677540e-03
4.185800000000064756e+03 1.052850624546408653e-03
4.186700000000065302e+03 1.045567216351628304e-03
4.187600000000065847e+03 1.043185242451727390e-03
4.188500000000065484e+03 1.047803787514567375e-03
4.189400000000065120e+03 1.050415448844432831e-03
4.190300000000065666e+03 1.048827311024069786e-03
4.191200000000066211e+03 1.048122765496373177e-03
4.192100000000065847e+03 1.052177045494318008e-03
4.193000000000065484e+03 1.057500718161463737e-03
4.193900000000066029e+03 1.056657405570149422e-03
4.194800000000066575e+03 1.051089260727167130e-03
4.195700000000066211e+03 1.046603778377175331e-03
4.196600000000065847e+03 1.042810152284801006e-03
4.197500000000066393e+03 1.035922556184232235e-03
4.198400000000066939e+03 1.029390026815235615e-03
4.199300000000066575e+03 1.028810977004468441e-03
4.200200000000066211e+03 1.030504470691084862e-03
4.201100000000066757e+03 1.030632061883807182e-03
4.202000000000067303e+03 1.032083993777632713e-03
4.202900000000066939e+03 1.035365043208003044e-03
4.203800000000066575e+03 1.036059227772057056e-03
4.204700000000067121e+03 1.033576554618775845e-03
4.205600000000067666e+03 1.032194821164011955e-03
4.206500000000067303e+03 1.033533364534378052e-03
4.207400000000066939e+03 1.036342349834740162e-03
4.208300000000067485e+03 1.038204762153327465e-03
4.209200000000068030e+03 1.038486137986183167e-03
4.210100000000067666e+03 1.039152732118964195e-03
4.211000000000067303e+03 1.041476498357951641e-03
4.211900000000067848e+03 1.043060445226728916e-03
4.212800000000068394e+03 1.042296411469578743e-03
4.213700000000068030e+03 1.037486828863620758e-03
4.214600000000067666e+03 1.027546240948140621e-03
4.215500000000068212e+03 1.020103227347135544e-03
4.216400000000068758e+03 1.023951219394803047e-03
4.217300000000068394e+03 1.033918815664947033e-03
4.218200000000068030e+03 1.040518400259315968e-03
4.219100000000068576e+03 1.043162075802683830e-03
4.220000000000069122e+03 1.044494914822280407e-03
4.220900000000068758e+03 1.043067430146038532e-03
4.221800000000068394e+03 1.037441776134073734e-03
4.222700000000068940e+03 1.031384686939418316e-03
4.223600000000069485e+03 1.026940881274640560e-03
4.224500000000069122e+03 1.021953416056931019e-03
4.225400000000068758e+03 1.014211913570761681e-03
4.226300000000069303e+03 1.005629659630358219e-03
4.227200000000069849e+03 1.007099985145032406e-03
4.228100000000069485e+03 1.021128729917109013e-03
4.229000000000069122e+03 1.033834530971944332e-03
4.229900000000069667e+03 1.037183450534939766e-03
4.230800000000070213e+03 1.033574691973626614e-03
4.231700000000069849e+03 1.021120115183293819e-03
4.232600000000069485e+03 1.004093792289495468e-03
4.233500000000070031e+03 1.000831485725939274e-03
4.234400000000070577e+03 1.012737280689179897e-03
4.235300000000070213e+03 1.019596820697188377e-03
4.236200000000069849e+03 1.017432659864425659e-03
4.237100000000070395e+03 1.017666305415332317e-03
4.238000000000070941e+03 1.019258750602602959e-03
4.238900000000070577e+03 1.019080751575529575e-03
4.239800000000070213e+03 1.019743853248655796e-03
4.240700000000070759e+03 1.019997522234916687e-03
4.241600000000071304e+03 1.016996917314827442e-03
4.242500000000070941e+03 1.014248584397137165e-03
4.243400000000070577e+03 1.018082606606185436e-03
4.244300000000071122e+03 1.023174845613539219e-03
4.245200000000071668e+03 1.021939329802989960e-03
4.246100000000071304e+03 1.014905748888850212e-03
4.247000000000070941e+03 1.009478466585278511e-03
4.247900000000071486e+03 1.010222826153039932e-03
4.248800000000072032e+03 1.010593841783702374e-03
4.249700000000071668e+03 1.006447128020226955e-03
4.250600000000071304e+03 1.004579593427479267e-03
4.251500000000071850e+03 1.007969141937792301e-03
4.252400000000072396e+03 1.008948427625000477e-03
4.253300000000072032e+03 1.005217782221734524e-03
4.254200000000071668e+03 1.003546640276908875e-03
4.255100000000072214e+03 1.006838516332209110e-03
4.256000000000072760e+03 1.012379652820527554e-03
4.256900000000072396e+03 1.014790614135563374e-03
4.257800000000072032e+03 1.010260544717311859e-03
4.258700000000072578e+03 1.002415549010038376e-03
4.259600000000073123e+03 9.980770992115139961e-04
4.260500000000072760e+03 9.968531085178256035e-04
4.261400000000072396e+03 9.981970069929957390e-04
4.262300000000072941e+03 1.003962359391152859e-03
4.263200000000073487e+03 1.010689535178244114e-03
4.264100000000073123e+03 1.014289096929132938e-03
4.265000000000072760e+03 1.013859640806913376e-03
4.265900000000073305e+03 1.006311038509011269e-03
4.266800000000073851e+03 9.939125739037990570e-04
4.267700000000073487e+03 9.884797036647796631e-04
4.268600000000073123e+03 9.937012800946831703e-04
4.269500000000073669e+03 9.954682318493723869e-04
4.270400000000074215e+03 9.877121774479746819e-04
4.271300000000073851e+03 9.792104829102754593e-04
4.272200000000073487e+03 9.783967398107051849e-04
4.273100000000074033e+03 9.812121279537677765e-04
4.274000000000074579e+03 9.803690481930971146e-04
4.274900000000074215e+03 9.796996600925922394e-04
4.275800000000073851e+03 9.856884134933352470e-04
4.276700000000074397e+03 9.938231669366359711e-04
4.277600000000074942e+03 9.957586880773305893e-04
4.278500000000074579e+03 9.931924287229776382e-04
4.279400000000074215e+03 9.890362853184342384e-04
4.280300000000074760e+03 9.843397419899702072e-04
4.281200000000075306e+03 9.819492697715759277e-04
4.282100000000074942e+03 9.818654507398605347e-04
4.283000000000074579e+03 9.831200586631894112e-04
4.283900000000075124e+03 9.843928273767232895e-04
4.284800000000075670e+03 9.816390229389071465e-04
4.285700000000075306e+03 9.781725239008665085e-04
4.286600000000074942e+03 9.781494736671447754e-04
4.287500000000075488e+03 9.782643755897879601e-04
4.288400000000076034e+03 9.727049618959426880e-04
4.289300000000075670e+03 9.618568583391606808e-04
4.290200000000075306e+03 9.571861010044813156e-04
4.291100000000075852e+03 9.639313793741166592e-04
4.292000000000076398e+03 9.722184622660279274e-04
4.292900000000076034e+03 9.744274429976940155e-04
4.293800000000075670e+03 9.697722271084785461e-04
4.294700000000076216e+03 9.654878522269427776e-04
4.295600000000076761e+03 9.642903460189700127e-04
4.296500000000076398e+03 9.624997619539499283e-04
4.297400000000076034e+03 9.588848915882408619e-04
4.298300000000076579e+03 9.507352369837462902e-04
4.299200000000077125e+03 9.388074395246803761e-04
4.300100000000076761e+03 9.336467483080923557e-04
4.301000000000076398e+03 9.352814522571861744e-04
4.301900000000076943e+03 9.343383717350661755e-04
4.302800000000077489e+03 9.325602441094815731e-04
4.303700000000077125e+03 9.378712275065481663e-04
4.304600000000076761e+03 9.455132531002163887e-04
4.305500000000077307e+03 9.475820697844028473e-04
4.306400000000077853e+03 9.421293507330119610e-04
4.307300000000077489e+03 9.319349192082881927e-04
4.308200000000077125e+03 9.270266746170818806e-04
4.309100000000077671e+03 9.323770646005868912e-04
4.310000000000078217e+03 9.401130955666303635e-04
4.310900000000077853e+03 9.424994350410997868e-04
4.311800000000077489e+03 9.390068007633090019e-04
4.312700000000078035e+03 9.329670574516057968e-04
4.313600000000078580e+03 9.279614314436912537e-04
4.314500000000078217e+03 9.285753476433455944e-04
4.315400000000077853e+03 9.394811931997537613e-04
4.316300000000078398e+03 9.530136012472212315e-04
4.317200000000078944e+03 9.568080422468483448e-04
4.318100000000078580e+03 9.530429961159825325e-04
4.319000000000078217e+03 9.478243882767856121e-04
4.319900000000078762e+03 9.414311498403549194e-04
4.320800000000079308e+03 9.356991504319012165e-04
4.321700000000078944e+03 9.315838105976581573e-04
4.322600000000078580e+03 9.245983674190938473e-04
4.323500000000079126e+03 9.112210245802998543e-04
4.324400000000079672e+03 8.932769414968788624e-04
4.325300000000079308e+03 8.777851471677422523e-04
4.326200000000078944e+03 8.737451280467212200e-04
4.327100000000079490e+03 8.773136651143431664e-04
4.328000000000080036e+03 8.768108091317117214e-04
4.328900000000079672e+03 8.672041003592312336e-04
4.329800000000079308e+03 8.515024674125015736e-04
4.330700000000079854e+03 8.347902912646532059e-04
4.331600000000080399e+03 8.180123986676335335e-04
4.332500000000080036e+03 7.968494319356977940e-04
4.333400000000079672e+03 7.698252447880804539e-04
4.334300000000080217e+03 7.406587246805429459e-04
4.335200000000080763e+03 7.089741993695497513e-04
4.336100000000080399e+03 6.677189958281815052e-04
4.337000000000080036e+03 6.150232511572539806e-04
4.337900000000080581e+03 5.555606912821531296e-04
4.338800000000081127e+03 4.886566894128918648e-04
4.339700000000080763e+03 4.260897403582930565e-04
4.340600000000080399e+03 4.104246327187865973e-04
4.341500000000080945e+03 4.591401084326207638e-04
4.342400000000081491e+03 5.312923458404839039e-04
4.343300000000081127e+03 5.900065880268812180e-04
4.344200000000080763e+03 6.374277872964739799e-04
4.345100000000081309e+03 6.816463428549468517e-04
4.346000000000081855e+03 7.187288720160722733e-04
4.346900000000081491e+03 7.471301942132413387e-04
4.347800000000081127e+03 7.727994234301149845e-04
4.348700000000081673e+03 7.987496792338788509e-04
4.349600000000082218e+03 8.168751373887062073e-04
4.350500000000081855e+03 8.201560704037547112e-04
4.351400000000081491e+03 8.196337148547172546e-04
4.352300000000082036e+03 8.315636659972369671e-04
4.353200000000082582e+03 8.535220986232161522e-04
4.354100000000082218e+03 8.719277684576809406e-04
4.355000000000081855e+03 8.837223285809159279e-04
4.355900000000082400e+03 8.918039384298026562e-04
4.356800000000082946e+03 8.976095123216509819e-04
4.357700000000082582e+03 9.015697869472205639e-04
4.358600000000082218e+03 9.046677732840180397e-04
4.359500000000082764e+03 9.080648305825889111e-04
4.360400000000083310e+03 9.125036885961890221e-04
4.361300000000082946e+03 9.176785242743790150e-04
4.362200000000082582e+03 9.206994436681270599e-04
4.363100000000083128e+03 9.231300791725516319e-04
4.364000000000083674e+03 9.272715542465448380e-04
4.364900000000083310e+03 9.314487688243389130e-04
4.365800000000082946e+03 9.321685065515339375e-04
4.366700000000083492e+03 9.271082235500216484e-04
4.367600000000084037e+03 9.216339094564318657e-04
4.368500000000083674e+03 9.211820433847606182e-04
4.369400000000083310e+03 9.243622189387679100e-04
4.370300000000083855e+03 9.265301632694900036e-04
4.371200000000084401e+03 9.283181279897689819e-04
4.372100000000084037e+03 9.304351406171917915e-04
4.373000000000083674e+03 9.289942099712789059e-04
4.373900000000084219e+03 9.224247769452631474e-04
4.374800000000084765e+03 9.178876061923801899e-04
4.375700000000084401e+03 9.212776785716414452e-04
4.376600000000084037e+03 9.297661599703133106e-04
4.377500000000084583e+03 9.375236695632338524e-04
4.378400000000085129e+03 9.409599006175994873e-04
4.379300000000084765e+03 9.401154238730669022e-04
4.380200000000084401e+03 9.386523161083459854e-04
4.381100000000084947e+03 9.356266818940639496e-04
4.382000000000085493e+03 9.250403963960707188e-04
4.382900000000085129e+03 9.074556292034685612e-04
4.383800000000084765e+03 8.936433005146682262e-04
4.384700000000085311e+03 8.923732093535363674e-04
4.385600000000085856e+03 8.991637150757014751e-04
4.386500000000085493e+03 9.030696237459778786e-04
4.387400000000085129e+03 8.993473602458834648e-04
4.388300000000085674e+03 8.990066125988960266e-04
4.389200000000086220e+03 9.054187103174626827e-04
4.390100000000085856e+03 9.123689960688352585e-04
4.391000000000085493e+03 9.193730074912309647e-04
4.391900000000086038e+03 9.276865166611969471e-04
4.392800000000086584e+03 9.311350877396762371e-04
4.393700000000086220e+03 9.243445820175111294e-04
4.394600000000085856e+03 9.144052164629101753e-04
4.395500000000086402e+03 9.156214073300361633e-04
4.396400000000086948e+03 9.279156802222132683e-04
4.397300000000086584e+03 9.364172001369297504e-04
4.398200000000086220e+03 9.344700374640524387e-04
4.399100000000086766e+03 9.273964096792042255e-04
4.400000000000087311e+03 9.231279836967587471e-04
4.400900000000086948e+03 9.270894224755465984e-04
4.401800000000086584e+03 9.347067680209875107e-04
4.402700000000087130e+03 9.357225499115884304e-04
4.403600000000087675e+03 9.273421019315719604e-04
4.404500000000087311e+03 9.187031537294387817e-04
4.405400000000086948e+03 9.191838908009231091e-04
4.406300000000087493e+03 9.253713651560246944e-04
4.407200000000088039e+03 9.271180024370551109e-04
4.408100000000087675e+03 9.245067485608160496e-04
4.409000000000087311e+03 9.251341107301414013e-04
4.409900000000087857e+03 9.291191818192601204e-04
4.410800000000088403e+03 9.322498808614909649e-04
4.411700000000088039e+03 9.351312764920294285e-04
4.412600000000087675e+03 9.360903059132397175e-04
4.413500000000088221e+03 9.303770493716001511e-04
4.414400000000088767e+03 9.205291862599551678e-04
4.415300000000088403e+03 9.123725467361509800e-04
4.416200000000088039e+03 9.082288597710430622e-04
4.417100000000088585e+03 9.085977799259126186e-04
4.418000000000089130e+03 9.148465469479560852e-04
4.418900000000088767e+03 9.233725140802562237e-04
4.419800000000088403e+03 9.282849496230483055e-04
4.420700000000088949e+03 9.272416937164962292e-04
4.421600000000089494e+03 9.231034782715141773e-04
4.422500000000089130e+03 9.222301305271685123e-04
4.423400000000088767e+03 9.257312631234526634e-04
4.424300000000089312e+03 9.271129965782165527e-04
4.425200000000089858e+03 9.239924838766455650e-04
4.426100000000089494e+03 9.192666620947420597e-04
4.427000000000089130e+03 9.150584228336811066e-04
4.427900000000089676e+03 9.140269248746335506e-04
4.428800000000090222e+03 9.145242511294782162e-04
4.429700000000089858e+03 9.127850644290447235e-04
4.430600000000089494e+03 9.126826771534979343e-04
4.431500000000090040e+03 9.170028497464954853e-04
4.432400000000090586e+03 9.184051887132227421e-04
4.433300000000090222e+03 9.130299440585076809e-04
4.434200000000089858e+03 9.049760992638766766e-04
4.435100000000090404e+03 9.017472621053457260e-04
4.436000000000090949e+03 9.063133038580417633e-04
4.436900000000090586e+03 9.137435699813067913e-04
4.437800000000090222e+03 9.191774879582226276e-04
4.438700000000090768e+03 9.224647656083106995e-04
4.439600000000091313e+03 9.227537666447460651e-04
4.440500000000090949e+03 9.183265501633286476e-04
4.441400000000090586e+03 9.104771888814866543e-04
4.442300000000091131e+03 9.019945282489061356e-04
4.443200000000091677e+03 8.965833112597465515e-04
4.444100000000091313e+03 8.986379834823310375e-04
4.445000000000090949e+03 9.068015497177839279e-04
4.445900000000091495e+03 9.119695168919861317e-04
4.446800000000092041e+03 9.107994264923036098e-04
4.447700000000091677e+03 9.098622831515967846e-04
4.448600000000091313e+03 9.101990726776421070e-04
4.449500000000091859e+03 9.065269841812551022e-04
4.450400000000092405e+03 9.022498270496726036e-04
4.451300000000092041e+03 9.038937860168516636e-04
4.452200000000091677e+03 9.089462109841406345e-04
4.453100000000092223e+03 9.095375426113605499e-04
4.454000000000092768e+03 9.039926808327436447e-04
4.454900000000092405e+03 8.987545734271407127e-04
4.455800000000092041e+03 8.995194802992045879e-04
4.456700000000092587e+03 9.046268532983958721e-04
4.457600000000093132e+03 9.087549406103789806e-04
4.458500000000092768e+03 9.082912583835422993e-04
4.459400000000092405e+03 9.053959511220455170e-04
4.460300000000092950e+03 9.014466195367276669e-04
4.461200000000093496e+03 8.962030988186597824e-04
4.462100000000093132e+03 8.953383658081293106e-04
4.463000000000092768e+03 8.995920070447027683e-04
4.463900000000093314e+03 9.016607655212283134e-04
4.464800000000093860e+03 8.993636583909392357e-04
4.465700000000093496e+03 8.965723100118339062e-04
4.466600000000093132e+03 8.922041160985827446e-04
4.467500000000093678e+03 8.824502001516520977e-04
4.468400000000094224e+03 8.702819468453526497e-04
4.469300000000093860e+03 8.593437960371375084e-04
4.470200000000093496e+03 8.464183774776756763e-04
4.471100000000094042e+03 8.346135145984590054e-04
4.472000000000094587e+03 8.393222233280539513e-04
4.472900000000094224e+03 8.609911310486495495e-04
4.473800000000093860e+03 8.813829044811427593e-04
4.474700000000094406e+03 8.899783133529126644e-04
4.475600000000094951e+03 8.920651162043213844e-04
4.476500000000094587e+03 8.958777179941534996e-04
4.477400000000094224e+03 8.988293702714145184e-04
4.478300000000094769e+03 8.955582743510603905e-04
4.479200000000095315e+03 8.799366187304258347e-04
4.480100000000094951e+03 8.499118266627192497e-04
4.481000000000094587e+03 8.278533350676298141e-04
4.481900000000095133e+03 8.385542314499616623e-04
4.482800000000095679e+03 8.685306529514491558e-04
4.483700000000095315e+03 8.902805275283753872e-04
4.484600000000094951e+03 8.979870472103357315e-04
4.485500000000095497e+03 8.983308798633515835e-04
4.486400000000096043e+03 8.958511170931160450e-04
4.487300000000095679e+03 8.912175544537603855e-04
4.488200000000095315e+03 8.844855474308133125e-04
4.489100000000095861e+03 8.801391231827437878e-04
4.490000000000096406e+03 8.808968123048543930e-04
4.490900000000096043e+03 8.842716924846172333e-04
4.491800000000095679e+03 8.874612394720315933e-04
4.492700000000096225e+03 8.893965859897434711e-04
4.493600000000096770e+03 8.881380781531333923e-04
4.494500000000096406e+03 8.858103537932038307e-04
4.495400000000096043e+03 8.854327024891972542e-04
4.496300000000096588e+03 8.858012151904404163e-04
4.497200000000097134e+03 8.875618223100900650e-04
4.498100000000096770e+03 8.894048514775931835e-04
4.499000000000096406e+03 8.870750316418707371e-04
4.499900000000096952e+03 8.807066478766500950e-04
4.500800000000097498e+03 8.759830379858613014e-04
4.501700000000097134e+03 8.779815980233252048e-04
4.502600000000096770e+03 8.871961035765707493e-04
4.503500000000097316e+03 8.942562271840870380e-04
4.504400000000097862e+03 8.961639250628650188e-04
4.505300000000097498e+03 8.940705447457730770e-04
4.506200000000097134e+03 8.879352826625108719e-04
4.507100000000097680e+03 8.796406327746808529e-04
4.508000000000098225e+03 8.759942720644176006e-04
4.508900000000097862e+03 8.797034388408064842e-04
4.509800000000097498e+03 8.854818297550082207e-04
4.510700000000098044e+03 8.876732317730784416e-04
4.511600000000098589e+03 8.856668137013912201e-04
4.512500000000098225e+03 8.825722616165876389e-04
4.513400000000097862e+03 8.782797376625239849e-04
4.514300000000098407e+03 8.706268854439258575e-04
4.515200000000098953e+03 8.670259849168360233e-04
4.516100000000098589e+03 8.725468651391565800e-04
4.517000000000098225e+03 8.787034312263131142e-04
4.517900000000098771e+03 8.782236836850643158e-04
4.518800000000099317e+03 8.745122468098998070e-04
4.519700000000098953e+03 8.712967974133789539e-04
4.520600000000098589e+03 8.704406791366636753e-04
4.521500000000099135e+03 8.669405942782759666e-04
4.522400000000099681e+03 8.607234922237694263e-04
4.523300000000099317e+03 8.612807141616940498e-04
4.524200000000098953e+03 8.670125389471650124e-04
4.525100000000099499e+03 8.698053425177931786e-04
4.526000000000100044e+03 8.701052865944802761e-04
4.526900000000099681e+03 8.687438676133751869e-04
4.527800000000099317e+03 8.643727633170783520e-04
4.528700000000099863e+03 8.607830968685448170e-04
4.529600000000100408e+03 8.608883363194763660e-04
4.530500000000100044e+03 8.622126770205795765e-04
4.531400000000099681e+03 8.634987170808017254e-04
4.532300000000100226e+03 8.614017278887331486e-04
4.533200000000100772e+03 8.531494531780481339e-04
4.534100000000100408e+03 8.478015661239624023e-04
4.535000000000100044e+03 8.533220971003174782e-04
4.535900000000100590e+03 8.641246822662651539e-04
4.536800000000101136e+03 8.734137518331408501e-04
4.537700000000100772e+03 8.782785735093057156e-04
4.538600000000100408e+03 8.767775143496692181e-04
4.539500000000100954e+03 8.706041262485086918e-04
4.540400000000101500e+03 8.651165408082306385e-04
4.541300000000101136e+03 8.644890040159225464e-04
4.542200000000100772e+03 8.683088817633688450e-04
4.543100000000101318e+03 8.714140858501195908e-04
4.544000000000101863e+03 8.693804848007857800e-04
4.544900000000101500e+03 8.653186960145831108e-04
4.545800000000101136e+03 8.649178780615329742e-04
4.546700000000101682e+03 8.658389560878276825e-04
4.547600000000102227e+03 8.570679929107427597e-04
4.548500000000101863e+03 8.360479259863495827e-04
4.549400000000101500e+03 8.231602841988205910e-04
4.550300000000102045e+03 8.335503516718745232e-04
4.551200000000102591e+03 8.498229435645043850e-04
4.552100000000102227e+03 8.519159746356308460e-04
4.553000000000101863e+03 8.452668553218245506e-04
4.553900000000102409e+03 8.387144189327955246e-04
4.554800000000102955e+03 8.357063052244484425e-04
4.555700000000102591e+03 8.393296157009899616e-04
4.556600000000102227e+03 8.469921303912997246e-04
4.557500000000102773e+03 8.508053724654018879e-04
4.558400000000103319e+03 8.507507154718041420e-04
4.559300000000102955e+03 8.529368205927312374e-04
4.560200000000102591e+03 8.579001296311616898e-04
4.561100000000103137e+03 8.613550453446805477e-04
4.562000000000103682e+03 8.587538031861186028e-04
4.562900000000103319e+03 8.500589174218475819e-04
4.563800000000102955e+03 8.448818698525428772e-04
4.564700000000103500e+03 8.481692639179527760e-04
4.565600000000104046e+03 8.538039401173591614e-04
4.566500000000103682e+03 8.582111331634223461e-04
4.567400000000103319e+03 8.605712791904807091e-04
4.568300000000103864e+03 8.609584183432161808e-04
4.569200000000104410e+03 8.593429811298847198e-04
4.570100000000104046e+03 8.529404876753687859e-04
4.571000000000103682e+03 8.420948288403451443e-04
4.571900000000104228e+03 8.369794231839478016e-04
4.572800000000104774e+03 8.433870389126241207e-04
4.573700000000104410e+03 8.504599682055413723e-04
4.574600000000104046e+03 8.498197421431541443e-04
4.575500000000104592e+03 8.457049261778593063e-04
4.576400000000105138e+03 8.442052640020847321e-04
4.577300000000104774e+03 8.458704687654972076e-04
4.578200000000104410e+03 8.470105240121483803e-04
4.579100000000104956e+03 8.462040568701922894e-04
4.580000000000105501e+03 8.459330420009791851e-04
4.580900000000105138e+03 8.468640153296291828e-04
4.581800000000104774e+03 8.426370914094150066e-04
4.582700000000105319e+03 8.318698382936418056e-04
4.583600000000105865e+03 8.267828379757702351e-04
4.584500000000105501e+03 8.341941866092383862e-04
4.585400000000105138e+03 8.442149846814572811e-04
4.586300000000105683e+03 8.462558034807443619e-04
4.587200000000106229e+03 8.415633928962051868e-04
4.588100000000105865e+03 8.379741921089589596e-04
4.589000000000105501e+03 8.388023125007748604e-04
4.589900000000106047e+03 8.405077969655394554e-04
4.590800000000106593e+03 8.411024464294314384e-04
4.591700000000106229e+03 8.412242168560624123e-04
4.592600000000105865e+03 8.421399979852139950e-04
4.593500000000106411e+03 8.439965895377099514e-04
4.594400000000106957e+03 8.454120834358036518e-04
4.595300000000106593e+03 8.458032971248030663e-04
4.596200000000106229e+03 8.459144155494868755e-04
4.597100000000106775e+03 8.466241415590047836e-04
4.598000000000107320e+03 8.477481314912438393e-04
4.598900000000106957e+03 8.482643752358853817e-04
4.599800000000106593e+03 8.452981128357350826e-04
4.600700000000107138e+03 8.393361931666731834e-04
4.601600000000107684e+03 8.351280703209340572e-04
4.602500000000107320e+03 8.349793497473001480e-04
4.603400000000106957e+03 8.377959020435810089e-04
4.604300000000107502e+03 8.405474363826215267e-04
4.605200000000108048e+03 8.402877720072865486e-04
4.606100000000107684e+03 8.386521367356181145e-04
4.607000000000107320e+03 8.394349715672433376e-04
4.607900000000107866e+03 8.423745748586952686e-04
4.608800000000108412e+03 8.448084117844700813e-04
4.609700000000108048e+03 8.452401962131261826e-04
4.610600000000107684e+03 8.438608492724597454e-04
4.611500000000108230e+03 8.419438963755965233e-04
4.612400000000108776e+03 8.398418431170284748e-04
4.613300000000108412e+03 8.381138322874903679e-04
4.614200000000108048e+03 8.390038274228572845e-04
4.615100000000108594e+03 8.380152867175638676e-04
4.616000000000109139e+03 8.341146167367696762e-04
4.616900000000108776e+03 8.335872553288936615e-04
4.617800000000108412e+03 8.333906880579888821e-04
4.618700000000108957e+03 8.284398354589939117e-04
4.619600000000109503e+03 8.248576777987182140e-04
4.620500000000109139e+03 8.261793409474194050e-04
4.621400000000108776e+03 8.295084699057042599e-04
4.622300000000109321e+03 8.326153620146214962e-04
4.623200000000109867e+03 8.353369776159524918e-04
4.624100000000109503e+03 8.352039149031043053e-04
4.625000000000109139e+03 8.318162290379405022e-04
4.625900000000109685e+03 8.300120825879275799e-04
4.626800000000110231e+03 8.293770370073616505e-04
4.627700000000109867e+03 8.242585463449358940e-04
4.628600000000109503e+03 8.158715791068971157e-04
4.629500000000110049e+03 8.133635856211185455e-04
4.630400000000110595e+03 8.202873286791145802e-04
4.631300000000110231e+03 8.270378457382321358e-04
4.632200000000109867e+03 8.258912130258977413e-04
4.633100000000110413e+03 8.199978619813919067e-04
4.634000000000110958e+03 8.154063834808766842e-04
4.634900000000110595e+03 8.156918920576572418e-04
4.635800000000110231e+03 8.190303924493491650e-04
4.636700000000110776e+03 8.208005456253886223e-04
4.637600000000111322e+03 8.206686470657587051e-04
4.638500000000110958e+03 8.211915846914052963e-04
4.639400000000110595e+03 8.207616047002375126e-04
4.640300000000111140e+03 8.204627665691077709e-04
4.641200000000111686e+03 8.222472970373928547e-04
4.642100000000111322e+03 8.239768794737756252e-04
4.643000000000110958e+03 8.243674528785049915e-04
4.643900000000111504e+03 8.237494621425867081e-04
4.644800000000112050e+03 8.203677134588360786e-04
4.645700000000111686e+03 8.149619679898023605e-04
4.646600000000111322e+03 8.117373799905180931e-04
4.647500000000111868e+03 8.124306914396584034e-04
4.648400000000112414e+03 8.145182509906589985e-04
4.649300000000112050e+03 8.165938197635114193e-04
4.650200000000111686e+03 8.178083226084709167e-04
4.651100000000112232e+03 8.178293355740606785e-04
4.652000000000112777e+03 8.180943550541996956e-04
4.652900000000112414e+03 8.180708391591906548e-04
4.653800000000112050e+03 8.155331597663462162e-04
4.654700000000112595e+03 8.124028099700808525e-04
4.655600000000113141e+03 8.097853278741240501e-04
4.656500000000112777e+03 8.089367765933275223e-04
4.657400000000112414e+03 8.119623525999486446e-04
4.658300000000112959e+03 8.168751373887062073e-04
4.659200000000113505e+03 8.211382082663476467e-04
4.660100000000113141e+03 8.231486426666378975e-04
4.661000000000112777e+03 8.211632957682013512e-04
4.661900000000113323e+03 8.159615099430084229e-04
4.662800000000113869e+03 8.105944143608212471e-04
4.663700000000113505e+03 8.088093018159270287e-04
4.664600000000113141e+03 8.098903927020728588e-04
4.665500000000113687e+03 8.081831620074808598e-04
4.666400000000114233e+03 8.025199058465659618e-04
4.667300000000113869e+03 7.977321511134505272e-04
4.668200000000113505e+03 7.968969293870031834e-04
4.669100000000114051e+03 7.985754054971039295e-04
4.670000000000114596e+03 8.006403804756700993e-04
4.670900000000114233e+03 8.031826582737267017e-04
4.671800000000113869e+03 8.044752757996320724e-04
4.672700000000114414e+03 8.037093211896717548e-04
4.673600000000114960e+03 8.028031443245708942e-04
4.674500000000114596e+03 8.038941305130720139e-04
4.675400000000114233e+03 8.060256950557231903e-04
4.676300000000114778e+03 8.069810573942959309e-04
4.677200000000115324e+03 8.054658537730574608e-04
4.678100000000114960e+03 8.024045964702963829e-04
4.679000000000114596e+03 8.004917181096971035e-04
4.679900000000115142e+03 7.999219233170151711e-04
4.680800000000115688e+03 7.995412452146410942e-04
4.681700000000115324e+03 7.994761690497398376e-04
4.682600000000114960e+03 7.998783839866518974e-04
4.683500000000115506e+03 8.009968441911041737e-04
4.684400000000116052e+03 8.013833430595695972e-04
4.685300000000115688e+03 8.014306076802313328e-04
4.686200000000115324e+03 8.016867795959115028e-04
4.687100000000115870e+03 8.017552900128066540e-04
4.688000000000116415e+03 8.014898048713803291e-04
4.688900000000116052e+03 8.015217608772218227e-04
4.689800000000115688e+03 8.014026680029928684e-04
4.690700000000116233e+03 7.996531785465776920e-04
4.691600000000116779e+03 7.985904812812805176e-04
4.692500000000116415e+03 7.998693617992103100e-04
4.693400000000116052e+03 8.011906757019460201e-04
4.694300000000116597e+03 8.016481879167258739e-04
4.695200000000117143e+03 8.021892281249165535e-04
4.696100000000116779e+03 8.016283391043543816e-04
4.697000000000116415e+03 7.988372817635536194e-04
4.697900000000116961e+03 7.956997724249958992e-04
4.698800000000117507e+03 7.949483697302639484e-04
4.699700000000117143e+03 7.968106656335294247e-04
4.700600000000116779e+03 7.991720340214669704e-04
4.701500000000117325e+03 7.979313959367573261e-04
4.702400000000117871e+03 7.940833456814289093e-04
4.703300000000117507e+03 7.926205289550125599e-04
4.704200000000117143e+03 7.951029692776501179e-04
4.705100000000117689e+03 7.983093382790684700e-04
4.706000000000118234e+03 7.986241835169494152e-04
4.706900000000117871e+03 7.952883024699985981e-04
4.707800000000117507e+03 7.925864192657172680e-04
4.708700000000118052e+03 7.922450313344597816e-04
4.709600000000118598e+03 7.936178008094429970e-04
4.710500000000118234e+03 7.950091967359185219e-04
4.711400000000117871e+03 7.928799604997038841e-04
4.712300000000118416e+03 7.849533576518297195e-04
4.713200000000118962e+03 7.780441083014011383e-04
4.714100000000118598e+03 7.787630893290042877e-04
4.715000000000118234e+03 7.848470122553408146e-04
4.715900000000118780e+03 7.914018933661282063e-04
4.716800000000119326e+03 7.960326038300991058e-04
4.717700000000118962e+03 7.980029913596808910e-04
4.718600000000118598e+03 7.988072466105222702e-04
4.719500000000119144e+03 7.988747674971818924e-04
4.720400000000119690e+03 7.982406532391905785e-04
4.721300000000119326e+03 7.966683479025959969e-04
4.722200000000118962e+03 7.938258931972086430e-04
4.723100000000119508e+03 7.934016757644712925e-04
4.724000000000120053e+03 7.970469887368381023e-04
4.724900000000119690e+03 8.001266978681087494e-04
4.725800000000119326e+03 7.986690034158527851e-04
4.726700000000119871e+03 7.936906185932457447e-04
4.727600000000120417e+03 7.888873224146664143e-04
4.728500000000120053e+03 7.873706636019051075e-04
4.729400000000119690e+03 7.873803260736167431e-04
4.730300000000120235e+03 7.861263002268970013e-04
4.731200000000120781e+03 7.857033633626997471e-04
4.732100000000120417e+03 7.881961064413189888e-04
4.733000000000120053e+03 7.897587493062019348e-04
4.733900000000120599e+03 7.890871493145823479e-04
4.734800000000121145e+03 7.871348643675446510e-04
4.735700000000120781e+03 7.838749443180859089e-04
4.736600000000120417e+03 7.822157931514084339e-04
4.737500000000120963e+03 7.858827011659741402e-04
4.738400000000121508e+03 7.917342591099441051e-04
4.739300000000121145e+03 7.935013854876160622e-04
4.740200000000120781e+03 7.917520706541836262e-04
4.741100000000121327e+03 7.903846562840044498e-04
4.742000000000121872e+03 7.888258551247417927e-04
4.742900000000121508e+03 7.869175169616937637e-04
4.743800000000121145e+03 7.871711859479546547e-04
4.744700000000121690e+03 7.908843690529465675e-04
4.745600000000122236e+03 7.978149224072694778e-04
4.746500000000121872e+03 8.032063487917184830e-04
4.747400000000121508e+03 8.041598484851419926e-04
4.748300000000122054e+03 8.023911505006253719e-04
4.749200000000122600e+03 8.009853772819042206e-04
4.750100000000122236e+03 8.007365395314991474e-04
4.751000000000121872e+03 8.001410751603543758e-04
4.751900000000122418e+03 7.986279088072478771e-04
4.752800000000122964e+03 7.986005512066185474e-04
4.753700000000122600e+03 7.994073675945401192e-04
4.754600000000122236e+03 7.985851261764764786e-04
4.755500000000122782e+03 7.969132275320589542e-04
4.756400000000123327e+03 7.966432021930813789e-04
4.757300000000122964e+03 7.968230638653039932e-04
4.758200000000122600e+03 7.958694477565586567e-04
4.759100000000123146e+03 7.947943522594869137e-04
4.760000000000123691e+03 7.943348609842360020e-04
4.760900000000123327e+03 7.918552728369832039e-04
4.761800000000122964e+03 7.868765387684106827e-04
4.762700000000123509e+03 7.827370427548885345e-04
4.763600000000124055e+03 7.802993059158325195e-04
4.764500000000123691e+03 7.803008193150162697e-04
4.765400000000123327e+03 7.821777253411710262e-04
4.766300000000123873e+03 7.850489928387105465e-04
4.767200000000124419e+03 7.872268324717879295e-04
4.768100000000124055e+03 7.880653138272464275e-04
4.769000000000123691e+03 7.885486120358109474e-04
4.769900000000124237e+03 7.880305056460201740e-04
4.770800000000124783e+03 7.854109862819314003e-04
4.771700000000124419e+03 7.825751672498881817e-04
4.772600000000124055e+03 7.814693381078541279e-04
4.773500000000124601e+03 7.836152217350900173e-04
4.774400000000125146e+03 7.870426634326577187e-04
4.775300000000124783e+03 7.885791128501296043e-04
4.776200000000124419e+03 7.883538492023944855e-04
4.777100000000124965e+03 7.879901095293462276e-04
4.778000000000125510e+03 7.860746700316667557e-04
4.778900000000125146e+03 7.827861700206995010e-04
4.779800000000124783e+03 7.810705574229359627e-04
4.780700000000125328e+03 7.825933280400931835e-04
4.781600000000125874e+03 7.847227388992905617e-04
4.782500000000125510e+03 7.834101561456918716e-04
4.783400000000125146e+03 7.805756758898496628e-04
4.784300000000125692e+03 7.811178220435976982e-04
4.785200000000126238e+03 7.828689413145184517e-04
4.786100000000125874e+03 7.819097954779863358e-04
4.787000000000125510e+03 7.802987820468842983e-04
4.787900000000126056e+03 7.796869031153619289e-04
4.788800000000126602e+03 7.780813612043857574e-04
4.789700000000126238e+03 7.782250177115201950e-04
4.790600000000125874e+03 7.815363351255655289e-04
4.791500000000126420e+03 7.835089345462620258e-04
4.792400000000126965e+03 7.831878028810024261e-04
4.793300000000126602e+03 7.831972907297313213e-04
4.794200000000126238e+03 7.844340289011597633e-04
4.795100000000126784e+03 7.845366490073502064e-04
4.796000000000127329e+03 7.824370986782014370e-04
4.796900000000126965e+03 7.796314894221723080e-04
4.797800000000126602e+03 7.776203565299510956e-04
4.798700000000127147e+03 7.766518392600119114e-04
4.799600000000127693e+03 7.778227445669472218e-04
4.800500000000127329e+03 7.803266635164618492e-04
4.801400000000126965e+03 7.827395456843078136e-04
4.802300000000127511e+03 7.829230162315070629e-04
4.803200000000128057e+03 7.797073922120034695e-04
4.804100000000127693e+03 7.734447717666625977e-04
4.805000000000127329e+03 7.687977631576359272e-04
4.805900000000127875e+03 7.693295483477413654e-04
4.806800000000128421e+03 7.724626921117305756e-04
4.807700000000128057e+03 7.749610231257975101e-04
4.808600000000127693e+03 7.754896068945527077e-04
4.809500000000128239e+03 7.748801726847887039e-04
4.810400000000128784e+03 7.732083904556930065e-04
4.811300000000128421e+03 7.712187943980097771e-04
4.812200000000128057e+03 7.714366656728088856e-04
4.813100000000128603e+03 7.730041979812085629e-04
4.814000000000129148e+03 7.711314246989786625e-04
4.814900000000128784e+03 7.670176564715802670e-04
4.815800000000128421e+03 7.664136355742812157e-04
4.816700000000128966e+03 7.693996885791420937e-04
4.817600000000129512e+03 7.719537243247032166e-04
4.818500000000129148e+03 7.726891781203448772e-04
4.819400000000128784e+03 7.710861973464488983e-04
4.820300000000129330e+03 7.697788532823324203e-04
4.821200000000129876e+03 7.689547492191195488e-04
4.822100000000129512e+03 7.645826553925871849e-04
4.823000000000129148e+03 7.560707163065671921e-04
4.823900000000129694e+03 7.510943687520921230e-04
4.824800000000130240e+03 7.543909014202654362e-04
4.825700000000129876e+03 7.601696997880935669e-04
4.826600000000129512e+03 7.616433431394398212e-04
4.827500000000130058e+03 7.603222038596868515e-04
4.828400000000130603e+03 7.596764480695128441e-04
4.829300000000130240e+03 7.601369288749992847e-04
4.830200000000129876e+03 7.602978148497641087e-04
4.831100000000130422e+03 7.570900488644838333e-04
4.832000000000130967e+03 7.528529386036098003e-04
4.832900000000130603e+03 7.530541042797267437e-04
4.833800000000130240e+03 7.552831666544079781e-04
4.834700000000130785e+03 7.544645341113209724e-04
4.835600000000131331e+03 7.509375573135912418e-04
4.836500000000130967e+03 7.485906244255602360e-04
4.837400000000130603e+03 7.485004025511443615e-04
4.838300000000131149e+03 7.466370007023215294e-04
4.839200000000131695e+03 7.420550100505352020e-04
4.840100000000131331e+03 7.382250041700899601e-04
4.841000000000130967e+03 7.365027558989822865e-04
4.841900000000131513e+03 7.341626915149390697e-04
4.842800000000132059e+03 7.292167865671217442e-04
4.843700000000131695e+03 7.247368921525776386e-04
4.844600000000131331e+03 7.234018994495272636e-04
4.845500000000131877e+03 7.207693415693938732e-04
4.846400000000132422e+03 7.135419873520731926e-04
4.847300000000132059e+03 7.026321836747229099e-04
4.848200000000131695e+03 6.921287858858704567e-04
4.849100000000132241e+03 6.856104009784758091e-04
4.850000000000132786e+03 6.805708399042487144e-04
4.850900000000132422e+03 6.718681543134152889e-04
4.851800000000132059e+03 6.605227827094495296e-04
4.852700000000132604e+03 6.487973732873797417e-04
4.853600000000133150e+03 6.336042424663901329e-04
4.854500000000132786e+03 6.135646835900843143e-04
4.855400000000132422e+03 5.928103928454220295e-04
4.856300000000132968e+03 5.735076265409588814e-04
4.857200000000133514e+03 5.524918669834733009e-04
4.858100000000133150e+03 5.236012511886656284e-04
4.859000000000132786e+03 4.791287938132882118e-04
4.859900000000133332e+03 4.175450303591787815e-04
4.860800000000133878e+03 3.660627407953143120e-04
4.861700000000133514e+03 3.710337041411548853e-04
4.862600000000133150e+03 4.291270452085882425e-04
4.863500000000133696e+03 4.888586117886006832e-04
4.864400000000134241e+03 5.278335884213447571e-04
4.865300000000133878e+03 5.557277472689747810e-04
4.866200000000133514e+03 5.802506930194795132e-04
4.867100000000134060e+03 6.019653519615530968e-04
4.868000000000134605e+03 6.218685302883386612e-04
4.868900000000134241e+03 6.396613316610455513e-04
4.869800000000133878e+03 6.510569364763796329e-04
4.870700000000134423e+03 6.555681466124951839e-04
4.871600000000134969e+03 6.617047474719583988e-04
4.872500000000134605e+03 6.748118321411311626e-04
4.873400000000134241e+03 6.887495401315391064e-04
4.874300000000134787e+03 6.957348668947815895e-04
4.875200000000135333e+03 6.967959343455731869e-04
4.876100000000134969e+03 6.994830328039824963e-04
4.877000000000134605e+03 7.052584551274776459e-04
4.877900000000135151e+03 7.106499397195875645e-04
4.878800000000135697e+03 7.173969643190503120e-04
4.879700000000135333e+03 7.243023137561976910e-04
4.880600000000134969e+03 7.252584910020232201e-04
4.881500000000135515e+03 7.228343165479600430e-04
4.882400000000136060e+03 7.239827536977827549e-04
4.883300000000135697e+03 7.261651917360723019e-04
4.884200000000135333e+03 7.265104213729500771e-04
4.885100000000135879e+03 7.267759647220373154e-04
4.886000000000136424e+03 7.283024024218320847e-04
4.886900000000136060e+03 7.317496929317712784e-04
4.887800000000135697e+03 7.353467517532408237e-04
4.888700000000136242e+03 7.351228850893676281e-04
4.889600000000136788e+03 7.313117384910583496e-04
4.890500000000136424e+03 7.263991283252835274e-04
4.891400000000136060e+03 7.276702672243118286e-04
4.892300000000136606e+03 7.368670776486396790e-04
4.893200000000137152e+03 7.451930432580411434e-04
4.894100000000136788e+03 7.483584340661764145e-04
4.895000000000136424e+03 7.493714219890534878e-04
4.895900000000136970e+03 7.495854515582323074e-04
4.896800000000137516e+03 7.501387735828757286e-04
4.897700000000137152e+03 7.508769631385803223e-04
4.898600000000136788e+03 7.490389980375766754e-04
4.899500000000137334e+03 7.439855253323912621e-04
4.900400000000137879e+03 7.393158157356083393e-04
4.901300000000137516e+03 7.380180759355425835e-04
4.902200000000137152e+03 7.390176760964095592e-04
4.903100000000137697e+03 7.405396318063139915e-04
4.904000000000138243e+03 7.429759716615080833e-04
4.904900000000137879e+03 7.460294873453676701e-04
4.905800000000137516e+03 7.475547608919441700e-04
4.906700000000138061e+03 7.470048149116337299e-04
4.907600000000138607e+03 7.460525375790894032e-04
4.908500000000138243e+03 7.435587467625737190e-04
4.909400000000137879e+03 7.381586474366486073e-04
4.910300000000138425e+03 7.335722330026328564e-04
4.911200000000138971e+03 7.338855648413300514e-04
4.912100000000138607e+03 7.361744064837694168e-04
4.913000000000138243e+03 7.374491542577743530e-04
4.913900000000138789e+03 7.391755352728068829e-04
4.914800000000139335e+03 7.427353993989527225e-04
4.915700000000138971e+03 7.457831525243818760e-04
4.916600000000138607e+03 7.453137077391147614e-04
4.917500000000139153e+03 7.408807869069278240e-04
4.918400000000139698e+03 7.317904382944107056e-04
4.919300000000139335e+03 7.185793947428464890e-04
4.920200000000138971e+03 7.056613685563206673e-04
4.921100000000139516e+03 6.983978091739118099e-04
4.922000000000140062e+03 6.983051425777375698e-04
4.922900000000139698e+03 7.002783822827041149e-04
4.923800000000139335e+03 7.040954078547656536e-04
4.924700000000139880e+03 7.159656379371881485e-04
4.925600000000140426e+03 7.308964850381016731e-04
4.926500000000140062e+03 7.390787941403687000e-04
4.927400000000139698e+03 7.414264837279915810e-04
4.928300000000140244e+03 7.437680033035576344e-04
4.929200000000140790e+03 7.463531801477074623e-04
4.930100000000140426e+03 7.456672028638422489e-04
4.931000000000140062e+03 7.425688090734183788e-04
4.931900000000140608e+03 7.384377531707286835e-04
4.932800000000141154e+03 7.303867605514824390e-04
4.933700000000140790e+03 7.219601538963615894e-04
4.934600000000140426e+03 7.225981680676341057e-04
4.935500000000140972e+03 7.291442016139626503e-04
4.936400000000141517e+03 7.314724498428404331e-04
4.937300000000141154e+03 7.283889572136104107e-04
4.938200000000140790e+03 7.234230870380997658e-04
4.939100000000141335e+03 7.212671916931867599e-04
4.940000000000141881e+03 7.257835241034626961e-04
4.940900000000141517e+03 7.325718761421740055e-04
4.941800000000141154e+03 7.351686945185065269e-04
4.942700000000141699e+03 7.359122391790151596e-04
4.943600000000142245e+03 7.380339084193110466e-04
4.944500000000141881e+03 7.386710494756698608e-04
4.945400000000141517e+03 7.369627710431814194e-04
4.946300000000142063e+03 7.352092070505023003e-04
4.947200000000142609e+03 7.354812114499509335e-04
4.948100000000142245e+03 7.359376177191734314e-04
4.949000000000141881e+03 7.349158404394984245e-04
4.949900000000142427e+03 7.342531462199985981e-04
4.950800000000142973e+03 7.337861461564898491e-04
4.951700000000142609e+03 7.326892227865755558e-04
4.952600000000142245e+03 7.315776310861110687e-04
4.953500000000142791e+03 7.298117852769792080e-04
4.954400000000143336e+03 7.274004747159779072e-04
4.955300000000142973e+03 7.236913079395890236e-04
4.956200000000142609e+03 7.144284900277853012e-04
4.957100000000143154e+03 7.036555907689034939e-04
4.958000000000143700e+03 7.031756103970110416e-04
4.958900000000143336e+03 7.131400634534657001e-04
4.959800000000142973e+03 7.223958382382988930e-04
4.960700000000143518e+03 7.250303169712424278e-04
4.961600000000144064e+03 7.236513774842023849e-04
4.962500000000143700e+03 7.232105708681046963e-04
4.963400000000143336e+03 7.232879870571196079e-04
4.964300000000143882e+03 7.216196972876787186e-04
4.965200000000144428e+03 7.185298018157482147e-04
4.966100000000144064e+03 7.166138384491205215e-04
4.967000000000143700e+03 7.161175599321722984e-04
4.967900000000144246e+03 7.155232597142457962e-04
4.968800000000144792e+03 7.159293163567781448e-04
4.969700000000144428e+03 7.173192570917308331e-04
4.970600000000144064e+03 7.189402822405099869e-04
4.971500000000144610e+03 7.208370370790362358e-04
4.972400000000145155e+03 7.213873323053121567e-04
4.973300000000144792e+03 7.206660811789333820e-04
4.974200000000144428e+03 7.210980402305722237e-04
4.975100000000144973e+03 7.215057848952710629e-04
4.976000000000145519e+03 7.204993744380772114e-04
4.976900000000145155e+03 7.187241571955382824e-04
4.977800000000144792e+03 7.178454543463885784e-04
4.978700000000145337e+03 7.179072126746177673e-04
4.979600000000145883e+03 7.167635485529899597e-04
4.980500000000145519e+03 7.139949011616408825e-04
4.981400000000145155e+03 7.083071395754814148e-04
4.982300000000145701e+03 7.037583272904157639e-04
4.983200000000146247e+03 7.036267197690904140e-04
4.984100000000145883e+03 7.053617155179381371e-04
4.985000000000145519e+03 7.072463631629943848e-04
4.985900000000146065e+03 7.089239661581814289e-04
4.986800000000146611e+03 7.113008177839219570e-04
4.987700000000146247e+03 7.129712612368166447e-04
4.988600000000145883e+03 7.112749735824763775e-04
4.989500000000146429e+03 7.059280760586261749e-04
4.990400000000146974e+03 7.005652296356856823e-04
4.991300000000146611e+03 7.005330990068614483e-04
4.992200000000146247e+03 7.045962847769260406e-04
4.993100000000146792e+03 7.068293634802103043e-04
4.994000000000147338e+03 7.069388520903885365e-04
4.994900000000146974e+03 7.091608713380992413e-04
4.995800000000146611e+03 7.127427379600703716e-04
4.996700000000147156e+03 7.137283100746572018e-04
4.997600000000147702e+03 7.112562307156622410e-04
4.998500000000147338e+03 7.044390658847987652e-04
4.999400000000146974e+03 6.961736944504082203e-04
5.000300000000147520e+03 6.914534606039524078e-04
5.001200000000148066e+03 6.905572372488677502e-04
5.002100000000147702e+03 6.927124341018497944e-04
5.003000000000147338e+03 6.960344617255032063e-04
5.003900000000147884e+03 6.979299359954893589e-04
5.004800000000148430e+03 6.953327683731913567e-04
5.005700000000148066e+03 6.895640399307012558e-04
5.006600000000147702e+03 6.872105295769870281e-04
5.007500000000148248e+03 6.912939134053885937e-04
5.008400000000148793e+03 6.972333067096769810e-04
5.009300000000148430e+03 6.990232504904270172e-04
5.010200000000148066e+03 6.978330202400684357e-04
5.011100000000148611e+03 6.951997638680040836e-04
5.012000000000149157e+03 6.915371632203459740e-04
5.012900000000148793e+03 6.877377163618803024e-04
5.013800000000148430e+03 6.811041384935379028e-04
5.014700000000148975e+03 6.754228961654007435e-04
5.015600000000149521e+03 6.767390295863151550e-04
5.016500000000149157e+03 6.792201311327517033e-04
5.017400000000148793e+03 6.740801036357879639e-04
5.018300000000149339e+03 6.694347830489277840e-04
5.019200000000149885e+03 6.763493292964994907e-04
5.020100000000149521e+03 6.869053468108177185e-04
5.021000000000149157e+03 6.894962862133979797e-04
5.021900000000149703e+03 6.870506331324577332e-04
5.022800000000150249e+03 6.876953993923962116e-04
5.023700000000149885e+03 6.921500316821038723e-04
5.024600000000149521e+03 6.952569819986820221e-04
5.025500000000150067e+03 6.950039532966911793e-04
5.026400000000150612e+03 6.922639440745115280e-04
5.027300000000150249e+03 6.894159014336764812e-04
5.028200000000149885e+03 6.898959982208907604e-04
5.029100000000150430e+03 6.914557889103889465e-04
5.030000000000150976e+03 6.901224260218441486e-04
5.030900000000150612e+03 6.883452879264950752e-04
5.031800000000150249e+03 6.892901728861033916e-04
5.032700000000150794e+03 6.917814607731997967e-04
5.033600000000151340e+03 6.919511361047625542e-04
5.034500000000150976e+03 6.871562218293547630e-04
5.035400000000150612e+03 6.812921492382884026e-04
5.036300000000151158e+03 6.811901694163680077e-04
5.037200000000151704e+03 6.838853587396442890e-04
5.038100000000151340e+03 6.833497900515794754e-04
5.039000000000150976e+03 6.772765773348510265e-04
5.039900000000151522e+03 6.652288720943033695e-04
5.040800000000152068e+03 6.561644840985536575e-04
5.041700000000151704e+03 6.622498622164130211e-04
5.042600000000151340e+03 6.767788436263799667e-04
5.043500000000151886e+03 6.845906027592718601e-04
5.044400000000152431e+03 6.857801345176994801e-04
5.045300000000152068e+03 6.867381162010133266e-04
5.046200000000151704e+03 6.865791510790586472e-04
5.047100000000152249e+03 6.827731849625706673e-04
5.048000000000152795e+03 6.794267683289945126e-04
5.048900000000152431e+03 6.788870668970048428e-04
5.049800000000152068e+03 6.786706508137285709e-04
5.050700000000152613e+03 6.783393910154700279e-04
5.051600000000153159e+03 6.787027232348918915e-04
5.052500000000152795e+03 6.803445285186171532e-04
5.053400000000152431e+03 6.822653813287615776e-04
5.054300000000152977e+03 6.795544759370386600e-04
5.055200000000153523e+03 6.711604655720293522e-04
5.056100000000153159e+03 6.668366258963942528e-04
5.057000000000152795e+03 6.738660740666091442e-04
5.057900000000153341e+03 6.830123020336031914e-04
5.058800000000153887e+03 6.838053814135491848e-04
5.059700000000153523e+03 6.804295699112117290e-04
5.060600000000153159e+03 6.795738590881228447e-04
5.061500000000153705e+03 6.805984885431826115e-04
5.062400000000154250e+03 6.802499410696327686e-04
5.063300000000153887e+03 6.770115578547120094e-04
5.064200000000153523e+03 6.719910888932645321e-04
5.065100000000154068e+03 6.715605850331485271e-04
5.066000000000154614e+03 6.762976408936083317e-04
5.066900000000154250e+03 6.776847294531762600e-04
5.067800000000153887e+03 6.747710285708308220e-04
5.068700000000154432e+03 6.740691023878753185e-04
5.069600000000154978e+03 6.755717331543564796e-04
5.070500000000154614e+03 6.761439726687967777e-04
5.071400000000154250e+03 6.748253945261240005e-04
5.072300000000154796e+03 6.726337596774101257e-04
5.073200000000155342e+03 6.720403907820582390e-04
5.074100000000154978e+03 6.726569263264536858e-04
5.075000000000154614e+03 6.717335782013833523e-04
5.075900000000155160e+03 6.708743749186396599e-04
5.076800000000155705e+03 6.716062780469655991e-04
5.077700000000155342e+03 6.711885216645896435e-04
5.078600000000154978e+03 6.680511287413537502e-04
5.079500000000155524e+03 6.649921997450292110e-04
5.080400000000156069e+03 6.656771874986588955e-04
5.081300000000155705e+03 6.678049103356897831e-04
5.082200000000155342e+03 6.665476830676198006e-04
5.083100000000155887e+03 6.654324824921786785e-04
5.084000000000156433e+03 6.683256942778825760e-04
5.084900000000156069e+03 6.723907426930963993e-04
5.085800000000155705e+03 6.733895279467105865e-04
5.086700000000156251e+03 6.711108144372701645e-04
5.087600000000156797e+03 6.700547528453171253e-04
5.088500000000156433e+03 6.708743167109787464e-04
5.089400000000156069e+03 6.713119801133871078e-04
5.090300000000156615e+03 6.707145366817712784e-04
5.091200000000157161e+03 6.692687165923416615e-04
5.092100000000156797e+03 6.678508361801505089e-04
5.093000000000156433e+03 6.673150346614420414e-04
5.093900000000156979e+03 6.672987947240471840e-04
5.094800000000157524e+03 6.664482061751186848e-04
5.095700000000157161e+03 6.631477153860032558e-04
5.096600000000156797e+03 6.589894182980060577e-04
5.097500000000157343e+03 6.569169927388429642e-04
5.098400000000157888e+03 6.572699639946222305e-04
5.099300000000157524e+03 6.584911607205867767e-04
5.100200000000157161e+03 6.604514783248305321e-04
5.101100000000157706e+03 6.635087775066494942e-04
5.102000000000158252e+03 6.666466942988336086e-04
5.102900000000157888e+03 6.671820301562547684e-04
5.103800000000157524e+03 6.665267865173518658e-04
5.104700000000158070e+03 6.657451158389449120e-04
5.105600000000158616e+03 6.627658731304109097e-04
5.106500000000158252e+03 6.581009947694838047e-04
5.107400000000157888e+03 6.549504469148814678e-04
5.108300000000158434e+03 6.553147104568779469e-04
5.109200000000158980e+03 6.553162820637226105e-04
5.110100000000158616e+03 6.540442118421196938e-04
5.111000000000158252e+03 6.559182074852287769e-04
5.111900000000158798e+03 6.609739502891898155e-04
5.112800000000159343e+03 6.639895145781338215e-04
5.113700000000158980e+03 6.645201356150209904e-04
5.114600000000158616e+03 6.647407426498830318e-04
5.115500000000159162e+03 6.642414373345673084e-04
5.116400000000159707e+03 6.628690171055495739e-04
5.117300000000159343e+03 6.626788526773452759e-04
5.118200000000158980e+03 6.624511443078517914e-04
5.119100000000159525e+03 6.612042197957634926e-04
5.120000000000160071e+03 6.599076441489160061e-04
5.120900000000159707e+03 6.587346433661878109e-04
5.121800000000159343e+03 6.564874202013015747e-04
5.122700000000159889e+03 6.515479180961847305e-04
5.123600000000160435e+03 6.478376453742384911e-04
5.124500000000160071e+03 6.490828236564993858e-04
5.125400000000159707e+03 6.507087964564561844e-04
5.126300000000160253e+03 6.477293209172785282e-04
5.127200000000160799e+03 6.429658969864249229e-04
5.128100000000160435e+03 6.417668773792684078e-04
5.129000000000160071e+03 6.438107811845839024e-04
5.129900000000160617e+03 6.480122101493179798e-04
5.130800000000161162e+03 6.537836743518710136e-04
5.131700000000160799e+03 6.570901023223996162e-04
5.132600000000160435e+03 6.574925500899553299e-04
5.133500000000160981e+03 6.579627515748143196e-04
5.134400000000161526e+03 6.599287735298275948e-04
5.135300000000161162e+03 6.611841381527483463e-04
5.136200000000160799e+03 6.589339463971555233e-04
5.137100000000161344e+03 6.552948616445064545e-04
5.138000000000161890e+03 6.518060690723359585e-04
5.138900000000161526e+03 6.480739102698862553e-04
5.139800000000161162e+03 6.485159974545240402e-04
5.140700000000161708e+03 6.513090920634567738e-04
5.141600000000162254e+03 6.490306113846600056e-04
5.142500000000161890e+03 6.438952405005693436e-04
5.143400000000161526e+03 6.434047245420515537e-04
5.144300000000162072e+03 6.460669101215898991e-04
5.145200000000162618e+03 6.467596394941210747e-04
5.146100000000162254e+03 6.462763994932174683e-04
5.147000000000161890e+03 6.459526484832167625e-04
5.147900000000162436e+03 6.452684756368398666e-04
5.148800000000162981e+03 6.452218513004481792e-04
5.149700000000162618e+03 6.441194564104080200e-04
5.150600000000162254e+03 6.403599982149899006e-04
5.151500000000162800e+03 6.369309267029166222e-04
5.152400000000163345e+03 6.357583333738148212e-04
5.153300000000162981e+03 6.361555424518883228e-04
5.154200000000162618e+03 6.377208046615123749e-04
5.155100000000163163e+03 6.411229260265827179e-04
5.156000000000163709e+03 6.444101454690098763e-04
5.156900000000163345e+03 6.464274483732879162e-04
5.157800000000162981e+03 6.479895673692226410e-04
5.158700000000163527e+03 6.488465005531907082e-04
5.159600000000164073e+03 6.485322373919188976e-04
5.160500000000163709e+03 6.472560344263911247e-04
5.161400000000163345e+03 6.447894265875220299e-04
5.162300000000163891e+03 6.426391191780567169e-04
5.163200000000164437e+03 6.420023273676633835e-04
5.164100000000164073e+03 6.416577962227165699e-04
5.165000000000163709e+03 6.384396110661327839e-04
5.165900000000164255e+03 6.307166186161339283e-04
5.166800000000164800e+03 6.200982606969773769e-04
5.167700000000164437e+03 6.129541434347629547e-04
5.168600000000164073e+03 6.153686554171144962e-04
5.169500000000164619e+03 6.284856353886425495e-04
5.170400000000165164e+03 6.406637839972972870e-04
5.171300000000164800e+03 6.384052685461938381e-04
5.172200000000164437e+03 6.291506579145789146e-04
5.173100000000164982e+03 6.310496246442198753e-04
5.174000000000165528e+03 6.452666711993515491e-04
5.174900000000165164e+03 6.573026767000555992e-04
5.175800000000164800e+03 6.605605594813823700e-04
5.176700000000165346e+03 6.599925691261887550e-04
5.177600000000165892e+03 6.603361107409000397e-04
5.178500000000165528e+03 6.610937416553497314e-04
5.179400000000165164e+03 6.609209231100976467e-04
5.180300000000165710e+03 6.600667838938534260e-04
5.181200000000166256e+03 6.569011020474135876e-04
5.182100000000165892e+03 6.465187761932611465e-04
5.183000000000165528e+03 6.311275064945220947e-04
5.183900000000166074e+03 6.270248559303581715e-04
5.184800000000166619e+03 6.391900242306292057e-04
5.185700000000166256e+03 6.523531628772616386e-04
5.186600000000165892e+03 6.580136250704526901e-04
5.187500000000166438e+03 6.572120473720133305e-04
5.188400000000166983e+03 6.543331546708941460e-04
5.189300000000166619e+03 6.551497499458491802e-04
5.190200000000166256e+03 6.552328122779726982e-04
5.191100000000166801e+03 6.476173875853419304e-04
5.192000000000167347e+03 6.384167936630547047e-04
5.192900000000166983e+03 6.373926298692822456e-04
5.193800000000166619e+03 6.422512815333902836e-04
5.194700000000167165e+03 6.454854155890643597e-04
5.195600000000167711e+03 6.475512636825442314e-04
5.196500000000167347e+03 6.502566393464803696e-04
5.197400000000166983e+03 6.508220685645937920e-04
5.198300000000167529e+03 6.513560074381530285e-04
5.199200000000168075e+03 6.535740685649216175e-04
5.200100000000167711e+03 6.552209961228072643e-04
5.201000000000167347e+03 6.549719837494194508e-04
5.201900000000167893e+03 6.533332634717226028e-04
5.202800000000168438e+03 6.515339482575654984e-04
5.203700000000168075e+03 6.480461452156305313e-04
5.204600000000167711e+03 6.415129173547029495e-04
5.205500000000168257e+03 6.373360520228743553e-04
5.206400000000168802e+03 6.391726201400160789e-04
5.207300000000168438e+03 6.417247350327670574e-04
5.208200000000168075e+03 6.405885214917361736e-04
5.209100000000168620e+03 6.409892230294644833e-04
5.210000000000169166e+03 6.440855213440954685e-04
5.210900000000168802e+03 6.477101123891770840e-04
5.211800000000168438e+03 6.519979215227067471e-04
5.212700000000168984e+03 6.554219289682805538e-04
5.213600000000169530e+03 6.562735652551054955e-04
5.214500000000169166e+03 6.523354095406830311e-04
5.215400000000168802e+03 6.444574682973325253e-04
5.216300000000169348e+03 6.405440508387982845e-04
5.217200000000169894e+03 6.449943175539374352e-04
5.218100000000169530e+03 6.517242291010916233e-04
5.219000000000169166e+03 6.545368814840912819e-04
5.219900000000169712e+03 6.553299608640372753e-04
5.220800000000170257e+03 6.572614656761288643e-04
5.221700000000169894e+03 6.584430229850113392e-04
5.222600000000169530e+03 6.568740936927497387e-04
5.223500000000170076e+03 6.518587470054626465e-04
5.224400000000170621e+03 6.427141488529741764e-04
5.225300000000170257e+03 6.297115469351410866e-04
5.226200000000169894e+03 6.176497554406523705e-04
5.227100000000170439e+03 6.164318183436989784e-04
5.228000000000170985e+03 6.300410022959113121e-04
5.228900000000170621e+03 6.461346638388931751e-04
5.229800000000170257e+03 6.541215698234736919e-04
5.230700000000170803e+03 6.561307818628847599e-04
5.231600000000171349e+03 6.527760997414588928e-04
5.232500000000170985e+03 6.433248636312782764e-04
5.233400000000170621e+03 6.349555915221571922e-04
5.234300000000171167e+03 6.346028530970215797e-04
5.235200000000171713e+03 6.418258999474346638e-04
5.236100000000171349e+03 6.497334106825292110e-04
5.237000000000170985e+03 6.522298208437860012e-04
5.237900000000171531e+03 6.512967520393431187e-04
5.238800000000172076e+03 6.493539549410343170e-04
5.239700000000171713e+03 6.482240860350430012e-04
5.240600000000171349e+03 6.498153670690953732e-04
5.241500000000171894e+03 6.515949498862028122e-04
5.242400000000172440e+03 6.511734100058674812e-04
5.243300000000172076e+03 6.510874954983592033e-04
5.244200000000171713e+03 6.529301754198968410e-04
5.245100000000172258e+03 6.527203368023037910e-04
5.246000000000172804e+03 6.458974094130098820e-04
5.246900000000172440e+03 6.378849502652883530e-04
5.247800000000172076e+03 6.367947207763791084e-04
5.248700000000172622e+03 6.389004411175847054e-04
5.249600000000173168e+03 6.354683428071439266e-04
5.250500000000172804e+03 6.300625973381102085e-04
5.251400000000172440e+03 6.307055009528994560e-04
5.252300000000172986e+03 6.353016360662877560e-04
5.253200000000173532e+03 6.376336677931249142e-04
5.254100000000173168e+03 6.364700384438037872e-04
5.255000000000172804e+03 6.358403479680418968e-04
5.255900000000173350e+03 6.399673293344676495e-04
5.256800000000173895e+03 6.460532313212752342e-04
5.257700000000173532e+03 6.485900375992059708e-04
5.258600000000173168e+03 6.469240179285407066e-04
5.259500000000173713e+03 6.427511689253151417e-04
5.260400000000174259e+03 6.398543482646346092e-04
5.261300000000173895e+03 6.376414094120264053e-04
5.262200000000173532e+03 6.329953321255743504e-04
5.263100000000174077e+03 6.258951034396886826e-04
5.264000000000174623e+03 6.203018710948526859e-04
5.264900000000174259e+03 6.187585531733930111e-04
5.265800000000173895e+03 6.215007742866873741e-04
5.266700000000174441e+03 6.294649210758507252e-04
5.267600000000174987e+03 6.358191603794693947e-04
5.268500000000174623e+03 6.288636941462755203e-04
5.269400000000174259e+03 6.139633478596806526e-04
5.270300000000174805e+03 6.109222886152565479e-04
5.271200000000175351e+03 6.228219717741012573e-04
5.272100000000174987e+03 6.328431190922856331e-04
5.273000000000174623e+03 6.333495257422327995e-04
5.273900000000175169e+03 6.296203355304896832e-04
5.274800000000175714e+03 6.246172706596553326e-04
5.275700000000175351e+03 6.224985700100660324e-04
5.276600000000174987e+03 6.280371453613042831e-04
5.277500000000175532e+03 6.367572932504117489e-04
5.278400000000176078e+03 6.414366071112453938e-04
5.279300000000175714e+03 6.417313707061111927e-04
5.280200000000175351e+03 6.398535915650427341e-04
5.281100000000175896e+03 6.370096816681325436e-04
5.282000000000176442e+03 6.333201890811324120e-04
5.282900000000176078e+03 6.289695156738162041e-04
5.283800000000175714e+03 6.275173509493470192e-04
5.284700000000176260e+03 6.330261821858584881e-04
5.285600000000176806e+03 6.411732174456119537e-04
5.286500000000176442e+03 6.445429753512144089e-04
5.287400000000176078e+03 6.431216606870293617e-04
5.288300000000176624e+03 6.412456859834492207e-04
5.289200000000177170e+03 6.403060397133231163e-04
5.290100000000176806e+03 6.395480595529079437e-04
5.291000000000176442e+03 6.378788966685533524e-04
5.291900000000176988e+03 6.359062390401959419e-04
5.292800000000177533e+03 6.347134476527571678e-04
5.293700000000177170e+03 6.349235191009938717e-04
5.294600000000176806e+03 6.354674696922302246e-04
5.295500000000177351e+03 6.331406766548752785e-04
5.296400000000177897e+03 6.273502949625253677e-04
5.297300000000177533e+03 6.220476352609694004e-04
5.298200000000177170e+03 6.217004265636205673e-04
5.299100000000177715e+03 6.267836433835327625e-04
5.300000000000178261e+03 6.315225618891417980e-04
5.300900000000177897e+03 6.301678367890417576e-04
5.301800000000177533e+03 6.262850947678089142e-04
5.302700000000178079e+03 6.268323049880564213e-04
5.303600000000178625e+03 6.322977715171873569e-04
5.304500000000178261e+03 6.362765561789274216e-04
5.305400000000177897e+03 6.346956361085176468e-04
5.306300000000178443e+03 6.300475215539336205e-04
5.307200000000178989e+03 6.276337662711739540e-04
5.308100000000178625e+03 6.293539190664887428e-04
5.309000000000178261e+03 6.328269373625516891e-04
5.309900000000178807e+03 6.338544189929962158e-04
5.310800000000179352e+03 6.321028922684490681e-04
5.311700000000178989e+03 6.308528245426714420e-04
5.312600000000178625e+03 6.307275616563856602e-04
5.313500000000179170e+03 6.293432088568806648e-04
5.314400000000179716e+03 6.247830460779368877e-04
5.315300000000179352e+03 6.167104002088308334e-04
5.316200000000178989e+03 6.103930063545703888e-04
5.317100000000179534e+03 6.131467525847256184e-04
5.318000000000180080e+03 6.218017661012709141e-04
5.318900000000179716e+03 6.267736898735165596e-04
5.319800000000179352e+03 6.264039548113942146e-04
5.320700000000179898e+03 6.248262943699955940e-04
5.321600000000180444e+03 6.240607472136616707e-04
5.322500000000180080e+03 6.234059110283851624e-04
5.323400000000179716e+03 6.211251602508127689e-04
5.324300000000180262e+03 6.194847519509494305e-04
5.325200000000180808e+03 6.212560110725462437e-04
5.326100000000180444e+03 6.215917528606951237e-04
5.327000000000180080e+03 6.122295162640511990e-04
5.327900000000180626e+03 5.986036267131567001e-04
5.328800000000181171e+03 5.979167763143777847e-04
5.329700000000180808e+03 6.098214071244001389e-04
5.330600000000180444e+03 6.200903444550931454e-04
5.331500000000180989e+03 6.233928725123405457e-04
5.332400000000181535e+03 6.231382139958441257e-04
5.333300000000181171e+03 6.235241889953613281e-04
5.334200000000180808e+03 6.253435276448726654e-04
5.335100000000181353e+03 6.254240870475769043e-04
5.336000000000181899e+03 6.219293572939932346e-04
5.336900000000181535e+03 6.190126878209412098e-04
5.337800000000181171e+03 6.198170594871044159e-04
5.338700000000181717e+03 6.199514027684926987e-04
5.339600000000182263e+03 6.150145200081169605e-04
5.340500000000181899e+03 6.096540018916130066e-04
5.341400000000181535e+03 6.117006996646523476e-04
5.342300000000182081e+03 6.186029640957713127e-04
5.343200000000182627e+03 6.232584710232913494e-04
5.344100000000182263e+03 6.229829741641879082e-04
5.345000000000181899e+03 6.188177503645420074e-04
5.345900000000182445e+03 6.154900183901190758e-04
5.346800000000182990e+03 6.166589446365833282e-04
5.347700000000182627e+03 6.186458049342036247e-04
5.348600000000182263e+03 6.187981343828141689e-04
5.349500000000182808e+03 6.192987202666699886e-04
5.350400000000183354e+03 6.218381458893418312e-04
5.351300000000182990e+03 6.248881109058856964e-04
5.352200000000182627e+03 6.248308345675468445e-04
5.353100000000183172e+03 6.226765108294785023e-04
5.354000000000183718e+03 6.228488055057823658e-04
5.354900000000183354e+03 6.248455028980970383e-04
5.355800000000182990e+03 6.256871856749057770e-04
5.356700000000183536e+03 6.256883498281240463e-04
5.357600000000184082e+03 6.260494701564311981e-04
5.358500000000183718e+03 6.259926012717187405e-04
5.359400000000183354e+03 6.245581316761672497e-04
5.360300000000183900e+03 6.214283057488501072e-04
5.361200000000184446e+03 6.162573699839413166e-04
5.362100000000184082e+03 6.114445859566330910e-04
5.363000000000183718e+03 6.112516857683658600e-04
5.363900000000184264e+03 6.143535138107836246e-04
5.364800000000184809e+03 6.147546810097992420e-04
5.365700000000184446e+03 6.127883098088204861e-04
5.366600000000184082e+03 6.120428442955017090e-04
5.367500000000184627e+03 6.137003656476736069e-04
5.368400000000185173e+03 6.143467035144567490e-04
5.369300000000184809e+03 6.099884631112217903e-04
5.370200000000184446e+03 6.019057473167777061e-04
5.371100000000184991e+03 5.962355644442141056e-04
5.372000000000185537e+03 5.997523549012839794e-04
5.372900000000185173e+03 6.106913206167519093e-04
5.373800000000184809e+03 6.196051836013793945e-04
5.374700000000185355e+03 6.219039787538349628e-04
5.375600000000185901e+03 6.189686246216297150e-04
5.376500000000185537e+03 6.155620794743299484e-04
5.377400000000185173e+03 6.151345442049205303e-04
5.378300000000185719e+03 6.160322227515280247e-04
5.379200000000186265e+03 6.156596355140209198e-04
5.380100000000185901e+03 6.137021700851619244e-04
5.381000000000185537e+03 6.114825955592095852e-04
5.381900000000186083e+03 6.096578435972332954e-04
5.382800000000186628e+03 6.073782569728791714e-04
5.383700000000186265e+03 6.066551432013511658e-04
5.384600000000185901e+03 6.088727968744933605e-04
5.385500000000186446e+03 6.097361329011619091e-04
5.386400000000186992e+03 6.085037603043019772e-04
5.387300000000186628e+03 6.077878642827272415e-04
5.388200000000186265e+03 6.077339639887213707e-04
5.389100000000186810e+03 6.064503686502575874e-04
5.390000000000187356e+03 6.051856908015906811e-04
5.390900000000186992e+03 6.056755664758384228e-04
5.391800000000186628e+03 6.064933841116726398e-04
5.392700000000187174e+03 6.046879570931196213e-04
5.393600000000187720e+03 6.022063316777348518e-04
5.394500000000187356e+03 6.013490492478013039e-04
5.395400000000186992e+03 5.981923313811421394e-04
5.396300000000187538e+03 5.914354114793241024e-04
5.397200000000188084e+03 5.895106005482375622e-04
5.398100000000187720e+03 5.956140812486410141e-04
5.399000000000187356e+03 6.016912520863115788e-04
5.399900000000187902e+03 6.028108182363212109e-04
5.400800000000188447e+03 6.017785053700208664e-04
5.401700000000188084e+03 6.015087128616869450e-04
5.402600000000187720e+03 6.011915393173694611e-04
5.403500000000188265e+03 5.984247545711696148e-04
5.404400000000188811e+03 5.935225053690373898e-04
5.405300000000188447e+03 5.901984404772520065e-04
5.406200000000188084e+03 5.918015958741307259e-04
5.407100000000188629e+03 5.958623951300978661e-04
5.408000000000189175e+03 5.959935369901359081e-04
5.408900000000188811e+03 5.912969354540109634e-04
5.409800000000188447e+03 5.877045332454144955e-04
5.410700000000188993e+03 5.910793552175164223e-04
5.411600000000189539e+03 5.975100211799144745e-04
5.412500000000189175e+03 5.993884406052529812e-04
5.413400000000188811e+03 5.964963929727673531e-04
5.414300000000189357e+03 5.946451565250754356e-04
5.415200000000189902e+03 5.973246879875659943e-04
5.416100000000189539e+03 6.023948080837726593e-04
5.417000000000189175e+03 6.045524496585130692e-04
5.417900000000189721e+03 6.023671594448387623e-04
5.418800000000190266e+03 5.988092161715030670e-04
5.419700000000189902e+03 5.974374944344162941e-04
5.420600000000189539e+03 5.986884352751076221e-04
5.421500000000190084e+03 6.009666249155998230e-04
5.422400000000190630e+03 6.011456134729087353e-04
5.423300000000190266e+03 5.965342279523611069e-04
5.424200000000189902e+03 5.911675398238003254e-04
5.425100000000190448e+03 5.910589825361967087e-04
5.426000000000190994e+03 5.950714112259447575e-04
5.426900000000190630e+03 5.982540315017104149e-04
5.427800000000190266e+03 5.955647211521863937e-04
5.428700000000190812e+03 5.864341510459780693e-04
5.429600000000191358e+03 5.801327060908079147e-04
5.430500000000190994e+03 5.838439683429896832e-04
5.431400000000190630e+03 5.901561235077679157e-04
5.432300000000191176e+03 5.900169489905238152e-04
5.433200000000191721e+03 5.857208161614835262e-04
5.434100000000191358e+03 5.822478560730814934e-04
5.435000000000190994e+03 5.833274917677044868e-04
5.435900000000191540e+03 5.877810181118547916e-04
5.436800000000192085e+03 5.917191738262772560e-04
5.437700000000191721e+03 5.944775766693055630e-04
5.438600000000191358e+03 5.967181641608476639e-04
5.439500000000191903e+03 5.979562993161380291e-04
5.440400000000192449e+03 5.979618872515857220e-04
5.441300000000192085e+03 5.974221858195960522e-04
5.442200000000191721e+03 5.973182269372045994e-04
5.443100000000192267e+03 5.968617624603211880e-04
5.444000000000192813e+03 5.942581337876617908e-04
5.444900000000192449e+03 5.880253156647086143e-04
5.445800000000192085e+03 5.790651775896549225e-04
5.446700000000192631e+03 5.739241023547947407e-04
5.447600000000193177e+03 5.775796598754823208e-04
5.448500000000192813e+03 5.836841883137822151e-04
5.449400000000192449e+03 5.867469008080661297e-04
5.450300000000192995e+03 5.873019690625369549e-04
5.451200000000193540e+03 5.862946272827684879e-04
5.452100000000193177e+03 5.849067820236086845e-04
5.453000000000192813e+03 5.832238239236176014e-04
5.453900000000193359e+03 5.791280418634414673e-04
5.454800000000193904e+03 5.721994093619287014e-04
5.455700000000193540e+03 5.687043303623795509e-04
5.456600000000193177e+03 5.731956916861236095e-04
5.457500000000193722e+03 5.804394604638218880e-04
5.458400000000194268e+03 5.840426892973482609e-04
5.459300000000193904e+03 5.831515882164239883e-04
5.460200000000193540e+03 5.811378941871225834e-04
5.461100000000194086e+03 5.806242697872221470e-04
5.462000000000194632e+03 5.798297352157533169e-04
5.462900000000194268e+03 5.788747803308069706e-04
5.463800000000193904e+03 5.795912002213299274e-04
5.464700000000194450e+03 5.789601709693670273e-04
5.465600000000194996e+03 5.752701545134186745e-04
5.466500000000194632e+03 5.733767757192254066e-04
5.467400000000194268e+03 5.754398298449814320e-04
5.468300000000194814e+03 5.777390906587243080e-04
5.469200000000195359e+03 5.782070220448076725e-04
5.470100000000194996e+03 5.787115660496056080e-04
5.471000000000194632e+03 5.808809073641896248e-04
5.471900000000195178e+03 5.803083768114447594e-04
5.472800000000195723e+03 5.761707434430718422e-04
5.473700000000195359e+03 5.744099617004394531e-04
5.474600000000194996e+03 5.758485640399158001e-04
5.475500000000195541e+03 5.745430244132876396e-04
5.476400000000196087e+03 5.702306516468524933e-04
5.477300000000195723e+03 5.696112057194113731e-04
5.478200000000195359e+03 5.740802735090255737e-04
5.479100000000195905e+03 5.778279737569391727e-04
5.480000000000196451e+03 5.779420025646686554e-04
5.480900000000196087e+03 5.757487379014492035e-04
5.481800000000195723e+03 5.731932469643652439e-04
5.482700000000196269e+03 5.730661796405911446e-04
5.483600000000196815e+03 5.755809834226965904e-04
5.484500000000196451e+03 5.781563813798129559e-04
5.485400000000196087e+03 5.789293791167438030e-04
5.486300000000196633e+03 5.772886797785758972e-04
5.487200000000197178e+03 5.741044878959655762e-04
5.488100000000196815e+03 5.730785778723657131e-04
5.489000000000196451e+03 5.745209055021405220e-04
5.489900000000196997e+03 5.750838899984955788e-04
5.490800000000197542e+03 5.743615911342203617e-04
5.491700000000197178e+03 5.733281723223626614e-04
5.492600000000196815e+03 5.713896825909614563e-04
5.493500000000197360e+03 5.708280950784683228e-04
5.494400000000197906e+03 5.733506986871361732e-04
5.495300000000197542e+03 5.743052461184561253e-04
5.496200000000197178e+03 5.694942665286362171e-04
5.497100000000197724e+03 5.637791473418474197e-04
5.498000000000198270e+03 5.643807817250490189e-04
5.498900000000197906e+03 5.691989790648221970e-04
5.499800000000197542e+03 5.696246516890823841e-04
5.500700000000198088e+03 5.649254890158772469e-04
5.501600000000198634e+03 5.624403711408376694e-04
5.502500000000198270e+03 5.658223526552319527e-04
5.503400000000197906e+03 5.709163961000740528e-04
5.504300000000198452e+03 5.724658840335905552e-04
5.505200000000198997e+03 5.683307535946369171e-04
5.506100000000198634e+03 5.631492822431027889e-04
5.507000000000198270e+03 5.648922524414956570e-04
5.507900000000198816e+03 5.706557421945035458e-04
5.508800000000199361e+03 5.716988234780728817e-04
5.509700000000198997e+03 5.685825599357485771e-04
5.510600000000198634e+03 5.657416186295449734e-04
5.511500000000199179e+03 5.646611098200082779e-04
5.512400000000199725e+03 5.657002329826354980e-04
5.513300000000199361e+03 5.673369159922003746e-04
5.514200000000198997e+03 5.679144524037837982e-04
5.515100000000199543e+03 5.690766847692430019e-04
5.516000000000200089e+03 5.725364899262785912e-04
5.516900000000199725e+03 5.758363986387848854e-04
5.517800000000199361e+03 5.768008995801210403e-04
5.518700000000199907e+03 5.755034508183598518e-04
5.519600000000200453e+03 5.739619373343884945e-04
5.520500000000200089e+03 5.736177554354071617e-04
5.521400000000199725e+03 5.736640305258333683e-04
5.522300000000200271e+03 5.723732756450772285e-04
5.523200000000200816e+03 5.703622009605169296e-04
5.524100000000200453e+03 5.685950163751840591e-04
5.525000000000200089e+03 5.673501291312277317e-04
5.525900000000200635e+03 5.654253764078021049e-04
5.526800000000201180e+03 5.612010136246681213e-04
5.527700000000200816e+03 5.573881790041923523e-04
5.528600000000200453e+03 5.582937155850231647e-04
5.529500000000200998e+03 5.628165090456604958e-04
5.530400000000201544e+03 5.662509938701987267e-04
5.531300000000201180e+03 5.660273018293082714e-04
5.532200000000200816e+03 5.638417787849903107e-04
5.533100000000201362e+03 5.619229632429778576e-04
5.534000000000201908e+03 5.606698687188327312e-04
5.534900000000201544e+03 5.609632935374975204e-04
5.535800000000201180e+03 5.632142419926822186e-04
5.536700000000201726e+03 5.655890563502907753e-04
5.537600000000202272e+03 5.656861467286944389e-04
5.538500000000201908e+03 5.640465533360838890e-04
5.539400000000201544e+03 5.630157538689672947e-04
5.540300000000202090e+03 5.641282186843454838e-04
5.541200000000202635e+03 5.668035009875893593e-04
5.542100000000202272e+03 5.687183584086596966e-04
5.543000000000201908e+03 5.681006005033850670e-04
5.543900000000202454e+03 5.658544250763952732e-04
5.544800000000202999e+03 5.644438206218183041e-04
5.545700000000202635e+03 5.651453393511474133e-04
5.546600000000202272e+03 5.661135655827820301e-04
5.547500000000202817e+03 5.660023889504373074e-04
5.548400000000203363e+03 5.661508184857666492e-04
5.549300000000202999e+03 5.671148537658154964e-04
5.550200000000202635e+03 5.680862232111394405e-04
5.551100000000203181e+03 5.670142127200961113e-04
5.552000000000203727e+03 5.650033126585185528e-04
5.552900000000203363e+03 5.646361969411373138e-04
5.553800000000202999e+03 5.646863137371838093e-04
5.554700000000203545e+03 5.632672691717743874e-04
5.555600000000204091e+03 5.617018323391675949e-04
5.556500000000203727e+03 5.623459001071751118e-04
5.557400000000203363e+03 5.633460823446512222e-04
5.558300000000203909e+03 5.622109165415167809e-04
5.559200000000204454e+03 5.610190564766526222e-04
5.560100000000204091e+03 5.612302338704466820e-04
5.561000000000203727e+03 5.613626562990248203e-04
5.561900000000204273e+03 5.601163138635456562e-04
5.562800000000204818e+03 5.595098482444882393e-04
5.563700000000204454e+03 5.602673627436161041e-04
5.564600000000204091e+03 5.598021671175956726e-04
5.565500000000204636e+03 5.574572132900357246e-04
5.566400000000205182e+03 5.561233265325427055e-04
5.567300000000204818e+03 5.561558646149933338e-04
5.568200000000204454e+03 5.549162742681801319e-04
5.569100000000205000e+03 5.521623534150421619e-04
5.570000000000205546e+03 5.527022876776754856e-04
5.570900000000205182e+03 5.556515534408390522e-04
5.571800000000204818e+03 5.555159295909106731e-04
5.572700000000205364e+03 5.536891403608024120e-04
5.573600000000205910e+03 5.539716221392154694e-04
5.574500000000205546e+03 5.543238949030637741e-04
5.575400000000205182e+03 5.523749277926981449e-04
5.576300000000205728e+03 5.505231674760580063e-04
5.577200000000206273e+03 5.508302128873765469e-04
5.578100000000205910e+03 5.520835984498262405e-04
5.579000000000205546e+03 5.538919358514249325e-04
5.579900000000206091e+03 5.554562667384743690e-04
5.580800000000206637e+03 5.542496801353991032e-04
5.581700000000206273e+03 5.514308577403426170e-04
5.582600000000205910e+03 5.496694939211010933e-04
5.583500000000206455e+03 5.492976051755249500e-04
5.584400000000207001e+03 5.498993559740483761e-04
5.585300000000206637e+03 5.507008754648268223e-04
5.586200000000206273e+03 5.504710134118795395e-04
5.587100000000206819e+03 5.497167585417628288e-04
5.588000000000207365e+03 5.501905689015984535e-04
5.588900000000207001e+03 5.535698146559298038e-04
5.589800000000206637e+03 5.587481427937746048e-04
5.590700000000207183e+03 5.621756426990032196e-04
5.591600000000207729e+03 5.623298930004239082e-04
5.592500000000207365e+03 5.600521690212190151e-04
5.593400000000207001e+03 5.572133813984692097e-04
5.594300000000207547e+03 5.562894511967897415e-04
5.595200000000208092e+03 5.583507008850574493e-04
5.596100000000207729e+03 5.599005962722003460e-04
5.597000000000207365e+03 5.577394040301442146e-04
5.597900000000207910e+03 5.538818659260869026e-04
5.598800000000208456e+03 5.525799933820962906e-04
5.599700000000208092e+03 5.539454868994653225e-04
5.600600000000207729e+03 5.543751758523285389e-04
5.601500000000208274e+03 5.532373324967920780e-04
5.602400000000208820e+03 5.528861074708402157e-04
5.603300000000208456e+03 5.544797750189900398e-04
5.604200000000208092e+03 5.570138455368578434e-04
5.605100000000208638e+03 5.583754973486065865e-04
5.606000000000209184e+03 5.591290537267923355e-04
5.606900000000208820e+03 5.592146771959960461e-04
5.607800000000208456e+03 5.577096599154174328e-04
5.608700000000209002e+03 5.559990531764924526e-04
5.609600000000209548e+03 5.551991635002195835e-04
5.610500000000209184e+03 5.555563839152455330e-04
5.611400000000208820e+03 5.566268810071051121e-04
5.612300000000209366e+03 5.569938803091645241e-04
5.613200000000209911e+03 5.550484056584537029e-04
5.614100000000209548e+03 5.493855569511651993e-04
5.615000000000209184e+03 5.432532052509486675e-04
5.615900000000209729e+03 5.429997690953314304e-04
5.616800000000210275e+03 5.473179044201970100e-04
5.617700000000209911e+03 5.499889957718551159e-04
5.618600000000209548e+03 5.498930113390088081e-04
5.619500000000210093e+03 5.489341565407812595e-04
5.620400000000210639e+03 5.472686607390642166e-04
5.621300000000210275e+03 5.459326202981173992e-04
5.622200000000209911e+03 5.449966993182897568e-04
5.623100000000210457e+03 5.421976675279438496e-04
5.624000000000211003e+03 5.386404227465391159e-04
5.624900000000210639e+03 5.388737190514802933e-04
5.625800000000210275e+03 5.440461100079119205e-04
5.626700000000210821e+03 5.493495846167206764e-04
5.627600000000211367e+03 5.510878399945795536e-04
5.628500000000211003e+03 5.511456984095275402e-04
5.629400000000210639e+03 5.505887093022465706e-04
5.630300000000211185e+03 5.491994088515639305e-04
5.631200000000211730e+03 5.476503865793347359e-04
5.632100000000211367e+03 5.456584622152149677e-04
5.633000000000211003e+03 5.427008145488798618e-04
5.633900000000211548e+03 5.402033566497266293e-04
5.634800000000212094e+03 5.408115684986114502e-04
5.635700000000211730e+03 5.454411148093640804e-04
5.636600000000211367e+03 5.511021590791642666e-04
5.637500000000211912e+03 5.546595784835517406e-04
5.638400000000212458e+03 5.552807124331593513e-04
5.639300000000212094e+03 5.542085855267941952e-04
5.640200000000211730e+03 5.538626573979854584e-04
5.641100000000212276e+03 5.551764043048024178e-04
5.642000000000212822e+03 5.573486560024321079e-04
5.642900000000212458e+03 5.581353907473385334e-04
5.643800000000212094e+03 5.575129180215299129e-04
5.644700000000212640e+03 5.567077896557748318e-04
5.645600000000213186e+03 5.562196602113544941e-04
5.646500000000212822e+03 5.570651846937835217e-04
5.647400000000212458e+03 5.588298663496971130e-04
5.648300000000213004e+03 5.598804564215242863e-04
5.649200000000213549e+03 5.602029850706458092e-04
5.650100000000213186e+03 5.603526369668543339e-04
5.651000000000212822e+03 5.608506035059690475e-04
5.651900000000213367e+03 5.616329726763069630e-04
5.652800000000213913e+03 5.618192953988909721e-04
5.653700000000213549e+03 5.615623085759580135e-04
5.654600000000213186e+03 5.609333165921270847e-04
5.655500000000213731e+03 5.598990828730165958e-04
5.656400000000214277e+03 5.569897475652396679e-04
5.657300000000213913e+03 5.508351023308932781e-04
5.658200000000213549e+03 5.461154505610466003e-04
5.659100000000214095e+03 5.479534156620502472e-04
5.660000000000214641e+03 5.527999601326882839e-04
5.660900000000214277e+03 5.545761086978018284e-04
5.661800000000213913e+03 5.533241783268749714e-04
5.662700000000214459e+03 5.529638146981596947e-04
5.663600000000215005e+03 5.544769228436052799e-04
5.664500000000214641e+03 5.557615077123045921e-04
5.665400000000214277e+03 5.561199504882097244e-04
5.666300000000214823e+03 5.554253584705293179e-04
5.667200000000215368e+03 5.536149255931377411e-04
5.668100000000215005e+03 5.519068799912929535e-04
5.669000000000214641e+03 5.511124036274850368e-04
5.669900000000215186e+03 5.513365031220018864e-04
5.670800000000215732e+03 5.521958810277283192e-04
5.671700000000215368e+03 5.539651610888540745e-04
5.672600000000215005e+03 5.560215795412659645e-04
5.673500000000215550e+03 5.570176290348172188e-04
5.674400000000216096e+03 5.557605181820690632e-04
5.675300000000215732e+03 5.537651013582944870e-04
5.676200000000215368e+03 5.539624253287911415e-04
5.677100000000215914e+03 5.549155757762491703e-04
5.678000000000216460e+03 5.548528279177844524e-04
5.678900000000216096e+03 5.543680745176970959e-04
5.679800000000215732e+03 5.543297738768160343e-04
5.680700000000216278e+03 5.550758214667439461e-04
5.681600000000216824e+03 5.557529511861503124e-04
5.682500000000216460e+03 5.555934039875864983e-04
5.683400000000216096e+03 5.550674977712333202e-04
5.684300000000216642e+03 5.541203427128493786e-04
5.685200000000217187e+03 5.531691713258624077e-04
5.686100000000216824e+03 5.515032680705189705e-04
5.687000000000216460e+03 5.501410923898220062e-04
5.687900000000217005e+03 5.499750259332358837e-04
5.688800000000217551e+03 5.506065208464860916e-04
5.689700000000217187e+03 5.518370307981967926e-04
5.690600000000216824e+03 5.533251096494495869e-04
5.691500000000217369e+03 5.553886294364929199e-04
5.692400000000217915e+03 5.578068085014820099e-04
5.693300000000217551e+03 5.580103606916964054e-04
5.694200000000217187e+03 5.562084843404591084e-04
5.695100000000217733e+03 5.533383809961378574e-04
5.696000000000218279e+03 5.516027449630200863e-04
5.696900000000217915e+03 5.520039703696966171e-04
5.697800000000217551e+03 5.529013578779995441e-04
5.698700000000218097e+03 5.535203963518142700e-04
5.699600000000218643e+03 5.529377958737313747e-04
5.700500000000218279e+03 5.505380104295909405e-04
5.701400000000217915e+03 5.475034122355282307e-04
5.702300000000218461e+03 5.469596944749355316e-04
5.703200000000219006e+03 5.492397467605769634e-04
5.704100000000218643e+03 5.513671785593032837e-04
5.705000000000218279e+03 5.510007031261920929e-04
5.705900000000218824e+03 5.488455644808709621e-04
5.706800000000219370e+03 5.468085291795432568e-04
5.707700000000219006e+03 5.455901264213025570e-04
5.708600000000218643e+03 5.438101361505687237e-04
5.709500000000219188e+03 5.432994221337139606e-04
5.710400000000219734e+03 5.439996020868420601e-04
5.711300000000219370e+03 5.437436047941446304e-04
5.712200000000219006e+03 5.446425057016313076e-04
5.713100000000219552e+03 5.478174425661563873e-04
5.714000000000220098e+03 5.506430752575397491e-04
5.714900000000219734e+03 5.519001861102879047e-04
5.715800000000219370e+03 5.524374428205192089e-04
5.716700000000219916e+03 5.525583983398973942e-04
5.717600000000220462e+03 5.503715947270393372e-04
5.718500000000220098e+03 5.474346689879894257e-04
5.719400000000219734e+03 5.467631854116916656e-04
5.720300000000220280e+03 5.475841462612152100e-04
5.721200000000220825e+03 5.484753637574613094e-04
5.722100000000220462e+03 5.491662304848432541e-04
5.723000000000220098e+03 5.501293344423174858e-04
5.723900000000220643e+03 5.501950508914887905e-04
5.724800000000221189e+03 5.484237335622310638e-04
5.725700000000220825e+03 5.456594517454504967e-04
5.726600000000220462e+03 5.426263087429106236e-04
5.727500000000221007e+03 5.415885243564844131e-04
5.728400000000221553e+03 5.433809710666537285e-04
5.729300000000221189e+03 5.440308013930916786e-04
5.730200000000220825e+03 5.422042449936270714e-04
5.731100000000221371e+03 5.405584815889596939e-04
5.732000000000221917e+03 5.411274032667279243e-04
5.732900000000221553e+03 5.432202597148716450e-04
5.733800000000221189e+03 5.448935553431510925e-04
5.734700000000221735e+03 5.452134064398705959e-04
5.735600000000222281e+03 5.444754497148096561e-04
5.736500000000221917e+03 5.434568738564848900e-04
5.737400000000221553e+03 5.432544276118278503e-04
5.738300000000222099e+03 5.434032646007835865e-04
5.739200000000222644e+03 5.432115867733955383e-04
5.740100000000222281e+03 5.423342809081077576e-04
5.741000000000221917e+03 5.405165138654410839e-04
5.741900000000222462e+03 5.384610267356038094e-04
5.742800000000223008e+03 5.372686428017914295e-04
5.743700000000222644e+03 5.371757433749735355e-04
5.744600000000222281e+03 5.383059615269303322e-04
5.745500000000222826e+03 5.401477101258933544e-04
5.746400000000223372e+03 5.402525421231985092e-04
5.747300000000223008e+03 5.372191662900149822e-04
5.748200000000222644e+03 5.348907434381544590e-04
5.749100000000223190e+03 5.359020433388650417e-04
5.750000000000223736e+03 5.385681870393455029e-04
5.750900000000223372e+03 5.396636552177369595e-04
5.751800000000223008e+03 5.381687078624963760e-04
5.752700000000223554e+03 5.363197997212409973e-04
5.753600000000224099e+03 5.342753138393163681e-04
5.754500000000223736e+03 5.336577887646853924e-04
5.755400000000223372e+03 5.357908084988594055e-04
5.756300000000223918e+03 5.385486874729394913e-04
5.757200000000224463e+03 5.394369363784790039e-04
5.758100000000224099e+03 5.384027608670294285e-04
5.759000000000223736e+03 5.380400689318776131e-04
5.759900000000224281e+03 5.379921640269458294e-04
5.760800000000224827e+03 5.356455221772193909e-04
5.761700000000224463e+03 5.328052211552858353e-04
5.762600000000224099e+03 5.323774530552327633e-04
5.763500000000224645e+03 5.340794450603425503e-04
5.764400000000225191e+03 5.357925547286868095e-04
5.765300000000224827e+03 5.367604899220168591e-04
5.766200000000224463e+03 5.376529297791421413e-04
5.767100000000225009e+03 5.376809858717024326e-04
5.768000000000225555e+03 5.365881370380520821e-04
5.768900000000225191e+03 5.352556472644209862e-04
5.769800000000224827e+03 5.334425950422883034e-04
5.770700000000225373e+03 5.328863626345992088e-04
5.771600000000225918e+03 5.337978363968431950e-04
5.772500000000225555e+03 5.351954605430364609e-04
5.773400000000225191e+03 5.359619390219449997e-04
5.774300000000225737e+03 5.352357984520494938e-04
5.775200000000226282e+03 5.350444116629660130e-04
5.776100000000225918e+03 5.354281165637075901e-04
5.777000000000225555e+03 5.352417356334626675e-04
5.777900000000226100e+03 5.345381214283406734e-04
5.778800000000226646e+03 5.332719883881509304e-04
5.779700000000226282e+03 5.309955449774861336e-04
5.780600000000225918e+03 5.280635086819529533e-04
5.781500000000226464e+03 5.262668128125369549e-04
5.782400000000227010e+03 5.265265353955328465e-04
5.783300000000226646e+03 5.271904519759118557e-04
5.784200000000226282e+03 5.267185624688863754e-04
5.785100000000226828e+03 5.261412588879466057e-04
5.786000000000227374e+03 5.263757193461060524e-04
5.786900000000227010e+03 5.279471515677869320e-04
5.787800000000226646e+03 5.300959455780684948e-04
5.788700000000227192e+03 5.312626599334180355e-04
5.789600000000227737e+03 5.303274956531822681e-04
5.790500000000227374e+03 5.297159077599644661e-04
5.791400000000227010e+03 5.313988076522946358e-04
5.792300000000227556e+03 5.337790935300290585e-04
5.793200000000228101e+03 5.344684468582272530e-04
5.794100000000227737e+03 5.340453353710472584e-04
5.795000000000227374e+03 5.339265917427837849e-04
5.795900000000227919e+03 5.335810128599405289e-04
5.796800000000228465e+03 5.311454879119992256e-04
5.797700000000228101e+03 5.289487307891249657e-04
5.798600000000227737e+03 5.307452520355582237e-04
5.799500000000228283e+03 5.349139100871980190e-04
5.800400000000228829e+03 5.367958801798522472e-04
5.801300000000228465e+03 5.366153782233595848e-04
5.802200000000228101e+03 5.359270726330578327e-04
5.803100000000228647e+03 5.341949872672557831e-04
5.804000000000229193e+03 5.329346749931573868e-04
5.804900000000228829e+03 5.333696608431637287e-04
5.805800000000228465e+03 5.342612857930362225e-04
5.806700000000229011e+03 5.348151898942887783e-04
5.807600000000229556e+03 5.346391699276864529e-04
5.808500000000229193e+03 5.340967327356338501e-04
5.809400000000228829e+03 5.337113980203866959e-04
5.810300000000229375e+03 5.326410755515098572e-04
5.811200000000229920e+03 5.313075380399823189e-04
5.812100000000229556e+03 5.305925151333212852e-04
5.813000000000229193e+03 5.309624248184263706e-04
5.813900000000229738e+03 5.325211677700281143e-04
5.814800000000230284e+03 5.331321735866367817e-04
5.815700000000229920e+03 5.321161588653922081e-04
5.816600000000229556e+03 5.311763961799442768e-04
5.817500000000230102e+03 5.313244182616472244e-04
5.818400000000230648e+03 5.327297840267419815e-04
5.819300000000230284e+03 5.345275276340544224e-04
5.820200000000229920e+03 5.357480840757489204e-04
5.821100000000230466e+03 5.356123438104987144e-04
5.822000000000231012e+03 5.336426547728478909e-04
5.822900000000230648e+03 5.312975845299661160e-04
5.823800000000230284e+03 5.307385581545531750e-04
5.824700000000230830e+03 5.324099911376833916e-04
5.825600000000231375e+03 5.333424778655171394e-04
5.826500000000231012e+03 5.331948632374405861e-04
5.827400000000230648e+03 5.337752518244087696e-04
5.828300000000231194e+03 5.343733355402946472e-04
5.829200000000231739e+03 5.343172815628349781e-04
5.830100000000231375e+03 5.337187321856617928e-04
5.831000000000231012e+03 5.334367742761969566e-04
5.831900000000231557e+03 5.334744346328079700e-04
5.832800000000232103e+03 5.336584872566163540e-04
5.833700000000231739e+03 5.336820031516253948e-04
5.834600000000231375e+03 5.330385174602270126e-04
5.835500000000231921e+03 5.333654116839170456e-04
5.836400000000232467e+03 5.348802660591900349e-04
5.837300000000232103e+03 5.350145511329174042e-04
5.838200000000231739e+03 5.326559185050427914e-04
5.839100000000232285e+03 5.302220815792679787e-04
5.840000000000232831e+03 5.302724894136190414e-04
5.840900000000232467e+03 5.316899623721837997e-04
5.841800000000232103e+03 5.321280332282185555e-04
5.842700000000232649e+03 5.322086508385837078e-04
5.843600000000233194e+03 5.322239012457430363e-04
5.844500000000232831e+03 5.311637069098651409e-04
5.845400000000232467e+03 5.291227134875953197e-04
5.846300000000233013e+03 5.271377158351242542e-04
5.847200000000233558e+03 5.264609935693442822e-04
5.848100000000233194e+03 5.264416686259210110e-04
5.849000000000232831e+03 5.254704155959188938e-04
5.849900000000233376e+03 5.238759331405162811e-04
5.850800000000233922e+03 5.224471678957343102e-04
5.851700000000233558e+03 5.206308560445904732e-04
5.852600000000233194e+03 5.174332763999700546e-04
5.853500000000233740e+03 5.152407684363424778e-04
5.854400000000234286e+03 5.177489365451037884e-04
5.855300000000233922e+03 5.213227705098688602e-04
5.856200000000233558e+03 5.209061200730502605e-04
5.857100000000234104e+03 5.179560394026339054e-04
5.858000000000234650e+03 5.168379866518080235e-04
5.858900000000234286e+03 5.176280392333865166e-04
5.859800000000233922e+03 5.180168664082884789e-04
5.860700000000234468e+03 5.183153552934527397e-04
5.861600000000235013e+03 5.186127964407205582e-04
5.862500000000234650e+03 5.185969057492911816e-04
5.863400000000234286e+03 5.185720510780811310e-04
5.864300000000234832e+03 5.186035996302962303e-04
5.865200000000235377e+03 5.180151201784610748e-04
5.866100000000235013e+03 5.160382133908569813e-04
5.867000000000234650e+03 5.148419295437633991e-04
5.867900000000235195e+03 5.159202264621853828e-04
5.868800000000235741e+03 5.175879341550171375e-04
5.869700000000235377e+03 5.184317124076187611e-04
5.870600000000235013e+03 5.174794350750744343e-04
5.871500000000235559e+03 5.151167861185967922e-04
5.872400000000236105e+03 5.126417381688952446e-04
5.873300000000235741e+03 5.100705893710255623e-04
5.874200000000235377e+03 5.053144413977861404e-04
5.875100000000235923e+03 4.993110196664929390e-04
5.876000000000236469e+03 4.992068279534578323e-04
5.876900000000236105e+03 5.054119974374771118e-04
5.877800000000235741e+03 5.092466599307954311e-04
5.878700000000236287e+03 5.086617311462759972e-04
5.879600000000236832e+03 5.071923369541764259e-04
5.880500000000236469e+03 5.075994413346052170e-04
5.881400000000236105e+03 5.097404355183243752e-04
5.882300000000236651e+03 5.117113469168543816e-04
5.883200000000237196e+03 5.113848601467907429e-04
5.884100000000236832e+03 5.093362997286021709e-04
5.885000000000236469e+03 5.087455501779913902e-04
5.885900000000237014e+03 5.100016132928431034e-04
5.886800000000237560e+03 5.098927649669349194e-04
5.887700000000237196e+03 5.036884685978293419e-04
5.888600000000236832e+03 4.873839498031884432e-04
5.889500000000237378e+03 4.688997287303209305e-04
5.890400000000237924e+03 4.662370483856648207e-04
5.891300000000237560e+03 4.791538813151419163e-04
5.892200000000237196e+03 4.915310419164597988e-04
5.893100000000237742e+03 4.965880070813000202e-04
5.894000000000238288e+03 4.944838583469390869e-04
5.894900000000237924e+03 4.837478627450764179e-04
5.895800000000237560e+03 4.732586967293173075e-04
5.896700000000238106e+03 4.766247584484517574e-04
5.897600000000238651e+03 4.882613429799675941e-04
5.898500000000238288e+03 4.957662313245236874e-04
5.899400000000237924e+03 4.984565894119441509e-04
5.900300000000238470e+03 4.998972872272133827e-04
5.901200000000239015e+03 5.005754646845161915e-04
5.902100000000238651e+03 4.997059004381299019e-04
5.903000000000238288e+03 4.999116645194590092e-04
5.903900000000238833e+03 5.022634868510067463e-04
5.904800000000239379e+03 5.047377781011164188e-04
5.905700000000239015e+03 5.057479138486087322e-04
5.906600000000238651e+03 5.050486070103943348e-04
5.907500000000239197e+03 5.040450487285852432e-04
5.908400000000239743e+03 5.043175769969820976e-04
5.909300000000239379e+03 5.052565829828381538e-04
5.910200000000239015e+03 5.061632255092263222e-04
5.911100000000239561e+03 5.060744588263332844e-04
5.912000000000240107e+03 5.046554724685847759e-04
5.912900000000239743e+03 5.025240243412554264e-04
5.913800000000239379e+03 5.012519541196525097e-04
5.914700000000239925e+03 5.015101050958037376e-04
5.915600000000240470e+03 5.018840893171727657e-04
5.916500000000240107e+03 5.024218116886913776e-04
5.917400000000239743e+03 5.031518521718680859e-04
5.918300000000240289e+03 5.027324077673256397e-04
5.919200000000240834e+03 5.017797811888158321e-04
5.920100000000240470e+03 5.007191793993115425e-04
5.921000000000240107e+03 4.998672520741820335e-04
5.921900000000240652e+03 4.997864598408341408e-04
5.922800000000241198e+03 5.006478168070316315e-04
5.923700000000240834e+03 5.020563257858157158e-04
5.924600000000240470e+03 5.027403240092098713e-04
5.925500000000241016e+03 5.031557520851492882e-04
5.926400000000241562e+03 5.034130299463868141e-04
5.927300000000241198e+03 5.032636108808219433e-04
5.928200000000240834e+03 5.027305451221764088e-04
5.929100000000241380e+03 5.019119707867503166e-04
5.930000000000241926e+03 5.013071349821984768e-04
5.930900000000241562e+03 5.021042306907474995e-04
5.931800000000241198e+03 5.034030182287096977e-04
5.932700000000241744e+03 5.026159924454987049e-04
5.933600000000242289e+03 5.002512480132281780e-04
5.934500000000241926e+03 4.992161411792039871e-04
5.935400000000241562e+03 5.010581808164715767e-04
5.936300000000242107e+03 5.031821201555430889e-04
5.937200000000242653e+03 5.039750249125063419e-04
5.938100000000242289e+03 5.037558148615062237e-04
5.939000000000241926e+03 5.032546469010412693e-04
5.939900000000242471e+03 5.017301300540566444e-04
5.940800000000243017e+03 4.995457711629569530e-04
5.941700000000242653e+03 4.989434382878243923e-04
5.942600000000242289e+03 5.001328536309301853e-04
5.943500000000242835e+03 5.011013709008693695e-04
5.944400000000243381e+03 5.017383955419063568e-04
5.945300000000243017e+03 5.022584227845072746e-04
5.946200000000242653e+03 5.024552228860557079e-04
5.947100000000243199e+03 5.010937456972897053e-04
5.948000000000243745e+03 4.986217245459556580e-04
5.948900000000243381e+03 4.976560594514012337e-04
5.949800000000243017e+03 4.990680608898401260e-04
5.950700000000243563e+03 5.013998597860336304e-04
5.951600000000244108e+03 5.014922353439033031e-04
5.952500000000243745e+03 5.000249366275966167e-04
5.953400000000243381e+03 4.991223104298114777e-04
5.954300000000243926e+03 4.982808604836463928e-04
5.955200000000244472e+03 4.961873637512326241e-04
5.956100000000244108e+03 4.923940286971628666e-04
5.957000000000243745e+03 4.895575693808495998e-04
5.957900000000244290e+03 4.909894196316599846e-04
5.958800000000244836e+03 4.957000492140650749e-04
5.959700000000244472e+03 4.994945484213531017e-04
5.960600000000244108e+03 4.998596850782632828e-04
5.961500000000244654e+03 4.994011833332479000e-04
5.962400000000245200e+03 5.004808772355318069e-04
5.963300000000244836e+03 5.022073746658861637e-04
5.964200000000244472e+03 5.029470776207745075e-04
5.965100000000245018e+03 5.012939800508320332e-04
5.966000000000245564e+03 4.988962900824844837e-04
5.966900000000245200e+03 4.984808037988841534e-04
5.967800000000244836e+03 4.990516463294625282e-04
5.968700000000245382e+03 5.001618992537260056e-04
5.969600000000245927e+03 5.016944487579166889e-04
5.970500000000245564e+03 5.026696599088609219e-04
5.971400000000245200e+03 5.024772835895419121e-04
5.972300000000245745e+03 5.017586518079042435e-04
5.973200000000246291e+03 5.015057977288961411e-04
5.974100000000245927e+03 5.005840794183313847e-04
5.975000000000245564e+03 4.989882581867277622e-04
5.975900000000246109e+03 4.979026271030306816e-04
5.976800000000246655e+03 4.964630352333188057e-04
5.977700000000246291e+03 4.934864118695259094e-04
5.978600000000245927e+03 4.909553099423646927e-04
5.979500000000246473e+03 4.925095709040760994e-04
5.980400000000247019e+03 4.966093110851943493e-04
5.981300000000246655e+03 4.987544380128383636e-04
5.982200000000246291e+03 4.984324332326650620e-04
5.983100000000246837e+03 4.962005768902599812e-04
5.984000000000247383e+03 4.938752972520887852e-04
5.984900000000247019e+03 4.942932282574474812e-04
5.985800000000246655e+03 4.969490692019462585e-04
5.986700000000247201e+03 4.980529774911701679e-04
5.987600000000247746e+03 4.968297434970736504e-04
5.988500000000247383e+03 4.959399811923503876e-04
5.989400000000247019e+03 4.961389931850135326e-04
5.990300000000247564e+03 4.959517391398549080e-04
5.991200000000248110e+03 4.965814878232777119e-04
5.992100000000247746e+03 4.981379024684429169e-04
5.993000000000247383e+03 4.986253334209322929e-04
5.993900000000247928e+03 4.970675799995660782e-04
5.994800000000248474e+03 4.953235038556158543e-04
5.995700000000248110e+03 4.958090139552950859e-04
5.996600000000247746e+03 4.970345762558281422e-04
5.997500000000248292e+03 4.969271249137818813e-04
5.998400000000248838e+03 4.957203636877238750e-04
5.999300000000248474e+03 4.944226238876581192e-04
6.000200000000248110e+03 4.936394980177283287e-04
6.001100000000248656e+03 4.930783761665225029e-04
6.002000000000249202e+03 4.922522930428385735e-04
6.002900000000248838e+03 4.916359903290867805e-04
6.003800000000248474e+03 4.918081103824079037e-04
6.004700000000249020e+03 4.921157960779964924e-04
6.005600000000249565e+03 4.919433849863708019e-04
6.006500000000249202e+03 4.916054313071072102e-04
6.007400000000248838e+03 4.903551889583468437e-04
6.008300000000249383e+03 4.893200821243226528e-04
6.009200000000249929e+03 4.907321999780833721e-04
6.010100000000249565e+03 4.933425225317478180e-04
6.011000000000249202e+03 4.942526575177907944e-04
6.011900000000249747e+03 4.936273908242583275e-04
6.012800000000250293e+03 4.921759245917201042e-04
6.013700000000249929e+03 4.910546122118830681e-04
6.014600000000249565e+03 4.909980343654751778e-04
6.015500000000250111e+03 4.917638143524527550e-04
6.016400000000250657e+03 4.922329680994153023e-04
6.017300000000250293e+03 4.923267406411468983e-04
6.018200000000249929e+03 4.926802939735352993e-04
6.019100000000250475e+03 4.921487998217344284e-04
6.020000000000251021e+03 4.908469272777438164e-04
6.020900000000250657e+03 4.908887785859405994e-04
6.021800000000250293e+03 4.921822692267596722e-04
6.022700000000250839e+03 4.922745865769684315e-04
6.023600000000251384e+03 4.901436623185873032e-04
6.024500000000251021e+03 4.891328280791640282e-04
6.025400000000250657e+03 4.908578121103346348e-04
6.026300000000251202e+03 4.922185908071696758e-04
6.027200000000251748e+03 4.931716248393058777e-04
6.028100000000251384e+03 4.943512612953782082e-04
6.029000000000251021e+03 4.947202396579086781e-04
6.029900000000251566e+03 4.938796628266572952e-04
6.030800000000252112e+03 4.918063641525804996e-04
6.031700000000251748e+03 4.906670073978602886e-04
6.032600000000251384e+03 4.917349433526396751e-04
6.033500000000251930e+03 4.929029382765293121e-04
6.034400000000252476e+03 4.926265683025121689e-04
6.035300000000252112e+03 4.917482146993279457e-04
6.036200000000251748e+03 4.909842973574995995e-04
6.037100000000252294e+03 4.903195658698678017e-04
6.038000000000252840e+03 4.901302163489162922e-04
6.038900000000252476e+03 4.902384243905544281e-04
6.039800000000252112e+03 4.896142054349184036e-04
6.040700000000252658e+03 4.894125158898532391e-04
6.041600000000253203e+03 4.895463353022933006e-04
6.042500000000252840e+03 4.893165896646678448e-04
6.043400000000252476e+03 4.896115278825163841e-04
6.044300000000253021e+03 4.912154399789869785e-04
6.045200000000253567e+03 4.930720315314829350e-04
6.046100000000253203e+03 4.942276864312589169e-04
6.047000000000252840e+03 4.940761718899011612e-04
6.047900000000253385e+03 4.918441991321742535e-04
6.048800000000253931e+03 4.892842262051999569e-04
6.049700000000253567e+03 4.896107129752635956e-04
6.050600000000253203e+03 4.919641651213169098e-04
6.051500000000253749e+03 4.930999712087213993e-04
6.052400000000254295e+03 4.921536892652511597e-04
6.053300000000253931e+03 4.909621784463524818e-04
6.054200000000253567e+03 4.906964022666215897e-04
6.055100000000254113e+03 4.906787653453648090e-04
6.056000000000254659e+03 4.897483158856630325e-04
6.056900000000254295e+03 4.877065948676317930e-04
6.057800000000253931e+03 4.862504429183900356e-04
6.058700000000254477e+03 4.865257360506802797e-04
6.059600000000255022e+03 4.874861042480915785e-04
6.060500000000254659e+03 4.889684496447443962e-04
6.061400000000254295e+03 4.909156705252826214e-04
6.062300000000254840e+03 4.921699292026460171e-04
6.063200000000255386e+03 4.914235323667526245e-04
6.064100000000255022e+03 4.878816835116595030e-04
6.065000000000254659e+03 4.844233335461467505e-04
6.065900000000255204e+03 4.855743318330496550e-04
6.066800000000255750e+03 4.900171188637614250e-04
6.067700000000255386e+03 4.937895573675632477e-04
6.068600000000255022e+03 4.946617409586906433e-04
6.069500000000255568e+03 4.926611436530947685e-04
6.070400000000256114e+03 4.906806861981749535e-04
6.071300000000255750e+03 4.910812131129205227e-04
6.072200000000255386e+03 4.929993883706629276e-04
6.073100000000255932e+03 4.943332169204950333e-04
6.074000000000256478e+03 4.941865336149930954e-04
6.074900000000256114e+03 4.926602705381810665e-04
6.075800000000255750e+03 4.921354702673852444e-04
6.076700000000256296e+03 4.930271534249186516e-04
6.077600000000256841e+03 4.926033434458076954e-04
6.078500000000256478e+03 4.910271381959319115e-04
6.079400000000256114e+03 4.901691572740674019e-04
6.080300000000256659e+03 4.889297415502369404e-04
6.081200000000257205e+03 4.874759179074317217e-04
6.082100000000256841e+03 4.880134074483066797e-04
6.083000000000256478e+03 4.897698527202010155e-04
6.083900000000257023e+03 4.898992483504116535e-04
6.084800000000257569e+03 4.883411456830799580e-04
6.085700000000257205e+03 4.876666644122451544e-04
6.086600000000256841e+03 4.881532222498208284e-04
6.087500000000257387e+03 4.887613467872142792e-04
6.088400000000257933e+03 4.884527297690510750e-04
6.089300000000257569e+03 4.866578092332929373e-04
6.090200000000257205e+03 4.855996812693774700e-04
6.091100000000257751e+03 4.871232667937874794e-04
6.092000000000258296e+03 4.885473754256963730e-04
6.092900000000257933e+03 4.883495857939124107e-04
6.093800000000257569e+03 4.883063375018537045e-04
6.094700000000258115e+03 4.895991296507418156e-04
6.095600000000258660e+03 4.904782981611788273e-04
6.096500000000258296e+03 4.899381310679018497e-04
6.097400000000257933e+03 4.884702502749860287e-04
6.098300000000258478e+03 4.864704096689820290e-04
6.099200000000259024e+03 4.852829733863472939e-04
6.100100000000258660e+03 4.855396109633147717e-04
6.101000000000258296e+03 4.854097205679863691e-04
6.101900000000258842e+03 4.830456455238163471e-04
6.102800000000259388e+03 4.803748452104628086e-04
6.103700000000259024e+03 4.818529705516993999e-04
6.104600000000258660e+03 4.859424661844968796e-04
6.105500000000259206e+03 4.886257811449468136e-04
6.106400000000259752e+03 4.887210088782012463e-04
6.107300000000259388e+03 4.869234107900410891e-04
6.108200000000259024e+03 4.860265762545168400e-04
6.109100000000259570e+03 4.876840393990278244e-04
6.110000000000260115e+03 4.894697340205311775e-04
6.110900000000259752e+03 4.888443509116768837e-04
6.111800000000259388e+03 4.874293517787009478e-04
6.112700000000259934e+03 4.870998964179307222e-04
6.113600000000260479e+03 4.878379113506525755e-04
6.114500000000260115e+03 4.885736270807683468e-04
6.115400000000259752e+03 4.886546521447598934e-04
6.116300000000260297e+03 4.883225774392485619e-04
6.117200000000260843e+03 4.879806365352123976e-04
6.118100000000260479e+03 4.865914233960211277e-04
6.119000000000260115e+03 4.839210305362939835e-04
6.119900000000260661e+03 4.799072339665144682e-04
6.120800000000261207e+03 4.751297237817198038e-04
6.121700000000260843e+03 4.728320345748215914e-04
6.122600000000260479e+03 4.771678650286048651e-04
6.123500000000261025e+03 4.854277067352086306e-04
6.124400000000261571e+03 4.893247387371957302e-04
6.125300000000261207e+03 4.878291510976850986e-04
6.126200000000260843e+03 4.863232607021927834e-04
6.127100000000261389e+03 4.866270755883306265e-04
6.128000000000261934e+03 4.871241690125316381e-04
6.128900000000261571e+03 4.876690509263426065e-04
6.129800000000261207e+03 4.892497672699391842e-04
6.130700000000261753e+03 4.912759759463369846e-04
6.131600000000262298e+03 4.911731230095028877e-04
6.132500000000261934e+03 4.883242654614150524e-04
6.133400000000261571e+03 4.850643454119563103e-04
6.134300000000262116e+03 4.830231482628732920e-04
6.135200000000262662e+03 4.804772033821791410e-04
6.136100000000262298e+03 4.753597604576498270e-04
6.137000000000261934e+03 4.714643873739987612e-04
6.137900000000262480e+03 4.746885970234870911e-04
6.138800000000263026e+03 4.819466848857700825e-04
6.139700000000262662e+03 4.853467689827084541e-04
6.140600000000262298e+03 4.811635590158402920e-04
6.141500000000262844e+03 4.749075451400130987e-04
6.142400000000263390e+03 4.749793733935803175e-04
6.143300000000263026e+03 4.812245315406471491e-04
6.144200000000262662e+03 4.874847072642296553e-04
6.145100000000263208e+03 4.899015184491872787e-04
6.146000000000263753e+03 4.886026144959032536e-04
6.146900000000263390e+03 4.848093958571553230e-04
6.147800000000263026e+03 4.801457689609378576e-04
6.148700000000263572e+03 4.764034529216587543e-04
6.149600000000264117e+03 4.750956140924245119e-04
6.150500000000263753e+03 4.769535735249519348e-04
6.151400000000263390e+03 4.806064825970679522e-04
6.152300000000263935e+03 4.833694547414779663e-04
6.153200000000264481e+03 4.837494925595819950e-04
6.154100000000264117e+03 4.820865578949451447e-04
6.155000000000263753e+03 4.807024379260838032e-04
6.155900000000264299e+03 4.799514135811477900e-04
6.156800000000264845e+03 4.779855953529477119e-04
6.157700000000264481e+03 4.753508255816996098e-04
6.158600000000264117e+03 4.741529410239309072e-04
6.159500000000264663e+03 4.739957803394645452e-04
6.160400000000265209e+03 4.714838869404047728e-04
6.161300000000264845e+03 4.650352057069540024e-04
6.162200000000264481e+03 4.605478607118129730e-04
6.163100000000265027e+03 4.624844586942344904e-04
6.164000000000265572e+03 4.663868166971951723e-04
6.164900000000265209e+03 4.678903787862509489e-04
6.165800000000264845e+03 4.676490498241037130e-04
6.166700000000265391e+03 4.681900318246334791e-04
6.167600000000265936e+03 4.684953019022941589e-04
6.168500000000265572e+03 4.664769512601196766e-04
6.169400000000265209e+03 4.644166037905961275e-04
6.170300000000265754e+03 4.657211538869887590e-04
6.171200000000266300e+03 4.691166395787149668e-04
6.172100000000265936e+03 4.701602738350629807e-04
6.173000000000265572e+03 4.685954772867262363e-04
6.173900000000266118e+03 4.679581907112151384e-04
6.174800000000266664e+03 4.688452754635363817e-04
6.175700000000266300e+03 4.695929237641394138e-04
6.176600000000265936e+03 4.696271789725869894e-04
6.177500000000266482e+03 4.700138524640351534e-04
6.178400000000267028e+03 4.701715370174497366e-04
6.179300000000266664e+03 4.690297937486320734e-04
6.180200000000266300e+03 4.680565034504979849e-04
6.181100000000266846e+03 4.677610704675316811e-04
6.182000000000267391e+03 4.679308622144162655e-04
6.182900000000267028e+03 4.684183513745665550e-04
6.183800000000266664e+03 4.684063314925879240e-04
6.184700000000267210e+03 4.682421858888119459e-04
6.185600000000267755e+03 4.667402827180922031e-04
6.186500000000267391e+03 4.643010324798524380e-04
6.187400000000267028e+03 4.628348106052726507e-04
6.188300000000267573e+03 4.623281711246818304e-04
6.189200000000268119e+03 4.608004528563469648e-04
6.190100000000267755e+03 4.556701169349253178e-04
6.191000000000267391e+03 4.497271729633212090e-04
6.191900000000267937e+03 4.496968467719852924e-04
6.192800000000268483e+03 4.558471264317631721e-04
6.193700000000268119e+03 4.630385374184697866e-04
6.194600000000267755e+03 4.662738647311925888e-04
6.195500000000268301e+03 4.655921948142349720e-04
6.196400000000268847e+03 4.653907380998134613e-04
6.197300000000268483e+03 4.667962202802300453e-04
6.198200000000268119e+03 4.672318755183368921e-04
6.199100000000268665e+03 4.653728392440825701e-04
6.200000000000269210e+03 4.627161251846700907e-04
6.200900000000268847e+03 4.621393745765089989e-04
6.201800000000268483e+03 4.640143597498536110e-04
6.202700000000269029e+03 4.662105056922882795e-04
6.203600000000269574e+03 4.672569048125296831e-04
6.204500000000269210e+03 4.667589673772454262e-04
6.205400000000268847e+03 4.649266484193503857e-04
6.206300000000269392e+03 4.628770402632653713e-04
6.207200000000269938e+03 4.615619545802474022e-04
6.208100000000269574e+03 4.615428624674677849e-04
6.209000000000269210e+03 4.621804691851139069e-04
6.209900000000269756e+03 4.622637643478810787e-04
6.210800000000270302e+03 4.618847451638430357e-04
6.211700000000269938e+03 4.612768825609236956e-04
6.212600000000269574e+03 4.593174671754240990e-04
6.213500000000270120e+03 4.563299880828708410e-04
6.214400000000270666e+03 4.544889379758387804e-04
6.215300000000270302e+03 4.548877186607569456e-04
6.216200000000269938e+03 4.569766169879585505e-04
6.217100000000270484e+03 4.590636817738413811e-04
6.218000000000271029e+03 4.590139433275908232e-04
6.218900000000270666e+03 4.577922809403389692e-04
6.219800000000270302e+03 4.576548235490918159e-04
6.220700000000270848e+03 4.582242399919778109e-04
6.221600000000271393e+03 4.586581490002572536e-04
6.222500000000271029e+03 4.586365539580583572e-04
6.223400000000270666e+03 4.578266816679388285e-04
6.224300000000271211e+03 4.570762102957814932e-04
6.225200000000271757e+03 4.573230689857155085e-04
6.226100000000271393e+03 4.580109380185604095e-04
6.227000000000271029e+03 4.593667108565568924e-04
6.227900000000271575e+03 4.604424175340682268e-04
6.228800000000272121e+03 4.585527640301734209e-04
6.229700000000271757e+03 4.538169596344232559e-04
6.230600000000271393e+03 4.497026384342461824e-04
6.231500000000271939e+03 4.493467276915907860e-04
6.232400000000272485e+03 4.517439228948205709e-04
6.233300000000272121e+03 4.552341415546834469e-04
6.234200000000271757e+03 4.592221812345087528e-04
6.235100000000272303e+03 4.616493824869394302e-04
6.236000000000272848e+03 4.615135840140283108e-04
6.236900000000272485e+03 4.596061189658939838e-04
6.237800000000272121e+03 4.564949485938996077e-04
6.238700000000272667e+03 4.541994712781161070e-04
6.239600000000273212e+03 4.546158597804605961e-04
6.240500000000272848e+03 4.571205936372280121e-04
6.241400000000272485e+03 4.578247026074677706e-04
6.242300000000273030e+03 4.555765190161764622e-04
6.243200000000273576e+03 4.543707473203539848e-04
6.244100000000273212e+03 4.554311162792146206e-04
6.245000000000272848e+03 4.560691304504871368e-04
6.245900000000273394e+03 4.551074816845357418e-04
6.246800000000273940e+03 4.549750883597880602e-04
6.247700000000273576e+03 4.568368021864444017e-04
6.248600000000273212e+03 4.589919699355959892e-04
6.249500000000273758e+03 4.592191835399717093e-04
6.250400000000274304e+03 4.574418126139789820e-04
6.251300000000273940e+03 4.549931909423321486e-04
6.252200000000273576e+03 4.533703904598951340e-04
6.253100000000274122e+03 4.530265578068792820e-04
6.254000000000274667e+03 4.535043262876570225e-04
6.254900000000274304e+03 4.538912908174097538e-04
6.255800000000273940e+03 4.534128820523619652e-04
6.256700000000274486e+03 4.524114483501762152e-04
6.257600000000275031e+03 4.508021811489015818e-04
6.258500000000274667e+03 4.499648057390004396e-04
6.259400000000274304e+03 4.513582971412688494e-04
6.260300000000274849e+03 4.530715232249349356e-04
6.261200000000275395e+03 4.538138164207339287e-04
6.262100000000275031e+03 4.554532933980226517e-04
6.263000000000274667e+03 4.572262987494468689e-04
6.263900000000275213e+03 4.560636298265308142e-04
6.264800000000275759e+03 4.529242287389934063e-04
6.265700000000275395e+03 4.528024001047015190e-04
6.266600000000275031e+03 4.559828666970133781e-04
6.267500000000275577e+03 4.590092576108872890e-04
6.268400000000276123e+03 4.591264296323060989e-04
6.269300000000275759e+03 4.567948926705867052e-04
6.270200000000275395e+03 4.552552127279341221e-04
6.271100000000275941e+03 4.556193598546087742e-04
6.272000000000276486e+03 4.563141847029328346e-04
6.272900000000276123e+03 4.566765273921191692e-04
6.273800000000275759e+03 4.570932069327682257e-04
6.274700000000276304e+03 4.565555427689105272e-04
6.275600000000276850e+03 4.556102212518453598e-04
6.276500000000276486e+03 4.556766361929476261e-04
6.277400000000276123e+03 4.564668925013393164e-04
6.278300000000276668e+03 4.563595866784453392e-04
6.279200000000277214e+03 4.537019704002887011e-04
6.280100000000276850e+03 4.494996392168104649e-04
6.281000000000276486e+03 4.475465393625199795e-04
6.281900000000277032e+03 4.493959713727235794e-04
6.282800000000277578e+03 4.534697509370744228e-04
6.283700000000277214e+03 4.561945679597556591e-04
6.284600000000276850e+03 4.554167389869689941e-04
6.285500000000277396e+03 4.535675398074090481e-04
6.286400000000277942e+03 4.532703605946153402e-04
6.287300000000277578e+03 4.542658862192183733e-04
6.288200000000277214e+03 4.568037693388760090e-04
6.289100000000277760e+03 4.597989900503307581e-04
6.290000000000278305e+03 4.609126772265881300e-04
6.290900000000277942e+03 4.591897304635494947e-04
6.291800000000277578e+03 4.558579530566930771e-04
6.292700000000278123e+03 4.536668420769274235e-04
6.293600000000278669e+03 4.539753135759383440e-04
6.294500000000278305e+03 4.550304729491472244e-04
6.295400000000277942e+03 4.546838172245770693e-04
6.296300000000278487e+03 4.531364829745143652e-04
6.297200000000279033e+03 4.514963948167860508e-04
6.298100000000278669e+03 4.504640237428247929e-04
6.299000000000278305e+03 4.510694707278162241e-04
6.299900000000278851e+03 4.524588584899902344e-04
6.300800000000279397e+03 4.528676508925855160e-04
6.301700000000279033e+03 4.530912265181541443e-04
6.302600000000278669e+03 4.544314579106867313e-04
6.303500000000279215e+03 4.555813211482018232e-04
6.304400000000279761e+03 4.545218835119158030e-04
6.305300000000279397e+03 4.526208795141428709e-04
6.306200000000279033e+03 4.536763299256563187e-04
6.307100000000279579e+03 4.576250794343650341e-04
6.308000000000280124e+03 4.615112848114222288e-04
6.308900000000279761e+03 4.626860027201473713e-04
6.309800000000279397e+03 4.598702071234583855e-04
6.310700000000279942e+03 4.559266672004014254e-04
6.311600000000280488e+03 4.547004937194287777e-04
6.312500000000280124e+03 4.559091175906360149e-04
6.313400000000279761e+03 4.568007716443389654e-04
6.314300000000280306e+03 4.569820011965930462e-04
6.315200000000280852e+03 4.581104440148919821e-04
6.316100000000280488e+03 4.587752919178456068e-04
6.317000000000280124e+03 4.557819920592010021e-04
6.317900000000280670e+03 4.511506122071295977e-04
6.318800000000281216e+03 4.503749369177967310e-04
6.319700000000280852e+03 4.520185757428407669e-04
6.320600000000280488e+03 4.528885183390229940e-04
6.321500000000281034e+03 4.532948078121989965e-04
6.322400000000281580e+03 4.537902423180639744e-04
6.323300000000281216e+03 4.541287489701062441e-04
6.324200000000280852e+03 4.540758382063359022e-04
6.325100000000281398e+03 4.542040114756673574e-04
6.326000000000281943e+03 4.551880701910704374e-04
6.326900000000281580e+03 4.550613521132618189e-04
6.327800000000281216e+03 4.549538716673851013e-04
6.328700000000281761e+03 4.570618038997054100e-04
6.329600000000282307e+03 4.592016630340367556e-04
6.330500000000281943e+03 4.587604780681431293e-04
6.331400000000281580e+03 4.561669775284826756e-04
6.332300000000282125e+03 4.531538288574665785e-04
6.333200000000282671e+03 4.515510227065533400e-04
6.334100000000282307e+03 4.499041242524981499e-04
6.335000000000281943e+03 4.471025895327329636e-04
6.335900000000282489e+03 4.462615761440247297e-04
6.336800000000283035e+03 4.490445426199585199e-04
6.337700000000282671e+03 4.526960256043821573e-04
6.338600000000282307e+03 4.538792709354311228e-04
6.339500000000282853e+03 4.534965555649250746e-04
6.340400000000283399e+03 4.541246453300118446e-04
6.341300000000283035e+03 4.553323087748140097e-04
6.342200000000282671e+03 4.553762555588036776e-04
6.343100000000283217e+03 4.533176834229379892e-04
6.344000000000283762e+03 4.500473733060061932e-04
6.344900000000283399e+03 4.458987968973815441e-04
6.345800000000283035e+03 4.394510178826749325e-04
6.346700000000283580e+03 4.331559757702052593e-04
6.347600000000284126e+03 4.329309740569442511e-04
6.348500000000283762e+03 4.389141977299004793e-04
6.349400000000283399e+03 4.438903706613928080e-04
6.350300000000283944e+03 4.448758845683187246e-04
6.351200000000284490e+03 4.453397996257990599e-04
6.352100000000284126e+03 4.470346320886164904e-04
6.353000000000283762e+03 4.476257308851927519e-04
6.353900000000284308e+03 4.452801367733627558e-04
6.354800000000284854e+03 4.421010671649128199e-04
6.355700000000284490e+03 4.403833299875259399e-04
6.356600000000284126e+03 4.387921362649649382e-04
6.357500000000284672e+03 4.360921157058328390e-04
6.358400000000285218e+03 4.343723412603139877e-04
6.359300000000284854e+03 4.360724997241050005e-04
6.360200000000284490e+03 4.400343750603497028e-04
6.361100000000285036e+03 4.415672738105058670e-04
6.362000000000285581e+03 4.397078300826251507e-04
6.362900000000285218e+03 4.382759798318147659e-04
6.363800000000284854e+03 4.394878051243722439e-04
6.364700000000285399e+03 4.416997253429144621e-04
6.365600000000285945e+03 4.434911243151873350e-04
6.366500000000285581e+03 4.444784717634320259e-04
6.367400000000285218e+03 4.451318527571856976e-04
6.368300000000285763e+03 4.453314177226275206e-04
6.369200000000286309e+03 4.436846065800637007e-04
6.370100000000285945e+03 4.387661756481975317e-04
6.371000000000285581e+03 4.349587252363562584e-04
6.371900000000286127e+03 4.388334637042135000e-04
6.372800000000286673e+03 4.464239464141428471e-04
6.373700000000286309e+03 4.494209715630859137e-04
6.374600000000285945e+03 4.475027380976825953e-04
6.375500000000286491e+03 4.461466160137206316e-04
6.376400000000287037e+03 4.469587292987853289e-04
6.377300000000286673e+03 4.471393185667693615e-04
6.378200000000286309e+03 4.453139263205230236e-04
6.379100000000286855e+03 4.439399635884910822e-04
6.380000000000287400e+03 4.447373212315142155e-04
6.380900000000287037e+03 4.458110197447240353e-04
6.381800000000286673e+03 4.446662787813693285e-04
6.382700000000287218e+03 4.426422237884253263e-04
6.383600000000287764e+03 4.413120623212307692e-04
6.384500000000287400e+03 4.412467242218554020e-04
6.385400000000287037e+03 4.424663202371448278e-04
6.386300000000287582e+03 4.435169976204633713e-04
6.387200000000288128e+03 4.430287517607212067e-04
6.388100000000287764e+03 4.415012954268604517e-04
6.389000000000287400e+03 4.407219821587204933e-04
6.389900000000287946e+03 4.420992045197635889e-04
6.390800000000288492e+03 4.444325459189713001e-04
6.391700000000288128e+03 4.445121448952704668e-04
6.392600000000287764e+03 4.406430525705218315e-04
6.393500000000288310e+03 4.379802267067134380e-04
6.394400000000288856e+03 4.412718990352004766e-04
6.395300000000288492e+03 4.464124212972819805e-04
6.396200000000288128e+03 4.479924682527780533e-04
6.397100000000288674e+03 4.464870726224035025e-04
6.398000000000289219e+03 4.443541110958904028e-04
6.398900000000288856e+03 4.408665408845990896e-04
6.399800000000288492e+03 4.369904636405408382e-04
6.400700000000289037e+03 4.375231219455599785e-04
6.401600000000289583e+03 4.419863980729132891e-04
6.402500000000289219e+03 4.455940215848386288e-04
6.403400000000288856e+03 4.469084378797560930e-04
6.404300000000289401e+03 4.476292815525084734e-04
6.405200000000289947e+03 4.492468142416328192e-04
6.406100000000289583e+03 4.501903895288705826e-04
6.407000000000289219e+03 4.487124097067862749e-04
6.407900000000289765e+03 4.462367214728146791e-04
6.408800000000290311e+03 4.461123608052730560e-04
6.409700000000289947e+03 4.472379223443567753e-04
6.410600000000289583e+03 4.460536874830722809e-04
6.411500000000290129e+03 4.443491925485432148e-04
6.412400000000290675e+03 4.444353980943560600e-04
6.413300000000290311e+03 4.442245408426970243e-04
6.414200000000289947e+03 4.431927809491753578e-04
6.415100000000290493e+03 4.436031449586153030e-04
6.416000000000291038e+03 4.453115689102560282e-04
6.416900000000290675e+03 4.466014215722680092e-04
6.417800000000290311e+03 4.460797936189919710e-04
6.418700000000290856e+03 4.429996188264340162e-04
6.419600000000291402e+03 4.385325592011213303e-04
6.420500000000291038e+03 4.363427287898957729e-04
6.421400000000290675e+03 4.385777865536510944e-04
6.422300000000291220e+03 4.436875169631093740e-04
6.423200000000291766e+03 4.474261368159204721e-04
6.424100000000291402e+03 4.463536897674202919e-04
6.425000000000291038e+03 4.427182138897478580e-04
6.425900000000291584e+03 4.413741116877645254e-04
6.426800000000292130e+03 4.441088822204619646e-04
6.427700000000291766e+03 4.478406044654548168e-04
6.428600000000291402e+03 4.480815841816365719e-04
6.429500000000291948e+03 4.438781761564314365e-04
6.430400000000292493e+03 4.386723157949745655e-04
6.431300000000292130e+03 4.373543779365718365e-04
6.432200000000291766e+03 4.399509343784302473e-04
6.433100000000292312e+03 4.429169930517673492e-04
6.434000000000292857e+03 4.446890088729560375e-04
6.434900000000292493e+03 4.460517375264316797e-04
6.435800000000292130e+03 4.473240987863391638e-04
6.436700000000292675e+03 4.469814884942024946e-04
6.437600000000293221e+03 4.437843454070389271e-04
6.438500000000292857e+03 4.401431942824274302e-04
6.439400000000292493e+03 4.402319318614900112e-04
6.440300000000293039e+03 4.441998025868088007e-04
6.441200000000293585e+03 4.481312062125653028e-04
6.442100000000293221e+03 4.488166596274822950e-04
6.443000000000292857e+03 4.466106183826923370e-04
6.443900000000293403e+03 4.439133044797927141e-04
6.444800000000293949e+03 4.435330338310450315e-04
6.445700000000293585e+03 4.467107064556330442e-04
6.446600000000293221e+03 4.501220828387886286e-04
6.447500000000293767e+03 4.496197507251054049e-04
6.448400000000294312e+03 4.438491014298051596e-04
6.449300000000293949e+03 4.358563164714723825e-04
6.450200000000293585e+03 4.320524458307772875e-04
6.451100000000294131e+03 4.347194335423409939e-04
6.452000000000294676e+03 4.401696787681430578e-04
6.452900000000294312e+03 4.438840842340141535e-04
6.453800000000293949e+03 4.441686032805591822e-04
6.454700000000294494e+03 4.416376177687197924e-04
6.455600000000295040e+03 4.381285980343818665e-04
6.456500000000294676e+03 4.370107199065387249e-04
6.457400000000294312e+03 4.390948743093758821e-04
6.458300000000294858e+03 4.418815369717776775e-04
6.459200000000295404e+03 4.443983780220150948e-04
6.460100000000295040e+03 4.457367176655679941e-04
6.461000000000294676e+03 4.435964219737797976e-04
6.461900000000295222e+03 4.381561011541634798e-04
6.462800000000295768e+03 4.342455358710139990e-04
6.463700000000295404e+03 4.349469963926821947e-04
6.464600000000295040e+03 4.377772856969386339e-04
6.465500000000295586e+03 4.401931655593216419e-04
6.466400000000296131e+03 4.421645426191389561e-04
6.467300000000295768e+03 4.442046629264950752e-04
6.468200000000295404e+03 4.451578133739531040e-04
6.469100000000295950e+03 4.437966272234916687e-04
6.470000000000296495e+03 4.413228307384997606e-04
6.470900000000296131e+03 4.393857670947909355e-04
6.471800000000295768e+03 4.390040121506899595e-04
6.472700000000296313e+03 4.397171142045408487e-04
6.473600000000296859e+03 4.379388992674648762e-04
6.474500000000296495e+03 4.340815939940512180e-04
6.475400000000296131e+03 4.327507922425866127e-04
6.476300000000296677e+03 4.351561365183442831e-04
6.477200000000297223e+03 4.366109496913850307e-04
6.478100000000296859e+03 4.346147179603576660e-04
6.479000000000296495e+03 4.319847212173044682e-04
6.479900000000297041e+03 4.300205328036099672e-04
6.480800000000297587e+03 4.263199225533753633e-04
6.481700000000297223e+03 4.219288530293852091e-04
6.482600000000296859e+03 4.210789920762181282e-04
6.483500000000297405e+03 4.236693202983587980e-04
6.484400000000297950e+03 4.264945746399462223e-04
6.485300000000297587e+03 4.272885853424668312e-04
6.486200000000297223e+03 4.266952455509454012e-04
6.487100000000297769e+03 4.265126481186598539e-04
6.488000000000298314e+03 4.272910591680556536e-04
6.488900000000297950e+03 4.277523839846253395e-04
6.489800000000297587e+03 4.273055819794535637e-04
6.490700000000298132e+03 4.270910576451569796e-04
6.491600000000298678e+03 4.269517958164215088e-04
6.492500000000298314e+03 4.240597190801054239e-04
6.493400000000297950e+03 4.172870249021798372e-04
6.494300000000298496e+03 4.106271371711045504e-04
6.495200000000299042e+03 4.082716768607497215e-04
6.496100000000298678e+03 4.087552078999578953e-04
6.497000000000298314e+03 4.097219498362392187e-04
6.497900000000298860e+03 4.116959171369671822e-04
6.498800000000299406e+03 4.146795545239001513e-04
6.499700000000299042e+03 4.178235540166497231e-04
6.500600000000298678e+03 4.208826867397874594e-04
6.501500000000299224e+03 4.228498437441885471e-04
6.502400000000299769e+03 4.228737961966544390e-04
6.503300000000299406e+03 4.231788334436714649e-04
6.504200000000299042e+03 4.248277691658586264e-04
6.505100000000299588e+03 4.258035623934119940e-04
6.506000000000300133e+03 4.250797792337834835e-04
6.506900000000299769e+03 4.236403328832238913e-04
6.507800000000299406e+03 4.227551689837127924e-04
6.508700000000299951e+03 4.230808117426931858e-04
6.509600000000300497e+03 4.231029015500098467e-04
6.510500000000300133e+03 4.223389842081815004e-04
6.511400000000299769e+03 4.221855197101831436e-04
6.512300000000300315e+03 4.230242338962852955e-04
6.513200000000300861e+03 4.237315442878752947e-04
6.514100000000300497e+03 4.222865391056984663e-04
6.515000000000300133e+03 4.188744933344423771e-04
6.515900000000300679e+03 4.168050363659858704e-04
6.516800000000301225e+03 4.173961642663925886e-04
6.517700000000300861e+03 4.186584847047924995e-04
6.518600000000300497e+03 4.193566273897886276e-04
6.519500000000301043e+03 4.205147561151534319e-04
6.520400000000301588e+03 4.220793198328465223e-04
6.521300000000301225e+03 4.232520586811006069e-04
6.522200000000300861e+03 4.236317181494086981e-04
6.523100000000301407e+03 4.233939398545771837e-04
6.524000000000301952e+03 4.238481051288545132e-04
6.524900000000301588e+03 4.244824813213199377e-04
6.525800000000301225e+03 4.231414059177041054e-04
6.526700000000301770e+03 4.199807881377637386e-04
6.527600000000302316e+03 4.180640680715441704e-04
6.528500000000301952e+03 4.185780999250710011e-04
6.529400000000301588e+03 4.196672816760838032e-04
6.530300000000302134e+03 4.204065480735152960e-04
6.531200000000302680e+03 4.199250834062695503e-04
6.532100000000302316e+03 4.177040827926248312e-04
6.533000000000301952e+03 4.163098346907645464e-04
6.533900000000302498e+03 4.172117915004491806e-04
6.534800000000303044e+03 4.189684404991567135e-04
6.535700000000302680e+03 4.198333190288394690e-04
6.536600000000302316e+03 4.189493483863770962e-04
6.537500000000302862e+03 4.177654918748885393e-04
6.538400000000303407e+03 4.189671599306166172e-04
6.539300000000303044e+03 4.209838807582855225e-04
6.540200000000302680e+03 4.211001214571297169e-04
6.541100000000303226e+03 4.183433775324374437e-04
6.542000000000303771e+03 4.139523662161082029e-04
6.542900000000303407e+03 4.101861850358545780e-04
6.543800000000303044e+03 4.074298485647886992e-04
6.544700000000303589e+03 4.045708628837019205e-04
6.545600000000304135e+03 4.007027600891888142e-04
6.546500000000303771e+03 3.987260570283979177e-04
6.547400000000303407e+03 3.996720188297331333e-04
6.548300000000303953e+03 4.004116053692996502e-04
6.549200000000304499e+03 3.993495483882725239e-04
6.550100000000304135e+03 3.970927500631660223e-04
6.551000000000303771e+03 3.951828985009342432e-04
6.551900000000304317e+03 3.929281665477901697e-04
6.552800000000304863e+03 3.884166071657091379e-04
6.553700000000304499e+03 3.828378976322710514e-04
6.554600000000304135e+03 3.786253219004720449e-04
6.555500000000304681e+03 3.763496933970600367e-04
6.556400000000305226e+03 3.743604756891727448e-04
6.557300000000304863e+03 3.700158558785915375e-04
6.558200000000304499e+03 3.626947000157088041e-04
6.559100000000305045e+03 3.545926592778414488e-04
6.560000000000305590e+03 3.432480734772980213e-04
6.560900000000305226e+03 3.158107574563473463e-04
6.561800000000304863e+03 2.701884950511157513e-04
6.562700000000305408e+03 2.423187543172389269e-04
6.563600000000305954e+03 2.641218598000705242e-04
6.564500000000305590e+03 3.094685671385377645e-04
6.565400000000305226e+03 3.397941181901842356e-04
6.566300000000305772e+03 3.534543211571872234e-04
6.567200000000306318e+03 3.627167898230254650e-04
6.568100000000305954e+03 3.701126843225210905e-04
6.569000000000305590e+03 3.740403335541486740e-04
6.569900000000306136e+03 3.758757084142416716e-04
6.570800000000306682e+03 3.781965933740139008e-04
6.571700000000306318e+03 3.817859687842428684e-04
6.572600000000305954e+03 3.853311645798385143e-04
6.573500000000306500e+03 3.877121780533343554e-04
6.574400000000307045e+03 3.897555579897016287e-04
6.575300000000306682e+03 3.922725445590913296e-04
6.576200000000306318e+03 3.951201215386390686e-04
6.577100000000306864e+03 3.973288694396615028e-04
6.578000000000307409e+03 3.995774022769182920e-04
6.578900000000307045e+03 4.025399684906005859e-04
6.579800000000306682e+03 4.045766545459628105e-04
6.580700000000307227e+03 4.052348667755723000e-04
6.581600000000307773e+03 4.054902528878301382e-04
6.582500000000307409e+03 4.057798942085355520e-04
6.583400000000307045e+03 4.066650581080466509e-04
6.584300000000307591e+03 4.080725484527647495e-04
6.585200000000308137e+03 4.095681651961058378e-04
6.586100000000307773e+03 4.109327273909002542e-04
6.587000000000307409e+03 4.123885883018374443e-04
6.587900000000307955e+03 4.138306831009685993e-04
6.588800000000308501e+03 4.142077232245355844e-04
6.589700000000308137e+03 4.141588578931987286e-04
6.590600000000307773e+03 4.139468946959823370e-04
6.591500000000308319e+03 4.114079056307673454e-04
6.592400000000308864e+03 4.064035310875624418e-04
6.593300000000308501e+03 4.034409357700496912e-04
6.594200000000308137e+03 4.056387115269899368e-04
6.595100000000308683e+03 4.094881005585193634e-04
6.596000000000309228e+03 4.112118040211498737e-04
6.596900000000308864e+03 4.114957118872553110e-04
6.597800000000308501e+03 4.115794436074793339e-04
6.598700000000309046e+03 4.123485996387898922e-04
6.599600000000309592e+03 4.140610981266945601e-04
6.600500000000309228e+03 4.158187366556376219e-04
6.601400000000308864e+03 4.164297133684158325e-04
6.602300000000309410e+03 4.156105569563806057e-04
6.603200000000309956e+03 4.147502477280795574e-04
6.604100000000309592e+03 4.149561573285609484e-04
6.605000000000309228e+03 4.156804352533072233e-04
6.605900000000309774e+03 4.157299990765750408e-04
6.606800000000310320e+03 4.150154418312013149e-04
6.607700000000309956e+03 4.148597363382577896e-04
6.608600000000309592e+03 4.147633735556155443e-04
6.609500000000310138e+03 4.142036486882716417e-04
6.610400000000310683e+03 4.146595310885459185e-04
6.611300000000310320e+03 4.158306692261248827e-04
6.612200000000309956e+03 4.161286633461713791e-04
6.613100000000310501e+03 4.153243498876690865e-04
6.614000000000311047e+03 4.153241752646863461e-04
6.614900000000310683e+03 4.168536979705095291e-04
6.615800000000310320e+03 4.181955882813781500e-04
6.616700000000310865e+03 4.177050723228603601e-04
6.617600000000311411e+03 4.156291834078729153e-04
6.618500000000311047e+03 4.143762052990496159e-04
6.619400000000310683e+03 4.149544402025640011e-04
6.620300000000311229e+03 4.155845381319522858e-04
6.621200000000311775e+03 4.155184724368155003e-04
6.622100000000311411e+03 4.149642772972583771e-04
6.623000000000311047e+03 4.136809438932687044e-04
6.623900000000311593e+03 4.117554344702512026e-04
6.624800000000312139e+03 4.105835105292499065e-04
6.625700000000311775e+03 4.117594507988542318e-04
6.626600000000311411e+03 4.141013778280466795e-04
6.627500000000311957e+03 4.155904753133654594e-04
6.628400000000312502e+03 4.155639908276498318e-04
6.629300000000312139e+03 4.147287982050329447e-04
6.630200000000311775e+03 4.138412768952548504e-04
6.631100000000312320e+03 4.128606524318456650e-04
6.632000000000312866e+03 4.121383826714009047e-04
6.632900000000312502e+03 4.123380058445036411e-04
6.633800000000312139e+03 4.127491556573659182e-04
6.634700000000312684e+03 4.124612023588269949e-04
6.635600000000313230e+03 4.116978670936077833e-04
6.636500000000312866e+03 4.112845927011221647e-04
6.637400000000312502e+03 4.113267641514539719e-04
6.638300000000313048e+03 4.113166360184550285e-04
6.639200000000313594e+03 4.112019960302859545e-04
6.640100000000313230e+03 4.116286872886121273e-04
6.641000000000312866e+03 4.129887674935162067e-04
6.641900000000313412e+03 4.132562025915831327e-04
6.642800000000313958e+03 4.103919782210141420e-04
6.643700000000313594e+03 4.084708634763956070e-04
6.644600000000313230e+03 4.102653474546968937e-04
6.645500000000313776e+03 4.125597188249230385e-04
6.646400000000314321e+03 4.128492437303066254e-04
6.647300000000313958e+03 4.117773787584155798e-04
6.648200000000313594e+03 4.107169806957244873e-04
6.649100000000314139e+03 4.092422896064817905e-04
6.650000000000314685e+03 4.066804249305278063e-04
6.650900000000314321e+03 4.039616906084120274e-04
6.651800000000313958e+03 4.026776587124913931e-04
6.652700000000314503e+03 4.037767357658594847e-04
6.653600000000315049e+03 4.064381355419754982e-04
6.654500000000314685e+03 4.085570399183779955e-04
6.655400000000314321e+03 4.082965315319597721e-04
6.656300000000314867e+03 4.062966618221253157e-04
6.657200000000315413e+03 4.052145231980830431e-04
6.658100000000315049e+03 4.053328884765505791e-04
6.659000000000314685e+03 4.046833200845867395e-04
6.659900000000315231e+03 4.039569175802171230e-04
6.660800000000315777e+03 4.039065679535269737e-04
6.661700000000315413e+03 4.035059828311204910e-04
6.662600000000315049e+03 4.020752676296979189e-04
6.663500000000315595e+03 4.012918216176331043e-04
6.664400000000316140e+03 4.027501563541591167e-04
6.665300000000315777e+03 4.043950466439127922e-04
6.666200000000315413e+03 4.049740382470190525e-04
6.667100000000315958e+03 4.052534932270646095e-04
6.668000000000316504e+03 4.054543096572160721e-04
6.668900000000316140e+03 4.053141165059059858e-04
6.669800000000315777e+03 4.053706070408225060e-04
6.670700000000316322e+03 4.049154813401401043e-04
6.671600000000316868e+03 4.033866280224174261e-04
6.672500000000316504e+03 4.027348768431693316e-04
6.673400000000316140e+03 4.033561854157596827e-04
6.674300000000316686e+03 4.041988868266344070e-04
6.675200000000317232e+03 4.047521797474473715e-04
6.676100000000316868e+03 4.030342970509082079e-04
6.677000000000316504e+03 3.969658573623746634e-04
6.677900000000317050e+03 3.910127561539411545e-04
6.678800000000317596e+03 3.924449556507170200e-04
6.679700000000317232e+03 3.985123184975236654e-04
6.680600000000316868e+03 4.010414995718747377e-04
6.681500000000317414e+03 4.004491202067583799e-04
6.682400000000317959e+03 4.008440882898867130e-04
6.683300000000317596e+03 4.021394706796854734e-04
6.684200000000317232e+03 4.031184362247586250e-04
6.685100000000317777e+03 4.035118618048727512e-04
6.686000000000318323e+03 4.035480378661304712e-04
6.686900000000317959e+03 4.035238234791904688e-04
6.687800000000317596e+03 4.031480348203331232e-04
6.688700000000318141e+03 4.031135176774114370e-04
6.689600000000318687e+03 4.039783671032637358e-04
6.690500000000318323e+03 4.052509320899844170e-04
6.691400000000317959e+03 4.067388072144240141e-04
6.692300000000318505e+03 4.069717542733997107e-04
6.693200000000319051e+03 4.057054466102272272e-04
6.694100000000318687e+03 4.049629787914454937e-04
6.695000000000318323e+03 4.049803537782281637e-04
6.695900000000318869e+03 4.049704875797033310e-04
6.696800000000319415e+03 4.044359084218740463e-04
6.697700000000319051e+03 4.036557802464812994e-04
6.698600000000318687e+03 4.037624748889356852e-04
6.699500000000319233e+03 4.051332361996173859e-04
6.700400000000319778e+03 4.058934864588081837e-04
6.701300000000319415e+03 4.050432180520147085e-04
6.702200000000319051e+03 4.038166662212461233e-04
6.703100000000319596e+03 4.034384037367999554e-04
6.704000000000320142e+03 4.045125388074666262e-04
6.704900000000319778e+03 4.059516359120607376e-04
6.705800000000319415e+03 4.067226836923509836e-04
6.706700000000319960e+03 4.067480622325092554e-04
6.707600000000320506e+03 4.065304528921842575e-04
6.708500000000320142e+03 4.060071369167417288e-04
6.709400000000319778e+03 4.044812521897256374e-04
6.710300000000320324e+03 4.032776923850178719e-04
6.711200000000320870e+03 4.040530475322157145e-04
6.712100000000320506e+03 4.052447038702666759e-04
6.713000000000320142e+03 4.045485984534025192e-04
6.713900000000320688e+03 4.014087899122387171e-04
6.714800000000321234e+03 3.978462191298604012e-04
6.715700000000320870e+03 3.959774039685726166e-04
6.716600000000320506e+03 3.949519887100905180e-04
6.717500000000321052e+03 3.951514954678714275e-04
6.718400000000321597e+03 3.978420281782746315e-04
6.719300000000321234e+03 4.007228417322039604e-04
6.720200000000320870e+03 4.010026168543845415e-04
6.721100000000321415e+03 3.988147946074604988e-04
6.722000000000321961e+03 3.970621037296950817e-04
6.722900000000321597e+03 3.978667082265019417e-04
6.723800000000321234e+03 4.004338989034295082e-04
6.724700000000321779e+03 4.019522166345268488e-04
6.725600000000322325e+03 4.009179538115859032e-04
6.726500000000321961e+03 3.991673875134438276e-04
6.727400000000321597e+03 3.977122541982680559e-04
6.728300000000322143e+03 3.967596858274191618e-04
6.729200000000322689e+03 3.976086154580116272e-04
6.730100000000322325e+03 3.998209431301802397e-04
6.731000000000321961e+03 4.015907179564237595e-04
6.731900000000322507e+03 4.024824302177876234e-04
6.732800000000323053e+03 4.022439825348556042e-04
6.733700000000322689e+03 4.005908849649131298e-04
6.734600000000322325e+03 3.990931727457791567e-04
6.735500000000322871e+03 4.000302287749946117e-04
6.736400000000323416e+03 4.016477032564580441e-04
6.737300000000323053e+03 4.013454308733344078e-04
6.738200000000322689e+03 3.998095053248107433e-04
6.739100000000323234e+03 3.983990172855556011e-04
6.740000000000323780e+03 3.976869047619402409e-04
6.740900000000323416e+03 3.974048886448144913e-04
6.741800000000323053e+03 3.967607917729765177e-04
6.742700000000323598e+03 3.964526113122701645e-04
6.743600000000324144e+03 3.974980500061064959e-04
6.744500000000323780e+03 3.992516722064465284e-04
6.745400000000323416e+03 4.008707765024155378e-04
6.746300000000323962e+03 4.008430405519902706e-04
6.747200000000324508e+03 3.993417485617101192e-04
6.748100000000324144e+03 3.973895509261637926e-04
6.749000000000323780e+03 3.965227806475013494e-04
6.749900000000324326e+03 3.968489181715995073e-04
6.750800000000324872e+03 3.977867891080677509e-04
6.751700000000324508e+03 3.985936054959893227e-04
6.752600000000324144e+03 3.987900854554027319e-04
6.753500000000324690e+03 3.985019866377115250e-04
6.754400000000325235e+03 3.970490361098200083e-04
6.755300000000324872e+03 3.956508007831871510e-04
6.756200000000324508e+03 3.966067451983690262e-04
6.757100000000325053e+03 3.989615070167928934e-04
6.758000000000325599e+03 4.008614341728389263e-04
6.758900000000325235e+03 4.022416833322495222e-04
6.759800000000324872e+03 4.032275464851409197e-04
6.760700000000325417e+03 4.028474504593759775e-04
6.761600000000325963e+03 4.010681877844035625e-04
6.762500000000325599e+03 4.002204223070293665e-04
6.763400000000325235e+03 4.013973812106996775e-04
6.764300000000325781e+03 4.026889801025390625e-04
6.765200000000326327e+03 4.021960776299238205e-04
6.766100000000325963e+03 4.006233066320419312e-04
6.767000000000325599e+03 3.992604324594140053e-04
6.767900000000326145e+03 3.988241660408675671e-04
6.768800000000326690e+03 3.993106656707823277e-04
6.769700000000326327e+03 3.991872363258153200e-04
6.770600000000325963e+03 3.993654681835323572e-04
6.771500000000326509e+03 4.014523583464324474e-04
6.772400000000327054e+03 4.032378492411226034e-04
6.773300000000326690e+03 4.029937845189124346e-04
6.774200000000326327e+03 4.025750095024704933e-04
6.775100000000326872e+03 4.031891003251075745e-04
6.776000000000327418e+03 4.040354106109589338e-04
6.776900000000327054e+03 4.042990913148969412e-04
6.777800000000326690e+03 4.034408484585583210e-04
6.778700000000327236e+03 4.029387200716882944e-04
6.779600000000327782e+03 4.030597046948969364e-04
6.780500000000327418e+03 4.021389759145677090e-04
6.781400000000327054e+03 3.996150335296988487e-04
6.782300000000327600e+03 3.974258434027433395e-04
6.783200000000328146e+03 3.962641931138932705e-04
6.784100000000327782e+03 3.954529238399118185e-04
6.785000000000327418e+03 3.945457865484058857e-04
6.785900000000327964e+03 3.948013472836464643e-04
6.786800000000328509e+03 3.963588678743690252e-04
6.787700000000328146e+03 3.984915674664080143e-04
6.788600000000327782e+03 3.984311479143798351e-04
6.789500000000328328e+03 3.959703608416020870e-04
6.790400000000328873e+03 3.945028001908212900e-04
6.791300000000328509e+03 3.945903736166656017e-04
6.792200000000328146e+03 3.945738717447966337e-04
6.793100000000328691e+03 3.939087910111993551e-04
6.794000000000329237e+03 3.939045709557831287e-04
6.794900000000328873e+03 3.953075211029499769e-04
6.795800000000328509e+03 3.971043333876878023e-04
6.796700000000329055e+03 3.989729157183319330e-04
6.797600000000329601e+03 4.003896901849657297e-04
6.798500000000329237e+03 4.009576514363288879e-04
6.799400000000328873e+03 4.009332042187452316e-04
6.800300000000329419e+03 4.000687331426888704e-04
6.801200000000329965e+03 3.995822335127741098e-04
6.802100000000329601e+03 4.000452172476798296e-04
6.803000000000329237e+03 4.008087562397122383e-04
6.803900000000329783e+03 4.018955514766275883e-04
6.804800000000330328e+03 4.024810914415866137e-04
6.805700000000329965e+03 4.016741295345127583e-04
6.806600000000329601e+03 3.995765000581741333e-04
6.807500000000330147e+03 3.975778236053884029e-04
6.808400000000330692e+03 3.957210865337401628e-04
6.809300000000330328e+03 3.939710441045463085e-04
6.810200000000329965e+03 3.935072454623878002e-04
6.811100000000330510e+03 3.944413911085575819e-04
6.812000000000331056e+03 3.950555401388555765e-04
6.812900000000330692e+03 3.950811806134879589e-04
6.813800000000330328e+03 3.943362389691174030e-04
6.814700000000330874e+03 3.925691125914454460e-04
6.815600000000331420e+03 3.921290335711091757e-04
6.816500000000331056e+03 3.938740701414644718e-04
6.817400000000330692e+03 3.957970766350626945e-04
6.818300000000331238e+03 3.963561321143060923e-04
6.819200000000331784e+03 3.960295289289206266e-04
6.820100000000331420e+03 3.956558939535170794e-04
6.821000000000331056e+03 3.958185552619397640e-04
6.821900000000331602e+03 3.972421691287308931e-04
6.822800000000332147e+03 3.991141857113689184e-04
6.823700000000331784e+03 4.004361107945442200e-04
6.824600000000331420e+03 3.999607870355248451e-04
6.825500000000331966e+03 3.985272196587175131e-04
6.826400000000332511e+03 3.966324438806623220e-04
6.827300000000332147e+03 3.943847841583192348e-04
6.828200000000331784e+03 3.936783759854733944e-04
6.829100000000332329e+03 3.949122619815170765e-04
6.830000000000332875e+03 3.965716750826686621e-04
6.830900000000332511e+03 3.980110341217368841e-04
6.831800000000332147e+03 3.985942748840898275e-04
6.832700000000332693e+03 3.984303621109575033e-04
6.833600000000333239e+03 3.980364999733865261e-04
6.834500000000332875e+03 3.982571070082485676e-04
6.835400000000332511e+03 3.993778955191373825e-04
6.836300000000333057e+03 3.998010943178087473e-04
6.837200000000333603e+03 3.987873496953397989e-04
6.838100000000333239e+03 3.973132697865366936e-04
6.839000000000332875e+03 3.963479830417782068e-04
6.839900000000333421e+03 3.955815045628696680e-04
6.840800000000333966e+03 3.945539938285946846e-04
6.841700000000333603e+03 3.950280370190739632e-04
6.842600000000333239e+03 3.970601828768849373e-04
6.843500000000333785e+03 3.994044382125139236e-04
6.844400000000334330e+03 4.005513328593224287e-04
6.845300000000333966e+03 3.987547825090587139e-04
6.846200000000333603e+03 3.956272557843476534e-04
6.847100000000334148e+03 3.947031509596854448e-04
6.848000000000334694e+03 3.958194865845143795e-04
6.848900000000334330e+03 3.964146308135241270e-04
6.849800000000333966e+03 3.957423323299735785e-04
6.850700000000334512e+03 3.954186977352946997e-04
6.851600000000335058e+03 3.959033929277211428e-04
6.852500000000334694e+03 3.965345676988363266e-04
6.853400000000334330e+03 3.972004342358559370e-04
6.854300000000334876e+03 3.965750220231711864e-04
6.855200000000335422e+03 3.950671234633773565e-04
6.856100000000335058e+03 3.942607727367430925e-04
6.857000000000334694e+03 3.947147924918681383e-04
6.857900000000335240e+03 3.964896604884415865e-04
6.858800000000335785e+03 3.984631912317126989e-04
6.859700000000335422e+03 3.988908138126134872e-04
6.860600000000335058e+03 3.972956328652799129e-04
6.861500000000335604e+03 3.956512955483049154e-04
6.862400000000336149e+03 3.965906507801264524e-04
6.863300000000335785e+03 3.994446597062051296e-04
6.864200000000335422e+03 4.009552649222314358e-04
6.865100000000335967e+03 3.995328443124890327e-04
6.866000000000336513e+03 3.975914441980421543e-04
6.866900000000336149e+03 3.974193241447210312e-04
6.867800000000335785e+03 3.978987515438348055e-04
6.868700000000336331e+03 3.980025066994130611e-04
6.869600000000336877e+03 3.978341992478817701e-04
6.870500000000336513e+03 3.966735675930976868e-04
6.871400000000336149e+03 3.966944059357047081e-04
6.872300000000336695e+03 3.982346097473055124e-04
6.873200000000337241e+03 3.977796877734363079e-04
6.874100000000336877e+03 3.960182366427034140e-04
6.875000000000336513e+03 3.962147166021168232e-04
6.875900000000337059e+03 3.974717983510345221e-04
6.876800000000337604e+03 3.983087954111397266e-04
6.877700000000337241e+03 3.994739672634750605e-04
6.878600000000336877e+03 3.998825850430876017e-04
6.879500000000337423e+03 3.988419193774461746e-04
6.880400000000337968e+03 3.973491839133203030e-04
6.881300000000337604e+03 3.966155345551669598e-04
6.882200000000337241e+03 3.973607381340116262e-04
6.883100000000337786e+03 3.989156102761626244e-04
6.884000000000338332e+03 4.006459494121372700e-04
6.884900000000337968e+03 4.016918537672609091e-04
6.885800000000337604e+03 4.007542738690972328e-04
6.886700000000338150e+03 3.985122311860322952e-04
6.887600000000338696e+03 3.976350417360663414e-04
6.888500000000338332e+03 3.991097037214785814e-04
6.889400000000337968e+03 4.011633282061666250e-04
6.890300000000338514e+03 4.016172897536307573e-04
6.891200000000339060e+03 4.006932140327990055e-04
6.892100000000338696e+03 3.999673062935471535e-04
6.893000000000338332e+03 3.999990876764059067e-04
6.893900000000338878e+03 3.999424225185066462e-04
6.894800000000339423e+03 3.995100269094109535e-04
6.895700000000339060e+03 4.004410584457218647e-04
6.896600000000338696e+03 4.021683125756680965e-04
6.897500000000339242e+03 4.015025042463093996e-04
6.898400000000339787e+03 3.993525751866400242e-04
6.899300000000339423e+03 3.979248576797544956e-04
6.900200000000339060e+03 3.973380953539162874e-04
6.901100000000339605e+03 3.973178972955793142e-04
6.902000000000340151e+03 3.986886295024305582e-04
6.902900000000339787e+03 4.013227589894086123e-04
6.903800000000339423e+03 4.038705956190824509e-04
6.904700000000339969e+03 4.045210662297904491e-04
6.905600000000340515e+03 4.032390716020017862e-04
6.906500000000340151e+03 4.019684274680912495e-04
6.907400000000339787e+03 4.016103921458125114e-04
6.908300000000340333e+03 4.013262514490634203e-04
6.909200000000340879e+03 3.996794985141605139e-04
6.910100000000340515e+03 3.970597172155976295e-04
6.911000000000340151e+03 3.951494581997394562e-04
6.911900000000340697e+03 3.952196566388010979e-04
6.912800000000341242e+03 3.962768823839724064e-04
6.913700000000340879e+03 3.955695137847214937e-04
6.914600000000340515e+03 3.952813567593693733e-04
6.915500000000341061e+03 3.965463256463408470e-04
6.916400000000341606e+03 3.981210466008633375e-04
6.917300000000341242e+03 3.991402627434581518e-04
6.918200000000340879e+03 3.987029776908457279e-04
6.919100000000341424e+03 3.977914166171103716e-04
6.920000000000341970e+03 3.980665351264178753e-04
6.920900000000341606e+03 3.982237831223756075e-04
6.921800000000341242e+03 3.981322806794196367e-04
6.922700000000341788e+03 3.986621450167149305e-04
6.923600000000342334e+03 3.986955853179097176e-04
6.924500000000341970e+03 3.968681266997009516e-04
6.925400000000341606e+03 3.934450214728713036e-04
6.926300000000342152e+03 3.896281996276229620e-04
6.927200000000342698e+03 3.877297567669302225e-04
6.928100000000342334e+03 3.890233056154102087e-04
6.929000000000341970e+03 3.912908723577857018e-04
6.929900000000342516e+03 3.925155906472355127e-04
6.930800000000343061e+03 3.920375602319836617e-04
6.931700000000342698e+03 3.901932795997709036e-04
6.932600000000342334e+03 3.891148371621966362e-04
6.933500000000342880e+03 3.907036152668297291e-04
6.934400000000343425e+03 3.934417909476906061e-04
6.935300000000343061e+03 3.946755605284124613e-04
6.936200000000342698e+03 3.945500939153134823e-04
6.937100000000343243e+03 3.938957233913242817e-04
6.938000000000343789e+03 3.931588726118206978e-04
6.938900000000343425e+03 3.939185698982328176e-04
6.939800000000343061e+03 3.952043771278113127e-04
6.940700000000343607e+03 3.951971593778580427e-04
6.941600000000344153e+03 3.935219137929379940e-04
6.942500000000343789e+03 3.904036420863121748e-04
6.943400000000343425e+03 3.861264558508992195e-04
6.944300000000343971e+03 3.815141681116074324e-04
6.945200000000344517e+03 3.800320846494287252e-04
6.946100000000344153e+03 3.830372297670692205e-04
6.947000000000343789e+03 3.871942753903567791e-04
6.947900000000344335e+03 3.890231309924274683e-04
6.948800000000344880e+03 3.889173676725476980e-04
6.949700000000344517e+03 3.891508968081325293e-04
6.950600000000344153e+03 3.895387344527989626e-04
6.951500000000344698e+03 3.886065969709306955e-04
6.952400000000345244e+03 3.866535553243011236e-04
6.953300000000344880e+03 3.843783051706850529e-04
6.954200000000344517e+03 3.832530928775668144e-04
6.955100000000345062e+03 3.843541198875755072e-04
6.956000000000345608e+03 3.868816711474210024e-04
6.956900000000345244e+03 3.891018277499824762e-04
6.957800000000344880e+03 3.893070679623633623e-04
6.958700000000345426e+03 3.886347112711519003e-04
6.959600000000345972e+03 3.897012211382389069e-04
6.960500000000345608e+03 3.915158449672162533e-04
6.961400000000345244e+03 3.911800740752369165e-04
6.962300000000345790e+03 3.901739837601780891e-04
6.963200000000346336e+03 3.912154643330723047e-04
6.964100000000345972e+03 3.929241502191871405e-04
6.965000000000345608e+03 3.931024402845650911e-04
6.965900000000346154e+03 3.912157553713768721e-04
6.966800000000346699e+03 3.893917310051620007e-04
6.967700000000346336e+03 3.904651093762367964e-04
6.968600000000345972e+03 3.929649246856570244e-04
6.969500000000346517e+03 3.932605031877756119e-04
6.970400000000347063e+03 3.909633378498256207e-04
6.971300000000346699e+03 3.893993271049112082e-04
6.972200000000346336e+03 3.920984454452991486e-04
6.973100000000346881e+03 3.966449876315891743e-04
6.974000000000347427e+03 3.972644626628607512e-04
6.974900000000347063e+03 3.943237243220210075e-04
6.975800000000346699e+03 3.921430616173893213e-04
6.976700000000347245e+03 3.909351362381130457e-04
6.977600000000347791e+03 3.874171816278249025e-04
6.978500000000347427e+03 3.830202331300824881e-04
6.979400000000347063e+03 3.833359514828771353e-04
6.980300000000347609e+03 3.876317350659519434e-04
6.981200000000348155e+03 3.906622296199202538e-04
6.982100000000347791e+03 3.919482405763119459e-04
6.983000000000347427e+03 3.928490914404392242e-04
6.983900000000347973e+03 3.930489474441856146e-04
6.984800000000348518e+03 3.927296493202447891e-04
6.985700000000348155e+03 3.917303984053432941e-04
6.986600000000347791e+03 3.904516051989048719e-04
6.987500000000348336e+03 3.906568745151162148e-04
6.988400000000348882e+03 3.918874135706573725e-04
6.989300000000348518e+03 3.918188740499317646e-04
6.990200000000348155e+03 3.906640631612390280e-04
6.991100000000348700e+03 3.907949139829725027e-04
6.992000000000349246e+03 3.925284254364669323e-04
6.992900000000348882e+03 3.929848899133503437e-04
6.993800000000348518e+03 3.906526544596999884e-04
6.994700000000349064e+03 3.874478279612958431e-04
6.995600000000349610e+03 3.865747130475938320e-04
6.996500000000349246e+03 3.888902429025620222e-04
6.997400000000348882e+03 3.916459099855273962e-04
6.998300000000349428e+03 3.915035922545939684e-04
6.999200000000349974e+03 3.887471684720367193e-04
7.000100000000349610e+03 3.864770988002419472e-04
7.001000000000349246e+03 3.866750339511781931e-04
7.001900000000349792e+03 3.888402425218373537e-04
7.002800000000350337e+03 3.908901417162269354e-04
7.003700000000349974e+03 3.911577514372766018e-04
7.004600000000349610e+03 3.902189491782337427e-04
7.005500000000350155e+03 3.900047449860721827e-04
7.006400000000350701e+03 3.903923206962645054e-04
7.007300000000350337e+03 3.908385697286576033e-04
7.008200000000349974e+03 3.920468443538993597e-04
7.009100000000350519e+03 3.932084073312580585e-04
7.010000000000351065e+03 3.929378290195018053e-04
7.010900000000350701e+03 3.922644245903939009e-04
7.011800000000350337e+03 3.924440534319728613e-04
7.012700000000350883e+03 3.923345648217946291e-04
7.013600000000351429e+03 3.903195902239531279e-04
7.014500000000351065e+03 3.875476832035928965e-04
7.015400000000350701e+03 3.859293065033853054e-04
7.016300000000351247e+03 3.862659505102783442e-04
7.017200000000351793e+03 3.887446364387869835e-04
7.018100000000351429e+03 3.914705594070255756e-04
7.019000000000351065e+03 3.919012087862938643e-04
7.019900000000351611e+03 3.899151924997568130e-04
7.020800000000352156e+03 3.880751028191298246e-04
7.021700000000351793e+03 3.888331993948668242e-04
7.022600000000351429e+03 3.910665109287947416e-04
7.023500000000351974e+03 3.918226866517215967e-04
7.024400000000352520e+03 3.896491543855518103e-04
7.025300000000352156e+03 3.865979961119592190e-04
7.026200000000351793e+03 3.861753211822360754e-04
7.027100000000352338e+03 3.880410222336649895e-04
7.028000000000352884e+03 3.903978213202208281e-04
7.028900000000352520e+03 3.927155048586428165e-04
7.029800000000352156e+03 3.945207572542130947e-04
7.030700000000352702e+03 3.946147917304188013e-04
7.031600000000353248e+03 3.919800801668316126e-04
7.032500000000352884e+03 3.888316568918526173e-04
7.033400000000352520e+03 3.882880846504122019e-04
7.034300000000353066e+03 3.912632528226822615e-04
7.035200000000353612e+03 3.948608646169304848e-04
7.036100000000353248e+03 3.953806881327182055e-04
7.037000000000352884e+03 3.915827546734362841e-04
7.037900000000353430e+03 3.853220550809055567e-04
7.038800000000353975e+03 3.825553576461970806e-04
7.039700000000353612e+03 3.854470560327172279e-04
7.040600000000353248e+03 3.909471561200916767e-04
7.041500000000353793e+03 3.957599983550608158e-04
7.042400000000354339e+03 3.989989636465907097e-04
7.043300000000353975e+03 3.990681143477559090e-04
7.044200000000353612e+03 3.947116492781788111e-04
7.045100000000354157e+03 3.887691709678620100e-04
7.046000000000354703e+03 3.861707809846848249e-04
7.046900000000354339e+03 3.883946628775447607e-04
7.047800000000353975e+03 3.924244374502450228e-04
7.048700000000354521e+03 3.950612444896250963e-04
7.049600000000355067e+03 3.955324937123805285e-04
7.050500000000354703e+03 3.941743052564561367e-04
7.051400000000354339e+03 3.906778874807059765e-04
7.052300000000354885e+03 3.848224005196243525e-04
7.053200000000355431e+03 3.772592463064938784e-04
7.054100000000355067e+03 3.696482162922620773e-04
7.055000000000354703e+03 3.674815816339105368e-04
7.055900000000355249e+03 3.722316469065845013e-04
7.056800000000355794e+03 3.786976740229874849e-04
7.057700000000355431e+03 3.813465882558375597e-04
7.058600000000355067e+03 3.777665551751852036e-04
7.059500000000355612e+03 3.708620497491210699e-04
7.060400000000356158e+03 3.659312787931412458e-04
7.061300000000355794e+03 3.656146582216024399e-04
7.062200000000355431e+03 3.689208533614873886e-04
7.063100000000355976e+03 3.738134691957384348e-04
7.064000000000356522e+03 3.775933000724762678e-04
7.064900000000356158e+03 3.773942589759826660e-04
7.065800000000355794e+03 3.738398081623017788e-04
7.066700000000356340e+03 3.700109664350748062e-04
7.067600000000356886e+03 3.670929872896522284e-04
7.068500000000356522e+03 3.665332624223083258e-04
7.069400000000356158e+03 3.698158834595233202e-04
7.070300000000356704e+03 3.752173506654798985e-04
7.071200000000357250e+03 3.792097850237041712e-04
7.072100000000356886e+03 3.797659883275628090e-04
7.073000000000356522e+03 3.773841308429837227e-04
7.073900000000357068e+03 3.738456580322235823e-04
7.074800000000357613e+03 3.707452851813286543e-04
7.075700000000357250e+03 3.684305993374437094e-04
7.076600000000356886e+03 3.680900263134390116e-04
7.077500000000357431e+03 3.700249362736940384e-04
7.078400000000357977e+03 3.722534165717661381e-04
7.079300000000357613e+03 3.732415207196027040e-04
7.080200000000357250e+03 3.736866347026079893e-04
7.081100000000357795e+03 3.736877406481653452e-04
7.082000000000358341e+03 3.718872612807899714e-04
7.082900000000357977e+03 3.690569719765335321e-04
7.083800000000357613e+03 3.656646003946661949e-04
7.084700000000358159e+03 3.622622170951217413e-04
7.085600000000358705e+03 3.610869753174483776e-04
7.086500000000358341e+03 3.602854267228394747e-04
7.087400000000357977e+03 3.565676161088049412e-04
7.088300000000358523e+03 3.524349303916096687e-04
7.089200000000359069e+03 3.507486835587769747e-04
7.090100000000358705e+03 3.507967339828610420e-04
7.091000000000358341e+03 3.515623102430254221e-04
7.091900000000358887e+03 3.513751435093581676e-04
7.092800000000359432e+03 3.485340857878327370e-04
7.093700000000359069e+03 3.452389501035213470e-04
7.094600000000358705e+03 3.449901123531162739e-04
7.095500000000359250e+03 3.476884739939123392e-04
7.096400000000359796e+03 3.503065090626478195e-04
7.097300000000359432e+03 3.525370557326823473e-04
7.098200000000359069e+03 3.561330086085945368e-04
7.099100000000359614e+03 3.608737024478614330e-04
7.100000000000360160e+03 3.608507686294615269e-04
7.100900000000359796e+03 3.590497071854770184e-04
7.101800000000359432e+03 3.578073228709399700e-04
7.102700000000359978e+03 3.580246702767908573e-04
7.103600000000360524e+03 3.606953832786530256e-04
7.104500000000360160e+03 3.643207892309874296e-04
7.105400000000359796e+03 3.651407896541059017e-04
7.106300000000360342e+03 3.621984506025910378e-04
7.107200000000360887e+03 3.585501981433480978e-04
7.108100000000360524e+03 3.571941633708775043e-04
7.109000000000360160e+03 3.578757168725132942e-04
7.109900000000360706e+03 3.572036512196063995e-04
7.110800000000361251e+03 3.548187669366598129e-04
7.111700000000360887e+03 3.546577063389122486e-04
7.112600000000360524e+03 3.576178860384970903e-04
7.113500000000361069e+03 3.605095553211867809e-04
7.114400000000361615e+03 3.613195149227976799e-04
7.115300000000361251e+03 3.613028093241155148e-04
7.116200000000360887e+03 3.613109292928129435e-04
7.117100000000361433e+03 3.604810044635087252e-04
7.118000000000361979e+03 3.590802953112870455e-04
7.118900000000361615e+03 3.578184987418353558e-04
7.119800000000361251e+03 3.576509188860654831e-04
7.120700000000361797e+03 3.579845069907605648e-04
7.121600000000362343e+03 3.584084042813628912e-04
7.122500000000361979e+03 3.579173644538968801e-04
7.123400000000361615e+03 3.574250440578907728e-04
7.124300000000362161e+03 3.548171662259846926e-04
7.125200000000362706e+03 3.505231288727372885e-04
7.126100000000362343e+03 3.471982199698686600e-04
7.127000000000361979e+03 3.477666759863495827e-04
7.127900000000362525e+03 3.510255774017423391e-04
7.128800000000363070e+03 3.531317925080657005e-04
7.129700000000362706e+03 3.518173762131482363e-04
7.130600000000362343e+03 3.478025028016418219e-04
7.131500000000362888e+03 3.458316496107727289e-04
7.132400000000363434e+03 3.478830913081765175e-04
7.133300000000363070e+03 3.522243350744247437e-04
7.134200000000362706e+03 3.561535559128969908e-04
7.135100000000363252e+03 3.574386937543749809e-04
7.136000000000363798e+03 3.569907275959849358e-04
7.136900000000363434e+03 3.570469270925968885e-04
7.137800000000363070e+03 3.572108398657292128e-04
7.138700000000363616e+03 3.554758732207119465e-04
7.139600000000364162e+03 3.524857165757566690e-04
7.140500000000363798e+03 3.516790457069873810e-04
7.141400000000363434e+03 3.540856996551156044e-04
7.142300000000363980e+03 3.563053905963897705e-04
7.143200000000364525e+03 3.566426166798919439e-04
7.144100000000364162e+03 3.559612669050693512e-04
7.145000000000363798e+03 3.559020406100898981e-04
7.145900000000364344e+03 3.559532342478632927e-04
7.146800000000364889e+03 3.549545945134013891e-04
7.147700000000364525e+03 3.529321693349629641e-04
7.148600000000364162e+03 3.517848090268671513e-04
7.149500000000364707e+03 3.521674952935427427e-04
7.150400000000365253e+03 3.521747130434960127e-04
7.151300000000364889e+03 3.531138645485043526e-04
7.152200000000364525e+03 3.565365623217076063e-04
7.153100000000365071e+03 3.605672973208129406e-04
7.154000000000365617e+03 3.620793868321925402e-04
7.154900000000365253e+03 3.605420351959764957e-04
7.155800000000364889e+03 3.582390199881047010e-04
7.156700000000365435e+03 3.576117451302707195e-04
7.157600000000365981e+03 3.580810152925550938e-04
7.158500000000365617e+03 3.581408818718045950e-04
7.159400000000365253e+03 3.567640378605574369e-04
7.160300000000365799e+03 3.551998233888298273e-04
7.161200000000366344e+03 3.554722934495657682e-04
7.162100000000365981e+03 3.578420728445053101e-04
7.163000000000365617e+03 3.596637689042836428e-04
7.163900000000366163e+03 3.579857584554702044e-04
7.164800000000366708e+03 3.556261071935296059e-04
7.165700000000366344e+03 3.548661770764738321e-04
7.166600000000365981e+03 3.556950250640511513e-04
7.167500000000366526e+03 3.574880247469991446e-04
7.168400000000367072e+03 3.589793632272630930e-04
7.169300000000366708e+03 3.595600428525358438e-04
7.170200000000366344e+03 3.587775281630456448e-04
7.171100000000366890e+03 3.578877076506614685e-04
7.172000000000367436e+03 3.600935742724686861e-04
7.172900000000367072e+03 3.636414476204663515e-04
7.173800000000366708e+03 3.641510847955942154e-04
7.174700000000367254e+03 3.616346220951527357e-04
7.175600000000367800e+03 3.583231882657855749e-04
7.176500000000367436e+03 3.572777495719492435e-04
7.177400000000367072e+03 3.603777149692177773e-04
7.178300000000367618e+03 3.647942794486880302e-04
7.179200000000368163e+03 3.660968795884400606e-04
7.180100000000367800e+03 3.632731677498668432e-04
7.181000000000367436e+03 3.594169684220105410e-04
7.181900000000367982e+03 3.583755460567772388e-04
7.182800000000368527e+03 3.610129933804273605e-04
7.183700000000368163e+03 3.651636070571839809e-04
7.184600000000367800e+03 3.666871925815939903e-04
7.185500000000368345e+03 3.661908558569848537e-04
7.186400000000368891e+03 3.654523170553147793e-04
7.187300000000368527e+03 3.629117272794246674e-04
7.188200000000368163e+03 3.602904325816780329e-04
7.189100000000368709e+03 3.607766411732882261e-04
7.190000000000369255e+03 3.644729149527847767e-04
7.190900000000368891e+03 3.671343729365617037e-04
7.191800000000368527e+03 3.672114107757806778e-04
7.192700000000369073e+03 3.666598058771342039e-04
7.193600000000369619e+03 3.662613453343510628e-04
7.194500000000369255e+03 3.659249341581016779e-04
7.195400000000368891e+03 3.663591924123466015e-04
7.196300000000369437e+03 3.658302885014563799e-04
7.197200000000369982e+03 3.629148704931139946e-04
7.198100000000369619e+03 3.595842572394758463e-04
7.199000000000369255e+03 3.577249299269169569e-04
7.199900000000369801e+03 3.568450047168880701e-04
7.200800000000370346e+03 3.563135105650871992e-04
7.201700000000369982e+03 3.582618955988436937e-04
7.202600000000369619e+03 3.632950247265398502e-04
7.203500000000370164e+03 3.659643116407096386e-04
7.204400000000370710e+03 3.641048970166593790e-04
7.205300000000370346e+03 3.623793600127100945e-04
7.206200000000369982e+03 3.612680011428892612e-04
7.207100000000370528e+03 3.583701327443122864e-04
7.208000000000371074e+03 3.556634765118360519e-04
7.208900000000370710e+03 3.557829768396914005e-04
7.209800000000370346e+03 3.608249535318464041e-04
7.210700000000370892e+03 3.685895062517374754e-04
7.211600000000371438e+03 3.726570284925401211e-04
7.212500000000371074e+03 3.709479351527988911e-04
7.213400000000370710e+03 3.657202760223299265e-04
7.214300000000371256e+03 3.613175067584961653e-04
7.215200000000371801e+03 3.605624951887875795e-04
7.216100000000371438e+03 3.628519480116665363e-04
7.217000000000371074e+03 3.667510754894465208e-04
7.217900000000371620e+03 3.699158551171422005e-04
7.218800000000372165e+03 3.700179222505539656e-04
7.219700000000371801e+03 3.683273389469832182e-04
7.220600000000371438e+03 3.664268588181585073e-04
7.221500000000371983e+03 3.641364164650440216e-04
7.222400000000372529e+03 3.621233336161822081e-04
7.223300000000372165e+03 3.619758645072579384e-04
7.224200000000371801e+03 3.646235272753983736e-04
7.225100000000372347e+03 3.682478272821754217e-04
7.226000000000372893e+03 3.710677847266197205e-04
7.226900000000372529e+03 3.718392108567059040e-04
7.227800000000372165e+03 3.691776655614376068e-04
7.228700000000372711e+03 3.655119217000901699e-04
7.229600000000373257e+03 3.636087058112025261e-04
7.230500000000372893e+03 3.639284404926002026e-04
7.231400000000372529e+03 3.658363129943609238e-04
7.232300000000373075e+03 3.675791376736015081e-04
7.233200000000373620e+03 3.684218681883066893e-04
7.234100000000373257e+03 3.701859386637806892e-04
7.235000000000372893e+03 3.720775712281465530e-04
7.235900000000373439e+03 3.713742189574986696e-04
7.236800000000373984e+03 3.678102511912584305e-04
7.237700000000373620e+03 3.646205004770308733e-04
7.238600000000373257e+03 3.632166190072894096e-04
7.239500000000373802e+03 3.636625478975474834e-04
7.240400000000374348e+03 3.646732948254793882e-04
7.241300000000373984e+03 3.660311049316078424e-04
7.242200000000373620e+03 3.695076738949865103e-04
7.243100000000374166e+03 3.714071935974061489e-04
7.244000000000374712e+03 3.688189899548888206e-04
7.244900000000374348e+03 3.660113143268972635e-04
7.245800000000373984e+03 3.655028122011572123e-04
7.246700000000374530e+03 3.670571313705295324e-04
7.247600000000375076e+03 3.710191813297569752e-04
7.248500000000374712e+03 3.756630176212638617e-04
7.249400000000374348e+03 3.765347937587648630e-04
7.250300000000374894e+03 3.732210607267916203e-04
7.251200000000375439e+03 3.698685031849890947e-04
7.252100000000375076e+03 3.680676163639873266e-04
7.253000000000374712e+03 3.674323088489472866e-04
7.253900000000375258e+03 3.681382804643362761e-04
7.254800000000375803e+03 3.705358831211924553e-04
7.255700000000375439e+03 3.734940546564757824e-04
7.256600000000375076e+03 3.754980862140655518e-04
7.257500000000375621e+03 3.751494223251938820e-04
7.258400000000376167e+03 3.722104302141815424e-04
7.259300000000375803e+03 3.680485824588686228e-04
7.260200000000375439e+03 3.643679665401577950e-04
7.261100000000375985e+03 3.625418175943195820e-04
7.262000000000376531e+03 3.633669111877679825e-04
7.262900000000376167e+03 3.663113457150757313e-04
7.263800000000375803e+03 3.684085386339575052e-04
7.264700000000376349e+03 3.692344180308282375e-04
7.265600000000376895e+03 3.699590160977095366e-04
7.266500000000376531e+03 3.717048384714871645e-04
7.267400000000376167e+03 3.744675195775926113e-04
7.268300000000376713e+03 3.753397322725504637e-04
7.269200000000377258e+03 3.722628753166645765e-04
7.270100000000376895e+03 3.681896487250924110e-04
7.271000000000376531e+03 3.668960125651210546e-04
7.271900000000377077e+03 3.676970081869512796e-04
7.272800000000377622e+03 3.682098758872598410e-04
7.273700000000377258e+03 3.681890957523137331e-04
7.274600000000376895e+03 3.691268211696296930e-04
7.275500000000377440e+03 3.713400801643729210e-04
7.276400000000377986e+03 3.724808630067855120e-04
7.277300000000377622e+03 3.709775919560343027e-04
7.278200000000377258e+03 3.693254839163273573e-04
7.279100000000377804e+03 3.689519362524151802e-04
7.280000000000378350e+03 3.681870293803513050e-04
7.280900000000377986e+03 3.650568833108991385e-04
7.281800000000377622e+03 3.612498403526842594e-04
7.282700000000378168e+03 3.605609817896038294e-04
7.283600000000378714e+03 3.619029012043029070e-04
7.284500000000378350e+03 3.635874018073081970e-04
7.285400000000377986e+03 3.675690386444330215e-04
7.286300000000378532e+03 3.723525151144713163e-04
7.287200000000379077e+03 3.733947232831269503e-04
7.288100000000378714e+03 3.706706629600375891e-04
7.289000000000378350e+03 3.681697708088904619e-04
7.289900000000378895e+03 3.665483673103153706e-04
7.290800000000379441e+03 3.637978516053408384e-04
7.291700000000379077e+03 3.623878001235425472e-04
7.292600000000378714e+03 3.641189250629395247e-04
7.293500000000379259e+03 3.680639201775193214e-04
7.294400000000379805e+03 3.723381087183952332e-04
7.295300000000379441e+03 3.759276005439460278e-04
7.296200000000379077e+03 3.791080962400883436e-04
7.297100000000379623e+03 3.799052210524678230e-04
7.298000000000380169e+03 3.760607214644551277e-04
7.298900000000379805e+03 3.712718316819518805e-04
7.299800000000379441e+03 3.699772933032363653e-04
7.300700000000379987e+03 3.724536218214780092e-04
7.301600000000380533e+03 3.748489543795585632e-04
7.302500000000380169e+03 3.743635315913707018e-04
7.303400000000379805e+03 3.733334888238459826e-04
7.304300000000380351e+03 3.733852063305675983e-04
7.305200000000380896e+03 3.739500534720718861e-04
7.306100000000380533e+03 3.740079700946807861e-04
7.307000000000380169e+03 3.728247247636318207e-04
7.307900000000380714e+03 3.720745444297790527e-04
7.308800000000381260e+03 3.733368939720094204e-04
7.309700000000380896e+03 3.761387779377400875e-04
7.310600000000380533e+03 3.788663598243147135e-04
7.311500000000381078e+03 3.789965121541172266e-04
7.312400000000381624e+03 3.757178783416748047e-04
7.313300000000381260e+03 3.720333334058523178e-04
7.314200000000380896e+03 3.722544061020016670e-04
7.315100000000381442e+03 3.743744164239615202e-04
7.316000000000381988e+03 3.744008718058466911e-04
7.316900000000381624e+03 3.725942224264144897e-04
7.317800000000381260e+03 3.704745613504201174e-04
7.318700000000381806e+03 3.702976682689040899e-04
7.319600000000382352e+03 3.725383139681071043e-04
7.320500000000381988e+03 3.748565213754773140e-04
7.321400000000381624e+03 3.761100815609097481e-04
7.322300000000382170e+03 3.757653175853192806e-04
7.323200000000382715e+03 3.735254576895385981e-04
7.324100000000382352e+03 3.706939460244029760e-04
7.325000000000381988e+03 3.687684657052159309e-04
7.325900000000382533e+03 3.693392209243029356e-04
7.326800000000383079e+03 3.733267658390104771e-04
7.327700000000382715e+03 3.783389111049473286e-04
7.328600000000382352e+03 3.803700092248618603e-04
7.329500000000382897e+03 3.793558862525969744e-04
7.330400000000383443e+03 3.772441705223172903e-04
7.331300000000383079e+03 3.759908140636980534e-04
7.332200000000382715e+03 3.756337391678243876e-04
7.333100000000383261e+03 3.749967145267874002e-04
7.334000000000383807e+03 3.734593919944018126e-04
7.334900000000383443e+03 3.726081631612032652e-04
7.335800000000383079e+03 3.745868161786347628e-04
7.336700000000383625e+03 3.787590540014207363e-04
7.337600000000384171e+03 3.810587513726204634e-04
7.338500000000383807e+03 3.813232760876417160e-04
7.339400000000383443e+03 3.808271430898457766e-04
7.340300000000383989e+03 3.802759747486561537e-04
7.341200000000384534e+03 3.803864528890699148e-04
7.342100000000384171e+03 3.809329646173864603e-04
7.343000000000383807e+03 3.791558265220373869e-04
7.343900000000384352e+03 3.734792117029428482e-04
7.344800000000384898e+03 3.680481459014117718e-04
7.345700000000384534e+03 3.684726543724536896e-04
7.346600000000384171e+03 3.735505451913923025e-04
7.347500000000384716e+03 3.782930725719779730e-04
7.348400000000385262e+03 3.796357777900993824e-04
7.349300000000384898e+03 3.768774913623929024e-04
7.350200000000384534e+03 3.733421908691525459e-04
7.351100000000385080e+03 3.730808384716510773e-04
7.352000000000385626e+03 3.758915117941796780e-04
7.352900000000385262e+03 3.781449922826141119e-04
7.353800000000384898e+03 3.769722243305295706e-04
7.354700000000385444e+03 3.734187048394232988e-04
7.355600000000385990e+03 3.696608473546802998e-04
7.356500000000385626e+03 3.682191600091755390e-04
7.357400000000385262e+03 3.704014816321432590e-04
7.358300000000385808e+03 3.753542259801179171e-04
7.359200000000386353e+03 3.805264423135668039e-04
7.360100000000385990e+03 3.829459019470959902e-04
7.361000000000385626e+03 3.826380416285246611e-04
7.361900000000386171e+03 3.802837163675576448e-04
7.362800000000386717e+03 3.767846501432359219e-04
7.363700000000386353e+03 3.757262020371854305e-04
7.364600000000385990e+03 3.776391095016151667e-04
7.365500000000386535e+03 3.793661308009177446e-04
7.366400000000387081e+03 3.804762964136898518e-04
7.367300000000386717e+03 3.817362594418227673e-04
7.368200000000386353e+03 3.814211813732981682e-04
7.369100000000386899e+03 3.792435745708644390e-04
7.370000000000387445e+03 3.784119326155632734e-04
7.370900000000387081e+03 3.805666638072580099e-04
7.371800000000386717e+03 3.825726453214883804e-04
7.372700000000387263e+03 3.817355027422308922e-04
7.373600000000387809e+03 3.800659615080803633e-04
7.374500000000387445e+03 3.789064940065145493e-04
7.375400000000387081e+03 3.778907121159136295e-04
7.376300000000387627e+03 3.780300030484795570e-04
7.377200000000388172e+03 3.791468043345957994e-04
7.378100000000387809e+03 3.806314198300242424e-04
7.379000000000387445e+03 3.822080325335264206e-04
7.379900000000387990e+03 3.818241239059716463e-04
7.380800000000388536e+03 3.786934830714017153e-04
7.381700000000388172e+03 3.753340570256114006e-04
7.382600000000387809e+03 3.738585219252854586e-04
7.383500000000388354e+03 3.737223451025784016e-04
7.384400000000388900e+03 3.731968754436820745e-04
7.385300000000388536e+03 3.718016378115862608e-04
7.386200000000388172e+03 3.714184276759624481e-04
7.387100000000388718e+03 3.728974843397736549e-04
7.388000000000389264e+03 3.735705977305769920e-04
7.388900000000388900e+03 3.712816396728157997e-04
7.389800000000388536e+03 3.678729117382317781e-04
7.390700000000389082e+03 3.663066891022026539e-04
7.391600000000389628e+03 3.662303788587450981e-04
7.392500000000389264e+03 3.654414031188935041e-04
7.393400000000388900e+03 3.640608920250087976e-04
7.394300000000389446e+03 3.650311264209449291e-04
7.395200000000389991e+03 3.677161585073918104e-04
7.396100000000389628e+03 3.691493184305727482e-04
7.397000000000389264e+03 3.692537720780819654e-04
7.397900000000389809e+03 3.706728166434913874e-04
7.398800000000390355e+03 3.725724527612328529e-04
7.399700000000389991e+03 3.743920242413878441e-04
7.400600000000389628e+03 3.767171292565762997e-04
7.401500000000390173e+03 3.800230624619871378e-04
7.402400000000390719e+03 3.837612457573413849e-04
7.403300000000390355e+03 3.866305924020707607e-04
7.404200000000389991e+03 3.860087890643626451e-04
7.405100000000390537e+03 3.822028520517051220e-04
7.406000000000391083e+03 3.790474729612469673e-04
7.406900000000390719e+03 3.793087671510875225e-04
7.407800000000390355e+03 3.802339779213070869e-04
7.408700000000390901e+03 3.792152856476604939e-04
7.409600000000391447e+03 3.791018389165401459e-04
