3.540500000000000000e+03 1.450268246117047966e-05
3.541400000000000091e+03 1.387598058499861509e-05
3.542300000000000182e+03 1.393086404277710244e-05
3.543200000000000273e+03 1.446248643333092332e-05
3.544100000000000364e+03 1.491011971666011959e-05
3.545000000000000455e+03 1.506335320300422609e-05
3.545900000000000546e+03 1.501311999163590372e-05
3.546800000000000637e+03 1.470830284233670682e-05
3.547700000000000728e+03 1.441102176613640040e-05
3.548600000000000819e+03 1.458156839362345636e-05
3.549500000000000909e+03 1.493736363045172766e-05
3.550400000000001000e+03 1.491337843617657200e-05
3.551300000000001091e+03 1.449561386834830046e-05
3.552200000000001182e+03 1.386967778671532869e-05
3.553100000000001273e+03 1.318842259934172034e-05
3.554000000000001364e+03 1.287556460738414899e-05
3.554900000000001455e+03 1.322760090260999277e-05
3.555800000000001546e+03 1.379912191623589024e-05
3.556700000000001637e+03 1.395128492731601000e-05
3.557600000000001728e+03 1.360363148705800995e-05
3.558500000000001819e+03 1.318735758104594424e-05
3.559400000000001910e+03 1.314933615503832698e-05
3.560300000000002001e+03 1.345218606729758903e-05
3.561200000000002092e+03 1.402912948833545670e-05
3.562100000000002183e+03 1.476268789701862261e-05
3.563000000000002274e+03 1.481244726164732128e-05
3.563900000000002365e+03 1.341735060123028234e-05
3.564800000000002456e+03 1.127291488955961540e-05
3.565700000000002547e+03 1.005644662654958665e-05
3.566600000000002638e+03 1.040349525283090770e-05
3.567500000000002728e+03 1.108098695112857968e-05
3.568400000000002819e+03 1.072253871825523674e-05
3.569300000000002910e+03 9.695170774648431689e-06
3.570200000000003001e+03 9.240889994543977082e-06
3.571100000000003092e+03 9.740365385368932039e-06
3.572000000000003183e+03 1.098811299016233534e-05
3.572900000000003274e+03 1.185870860354043543e-05
3.573800000000003365e+03 1.216102737089386210e-05
3.574700000000003456e+03 1.230170983035350218e-05
3.575600000000003547e+03 1.268287724087713286e-05
3.576500000000003638e+03 1.294988305744482204e-05
3.577400000000003729e+03 1.246726242243312299e-05
3.578300000000003820e+03 1.148193496192106977e-05
3.579200000000003911e+03 1.048767535394290462e-05
3.580100000000004002e+03 9.032438356371130794e-06
3.581000000000004093e+03 7.714467756159137934e-06
3.581900000000004184e+03 8.094557415461167693e-06
3.582800000000004275e+03 9.511910320725291967e-06
3.583700000000004366e+03 9.851459253695793450e-06
3.584600000000004457e+03 8.761971002968493849e-06
3.585500000000004547e+03 7.807435395079664886e-06
3.586400000000004638e+03 7.926217222120612860e-06
3.587300000000004729e+03 8.710119800525717437e-06
3.588200000000004820e+03 9.571481314196716994e-06
3.589100000000004911e+03 1.042263920680852607e-05
3.590000000000005002e+03 1.190450075228000060e-05
3.590900000000005093e+03 1.377418175252387300e-05
3.591800000000005184e+03 1.443593464500736445e-05
3.592700000000005275e+03 1.358933513984084129e-05
3.593600000000005366e+03 1.288030034629628062e-05
3.594500000000005457e+03 1.345501459582010284e-05
3.595400000000005548e+03 1.482589505030773580e-05
3.596300000000005639e+03 1.595988942426629364e-05
3.597200000000005730e+03 1.621890078240539879e-05
3.598100000000005821e+03 1.598169546923600137e-05
3.599000000000005912e+03 1.618215719645377249e-05
3.599900000000006003e+03 1.687516305537428707e-05
3.600800000000006094e+03 1.660869384068064392e-05
3.601700000000006185e+03 1.477305613661883399e-05
3.602600000000006276e+03 1.295451784244505689e-05
3.603500000000006366e+03 1.217628869198961183e-05
3.604400000000006457e+03 1.172619977296562865e-05
3.605300000000006548e+03 1.155451172962784767e-05
3.606200000000006639e+03 1.210256596095860004e-05
3.607100000000006730e+03 1.224184688908280805e-05
3.608000000000006821e+03 1.093856371880974621e-05
3.608900000000006912e+03 9.580538062436971813e-06
3.609800000000007003e+03 9.803471584746148437e-06
3.610700000000007094e+03 1.139618052548030391e-05
3.611600000000007185e+03 1.278860690945293754e-05
3.612500000000007276e+03 1.275412159884581342e-05
3.613400000000007367e+03 1.235292711498914286e-05
3.614300000000007458e+03 1.320243882219074294e-05
3.615200000000007549e+03 1.458212591387564316e-05
3.616100000000007640e+03 1.472282019676640630e-05
3.617000000000007731e+03 1.288232033402891830e-05
3.617900000000007822e+03 1.005148806143552065e-05
3.618800000000007913e+03 8.512721251463517547e-06
3.619700000000008004e+03 9.347701961814891547e-06
3.620600000000008095e+03 1.125940161728067324e-05
3.621500000000008185e+03 1.309013441641582176e-05
3.622400000000008276e+03 1.431213513569673523e-05
3.623300000000008367e+03 1.432479348295601085e-05
3.624200000000008458e+03 1.427460847480688244e-05
3.625100000000008549e+03 1.566157516208477318e-05
3.626000000000008640e+03 1.751571471686474979e-05
3.626900000000008731e+03 1.818970486056059599e-05
3.627800000000008822e+03 1.788062218111008406e-05
3.628700000000008913e+03 1.708411036815959960e-05
3.629600000000009004e+03 1.484365202486515045e-05
3.630500000000009095e+03 1.138509287557099015e-05
3.631400000000009186e+03 9.437205335416365415e-06
3.632300000000009277e+03 1.019547289615729824e-05
3.633200000000009368e+03 1.160484589490806684e-05
3.634100000000009459e+03 1.211799735756358132e-05
3.635000000000009550e+03 1.253886875929310918e-05
3.635900000000009641e+03 1.333654563495656475e-05
3.636800000000009732e+03 1.407198760716710240e-05
3.637700000000009823e+03 1.494889693276491016e-05
3.638600000000009913e+03 1.609635000932030380e-05
3.639500000000010004e+03 1.685116512817330658e-05
3.640400000000010095e+03 1.681693356658797711e-05
3.641300000000010186e+03 1.616213558008894324e-05
3.642200000000010277e+03 1.522316870250506327e-05
3.643100000000010368e+03 1.433824218111112714e-05
3.644000000000010459e+03 1.347931811324087903e-05
3.644900000000010550e+03 1.289987631025724113e-05
3.645800000000010641e+03 1.283138044527731836e-05
3.646700000000010732e+03 1.229756344400811940e-05
3.647600000000010823e+03 1.132112083723768592e-05
3.648500000000010914e+03 1.125327344198012725e-05
3.649400000000011005e+03 1.208872890856582671e-05
3.650300000000011096e+03 1.322121079283533618e-05
3.651200000000011187e+03 1.457893267797771841e-05
3.652100000000011278e+03 1.603097734914626926e-05
3.653000000000011369e+03 1.689125383563805372e-05
3.653900000000011460e+03 1.688579686742741615e-05
3.654800000000011551e+03 1.675018575042486191e-05
3.655700000000011642e+03 1.708643321762792766e-05
3.656600000000011732e+03 1.772670293576084077e-05
3.657500000000011823e+03 1.832110865507274866e-05
3.658400000000011914e+03 1.883833283500280231e-05
3.659300000000012005e+03 1.892716318252496421e-05
3.660200000000012096e+03 1.866034108388703316e-05
3.661100000000012187e+03 1.843686732172500342e-05
3.662000000000012278e+03 1.778577097866218537e-05
3.662900000000012369e+03 1.668402182986028492e-05
3.663800000000012460e+03 1.619109934836160392e-05
3.664700000000012551e+03 1.677068757999222726e-05
3.665600000000012642e+03 1.723234527162276208e-05
3.666500000000012733e+03 1.700378925306722522e-05
3.667400000000012824e+03 1.670055644353851676e-05
3.668300000000012915e+03 1.592155058460775763e-05
3.669200000000013006e+03 1.481584149587433785e-05
3.670100000000013097e+03 1.498561778134899214e-05
3.671000000000013188e+03 1.668077857175376266e-05
3.671900000000013279e+03 1.813185917853843421e-05
3.672800000000013370e+03 1.804685052775312215e-05
3.673700000000013461e+03 1.741489904816262424e-05
3.674600000000013551e+03 1.760153463692404330e-05
3.675500000000013642e+03 1.771231654856819659e-05
3.676400000000013733e+03 1.646721284487284720e-05
3.677300000000013824e+03 1.494268235546769574e-05
3.678200000000013915e+03 1.433907800674205646e-05
3.679100000000014006e+03 1.389149838360026479e-05
3.680000000000014097e+03 1.354358209937345237e-05
3.680900000000014188e+03 1.422104105586186051e-05
3.681800000000014279e+03 1.535750197945162654e-05
3.682700000000014370e+03 1.614268876437563449e-05
3.683600000000014461e+03 1.640394475543871522e-05
3.684500000000014552e+03 1.574472298671025783e-05
3.685400000000014643e+03 1.444693589292000979e-05
3.686300000000014734e+03 1.314424935117131099e-05
3.687200000000014825e+03 1.234386218129657209e-05
3.688100000000014916e+03 1.278635136259254068e-05
3.689000000000015007e+03 1.441440690541639924e-05
3.689900000000015098e+03 1.653011713642627001e-05
3.690800000000015189e+03 1.852217246778309345e-05
3.691700000000015280e+03 1.930001053551677614e-05
3.692600000000015370e+03 1.821093064791057259e-05
3.693500000000015461e+03 1.661172063904814422e-05
3.694400000000015552e+03 1.619033173483330756e-05
3.695300000000015643e+03 1.648272518650628626e-05
3.696200000000015734e+03 1.657995017012581229e-05
3.697100000000015825e+03 1.697514744591899216e-05
3.698000000000015916e+03 1.819285353121813387e-05
3.698900000000016007e+03 1.962845271918922663e-05
3.699800000000016098e+03 2.014220808632671833e-05
3.700700000000016189e+03 1.952655838977079839e-05
3.701600000000016280e+03 1.860183692770078778e-05
3.702500000000016371e+03 1.741387131914962083e-05
3.703400000000016462e+03 1.543198595754802227e-05
3.704300000000016553e+03 1.320365208812290803e-05
3.705200000000016644e+03 1.186323697766056284e-05
3.706100000000016735e+03 1.192166564578656107e-05
3.707000000000016826e+03 1.250510285899508744e-05
3.707900000000016917e+03 1.255194001714698970e-05
3.708800000000017008e+03 1.254835569852730259e-05
3.709700000000017099e+03 1.364450963592389598e-05
3.710600000000017189e+03 1.556054303364362568e-05
3.711500000000017280e+03 1.720761247270274907e-05
3.712400000000017371e+03 1.874546614999417216e-05
3.713300000000017462e+03 2.031457552220672369e-05
3.714200000000017553e+03 2.077814860967919230e-05
3.715100000000017644e+03 1.975082159333396703e-05
3.716000000000017735e+03 1.865313242888078094e-05
3.716900000000017826e+03 1.802115002647042274e-05
3.717800000000017917e+03 1.647875615162774920e-05
3.718700000000018008e+03 1.343265103059820831e-05
3.719600000000018099e+03 1.046533088810974732e-05
3.720500000000018190e+03 9.143827810476068407e-06
3.721400000000018281e+03 9.334949027106631547e-06
3.722300000000018372e+03 1.078804325516102836e-05
3.723200000000018463e+03 1.317872829531552270e-05
3.724100000000018554e+03 1.555337439640425146e-05
3.725000000000018645e+03 1.723551940813194960e-05
3.725900000000018736e+03 1.712608536763582379e-05
3.726800000000018827e+03 1.505400814494350925e-05
3.727700000000018917e+03 1.404144586558686569e-05
3.728600000000019008e+03 1.544108090456575155e-05
3.729500000000019099e+03 1.646326927584595978e-05
3.730400000000019190e+03 1.568890729686245322e-05
3.731300000000019281e+03 1.434743262507254258e-05
3.732200000000019372e+03 1.269395761482883245e-05
3.733100000000019463e+03 1.046238867274951190e-05
3.734000000000019554e+03 8.535145752830430865e-06
3.734900000000019645e+03 7.891407221904955804e-06
3.735800000000019736e+03 8.291451194963883609e-06
3.736700000000019827e+03 9.130541002377867699e-06
3.737600000000019918e+03 1.083072402252582833e-05
3.738500000000020009e+03 1.319218608841765672e-05
3.739400000000020100e+03 1.537306889076717198e-05
3.740300000000020191e+03 1.690843419055454433e-05
3.741200000000020282e+03 1.699873610050417483e-05
3.742100000000020373e+03 1.544252336316276342e-05
3.743000000000020464e+03 1.346539647784084082e-05
3.743900000000020555e+03 1.223874096467625350e-05
3.744800000000020646e+03 1.129493921325774863e-05
3.745700000000020736e+03 1.055616212397580966e-05
3.746600000000020827e+03 1.057090503309154883e-05
3.747500000000020918e+03 1.001329928840277717e-05
3.748400000000021009e+03 8.396473276661708951e-06
3.749300000000021100e+03 7.876133167883381248e-06
3.750200000000021191e+03 9.801193300518207252e-06
3.751100000000021282e+03 1.283163965126732364e-05
3.752000000000021373e+03 1.502433224231936038e-05
3.752900000000021464e+03 1.630694714549463242e-05
3.753800000000021555e+03 1.788076951925177127e-05
3.754700000000021646e+03 1.958996654138900340e-05
3.755600000000021737e+03 1.978462023544125259e-05
3.756500000000021828e+03 1.728183269733563066e-05
3.757400000000021919e+03 1.333902309852419421e-05
3.758300000000022010e+03 1.114488441089633852e-05
3.759200000000022101e+03 1.200698261527577415e-05
3.760100000000022192e+03 1.398986023559700698e-05
3.761000000000022283e+03 1.511864684289321303e-05
3.761900000000022374e+03 1.519916440884117037e-05
3.762800000000022465e+03 1.447651084163226187e-05
3.763700000000022555e+03 1.404897739121224731e-05
3.764600000000022646e+03 1.484771564719267190e-05
3.765500000000022737e+03 1.514907307864632457e-05
3.766400000000022828e+03 1.392949616274563596e-05
3.767300000000022919e+03 1.327646532445214689e-05
3.768200000000023010e+03 1.437236824131105095e-05
3.769100000000023101e+03 1.532732130726799369e-05
3.770000000000023192e+03 1.510773290647193789e-05
3.770900000000023283e+03 1.539527329441625625e-05
3.771800000000023374e+03 1.694385719019919634e-05
3.772700000000023465e+03 1.833930036809761077e-05
3.773600000000023556e+03 1.856441667769104242e-05
3.774500000000023647e+03 1.812109258025884628e-05
3.775400000000023738e+03 1.788988083717413247e-05
3.776300000000023829e+03 1.812068148865364492e-05
3.777200000000023920e+03 1.826129664550535381e-05
3.778100000000024011e+03 1.826466177590191364e-05
3.779000000000024102e+03 1.900127972476184368e-05
3.779900000000024193e+03 2.018973282247316092e-05
3.780800000000024284e+03 2.057367055385839194e-05
3.781700000000024374e+03 2.030145333264954388e-05
3.782600000000024465e+03 2.044319262495264411e-05
3.783500000000024556e+03 2.117983240168541670e-05
3.784400000000024647e+03 2.112517177010886371e-05
3.785300000000024738e+03 1.890927342174109071e-05
3.786200000000024829e+03 1.618304486328270286e-05
3.787100000000024920e+03 1.509019602963235229e-05
3.788000000000025011e+03 1.480020000599324703e-05
3.788900000000025102e+03 1.427017377864103764e-05
3.789800000000025193e+03 1.425451682735001668e-05
3.790700000000025284e+03 1.541910387459211051e-05
3.791600000000025375e+03 1.642503593757282943e-05
3.792500000000025466e+03 1.593467277416493744e-05
3.793400000000025557e+03 1.463242369936779141e-05
3.794300000000025648e+03 1.368498305964749306e-05
3.795200000000025739e+03 1.355243693978991359e-05
3.796100000000025830e+03 1.359329053229885176e-05
3.797000000000025921e+03 1.265032733499538153e-05
3.797900000000026012e+03 1.137131494033383206e-05
3.798800000000026102e+03 1.146657086792401969e-05
3.799700000000026193e+03 1.324350523645989597e-05
3.800600000000026284e+03 1.535821684228722006e-05
3.801500000000026375e+03 1.677841464697849005e-05
3.802400000000026466e+03 1.807209446269553155e-05
3.803300000000026557e+03 1.923074160004034638e-05
3.804200000000026648e+03 1.956069354491773993e-05
3.805100000000026739e+03 1.894258821266703308e-05
3.806000000000026830e+03 1.753483047650661319e-05
3.806900000000026921e+03 1.633828651392832398e-05
3.807800000000027012e+03 1.676754254731349647e-05
3.808700000000027103e+03 1.837857780628837645e-05
3.809600000000027194e+03 1.971563506231177598e-05
3.810500000000027285e+03 2.014723759202752262e-05
3.811400000000027376e+03 1.958408756763674319e-05
3.812300000000027467e+03 1.788376357581000775e-05
3.813200000000027558e+03 1.572119981574360281e-05
3.814100000000027649e+03 1.405137118126731366e-05
3.815000000000027740e+03 1.279867865378037095e-05
3.815900000000027831e+03 1.262384103029035032e-05
3.816800000000027921e+03 1.420269927621120587e-05
3.817700000000028012e+03 1.565716775075998157e-05
3.818600000000028103e+03 1.487134250055532902e-05
3.819500000000028194e+03 1.229646568390307948e-05
3.820400000000028285e+03 1.074788087862543762e-05
3.821300000000028376e+03 1.197824531118385494e-05
3.822200000000028467e+03 1.406512456014752388e-05
3.823100000000028558e+03 1.417411294823978096e-05
3.824000000000028649e+03 1.226318454428110272e-05
3.824900000000028740e+03 1.037311722029699013e-05
3.825800000000028831e+03 9.722879440232645720e-06
3.826700000000028922e+03 9.991524166252929717e-06
3.827600000000029013e+03 1.037992751662386581e-05
3.828500000000029104e+03 1.075180807674769312e-05
3.829400000000029195e+03 1.137395065597957000e-05
3.830300000000029286e+03 1.184389748232206330e-05
3.831200000000029377e+03 1.116369458031840622e-05
3.832100000000029468e+03 9.678887181507889181e-06
3.833000000000029559e+03 8.778717528912238777e-06
3.833900000000029650e+03 8.782209988567046821e-06
3.834800000000029740e+03 9.529007911623921245e-06
3.835700000000029831e+03 1.063283707480877638e-05
3.836600000000029922e+03 1.102310579881304875e-05
3.837500000000030013e+03 1.025912115437677130e-05
3.838400000000030104e+03 9.452193808101583272e-06
3.839300000000030195e+03 9.399368536833208054e-06
3.840200000000030286e+03 9.889941793517209589e-06
3.841100000000030377e+03 1.141046323027694598e-05
3.842000000000030468e+03 1.375862666463945061e-05
3.842900000000030559e+03 1.534772854938637465e-05
3.843800000000030650e+03 1.587365841260179877e-05
3.844700000000030741e+03 1.590217289049178362e-05
3.845600000000030832e+03 1.573857116454746574e-05
3.846500000000030923e+03 1.609234641364309937e-05
3.847400000000031014e+03 1.691608667897526175e-05
3.848300000000031105e+03 1.673550286795943975e-05
3.849200000000031196e+03 1.521836566098500043e-05
3.850100000000031287e+03 1.436139518773416057e-05
3.851000000000031378e+03 1.543908547319006175e-05
3.851900000000031469e+03 1.678368789725936949e-05
3.852800000000031559e+03 1.669823177508078516e-05
3.853700000000031650e+03 1.579263516759965569e-05
3.854600000000031741e+03 1.495631659054197371e-05
3.855500000000031832e+03 1.425318259862251580e-05
3.856400000000031923e+03 1.410275763191748410e-05
3.857300000000032014e+03 1.408418120263377205e-05
3.858200000000032105e+03 1.285229609493399039e-05
3.859100000000032196e+03 1.106883519241819158e-05
3.860000000000032287e+03 1.077093384083127603e-05
3.860900000000032378e+03 1.258774955203989521e-05
3.861800000000032469e+03 1.530146982986479998e-05
3.862700000000032560e+03 1.711820368655025959e-05
3.863600000000032651e+03 1.735909972921945155e-05
3.864500000000032742e+03 1.664756382524501532e-05
3.865400000000032833e+03 1.591267209732905030e-05
3.866300000000032924e+03 1.576452086737845093e-05
3.867200000000033015e+03 1.588963095855433494e-05
3.868100000000033106e+03 1.581072137923911214e-05
3.869000000000033197e+03 1.528398570371791720e-05
3.869900000000033288e+03 1.417664316250011325e-05
3.870800000000033378e+03 1.284004520130110905e-05
3.871700000000033469e+03 1.195639651996316388e-05
3.872600000000033560e+03 1.231191708939149976e-05
3.873500000000033651e+03 1.423921457899268717e-05
3.874400000000033742e+03 1.659471490711439401e-05
3.875300000000033833e+03 1.770072049112059176e-05
3.876200000000033924e+03 1.705501199467107654e-05
3.877100000000034015e+03 1.500924099673284218e-05
3.878000000000034106e+03 1.310304287471808493e-05
3.878900000000034197e+03 1.343140502285677940e-05
3.879800000000034288e+03 1.498742312833201140e-05
3.880700000000034379e+03 1.507276647316757590e-05
3.881600000000034470e+03 1.372387669107411057e-05
3.882500000000034561e+03 1.343059557257220149e-05
3.883400000000034652e+03 1.515120129624847323e-05
3.884300000000034743e+03 1.618217174836900085e-05
3.885200000000034834e+03 1.453988897992530838e-05
3.886100000000034925e+03 1.233825332747073844e-05
3.887000000000035016e+03 1.181553943752078339e-05
3.887900000000035106e+03 1.210292703035520390e-05
3.888800000000035197e+03 1.239028097188565880e-05
3.889700000000035288e+03 1.372481074213283136e-05
3.890600000000035379e+03 1.601500116521492600e-05
3.891500000000035470e+03 1.796199831005651504e-05
3.892400000000035561e+03 1.879096998891327530e-05
3.893300000000035652e+03 1.864924706751480699e-05
3.894200000000035743e+03 1.797562072169966996e-05
3.895100000000035834e+03 1.725321635603904724e-05
3.896000000000035925e+03 1.769832852005492896e-05
3.896900000000036016e+03 1.886860991362482309e-05
3.897800000000036107e+03 1.888929728011135012e-05
3.898700000000036198e+03 1.795006210159044713e-05
3.899600000000036289e+03 1.758764847181737423e-05
3.900500000000036380e+03 1.861373675637878478e-05
3.901400000000036471e+03 1.951476770045701414e-05
3.902300000000036562e+03 1.861426426330581307e-05
3.903200000000036653e+03 1.743540633469820023e-05
3.904100000000036744e+03 1.699614040262531489e-05
3.905000000000036835e+03 1.610884828551206738e-05
3.905900000000036925e+03 1.562168290547560900e-05
3.906800000000037016e+03 1.703494490357115865e-05
3.907700000000037107e+03 1.922076990013010800e-05
3.908600000000037198e+03 2.056124685623217374e-05
3.909500000000037289e+03 2.082075661746785045e-05
3.910400000000037380e+03 2.086230415443424135e-05
3.911300000000037471e+03 2.140900869562756270e-05
3.912200000000037562e+03 2.181985837523825467e-05
3.913100000000037653e+03 2.147267150576226413e-05
3.914000000000037744e+03 2.108518492605071515e-05
3.914900000000037835e+03 2.093652437906712294e-05
3.915800000000037926e+03 2.036432852037250996e-05
3.916700000000038017e+03 1.977126885321922600e-05
3.917600000000038108e+03 1.949052420968655497e-05
3.918500000000038199e+03 1.882334800029639155e-05
3.919400000000038290e+03 1.749072544043883681e-05
3.920300000000038381e+03 1.598002017999533564e-05
3.921200000000038472e+03 1.536923628009390086e-05
3.922100000000038563e+03 1.579256604600232095e-05
3.923000000000038654e+03 1.657557550061028451e-05
3.923900000000038744e+03 1.722455817798618227e-05
3.924800000000038835e+03 1.688005431788042188e-05
3.925700000000038926e+03 1.562854413350578398e-05
3.926600000000039017e+03 1.413990048604318872e-05
3.927500000000039108e+03 1.227481880050618201e-05
3.928400000000039199e+03 1.037550828186795115e-05
3.929300000000039290e+03 8.927551789383869618e-06
3.930200000000039381e+03 7.678295332880225033e-06
3.931100000000039472e+03 6.503716576844453812e-06
3.932000000000039563e+03 5.463490651891333982e-06
3.932900000000039654e+03 4.710939265351044014e-06
3.933800000000039745e+03 4.505028300627600402e-06
3.934700000000039836e+03 4.939643531542969868e-06
3.935600000000039927e+03 5.999029326630989090e-06
3.936500000000040018e+03 7.510479463235242292e-06
3.937400000000040109e+03 9.225534995493944734e-06
3.938300000000040200e+03 1.114095994125818834e-05
3.939200000000040291e+03 1.303535373153863475e-05
3.940100000000040382e+03 1.422310560883488506e-05
3.941000000000040473e+03 1.464441174903186038e-05
3.941900000000040563e+03 1.475505087000783533e-05
3.942800000000040654e+03 1.433522538718534634e-05
3.943700000000040745e+03 1.370670361211523414e-05
3.944600000000040836e+03 1.464865272282622755e-05
3.945500000000040927e+03 1.730404073896352202e-05
3.946400000000041018e+03 1.910797618620563298e-05
3.947300000000041109e+03 1.880493800854310393e-05
3.948200000000041200e+03 1.822621379687916487e-05
3.949100000000041291e+03 1.913562118716072291e-05
3.950000000000041382e+03 2.088658402499277145e-05
3.950900000000041473e+03 2.157872586394660175e-05
3.951800000000041564e+03 2.048194437520578504e-05
3.952700000000041655e+03 1.946146585396490991e-05
3.953600000000041746e+03 2.050750845228321850e-05
3.954500000000041837e+03 2.182218304369598627e-05
3.955400000000041928e+03 2.095930722134653479e-05
3.956300000000042019e+03 1.928087294800207019e-05
3.957200000000042110e+03 1.909382262965664268e-05
3.958100000000042201e+03 2.018088162003550678e-05
3.959000000000042292e+03 2.086926360789220780e-05
3.959900000000042382e+03 1.951368176378309727e-05
3.960800000000042473e+03 1.614216125744860619e-05
3.961700000000042564e+03 1.322771822742652148e-05
3.962600000000042655e+03 1.240273104485822842e-05
3.963500000000042746e+03 1.245993371412623674e-05
3.964400000000042837e+03 1.179097762360470369e-05
3.965300000000042928e+03 1.011027143249521032e-05
3.966200000000043019e+03 7.981231647136155516e-06
3.967100000000043110e+03 6.131867394287837669e-06
3.968000000000043201e+03 5.038506515120388940e-06
3.968900000000043292e+03 4.953711140842642635e-06
3.969800000000043383e+03 5.932980457146186382e-06
3.970700000000043474e+03 7.657607056898996234e-06
3.971600000000043565e+03 9.548811249260324985e-06
3.972500000000043656e+03 1.118482487072469667e-05
3.973400000000043747e+03 1.260354747500969097e-05
3.974300000000043838e+03 1.426168273610528558e-05
3.975200000000043929e+03 1.603473538125399500e-05
3.976100000000044020e+03 1.731461270537693053e-05
3.977000000000044110e+03 1.844996950239874423e-05
3.977900000000044201e+03 1.996720129682216793e-05
3.978800000000044292e+03 2.164132638426963240e-05
3.979700000000044383e+03 2.299334119015838951e-05
3.980600000000044474e+03 2.330439383513294160e-05
3.981500000000044565e+03 2.256706648040562868e-05
3.982400000000044656e+03 2.191167004639282823e-05
3.983300000000044747e+03 2.182249409088399261e-05
3.984200000000044838e+03 2.217636938439682126e-05
3.985100000000044929e+03 2.278824649692978710e-05
3.986000000000045020e+03 2.303042674611788243e-05
3.986900000000045111e+03 2.345390203117858618e-05
3.987800000000045202e+03 2.472466985636856407e-05
3.988700000000045293e+03 2.516188760637305677e-05
3.989600000000045384e+03 2.425759885227307677e-05
3.990500000000045475e+03 2.399605182290542871e-05
3.991400000000045566e+03 2.479634531482588500e-05
3.992300000000045657e+03 2.560852954047732055e-05
3.993200000000045748e+03 2.578786006779409945e-05
3.994100000000045839e+03 2.527863398427143693e-05
3.995000000000045929e+03 2.458386006765067577e-05
3.995900000000046020e+03 2.381266494921874255e-05
3.996800000000046111e+03 2.283443609485402703e-05
3.997700000000046202e+03 2.256223160657100379e-05
3.998600000000046293e+03 2.409857552265748382e-05
3.999500000000046384e+03 2.632765790622215718e-05
4.000400000000046475e+03 2.711029628699179739e-05
4.001300000000046566e+03 2.695013245102018118e-05
4.002200000000046657e+03 2.751089778030291200e-05
4.003100000000046748e+03 2.793342719087377191e-05
4.004000000000046839e+03 2.599136496428400278e-05
4.004900000000046930e+03 2.234209387097507715e-05
4.005800000000047021e+03 2.074222356895916164e-05
4.006700000000047112e+03 2.244869028800167143e-05
4.007600000000047203e+03 2.505257725715637207e-05
4.008500000000047294e+03 2.642720392032060772e-05
4.009400000000047385e+03 2.659787969605531543e-05
4.010300000000047476e+03 2.661004691617563367e-05
4.011200000000047567e+03 2.675303585419896990e-05
4.012100000000047658e+03 2.693401984288357198e-05
4.013000000000047748e+03 2.713702815526630729e-05
4.013900000000047839e+03 2.725668491621036083e-05
4.014800000000047930e+03 2.776740257104393095e-05
4.015700000000048021e+03 2.819135079334955662e-05
4.016600000000048112e+03 2.733509245445020497e-05
4.017500000000048203e+03 2.639804733917117119e-05
4.018400000000048294e+03 2.728924482653383166e-05
4.019300000000048385e+03 2.868381670850794762e-05
4.020200000000048476e+03 2.860901986423414201e-05
4.021100000000048567e+03 2.781418334052432328e-05
4.022000000000048658e+03 2.756673711701296270e-05
4.022900000000048749e+03 2.753062653937377036e-05
4.023800000000048840e+03 2.685508115973789245e-05
4.024700000000048931e+03 2.625717752380296588e-05
4.025600000000049022e+03 2.699531796679366380e-05
4.026500000000049113e+03 2.841834793798625469e-05
4.027400000000049204e+03 2.951280112029053271e-05
4.028300000000049295e+03 2.985323590110056102e-05
4.029200000000049386e+03 2.825674710038583726e-05
4.030100000000049477e+03 2.476261761330533773e-05
4.031000000000049567e+03 2.220961687271483243e-05
4.031900000000049658e+03 2.165021942346356809e-05
4.032800000000049749e+03 2.154885260097216815e-05
4.033700000000049840e+03 2.182509160775225610e-05
4.034600000000049931e+03 2.298298932146281004e-05
4.035500000000050022e+03 2.501241760910488665e-05
4.036400000000050113e+03 2.765105637081433088e-05
4.037300000000050204e+03 2.978050724777858704e-05
4.038200000000050295e+03 3.039008879568427801e-05
4.039100000000050386e+03 2.951854730781633407e-05
4.040000000000050477e+03 2.802100789267569780e-05
4.040900000000050568e+03 2.733397195697762072e-05
4.041800000000050659e+03 2.821220732585061342e-05
4.042700000000050750e+03 2.863807821995578706e-05
4.043600000000050841e+03 2.603798748168628663e-05
4.044500000000050932e+03 2.111716275976505131e-05
4.045400000000051023e+03 1.750470983097329736e-05
4.046300000000051114e+03 1.863464058260433376e-05
4.047200000000051205e+03 2.324363958905451000e-05
4.048100000000051296e+03 2.677639531611930579e-05
4.049000000000051386e+03 2.807346754707396030e-05
4.049900000000051477e+03 2.888929338951129466e-05
4.050800000000051568e+03 2.927352579717990011e-05
4.051700000000051659e+03 2.846468669304158539e-05
4.052600000000051750e+03 2.727980427152942866e-05
4.053500000000051841e+03 2.638778460095636547e-05
4.054400000000051932e+03 2.543276059441268444e-05
4.055300000000052023e+03 2.500432310625910759e-05
4.056200000000052114e+03 2.501007838873192668e-05
4.057100000000052205e+03 2.402861900918651372e-05
4.058000000000052296e+03 2.306519490957725793e-05
4.058900000000052387e+03 2.410263732599560171e-05
4.059800000000052478e+03 2.645055428729392588e-05
4.060700000000052569e+03 2.772178595478180796e-05
4.061600000000052660e+03 2.626616878842469305e-05
4.062500000000052751e+03 2.250945908599533141e-05
4.063400000000052842e+03 1.957641507033258677e-05
4.064300000000052933e+03 2.061375926132313907e-05
4.065200000000053024e+03 2.374703944951761514e-05
4.066100000000053114e+03 2.488097379682585597e-05
4.067000000000053205e+03 2.456269430695101619e-05
4.067900000000053296e+03 2.577056875452399254e-05
4.068800000000053387e+03 2.811479134834371507e-05
4.069700000000053478e+03 2.845510061888489872e-05
4.070600000000053569e+03 2.546859286667313427e-05
4.071500000000053660e+03 2.236472028016578406e-05
4.072400000000053751e+03 2.321545616723597050e-05
4.073300000000053842e+03 2.652426337590441108e-05
4.074200000000053933e+03 2.797183333314023912e-05
4.075100000000054024e+03 2.657514778547920287e-05
4.076000000000054115e+03 2.366433909628540277e-05
4.076900000000054206e+03 2.114411290676798671e-05
4.077800000000054297e+03 2.098502409353386611e-05
4.078700000000054388e+03 2.315686288056895137e-05
4.079600000000054479e+03 2.610687806736677885e-05
4.080500000000054570e+03 2.881259206333197653e-05
4.081400000000054661e+03 3.008589192177169025e-05
4.082300000000054752e+03 2.914559991040732712e-05
4.083200000000054843e+03 2.731557469815015793e-05
4.084100000000054933e+03 2.622709871502593160e-05
4.085000000000055024e+03 2.614209370221942663e-05
4.085900000000055115e+03 2.702286474232096225e-05
4.086800000000055206e+03 2.880675856431480497e-05
4.087700000000055297e+03 3.067761645070277154e-05
4.088600000000055388e+03 3.147328970953822136e-05
4.089500000000055479e+03 3.094939529546536505e-05
4.090400000000055570e+03 2.991549808939453214e-05
4.091300000000055661e+03 2.891835174523293972e-05
4.092200000000055752e+03 2.821587804646696895e-05
4.093100000000055843e+03 2.860476161004044116e-05
4.094000000000055934e+03 2.896531987062189728e-05
4.094900000000056025e+03 2.741172829701099545e-05
4.095800000000056116e+03 2.521255191823001951e-05
4.096700000000056207e+03 2.431017310300376266e-05
4.097600000000056752e+03 2.447818951623048633e-05
4.098500000000056389e+03 2.462121119606308639e-05
4.099400000000056025e+03 2.373972529312595725e-05
4.100300000000056571e+03 2.118471638823393732e-05
4.101200000000057116e+03 1.863443867478054017e-05
4.102100000000056752e+03 1.878968942037317902e-05
4.103000000000056389e+03 2.121914621966425329e-05
4.103900000000056934e+03 2.349134774703998119e-05
4.104800000000057480e+03 2.516881068004295230e-05
4.105700000000057116e+03 2.680840043467469513e-05
4.106600000000056752e+03 2.782204501272644848e-05
4.107500000000057298e+03 2.785267679428216070e-05
4.108400000000057844e+03 2.734526424319483340e-05
4.109300000000057480e+03 2.662187216628808528e-05
4.110200000000057116e+03 2.602722997835371643e-05
4.111100000000057662e+03 2.588285497040487826e-05
4.112000000000058208e+03 2.630797644087579101e-05
4.112900000000057844e+03 2.740956188063137233e-05
4.113800000000057480e+03 2.851118188118562102e-05
4.114700000000058026e+03 2.902058804465923458e-05
4.115600000000058571e+03 2.943046456493902951e-05
4.116500000000058208e+03 2.967925138364080340e-05
4.117400000000057844e+03 2.874805431929416955e-05
4.118300000000058390e+03 2.673050767043605447e-05
4.119200000000058935e+03 2.586405753390863538e-05
4.120100000000058571e+03 2.686615334823727608e-05
4.121000000000058208e+03 2.763595330179668963e-05
4.121900000000058753e+03 2.727078572206664830e-05
4.122800000000059299e+03 2.685061917873099446e-05
4.123700000000058935e+03 2.741289972618687898e-05
4.124600000000058571e+03 2.856893479474820197e-05
4.125500000000059117e+03 2.875706377380993217e-05
4.126400000000059663e+03 2.784992284432519227e-05
4.127300000000059299e+03 2.685109211597591639e-05
4.128200000000058935e+03 2.644863707246258855e-05
4.129100000000059481e+03 2.662453334778547287e-05
4.130000000000060027e+03 2.663510167622007430e-05
4.130900000000059663e+03 2.563556517998222262e-05
4.131800000000059299e+03 2.371768096054438502e-05
4.132700000000059845e+03 2.280400622112210840e-05
4.133600000000060390e+03 2.339628917980007827e-05
4.134500000000060027e+03 2.482924719515722245e-05
4.135400000000059663e+03 2.713855428737588227e-05
4.136300000000060209e+03 2.863758163584861904e-05
4.137200000000060754e+03 2.861352913896553218e-05
4.138100000000060390e+03 2.881578802771400660e-05
4.139000000000060027e+03 2.943305844382848591e-05
4.139900000000060572e+03 2.966479951282963157e-05
4.140800000000061118e+03 2.911976480390876532e-05
4.141700000000060754e+03 2.685272193048149347e-05
4.142600000000060390e+03 2.318819133506622165e-05
4.143500000000060936e+03 2.106346983055118471e-05
4.144400000000061482e+03 2.252484591735992581e-05
4.145300000000061118e+03 2.558784763095900416e-05
4.146200000000060754e+03 2.737273462116718292e-05
4.147100000000061300e+03 2.777555710054002702e-05
4.148000000000061846e+03 2.755521381914149970e-05
4.148900000000061482e+03 2.668534034455660731e-05
4.149800000000061118e+03 2.583264722488820553e-05
4.150700000000061664e+03 2.585630500107072294e-05
4.151600000000062209e+03 2.608004433568567038e-05
4.152500000000061846e+03 2.596101876406464726e-05
4.153400000000061482e+03 2.542161564633715898e-05
4.154300000000062028e+03 2.477703128533903509e-05
4.155200000000062573e+03 2.474648499628528953e-05
4.156100000000062209e+03 2.473150925652589649e-05
4.157000000000061846e+03 2.492393105057999492e-05
4.157900000000062391e+03 2.614153709146194160e-05
4.158800000000062937e+03 2.755991954472847283e-05
4.159700000000062573e+03 2.816478445311076939e-05
4.160600000000062209e+03 2.803010647767223418e-05
4.161500000000062755e+03 2.844119080691598356e-05
4.162400000000063301e+03 2.968518856505397707e-05
4.163300000000062937e+03 3.002251833095215261e-05
4.164200000000062573e+03 2.916307676059659570e-05
4.165100000000063119e+03 2.838332147803157568e-05
4.166000000000063665e+03 2.754616616584826261e-05
4.166900000000063301e+03 2.616846722958143800e-05
4.167800000000062937e+03 2.578499879746232182e-05
4.168700000000063483e+03 2.715349910431541502e-05
4.169600000000064028e+03 2.833029611792881042e-05
4.170500000000063665e+03 2.779092392302118242e-05
4.171400000000063301e+03 2.544747439969796687e-05
4.172300000000063847e+03 2.281799970660358667e-05
4.173200000000064392e+03 2.215382301073987037e-05
4.174100000000064028e+03 2.343223241041414440e-05
4.175000000000063665e+03 2.487194433342665434e-05
4.175900000000064210e+03 2.547552321630064398e-05
4.176800000000064756e+03 2.512693208700511605e-05
4.177700000000064392e+03 2.466477781126741320e-05
4.178600000000064028e+03 2.527678589103743434e-05
4.179500000000064574e+03 2.650985879881773144e-05
4.180400000000065120e+03 2.679883800738025457e-05
4.181300000000064756e+03 2.581168337201233953e-05
4.182200000000064392e+03 2.506191049178596586e-05
4.183100000000064938e+03 2.556777326390147209e-05
4.184000000000065484e+03 2.696416777325794101e-05
4.184900000000065120e+03 2.844838854798581451e-05
4.185800000000064756e+03 2.812472121149767190e-05
4.186700000000065302e+03 2.555626997491344810e-05
4.187600000000065847e+03 2.395523188170045614e-05
4.188500000000065484e+03 2.531764039304107428e-05
4.189400000000065120e+03 2.740787203947547823e-05
4.190300000000065666e+03 2.776197834464255720e-05
4.191200000000066211e+03 2.706472514546476305e-05
4.192100000000065847e+03 2.776909786916803569e-05
4.193000000000065484e+03 2.957114156743045896e-05
4.193900000000066029e+03 2.967574619106017053e-05
4.194800000000066575e+03 2.760404640866909176e-05
4.195700000000066211e+03 2.543334449001122266e-05
4.196600000000065847e+03 2.441344622639007866e-05
4.197500000000066393e+03 2.366786429774947464e-05
4.198400000000066939e+03 2.302392385900020599e-05
4.199300000000066575e+03 2.374757605139166117e-05
4.200200000000066211e+03 2.481678893673233688e-05
4.201100000000066757e+03 2.437105649732984602e-05
4.202000000000067303e+03 2.367932756897062063e-05
4.202900000000066939e+03 2.465146098984405398e-05
4.203800000000066575e+03 2.617358768475241959e-05
4.204700000000067121e+03 2.703459358599502593e-05
4.205600000000067666e+03 2.783824675134383142e-05
4.206500000000067303e+03 2.874026904464699328e-05
4.207400000000066939e+03 2.950860834971535951e-05
4.208300000000067485e+03 2.974619383167009801e-05
4.209200000000068030e+03 2.891417534556239843e-05
4.210100000000067666e+03 2.798869536491110921e-05
4.211000000000067303e+03 2.837397914845496416e-05
4.211900000000067848e+03 2.947525899799074978e-05
4.212800000000068394e+03 2.969112938444595784e-05
4.213700000000068030e+03 2.842600406438577920e-05
4.214600000000067666e+03 2.595656951598357409e-05
4.215500000000068212e+03 2.407128340564668179e-05
4.216400000000068758e+03 2.531382233428303152e-05
4.217300000000068394e+03 2.846216739271767437e-05
4.218200000000068030e+03 3.038602881133556366e-05
4.219100000000068576e+03 3.080311580561101437e-05
4.220000000000069122e+03 3.116092921118251979e-05
4.220900000000068758e+03 3.153420402668416500e-05
4.221800000000068394e+03 3.066434874199330807e-05
4.222700000000068940e+03 2.861398752429522574e-05
4.223600000000069485e+03 2.625601155159529299e-05
4.224500000000069122e+03 2.341662730032112449e-05
4.225400000000068758e+03 1.954188701347447932e-05
4.226300000000069303e+03 1.597885420778766274e-05
4.227200000000069849e+03 1.642909410293214023e-05
4.228100000000069485e+03 2.147359555237926543e-05
4.229000000000069122e+03 2.655085518199484795e-05
4.229900000000069667e+03 2.916743505920749158e-05
4.230800000000070213e+03 3.047429163416381925e-05
4.231700000000069849e+03 3.025959085789509118e-05
4.232600000000069485e+03 2.831419988069683313e-05
4.233500000000070031e+03 2.701221092138439417e-05
4.234400000000070577e+03 2.712040623009670526e-05
4.235300000000070213e+03 2.638498517626430839e-05
4.236200000000069849e+03 2.531544851080980152e-05
4.237100000000070395e+03 2.587382368801627308e-05
4.238000000000070941e+03 2.681833575479686260e-05
4.238900000000070577e+03 2.687221967789810151e-05
4.239800000000070213e+03 2.717153256526216865e-05
4.240700000000070759e+03 2.868238516384735703e-05
4.241600000000071304e+03 2.990464781760238111e-05
4.242500000000070941e+03 2.978226257255300879e-05
4.243400000000070577e+03 3.033293978660367429e-05
4.244300000000071122e+03 3.209752321708947420e-05
4.245200000000071668e+03 3.260728044551797211e-05
4.246100000000071304e+03 3.100372123299166560e-05
4.247000000000070941e+03 2.878094528568908572e-05
4.247900000000071486e+03 2.740240051934961230e-05
4.248800000000072032e+03 2.653008777997456491e-05
4.249700000000071668e+03 2.504641088307835162e-05
4.250600000000071304e+03 2.449203748255968094e-05
4.251500000000071850e+03 2.656879951246082783e-05
4.252400000000072396e+03 2.867237526515964419e-05
4.253300000000072032e+03 2.787037738016806543e-05
4.254200000000071668e+03 2.555732498876750469e-05
4.255100000000072214e+03 2.530316305637825280e-05
4.256000000000072760e+03 2.789047721307724714e-05
4.256900000000072396e+03 3.048482903977856040e-05
4.257800000000072032e+03 3.010371074196882546e-05
4.258700000000072578e+03 2.727864921325817704e-05
4.259600000000073123e+03 2.426723949611186981e-05
4.260500000000072760e+03 2.277815838169772178e-05
4.261400000000072396e+03 2.450278952892404050e-05
4.262300000000072941e+03 2.843400216079317033e-05
4.263200000000073487e+03 3.141793422400951385e-05
4.264100000000073123e+03 3.232672679587267339e-05
4.265000000000072760e+03 3.259857476223260164e-05
4.265900000000073305e+03 3.278713120380416512e-05
4.266800000000073851e+03 3.173219738528132439e-05
4.267700000000073487e+03 2.982286241604015231e-05
4.268600000000073123e+03 2.849769953172653913e-05
4.269500000000073669e+03 2.708642750803846866e-05
4.270400000000074215e+03 2.409421176707837731e-05
4.271300000000073851e+03 2.080766535073053092e-05
4.272200000000073487e+03 2.057854544545989484e-05
4.273100000000074033e+03 2.267620766360778362e-05
4.274000000000074579e+03 2.340255923627410084e-05
4.274900000000074215e+03 2.356220466026570648e-05
4.275800000000073851e+03 2.580079490144271404e-05
4.276700000000074397e+03 2.903232598328031600e-05
4.277600000000074942e+03 3.120265319012105465e-05
4.278500000000074579e+03 3.153113721054978669e-05
4.279400000000074215e+03 2.968217995658051223e-05
4.280300000000074760e+03 2.757693255261983722e-05
4.281200000000075306e+03 2.744414450717158616e-05
4.282100000000074942e+03 2.820635927491821349e-05
4.283000000000074579e+03 2.885131289076525718e-05
4.283900000000075124e+03 2.916050652856938541e-05
4.284800000000075670e+03 2.814392792060971260e-05
4.285700000000075306e+03 2.685126673895865679e-05
4.286600000000074942e+03 2.690798464755062014e-05
4.287500000000075488e+03 2.727533137658610940e-05
4.288400000000076034e+03 2.575854159658774734e-05
4.289300000000075670e+03 2.284170113853178918e-05
4.290200000000075306e+03 2.164381839975249022e-05
4.291100000000075852e+03 2.338612830499187112e-05
4.292000000000076398e+03 2.643871630425564945e-05
4.292900000000076034e+03 2.839993612724356353e-05
4.293800000000075670e+03 2.788134406728204340e-05
4.294700000000076216e+03 2.685834442672785372e-05
4.295600000000076761e+03 2.693378155527170748e-05
4.296500000000076398e+03 2.656230753927957267e-05
4.297400000000076034e+03 2.496317574696149677e-05
4.298300000000076579e+03 2.231629878224339336e-05
4.299200000000077125e+03 1.930875623656902462e-05
4.300100000000076761e+03 1.830425753723829985e-05
4.301000000000076398e+03 1.959942892426624894e-05
4.301900000000076943e+03 2.059594044112600386e-05
4.302800000000077489e+03 2.070408663712441921e-05
4.303700000000077125e+03 2.131904875568579882e-05
4.304600000000076761e+03 2.179234252253081650e-05
4.305500000000077307e+03 2.126807703461963683e-05
4.306400000000077853e+03 2.014858182519674301e-05
4.307300000000077489e+03 1.831098416005261242e-05
4.308200000000077125e+03 1.686240102571900934e-05
4.309100000000077671e+03 1.745378540363162756e-05
4.310000000000078217e+03 1.940782567544374615e-05
4.310900000000077853e+03 2.140718788723461330e-05
4.311800000000077489e+03 2.311660682607907802e-05
4.312700000000078035e+03 2.476535337336827070e-05
4.313600000000078580e+03 2.609894909255672246e-05
4.314500000000078217e+03 2.752838008746039122e-05
4.315400000000077853e+03 3.088972880505025387e-05
4.316300000000078398e+03 3.496859426377341151e-05
4.317200000000078944e+03 3.658124478533864021e-05
4.318100000000078580e+03 3.593321525841020048e-05
4.319000000000078217e+03 3.494047268759459257e-05
4.319900000000078762e+03 3.396990359760820866e-05
4.320800000000079308e+03 3.286868377472274005e-05
4.321700000000078944e+03 3.218273923266679049e-05
4.322600000000078580e+03 3.047868449357338250e-05
4.323500000000079126e+03 2.667921398824546486e-05
4.324400000000079672e+03 2.252616104669868946e-05
4.325300000000079308e+03 1.996673199755605310e-05
4.326200000000078944e+03 2.122832484019454569e-05
4.327100000000079490e+03 2.637383295223116875e-05
4.328000000000080036e+03 3.175935489707626402e-05
4.328900000000079672e+03 3.420661232667043805e-05
4.329800000000079308e+03 3.356115848873741925e-05
4.330700000000079854e+03 3.234510950278490782e-05
4.331600000000080399e+03 3.254935654695145786e-05
4.332500000000080036e+03 3.336429290357045829e-05
4.333400000000079672e+03 3.384622687008231878e-05
4.334300000000080217e+03 3.446695700404234231e-05
4.335200000000080763e+03 3.491245661280117929e-05
4.336100000000080399e+03 3.313063280074857175e-05
4.337000000000080036e+03 2.876561666198540479e-05
4.337900000000080581e+03 2.495689841452986002e-05
4.338800000000081127e+03 2.289433177793398499e-05
4.339700000000080763e+03 2.103425140376202762e-05
4.340600000000080399e+03 2.069163565465714782e-05
4.341500000000080945e+03 2.375496296735946089e-05
4.342400000000081491e+03 2.749742088781204075e-05
4.343300000000081127e+03 2.880218016798608005e-05
4.344200000000080763e+03 2.934737312898505479e-05
4.345100000000081309e+03 3.105291034444235265e-05
4.346000000000081855e+03 3.216793265892192721e-05
4.346900000000081491e+03 3.202318475814536214e-05
4.347800000000081127e+03 3.273583934060297906e-05
4.348700000000081673e+03 3.473027391009964049e-05
4.349600000000082218e+03 3.512699186103418469e-05
4.350500000000081855e+03 3.159763582516461611e-05
4.351400000000081491e+03 2.672994014574214816e-05
4.352300000000082036e+03 2.538981607358437032e-05
4.353200000000082582e+03 2.792170744214672595e-05
4.354100000000082218e+03 3.038262184418272227e-05
4.355000000000081855e+03 3.125338116660714149e-05
4.355900000000082400e+03 3.225806722184643149e-05
4.356800000000082946e+03 3.360821574460715055e-05
4.357700000000082582e+03 3.336588270030915737e-05
4.358600000000082218e+03 3.137130624963901937e-05
4.359500000000082764e+03 3.043594551854766905e-05
4.360400000000083310e+03 3.209745773347094655e-05
4.361300000000082946e+03 3.439664942561648786e-05
4.362200000000082582e+03 3.494567863526754081e-05
4.363100000000083128e+03 3.450476287980563939e-05
4.364000000000083674e+03 3.533474227879196405e-05
4.364900000000083310e+03 3.678688517538830638e-05
4.365800000000082946e+03 3.632047446444630623e-05
4.366700000000083492e+03 3.372975334059447050e-05
4.367600000000084037e+03 3.149868643959052861e-05
4.368500000000083674e+03 3.138946340186521411e-05
4.369400000000083310e+03 3.214222306269221008e-05
4.370300000000083855e+03 3.236440534237772226e-05
4.371200000000084401e+03 3.259159711888059974e-05
4.372100000000084037e+03 3.271279274486005306e-05
4.373000000000083674e+03 3.143641879432834685e-05
4.373900000000084219e+03 2.887707887566648424e-05
4.374800000000084765e+03 2.704638791328761727e-05
4.375700000000084401e+03 2.772736479528248310e-05
4.376600000000084037e+03 3.057589128729887307e-05
4.377500000000084583e+03 3.325436409795656800e-05
4.378400000000085129e+03 3.408869088161736727e-05
4.379300000000084765e+03 3.331050538690760732e-05
4.380200000000084401e+03 3.221220686100423336e-05
4.381100000000084947e+03 3.103212657151743770e-05
4.382000000000085493e+03 2.771650724753271788e-05
4.382900000000085129e+03 2.192169449699576944e-05
4.383800000000084765e+03 1.817045267671346664e-05
4.384700000000085311e+03 2.003392000915482640e-05
4.385600000000085856e+03 2.540980312915053219e-05
4.386500000000085493e+03 2.954234332719352096e-05
4.387400000000085129e+03 3.038832983293104917e-05
4.388300000000085674e+03 2.981245597766246647e-05
4.389200000000086220e+03 2.924945874838158488e-05
4.390100000000085856e+03 2.883235902118030936e-05
4.391000000000085493e+03 2.920157021435443312e-05
4.391900000000086038e+03 3.047605423489585519e-05
4.392800000000086584e+03 3.138779720757156610e-05
4.393700000000086220e+03 3.086221477133221924e-05
4.394600000000085856e+03 2.977945769089274108e-05
4.395500000000086402e+03 3.036839370906818658e-05
4.396400000000086948e+03 3.312651460873894393e-05
4.397300000000086584e+03 3.533279232215136290e-05
4.398200000000086220e+03 3.512653711368329823e-05
4.399100000000086766e+03 3.309693056507967412e-05
4.400000000000087311e+03 3.052524698432534933e-05
4.400900000000086948e+03 2.976118776132352650e-05
4.401800000000086584e+03 3.170720083289779723e-05
4.402700000000087130e+03 3.246837150072678924e-05
4.403600000000087675e+03 2.883213528548367321e-05
4.404500000000087311e+03 2.447680890327319503e-05
4.405400000000086948e+03 2.464829594828188419e-05
4.406300000000087493e+03 2.781742296065203846e-05
4.407200000000088039e+03 2.912442687375005335e-05
4.408100000000087675e+03 2.873663288482930511e-05
4.409000000000087311e+03 3.000932520080823451e-05
4.409900000000087857e+03 3.292514520580880344e-05
4.410800000000088403e+03 3.506729990476742387e-05
4.411700000000088039e+03 3.607573307817801833e-05
4.412600000000087675e+03 3.638317866716533899e-05
4.413500000000088221e+03 3.455211481195874512e-05
4.414400000000088767e+03 3.033601933566387743e-05
4.415300000000088403e+03 2.770530045381747186e-05
4.416200000000088039e+03 2.904011853388510644e-05
4.417100000000088585e+03 3.164231384289450943e-05
4.418000000000089130e+03 3.372595165274105966e-05
4.418900000000088767e+03 3.567982639651745558e-05
4.419800000000088403e+03 3.676343112601898611e-05
4.420700000000088949e+03 3.588820618460886180e-05
4.421600000000089494e+03 3.337506132083944976e-05
4.422500000000089130e+03 3.134469807264395058e-05
4.423400000000088767e+03 3.158512845402583480e-05
4.424300000000089312e+03 3.288551670266315341e-05
4.425200000000089858e+03 3.323943747091107070e-05
4.426100000000089494e+03 3.295697024441324174e-05
4.427000000000089130e+03 3.313790512038394809e-05
4.427900000000089676e+03 3.411016223253682256e-05
4.428800000000090222e+03 3.449614087003283203e-05
4.429700000000089858e+03 3.290496897534467280e-05
4.430600000000089494e+03 3.170309355482459068e-05
4.431500000000090040e+03 3.287781873950734735e-05
4.432400000000090586e+03 3.388898767298087478e-05
4.433300000000090222e+03 3.255418050684966147e-05
4.434200000000089858e+03 2.990362008858937770e-05
4.435100000000090404e+03 2.824979492288548499e-05
4.436000000000090949e+03 2.941122693300712854e-05
4.436900000000090586e+03 3.264355837018229067e-05
4.437800000000090222e+03 3.562113852240145206e-05
4.438700000000090768e+03 3.728500450961291790e-05
4.439600000000091313e+03 3.707799260155297816e-05
4.440500000000090949e+03 3.491880488581955433e-05
4.441400000000090586e+03 3.212132651242427528e-05
4.442300000000091131e+03 3.019977884832769632e-05
4.443200000000091677e+03 3.019427640538197011e-05
4.444100000000091313e+03 3.238607678213156760e-05
4.445000000000090949e+03 3.549601387931033969e-05
4.445900000000091495e+03 3.697863940033130348e-05
4.446800000000092041e+03 3.613646549638360739e-05
4.447700000000091677e+03 3.556215233402326703e-05
4.448600000000091313e+03 3.615371315390802920e-05
4.449500000000091859e+03 3.585692320484668016e-05
4.450400000000092405e+03 3.493915210128761828e-05
4.451300000000092041e+03 3.507345536490902305e-05
4.452200000000091677e+03 3.531709080561995506e-05
4.453100000000092223e+03 3.400603236514143646e-05
4.454000000000092768e+03 3.119770917692221701e-05
4.454900000000092405e+03 2.871428296202793717e-05
4.455800000000092041e+03 2.864134694391395897e-05
4.456700000000092587e+03 3.008081512234639376e-05
4.457600000000093132e+03 3.063079566345550120e-05
4.458500000000092768e+03 3.007702798640821129e-05
4.459400000000092405e+03 2.979506280098576099e-05
4.460300000000092950e+03 2.965771818708162755e-05
4.461200000000093496e+03 2.874283563869539648e-05
4.462100000000093132e+03 2.898700586229097098e-05
4.463000000000092768e+03 3.175880556227639318e-05
4.463900000000093314e+03 3.408113116165623069e-05
4.464800000000093860e+03 3.410170029383152723e-05
4.465700000000093496e+03 3.356288652867078781e-05
4.466600000000093132e+03 3.362255301908589900e-05
4.467500000000093678e+03 3.381946589797735214e-05
4.468400000000094224e+03 3.314584319014102221e-05
4.469300000000093860e+03 3.218292840756475925e-05
4.470200000000093496e+03 3.253484464948996902e-05
4.471100000000094042e+03 3.393906445126049221e-05
4.472000000000094587e+03 3.542177000781521201e-05
4.472900000000094224e+03 3.671137164928950369e-05
4.473800000000093860e+03 3.745245703612454236e-05
4.474700000000094406e+03 3.714024933287873864e-05
4.475600000000094951e+03 3.677437052829191089e-05
4.476500000000094587e+03 3.777605888899415731e-05
4.477400000000094224e+03 3.924887278117239475e-05
4.478300000000094769e+03 3.895643021678552032e-05
4.479200000000095315e+03 3.635900066001340747e-05
4.480100000000094951e+03 3.304136043880134821e-05
4.481000000000094587e+03 3.094951171078719199e-05
4.481900000000095133e+03 3.090884638368152082e-05
4.482800000000095679e+03 3.305872451164759696e-05
4.483700000000095315e+03 3.602313518058508635e-05
4.484600000000094951e+03 3.805832238867878914e-05
4.485500000000095497e+03 3.906710844603367150e-05
4.486400000000096043e+03 3.911160820280201733e-05
4.487300000000095679e+03 3.774870128836482763e-05
4.488200000000095315e+03 3.526870932546444237e-05
4.489100000000095861e+03 3.307531369500793517e-05
4.490000000000096406e+03 3.262704194639809430e-05
4.490900000000096043e+03 3.416694016777910292e-05
4.491800000000095679e+03 3.623491284088231623e-05
4.492700000000096225e+03 3.682770329760387540e-05
4.493600000000096770e+03 3.501388709992170334e-05
4.494500000000096406e+03 3.265119084971956909e-05
4.495400000000096043e+03 3.214512616978026927e-05
4.496300000000096588e+03 3.328017191961407661e-05
4.497200000000097134e+03 3.520976315485313535e-05
4.498100000000096770e+03 3.708540680236183107e-05
4.499000000000096406e+03 3.801348793786019087e-05
4.499900000000096952e+03 3.771570118260569870e-05
4.500800000000097498e+03 3.622659642132930458e-05
4.501700000000097134e+03 3.568544707377441227e-05
4.502600000000096770e+03 3.784575528698042035e-05
4.503500000000097316e+03 4.054827149957418442e-05
4.504400000000097862e+03 4.139625525567680597e-05
4.505300000000097498e+03 4.079769496456719935e-05
4.506200000000097134e+03 3.976282823714427650e-05
4.507100000000097680e+03 3.880242365994490683e-05
4.508000000000098225e+03 3.840621866402216256e-05
4.508900000000097862e+03 3.877846756950020790e-05
4.509800000000097498e+03 3.961145557695999742e-05
4.510700000000098044e+03 3.995406950707547367e-05
4.511600000000098589e+03 3.905640551238320768e-05
4.512500000000098225e+03 3.753624696400947869e-05
4.513400000000097862e+03 3.636758265201933682e-05
4.514300000000098407e+03 3.587610262911766768e-05
4.515200000000098953e+03 3.633556116255931556e-05
4.516100000000098589e+03 3.710542296175844967e-05
4.517000000000098225e+03 3.675887637655250728e-05
4.517900000000098771e+03 3.597606337280012667e-05
4.518800000000099317e+03 3.660306902020238340e-05
4.519700000000098953e+03 3.811492570093832910e-05
4.520600000000098589e+03 3.923732583643868566e-05
4.521500000000099135e+03 3.902645403286442161e-05
4.522400000000099681e+03 3.727024159161373973e-05
4.523300000000099317e+03 3.616472531575709581e-05
4.524200000000098953e+03 3.608527913456782699e-05
4.525100000000099499e+03 3.506708162603899837e-05
4.526000000000100044e+03 3.313750130473636091e-05
4.526900000000099681e+03 3.141488923574797809e-05
4.527800000000099317e+03 3.026642843906302005e-05
4.528700000000099863e+03 2.991034853039309382e-05
4.529600000000100408e+03 3.064832708332687616e-05
4.530500000000100044e+03 3.169523552060127258e-05
4.531400000000099681e+03 3.296719296486116946e-05
4.532300000000100226e+03 3.413004014873877168e-05
4.533200000000100772e+03 3.346697485540062189e-05
4.534100000000100408e+03 3.164599183946847916e-05
4.535000000000100044e+03 3.066564750042743981e-05
4.535900000000100590e+03 3.228332207072526217e-05
4.536800000000101136e+03 3.632248990470543504e-05
4.537700000000100772e+03 3.906209894921630621e-05
4.538600000000100408e+03 3.864583777613006532e-05
4.539500000000100954e+03 3.683084287331439555e-05
4.540400000000101500e+03 3.527286753524094820e-05
4.541300000000101136e+03 3.505804488668218255e-05
4.542200000000100772e+03 3.636333349277265370e-05
4.543100000000101318e+03 3.744386413018219173e-05
4.544000000000101863e+03 3.666816701297648251e-05
4.544900000000101500e+03 3.519957681419327855e-05
4.545800000000101136e+03 3.502362233120948076e-05
4.546700000000101682e+03 3.568168540368787944e-05
4.547600000000102227e+03 3.573508729459717870e-05
4.548500000000101863e+03 3.453038880252279341e-05
4.549400000000101500e+03 3.333480344736017287e-05
4.550300000000102045e+03 3.424560782150365412e-05
4.551200000000102591e+03 3.582596036721952260e-05
4.552100000000102227e+03 3.577876850613392889e-05
4.553000000000101863e+03 3.489011942292563617e-05
4.553900000000102409e+03 3.405622919672168791e-05
4.554800000000102955e+03 3.359423863003030419e-05
4.555700000000102591e+03 3.439593638177029788e-05
4.556600000000102227e+03 3.653752355603501201e-05
4.557500000000102773e+03 3.848515552817843854e-05
4.558400000000103319e+03 3.920872768503613770e-05
4.559300000000102955e+03 3.915929119102656841e-05
4.560200000000102591e+03 3.892281165462918580e-05
4.561100000000103137e+03 3.918076254194602370e-05
4.562000000000103682e+03 3.933452899218536913e-05
4.562900000000103319e+03 3.796038436121307313e-05
4.563800000000102955e+03 3.561945413821376860e-05
4.564700000000103500e+03 3.412254227441735566e-05
4.565600000000104046e+03 3.450446092756465077e-05
4.566500000000103682e+03 3.673538958537392318e-05
4.567400000000103319e+03 3.907071368303149939e-05
4.568300000000103864e+03 3.975802246714010835e-05
4.569200000000104410e+03 3.927851503249257803e-05
4.570100000000104046e+03 3.804274456342682242e-05
4.571000000000103682e+03 3.590897904359735548e-05
4.571900000000104228e+03 3.531653419486247003e-05
4.572800000000104774e+03 3.756928708753548563e-05
4.573700000000104410e+03 3.941678369301371276e-05
4.574600000000104046e+03 3.906815982190892100e-05
4.575500000000104592e+03 3.851119254250079393e-05
4.576400000000105138e+03 3.869565625791437924e-05
4.577300000000104774e+03 3.868830754072405398e-05
4.578200000000104410e+03 3.769723844015970826e-05
4.579100000000104956e+03 3.577498500817455351e-05
4.580000000000105501e+03 3.397047839825972915e-05
4.580900000000105138e+03 3.360425762366503477e-05
4.581800000000104774e+03 3.479434599285013974e-05
4.582700000000105319e+03 3.593076326069422066e-05
4.583600000000105865e+03 3.585045487852767110e-05
4.584500000000105501e+03 3.523664418025873601e-05
4.585400000000105138e+03 3.464057590463198721e-05
4.586300000000105683e+03 3.481293242657557130e-05
4.587200000000106229e+03 3.645988908829167485e-05
4.588100000000105865e+03 3.843886588583700359e-05
4.589000000000105501e+03 3.946931246900931001e-05
4.589900000000106047e+03 3.908398502971976995e-05
4.590800000000106593e+03 3.751749318325892091e-05
4.591700000000106229e+03 3.591131826397031546e-05
4.592600000000105865e+03 3.544820719980634749e-05
4.593500000000106411e+03 3.578398536774329841e-05
4.594400000000106957e+03 3.562685378710739315e-05
4.595300000000106593e+03 3.511353133944794536e-05
4.596200000000106229e+03 3.512967668939381838e-05
4.597100000000106775e+03 3.541817568475380540e-05
4.598000000000107320e+03 3.586945240385830402e-05
4.598900000000106957e+03 3.649997597676701844e-05
4.599800000000106593e+03 3.600587660912424326e-05
4.600700000000107138e+03 3.520882091834209859e-05
4.601600000000107684e+03 3.576045492081902921e-05
4.602500000000107320e+03 3.652915256679989398e-05
4.603400000000106957e+03 3.660910806502215564e-05
4.604300000000107502e+03 3.616981848608702421e-05
4.605200000000108048e+03 3.562669735401868820e-05
4.606100000000107684e+03 3.609746272559277713e-05
4.607000000000107320e+03 3.772512718569487333e-05
4.607900000000107866e+03 3.983567148679867387e-05
4.608800000000108412e+03 4.135517519898712635e-05
4.609700000000108048e+03 4.113453178433701396e-05
4.610600000000107684e+03 3.960368849220685661e-05
4.611500000000108230e+03 3.831294816336594522e-05
4.612400000000108776e+03 3.770993134821765125e-05
4.613300000000108412e+03 3.749895768123678863e-05
4.614200000000108048e+03 3.835384268313646317e-05
4.615100000000108594e+03 3.938481313525699079e-05
4.616000000000109139e+03 3.941276736441068351e-05
4.616900000000108776e+03 3.952911356464028358e-05
4.617800000000108412e+03 3.962363916798494756e-05
4.618700000000108957e+03 3.864949394483119249e-05
4.619600000000109503e+03 3.811610076809301972e-05
4.620500000000109139e+03 3.921476309187710285e-05
4.621400000000108776e+03 3.994971120846457779e-05
4.622300000000109321e+03 3.940652095479890704e-05
4.623200000000109867e+03 3.921314419130794704e-05
4.624100000000109503e+03 3.943968113162554801e-05
4.625000000000109139e+03 3.887647108058445156e-05
4.625900000000109685e+03 3.823118822765536606e-05
4.626800000000110231e+03 3.862528683384880424e-05
4.627700000000109867e+03 3.927887883037328720e-05
4.628600000000109503e+03 3.884248144458979368e-05
4.629500000000110049e+03 3.816126627498306334e-05
4.630400000000110595e+03 3.889115760102868080e-05
4.631300000000110231e+03 3.999025284429080784e-05
4.632200000000109867e+03 3.936153370887041092e-05
4.633100000000110413e+03 3.772707350435666740e-05
4.634000000000110958e+03 3.712100078701041639e-05
4.634900000000110595e+03 3.750767064047977328e-05
4.635800000000110231e+03 3.772061245399527252e-05
4.636700000000110776e+03 3.703640686580911279e-05
4.637600000000111322e+03 3.593314613681286573e-05
4.638500000000110958e+03 3.540890611475333571e-05
4.639400000000110595e+03 3.510730311973020434e-05
4.640300000000111140e+03 3.541070691426284611e-05
4.641200000000111686e+03 3.692740938276983798e-05
4.642100000000111322e+03 3.801451020990498364e-05
4.643000000000110958e+03 3.749306051759049296e-05
4.643900000000111504e+03 3.645628748927265406e-05
4.644800000000112050e+03 3.542002377798780799e-05
4.645700000000111686e+03 3.366551754879765213e-05
4.646600000000111322e+03 3.205105531378649175e-05
4.647500000000111868e+03 3.198072590748779476e-05
4.648400000000112414e+03 3.321652911836281419e-05
4.649300000000112050e+03 3.491375900921411812e-05
4.650200000000111686e+03 3.647255653049796820e-05
4.651100000000112232e+03 3.742400076589547098e-05
4.652000000000112777e+03 3.804916195804253221e-05
4.652900000000112414e+03 3.828113040071912110e-05
4.653800000000112050e+03 3.714311606017872691e-05
4.654700000000112595e+03 3.548731547198258340e-05
4.655600000000113141e+03 3.488828588160686195e-05
4.656500000000112777e+03 3.536888470989651978e-05
4.657400000000112414e+03 3.705347990035079420e-05
4.658300000000112959e+03 3.944868149119429290e-05
4.659200000000113505e+03 4.115933916182257235e-05
4.660100000000113141e+03 4.132754474994726479e-05
4.661000000000112777e+03 4.008143514511175454e-05
4.661900000000113323e+03 3.825342719210311770e-05
4.662800000000113869e+03 3.669748184620402753e-05
4.663700000000113505e+03 3.615203604567795992e-05
4.664600000000113141e+03 3.627812475315295160e-05
4.665500000000113687e+03 3.504554842947982252e-05
4.666400000000114233e+03 3.187408219673670828e-05
4.667300000000113869e+03 2.936715645773801953e-05
4.668200000000113505e+03 3.001345976372249424e-05
4.669100000000114051e+03 3.294067209935747087e-05
4.670000000000114596e+03 3.580156771931797266e-05
4.670900000000114233e+03 3.746950096683576703e-05
4.671800000000113869e+03 3.761118568945676088e-05
4.672700000000114414e+03 3.673802712000906467e-05
4.673600000000114960e+03 3.609686245908960700e-05
4.674500000000114596e+03 3.636903420556336641e-05
4.675400000000114233e+03 3.764065695577301085e-05
4.676300000000114778e+03 3.890284278895705938e-05
4.677200000000115324e+03 3.858639320242218673e-05
4.678100000000114960e+03 3.692544487421400845e-05
4.679000000000114596e+03 3.552851558197289705e-05
4.679900000000115142e+03 3.489177106530405581e-05
4.680800000000115688e+03 3.457248749327845871e-05
4.681700000000115324e+03 3.478634971543215215e-05
4.682600000000114960e+03 3.597204340621829033e-05
4.683500000000115506e+03 3.731734250322915614e-05
4.684400000000116052e+03 3.763496715691871941e-05
4.685300000000115688e+03 3.747351365745998919e-05
4.686200000000115324e+03 3.733746052603237331e-05
4.687100000000115870e+03 3.683716568048112094e-05
4.688000000000116415e+03 3.635885150288231671e-05
4.688900000000116052e+03 3.651388033176772296e-05
4.689800000000115688e+03 3.662595190689899027e-05
4.690700000000116233e+03 3.607520920922979712e-05
4.691600000000116779e+03 3.569966429495252669e-05
4.692500000000116415e+03 3.607010148698464036e-05
4.693400000000116052e+03 3.667364580905996263e-05
4.694300000000116597e+03 3.744536297745071352e-05
4.695200000000117143e+03 3.847801417578011751e-05
4.696100000000116779e+03 3.901906165992841125e-05
4.697000000000116415e+03 3.805014057434163988e-05
4.697900000000116961e+03 3.582064891816116869e-05
4.698800000000117507e+03 3.424771784921176732e-05
4.699700000000117143e+03 3.451471275184303522e-05
4.700600000000116779e+03 3.509522139211185277e-05
4.701500000000117325e+03 3.467687201919034123e-05
4.702400000000117871e+03 3.367471435922197998e-05
4.703300000000117507e+03 3.355027365614660084e-05
4.704200000000117143e+03 3.500927050481550395e-05
4.705100000000117689e+03 3.639388887677341700e-05
4.706000000000118234e+03 3.632995503721758723e-05
4.706900000000117871e+03 3.520866084727458656e-05
4.707800000000117507e+03 3.428735726629383862e-05
4.708700000000118052e+03 3.408765405765734613e-05
4.709600000000118598e+03 3.468697104835882783e-05
4.710500000000118234e+03 3.639183705672621727e-05
4.711400000000117871e+03 3.785733133554458618e-05
4.712300000000118416e+03 3.770134935621172190e-05
4.713200000000118962e+03 3.637302506831474602e-05
4.714100000000118598e+03 3.486986679490655661e-05
4.715000000000118234e+03 3.496354474918916821e-05
4.715900000000118780e+03 3.697378633660264313e-05
4.716800000000119326e+03 3.874104368151165545e-05
4.717700000000118962e+03 3.930338425561785698e-05
4.718600000000118598e+03 3.983523129136301577e-05
4.719500000000119144e+03 4.063562664669007063e-05
4.720400000000119690e+03 4.078459096490405500e-05
4.721300000000119326e+03 4.001405613962560892e-05
4.722200000000118962e+03 3.907999780494719744e-05
4.723100000000119508e+03 3.906479105353355408e-05
4.724000000000120053e+03 4.009711847174912691e-05
4.724900000000119690e+03 4.097736018593423069e-05
4.725800000000119326e+03 4.031011849292553961e-05
4.726700000000119871e+03 3.766618465306237340e-05
4.727600000000120417e+03 3.474735785857774317e-05
4.728500000000120053e+03 3.357210880494676530e-05
4.729400000000119690e+03 3.384373121662065387e-05
4.730300000000120235e+03 3.443816967774182558e-05
4.731200000000120781e+03 3.529321475070901215e-05
4.732100000000120417e+03 3.654032843769527972e-05
4.733000000000120053e+03 3.735666541615501046e-05
4.733900000000120599e+03 3.772152558667585254e-05
4.734800000000121145e+03 3.818107870756648481e-05
4.735700000000120781e+03 3.755981742870062590e-05
4.736600000000120417e+03 3.623076190706342459e-05
4.737500000000120963e+03 3.684218245325610042e-05
4.738400000000121508e+03 3.887951243086718023e-05
4.739300000000121145e+03 3.940458555007353425e-05
4.740200000000120781e+03 3.831753929262049496e-05
4.741100000000121327e+03 3.758158709388226271e-05
4.742000000000121872e+03 3.810540511040017009e-05
4.742900000000121508e+03 3.908104554284363985e-05
4.743800000000121145e+03 3.922259202226996422e-05
4.744700000000121690e+03 3.857760020764544606e-05
4.745600000000122236e+03 3.869989814120344818e-05
4.746500000000121872e+03 3.972053673351183534e-05
4.747400000000121508e+03 4.006048766314052045e-05
4.748300000000122054e+03 3.966211443184874952e-05
4.749200000000122600e+03 3.959474270232021809e-05
4.750100000000122236e+03 3.980693509220145643e-05
4.751000000000121872e+03 3.944256968679837883e-05
4.751900000000122418e+03 3.845990795525722206e-05
4.752800000000122964e+03 3.772176933125592768e-05
4.753700000000122600e+03 3.724149428308010101e-05
4.754600000000122236e+03 3.696159910759888589e-05
4.755500000000122782e+03 3.699466833495534956e-05
4.756400000000123327e+03 3.715760249178856611e-05
4.757300000000122964e+03 3.756122168852016330e-05
4.758200000000122600e+03 3.813975126831792295e-05
4.759100000000123146e+03 3.886809645337052643e-05
4.760000000000123691e+03 3.927174475393258035e-05
4.760900000000123327e+03 3.829613342531956732e-05
4.761800000000122964e+03 3.649502104963175952e-05
4.762700000000123509e+03 3.563104110071435571e-05
4.763600000000124055e+03 3.559733158908784389e-05
4.764500000000123691e+03 3.500277307466603816e-05
4.765400000000123327e+03 3.395260500838048756e-05
4.766300000000123873e+03 3.383409421076066792e-05
4.767200000000124419e+03 3.511766044539399445e-05
4.768100000000124055e+03 3.678889333968982100e-05
4.769000000000123691e+03 3.836071846308186650e-05
4.769900000000124237e+03 3.913487307727336884e-05
4.770800000000124783e+03 3.825023304671049118e-05
4.771700000000124419e+03 3.698317232192493975e-05
4.772600000000124055e+03 3.711523459060117602e-05
4.773500000000124601e+03 3.865642065647989511e-05
4.774400000000125146e+03 4.012861973023973405e-05
4.775300000000124783e+03 4.012834688182920218e-05
4.776200000000124419e+03 3.963480776292271912e-05
4.777100000000124965e+03 4.008464020444080234e-05
4.778000000000125510e+03 4.053717202623374760e-05
4.778900000000125146e+03 4.005093433079309762e-05
4.779800000000124783e+03 3.945057324017398059e-05
4.780700000000125328e+03 3.936120992875657976e-05
4.781600000000125874e+03 3.894985275110229850e-05
4.782500000000125510e+03 3.763740824069827795e-05
4.783400000000125146e+03 3.672567254398018122e-05
4.784300000000125692e+03 3.742144326679408550e-05
4.785200000000126238e+03 3.784178989008069038e-05
4.786100000000125874e+03 3.681681846501305699e-05
4.787000000000125510e+03 3.654207102954387665e-05
4.787900000000126056e+03 3.732424374902620912e-05
4.788800000000126602e+03 3.726232898770831525e-05
4.789700000000126238e+03 3.690357698360458016e-05
4.790600000000125874e+03 3.734015990630723536e-05
4.791500000000126420e+03 3.802814171649515629e-05
4.792400000000126965e+03 3.888779610861092806e-05
4.793300000000126602e+03 4.036447353428229690e-05
4.794200000000126238e+03 4.184007411822676659e-05
4.795100000000126784e+03 4.224797521601431072e-05
4.796000000000127329e+03 4.151515167905017734e-05
4.796900000000126965e+03 4.040186104248277843e-05
4.797800000000126602e+03 3.911833846359513700e-05
4.798700000000127147e+03 3.779258986469358206e-05
4.799600000000127693e+03 3.715555067174136639e-05
4.800500000000127329e+03 3.781781560974195600e-05
4.801400000000126965e+03 3.951281178160570562e-05
4.802300000000127511e+03 4.089928916073404253e-05
4.803200000000128057e+03 4.103916580788791180e-05
4.804100000000127693e+03 3.993126665591262281e-05
4.805000000000127329e+03 3.860848300973884761e-05
4.805900000000127875e+03 3.819147968897596002e-05
4.806800000000128421e+03 3.785445369430817664e-05
4.807700000000128057e+03 3.720087624969892204e-05
4.808600000000127693e+03 3.735530845005996525e-05
4.809500000000128239e+03 3.837950862362049520e-05
4.810400000000128784e+03 3.915851630154065788e-05
4.811300000000128421e+03 3.930956154363229871e-05
4.812200000000128057e+03 3.915560955647379160e-05
4.813100000000128603e+03 3.899903094861656427e-05
4.814000000000129148e+03 3.909789302269928157e-05
4.814900000000128784e+03 3.946706056012772024e-05
4.815800000000128421e+03 4.005198206868954003e-05
4.816700000000128966e+03 4.063946471433155239e-05
4.817600000000129512e+03 4.094066389370709658e-05
4.818500000000129148e+03 4.129781154915690422e-05
4.819400000000128784e+03 4.160221578786149621e-05
4.820300000000129330e+03 4.133745460421778262e-05
4.821200000000129876e+03 4.071438888786360621e-05
4.822100000000129512e+03 3.932473919121548533e-05
4.823000000000129148e+03 3.707686482812277973e-05
4.823900000000129694e+03 3.619002382038161159e-05
4.824800000000130240e+03 3.768857641262002289e-05
4.825700000000129876e+03 3.948576340917497873e-05
4.826600000000129512e+03 3.993237260146997869e-05
4.827500000000130058e+03 3.921845200238749385e-05
4.828400000000130603e+03 3.838631164398975670e-05
4.829300000000130240e+03 3.834084054687991738e-05
4.830200000000129876e+03 3.867373743560165167e-05
4.831100000000130422e+03 3.790486880461685359e-05
4.832000000000130967e+03 3.690052108140662313e-05
4.832900000000130603e+03 3.743631532415747643e-05
4.833800000000130240e+03 3.881036172970198095e-05
4.834700000000130785e+03 3.949608071707189083e-05
4.835600000000131331e+03 3.930170350940898061e-05
4.836500000000130967e+03 3.916744753951206803e-05
4.837400000000130603e+03 3.916857531294226646e-05
4.838300000000131149e+03 3.831615686067380011e-05
4.839200000000131695e+03 3.697958163684234023e-05
4.840100000000131331e+03 3.649412974482402205e-05
4.841000000000130967e+03 3.717216168297454715e-05
4.841900000000131513e+03 3.762538472074083984e-05
4.842800000000132059e+03 3.705184644786641002e-05
4.843700000000131695e+03 3.704885602928698063e-05
4.844600000000131331e+03 3.846803156193345785e-05
4.845500000000131877e+03 3.980022302130237222e-05
4.846400000000132422e+03 3.986204683315008879e-05
4.847300000000132059e+03 3.866118277073837817e-05
4.848200000000131695e+03 3.711145836859941483e-05
4.849100000000132241e+03 3.691218444146215916e-05
4.850000000000132786e+03 3.817050674115307629e-05
4.850900000000132422e+03 3.884246325469575822e-05
4.851800000000132059e+03 3.852422742056660354e-05
4.852700000000132604e+03 3.826665124506689608e-05
4.853600000000133150e+03 3.737839870154857635e-05
4.854500000000132786e+03 3.513096817187033594e-05
4.855400000000132422e+03 3.333831045893020928e-05
4.856300000000132968e+03 3.393047882127575576e-05
4.857200000000133514e+03 3.535307041602209210e-05
4.858100000000133150e+03 3.509253656375221908e-05
4.859000000000132786e+03 3.265931081841699779e-05
4.859900000000133332e+03 2.871310789487324655e-05
4.860800000000133878e+03 2.510189369786530733e-05
4.861700000000133514e+03 2.508259785827249289e-05
4.862600000000133150e+03 2.873192534025292844e-05
4.863500000000133696e+03 3.186730828019790351e-05
4.864400000000134241e+03 3.331121479277499020e-05
4.865300000000133878e+03 3.463443499640561640e-05
4.866200000000133514e+03 3.579843541956506670e-05
4.867100000000134060e+03 3.619965355028398335e-05
4.868000000000134605e+03 3.625765020842663944e-05
4.868900000000134241e+03 3.652226223493926227e-05
4.869800000000133878e+03 3.557343370630405843e-05
4.870700000000134423e+03 3.262275276938453317e-05
4.871600000000134969e+03 3.067759826080873609e-05
4.872500000000134605e+03 3.218080382794141769e-05
4.873400000000134241e+03 3.495177224976941943e-05
4.874300000000134787e+03 3.619039125624112785e-05
4.875200000000135333e+03 3.623932934715412557e-05
4.876100000000134969e+03 3.665906842797994614e-05
4.877000000000134605e+03 3.724609632627107203e-05
4.877900000000135151e+03 3.762811684282496572e-05
4.878800000000135697e+03 3.894375913660041988e-05
4.879700000000135333e+03 3.999946784460917115e-05
4.880600000000134969e+03 3.878667848766781390e-05
4.881500000000135515e+03 3.708125950652174652e-05
4.882400000000136060e+03 3.730716343852691352e-05
4.883300000000135697e+03 3.818046752712689340e-05
4.884200000000135333e+03 3.738342275028117001e-05
4.885100000000135879e+03 3.541897604009136558e-05
4.886000000000136424e+03 3.427544652367942035e-05
4.886900000000136060e+03 3.470299270702525973e-05
4.887800000000135697e+03 3.569452019291929901e-05
4.888700000000136242e+03 3.600155469030141830e-05
4.889600000000136788e+03 3.491135066724382341e-05
4.890500000000136424e+03 3.247263521188870072e-05
4.891400000000136060e+03 3.178437327733263373e-05
4.892300000000136606e+03 3.494863631203770638e-05
4.893200000000137152e+03 3.885545811499468982e-05
4.894100000000136788e+03 4.120943049201741815e-05
4.895000000000136424e+03 4.229227488394826651e-05
4.895900000000136970e+03 4.230566992191597819e-05
4.896800000000137516e+03 4.187463491689413786e-05
4.897700000000137152e+03 4.160049502388574183e-05
4.898600000000136788e+03 4.078068377566523850e-05
4.899500000000137334e+03 3.931617538910359144e-05
4.900400000000137879e+03 3.887267666868865490e-05
4.901300000000137516e+03 3.954229032387956977e-05
4.902200000000137152e+03 3.926584031432867050e-05
4.903100000000137697e+03 3.806415770668536425e-05
4.904000000000138243e+03 3.797676254180260003e-05
4.904900000000137879e+03 3.959719833801500499e-05
4.905800000000137516e+03 4.132838148507289588e-05
4.906700000000138061e+03 4.142562465858645737e-05
4.907600000000138607e+03 4.001949127996340394e-05
4.908500000000138243e+03 3.821418431471101940e-05
4.909400000000137879e+03 3.641449075075797737e-05
4.910300000000138425e+03 3.539667159202508628e-05
4.911200000000138971e+03 3.605291203712113202e-05
4.912100000000138607e+03 3.763883069041185081e-05
4.913000000000138243e+03 3.880940494127571583e-05
4.913900000000138789e+03 3.959866080549545586e-05
4.914800000000139335e+03 4.063751475769095123e-05
4.915700000000138971e+03 4.119279037695378065e-05
4.916600000000138607e+03 4.016740786028094590e-05
4.917500000000139153e+03 3.731207834789529443e-05
4.918400000000139698e+03 3.348973768879659474e-05
4.919300000000139335e+03 3.048861071874853224e-05
4.920200000000138971e+03 2.976359610329382122e-05
4.921100000000139516e+03 3.180269777658395469e-05
4.922000000000140062e+03 3.507451765472069383e-05
4.922900000000139698e+03 3.670812293421477079e-05
4.923800000000139335e+03 3.618437403929419816e-05
4.924700000000139880e+03 3.583743819035589695e-05
4.925600000000140426e+03 3.733957419171929359e-05
4.926500000000140062e+03 3.923458643839694560e-05
4.927400000000139698e+03 4.000916305813007057e-05
4.928300000000140244e+03 4.070505747222341597e-05
4.929200000000140790e+03 4.159671516390517354e-05
4.930100000000140426e+03 4.167175575275905430e-05
4.931000000000140062e+03 4.141543467994779348e-05
4.931900000000140608e+03 4.055090539623051882e-05
4.932800000000141154e+03 3.817291508312337101e-05
4.933700000000140790e+03 3.635726534412242472e-05
4.934600000000140426e+03 3.736985308933071792e-05
4.935500000000140972e+03 3.902726894011721015e-05
4.936400000000141517e+03 3.839605778921395540e-05
4.937300000000141154e+03 3.586303864722140133e-05
4.938200000000140790e+03 3.352485873620025814e-05
4.939100000000141335e+03 3.345256845932453871e-05
4.940000000000141881e+03 3.606105019571259618e-05
4.940900000000141517e+03 3.905429912265390158e-05
4.941800000000141154e+03 4.033662844449281693e-05
4.942700000000141699e+03 4.089175126864574850e-05
4.943600000000142245e+03 4.159981835982762277e-05
4.944500000000141881e+03 4.127750071347691119e-05
4.945400000000141517e+03 3.993566497229039669e-05
4.946300000000142063e+03 3.954294152208603919e-05
4.947200000000142609e+03 4.056751640746369958e-05
4.948100000000142245e+03 4.141969839110970497e-05
4.949000000000141881e+03 4.149190135649405420e-05
4.949900000000142427e+03 4.152563633397221565e-05
4.950800000000142973e+03 4.192949199932627380e-05
4.951700000000142609e+03 4.182095653959549963e-05
4.952600000000142245e+03 4.085264299646951258e-05
4.953500000000142791e+03 4.008772157249040902e-05
4.954400000000143336e+03 3.988828393630683422e-05
4.955300000000142973e+03 3.921193274436518550e-05
4.956200000000142609e+03 3.611096690292470157e-05
4.957100000000143154e+03 3.163428846164606512e-05
4.958000000000143700e+03 3.121843474218621850e-05
4.958900000000143336e+03 3.571633715182542801e-05
4.959800000000142973e+03 3.983961869380436838e-05
4.960700000000143518e+03 4.092443850822746754e-05
4.961600000000144064e+03 4.043650187668390572e-05
4.962500000000143700e+03 4.030127092846669257e-05
4.963400000000143336e+03 4.043051376356743276e-05
4.964300000000143882e+03 3.939550515497103333e-05
4.965200000000144428e+03 3.751338590518571436e-05
4.966100000000144064e+03 3.663128518383018672e-05
4.967000000000143700e+03 3.688395372591912746e-05
4.967900000000144246e+03 3.713516343850642443e-05
4.968800000000144792e+03 3.741755790542811155e-05
4.969700000000144428e+03 3.776192170334979892e-05
4.970600000000144064e+03 3.819306584773585200e-05
4.971500000000144610e+03 3.915865818271413445e-05
4.972400000000145155e+03 3.999355612904764712e-05
4.973300000000144792e+03 4.040010026074014604e-05
4.974200000000144428e+03 4.071366856805980206e-05
4.975100000000144973e+03 4.054586315760388970e-05
4.976000000000145519e+03 4.000499029643833637e-05
4.976900000000145155e+03 3.929304148186929524e-05
4.977800000000144792e+03 3.799627302214503288e-05
4.978700000000145337e+03 3.690691664814949036e-05
4.979600000000145883e+03 3.684037437778897583e-05
4.980500000000145519e+03 3.663040479295887053e-05
4.981400000000145155e+03 3.486481364234350622e-05
4.982300000000145701e+03 3.237782220821827650e-05
4.983200000000146247e+03 3.152020872221328318e-05
4.984100000000145883e+03 3.262988684582524002e-05
4.985000000000145519e+03 3.411205034353770316e-05
4.985900000000146065e+03 3.572688729036599398e-05
4.986800000000146611e+03 3.786755769397132099e-05
4.987700000000146247e+03 3.918010770576074719e-05
4.988600000000145883e+03 3.899821240338496864e-05
4.989500000000146429e+03 3.825116800726391375e-05
4.990400000000146974e+03 3.740738975466229022e-05
4.991300000000146611e+03 3.723847476067021489e-05
4.992200000000146247e+03 3.805802771239541471e-05
4.993100000000146792e+03 3.814265437540598214e-05
4.994000000000147338e+03 3.769233080674894154e-05
4.994900000000146974e+03 3.832684524240903556e-05
4.995800000000146611e+03 3.911768362740986049e-05
4.996700000000147156e+03 3.908658618456684053e-05
4.997600000000147702e+03 3.865045073325745761e-05
4.998500000000147338e+03 3.750780160771682858e-05
4.999400000000146974e+03 3.583778743632137775e-05
5.000300000000147520e+03 3.493092299322597682e-05
5.001200000000148066e+03 3.489714072202332318e-05
5.002100000000147702e+03 3.514958007144741714e-05
5.003000000000147338e+03 3.556211595423519611e-05
5.003900000000147884e+03 3.547421147231943905e-05
5.004800000000148430e+03 3.405343159101903439e-05
5.005700000000148066e+03 3.209669739590026438e-05
5.006600000000147702e+03 3.204353197361342609e-05
5.007500000000148248e+03 3.455035039223730564e-05
5.008400000000148793e+03 3.721350367413833737e-05
5.009300000000148430e+03 3.798107718466781080e-05
5.010200000000148066e+03 3.742922490346245468e-05
5.011100000000148611e+03 3.610260318964719772e-05
5.012000000000149157e+03 3.402863512746989727e-05
5.012900000000148793e+03 3.233879760955460370e-05
5.013800000000148430e+03 3.167842805851250887e-05
5.014700000000148975e+03 3.244199251639656723e-05
5.015600000000149521e+03 3.418403866817243397e-05
5.016500000000149157e+03 3.486379864625632763e-05
5.017400000000148793e+03 3.402851871214807034e-05
5.018300000000149339e+03 3.363472205819562078e-05
5.019200000000149885e+03 3.465306872385554016e-05
5.020100000000149521e+03 3.562596975825726986e-05
5.021000000000149157e+03 3.532987102516926825e-05
5.021900000000149703e+03 3.438416752032935619e-05
5.022800000000150249e+03 3.461624874034896493e-05
5.023700000000149885e+03 3.612845466705039144e-05
5.024600000000149521e+03 3.714401827892288566e-05
5.025500000000150067e+03 3.719222877407446504e-05
5.026400000000150612e+03 3.624691817094571888e-05
5.027300000000150249e+03 3.480789018794894218e-05
5.028200000000149885e+03 3.516133801895193756e-05
5.029100000000150430e+03 3.700692104757763445e-05
5.030000000000150976e+03 3.805589221883565187e-05
5.030900000000150612e+03 3.843487138510681689e-05
5.031800000000150249e+03 3.929129161406308413e-05
5.032700000000150794e+03 4.044915476697497070e-05
5.033600000000151340e+03 4.073708987561985850e-05
5.034500000000150976e+03 3.899378498317673802e-05
5.035400000000150612e+03 3.606729660532437265e-05
5.036300000000151158e+03 3.500370075926184654e-05
5.037200000000151704e+03 3.613565786508843303e-05
5.038100000000151340e+03 3.628446575021371245e-05
5.039000000000150976e+03 3.439423380768857896e-05
5.039900000000151522e+03 3.161392669426277280e-05
5.040800000000152068e+03 2.938759462267626077e-05
5.041700000000151704e+03 3.033506800420582294e-05
5.042600000000151340e+03 3.429268690524622798e-05
5.043500000000151886e+03 3.759559695026837289e-05
5.044400000000152431e+03 3.929665399482473731e-05
5.045300000000152068e+03 4.059206185047514737e-05
5.046200000000151704e+03 4.108209759579040110e-05
5.047100000000152249e+03 3.966389340348541737e-05
5.048000000000152795e+03 3.688568540383130312e-05
5.048900000000152431e+03 3.493515760055743158e-05
5.049800000000152068e+03 3.474158074823208153e-05
5.050700000000152613e+03 3.517808727337978780e-05
5.051600000000153159e+03 3.539548561093397439e-05
5.052500000000152795e+03 3.608539554988965392e-05
5.053400000000152431e+03 3.745757203432731330e-05
5.054300000000152977e+03 3.875979382428340614e-05
5.055200000000153523e+03 3.934921187465079129e-05
5.056100000000153159e+03 3.922169707948341966e-05
5.057000000000152795e+03 3.917290086974389851e-05
5.057900000000153341e+03 3.952316910726949573e-05
5.058800000000153887e+03 3.977093001594766974e-05
5.059700000000153523e+03 3.996954546892084181e-05
5.060600000000153159e+03 4.063338565174490213e-05
5.061500000000153705e+03 4.120651283301413059e-05
5.062400000000154250e+03 4.084715692442841828e-05
5.063300000000153887e+03 3.902242679032497108e-05
5.064200000000153523e+03 3.610635758377611637e-05
5.065100000000154068e+03 3.472419848549179733e-05
5.066000000000154614e+03 3.582865610951557755e-05
5.066900000000154250e+03 3.674004619824700058e-05
5.067800000000153887e+03 3.632563675637356937e-05
5.068700000000154432e+03 3.630231003626249731e-05
5.069600000000154978e+03 3.752882548724301159e-05
5.070500000000154614e+03 3.827714681392535567e-05
5.071400000000154250e+03 3.714307968039065599e-05
5.072300000000154796e+03 3.600068157538771629e-05
5.073200000000155342e+03 3.670635851449333131e-05
5.074100000000154978e+03 3.763292261282913387e-05
5.075000000000154614e+03 3.729626041604205966e-05
5.075900000000155160e+03 3.699054286698810756e-05
5.076800000000155705e+03 3.767684756894595921e-05
5.077700000000155342e+03 3.760636536753736436e-05
5.078600000000154978e+03 3.493997428449802101e-05
5.079500000000155524e+03 3.185470995958894491e-05
5.080400000000156069e+03 3.157731771352700889e-05
5.081300000000155705e+03 3.345674122101627290e-05
5.082200000000155342e+03 3.478275175439193845e-05
5.083100000000155887e+03 3.493954136501997709e-05
5.084000000000156433e+03 3.544283754308708012e-05
5.084900000000156069e+03 3.670646765385754406e-05
5.085800000000155705e+03 3.765976725844666362e-05
5.086700000000156251e+03 3.772993659367784858e-05
5.087600000000156797e+03 3.752331394935026765e-05
5.088500000000156433e+03 3.777772508328780532e-05
5.089400000000156069e+03 3.821292193606495857e-05
5.090300000000156615e+03 3.824716986855491996e-05
5.091200000000157161e+03 3.834797826129943132e-05
5.092100000000156797e+03 3.917302092304453254e-05
5.093000000000156433e+03 4.005159644293598831e-05
5.093900000000156979e+03 3.996004306827671826e-05
5.094800000000157524e+03 3.901305171893909574e-05
5.095700000000157161e+03 3.787494279094971716e-05
5.096600000000156797e+03 3.660648508230224252e-05
5.097500000000157343e+03 3.494914562907069921e-05
5.098400000000157888e+03 3.308539453428238630e-05
5.099300000000157524e+03 3.278005533502437174e-05
5.100200000000157161e+03 3.494119664537720382e-05
5.101100000000157706e+03 3.746560832951217890e-05
5.102000000000158252e+03 3.846401887130923569e-05
5.102900000000157888e+03 3.802377977990545332e-05
5.103800000000157524e+03 3.720721360878087580e-05
5.104700000000158070e+03 3.682194437715224922e-05
5.105600000000158616e+03 3.669427678687497973e-05
5.106500000000158252e+03 3.597303657443262637e-05
5.107400000000157888e+03 3.500673847156576812e-05
5.108300000000158434e+03 3.493868644000031054e-05
5.109200000000158980e+03 3.500257298583164811e-05
5.110100000000158616e+03 3.482469401205889881e-05
5.111000000000158252e+03 3.573778667487204075e-05
5.111900000000158798e+03 3.719681262737140059e-05
5.112800000000159343e+03 3.783053762163035572e-05
5.113700000000158980e+03 3.815620948444120586e-05
5.114600000000158616e+03 3.847658445010893047e-05
5.115500000000159162e+03 3.859142452711239457e-05
5.116400000000159707e+03 3.912347165169194341e-05
5.117300000000159343e+03 3.995662700617685914e-05
5.118200000000158980e+03 4.015669765067286789e-05
5.119100000000159525e+03 3.960071626352146268e-05
5.120000000000160071e+03 3.858687341562472284e-05
5.120900000000159707e+03 3.747958908206783235e-05
5.121800000000159343e+03 3.649421341833658516e-05
5.122700000000159889e+03 3.510982423904351890e-05
5.123600000000160435e+03 3.368417310412041843e-05
5.124500000000160071e+03 3.346279117977246642e-05
5.125400000000159707e+03 3.415514220250770450e-05
5.126300000000160253e+03 3.472312164376489818e-05
5.127200000000160799e+03 3.480069426586851478e-05
5.128100000000160435e+03 3.465117333689704537e-05
5.129000000000160071e+03 3.448989082244224846e-05
5.129900000000160617e+03 3.486971036181785166e-05
5.130800000000161162e+03 3.595244925236329436e-05
5.131700000000160799e+03 3.681304224301129580e-05
5.132600000000160435e+03 3.689977529575116932e-05
5.133500000000160981e+03 3.674047184176743031e-05
5.134400000000161526e+03 3.748628660105168819e-05
5.135300000000161162e+03 3.830362038570456207e-05
5.136200000000160799e+03 3.751230178750120103e-05
5.137100000000161344e+03 3.592740176827646792e-05
5.138000000000161890e+03 3.463153188931755722e-05
5.138900000000161526e+03 3.367893805261701345e-05
5.139800000000161162e+03 3.444186222623102367e-05
5.140700000000161708e+03 3.604100857046432793e-05
5.141600000000162254e+03 3.533712515491060913e-05
5.142500000000161890e+03 3.377153916517272592e-05
5.143400000000161526e+03 3.452832243056036532e-05
5.144300000000162072e+03 3.603444201871752739e-05
5.145200000000162618e+03 3.580997145036235452e-05
5.146100000000162254e+03 3.469691000645980239e-05
5.147000000000161890e+03 3.409167766221798956e-05
5.147900000000162436e+03 3.440714863245375454e-05
5.148800000000162981e+03 3.541332989698275924e-05
5.149700000000162618e+03 3.589246261981315911e-05
5.150600000000162254e+03 3.527555963955819607e-05
5.151500000000162800e+03 3.459831714280880988e-05
5.152400000000163345e+03 3.443802052061073482e-05
5.153300000000162981e+03 3.439743522903881967e-05
5.154200000000162618e+03 3.469672810751944780e-05
5.155100000000163163e+03 3.570491026039235294e-05
5.156000000000163709e+03 3.698793807416222990e-05
5.156900000000163345e+03 3.816541357082314789e-05
5.157800000000162981e+03 3.871983426506631076e-05
5.158700000000163527e+03 3.845588798867538571e-05
5.159600000000164073e+03 3.838304837699979544e-05
5.160500000000163709e+03 3.860112701659090817e-05
5.161400000000163345e+03 3.777030724450014532e-05
5.162300000000163891e+03 3.637755798990838230e-05
5.163200000000164437e+03 3.588165418477728963e-05
5.164100000000164073e+03 3.513899355311878026e-05
5.165000000000163709e+03 3.259570439695380628e-05
5.165900000000164255e+03 2.868736191885545850e-05
5.166800000000164800e+03 2.489636244717985392e-05
5.167700000000164437e+03 2.363481144129764289e-05
5.168600000000164073e+03 2.599256913526915014e-05
5.169500000000164619e+03 2.981138277391437441e-05
5.170400000000165164e+03 3.098135130130685866e-05
5.171300000000164800e+03 2.748376391537021846e-05
5.172200000000164437e+03 2.308375223947223276e-05
5.173100000000164982e+03 2.341334220545832068e-05
5.174000000000165528e+03 2.862811197701375932e-05
5.174900000000165164e+03 3.368857142049819231e-05
5.175800000000164800e+03 3.564582584658637643e-05
5.176700000000165346e+03 3.597690738388337195e-05
5.177600000000165892e+03 3.635681787272915244e-05
5.178500000000165528e+03 3.654883039416745305e-05
5.179400000000165164e+03 3.610213025240227580e-05
5.180300000000165710e+03 3.507548899506218731e-05
5.181200000000166256e+03 3.289161759312264621e-05
5.182100000000165892e+03 2.853074329323135316e-05
5.183000000000165528e+03 2.344206222915090621e-05
5.183900000000166074e+03 2.240100729977712035e-05
5.184800000000166619e+03 2.704082726268097758e-05
5.185700000000166256e+03 3.289086089353077114e-05
5.186600000000165892e+03 3.611145075410604477e-05
5.187500000000166438e+03 3.655485124909318984e-05
5.188400000000166983e+03 3.626792022259905934e-05
5.189300000000166619e+03 3.716497303685173392e-05
5.190200000000166256e+03 3.742955595953390002e-05
5.191100000000166801e+03 3.464073961367830634e-05
5.192000000000167347e+03 3.160616324748843908e-05
5.192900000000166983e+03 3.204062522854655981e-05
5.193800000000166619e+03 3.415923492866568267e-05
5.194700000000167165e+03 3.468396243988536298e-05
5.195600000000167711e+03 3.448745337664149702e-05
5.196500000000167347e+03 3.530283720465376973e-05
5.197400000000166983e+03 3.646554978331550956e-05
5.198300000000167529e+03 3.732576078618876636e-05
5.199200000000168075e+03 3.806130916927941144e-05
5.200100000000167711e+03 3.835739335045218468e-05
5.201000000000167347e+03 3.791154085774905980e-05
5.201900000000167893e+03 3.721799657796509564e-05
5.202800000000168438e+03 3.669037323561497033e-05
5.203700000000168075e+03 3.531098627718165517e-05
5.204600000000167711e+03 3.270976958447135985e-05
5.205500000000168257e+03 3.104767165496014059e-05
5.206400000000168802e+03 3.133351492579095066e-05
5.207300000000168438e+03 3.150218981318175793e-05
5.208200000000168075e+03 3.066781573579646647e-05
5.209100000000168620e+03 3.121067857136949897e-05
5.210000000000169166e+03 3.338480019010603428e-05
5.210900000000168802e+03 3.573263893486000597e-05
5.211800000000168438e+03 3.779757753363810480e-05
5.212700000000168984e+03 3.906489655491895974e-05
5.213600000000169530e+03 3.895136615028604865e-05
5.214500000000169166e+03 3.733529592864215374e-05
5.215400000000168802e+03 3.544416176737286150e-05
5.216300000000169348e+03 3.491360257612541318e-05
5.217200000000169894e+03 3.590010237530805171e-05
5.218100000000169530e+03 3.759973333217203617e-05
5.219000000000169166e+03 3.899660805473104119e-05
5.219900000000169712e+03 3.953983105020597577e-05
5.220800000000170257e+03 3.969135650550015271e-05
5.221700000000169894e+03 3.950696554966270924e-05
5.222600000000169530e+03 3.855350223602727056e-05
5.223500000000170076e+03 3.683962495415471494e-05
5.224400000000170621e+03 3.471582385827787220e-05
5.225300000000170257e+03 3.237624332541599870e-05
5.226200000000169894e+03 3.012806701008230448e-05
5.227100000000170439e+03 3.003411438839975744e-05
5.228000000000170985e+03 3.332092455821111798e-05
5.228900000000170621e+03 3.685188494273461401e-05
5.229800000000170257e+03 3.828186527243815362e-05
5.230700000000170803e+03 3.871704393532127142e-05
5.231600000000171349e+03 3.799702608375810087e-05
5.232500000000170985e+03 3.585733429645188153e-05
5.233400000000170621e+03 3.471161107881926000e-05
5.234300000000171167e+03 3.542693229974247515e-05
5.235200000000171713e+03 3.677922722999937832e-05
5.236100000000171349e+03 3.843601007247343659e-05
5.237000000000170985e+03 3.979416942456737161e-05
5.237900000000171531e+03 4.017071114503778517e-05
5.238800000000172076e+03 3.982596535934135318e-05
5.239700000000171713e+03 3.948717130697332323e-05
5.240600000000171349e+03 3.959890091209672391e-05
5.241500000000171894e+03 3.959675086662173271e-05
5.242400000000172440e+03 3.915985871572047472e-05
5.243300000000172076e+03 3.932608524337410927e-05
5.244200000000171713e+03 4.038307815790176392e-05
5.245100000000172258e+03 4.049969720654189587e-05
5.246000000000172804e+03 3.843648664769716561e-05
5.246900000000172440e+03 3.614296292653307319e-05
5.247800000000172076e+03 3.605706297094002366e-05
5.248700000000172622e+03 3.690128505695611238e-05
5.249600000000173168e+03 3.629141065175645053e-05
5.250500000000172804e+03 3.543410639395006001e-05
5.251400000000172440e+03 3.624747478170320392e-05
5.252300000000172986e+03 3.767970702028833330e-05
5.253200000000173532e+03 3.802662467933259904e-05
5.254100000000173168e+03 3.699051740113645792e-05
5.255000000000172804e+03 3.613404987845569849e-05
5.255900000000173350e+03 3.746621223399415612e-05
5.256800000000173895e+03 3.994522921857424080e-05
5.257700000000173532e+03 4.142081525060348213e-05
5.258600000000173168e+03 4.162104596616700292e-05
5.259500000000173713e+03 4.085374530404806137e-05
5.260400000000174259e+03 3.928187652491033077e-05
5.261300000000173895e+03 3.698253203765489161e-05
5.262200000000173532e+03 3.443041714490391314e-05
5.263100000000174077e+03 3.241533340769819915e-05
5.264000000000174623e+03 3.106761505478061736e-05
5.264900000000174259e+03 2.997195224452298135e-05
5.265800000000173895e+03 2.970721652673091739e-05
5.266700000000174441e+03 3.164853114867582917e-05
5.267600000000174987e+03 3.346488665556535125e-05
5.268500000000174623e+03 3.129014294245280325e-05
5.269400000000174259e+03 2.751016472757328302e-05
5.270300000000174805e+03 2.800124457280617207e-05
5.271200000000175351e+03 3.257339631090871990e-05
5.272100000000174987e+03 3.601031858124770224e-05
5.273000000000174623e+03 3.661348455352708697e-05
5.273900000000175169e+03 3.615121386246755719e-05
5.274800000000175714e+03 3.527848821249790490e-05
5.275700000000175351e+03 3.533530616550706327e-05
5.276600000000174987e+03 3.771229967242106795e-05
5.277500000000175532e+03 4.039557825308293104e-05
5.278400000000176078e+03 4.120001904084347188e-05
5.279300000000175714e+03 4.027496834169141948e-05
5.280200000000175351e+03 3.865323378704488277e-05
5.281100000000175896e+03 3.726016802829690278e-05
5.282000000000176442e+03 3.632324296631850302e-05
5.282900000000176078e+03 3.551787449396215379e-05
5.283800000000175714e+03 3.548447784851305187e-05
5.284700000000176260e+03 3.760225808946415782e-05
5.285600000000176806e+03 4.071009607287123799e-05
5.286500000000176442e+03 4.226852252031676471e-05
5.287400000000176078e+03 4.188234379398636520e-05
5.288300000000176624e+03 4.111350790481083095e-05
5.289200000000177170e+03 4.131441164645366371e-05
5.290100000000176806e+03 4.215394437778741121e-05
5.291000000000176442e+03 4.250058918842114508e-05
5.291900000000176988e+03 4.190194886177778244e-05
5.292800000000177533e+03 4.099810757907107472e-05
5.293700000000177170e+03 4.069365240866318345e-05
5.294600000000176806e+03 4.057747355545870960e-05
5.295500000000177351e+03 3.933962943847291172e-05
5.296400000000177897e+03 3.663698953459970653e-05
5.297300000000177533e+03 3.399090564926154912e-05
5.298200000000177170e+03 3.383970397408120334e-05
5.299100000000177715e+03 3.626579200499691069e-05
5.300000000000178261e+03 3.817347169388085604e-05
5.300900000000177897e+03 3.813855437329038978e-05
5.301800000000177533e+03 3.793611540459096432e-05
5.302700000000178079e+03 3.901223317370750010e-05
5.303600000000178625e+03 4.089702269993722439e-05
5.304500000000178261e+03 4.226222517900168896e-05
5.305400000000177897e+03 4.241058559273369610e-05
5.306300000000178443e+03 4.152155452175065875e-05
5.307200000000178989e+03 4.067768895765766501e-05
5.308100000000178625e+03 4.093653842573985457e-05
5.309000000000178261e+03 4.192065171082504094e-05
5.309900000000178807e+03 4.248537152307108045e-05
5.310800000000179352e+03 4.235463347868062556e-05
5.311700000000178989e+03 4.189035462331958115e-05
5.312600000000178625e+03 4.128475848119705915e-05
5.313500000000179170e+03 4.091890150448307395e-05
5.314400000000179716e+03 4.082317173015326262e-05
5.315300000000179352e+03 4.029489718959666789e-05
5.316200000000178989e+03 3.940963506465777755e-05
5.317100000000179534e+03 3.926051067537628114e-05
5.318000000000180080e+03 3.988220123574137688e-05
5.318900000000179716e+03 4.023471410619094968e-05
5.319800000000179352e+03 4.023680958198383451e-05
5.320700000000179898e+03 4.018625986645929515e-05
5.321600000000180444e+03 3.998843385488726199e-05
5.322500000000180080e+03 3.911616659024730325e-05
5.323400000000179716e+03 3.733634366653859615e-05
5.324300000000180262e+03 3.629760612966492772e-05
5.325200000000180808e+03 3.709884185809642076e-05
5.326100000000180444e+03 3.708336953422985971e-05
5.327000000000180080e+03 3.370987178641371429e-05
5.327900000000180626e+03 2.950649832200724632e-05
5.328800000000181171e+03 2.966839383589103818e-05
5.329700000000180808e+03 3.406077303225174546e-05
5.330600000000180444e+03 3.804055813816376030e-05
5.331500000000180989e+03 3.921972529496997595e-05
5.332400000000181535e+03 3.873576861224137247e-05
5.333300000000181171e+03 3.897053102264180779e-05
5.334200000000180808e+03 4.036914833704940975e-05
5.335100000000181353e+03 4.127154534216970205e-05
5.336000000000181899e+03 4.099805300938896835e-05
5.336900000000181535e+03 4.047362745041027665e-05
5.337800000000181171e+03 4.020840060547925532e-05
5.338700000000181717e+03 3.910578379873186350e-05
5.339600000000182263e+03 3.665945405373349786e-05
5.340500000000181899e+03 3.511997056193649769e-05
5.341400000000181535e+03 3.645435208454728127e-05
5.342300000000182081e+03 3.889887375407852232e-05
5.343200000000182627e+03 4.013227953691966832e-05
5.344100000000182263e+03 4.008896212326362729e-05
5.345000000000181899e+03 3.921832467312924564e-05
5.345900000000182445e+03 3.860982906189747155e-05
5.346800000000182990e+03 3.888400897267274559e-05
5.347700000000182627e+03 3.859717980958521366e-05
5.348600000000182263e+03 3.749019015231169760e-05
5.349500000000182808e+03 3.743422712432220578e-05
5.350400000000183354e+03 3.907634163624607027e-05
5.351300000000182990e+03 4.085826731170527637e-05
5.352200000000182627e+03 4.139856537221930921e-05
5.353100000000183172e+03 4.134236951358616352e-05
5.354000000000183718e+03 4.198031092528253794e-05
5.354900000000183354e+03 4.299302236177027225e-05
5.355800000000182990e+03 4.340572559158317745e-05
5.356700000000183536e+03 4.338682992965914309e-05
5.357600000000184082e+03 4.331300442572683096e-05
5.358500000000183718e+03 4.320069638197310269e-05
5.359400000000183354e+03 4.298410567571409047e-05
5.360300000000183900e+03 4.236471795593388379e-05
5.361200000000184446e+03 4.126598651055246592e-05
5.362100000000184082e+03 4.040404382976703346e-05
5.363000000000183718e+03 4.018791878479532897e-05
5.363900000000184264e+03 3.978618769906461239e-05
5.364800000000184809e+03 3.899938019458204508e-05
5.365700000000184446e+03 3.883758108713664114e-05
5.366600000000184082e+03 3.907787322532385588e-05
5.367500000000184627e+03 3.906694473698735237e-05
5.368400000000185173e+03 3.854741953546181321e-05
5.369300000000184809e+03 3.672737511806190014e-05
5.370200000000184446e+03 3.417502375668846071e-05
5.371100000000184991e+03 3.317220762255601585e-05
5.372000000000185537e+03 3.523439590935595334e-05
5.372900000000185173e+03 3.875964466715231538e-05
5.373800000000184809e+03 4.108696521143428981e-05
5.374700000000185355e+03 4.195701694698072970e-05
5.375600000000185901e+03 4.179438474238850176e-05
5.376500000000185537e+03 4.101486774743534625e-05
5.377400000000185173e+03 4.076565528521314263e-05
5.378300000000185719e+03 4.124874249100685120e-05
5.379200000000186265e+03 4.138037184020504355e-05
5.380100000000185901e+03 4.082094164914451540e-05
5.381000000000185537e+03 4.028583862236700952e-05
5.381900000000186083e+03 3.983890564995817840e-05
5.382800000000186628e+03 3.921073948731645942e-05
5.383700000000186265e+03 3.935107815777882934e-05
5.384600000000185901e+03 4.050365896546281874e-05
5.385500000000186446e+03 4.123625694774091244e-05
5.386400000000186992e+03 4.106827691430225968e-05
5.387300000000186628e+03 4.063070809934288263e-05
5.388200000000186265e+03 4.002129207947291434e-05
5.389100000000186810e+03 3.900248702848330140e-05
5.390000000000187356e+03 3.808107430813834071e-05
5.390900000000186992e+03 3.770450712181627750e-05
5.391800000000186628e+03 3.770879266085103154e-05
5.392700000000187174e+03 3.777355232159607112e-05
5.393600000000187720e+03 3.786197339650243521e-05
5.394500000000187356e+03 3.807589746429584920e-05
5.395400000000186992e+03 3.754656427190639079e-05
5.396300000000187538e+03 3.562271376722492278e-05
5.397200000000188084e+03 3.454079705988988280e-05
5.398100000000187720e+03 3.624615055741742253e-05
5.399000000000187356e+03 3.835304232779890299e-05
5.399900000000187902e+03 3.870652653858996928e-05
5.400800000000188447e+03 3.864512473228387535e-05
5.401700000000188084e+03 3.932055187760852277e-05
5.402600000000187720e+03 3.918035872629843652e-05
5.403500000000188265e+03 3.690550147439353168e-05
5.404400000000188811e+03 3.389083576621487737e-05
5.405300000000188447e+03 3.239365832996554673e-05
5.406200000000188084e+03 3.340279363328590989e-05
5.407100000000188629e+03 3.586314414860680699e-05
5.408000000000189175e+03 3.726388604263775051e-05
5.408900000000188811e+03 3.647519770311191678e-05
5.409800000000188447e+03 3.536905933287926018e-05
5.410700000000188993e+03 3.624147575465030968e-05
5.411600000000189539e+03 3.849011045531369746e-05
5.412500000000189175e+03 4.002923014922998846e-05
5.413400000000188811e+03 4.009065014543011785e-05
5.414300000000189357e+03 3.946339347749017179e-05
5.415200000000189902e+03 3.946666038245894015e-05
5.416100000000189539e+03 4.058530976180918515e-05
5.417000000000189175e+03 4.159296804573386908e-05
5.417900000000189721e+03 4.155819988227449358e-05
5.418800000000190266e+03 4.072850788361392915e-05
5.419700000000189902e+03 3.967953307437710464e-05
5.420600000000189539e+03 3.923952681361697614e-05
5.421500000000190084e+03 3.987579111708328128e-05
5.422400000000190630e+03 4.019390325993299484e-05
5.423300000000190266e+03 3.886754711857065558e-05
5.424200000000189902e+03 3.768621536437422037e-05
5.425100000000190448e+03 3.877774724969640374e-05
5.426000000000190994e+03 4.101559534319676459e-05
5.426900000000190630e+03 4.222613642923533916e-05
5.427800000000190266e+03 4.094749965588562191e-05
5.428700000000190812e+03 3.741704858839511871e-05
5.429600000000191358e+03 3.520998143358156085e-05
5.430500000000190994e+03 3.677072163554839790e-05
5.431400000000190630e+03 3.887511775246821344e-05
5.432300000000191176e+03 3.856473995256237686e-05
5.433200000000191721e+03 3.706804272951558232e-05
5.434100000000191358e+03 3.598195689846761525e-05
5.435000000000190994e+03 3.594333611545152962e-05
5.435900000000191540e+03 3.686443960759788752e-05
5.436800000000192085e+03 3.832869333564303815e-05
5.437700000000191721e+03 4.017111496068537235e-05
5.438600000000191358e+03 4.174114656052552164e-05
5.439500000000191903e+03 4.255456951796077192e-05
5.440400000000192449e+03 4.268081102054566145e-05
5.441300000000192085e+03 4.252758299116976559e-05
5.442200000000191721e+03 4.251076825312338769e-05
5.443100000000192267e+03 4.231565981172025204e-05
5.444000000000192813e+03 4.117470598430372775e-05
5.444900000000192449e+03 3.884969919454306364e-05
5.445800000000192085e+03 3.594167719711549580e-05
5.446700000000192631e+03 3.439081410760991275e-05
5.447600000000193177e+03 3.592736538848839700e-05
5.448500000000192813e+03 3.884440229739993811e-05
5.449400000000192449e+03 4.063614323968067765e-05
5.450300000000192995e+03 4.099168654647655785e-05
5.451200000000193540e+03 4.064513996127061546e-05
5.452100000000193177e+03 4.016601087641902268e-05
5.453000000000192813e+03 3.941843897337093949e-05
5.453900000000193359e+03 3.778575410251505673e-05
5.454800000000193904e+03 3.548173481249250472e-05
5.455700000000193540e+03 3.477766222204081714e-05
5.456600000000193177e+03 3.696777639561332762e-05
5.457500000000193722e+03 3.982745693065226078e-05
5.458400000000194268e+03 4.123904727748595178e-05
5.459300000000193904e+03 4.106016058358363807e-05
5.460200000000193540e+03 4.016482489532791078e-05
5.461100000000194086e+03 3.918693255400285125e-05
5.462000000000194632e+03 3.785897570196539164e-05
5.462900000000194268e+03 3.672341699711978436e-05
5.463800000000193904e+03 3.731025935849174857e-05
5.464700000000194450e+03 3.892680615535937250e-05
5.465600000000194996e+03 3.955758802476339042e-05
5.466500000000194632e+03 3.941132672480307519e-05
5.467400000000194268e+03 3.971911792177706957e-05
5.468300000000194814e+03 4.004888614872470498e-05
5.469200000000195359e+03 3.956723230658099055e-05
5.470100000000194996e+03 3.882543751387856901e-05
5.471000000000194632e+03 3.885845217155292630e-05
5.471900000000195178e+03 3.902002208633348346e-05
5.472800000000195723e+03 3.830419518635608256e-05
5.473700000000195359e+03 3.771761839743703604e-05
5.474600000000194996e+03 3.764504435821436346e-05
5.475500000000195541e+03 3.628775448305532336e-05
5.476400000000196087e+03 3.416369145270437002e-05
5.477300000000195723e+03 3.453240788076072931e-05
5.478200000000195359e+03 3.733286212082020938e-05
5.479100000000195905e+03 3.920364179066382349e-05
5.480000000000196451e+03 3.838689372059889138e-05
5.480900000000196087e+03 3.653266685432754457e-05
5.481800000000195723e+03 3.619501876528374851e-05
5.482700000000196269e+03 3.744945570360869169e-05
5.483600000000196815e+03 3.909140286850742996e-05
5.484500000000196451e+03 4.053215889143757522e-05
5.485400000000196087e+03 4.090907168574631214e-05
5.486300000000196633e+03 3.964040661230683327e-05
5.487200000000197178e+03 3.793430369114503264e-05
5.488100000000196815e+03 3.767599628190509975e-05
5.489000000000196451e+03 3.849674976663663983e-05
5.489900000000196997e+03 3.904193727066740394e-05
5.490800000000197542e+03 3.953494160668924451e-05
5.491700000000197178e+03 3.992266647401265800e-05
5.492600000000196815e+03 3.940265014534816146e-05
5.493500000000197360e+03 3.864296741085126996e-05
5.494400000000197906e+03 3.889462459483183920e-05
5.495300000000197542e+03 3.950632526539266109e-05
5.496200000000197178e+03 3.904878758476115763e-05
5.497100000000197724e+03 3.814641240751370788e-05
5.498000000000198270e+03 3.872038723784498870e-05
5.498900000000197906e+03 4.028288822155445814e-05
5.499800000000197542e+03 4.052789518027566373e-05
5.500700000000198088e+03 3.913192631443962455e-05
5.501600000000198634e+03 3.786078377743251622e-05
5.502500000000198270e+03 3.777832171181216836e-05
5.503400000000197906e+03 3.830523201031610370e-05
5.504300000000198452e+03 3.862148514599539340e-05
5.505200000000198997e+03 3.800366539508104324e-05
5.506100000000198634e+03 3.699972876347601414e-05
5.507000000000198270e+03 3.738782834261655807e-05
5.507900000000198816e+03 3.889622894348576665e-05
5.508800000000199361e+03 3.958564411732368171e-05
5.509700000000198997e+03 3.922043833881616592e-05
5.510600000000198634e+03 3.843375452561303973e-05
5.511500000000199179e+03 3.721609391504898667e-05
5.512400000000199725e+03 3.619149356381967664e-05
5.513300000000199361e+03 3.623986413003876805e-05
5.514200000000198997e+03 3.695331179187633097e-05
5.515100000000199543e+03 3.773560820263810456e-05
5.516000000000200089e+03 3.834285598713904619e-05
5.516900000000199725e+03 3.902823664247989655e-05
5.517800000000199361e+03 4.015086960862390697e-05
5.518700000000199907e+03 4.094457472092472017e-05
5.519600000000200453e+03 4.084503598278388381e-05
5.520500000000200089e+03 4.044115485157817602e-05
5.521400000000199725e+03 4.028039256809279323e-05
5.522300000000200271e+03 4.029561750940047204e-05
5.523200000000200816e+03 4.033411096315830946e-05
5.524100000000200453e+03 4.019466723548248410e-05
5.525000000000200089e+03 3.971572004957124591e-05
5.525900000000200635e+03 3.891334927175194025e-05
5.526800000000201180e+03 3.758989623747766018e-05
5.527700000000200816e+03 3.609713894547894597e-05
5.528600000000200453e+03 3.608906627050600946e-05
5.529500000000200998e+03 3.796960299951024354e-05
5.530400000000201544e+03 3.968394594267010689e-05
5.531300000000201180e+03 4.000081389676779509e-05
5.532200000000200816e+03 3.961648326367139816e-05
5.533100000000201362e+03 3.933679909096099436e-05
5.534000000000201908e+03 3.893436951329931617e-05
5.534900000000201544e+03 3.839476266875863075e-05
5.535800000000201180e+03 3.857154297293163836e-05
5.536700000000201726e+03 3.913601540261879563e-05
5.537600000000202272e+03 3.923094845958985388e-05
5.538500000000201908e+03 3.938018198823556304e-05
5.539400000000201544e+03 4.009406256955116987e-05
5.540300000000202090e+03 4.085902764927595854e-05
5.541200000000202635e+03 4.098630597582086921e-05
5.542100000000202272e+03 4.025280213681980968e-05
5.543000000000201908e+03 3.935950007871724665e-05
5.543900000000202454e+03 3.924748671124689281e-05
5.544800000000202999e+03 3.955843203584663570e-05
5.545700000000202635e+03 3.946169090340845287e-05
5.546600000000202272e+03 3.950377868022769690e-05
5.547500000000202817e+03 4.037469625473022461e-05
5.548400000000203363e+03 4.130027809878811240e-05
5.549300000000202999e+03 4.154790804022923112e-05
5.550200000000202635e+03 4.148594598518684506e-05
5.551100000000203181e+03 4.135964991291984916e-05
5.552000000000203727e+03 4.092930248589254916e-05
5.552900000000203363e+03 4.009038457297720015e-05
5.553800000000202999e+03 3.934557389584369957e-05
5.554700000000203545e+03 3.926130375475622714e-05
5.555600000000204091e+03 3.973458660766482353e-05
5.556500000000203727e+03 3.999521504738368094e-05
5.557400000000203363e+03 3.981302506872452796e-05
5.558300000000203909e+03 3.980431574746035039e-05
5.559200000000204454e+03 3.999791806563735008e-05
5.560100000000204091e+03 3.991680205217562616e-05
5.561000000000203727e+03 3.952934275730513036e-05
5.561900000000204273e+03 3.891850428772158921e-05
5.562800000000204818e+03 3.844383172690868378e-05
5.563700000000204454e+03 3.856434341287240386e-05
5.564600000000204091e+03 3.867876876029185951e-05
5.565500000000204636e+03 3.821800783043727279e-05
5.566400000000205182e+03 3.792576899286359549e-05
5.567300000000204818e+03 3.822627331828698516e-05
5.568200000000204454e+03 3.838591874227859080e-05
5.569100000000205000e+03 3.810250927926972508e-05
5.570000000000205546e+03 3.845246101263910532e-05
5.570900000000205182e+03 3.926633871742524207e-05
5.571800000000204818e+03 3.864571772282943130e-05
5.572700000000205364e+03 3.742434637388214469e-05
5.573600000000205910e+03 3.798628677031956613e-05
5.574500000000205546e+03 3.936820212402381003e-05
5.575400000000205182e+03 3.954435305786319077e-05
5.576300000000205728e+03 3.933782863896340132e-05
5.577200000000206273e+03 3.968397504650056362e-05
5.578100000000205910e+03 3.979326720582321286e-05
5.579000000000205546e+03 3.974890569224953651e-05
5.579900000000206091e+03 4.004008224001154304e-05
5.580800000000206637e+03 3.993205245933495462e-05
5.581700000000206273e+03 3.937101064366288483e-05
5.582600000000205910e+03 3.926254430552944541e-05
5.583500000000206455e+03 3.941998875234276056e-05
5.584400000000207001e+03 3.899127841577865183e-05
5.585300000000206637e+03 3.773989737965166569e-05
5.586200000000206273e+03 3.586796083254739642e-05
5.587100000000206819e+03 3.431903678574599326e-05
5.588000000000207365e+03 3.396893953322432935e-05
5.588900000000207001e+03 3.456644117250107229e-05
5.589800000000206637e+03 3.576395101845264435e-05
5.590700000000207183e+03 3.705817289301194251e-05
5.591600000000207729e+03 3.766193913179449737e-05
5.592500000000207365e+03 3.754628778551705182e-05
5.593400000000207001e+03 3.711479439516551793e-05
5.594300000000207547e+03 3.710122109623625875e-05
5.595200000000208092e+03 3.849378117593005300e-05
5.596100000000207729e+03 4.009869735455140471e-05
5.597000000000207365e+03 3.972587001044303179e-05
5.597900000000207910e+03 3.791783092310652137e-05
5.598800000000208456e+03 3.696929343277588487e-05
5.599700000000208092e+03 3.701111927512101829e-05
5.600600000000207729e+03 3.660108268377371132e-05
5.601500000000208274e+03 3.582842327887192369e-05
5.602400000000208820e+03 3.562181154848076403e-05
5.603300000000208456e+03 3.669334910227917135e-05
5.604200000000208092e+03 3.879152427543886006e-05
5.605100000000208638e+03 4.050695133628323674e-05
5.606000000000209184e+03 4.123758844798430800e-05
5.606900000000208820e+03 4.128095679334364831e-05
5.607800000000208456e+03 4.101993545191362500e-05
5.608700000000209002e+03 4.078814890817739069e-05
5.609600000000209548e+03 4.072234514751471579e-05
5.610500000000209184e+03 4.090231595910154283e-05
5.611400000000208820e+03 4.127162173972465098e-05
5.612300000000209366e+03 4.146759602008387446e-05
5.613200000000209911e+03 4.062731750309467316e-05
5.614100000000209548e+03 3.795657175942324102e-05
5.615000000000209184e+03 3.492756513878703117e-05
5.615900000000209729e+03 3.454050238360650837e-05
5.616800000000210275e+03 3.668815770652145147e-05
5.617700000000209911e+03 3.837605981971137226e-05
5.618600000000209548e+03 3.847911284537985921e-05
5.619500000000210093e+03 3.822006692644208670e-05
5.620400000000210639e+03 3.864975951728411019e-05
5.621300000000210275e+03 3.953747727791778743e-05
5.622200000000209911e+03 3.980299152317456901e-05
5.623100000000210457e+03 3.855528120766393840e-05
5.624000000000211003e+03 3.647779158200137317e-05
5.624900000000210639e+03 3.567253224900923669e-05
5.625800000000210275e+03 3.682334499899297953e-05
5.626700000000210821e+03 3.825616295216605067e-05
5.627600000000211367e+03 3.891527012456208467e-05
5.628500000000211003e+03 3.947711957152932882e-05
5.629400000000210639e+03 4.023102883365936577e-05
5.630300000000211185e+03 4.066495966981165111e-05
5.631200000000211730e+03 4.068033740622922778e-05
5.632100000000211367e+03 4.045149034936912358e-05
5.633000000000211003e+03 3.999755062977783382e-05
5.633900000000211548e+03 3.942114926758222282e-05
5.634800000000212094e+03 3.893395114573650062e-05
5.635700000000211730e+03 3.842297883238643408e-05
5.636600000000211367e+03 3.784558066399767995e-05
5.637500000000211912e+03 3.768368333112448454e-05
5.638400000000212458e+03 3.822908183792605996e-05
5.639300000000212094e+03 3.877071867464110255e-05
5.640200000000211730e+03 3.843394733848981559e-05
5.641100000000212276e+03 3.769825343624688685e-05
5.642000000000212822e+03 3.773566641029901803e-05
5.642900000000212458e+03 3.829383786069229245e-05
5.643800000000212094e+03 3.858943091472610831e-05
5.644700000000212640e+03 3.879695213981904089e-05
5.645600000000213186e+03 3.906185520463623106e-05
5.646500000000212822e+03 3.936872235499322414e-05
5.647400000000212458e+03 3.958147499361075461e-05
5.648300000000213004e+03 3.935998392989858985e-05
5.649200000000213549e+03 3.888649007421918213e-05
5.650100000000213186e+03 3.883870886056683958e-05
5.651000000000212822e+03 3.947340519516728818e-05
5.651900000000213367e+03 4.018698382424190640e-05
5.652800000000213913e+03 4.016372986370697618e-05
5.653700000000213549e+03 3.915907655027695000e-05
5.654600000000213186e+03 3.813308649114333093e-05
5.655500000000213731e+03 3.831035428447648883e-05
5.656400000000214277e+03 3.870061118504963815e-05
5.657300000000213913e+03 3.723890768014825881e-05
5.658200000000213549e+03 3.515233038342557847e-05
5.659100000000214095e+03 3.541350088198669255e-05
5.660000000000214641e+03 3.737462611752562225e-05
5.660900000000214277e+03 3.807328539551235735e-05
5.661800000000213913e+03 3.729506715899333358e-05
5.662700000000214459e+03 3.700626984937116504e-05
5.663600000000215005e+03 3.797763929469510913e-05
5.664500000000214641e+03 3.922786709154024720e-05
5.665400000000214277e+03 3.970171746914274991e-05
5.666300000000214823e+03 3.914938497473485768e-05
5.667200000000215368e+03 3.829796332865953445e-05
5.668100000000215005e+03 3.811048009083606303e-05
5.669000000000214641e+03 3.847821426461450756e-05
5.669900000000215186e+03 3.878612551488913596e-05
5.670800000000215732e+03 3.904994082404300570e-05
5.671700000000215368e+03 3.974190622102469206e-05
5.672600000000215005e+03 4.071566945640370250e-05
5.673500000000215550e+03 4.111880480195395648e-05
5.674400000000216096e+03 4.063702726853080094e-05
5.675300000000215732e+03 4.015958620584569871e-05
5.676200000000215368e+03 4.050549614476040006e-05
5.677100000000215914e+03 4.093981624464504421e-05
5.678000000000216460e+03 4.058827107655815780e-05
5.678900000000216096e+03 3.998904503532685339e-05
5.679800000000215732e+03 3.987730087828822434e-05
5.680700000000216278e+03 3.974626451963558793e-05
5.681600000000216824e+03 3.878048664773814380e-05
5.682500000000216460e+03 3.777468737098388374e-05
5.683400000000216096e+03 3.801393177127465606e-05
5.684300000000216642e+03 3.889033541781827807e-05
5.685200000000217187e+03 3.918060610885731876e-05
5.686100000000216824e+03 3.849448330583982170e-05
5.687000000000216460e+03 3.763266795431263745e-05
5.687900000000217005e+03 3.746048969333060086e-05
5.688800000000217551e+03 3.813390139839611948e-05
5.689700000000217187e+03 3.916142668458633125e-05
5.690600000000216824e+03 3.982907219324260950e-05
5.691500000000217369e+03 4.034113590023480356e-05
5.692400000000217915e+03 4.077229095855727792e-05
5.693300000000217551e+03 4.065471148351207376e-05
5.694200000000217187e+03 4.020185588160529733e-05
5.695100000000217733e+03 4.008199175586923957e-05
5.696000000000218279e+03 4.033086588606238365e-05
5.696900000000217915e+03 4.015840022475458682e-05
5.697800000000217551e+03 3.924096745322458446e-05
5.698700000000218097e+03 3.860707874991931021e-05
5.699600000000218643e+03 3.848284904961474240e-05
5.700500000000218279e+03 3.794653821387328207e-05
5.701400000000217915e+03 3.726948125404305756e-05
5.702300000000218461e+03 3.746789298020303249e-05
5.703200000000219006e+03 3.843623926513828337e-05
5.704100000000218643e+03 3.910890882252715528e-05
5.705000000000218279e+03 3.871031731250695884e-05
5.705900000000218824e+03 3.761917105293832719e-05
5.706800000000219370e+03 3.679426663438789546e-05
5.707700000000219006e+03 3.612928776419721544e-05
5.708600000000218643e+03 3.539950557751581073e-05
5.709500000000219188e+03 3.543055936461314559e-05
5.710400000000219734e+03 3.598341208999045193e-05
5.711300000000219370e+03 3.610143539845012128e-05
5.712200000000219006e+03 3.672306047519668937e-05
5.713100000000219552e+03 3.829203706118278205e-05
5.714000000000220098e+03 3.937369547202251852e-05
5.714900000000219734e+03 3.963449489674530923e-05
5.715800000000219370e+03 3.987484160461463034e-05
5.716700000000219916e+03 4.000873013865202665e-05
5.717600000000220462e+03 3.987401214544661343e-05
5.718500000000220098e+03 4.005954178865067661e-05
5.719400000000219734e+03 4.049789276905357838e-05
5.720300000000220280e+03 4.077230551047250628e-05
5.721200000000220825e+03 4.113059912924654782e-05
5.722100000000220462e+03 4.157749572186730802e-05
5.723000000000220098e+03 4.169348176219500601e-05
5.723900000000220643e+03 4.148020889260806143e-05
5.724800000000221189e+03 4.121119491173885763e-05
5.725700000000220825e+03 4.063854066771455109e-05
5.726600000000220462e+03 3.971505066147074103e-05
5.727500000000221007e+03 3.948337689507752657e-05
5.728400000000221553e+03 4.035353049403056502e-05
5.729300000000221189e+03 4.102006641915068030e-05
5.730200000000220825e+03 4.041838110424578190e-05
5.731100000000221371e+03 3.926962381228804588e-05
5.732000000000221917e+03 3.914152694051153958e-05
5.732900000000221553e+03 4.014143632957711816e-05
5.733800000000221189e+03 4.101138620171695948e-05
5.734700000000221735e+03 4.125598206883296371e-05
5.735600000000222281e+03 4.106839696760289371e-05
5.736500000000221917e+03 4.068182897754013538e-05
5.737400000000221553e+03 4.044306479045189917e-05
5.738300000000222099e+03 4.039918712805956602e-05
5.739200000000222644e+03 4.043329317937605083e-05
5.740100000000222281e+03 4.053652810398489237e-05
5.741000000000221917e+03 4.053707380080595613e-05
5.741900000000222462e+03 4.025828820886090398e-05
5.742800000000223008e+03 3.998443571617826819e-05
5.743700000000222644e+03 4.029098272440023720e-05
5.744600000000222281e+03 4.107660788577049971e-05
5.745500000000222826e+03 4.153425106778740883e-05
5.746400000000223372e+03 4.098203498870134354e-05
5.747300000000223008e+03 3.965470750699751079e-05
5.748200000000222644e+03 3.896133785019628704e-05
5.749100000000223190e+03 3.970365287386812270e-05
5.750000000000223736e+03 4.083212479599751532e-05
5.750900000000223372e+03 4.096011616638861597e-05
5.751800000000223008e+03 3.981953705078922212e-05
5.752700000000223554e+03 3.816710886894725263e-05
5.753600000000224099e+03 3.716002174769528210e-05
5.754500000000223736e+03 3.771956107812002301e-05
5.755400000000223372e+03 3.944970376323908567e-05
5.756300000000223918e+03 4.087024717591702938e-05
5.757200000000224463e+03 4.141496174270287156e-05
5.758100000000224099e+03 4.129254011786542833e-05
5.759000000000223736e+03 4.059078855789266527e-05
5.759900000000224281e+03 3.954100611736066639e-05
5.760800000000224827e+03 3.847383050015196204e-05
5.761700000000224463e+03 3.759773608180694282e-05
5.762600000000224099e+03 3.741188629646785557e-05
5.763500000000224645e+03 3.861941877403296530e-05
5.764400000000225191e+03 4.044223169330507517e-05
5.765300000000224827e+03 4.138909207540564239e-05
5.766200000000224463e+03 4.152813926339149475e-05
5.767100000000225009e+03 4.155665737926028669e-05
5.768000000000225555e+03 4.150400127400644124e-05
5.768900000000225191e+03 4.130041997996158898e-05
5.769800000000224827e+03 4.107270069653168321e-05
5.770700000000225373e+03 4.077353150933049619e-05
5.771600000000225918e+03 4.031185380881652236e-05
5.772500000000225555e+03 4.007492680102586746e-05
5.773400000000225191e+03 4.007183815701864660e-05
5.774300000000225737e+03 3.991956691606901586e-05
5.775200000000226282e+03 4.000455373898148537e-05
5.776100000000225918e+03 4.050386996823363006e-05
5.777000000000225555e+03 4.091918890480883420e-05
5.777900000000226100e+03 4.092958624823950231e-05
5.778800000000226646e+03 4.036298923892900348e-05
5.779700000000226282e+03 3.890178049914538860e-05
5.780600000000225918e+03 3.699944136315025389e-05
5.781500000000226464e+03 3.607447433751076460e-05
5.782400000000227010e+03 3.654003376141190529e-05
5.783300000000226646e+03 3.711865792865864933e-05
5.784200000000226282e+03 3.672819002531468868e-05
5.785100000000226828e+03 3.618388291215524077e-05
5.786000000000227374e+03 3.691522579174488783e-05
5.786900000000227010e+03 3.845348328468389809e-05
5.787800000000226646e+03 3.950682366848923266e-05
5.788700000000227192e+03 3.998617467004805803e-05
5.789600000000227737e+03 3.976678999606519938e-05
5.790500000000227374e+03 3.893150642397813499e-05
5.791400000000227010e+03 3.874281901516951621e-05
5.792300000000227556e+03 3.948887751903384924e-05
5.793200000000228101e+03 4.024278314318507910e-05
5.794100000000227737e+03 4.083651583641767502e-05
5.795000000000227374e+03 4.129243461648002267e-05
5.795900000000227919e+03 4.099379293620586395e-05
5.796800000000228465e+03 3.982551424996927381e-05
5.797700000000228101e+03 3.895416739396750927e-05
5.798600000000227737e+03 3.956837463192641735e-05
5.799500000000228283e+03 4.104441541130654514e-05
5.800400000000228829e+03 4.197220187052153051e-05
5.801300000000228465e+03 4.223257565172389150e-05
5.802200000000228101e+03 4.211209306959062815e-05
5.803100000000228647e+03 4.130692832404747605e-05
5.804000000000229193e+03 4.012885619886219501e-05
5.804900000000228829e+03 3.954553903895430267e-05
5.805800000000228465e+03 3.967814336647279561e-05
5.806700000000229011e+03 4.002245623269118369e-05
5.807600000000229556e+03 4.030039053759537637e-05
5.808500000000229193e+03 4.041638749185949564e-05
5.809400000000228829e+03 4.057003025081939995e-05
5.810300000000229375e+03 4.091809751116670668e-05
5.811200000000229920e+03 4.115819319849833846e-05
5.812100000000229556e+03 4.113628165214322507e-05
5.813000000000229193e+03 4.100377555005252361e-05
5.813900000000229738e+03 4.058750710100866854e-05
5.814800000000230284e+03 3.972824924858286977e-05
5.815700000000229920e+03 3.891727101290598512e-05
5.816600000000229556e+03 3.902739263139665127e-05
5.817500000000230102e+03 4.021903441753238440e-05
5.818400000000230648e+03 4.143534897593781352e-05
5.819300000000230284e+03 4.189813989796675742e-05
5.820200000000229920e+03 4.188717139186337590e-05
5.821100000000230466e+03 4.169316889601759613e-05
5.822000000000231012e+03 4.136554707656614482e-05
5.822900000000230648e+03 4.109723522560670972e-05
5.823800000000230284e+03 4.110562076675705612e-05
5.824700000000230830e+03 4.134787013754248619e-05
5.825600000000231375e+03 4.146763239987194538e-05
5.826500000000231012e+03 4.135557901463471353e-05
5.827400000000230648e+03 4.125189298065379262e-05
5.828300000000231194e+03 4.139354859944432974e-05
5.829200000000231739e+03 4.165370046393945813e-05
5.830100000000231375e+03 4.164555139141157269e-05
5.831000000000231012e+03 4.139823067816905677e-05
5.831900000000231557e+03 4.129953231313265860e-05
5.832800000000232103e+03 4.122894824831746519e-05
5.833700000000231739e+03 4.083881503902375698e-05
5.834600000000231375e+03 4.046973845106549561e-05
5.835500000000231921e+03 4.071080547873862088e-05
5.836400000000232467e+03 4.112848546355962753e-05
5.837300000000232103e+03 4.089061985723674297e-05
5.838200000000231739e+03 4.041123247588984668e-05
5.839100000000232285e+03 4.060834908159449697e-05
5.840000000000232831e+03 4.132465983275324106e-05
5.840900000000232467e+03 4.186928708804771304e-05
5.841800000000232103e+03 4.205223740427754819e-05
5.842700000000232649e+03 4.200829062028788030e-05
5.843600000000233194e+03 4.178425660938955843e-05
5.844500000000232831e+03 4.142200486967340112e-05
5.845400000000232467e+03 4.094652103958651423e-05
5.846300000000233013e+03 4.037286998936906457e-05
5.847200000000233558e+03 3.996081795776262879e-05
5.848100000000233194e+03 3.995877705165185034e-05
5.849000000000232831e+03 4.025872112833894789e-05
5.849900000000233376e+03 4.049724520882591605e-05
5.850800000000233922e+03 4.033555160276591778e-05
5.851700000000233558e+03 3.966099029639735818e-05
5.852600000000233194e+03 3.880716030835174024e-05
5.853500000000233740e+03 3.855636532534845173e-05
5.854400000000234286e+03 3.903761898982338607e-05
5.855300000000233922e+03 3.920703238691203296e-05
5.856200000000233558e+03 3.826415922958403826e-05
5.857100000000234104e+03 3.686851414386183023e-05
5.858000000000234650e+03 3.658325294964015484e-05
5.858900000000234286e+03 3.761237530852667987e-05
5.859800000000233922e+03 3.884232137352228165e-05
5.860700000000234468e+03 3.959788955398835242e-05
5.861600000000235013e+03 3.950669997720979154e-05
5.862500000000234650e+03 3.912184911314398050e-05
5.863400000000234286e+03 3.936274879379197955e-05
5.864300000000234832e+03 3.988200478488579392e-05
5.865200000000235377e+03 3.979931352660059929e-05
5.866100000000235013e+03 3.909016959369182587e-05
5.867000000000234650e+03 3.881111842929385602e-05
5.867900000000235195e+03 3.943945557693950832e-05
5.868800000000235741e+03 4.028036710224114358e-05
5.869700000000235377e+03 4.075705146533437073e-05
5.870600000000235013e+03 4.080892904312349856e-05
5.871500000000235559e+03 4.048899427289143205e-05
5.872400000000236105e+03 4.000145781901665032e-05
5.873300000000235741e+03 3.982902489951811731e-05
5.874200000000235377e+03 4.017474202555604279e-05
5.875100000000235923e+03 4.040948260808363557e-05
5.876000000000236469e+03 4.017596074845641851e-05
5.876900000000236105e+03 3.983121132478117943e-05
5.877800000000235741e+03 3.956160435336641967e-05
5.878700000000236287e+03 3.914745684596709907e-05
5.879600000000236832e+03 3.851778092212043703e-05
5.880500000000236469e+03 3.833979280898347497e-05
5.881400000000236105e+03 3.886394915753044188e-05
5.882300000000236651e+03 3.916897912858985364e-05
5.883200000000237196e+03 3.873507012031041086e-05
5.884100000000236832e+03 3.829061824944801629e-05
5.885000000000236469e+03 3.847292828140780330e-05
5.885900000000237014e+03 3.873752211802639067e-05
5.886800000000237560e+03 3.809023110079579055e-05
5.887700000000237196e+03 3.556985757313668728e-05
5.888600000000236832e+03 3.076728535233996809e-05
5.889500000000237378e+03 2.599095387267880142e-05
5.890400000000237924e+03 2.555473838583566248e-05
5.891300000000237560e+03 2.942648279713466763e-05
5.892200000000237196e+03 3.316856600577011704e-05
5.893100000000237742e+03 3.469677903922274709e-05
5.894000000000238288e+03 3.397370528546161950e-05
5.894900000000237924e+03 3.076158827752806246e-05
5.895800000000237560e+03 2.797505294438451529e-05
5.896700000000238106e+03 2.949693953269161284e-05
5.897600000000238651e+03 3.349735197843983769e-05
5.898500000000238288e+03 3.600857598939910531e-05
5.899400000000237924e+03 3.699724766192957759e-05
5.900300000000238470e+03 3.791971175814978778e-05
5.901200000000239015e+03 3.863414895022287965e-05
5.902100000000238651e+03 3.882218879880383611e-05
5.903000000000238288e+03 3.892349559464491904e-05
5.903900000000238833e+03 3.900214505847543478e-05
5.904800000000239379e+03 3.873274908983148634e-05
5.905700000000239015e+03 3.841970465146005154e-05
5.906600000000238651e+03 3.859915523207746446e-05
5.907500000000239197e+03 3.911682870239019394e-05
5.908400000000239743e+03 3.940833994420245290e-05
5.909300000000239379e+03 3.933767220587469637e-05
5.910200000000239015e+03 3.942910552723333240e-05
5.911100000000239561e+03 3.981180270784534514e-05
5.912000000000240107e+03 3.980255132773891091e-05
5.912900000000239743e+03 3.893820394296199083e-05
5.913800000000239379e+03 3.777128949877806008e-05
5.914700000000239925e+03 3.729180025402456522e-05
5.915600000000240470e+03 3.749703319044783711e-05
5.916500000000240107e+03 3.803729487117379904e-05
5.917400000000239743e+03 3.874346293741837144e-05
5.918300000000240289e+03 3.920383460354059935e-05
5.919200000000240834e+03 3.952159750042483211e-05
5.920100000000240470e+03 3.976628795498982072e-05
5.921000000000240107e+03 3.956846558139659464e-05
5.921900000000240652e+03 3.915443448931910098e-05
5.922800000000241198e+03 3.909657971234992146e-05
5.923700000000240834e+03 3.934959750040434301e-05
5.924600000000240470e+03 3.961165930377319455e-05
5.925500000000241016e+03 3.988393655163235962e-05
5.926400000000241562e+03 3.996926898253150284e-05
5.927300000000241198e+03 3.963474955526180565e-05
5.928200000000240834e+03 3.901521267835050821e-05
5.929100000000241380e+03 3.827001273748464882e-05
5.930000000000241926e+03 3.794864460360258818e-05
5.930900000000241562e+03 3.868897329084575176e-05
5.931800000000241198e+03 3.972713238908909261e-05
5.932700000000241744e+03 3.988769458374008536e-05
5.933600000000242289e+03 3.908061626134440303e-05
5.934500000000241926e+03 3.830886271316558123e-05
5.935400000000241562e+03 3.858254058286547661e-05
5.936300000000242107e+03 3.939450471079908311e-05
5.937200000000242653e+03 3.981949339504353702e-05
5.938100000000242289e+03 4.002239802503027022e-05
5.939000000000241926e+03 4.015996455564163625e-05
5.939900000000242471e+03 3.968445525970309973e-05
5.940800000000243017e+03 3.880459917127154768e-05
5.941700000000242653e+03 3.846899926429614425e-05
5.942600000000242289e+03 3.878588904626667500e-05
5.943500000000242835e+03 3.926314821001142263e-05
5.944400000000243381e+03 3.976182051701471210e-05
5.945300000000243017e+03 4.018575782538391650e-05
5.946200000000242653e+03 4.025566522614099085e-05
5.947100000000243199e+03 3.968537930632010102e-05
5.948000000000243745e+03 3.861082586809061468e-05
5.948900000000243381e+03 3.797057797783054411e-05
5.949800000000243017e+03 3.851867222692817450e-05
5.950700000000243563e+03 3.937252040486782789e-05
5.951600000000244108e+03 3.917612048098817468e-05
5.952500000000243745e+03 3.829651541309431195e-05
5.953400000000243381e+03 3.824422674369998276e-05
5.954300000000243926e+03 3.907017526216804981e-05
5.955200000000244472e+03 3.939607267966493964e-05
5.956100000000244108e+03 3.885177648044191301e-05
5.957000000000243745e+03 3.833383379969745874e-05
5.957900000000244290e+03 3.840877616312354803e-05
5.958800000000244836e+03 3.892065433319658041e-05
5.959700000000244472e+03 3.958649904234334826e-05
5.960600000000244108e+03 4.011352575616911054e-05
5.961500000000244654e+03 4.036336758872494102e-05
5.962400000000245200e+03 4.033148070448078215e-05
5.963300000000244836e+03 4.017826358904130757e-05
5.964200000000244472e+03 3.992909478256478906e-05
5.965100000000245018e+03 3.947910954593680799e-05
5.966000000000245564e+03 3.928289879695512354e-05
5.966900000000245200e+03 3.969027238781563938e-05
5.967800000000244836e+03 4.011924465885385871e-05
5.968700000000245382e+03 4.030950731248594820e-05
5.969600000000245927e+03 4.049139897688291967e-05
5.970500000000245564e+03 4.069347778568044305e-05
5.971400000000245200e+03 4.075489050592295825e-05
5.972300000000245745e+03 4.069057467859238386e-05
5.973200000000246291e+03 4.053535303683020175e-05
5.974100000000245927e+03 4.010195698356255889e-05
5.975000000000245564e+03 3.931930405087769032e-05
5.975900000000246109e+03 3.852996087516658008e-05
5.976800000000246655e+03 3.816957541857846081e-05
5.977700000000246291e+03 3.828395347227342427e-05
5.978600000000245927e+03 3.874988033203408122e-05
5.979500000000246473e+03 3.950695099774748087e-05
5.980400000000247019e+03 4.010120028397068381e-05
5.981300000000246655e+03 4.010632983408868313e-05
5.982200000000246291e+03 3.944529453292489052e-05
5.983100000000246837e+03 3.819888661382719874e-05
5.984000000000247383e+03 3.719098094734363258e-05
5.984900000000247019e+03 3.743649358511902392e-05
5.985800000000246655e+03 3.843803278869017959e-05
5.986700000000247201e+03 3.896011548931710422e-05
5.987600000000247746e+03 3.910069062840193510e-05
5.988500000000247383e+03 3.947852383134886622e-05
5.989400000000247019e+03 3.987342279287986457e-05
5.990300000000247564e+03 3.976106745540164411e-05
5.991200000000248110e+03 3.930280217900872231e-05
5.992100000000247746e+03 3.938502050004899502e-05
5.993000000000247383e+03 4.013077705167233944e-05
5.993900000000247928e+03 4.068078487762250006e-05
5.994800000000248474e+03 4.057729893247596920e-05
5.995700000000248110e+03 3.991984340245835483e-05
5.996600000000247746e+03 3.896883208653889596e-05
5.997500000000248292e+03 3.828149419859983027e-05
5.998400000000248838e+03 3.832743459497578442e-05
5.999300000000248474e+03 3.889746585628017783e-05
6.000200000000248110e+03 3.947049845010042191e-05
6.001100000000248656e+03 3.952781480620615184e-05
6.002000000000249202e+03 3.893044413416646421e-05
6.002900000000248838e+03 3.851615474559366703e-05
6.003800000000248474e+03 3.895674672094173729e-05
6.004700000000249020e+03 3.944354102713987231e-05
6.005600000000249565e+03 3.919768278137780726e-05
6.006500000000249202e+03 3.834842209471389651e-05
6.007400000000248838e+03 3.725035276147536933e-05
6.008300000000249383e+03 3.696017301990650594e-05
6.009200000000249929e+03 3.818219192908145487e-05
6.010100000000249565e+03 3.967239899793639779e-05
6.011000000000249202e+03 3.998494503321126103e-05
6.011900000000249747e+03 3.913023101631551981e-05
6.012800000000250293e+03 3.813072544289752841e-05
6.013700000000249929e+03 3.801483035204000771e-05
6.014600000000249565e+03 3.857289266306906939e-05
6.015500000000250111e+03 3.862554876832291484e-05
6.016400000000250657e+03 3.816378375631757081e-05
6.017300000000250293e+03 3.823740917141549289e-05
6.018200000000249929e+03 3.863766323775053024e-05
6.019100000000250475e+03 3.834988092421554029e-05
6.020000000000251021e+03 3.768386523006483912e-05
6.020900000000250657e+03 3.756209844141267240e-05
6.021800000000250293e+03 3.797067256527952850e-05
6.022700000000250839e+03 3.837242547888308764e-05
6.023600000000251384e+03 3.846676190732978284e-05
6.024500000000251021e+03 3.876041955663822591e-05
6.025400000000250657e+03 3.932908657588995993e-05
6.026300000000251202e+03 3.939595626434311271e-05
6.027200000000251748e+03 3.930736420443281531e-05
6.028100000000251384e+03 3.972853664890863001e-05
6.029000000000251021e+03 4.018957042717374861e-05
6.029900000000251566e+03 4.022400753456167877e-05
6.030800000000252112e+03 4.011490455013699830e-05
6.031700000000251748e+03 4.029984120279550552e-05
6.032600000000251384e+03 4.063507003593258560e-05
6.033500000000251930e+03 4.071185321663506329e-05
6.034400000000252476e+03 4.056947000208310783e-05
6.035300000000252112e+03 4.049073322676122189e-05
6.036200000000251748e+03 4.051792711834423244e-05
6.037100000000252294e+03 4.058190825162455440e-05
6.038000000000252840e+03 4.054704913869500160e-05
6.038900000000252476e+03 4.026484384667128325e-05
6.039800000000252112e+03 3.997536987299099565e-05
6.040700000000252658e+03 3.989700780948624015e-05
6.041600000000253203e+03 3.984551221947185695e-05
6.042500000000252840e+03 4.004396396339870989e-05
6.043400000000252476e+03 4.059284401591867208e-05
6.044300000000253021e+03 4.093710231245495379e-05
6.045200000000253567e+03 4.098045610589906573e-05
6.046100000000253203e+03 4.099564102943986654e-05
6.047000000000252840e+03 4.101711238035932183e-05
6.047900000000253385e+03 4.089508729521185160e-05
6.048800000000253931e+03 4.078662459505721927e-05
6.049700000000253567e+03 4.092320523341186345e-05
6.050600000000253203e+03 4.106183405383490026e-05
6.051500000000253749e+03 4.091256050742231309e-05
6.052400000000254295e+03 4.046365938847884536e-05
6.053300000000253931e+03 4.000588887720368803e-05
6.054200000000253567e+03 3.977846790803596377e-05
6.055100000000254113e+03 3.951598409912548959e-05
6.056000000000254659e+03 3.914916669600643218e-05
6.056900000000254295e+03 3.917353387805633247e-05
6.057800000000253931e+03 3.962017945013940334e-05
6.058700000000254477e+03 4.018610707134939730e-05
6.059600000000255022e+03 4.060926221427507699e-05
6.060500000000254659e+03 4.070272188982926309e-05
6.061400000000254295e+03 4.043184890178963542e-05
6.062300000000254840e+03 3.989849938079714775e-05
6.063200000000255386e+03 3.933573316317051649e-05
6.064100000000255022e+03 3.857374395010992885e-05
6.065000000000254659e+03 3.782359272008761764e-05
6.065900000000255204e+03 3.829499109997414052e-05
6.066800000000255750e+03 3.986495357821695507e-05
6.067700000000255386e+03 4.103468018001876771e-05
6.068600000000255022e+03 4.136721690883859992e-05
6.069500000000255568e+03 4.135328708798624575e-05
6.070400000000256114e+03 4.133136826567351818e-05
6.071300000000255750e+03 4.134354821871966124e-05
6.072200000000255386e+03 4.134544724365696311e-05
6.073100000000255932e+03 4.135868221055716276e-05
6.074000000000256478e+03 4.137404903303831816e-05
6.074900000000256114e+03 4.127625652472488582e-05
6.075800000000255750e+03 4.098760837223380804e-05
6.076700000000256296e+03 4.046235335408709943e-05
6.077600000000256841e+03 3.958048182539641857e-05
6.078500000000256478e+03 3.885715341311879456e-05
6.079400000000256114e+03 3.904059121850878000e-05
6.080300000000256659e+03 3.944737181882373989e-05
6.081200000000257205e+03 3.910357554559595883e-05
6.082100000000256841e+03 3.863488745992071927e-05
6.083000000000256478e+03 3.887744969688355923e-05
6.083900000000257023e+03 3.930680759367533028e-05
6.084800000000257569e+03 3.920718154404312372e-05
6.085700000000257205e+03 3.901343734469264746e-05
6.086600000000256841e+03 3.925653072656132281e-05
6.087500000000257387e+03 3.970912075601518154e-05
6.088400000000257933e+03 3.972971899202093482e-05
6.089300000000257569e+03 3.903731703758239746e-05
6.090200000000257205e+03 3.838719931081868708e-05
6.091100000000257751e+03 3.843503509415313601e-05
6.092000000000258296e+03 3.868059138767421246e-05
6.092900000000257933e+03 3.877415656461380422e-05
6.093800000000257569e+03 3.919509617844596505e-05
6.094700000000258115e+03 3.998351166956126690e-05
6.095600000000258660e+03 4.022755092591978610e-05
6.096500000000258296e+03 3.975660365540534258e-05
6.097400000000257933e+03 3.946159631595946848e-05
6.098300000000258478e+03 3.978722452302463353e-05
6.099200000000259024e+03 4.037022881675511599e-05
6.100100000000258660e+03 4.046363028464838862e-05
6.101000000000258296e+03 3.915299748769029975e-05
6.101900000000258842e+03 3.654773536254651845e-05
6.102800000000259388e+03 3.510160240693949163e-05
6.103700000000259024e+03 3.659184949356131256e-05
6.104600000000258660e+03 3.893084794981405139e-05
6.105500000000259206e+03 3.996608938905410469e-05
6.106400000000259752e+03 3.984072827734053135e-05
6.107300000000259388e+03 3.935071435989812016e-05
6.108200000000259024e+03 3.934359483537264168e-05
6.109100000000259570e+03 3.996443774667568505e-05
6.110000000000260115e+03 4.018031540908850729e-05
6.110900000000259752e+03 3.962966002291068435e-05
6.111800000000259388e+03 3.935821587219834328e-05
6.112700000000259934e+03 3.991324410890229046e-05
6.113600000000260479e+03 4.059373168274760246e-05
6.114500000000260115e+03 4.069193164468742907e-05
6.115400000000259752e+03 4.000227636424824595e-05
6.116300000000260297e+03 3.934527194360271096e-05
6.117200000000260843e+03 3.958516390412114561e-05
6.118100000000260479e+03 3.997353269369341433e-05
6.119000000000260115e+03 3.952893530367873609e-05
6.119900000000260661e+03 3.856698458548635244e-05
6.120800000000261207e+03 3.735168502316810191e-05
6.121700000000260843e+03 3.609381019487045705e-05
6.122600000000260479e+03 3.631930303527042270e-05
6.123500000000261025e+03 3.826485772151499987e-05
6.124400000000261571e+03 3.966913209296762943e-05
6.125300000000261207e+03 3.967163138440810144e-05
6.126200000000260843e+03 3.922925679944455624e-05
6.127100000000261389e+03 3.880269650835543871e-05
6.128000000000261934e+03 3.847424159175716341e-05
6.128900000000261571e+03 3.868261410389095545e-05
6.129800000000261207e+03 3.939836824429221451e-05
6.130700000000261753e+03 3.999212640337646008e-05
6.131600000000262298e+03 4.018304389319382608e-05
6.132500000000261934e+03 4.026022361358627677e-05
6.133400000000261571e+03 4.008584801340475678e-05
6.134300000000262116e+03 3.913511682185344398e-05
6.135200000000262662e+03 3.720467793755233288e-05
6.136100000000262298e+03 3.462454333202913404e-05
6.137000000000261934e+03 3.312511398689821362e-05
6.137900000000262480e+03 3.457689672359265387e-05
6.138800000000263026e+03 3.775223012780770659e-05
6.139700000000262662e+03 3.966539225075393915e-05
6.140600000000262298e+03 3.927599391317926347e-05
6.141500000000262844e+03 3.811861097346991301e-05
6.142400000000263390e+03 3.822743747150525451e-05
6.143300000000263026e+03 3.952371480409055948e-05
6.144200000000262662e+03 4.044583329232409596e-05
6.145100000000263208e+03 4.050683855894021690e-05
6.146000000000263753e+03 4.027767499792389572e-05
6.146900000000263390e+03 3.991132689407095313e-05
6.147800000000263026e+03 3.924286647816188633e-05
6.148700000000263572e+03 3.856174589600414038e-05
6.149600000000264117e+03 3.826545435003936291e-05
6.150500000000263753e+03 3.849297354463487864e-05
6.151400000000263390e+03 3.903502511093392968e-05
6.152300000000263935e+03 3.952710903831757605e-05
6.153200000000264481e+03 3.945273056160658598e-05
6.154100000000264117e+03 3.867267514578998089e-05
6.155000000000263753e+03 3.814561932813376188e-05
6.155900000000264299e+03 3.838197153527289629e-05
6.156800000000264845e+03 3.864682730636559427e-05
6.157700000000264481e+03 3.857063347822986543e-05
6.158600000000264117e+03 3.845524042844772339e-05
6.159500000000264663e+03 3.775272125494666398e-05
6.160400000000265209e+03 3.560758705134503543e-05
6.161300000000264845e+03 3.284970443928614259e-05
6.162200000000264481e+03 3.163914516335353255e-05
6.163100000000265027e+03 3.271634705015458167e-05
6.164000000000265572e+03 3.480857412796467543e-05
6.164900000000265209e+03 3.638166526798158884e-05
6.165800000000264845e+03 3.701884270412847400e-05
6.166700000000265391e+03 3.748886229004710913e-05
6.167600000000265936e+03 3.746173388208262622e-05
6.168500000000265572e+03 3.588767503970302641e-05
6.169400000000265209e+03 3.410760837141424417e-05
6.170300000000265754e+03 3.448444476816803217e-05
6.171200000000266300e+03 3.656883563962765038e-05
6.172100000000265936e+03 3.790243135881610215e-05
6.173000000000265572e+03 3.786427259910851717e-05
6.173900000000266118e+03 3.773226853809319437e-05
6.174800000000266664e+03 3.785463195526972413e-05
6.175700000000266300e+03 3.771903357119299471e-05
6.176600000000265936e+03 3.750878386199474335e-05
6.177500000000266482e+03 3.785782973864115775e-05
6.178400000000267028e+03 3.848220148938708007e-05
6.179300000000266664e+03 3.848001142614521086e-05
6.180200000000266300e+03 3.824058512691408396e-05
6.181100000000266846e+03 3.854564056382514536e-05
6.182000000000267391e+03 3.895549161825329065e-05
6.182900000000267028e+03 3.896600173902697861e-05
6.183800000000266664e+03 3.888050923706032336e-05
6.184700000000267210e+03 3.873201421811245382e-05
6.185600000000267755e+03 3.805537562584504485e-05
6.186500000000267391e+03 3.719265077961608768e-05
6.187400000000267028e+03 3.683654358610510826e-05
6.188300000000267573e+03 3.691990423249080777e-05
6.189200000000268119e+03 3.692107202368788421e-05
6.190100000000267755e+03 3.599403135012835264e-05
6.191000000000267391e+03 3.446407572482712567e-05
6.191900000000267937e+03 3.448018469498492777e-05
6.192800000000268483e+03 3.635351822595112026e-05
6.193700000000268119e+03 3.790340269915759563e-05
6.194600000000267755e+03 3.838898192043416202e-05
6.195500000000268301e+03 3.857597403111867607e-05
6.196400000000268847e+03 3.889262006850913167e-05
6.197300000000268483e+03 3.896141060977242887e-05
6.198200000000268119e+03 3.820586789515800774e-05
6.199100000000268665e+03 3.694068800541572273e-05
6.200000000000269210e+03 3.640673094196245074e-05
6.200900000000268847e+03 3.714735430548898876e-05
6.201800000000268483e+03 3.831807407550513744e-05
6.202700000000269029e+03 3.894112160196527839e-05
6.203600000000269574e+03 3.891542291967198253e-05
6.204500000000269210e+03 3.873393143294379115e-05
6.205400000000268847e+03 3.879272480844520032e-05
6.206300000000269392e+03 3.895913323503918946e-05
6.207200000000269938e+03 3.899931107298471034e-05
6.208100000000269574e+03 3.894514884450472891e-05
6.209000000000269210e+03 3.878340066876262426e-05
6.209900000000269756e+03 3.846775143756531179e-05
6.210800000000270302e+03 3.819649282377213240e-05
6.211700000000269938e+03 3.785698936553671956e-05
6.212600000000269574e+03 3.686252239276655018e-05
6.213500000000270120e+03 3.550198016455397010e-05
6.214400000000270666e+03 3.473372635198757052e-05
6.215300000000270302e+03 3.472844400675967336e-05
6.216200000000269938e+03 3.545928484527394176e-05
6.217100000000270484e+03 3.654331521829590201e-05
6.218000000000271029e+03 3.687302887556143105e-05
6.218900000000270666e+03 3.614240995375439525e-05
6.219800000000270302e+03 3.546729203662835062e-05
6.220700000000270848e+03 3.565525184967555106e-05
6.221600000000271393e+03 3.639837814262136817e-05
6.222500000000271029e+03 3.697866850416176021e-05
6.223400000000270666e+03 3.692890459205955267e-05
6.224300000000271211e+03 3.669497527880594134e-05
6.225200000000271757e+03 3.687986463773995638e-05
6.226100000000271393e+03 3.717549407156184316e-05
6.227000000000271029e+03 3.728921001311391592e-05
6.227900000000271575e+03 3.719604501384310424e-05
6.228800000000272121e+03 3.636706605902872980e-05
6.229700000000271757e+03 3.471188392722979188e-05
6.230600000000271393e+03 3.355067019583657384e-05
6.231500000000271939e+03 3.394749001017771661e-05
6.232400000000272485e+03 3.505901986500248313e-05
6.233300000000272121e+03 3.622239819378592074e-05
6.234200000000271757e+03 3.755565558094531298e-05
6.235100000000272303e+03 3.833437222056090832e-05
6.236000000000272848e+03 3.816155731328763068e-05
6.236900000000272485e+03 3.744609421119093895e-05
6.237800000000272121e+03 3.671918602776713669e-05
6.238700000000272667e+03 3.606891186791472137e-05
6.239600000000273212e+03 3.550068504409864545e-05
6.240500000000272848e+03 3.559523247531615198e-05
6.241400000000272485e+03 3.604075027396902442e-05
6.242300000000273030e+03 3.558403477654792368e-05
6.243200000000273576e+03 3.478079088381491601e-05
6.244100000000273212e+03 3.484195622149854898e-05
6.245000000000272848e+03 3.516598735586740077e-05
6.245900000000273394e+03 3.525279316818341613e-05
6.246800000000273940e+03 3.585595186450518668e-05
6.247700000000273576e+03 3.698599903145805001e-05
6.248600000000273212e+03 3.764876964851282537e-05
6.249500000000273758e+03 3.765477231354452670e-05
6.250400000000274304e+03 3.726215072674676776e-05
6.251300000000273940e+03 3.620298230089247227e-05
6.252200000000273576e+03 3.492556425044313073e-05
6.253100000000274122e+03 3.443624518695287406e-05
6.254000000000274667e+03 3.467136048129759729e-05
6.254900000000274304e+03 3.500971797620877624e-05
6.255800000000273940e+03 3.486224159132689238e-05
6.256700000000274486e+03 3.420850043767131865e-05
6.257600000000275031e+03 3.355549779371358454e-05
6.258500000000274667e+03 3.356501474627293646e-05
6.259400000000274304e+03 3.472575190244242549e-05
6.260300000000274849e+03 3.594410372897982597e-05
6.261200000000275395e+03 3.658691639429889619e-05
6.262100000000275031e+03 3.739713065442629158e-05
6.263000000000274667e+03 3.811531496467068791e-05
6.263900000000275213e+03 3.776907396968454123e-05
6.264800000000275759e+03 3.670070509542711079e-05
6.265700000000275395e+03 3.640544309746474028e-05
6.266600000000275031e+03 3.709029260789975524e-05
6.267500000000275577e+03 3.751823169295676053e-05
6.268400000000276123e+03 3.724640555446967483e-05
6.269300000000275759e+03 3.692545942612923682e-05
6.270200000000275395e+03 3.693683174788020551e-05
6.271100000000275941e+03 3.720322274602949619e-05
6.272000000000276486e+03 3.763247514143586159e-05
6.272900000000276123e+03 3.788232788792811334e-05
6.273800000000275759e+03 3.775883669732138515e-05
6.274700000000276304e+03 3.763459972105920315e-05
6.275600000000276850e+03 3.770934199565090239e-05
6.276500000000276486e+03 3.775960431084968150e-05
6.277400000000276123e+03 3.776340963668189943e-05
6.278300000000276668e+03 3.767479211091995239e-05
6.279200000000277214e+03 3.714575359481386840e-05
6.280100000000276850e+03 3.643732634373009205e-05
6.281000000000276486e+03 3.640411159722134471e-05
6.281900000000277032e+03 3.700283195939846337e-05
6.282800000000277578e+03 3.769937757169827819e-05
6.283700000000277214e+03 3.825425301329232752e-05
6.284600000000276850e+03 3.825132080237381160e-05
6.285500000000277396e+03 3.808482870226725936e-05
6.286400000000277942e+03 3.834469316643662751e-05
6.287300000000277578e+03 3.882334203808568418e-05
6.288200000000277214e+03 3.915910201612859964e-05
6.289100000000277760e+03 3.906908386852592230e-05
6.290000000000278305e+03 3.844822640530765057e-05
6.290900000000277942e+03 3.774821016122587025e-05
6.291800000000277578e+03 3.743433262570761144e-05
6.292700000000278123e+03 3.746494621736928821e-05
6.293600000000278669e+03 3.778361133299767971e-05
6.294500000000278305e+03 3.801036655204370618e-05
6.295400000000277942e+03 3.751257827389054000e-05
6.296300000000278487e+03 3.655956606962718070e-05
6.297200000000279033e+03 3.611220745369791985e-05
6.298100000000278669e+03 3.649839345598593354e-05
6.299000000000278305e+03 3.713171827257610857e-05
6.299900000000278851e+03 3.713011392392218113e-05
6.300800000000279397e+03 3.631698928074911237e-05
6.301700000000279033e+03 3.559447941370308399e-05
6.302600000000278669e+03 3.592554276110604405e-05
6.303500000000279215e+03 3.690467565320432186e-05
6.304400000000279761e+03 3.741829277714714408e-05
6.305300000000279397e+03 3.740724423551000655e-05
6.306200000000279033e+03 3.778130485443398356e-05
6.307100000000279579e+03 3.857203046209178865e-05
6.308000000000280124e+03 3.896272392012178898e-05
6.308900000000279761e+03 3.873456807923503220e-05
6.309800000000279397e+03 3.809166082646697760e-05
6.310700000000279942e+03 3.742716216947883368e-05
6.311600000000280488e+03 3.718939478858374059e-05
6.312500000000280124e+03 3.745232606888748705e-05
6.313400000000279761e+03 3.743079287232831120e-05
6.314300000000280306e+03 3.656329863588325679e-05
6.315200000000280852e+03 3.593072324292734265e-05
6.316100000000280488e+03 3.621067662606947124e-05
6.317000000000280124e+03 3.610692874644882977e-05
6.317900000000280670e+03 3.526473301462829113e-05
6.318800000000281216e+03 3.525586362229660153e-05
6.319700000000280852e+03 3.640907016233541071e-05
6.320600000000280488e+03 3.732333061634562910e-05
6.321500000000281034e+03 3.735974678420461714e-05
6.322400000000281580e+03 3.720978565979748964e-05
6.323300000000281216e+03 3.761533662327565253e-05
6.324200000000280852e+03 3.821983409579843283e-05
6.325100000000281398e+03 3.848204505629837513e-05
6.326000000000281943e+03 3.841915167868137360e-05
6.326900000000281580e+03 3.817964534391649067e-05
6.327800000000281216e+03 3.824612576863728464e-05
6.328700000000281761e+03 3.849263521260581911e-05
6.329600000000282307e+03 3.822814323939383030e-05
6.330500000000281943e+03 3.788762478507123888e-05
6.331400000000281580e+03 3.817917604465037584e-05
6.332300000000282125e+03 3.880172516801394522e-05
6.333200000000282671e+03 3.897376882378011942e-05
6.334100000000282307e+03 3.800830381806008518e-05
6.335000000000281943e+03 3.631308209151029587e-05
6.335900000000282489e+03 3.540375109878368676e-05
6.336800000000283035e+03 3.590094274841248989e-05
6.337700000000282671e+03 3.681362068164162338e-05
6.338600000000282307e+03 3.721575194504112005e-05
6.339500000000282853e+03 3.762462074519135058e-05
6.340400000000283399e+03 3.829605702776461840e-05
6.341300000000283035e+03 3.840121644316241145e-05
6.342200000000282671e+03 3.767466841964051127e-05
6.343100000000283217e+03 3.658888090285472572e-05
6.344000000000283762e+03 3.603716322686523199e-05
6.344900000000283399e+03 3.657474371721036732e-05
6.345800000000283035e+03 3.744241621461696923e-05
6.346700000000283580e+03 3.785743683692999184e-05
6.347600000000284126e+03 3.809681220445781946e-05
6.348500000000283762e+03 3.838689735857769847e-05
6.349400000000283399e+03 3.850374559988267720e-05
6.350300000000283944e+03 3.849854329018853605e-05
6.351200000000284490e+03 3.856329567497596145e-05
6.352100000000284126e+03 3.851296787615865469e-05
6.353000000000283762e+03 3.807156099355779588e-05
6.353900000000284308e+03 3.724593625520355999e-05
6.354800000000284854e+03 3.664556061266921461e-05
6.355700000000284490e+03 3.688197102746926248e-05
6.356600000000284126e+03 3.722095425473526120e-05
6.357500000000284672e+03 3.661946175270713866e-05
6.358400000000285218e+03 3.558419484761543572e-05
6.359300000000284854e+03 3.518992161843925714e-05
6.360200000000284490e+03 3.525102147250436246e-05
6.361100000000285036e+03 3.499002923490479589e-05
6.362000000000285581e+03 3.458703940850682557e-05
6.362900000000285218e+03 3.470003139227628708e-05
6.363800000000284854e+03 3.538245073286816478e-05
6.364700000000285399e+03 3.621246651164256036e-05
6.365600000000285945e+03 3.687303978949785233e-05
6.366500000000285581e+03 3.741017644642852247e-05
6.367400000000285218e+03 3.804197694989852607e-05
6.368300000000285763e+03 3.843487138510681689e-05
6.369200000000286309e+03 3.829672277788631618e-05
6.370100000000285945e+03 3.797161843976937234e-05
6.371000000000285581e+03 3.804325751843862236e-05
6.371900000000286127e+03 3.859002390527166426e-05
6.372800000000286673e+03 3.902531170751899481e-05
6.373700000000286309e+03 3.899425428244285285e-05
6.374600000000285945e+03 3.878254938172176480e-05
6.375500000000286491e+03 3.876089976984076202e-05
6.376400000000287037e+03 3.880874646711163223e-05
6.377300000000286673e+03 3.846577601507306099e-05
6.378200000000286309e+03 3.789099719142541289e-05
6.379100000000286855e+03 3.766457302845083177e-05
6.380000000000287400e+03 3.768104579648934305e-05
6.380900000000287037e+03 3.775854929699562490e-05
6.381800000000286673e+03 3.811084752669557929e-05
6.382700000000287218e+03 3.840639328700490296e-05
6.383600000000287764e+03 3.821883728960528970e-05
6.384500000000287400e+03 3.795911470660939813e-05
6.385400000000287037e+03 3.815872696577571332e-05
6.386300000000287582e+03 3.857114279526285827e-05
6.387200000000288128e+03 3.873323657899163663e-05
6.388100000000287764e+03 3.866530460072681308e-05
6.389000000000287400e+03 3.869886495522223413e-05
6.389900000000287946e+03 3.882146847900003195e-05
6.390800000000288492e+03 3.863579695462249219e-05
6.391700000000288128e+03 3.770351759158074856e-05
6.392600000000287764e+03 3.620254210545681417e-05
6.393500000000288310e+03 3.548251333995722234e-05
6.394400000000288856e+03 3.640866634668782353e-05
6.395300000000288492e+03 3.792606730712577701e-05
6.396200000000288128e+03 3.890623702318407595e-05
6.397100000000288674e+03 3.917825597454793751e-05
6.398000000000289219e+03 3.858598574879579246e-05
6.398900000000288856e+03 3.679689689306542277e-05
6.399800000000288492e+03 3.504961568978615105e-05
6.400700000000289037e+03 3.559198012226261199e-05
6.401600000000289583e+03 3.773128628381527960e-05
6.402500000000289219e+03 3.913954060408286750e-05
6.403400000000288856e+03 3.947562800021842122e-05
6.404300000000289401e+03 3.933078187401406467e-05
6.405200000000289947e+03 3.892359745805151761e-05
6.406100000000289583e+03 3.823971564997918904e-05
6.407000000000289219e+03 3.725620263139717281e-05
6.407900000000289765e+03 3.674441904877312481e-05
6.408800000000290311e+03 3.747455411939881742e-05
6.409700000000289947e+03 3.822080543613992631e-05
6.410600000000289583e+03 3.766362715396098793e-05
6.411500000000290129e+03 3.684291004901751876e-05
6.412400000000290675e+03 3.702493631863035262e-05
6.413300000000290311e+03 3.757287777261808515e-05
6.414200000000289947e+03 3.778332029469311237e-05
6.415100000000290493e+03 3.802526771323755383e-05
6.416000000000291038e+03 3.842103251372464001e-05
6.416900000000290675e+03 3.851007204502820969e-05
6.417800000000290311e+03 3.821016434812918305e-05
6.418700000000290856e+03 3.753460987354628742e-05
6.419600000000291402e+03 3.650665894383564591e-05
6.420500000000291038e+03 3.580229531507939100e-05
6.421400000000290675e+03 3.628080230555497110e-05
6.422300000000291220e+03 3.781159102800302207e-05
6.423200000000291766e+03 3.899927105521783233e-05
6.424100000000291402e+03 3.906946949427947402e-05
6.425000000000291038e+03 3.879672658513300121e-05
6.425900000000291584e+03 3.893383473041467369e-05
6.426800000000292130e+03 3.933007610612548888e-05
6.427700000000291766e+03 3.948938683606684208e-05
6.428600000000291402e+03 3.898951399605721235e-05
6.429500000000291948e+03 3.767430462175980210e-05
6.430400000000292493e+03 3.625140016083605587e-05
6.431300000000292130e+03 3.608538827393203974e-05
6.432200000000291766e+03 3.714589547598734498e-05
6.433100000000292312e+03 3.818042023340240121e-05
6.434000000000292857e+03 3.873979585478082299e-05
6.434900000000292493e+03 3.906730125891044736e-05
6.435800000000292130e+03 3.922158066416159272e-05
6.436700000000292675e+03 3.888103674398735166e-05
6.437600000000293221e+03 3.765234578168019652e-05
6.438500000000292857e+03 3.623273369157686830e-05
6.439400000000292493e+03 3.631322397268377244e-05
6.440300000000293039e+03 3.795166412601247430e-05
6.441200000000293585e+03 3.938444206141866744e-05
6.442100000000293221e+03 3.978612221544608474e-05
6.443000000000292857e+03 3.964736242778599262e-05
6.443900000000293403e+03 3.952909901272505522e-05
6.444800000000293949e+03 3.963448034483008087e-05
6.445700000000293585e+03 3.987336822319775820e-05
6.446600000000293221e+03 3.986613955930806696e-05
6.447500000000293767e+03 3.903669130522757769e-05
6.448400000000294312e+03 3.697713327710516751e-05
6.449300000000293949e+03 3.463058237684890628e-05
6.450200000000293585e+03 3.417686821194365621e-05
6.451100000000294131e+03 3.589683910831809044e-05
6.452000000000294676e+03 3.782075509661808610e-05
6.452900000000294312e+03 3.887308048433624208e-05
6.453800000000293949e+03 3.892360837198793888e-05
6.454700000000294494e+03 3.806458335020579398e-05
6.455600000000295040e+03 3.722940891748294234e-05
6.456500000000294676e+03 3.745678259292617440e-05
6.457400000000294312e+03 3.850025677820667624e-05
6.458300000000294858e+03 3.944199488614685833e-05
6.459200000000295404e+03 3.989481774624437094e-05
6.460100000000295040e+03 3.970175384893082082e-05
6.461000000000294676e+03 3.838725751847960055e-05
6.461900000000295222e+03 3.625993849709630013e-05
6.462800000000295768e+03 3.532435948727652431e-05
6.463700000000295404e+03 3.652844679891131818e-05
6.464600000000295040e+03 3.815664604189805686e-05
6.465500000000295586e+03 3.897339774994179606e-05
6.466400000000296131e+03 3.925903001800179482e-05
6.467300000000295768e+03 3.933322295779362321e-05
6.468200000000295404e+03 3.907995051122270525e-05
6.469100000000295950e+03 3.858159834635443985e-05
6.470000000000296495e+03 3.813871808233670890e-05
6.470900000000296131e+03 3.773613207158632576e-05
6.471800000000295768e+03 3.776701487367972732e-05
6.472700000000296313e+03 3.841016950900666416e-05
6.473600000000296859e+03 3.874017056659795344e-05
6.474500000000296495e+03 3.836645191768184304e-05
6.475400000000296131e+03 3.806927998084574938e-05
6.476300000000296677e+03 3.840810677502304316e-05
6.477200000000297223e+03 3.884784746333025396e-05
6.478100000000296859e+03 3.886828926624730229e-05
6.479000000000296495e+03 3.876368646160699427e-05
6.479900000000297041e+03 3.850915891234762967e-05
6.480800000000297587e+03 3.763998756767250597e-05
6.481700000000297223e+03 3.652405575849115849e-05
6.482600000000296859e+03 3.620764618972316384e-05
6.483500000000297405e+03 3.687954813358373940e-05
6.484400000000297950e+03 3.774624929064884782e-05
6.485300000000297587e+03 3.824416853603906929e-05
6.486200000000297223e+03 3.845554965664632618e-05
6.487100000000297769e+03 3.861553341266699135e-05
6.488000000000298314e+03 3.866078623104840517e-05
6.488900000000297950e+03 3.837420808849856257e-05
6.489800000000297587e+03 3.782641579164192080e-05
6.490700000000298132e+03 3.738889790838584304e-05
6.491600000000298678e+03 3.706356073962524533e-05
6.492500000000298314e+03 3.609614577726460993e-05
6.493400000000297950e+03 3.395072053535841405e-05
6.494300000000298496e+03 3.182833461323752999e-05
6.495200000000299042e+03 3.133008067379705608e-05
6.496100000000298678e+03 3.223125895601697266e-05
6.497000000000298314e+03 3.356246452312916517e-05
6.497900000000298860e+03 3.461207961663603783e-05
6.498800000000299406e+03 3.502000254229642451e-05
6.499700000000299042e+03 3.549455504980869591e-05
6.500600000000298678e+03 3.637277768575586379e-05
6.501500000000299224e+03 3.707857467816211283e-05
6.502400000000299769e+03 3.747711525647900999e-05
6.503300000000299406e+03 3.771201954805292189e-05
6.504200000000299042e+03 3.792839197558350861e-05
6.505100000000299588e+03 3.825398380286060274e-05
6.506000000000300133e+03 3.850821303785778582e-05
6.506900000000299769e+03 3.834601011476479471e-05
6.507800000000299406e+03 3.782250496442429721e-05
6.508700000000299951e+03 3.756409205379895866e-05
6.509600000000300497e+03 3.789350375882349908e-05
6.510500000000300133e+03 3.837201438727788627e-05
6.511400000000299769e+03 3.851535439025610685e-05
6.512300000000300315e+03 3.843711965600959957e-05
6.513200000000300861e+03 3.839418786810711026e-05
6.514100000000300497e+03 3.818285404122434556e-05
6.515000000000300133e+03 3.769477189052850008e-05
6.515900000000300679e+03 3.725078204297460616e-05
6.516800000000301225e+03 3.697694046422839165e-05
6.517700000000300861e+03 3.664294490590691566e-05
6.518600000000300497e+03 3.653304156614467502e-05
6.519500000000301043e+03 3.716000719578005373e-05
6.520400000000301588e+03 3.805783853749744594e-05
6.521300000000301225e+03 3.848499545711092651e-05
6.522200000000300861e+03 3.844382081297226250e-05
6.523100000000301407e+03 3.836840551230125129e-05
6.524000000000301952e+03 3.847946572932414711e-05
6.524900000000301588e+03 3.844770981231704354e-05
6.525800000000301225e+03 3.789820038946345448e-05
6.526700000000301770e+03 3.724454290932044387e-05
6.527600000000302316e+03 3.723076224559918046e-05
6.528500000000301952e+03 3.779027611017227173e-05
6.529400000000301588e+03 3.827204272965900600e-05
6.530300000000302134e+03 3.827142063528299332e-05
6.531200000000302680e+03 3.780026599997654557e-05
6.532100000000302316e+03 3.725119677255861461e-05
6.533000000000301952e+03 3.707984433276578784e-05
6.533900000000302498e+03 3.746723814401775599e-05
6.534800000000303044e+03 3.814398951362818480e-05
6.535700000000302680e+03 3.851586370728909969e-05
6.536600000000302316e+03 3.832167567452415824e-05
6.537500000000302862e+03 3.804665175266563892e-05
6.538400000000303407e+03 3.824397936114110053e-05
6.539300000000303044e+03 3.873996683978475630e-05
6.540200000000302680e+03 3.891665619448758662e-05
6.541100000000303226e+03 3.855723480228334665e-05
6.542000000000303771e+03 3.801071216003037989e-05
6.542900000000303407e+03 3.762596679734997451e-05
6.543800000000303044e+03 3.739627572940662503e-05
6.544700000000303589e+03 3.688957440317608416e-05
6.545600000000304135e+03 3.600336276576854289e-05
6.546500000000303771e+03 3.568023021216504276e-05
6.547400000000303407e+03 3.635018583736382425e-05
6.548300000000303953e+03 3.716382343554869294e-05
6.549200000000304499e+03 3.745721915038302541e-05
6.550100000000304135e+03 3.723291229107417166e-05
6.551000000000303771e+03 3.682915848912671208e-05
6.551900000000304317e+03 3.659491630969569087e-05
6.552800000000304863e+03 3.636075416579842567e-05
6.553700000000304499e+03 3.575929076760075986e-05
6.554600000000304135e+03 3.499044396448880434e-05
6.555500000000304681e+03 3.461843880359083414e-05
6.556400000000305226e+03 3.489623850327916443e-05
6.557300000000304863e+03 3.540487159625627100e-05
6.558200000000304499e+03 3.556886076694354415e-05
6.559100000000305045e+03 3.524505518726073205e-05
6.560000000000305590e+03 3.415918763494119048e-05
6.560900000000305226e+03 3.120621840935200453e-05
6.561800000000304863e+03 2.621627027110662311e-05
6.562700000000305408e+03 2.291518831043504179e-05
6.563600000000305954e+03 2.507657518435735255e-05
6.564500000000305590e+03 3.022989585588220507e-05
6.565400000000305226e+03 3.388994082342833281e-05
6.566300000000305772e+03 3.550912151695229113e-05
6.567200000000306318e+03 3.612361615523695946e-05
6.568100000000305954e+03 3.590414416976273060e-05
6.569000000000305590e+03 3.535580617608502507e-05
6.569900000000306136e+03 3.536305666784755886e-05
6.570800000000306682e+03 3.573687354219146073e-05
6.571700000000306318e+03 3.565300721675157547e-05
6.572600000000305954e+03 3.512912735459394753e-05
6.573500000000306500e+03 3.472846947261132300e-05
6.574400000000307045e+03 3.470342562650330365e-05
6.575300000000306682e+03 3.529099558363668621e-05
6.576200000000306318e+03 3.638603811850771308e-05
6.577100000000306864e+03 3.725598435266874731e-05
6.578000000000307409e+03 3.755888974410481751e-05
6.578900000000307045e+03 3.736224971362389624e-05
6.579800000000306682e+03 3.676495907711796463e-05
6.580700000000307227e+03 3.626086981967091560e-05
6.581600000000307773e+03 3.640375871327705681e-05
6.582500000000307409e+03 3.696739440783858299e-05
6.583400000000307045e+03 3.734129131771624088e-05
6.584300000000307591e+03 3.736613507498987019e-05
6.585200000000308137e+03 3.714005652000196278e-05
6.586100000000307773e+03 3.697819920489564538e-05
6.587000000000307409e+03 3.726365684997290373e-05
6.587900000000307955e+03 3.773052958422340453e-05
6.588800000000308501e+03 3.794949589064344764e-05
6.589700000000308137e+03 3.797109093284234405e-05
6.590600000000307773e+03 3.759297396754845977e-05
6.591500000000308319e+03 3.630907667684368789e-05
6.592400000000308864e+03 3.450717485975474119e-05
6.593300000000308501e+03 3.373002255102619529e-05
6.594200000000308137e+03 3.475210542092099786e-05
6.595100000000308683e+03 3.629333150456659496e-05
6.596000000000309228e+03 3.699197986861690879e-05
6.596900000000308864e+03 3.681395537569187582e-05
6.597800000000308501e+03 3.635610846686176956e-05
6.598700000000309046e+03 3.633279629866592586e-05
6.599600000000309592e+03 3.696430212585255504e-05
6.600500000000309228e+03 3.771698538912460208e-05
6.601400000000308864e+03 3.804963489528745413e-05
6.602300000000309410e+03 3.795837255893275142e-05
6.603200000000309956e+03 3.758568709599785507e-05
6.604100000000309592e+03 3.705922063090838492e-05
6.605000000000309228e+03 3.664810355985537171e-05
6.605900000000309774e+03 3.649969585239887238e-05
6.606800000000310320e+03 3.636016481323167682e-05
6.607700000000309956e+03 3.589410334825515747e-05
6.608600000000309592e+03 3.529966124915517867e-05
6.609500000000310138e+03 3.546290463418699801e-05
6.610400000000310683e+03 3.659549111034721136e-05
6.611300000000310320e+03 3.756468140636570752e-05
6.612200000000309956e+03 3.762523556360974908e-05
6.613100000000310501e+03 3.724199632415547967e-05
6.614000000000311047e+03 3.725729402503930032e-05
6.614900000000310683e+03 3.775520235649310052e-05
6.615800000000310320e+03 3.801380444201640785e-05
6.616700000000310865e+03 3.778748214244842529e-05
6.617600000000311411e+03 3.754491626750677824e-05
6.618500000000311047e+03 3.763960921787656844e-05
6.619400000000310683e+03 3.791730705415830016e-05
6.620300000000311229e+03 3.810392081504687667e-05
6.621200000000311775e+03 3.806783570325933397e-05
6.622100000000311411e+03 3.776217999984510243e-05
6.623000000000311047e+03 3.714052218128927052e-05
6.623900000000311593e+03 3.634932727436535060e-05
6.624800000000312139e+03 3.599463525461032987e-05
6.625700000000311775e+03 3.643134550657123327e-05
6.626600000000311411e+03 3.696164640132337809e-05
6.627500000000311957e+03 3.708008443936705589e-05
6.628400000000312502e+03 3.703625043272040784e-05
6.629300000000312139e+03 3.695860868901945651e-05
6.630200000000311775e+03 3.684357943711802363e-05
6.631100000000312320e+03 3.658308196463622153e-05
6.632000000000312866e+03 3.596868918975815177e-05
6.632900000000312502e+03 3.510295937303453684e-05
6.633800000000312139e+03 3.463255779934115708e-05
6.634700000000312684e+03 3.514268246362917125e-05
6.635600000000313230e+03 3.617251422838307917e-05
6.636500000000312866e+03 3.695671694003976882e-05
6.637400000000312502e+03 3.724017005879431963e-05
6.638300000000313048e+03 3.701811874634586275e-05
6.639200000000313594e+03 3.663889219751581550e-05
6.640100000000313230e+03 3.668141289381310344e-05
6.641000000000312866e+03 3.710902456077747047e-05
6.641900000000313412e+03 3.698961518239229918e-05
6.642800000000313958e+03 3.610309067880734801e-05
6.643700000000313594e+03 3.559124888852238655e-05
6.644600000000313230e+03 3.611259671743027866e-05
6.645500000000313776e+03 3.677179483929648995e-05
6.646400000000314321e+03 3.681629095808602870e-05
6.647300000000313958e+03 3.660730362753383815e-05
6.648200000000313594e+03 3.669366924441419542e-05
6.649100000000314139e+03 3.694549013744108379e-05
6.650000000000314685e+03 3.693335384014062583e-05
6.650900000000314321e+03 3.671003651106730103e-05
6.651800000000313958e+03 3.657149136415682733e-05
6.652700000000314503e+03 3.656196349766105413e-05
6.653600000000315049e+03 3.659771027741953731e-05
6.654500000000314685e+03 3.670219666673801839e-05
6.655400000000314321e+03 3.675821790238842368e-05
6.656300000000314867e+03 3.666823249659501016e-05
6.657200000000315413e+03 3.665300755528733134e-05
6.658100000000315049e+03 3.673345781862735748e-05
6.659000000000314685e+03 3.667909550131298602e-05
6.659900000000315231e+03 3.646427285275422037e-05
6.660800000000315777e+03 3.620826828409917653e-05
6.661700000000315413e+03 3.578575706342235208e-05
6.662600000000315049e+03 3.505485801724717021e-05
6.663500000000315595e+03 3.469473085715435445e-05
6.664400000000316140e+03 3.517896402627229691e-05
6.665300000000315777e+03 3.568732063286006451e-05
6.666200000000315413e+03 3.572703644749708474e-05
6.667100000000315958e+03 3.563171776477247477e-05
6.668000000000316504e+03 3.579169060685671866e-05
6.668900000000316140e+03 3.628041304182261229e-05
6.669800000000315777e+03 3.679769361042417586e-05
6.670700000000316322e+03 3.705277413246221840e-05
6.671600000000316868e+03 3.704052505781874061e-05
6.672500000000316504e+03 3.697431020555086434e-05
6.673400000000316140e+03 3.698216823977418244e-05
6.674300000000316686e+03 3.704021582962013781e-05
6.675200000000317232e+03 3.699026274261996150e-05
6.676100000000316868e+03 3.632315201684832573e-05
6.677000000000316504e+03 3.488289075903594494e-05
6.677900000000317050e+03 3.381522401468828321e-05
6.678800000000317596e+03 3.431647928664460778e-05
6.679700000000317232e+03 3.554581417120061815e-05
6.680600000000316868e+03 3.610696512623690069e-05
6.681500000000317414e+03 3.616252433857880533e-05
6.682400000000317959e+03 3.630867286119610071e-05
6.683300000000317596e+03 3.654496322269551456e-05
6.684200000000317232e+03 3.667919736471958458e-05
6.685100000000317777e+03 3.667281634989194572e-05
6.686000000000318323e+03 3.658350033219903708e-05
6.686900000000317959e+03 3.642592128016985953e-05
6.687800000000317596e+03 3.633495725807733834e-05
6.688700000000318141e+03 3.644030584837310016e-05
6.689600000000318687e+03 3.658455534605309367e-05
6.690500000000318323e+03 3.663908137241378427e-05
6.691400000000317959e+03 3.662378367152996361e-05
6.692300000000318505e+03 3.658989589894190431e-05
6.693200000000319051e+03 3.659217691165395081e-05
6.694100000000318687e+03 3.643725722213275731e-05
6.695000000000318323e+03 3.584266232792288065e-05
6.695900000000318869e+03 3.513151386869139969e-05
6.696800000000319415e+03 3.496801218716427684e-05
6.697700000000319051e+03 3.530476897140033543e-05
6.698600000000318687e+03 3.575133086997084320e-05
6.699500000000319233e+03 3.626228499342687428e-05
6.700400000000319778e+03 3.663658571895211935e-05
6.701300000000319415e+03 3.666383418021723628e-05
6.702200000000319051e+03 3.637771442299708724e-05
6.703100000000319596e+03 3.586071397876366973e-05
6.704000000000320142e+03 3.546638254192657769e-05
6.704900000000319778e+03 3.554154682205989957e-05
6.705800000000319415e+03 3.593151996028609574e-05
6.706700000000319960e+03 3.622346048359759152e-05
6.707600000000320506e+03 3.628309787018224597e-05
6.708500000000320142e+03 3.623236989369615912e-05
6.709400000000319778e+03 3.604184166761115193e-05
6.710300000000320324e+03 3.586236562114208937e-05
6.711200000000320870e+03 3.587757601053453982e-05
6.712100000000320506e+03 3.575307709979824722e-05
6.713000000000320142e+03 3.536468648235313594e-05
6.713900000000320688e+03 3.501463288557715714e-05
6.714800000000321234e+03 3.469456351012922823e-05
6.715700000000320870e+03 3.419748463784344494e-05
6.716600000000320506e+03 3.355805529281497002e-05
6.717500000000321052e+03 3.334768553031608462e-05
6.718400000000321597e+03 3.416258550714701414e-05
6.719300000000321234e+03 3.532602568157017231e-05
6.720200000000320870e+03 3.581274359021335840e-05
6.721100000000321415e+03 3.564453800208866596e-05
6.722000000000321961e+03 3.553141868906095624e-05
6.722900000000321597e+03 3.584353544283658266e-05
6.723800000000321234e+03 3.613591252360492945e-05
6.724700000000321779e+03 3.593945803004316986e-05
6.725600000000322325e+03 3.548328095348551869e-05
6.726500000000321961e+03 3.531764014041982591e-05
6.727400000000321597e+03 3.556004594429396093e-05
6.728300000000322143e+03 3.586971433833241463e-05
6.729200000000322689e+03 3.609575651353225112e-05
6.730100000000322325e+03 3.626233228715136647e-05
6.731000000000321961e+03 3.626940815593115985e-05
6.731900000000322507e+03 3.607479811762459576e-05
6.732800000000323053e+03 3.581787314033135772e-05
6.733700000000322689e+03 3.574656511773355305e-05
6.734600000000322325e+03 3.591942004277370870e-05
6.735500000000322871e+03 3.612545697251334786e-05
6.736400000000323416e+03 3.604802623158320785e-05
6.737300000000323053e+03 3.559103424777276814e-05
6.738200000000322689e+03 3.507499786792322993e-05
6.739100000000323234e+03 3.497460056678391993e-05
6.740000000000323780e+03 3.534228380885906518e-05
6.740900000000323416e+03 3.563596328604035079e-05
6.741800000000323053e+03 3.541717524058185518e-05
6.742700000000323598e+03 3.507515793899074197e-05
6.743600000000324144e+03 3.517545701470226049e-05
6.744500000000323780e+03 3.549662142177112401e-05
6.745400000000323416e+03 3.554727300070226192e-05
6.746300000000323962e+03 3.536611257004551589e-05
6.747200000000324508e+03 3.517973891575820744e-05
6.748100000000324144e+03 3.500195452943444252e-05
6.749000000000323780e+03 3.478729922790080309e-05
6.749900000000324326e+03 3.468979048193432391e-05
6.750800000000324872e+03 3.489620576146990061e-05
6.751700000000324508e+03 3.498934165691025555e-05
6.752600000000324144e+03 3.476865094853565097e-05
6.753500000000324690e+03 3.485364868538454175e-05
6.754400000000325235e+03 3.525634383549913764e-05
6.755300000000324872e+03 3.552398993633687496e-05
6.756200000000324508e+03 3.576771996449679136e-05
6.757100000000325053e+03 3.608064071158878505e-05
6.758000000000325599e+03 3.633756205090321600e-05
6.758900000000325235e+03 3.648620622698217630e-05
6.759800000000324872e+03 3.653490421129390597e-05
6.760700000000325417e+03 3.644312164396978915e-05
6.761600000000325963e+03 3.626305624493397772e-05
6.762500000000325599e+03 3.623224256443791091e-05
6.763400000000325235e+03 3.632352309068664908e-05
6.764300000000325781e+03 3.626559191616252065e-05
6.765200000000326327e+03 3.595145244617015123e-05
6.766100000000325963e+03 3.541953628882765770e-05
6.767000000000325599e+03 3.495872806524857879e-05
6.767900000000326145e+03 3.498266232782043517e-05
6.768800000000326690e+03 3.538336022756993771e-05
6.769700000000326327e+03 3.555162766133435071e-05
6.770600000000325963e+03 3.531948823365382850e-05
6.771500000000326509e+03 3.520984682836569846e-05
6.772400000000327054e+03 3.553249916876666248e-05
6.773300000000326690e+03 3.609554914874024689e-05
6.774200000000326327e+03 3.659311551018618047e-05
6.775100000000326872e+03 3.683122849906794727e-05
6.776000000000327418e+03 3.677651329780928791e-05
6.776900000000327054e+03 3.656803164631128311e-05
6.777800000000326690e+03 3.654470128822140396e-05
6.778700000000327236e+03 3.677922359202057123e-05
6.779600000000327782e+03 3.687245771288871765e-05
6.780500000000327418e+03 3.660894435597583652e-05
6.781400000000327054e+03 3.606929021771065891e-05
6.782300000000327600e+03 3.533624840201810002e-05
6.783200000000328146e+03 3.461117739789187908e-05
6.784100000000327782e+03 3.425252725719474256e-05
6.785000000000327418e+03 3.437013947404921055e-05
6.785900000000327964e+03 3.472866592346690595e-05
6.786800000000328509e+03 3.522005135891959071e-05
6.787700000000328146e+03 3.572532295947894454e-05
6.788600000000327782e+03 3.592648135963827372e-05
6.789500000000328328e+03 3.587615356082096696e-05
6.790400000000328873e+03 3.591467248043045402e-05
6.791300000000328509e+03 3.598555122152902186e-05
6.792200000000328146e+03 3.577156894607469440e-05
6.793100000000328691e+03 3.533331619109958410e-05
6.794000000000329237e+03 3.512804323690943420e-05
6.794900000000328873e+03 3.520907193887978792e-05
6.795800000000328509e+03 3.532893606461584568e-05
6.796700000000329055e+03 3.549466418917290866e-05
6.797600000000329601e+03 3.563441714504733682e-05
6.798500000000329237e+03 3.569225373212248087e-05
6.799400000000328873e+03 3.580994962248951197e-05
6.800300000000329419e+03 3.597049726522527635e-05
6.801200000000329965e+03 3.610476051107980311e-05
6.802100000000329601e+03 3.611034117056988180e-05
6.803000000000329237e+03 3.587701576179824769e-05
6.803900000000329783e+03 3.566454324754886329e-05
6.804800000000330328e+03 3.574361471692100167e-05
6.805700000000329965e+03 3.580416887416504323e-05
6.806600000000329601e+03 3.568731699488125741e-05
6.807500000000330147e+03 3.576345625333487988e-05
6.808400000000330692e+03 3.589392872527241707e-05
6.809300000000330328e+03 3.569768887246027589e-05
6.810200000000329965e+03 3.552054840838536620e-05
6.811100000000330510e+03 3.571205525076948106e-05
6.812000000000331056e+03 3.597038812586106360e-05
6.812900000000330692e+03 3.592534994822926819e-05
6.813800000000330328e+03 3.553442365955561399e-05
6.814700000000330874e+03 3.519538950058631599e-05
6.815600000000331420e+03 3.542761623975820839e-05
6.816500000000331056e+03 3.602419747039675713e-05
6.817400000000330692e+03 3.631804065662436187e-05
6.818300000000331238e+03 3.613098670030012727e-05
6.819200000000331784e+03 3.568861939129419625e-05
6.820100000000331420e+03 3.541429396136663854e-05
6.821000000000331056e+03 3.563287100405432284e-05
6.821900000000331602e+03 3.609959094319492579e-05
6.822800000000332147e+03 3.641739385784603655e-05
6.823700000000331784e+03 3.653971361927688122e-05
6.824600000000331420e+03 3.657640263554640114e-05
6.825500000000331966e+03 3.654127431218512356e-05
6.826400000000332511e+03 3.626335092121735215e-05
6.827300000000332147e+03 3.569882028386928141e-05
6.828200000000331784e+03 3.527972148731350899e-05
6.829100000000332329e+03 3.542281046975404024e-05
6.830000000000332875e+03 3.592074790503829718e-05
6.830900000000332511e+03 3.622816075221635401e-05
6.831800000000332147e+03 3.617346374085173011e-05
6.832700000000332693e+03 3.607581311371177435e-05
6.833600000000333239e+03 3.620129791670478880e-05
6.834500000000332875e+03 3.641923103714361787e-05
6.835400000000332511e+03 3.644531534519046545e-05
6.836300000000333057e+03 3.622057192842476070e-05
6.837200000000333603e+03 3.590733467717655003e-05
6.838100000000333239e+03 3.551950430846773088e-05
6.839000000000332875e+03 3.500754246488213539e-05
6.839900000000333421e+03 3.446434493525885046e-05
6.840800000000333966e+03 3.397856926312670112e-05
6.841700000000333603e+03 3.380344423931092024e-05
6.842600000000333239e+03 3.415312312426976860e-05
6.843500000000333785e+03 3.485718116280622780e-05
6.844400000000334330e+03 3.560398545232601464e-05
6.845300000000333966e+03 3.606340760597959161e-05
6.846200000000333603e+03 3.617462061811238527e-05
6.847100000000334148e+03 3.617681431933306158e-05
6.848000000000334694e+03 3.613161243265494704e-05
6.848900000000334330e+03 3.598368493840098381e-05
6.849800000000333966e+03 3.583668149076402187e-05
6.850700000000334512e+03 3.580707561923190951e-05
6.851600000000335058e+03 3.592601569835096598e-05
6.852500000000334694e+03 3.607307371567003429e-05
6.853400000000334330e+03 3.579452459234744310e-05
6.854300000000334876e+03 3.497439320199191570e-05
6.855200000000335422e+03 3.437608393141999841e-05
6.856100000000335058e+03 3.451358861639164388e-05
6.857000000000334694e+03 3.488360380288213491e-05
6.857900000000335240e+03 3.511979957693256438e-05
6.858800000000335785e+03 3.530700996634550393e-05
6.859700000000335422e+03 3.517702862154692411e-05
6.860600000000335058e+03 3.463181928964331746e-05
6.861500000000335604e+03 3.433091114857234061e-05
6.862400000000336149e+03 3.485464185359887779e-05
6.863300000000335785e+03 3.581136115826666355e-05
6.864200000000335422e+03 3.637024201452732086e-05
6.865100000000335967e+03 3.623767042881809175e-05
6.866000000000336513e+03 3.559543620212934911e-05
6.866900000000336149e+03 3.479490987956523895e-05
6.867800000000335785e+03 3.443099922151304781e-05
6.868700000000336331e+03 3.483393811620771885e-05
6.869600000000336877e+03 3.544853825587779284e-05
6.870500000000336513e+03 3.555673538357950747e-05
6.871400000000336149e+03 3.516135620884597301e-05
6.872300000000336695e+03 3.490186281851492822e-05
6.873200000000337241e+03 3.509808811941184103e-05
6.874100000000336877e+03 3.530274625518359244e-05
6.875000000000336513e+03 3.527859007590450346e-05
6.875900000000337059e+03 3.536959775374270976e-05
6.876800000000337604e+03 3.576605740818195045e-05
6.877700000000337241e+03 3.613852459238842130e-05
6.878600000000336877e+03 3.618119808379560709e-05
6.879500000000337423e+03 3.601399293984286487e-05
6.880400000000337968e+03 3.563147765817120671e-05
6.881300000000337604e+03 3.498668593238107860e-05
6.882200000000337241e+03 3.446136179263703525e-05
6.883100000000337786e+03 3.461251981207169592e-05
6.884000000000338332e+03 3.530281537678092718e-05
6.884900000000337968e+03 3.564549479051493108e-05
6.885800000000337604e+03 3.555628063622862101e-05
6.886700000000338150e+03 3.574080619728192687e-05
6.887600000000338696e+03 3.615380410337820649e-05
6.888500000000338332e+03 3.637756526586599648e-05
6.889400000000337968e+03 3.651783117675222456e-05
6.890300000000338514e+03 3.671067679533734918e-05
6.891200000000339060e+03 3.672377715702168643e-05
6.892100000000338696e+03 3.651863880804739892e-05
6.893000000000338332e+03 3.645187462097965181e-05
6.893900000000338878e+03 3.641691000666469336e-05
6.894800000000339423e+03 3.607924736570566893e-05
6.895700000000339060e+03 3.580538759706541896e-05
6.896600000000338696e+03 3.604320954764261842e-05
6.897500000000339242e+03 3.644395474111661315e-05
6.898400000000339787e+03 3.643671516329050064e-05
6.899300000000339423e+03 3.609562554629519582e-05
6.900200000000339060e+03 3.598871990106999874e-05
6.901100000000339605e+03 3.630939318099990487e-05
6.902000000000340151e+03 3.662057861220091581e-05
6.902900000000339787e+03 3.657922570710070431e-05
6.903800000000339423e+03 3.637608097051270306e-05
6.904700000000339969e+03 3.631735307862982154e-05
6.905600000000340515e+03 3.643757736426778138e-05
6.906500000000340151e+03 3.664516407297924161e-05
6.907400000000339787e+03 3.675826883409172297e-05
6.908300000000340333e+03 3.681519228848628700e-05
6.909200000000340879e+03 3.695709892781451344e-05
6.910100000000340515e+03 3.690767334774136543e-05
6.911000000000340151e+03 3.658797140815295279e-05
6.911900000000340697e+03 3.625202953116968274e-05
6.912800000000341242e+03 3.592341454350389540e-05
6.913700000000340879e+03 3.558686512405984104e-05
6.914600000000340515e+03 3.554535942384973168e-05
6.915500000000341061e+03 3.572959758457727730e-05
6.916400000000341606e+03 3.570587796275503933e-05
6.917300000000341242e+03 3.567207022570073605e-05
6.918200000000340879e+03 3.594634836190380156e-05
6.919100000000341424e+03 3.635825123637914658e-05
6.920000000000341970e+03 3.670472142403014004e-05
6.920900000000341606e+03 3.690202720463275909e-05
6.921800000000341242e+03 3.688695142045617104e-05
6.922700000000341788e+03 3.652315353974699974e-05
6.923600000000342334e+03 3.580637712730094790e-05
6.924500000000341970e+03 3.511465547489933670e-05
6.925400000000341606e+03 3.491847746772691607e-05
6.926300000000342152e+03 3.534741335897706449e-05
6.927200000000342698e+03 3.600131094572134316e-05
6.928100000000342334e+03 3.635054235928691924e-05
6.929000000000341970e+03 3.640187060227617621e-05
6.929900000000342516e+03 3.639063288574106991e-05
6.930800000000343061e+03 3.631793515523895621e-05
6.931700000000342698e+03 3.603103323257528245e-05
6.932600000000342334e+03 3.559870674507692456e-05
6.933500000000342880e+03 3.557190211722627282e-05
6.934400000000343425e+03 3.606502650654874742e-05
6.935300000000343061e+03 3.642314914031885564e-05
6.936200000000342698e+03 3.638572161435149610e-05
6.937100000000343243e+03 3.625628596637398005e-05
6.938000000000343789e+03 3.628440754255279899e-05
6.938900000000343425e+03 3.651159931905567646e-05
6.939800000000343061e+03 3.681626913021318614e-05
6.940700000000343607e+03 3.696563726407475770e-05
6.941600000000344153e+03 3.678714347188360989e-05
6.942500000000343789e+03 3.634782115113921463e-05
6.943400000000343425e+03 3.577714232960715890e-05
6.944300000000343971e+03 3.518063385854475200e-05
6.945200000000344517e+03 3.501713217701762915e-05
6.946100000000344153e+03 3.556100273272022605e-05
6.947000000000343789e+03 3.624085729825310409e-05
6.947900000000344335e+03 3.662946983240544796e-05
6.948800000000344880e+03 3.677773202070966363e-05
6.949700000000344517e+03 3.659075082396157086e-05
6.950600000000344153e+03 3.602063225116580725e-05
6.951500000000344698e+03 3.552513226168230176e-05
6.952400000000345244e+03 3.539882527547888458e-05
6.953300000000344880e+03 3.543541242834180593e-05
6.954200000000344517e+03 3.558682874427177012e-05
6.955100000000345062e+03 3.593248038669116795e-05
6.956000000000345608e+03 3.635324537754058838e-05
6.956900000000345244e+03 3.658970672404393554e-05
6.957800000000344880e+03 3.662289236672222614e-05
6.958700000000345426e+03 3.661342270788736641e-05
6.959600000000345972e+03 3.657290653791278601e-05
6.960500000000345608e+03 3.658029891084879637e-05
6.961400000000345244e+03 3.670586738735437393e-05
6.962300000000345790e+03 3.683552859001792967e-05
6.963200000000346336e+03 3.694029874168336391e-05
6.964100000000345972e+03 3.692493191920220852e-05
6.965000000000345608e+03 3.663345341919921339e-05
6.965900000000346154e+03 3.639578790171071887e-05
6.966800000000346699e+03 3.667265991680324078e-05
6.967700000000346336e+03 3.719942833413369954e-05
6.968600000000345972e+03 3.739476960618048906e-05
6.969500000000346517e+03 3.712753095896914601e-05
6.970400000000347063e+03 3.667167766252532601e-05
6.971300000000346699e+03 3.651443694252520800e-05
6.972200000000346336e+03 3.684269177028909326e-05
6.973100000000346881e+03 3.712939360411837697e-05
6.974000000000347427e+03 3.686059062601998448e-05
6.974900000000347063e+03 3.626175384852103889e-05
6.975800000000346699e+03 3.566871237126179039e-05
6.976700000000347245e+03 3.488728543743491173e-05
6.977600000000347791e+03 3.379637564648874104e-05
6.978500000000347427e+03 3.314486821182072163e-05
6.979400000000347063e+03 3.377847315277904272e-05
6.980300000000347609e+03 3.514830314088612795e-05
6.981200000000348155e+03 3.619522976805455983e-05
6.982100000000347791e+03 3.677063068607822061e-05
6.983000000000347427e+03 3.710174132720567286e-05
6.983900000000347973e+03 3.722948167705908418e-05
6.984800000000348518e+03 3.721835673786699772e-05
6.985700000000348155e+03 3.713676414918154478e-05
6.986600000000347791e+03 3.699900480569340289e-05
6.987500000000348336e+03 3.677000859170220792e-05
6.988400000000348882e+03 3.640714567154645920e-05
6.989300000000348518e+03 3.618320624809712172e-05
6.990200000000348155e+03 3.637809641077183187e-05
6.991100000000348700e+03 3.681231828522868454e-05
6.992000000000349246e+03 3.711295357788912952e-05
6.992900000000348882e+03 3.709974043886177242e-05
6.993800000000348518e+03 3.684464536490850151e-05
6.994700000000349064e+03 3.669797661132179201e-05
6.995600000000349610e+03 3.682947863126173615e-05
6.996500000000349246e+03 3.700857632793486118e-05
6.997400000000348882e+03 3.698477303260006011e-05
6.998300000000349428e+03 3.650825601653195918e-05
6.999200000000349974e+03 3.574663423933088779e-05
7.000100000000349610e+03 3.545195431797765195e-05
7.001000000000349246e+03 3.593065775930881500e-05
7.001900000000349792e+03 3.653714520623907447e-05
7.002800000000350337e+03 3.651890801847912371e-05
7.003700000000349974e+03 3.598389957915060222e-05
7.004600000000349610e+03 3.558907701517455280e-05
7.005500000000350155e+03 3.554299473762512207e-05
7.006400000000350701e+03 3.572248897398822010e-05
7.007300000000350337e+03 3.605586243793368340e-05
7.008200000000349974e+03 3.644723619800060987e-05
7.009100000000350519e+03 3.667816781671717763e-05
7.010000000000351065e+03 3.656622357084415853e-05
7.010900000000350701e+03 3.630013452493585646e-05
7.011800000000350337e+03 3.627257319749332964e-05
7.012700000000350883e+03 3.651134829851798713e-05
7.013600000000351429e+03 3.655194086604751647e-05
7.014500000000351065e+03 3.588968684198334813e-05
7.015400000000350701e+03 3.463394750724546611e-05
7.016300000000351247e+03 3.387604374438524246e-05
7.017200000000351793e+03 3.452460077824071050e-05
7.018100000000351429e+03 3.589340121834538877e-05
7.019000000000351065e+03 3.687275602715089917e-05
7.019900000000351611e+03 3.728152660187333822e-05
7.020800000000352156e+03 3.729532545548863709e-05
7.021700000000351793e+03 3.679353903862647712e-05
7.022600000000351429e+03 3.581595956347882748e-05
7.023500000000351974e+03 3.497828583931550384e-05
7.024400000000352520e+03 3.487955109449103475e-05
7.025300000000352156e+03 3.543728962540626526e-05
7.026200000000351793e+03 3.603885852498933673e-05
7.027100000000352338e+03 3.634706081356853247e-05
7.028000000000352884e+03 3.649655627668835223e-05
7.028900000000352520e+03 3.660956281237304211e-05
7.029800000000352156e+03 3.670127989607863128e-05
7.030700000000352702e+03 3.670591468107886612e-05
7.031600000000353248e+03 3.656678018160164356e-05
7.032500000000352884e+03 3.642321098595857620e-05
7.033400000000352520e+03 3.636679684859700501e-05
7.034300000000353066e+03 3.639996430138126016e-05
7.035200000000353612e+03 3.664114046841859818e-05
7.036100000000353248e+03 3.679998189909383655e-05
7.037000000000352884e+03 3.622314034146256745e-05
7.037900000000353430e+03 3.526912769302725792e-05
7.038800000000353975e+03 3.526626460370607674e-05
7.039700000000353612e+03 3.646460027084685862e-05
7.040600000000353248e+03 3.777049278141930699e-05
7.041500000000353793e+03 3.845843093586154282e-05
7.042400000000354339e+03 3.854494207189418375e-05
7.043300000000353975e+03 3.811094939010217786e-05
7.044200000000353612e+03 3.738813757081516087e-05
7.045100000000354157e+03 3.699256194522604346e-05
7.046000000000354703e+03 3.726666909642517567e-05
7.046900000000354339e+03 3.784394721151329577e-05
7.047800000000353975e+03 3.830677451333031058e-05
7.048700000000354521e+03 3.846432809950783849e-05
7.049600000000355067e+03 3.829703200608491898e-05
7.050500000000354703e+03 3.783449574257247150e-05
7.051400000000354339e+03 3.691833990160375834e-05
7.052300000000354885e+03 3.561678386176936328e-05
7.053200000000355431e+03 3.453575845924206078e-05
7.054100000000355067e+03 3.411394209251739085e-05
7.055000000000354703e+03 3.437048872001469135e-05
7.055900000000355249e+03 3.503356492728926241e-05
7.056800000000355794e+03 3.557596573955379426e-05
7.057700000000355431e+03 3.559558172128163278e-05
7.058600000000355067e+03 3.501925675664097071e-05
7.059500000000355612e+03 3.423708767513744533e-05
7.060400000000356158e+03 3.391268182895146310e-05
7.061300000000355794e+03 3.417169136810116470e-05
7.062200000000355431e+03 3.454716352280229330e-05
7.063100000000355976e+03 3.487973663141019642e-05
7.064000000000356522e+03 3.521882536006160080e-05
7.064900000000356158e+03 3.527288208715617657e-05
7.065800000000355794e+03 3.484309854684397578e-05
7.066700000000356340e+03 3.410472345422022045e-05
7.067600000000356886e+03 3.335538713145069778e-05
7.068500000000356522e+03 3.317721711937338114e-05
7.069400000000356158e+03 3.391459904378280044e-05
7.070300000000356704e+03 3.494947304716333747e-05
7.071200000000357250e+03 3.547750384313985705e-05
7.072100000000356886e+03 3.551973713911138475e-05
7.073000000000356522e+03 3.551485860953107476e-05
7.073900000000357068e+03 3.555759758455678821e-05
7.074800000000357613e+03 3.553554051904939115e-05
7.075700000000357250e+03 3.546625157468952239e-05
7.076600000000356886e+03 3.547297092154622078e-05
7.077500000000357431e+03 3.560757613740861416e-05
7.078400000000357977e+03 3.575751543394289911e-05
7.079300000000357613e+03 3.591806307667866349e-05
7.080200000000357250e+03 3.611182182794436812e-05
7.081100000000357795e+03 3.608104088925756514e-05
7.082000000000358341e+03 3.555930015863850713e-05
7.082900000000357977e+03 3.451536395004950464e-05
7.083800000000357613e+03 3.332911001052707434e-05
7.084700000000358159e+03 3.279389420640654862e-05
7.085600000000358705e+03 3.306778671685606241e-05
7.086500000000358341e+03 3.325330544612370431e-05
7.087400000000357977e+03 3.301566903246566653e-05
7.088300000000358523e+03 3.282232864876277745e-05
7.089200000000359069e+03 3.271088644396513700e-05
7.090100000000358705e+03 3.259520235587842762e-05
7.091000000000358341e+03 3.266509156674146652e-05
7.091900000000358887e+03 3.275890412623994052e-05
7.092800000000359432e+03 3.270441447966732085e-05
7.093700000000359069e+03 3.271111927460879087e-05
7.094600000000358705e+03 3.275646668043918908e-05
7.095500000000359250e+03 3.275430208304896951e-05
7.096400000000359796e+03 3.282877514720894396e-05
7.097300000000359432e+03 3.306270446046255529e-05
7.098200000000359069e+03 3.355902663315646350e-05
7.099100000000359614e+03 3.403696973691694438e-05
7.100000000000360160e+03 3.410939098102971911e-05
7.100900000000359796e+03 3.386161188245750964e-05
7.101800000000359432e+03 3.351787017891183496e-05
7.102700000000359978e+03 3.339261820656247437e-05
7.103600000000360524e+03 3.370568447280675173e-05
7.104500000000360160e+03 3.421434303163550794e-05
7.105400000000359796e+03 3.433399979257956147e-05
7.106300000000360342e+03 3.396007741685025394e-05
7.107200000000360887e+03 3.362036295584402978e-05
7.108100000000360524e+03 3.366954479133710265e-05
7.109000000000360160e+03 3.375556116225197911e-05
7.109900000000360706e+03 3.344202559674158692e-05
7.110800000000361251e+03 3.295902934041805565e-05
7.111700000000360887e+03 3.284816557425074279e-05
7.112600000000360524e+03 3.322007250972092152e-05
7.113500000000361069e+03 3.369382102391682565e-05
7.114400000000361615e+03 3.395349631318822503e-05
7.115300000000361251e+03 3.408142219996079803e-05
7.116200000000360887e+03 3.415777973714284599e-05
7.117100000000361433e+03 3.408973498153500259e-05
7.118000000000361979e+03 3.398829721845686436e-05
7.118900000000361615e+03 3.394123268662951887e-05
7.119800000000361251e+03 3.391046266187913716e-05
7.120700000000361797e+03 3.377670873305760324e-05
7.121600000000362343e+03 3.345693039591424167e-05
7.122500000000361979e+03 3.336513691465370357e-05
7.123400000000361615e+03 3.361541530466638505e-05
7.124300000000362161e+03 3.352893327246420085e-05
7.125200000000362706e+03 3.296495560789480805e-05
7.126100000000362343e+03 3.254249531892128289e-05
7.127000000000361979e+03 3.263001781306229532e-05
7.127900000000362525e+03 3.293441477580927312e-05
7.128800000000363070e+03 3.283881596871651709e-05
7.129700000000362706e+03 3.218283745809458196e-05
7.130600000000362343e+03 3.159034167765639722e-05
7.131500000000362888e+03 3.171489515807479620e-05
7.132400000000363434e+03 3.235802432755008340e-05
7.133300000000363070e+03 3.303539415355771780e-05
7.134200000000362706e+03 3.347960955579765141e-05
7.135100000000363252e+03 3.359811307745985687e-05
7.136000000000363798e+03 3.367450335645116866e-05
7.136900000000363434e+03 3.383029252290725708e-05
7.137800000000363070e+03 3.367786848684772849e-05
7.138700000000363616e+03 3.322591146570630372e-05
7.139600000000364162e+03 3.310124520794488490e-05
7.140500000000363798e+03 3.348308382555842400e-05
7.141400000000363434e+03 3.379709232831373811e-05
7.142300000000363980e+03 3.375391315785236657e-05
7.143200000000364525e+03 3.365691372891888022e-05
7.144100000000364162e+03 3.363340874784626067e-05
7.145000000000363798e+03 3.364588337717577815e-05
7.145900000000364344e+03 3.358132016728632152e-05
7.146800000000364889e+03 3.303748599137179554e-05
7.147700000000364525e+03 3.219648715457879007e-05
7.148600000000364162e+03 3.199965431122109294e-05
7.149500000000364707e+03 3.255646515754051507e-05
7.150400000000365253e+03 3.314997593406587839e-05
7.151300000000364889e+03 3.364579606568440795e-05
7.152200000000364525e+03 3.418648338993079960e-05
7.153100000000365071e+03 3.447604831308126450e-05
7.154000000000365617e+03 3.423757152631878853e-05
7.154900000000365253e+03 3.380252746865153313e-05
7.155800000000364889e+03 3.386251046322286129e-05
7.156700000000365435e+03 3.433035453781485558e-05
7.157600000000365981e+03 3.444520552875474095e-05
7.158500000000365617e+03 3.406918403925374150e-05
7.159400000000365253e+03 3.366003875271417201e-05
7.160300000000365799e+03 3.359451511641964316e-05
7.161200000000366344e+03 3.390260098967701197e-05
7.162100000000365981e+03 3.407565964153036475e-05
7.163000000000365617e+03 3.350904808030463755e-05
7.163900000000366163e+03 3.236584234400652349e-05
7.164800000000366708e+03 3.165113594150170684e-05
7.165700000000366344e+03 3.205516622983850539e-05
7.166600000000365981e+03 3.313488195999525487e-05
7.167500000000366526e+03 3.404162634979002178e-05
7.168400000000367072e+03 3.435033067944459617e-05
7.169300000000366708e+03 3.423911766731180251e-05
7.170200000000366344e+03 3.420846041990444064e-05
7.171100000000366890e+03 3.447502967901527882e-05
7.172000000000367436e+03 3.484484841465018690e-05
7.172900000000367072e+03 3.502542676869779825e-05
7.173800000000366708e+03 3.485092383925803006e-05
7.174700000000367254e+03 3.430567448958754539e-05
7.175600000000367800e+03 3.370294871274381876e-05
7.176500000000367436e+03 3.364219082868658006e-05
7.177400000000367072e+03 3.418882261030375957e-05
7.178300000000367618e+03 3.448857751209288836e-05
7.179200000000368163e+03 3.396237661945633590e-05
7.180100000000367800e+03 3.299639138276688755e-05
7.181000000000367436e+03 3.246329288231208920e-05
7.181900000000367982e+03 3.292369365226477385e-05
7.182800000000368527e+03 3.395191743038594723e-05
7.183700000000368163e+03 3.462517997832037508e-05
7.184600000000367800e+03 3.462299355305731297e-05
7.185500000000368345e+03 3.409202327020466328e-05
7.186400000000368891e+03 3.318359449622221291e-05
7.187300000000368527e+03 3.234103132854215801e-05
7.188200000000368163e+03 3.213420495740137994e-05
7.189100000000368709e+03 3.252459282521158457e-05
7.190000000000369255e+03 3.319872485008090734e-05
7.190900000000368891e+03 3.372796709300018847e-05
7.191800000000368527e+03 3.368144462001509964e-05
7.192700000000369073e+03 3.329699029563926160e-05
7.193600000000369619e+03 3.326895966893061996e-05
7.194500000000369255e+03 3.366051168995909393e-05
7.195400000000368891e+03 3.383560760994441807e-05
7.196300000000369437e+03 3.351804480189457536e-05
7.197200000000369982e+03 3.326923251734115183e-05
7.198100000000369619e+03 3.354101136210374534e-05
7.199000000000369255e+03 3.397170439711771905e-05
7.199900000000369801e+03 3.412178193684667349e-05
7.200800000000370346e+03 3.388665572856552899e-05
7.201700000000369982e+03 3.354364162078127265e-05
7.202600000000369619e+03 3.366670716786757112e-05
7.203500000000370164e+03 3.427409319556318223e-05
7.204400000000370710e+03 3.465641202637925744e-05
7.205300000000370346e+03 3.421483052079565823e-05
7.206200000000369982e+03 3.298299634479917586e-05
7.207100000000370528e+03 3.187208130839280784e-05
7.208000000000371074e+03 3.178703263984061778e-05
7.208900000000370710e+03 3.254342664149589837e-05
7.209800000000370346e+03 3.358759931870736182e-05
7.210700000000370892e+03 3.445825495873577893e-05
7.211600000000371438e+03 3.467644637566991150e-05
7.212500000000371074e+03 3.431474033277481794e-05
7.213400000000370710e+03 3.387218748684972525e-05
7.214300000000371256e+03 3.361135895829647779e-05
7.215200000000371801e+03 3.355662192916497588e-05
7.216100000000371438e+03 3.383180228411220014e-05
7.217000000000371074e+03 3.442108936724252999e-05
7.217900000000371620e+03 3.482670581433922052e-05
7.218800000000372165e+03 3.473860124358907342e-05
7.219700000000371801e+03 3.440243017394095659e-05
7.220600000000371438e+03 3.415616811253130436e-05
7.221500000000371983e+03 3.404667586437426507e-05
7.222400000000372529e+03 3.394680243218317628e-05
7.223300000000372165e+03 3.398497938178479671e-05
7.224200000000371801e+03 3.435345206526108086e-05
7.225100000000372347e+03 3.480803934508003294e-05
7.226000000000372893e+03 3.508067311486229300e-05
7.226900000000372529e+03 3.512932016747072339e-05
7.227800000000372165e+03 3.485540946712717414e-05
7.228700000000372711e+03 3.452893724897876382e-05
7.229600000000373257e+03 3.460820880718529224e-05
7.230500000000372893e+03 3.502016625134274364e-05
7.231400000000372529e+03 3.540387115208432078e-05
7.232300000000373075e+03 3.560393452062271535e-05
7.233200000000373620e+03 3.569317414076067507e-05
7.234100000000373257e+03 3.566093437257222831e-05
7.235000000000372893e+03 3.536511940183117986e-05
7.235900000000373439e+03 3.496539648040197790e-05
7.236800000000373984e+03 3.483772161416709423e-05
7.237700000000373620e+03 3.491169627523049712e-05
7.238600000000373257e+03 3.487785943434573710e-05
7.239500000000373802e+03 3.481335079413838685e-05
7.240400000000374348e+03 3.501668106764554977e-05
7.241300000000373984e+03 3.537678276188671589e-05
7.242200000000373620e+03 3.552162161213345826e-05
7.243100000000374166e+03 3.523192208376713097e-05
7.244000000000374712e+03 3.462596578174270689e-05
7.244900000000374348e+03 3.427354022278450429e-05
7.245800000000373984e+03 3.462221866357140243e-05
7.246700000000374530e+03 3.536479925969615579e-05
7.247600000000375076e+03 3.594002919271588326e-05
7.248500000000374712e+03 3.600873242248781025e-05
7.249400000000374348e+03 3.552417911123484373e-05
7.250300000000374894e+03 3.475762059679254889e-05
7.251200000000375439e+03 3.425071918172761798e-05
7.252100000000375076e+03 3.436148836044594646e-05
7.253000000000374712e+03 3.478789221844635904e-05
7.253900000000375258e+03 3.506480425130575895e-05
7.254800000000375803e+03 3.525109787005931139e-05
7.255700000000375439e+03 3.557563832146115601e-05
7.256600000000375076e+03 3.594507506932131946e-05
7.257500000000375621e+03 3.609544728533364832e-05
7.258400000000376167e+03 3.591407221392728388e-05
7.259300000000375803e+03 3.545184517861343920e-05
7.260200000000375439e+03 3.459247818682342768e-05
7.261100000000375985e+03 3.378958717803470790e-05
7.262000000000376531e+03 3.392919825273565948e-05
7.262900000000376167e+03 3.482545434962958097e-05
7.263800000000375803e+03 3.556713272701017559e-05
7.264700000000376349e+03 3.589563493733294308e-05
7.265600000000376895e+03 3.604041921789757907e-05
7.266500000000376531e+03 3.618808113969862461e-05
7.267400000000376167e+03 3.626710167736746371e-05
7.268300000000376713e+03 3.614228626247495413e-05
7.269200000000377258e+03 3.589128755265846848e-05
7.270100000000376895e+03 3.559926335583440959e-05
7.271000000000376531e+03 3.537559678079560399e-05
7.271900000000377077e+03 3.536875374265946448e-05
7.272800000000377622e+03 3.554157956386916339e-05
7.273700000000377258e+03 3.572131390683352947e-05
7.274600000000376895e+03 3.589425614336505532e-05
7.275500000000377440e+03 3.609276973293162882e-05
7.276400000000377986e+03 3.613860826590098441e-05
7.277300000000377622e+03 3.589126936276443303e-05
7.278200000000377258e+03 3.558183379936963320e-05
7.279100000000377804e+03 3.549426037352532148e-05
7.280000000000378350e+03 3.543901402736082673e-05
7.280900000000377986e+03 3.507586734485812485e-05
7.281800000000377622e+03 3.449015639489516616e-05
7.282700000000378168e+03 3.407969416002742946e-05
7.283600000000378714e+03 3.400555215193890035e-05
7.284500000000378350e+03 3.430259312153793871e-05
7.285400000000377986e+03 3.491931420285254717e-05
7.286300000000378532e+03 3.538901000865735114e-05
7.287200000000379077e+03 3.521402322803623974e-05
7.288100000000378714e+03 3.450578878982923925e-05
7.289000000000378350e+03 3.394840678083710372e-05
7.289900000000378895e+03 3.377477696631103754e-05
7.290800000000379441e+03 3.358993126312270761e-05
7.291700000000379077e+03 3.341515912325121462e-05
7.292600000000378714e+03 3.364536314620636404e-05
7.293500000000379259e+03 3.436419137869961560e-05
7.294400000000379805e+03 3.531056790961883962e-05
7.295300000000379441e+03 3.615249079302884638e-05
7.296200000000379077e+03 3.660406946437433362e-05
7.297100000000379623e+03 3.648668280220590532e-05
7.298000000000380169e+03 3.604076482588425279e-05
7.298900000000379805e+03 3.569870386854745448e-05
7.299800000000379441e+03 3.564994403859600425e-05
7.300700000000379987e+03 3.584393198252655566e-05
7.301600000000380533e+03 3.605671736295334995e-05
7.302500000000380169e+03 3.617713809944689274e-05
7.303400000000379805e+03 3.634336462710052729e-05
7.304300000000380351e+03 3.650618964456953108e-05
7.305200000000380896e+03 3.638501220848411322e-05
7.306100000000380533e+03 3.596722308429889381e-05
7.307000000000380169e+03 3.554056820576079190e-05
7.307900000000380714e+03 3.545544313965365291e-05
7.308800000000381260e+03 3.574201036826707423e-05
7.309700000000380896e+03 3.587358150980435312e-05
7.310600000000380533e+03 3.561018456821329892e-05
7.311500000000381078e+03 3.552540511009283364e-05
7.312400000000381624e+03 3.590800042729824781e-05
7.313300000000381260e+03 3.637166446424089372e-05
7.314200000000380896e+03 3.654925603768788278e-05
7.315100000000381442e+03 3.638740599853917956e-05
7.316000000000381988e+03 3.610545536503195763e-05
7.316900000000381624e+03 3.595502857933752239e-05
7.317800000000381260e+03 3.598805778892710805e-05
7.318700000000381806e+03 3.617435868363827467e-05
7.319600000000382352e+03 3.635035682236775756e-05
7.320500000000381988e+03 3.641542934929020703e-05
7.321400000000381624e+03 3.645894321380183101e-05
7.322300000000382170e+03 3.636126348283141851e-05
7.323200000000382715e+03 3.601537537178955972e-05
7.324100000000382352e+03 3.551764166331849992e-05
7.325000000000381988e+03 3.496174758765846491e-05
7.325900000000382533e+03 3.477518475847318769e-05
7.326800000000383079e+03 3.537177690304815769e-05
7.327700000000382715e+03 3.621071300585754216e-05
7.328600000000382352e+03 3.651005681604146957e-05
7.329500000000382897e+03 3.635127359302714467e-05
7.330400000000383443e+03 3.616054164012894034e-05
7.331300000000383079e+03 3.612802538555115461e-05
7.332200000000382715e+03 3.619087874540127814e-05
7.333100000000383261e+03 3.625276076490990818e-05
7.334000000000383807e+03 3.641230068751610816e-05
7.334900000000383443e+03 3.673850369523279369e-05
7.335800000000383079e+03 3.713148907991126180e-05
7.336700000000383625e+03 3.738568193512037396e-05
7.337600000000384171e+03 3.741481123142875731e-05
7.338500000000383807e+03 3.740075408131815493e-05
7.339400000000383443e+03 3.752236079890280962e-05
7.340300000000383989e+03 3.770936746150255203e-05
7.341200000000384534e+03 3.768326496356166899e-05
7.342100000000384171e+03 3.723795452970080078e-05
7.343000000000383807e+03 3.644537355285137892e-05
7.343900000000384352e+03 3.578066389309242368e-05
7.344800000000384898e+03 3.579752956284210086e-05
7.345700000000384534e+03 3.637318150140345097e-05
7.346600000000384171e+03 3.694900078698992729e-05
7.347500000000384716e+03 3.727602961589582264e-05
7.348400000000385262e+03 3.723134068422950804e-05
7.349300000000384898e+03 3.675332482089288533e-05
7.350200000000384534e+03 3.613470107666216791e-05
7.351100000000385080e+03 3.586165985325351357e-05
7.352000000000385626e+03 3.600572381401434541e-05
7.352900000000385262e+03 3.610376734286546707e-05
7.353800000000384898e+03 3.574709262466058135e-05
7.354700000000385444e+03 3.516708238748833537e-05
7.355600000000385990e+03 3.444549656705930829e-05
7.356500000000385626e+03 3.462924723862670362e-05
7.357400000000385262e+03 3.555400689947418869e-05
7.358300000000385808e+03 3.656335320556536317e-05
7.359200000000386353e+03 3.703866968862712383e-05
7.360100000000385990e+03 3.672507227747701108e-05
7.361000000000385626e+03 3.593780638766475022e-05
7.361900000000386171e+03 3.526629370753653347e-05
7.362800000000386717e+03 3.512214607326313853e-05
7.363700000000386353e+03 3.545873551047407091e-05
7.364600000000385990e+03 3.597597969928756356e-05
7.365500000000386535e+03 3.638361886260099709e-05
7.366400000000387081e+03 3.665751137305051088e-05
7.367300000000386717e+03 3.689687218866311014e-05
7.368200000000386353e+03 3.699801527545787394e-05
7.369100000000386899e+03 3.703721813508309424e-05
7.370000000000387445e+03 3.728200317709706724e-05
7.370900000000387081e+03 3.754373392439447343e-05
7.371800000000386717e+03 3.752489283215254545e-05
7.372700000000387263e+03 3.726567229023203254e-05
7.373600000000387809e+03 3.696883140946738422e-05
7.374500000000387445e+03 3.673412720672786236e-05
7.375400000000387081e+03 3.663579627755098045e-05
7.376300000000387627e+03 3.681286034407094121e-05
7.377200000000388172e+03 3.722593828570097685e-05
7.378100000000387809e+03 3.759445826290175319e-05
7.379000000000387445e+03 3.763544373214244843e-05
7.379900000000387990e+03 3.727752846316434443e-05
7.380800000000388536e+03 3.665137410280294716e-05
7.381700000000388172e+03 3.612057844293303788e-05
7.382600000000387809e+03 3.590114647522568703e-05
7.383500000000388354e+03 3.572907007765024900e-05
7.384400000000388900e+03 3.528730667312629521e-05
7.385300000000388536e+03 3.476336132735013962e-05
7.386200000000388172e+03 3.448430288699455559e-05
7.387100000000388718e+03 3.434612517594359815e-05
7.388000000000389264e+03 3.412050864426419139e-05
7.388900000000388900e+03 3.404592280276119709e-05
7.389800000000388536e+03 3.448011557338759303e-05
7.390700000000389082e+03 3.516857032082043588e-05
7.391600000000389628e+03 3.547732558217830956e-05
7.392500000000389264e+03 3.534610732458531857e-05
7.393400000000388900e+03 3.530254980432800949e-05
7.394300000000389446e+03 3.565488441381603479e-05
7.395200000000389991e+03 3.608343104133382440e-05
7.396100000000389628e+03 3.625148383434861898e-05
7.397000000000389264e+03 3.620808638515882194e-05
7.397900000000389809e+03 3.597937029553577304e-05
7.398800000000390355e+03 3.556308001861907542e-05
7.399700000000389991e+03 3.522482802509330213e-05
7.400600000000389628e+03 3.532975460984744132e-05
7.401500000000390173e+03 3.593795190681703389e-05
7.402400000000390719e+03 3.666993143269792199e-05
7.403300000000390355e+03 3.709274096763692796e-05
7.404200000000389991e+03 3.704416667460463941e-05
7.405100000000390537e+03 3.674702384159900248e-05
7.406000000000391083e+03 3.654294414445757866e-05
7.406900000000390719e+03 3.642060255515389144e-05
7.407800000000390355e+03 3.608082624850794673e-05
7.408700000000390901e+03 3.561630728654563427e-05
7.409600000000391447e+03 3.544251012499444187e-05
