3.540500000000000000e+03 5.695674190064892173e-06
3.541400000000000091e+03 5.250751655694330111e-06
3.542300000000000182e+03 5.130415047460701317e-06
3.543200000000000273e+03 5.411268830357585102e-06
3.544100000000000364e+03 5.748152489104541019e-06
3.545000000000000455e+03 5.839893674419727176e-06
3.545900000000000546e+03 5.725385562982410192e-06
3.546800000000000637e+03 5.496564426721306518e-06
3.547700000000000728e+03 5.281102403387194499e-06
3.548600000000000819e+03 5.318358489603269845e-06
3.549500000000000909e+03 5.510908522410318255e-06
3.550400000000001000e+03 5.515892553376033902e-06
3.551300000000001091e+03 5.341754331311676651e-06
3.552200000000001182e+03 5.085559223516611382e-06
3.553100000000001273e+03 4.750160769617650658e-06
3.554000000000001364e+03 4.502281626628246158e-06
3.554900000000001455e+03 4.602716217050328851e-06
3.555800000000001546e+03 4.940200597047805786e-06
3.556700000000001637e+03 5.079332368040923029e-06
3.557600000000001728e+03 4.874410478805657476e-06
3.558500000000001819e+03 4.606378752214368433e-06
3.559400000000001910e+03 4.590811386151472107e-06
3.560300000000002001e+03 4.784915290656499565e-06
3.561200000000002092e+03 5.007885647501097992e-06
3.562100000000002183e+03 5.228674126556143165e-06
3.563000000000002274e+03 5.330143267201492563e-06
3.563900000000002365e+03 4.904758043267065659e-06
3.564800000000002456e+03 4.006077688245568424e-06
3.565700000000002547e+03 3.338259830343304202e-06
3.566600000000002638e+03 3.406437372177606449e-06
3.567500000000002728e+03 3.810827365668956190e-06
3.568400000000002819e+03 3.812531531366403215e-06
3.569300000000002910e+03 3.336567033329629339e-06
3.570200000000003001e+03 3.009911551998811774e-06
3.571100000000003092e+03 3.195248382326099090e-06
3.572000000000003183e+03 3.811348278759396635e-06
3.572900000000003274e+03 4.298209205444436520e-06
3.573800000000003365e+03 4.456113856576848775e-06
3.574700000000003456e+03 4.445955710252746940e-06
3.575600000000003547e+03 4.544789135252358392e-06
3.576500000000003638e+03 4.605792582879075781e-06
3.577400000000003729e+03 4.275519131624605507e-06
3.578300000000003820e+03 3.654689407994737849e-06
3.579200000000003911e+03 3.140864919259911403e-06
3.580100000000004002e+03 2.693927626751246862e-06
3.581000000000004093e+03 2.258122549392282963e-06
3.581900000000004184e+03 2.273669679198064841e-06
3.582800000000004275e+03 2.700401182664791122e-06
3.583700000000004366e+03 2.909029035436105914e-06
3.584600000000004457e+03 2.665058218553895131e-06
3.585500000000004547e+03 2.363211706324364059e-06
3.586400000000004638e+03 2.404355655016843230e-06
3.587300000000004729e+03 2.708222837100038305e-06
3.588200000000004820e+03 3.029416347999358550e-06
3.589100000000004911e+03 3.370447984707425348e-06
3.590000000000005002e+03 4.038608494738582522e-06
3.590900000000005093e+03 4.991338755644392222e-06
3.591800000000005184e+03 5.421551577455829829e-06
3.592700000000005275e+03 5.017496278014732525e-06
3.593600000000005366e+03 4.613908458850346506e-06
3.594500000000005457e+03 4.967184850102057680e-06
3.595400000000005548e+03 5.795766355731757358e-06
3.596300000000005639e+03 6.422419573937077075e-06
3.597200000000005730e+03 6.506609679490793496e-06
3.598100000000005821e+03 6.357339316309662536e-06
3.599000000000005912e+03 6.523371666844468564e-06
3.599900000000006003e+03 6.936768386367475614e-06
3.600800000000006094e+03 6.879400643811095506e-06
3.601700000000006185e+03 6.031190878275083378e-06
3.602600000000006276e+03 5.057596808910602704e-06
3.603500000000006366e+03 4.543700015346985310e-06
3.604400000000006457e+03 4.232166702422546223e-06
3.605300000000006548e+03 4.064048880536574870e-06
3.606200000000006639e+03 4.251313839631620795e-06
3.607100000000006730e+03 4.350586095824837685e-06
3.608000000000006821e+03 3.856230250676162541e-06
3.608900000000006912e+03 3.240288151573622599e-06
3.609800000000007003e+03 3.311858336019213311e-06
3.610700000000007094e+03 4.075327524333260953e-06
3.611600000000007185e+03 4.794097549165599048e-06
3.612500000000007276e+03 4.890030140813905746e-06
3.613400000000007367e+03 4.785722012456972152e-06
3.614300000000007458e+03 5.181725555303273723e-06
3.615200000000007549e+03 5.797450285172089934e-06
3.616100000000007640e+03 5.819229500048095360e-06
3.617000000000007731e+03 4.940022336086258292e-06
3.617900000000007822e+03 3.614945626395638101e-06
3.618800000000007913e+03 2.818914254021365196e-06
3.619700000000008004e+03 3.094822204730007797e-06
3.620600000000008095e+03 3.984029717685189098e-06
3.621500000000008185e+03 4.877937499259132892e-06
3.622400000000008276e+03 5.455497557704802603e-06
3.623300000000008367e+03 5.503135525941615924e-06
3.624200000000008458e+03 5.503525244421325624e-06
3.625100000000008549e+03 6.167236278997734189e-06
3.626000000000008640e+03 7.088565780577482656e-06
3.626900000000008731e+03 7.444114544341573492e-06
3.627800000000008822e+03 7.252258910739328712e-06
3.628700000000008913e+03 6.840543846919899806e-06
3.629600000000009004e+03 5.875783244846388698e-06
3.630500000000009095e+03 4.346563855506246909e-06
3.631400000000009186e+03 3.379310328455176204e-06
3.632300000000009277e+03 3.641087232608697377e-06
3.633200000000009368e+03 4.302437446312978864e-06
3.634100000000009459e+03 4.558749424177221954e-06
3.635000000000009550e+03 4.742872988572344184e-06
3.635900000000009641e+03 5.173471436137333512e-06
3.636800000000009732e+03 5.595097263721982017e-06
3.637700000000009823e+03 5.981728463666513562e-06
3.638600000000009913e+03 6.472959739767247811e-06
3.639500000000010004e+03 6.834331088612088934e-06
3.640400000000010095e+03 6.870351626275805756e-06
3.641300000000010186e+03 6.619819941988680512e-06
3.642200000000010277e+03 6.210362698766402900e-06
3.643100000000010368e+03 5.772456916020018980e-06
3.644000000000010459e+03 5.313599103828892112e-06
3.644900000000010550e+03 4.945529781252844259e-06
3.645800000000010641e+03 4.772710781253408641e-06
3.646700000000010732e+03 4.453504061530111358e-06
3.647600000000010823e+03 3.938626832677982748e-06
3.648500000000010914e+03 3.884049874613992870e-06
3.649400000000011005e+03 4.392139544506790116e-06
3.650300000000011096e+03 5.053751010564155877e-06
3.651200000000011187e+03 5.722915375372394919e-06
3.652100000000011278e+03 6.385870165104279295e-06
3.653000000000011369e+03 6.785122423025313765e-06
3.653900000000011460e+03 6.786994163121562451e-06
3.654800000000011551e+03 6.766319074813509360e-06
3.655700000000011642e+03 6.978889814490685239e-06
3.656600000000011732e+03 7.301106506929500028e-06
3.657500000000011823e+03 7.610102784383343533e-06
3.658400000000011914e+03 7.951932275318540633e-06
3.659300000000012005e+03 8.087530659395270050e-06
3.660200000000012096e+03 7.914801244623959064e-06
3.661100000000012187e+03 7.761256711091846228e-06
3.662000000000012278e+03 7.488668870792025700e-06
3.662900000000012369e+03 6.935389592399587855e-06
3.663800000000012460e+03 6.613895948248682544e-06
3.664700000000012551e+03 6.835946351202437654e-06
3.665600000000012642e+03 7.058795290504349396e-06
3.666500000000012733e+03 6.970680715312482789e-06
3.667400000000012824e+03 6.850596037111245096e-06
3.668300000000012915e+03 6.510603270726278424e-06
3.669200000000013006e+03 5.942532879998907447e-06
3.670100000000013097e+03 5.942196821706602350e-06
3.671000000000013188e+03 6.719721113768173382e-06
3.671900000000013279e+03 7.427711807395098731e-06
3.672800000000013370e+03 7.438066859322134405e-06
3.673700000000013461e+03 7.163849659264087677e-06
3.674600000000013551e+03 7.218237442430108786e-06
3.675500000000013642e+03 7.277060376509325579e-06
3.676400000000013733e+03 6.749278782081091776e-06
3.677300000000013824e+03 5.994399998598964885e-06
3.678200000000013915e+03 5.560484623856609687e-06
3.679100000000014006e+03 5.240887730906251818e-06
3.680000000000014097e+03 5.026162853027926758e-06
3.680900000000014188e+03 5.339400104276137426e-06
3.681800000000014279e+03 5.926944595557870343e-06
3.682700000000014370e+03 6.344626399368280545e-06
3.683600000000014461e+03 6.528215180878760293e-06
3.684500000000014552e+03 6.271042366279289126e-06
3.685400000000014643e+03 5.614171186607563868e-06
3.686300000000014734e+03 4.930447630613343790e-06
3.687200000000014825e+03 4.509642621997045353e-06
3.688100000000014916e+03 4.657316367229213938e-06
3.689000000000015007e+03 5.441343546408461407e-06
3.689900000000015098e+03 6.572940037585794926e-06
3.690800000000015189e+03 7.702237780904397368e-06
3.691700000000015280e+03 8.161393452610354871e-06
3.692600000000015370e+03 7.555055617558537051e-06
3.693500000000015461e+03 6.632857548538595438e-06
3.694400000000015552e+03 6.349683189910138026e-06
3.695300000000015643e+03 6.469832896982552484e-06
3.696200000000015734e+03 6.568123353645205498e-06
3.697100000000015825e+03 6.877644409541971982e-06
3.698000000000015916e+03 7.510589512094156817e-06
3.698900000000016007e+03 8.168635758920572698e-06
3.699800000000016098e+03 8.384878128708805889e-06
3.700700000000016189e+03 8.087355126917827874e-06
3.701600000000016280e+03 7.686380740778986365e-06
3.702500000000016371e+03 7.231800736917648464e-06
3.703400000000016462e+03 6.319852673186687753e-06
3.704300000000016553e+03 5.130271347297821194e-06
3.705200000000016644e+03 4.387994977150810882e-06
3.706100000000016735e+03 4.388065008242847398e-06
3.707000000000016826e+03 4.613066721503855661e-06
3.707900000000016917e+03 4.550137873593484983e-06
3.708800000000017008e+03 4.519702997640706599e-06
3.709700000000017099e+03 5.142400823388015851e-06
3.710600000000017189e+03 6.279571607592515647e-06
3.711500000000017280e+03 7.293564067367697135e-06
3.712400000000017371e+03 8.061560038186144084e-06
3.713300000000017462e+03 8.657149919599760324e-06
3.714200000000017553e+03 8.741159035707823932e-06
3.715100000000017644e+03 8.169712600647471845e-06
3.716000000000017735e+03 7.424904651998076588e-06
3.716900000000017826e+03 6.866123385407263413e-06
3.717800000000017917e+03 6.077733360143611208e-06
3.718700000000018008e+03 4.741902557725552469e-06
3.719600000000018099e+03 3.475361609162064269e-06
3.720500000000018190e+03 2.959914581879274920e-06
3.721400000000018281e+03 3.111662863375386223e-06
3.722300000000018372e+03 3.709928705575293861e-06
3.723200000000018463e+03 4.688464287028182298e-06
3.724100000000018554e+03 5.751653588959015906e-06
3.725000000000018645e+03 6.556504104082705453e-06
3.725900000000018736e+03 6.617074632231378928e-06
3.726800000000018827e+03 5.744262580265058205e-06
3.727700000000018917e+03 5.111966402182588354e-06
3.728600000000019008e+03 5.609729669231455773e-06
3.729500000000019099e+03 6.178566763992421329e-06
3.730400000000019190e+03 5.928441169089637697e-06
3.731300000000019281e+03 5.307116225594654679e-06
3.732200000000019372e+03 4.580657787300879136e-06
3.733100000000019463e+03 3.669761554192518815e-06
3.734000000000019554e+03 2.869687932616216131e-06
3.734900000000019645e+03 2.514683274057460949e-06
3.735800000000019736e+03 2.568615855125244707e-06
3.736700000000019827e+03 2.839602302628918551e-06
3.737600000000019918e+03 3.461853566477657296e-06
3.738500000000020009e+03 4.473369699553586543e-06
3.739400000000020100e+03 5.501088708115275949e-06
3.740300000000020191e+03 6.254088020796189085e-06
3.741200000000020282e+03 6.394891897798515856e-06
3.742100000000020373e+03 5.736488674301654100e-06
3.743000000000020464e+03 4.755498139275005087e-06
3.743900000000020555e+03 4.082734449184499681e-06
3.744800000000020646e+03 3.666363454613019712e-06
3.745700000000020736e+03 3.383248667887528427e-06
3.746600000000020827e+03 3.409488044781028293e-06
3.747500000000020918e+03 3.320153609820408747e-06
3.748400000000021009e+03 2.826326181093463674e-06
3.749300000000021100e+03 2.670154344741604291e-06
3.750200000000021191e+03 3.478063717921031639e-06
3.751100000000021282e+03 4.765146968566114083e-06
3.752000000000021373e+03 5.663978754455456510e-06
3.752900000000021464e+03 6.123374532762682065e-06
3.753800000000021555e+03 6.727257186867063865e-06
3.754700000000021646e+03 7.450051725754747167e-06
3.755600000000021737e+03 7.545384505647234619e-06
3.756500000000021828e+03 6.474572728620842099e-06
3.757400000000021919e+03 4.741064458357868716e-06
3.758300000000022010e+03 3.691703795993817039e-06
3.759200000000022101e+03 3.976851076004095376e-06
3.760100000000022192e+03 4.885937414655927569e-06
3.761000000000022283e+03 5.498470727616222575e-06
3.761900000000022374e+03 5.513535597856389359e-06
3.762800000000022465e+03 5.047863851359579712e-06
3.763700000000022555e+03 4.708957476395880803e-06
3.764600000000022646e+03 5.045068064646329731e-06
3.765500000000022737e+03 5.310372671374352649e-06
3.766400000000022828e+03 4.874263140663970262e-06
3.767300000000022919e+03 4.657668341678800061e-06
3.768200000000023010e+03 5.387297278502956033e-06
3.769100000000023101e+03 6.262110673560528085e-06
3.770000000000023192e+03 6.498626589745981619e-06
3.770900000000023283e+03 6.596875664399703965e-06
3.771800000000023374e+03 7.059403287712484598e-06
3.772700000000023465e+03 7.475367056031245738e-06
3.773600000000023556e+03 7.405040832964004949e-06
3.774500000000023647e+03 7.047013241390231997e-06
3.775400000000023738e+03 6.844354174972977489e-06
3.776300000000023829e+03 6.930644303793087602e-06
3.777200000000023920e+03 6.997455329837976024e-06
3.778100000000024011e+03 6.923897217347985134e-06
3.779000000000024102e+03 7.117965651559643447e-06
3.779900000000024193e+03 7.591686880914494395e-06
3.780800000000024284e+03 7.797028956701979041e-06
3.781700000000024374e+03 7.691214705118909478e-06
3.782600000000024465e+03 7.699479283473920077e-06
3.783500000000024556e+03 7.962889867485500872e-06
3.784400000000024647e+03 7.975988410180434585e-06
3.785300000000024738e+03 7.096407443896168843e-06
3.786200000000024829e+03 5.843414783157641068e-06
3.787100000000024920e+03 5.181409960641758516e-06
3.788000000000025011e+03 4.955208169121760875e-06
3.788900000000025102e+03 4.743037152366014197e-06
3.789800000000025193e+03 4.793172593053895980e-06
3.790700000000025284e+03 5.395314019551733509e-06
3.791600000000025375e+03 5.975311978545505553e-06
3.792500000000025466e+03 5.841152869834331796e-06
3.793400000000025557e+03 5.241865437710657716e-06
3.794300000000025648e+03 4.758343493449501693e-06
3.795200000000025739e+03 4.700576937466394156e-06
3.796100000000025830e+03 4.925395387544995174e-06
3.797000000000025921e+03 4.836808329855557531e-06
3.797900000000026012e+03 4.339083716331515461e-06
3.798800000000026102e+03 4.106789219804340973e-06
3.799700000000026193e+03 4.612707471096655354e-06
3.800600000000026284e+03 5.453198355098720640e-06
3.801500000000026375e+03 6.008042419125558808e-06
3.802400000000026466e+03 6.424701041396474466e-06
3.803300000000026557e+03 6.859772383904783055e-06
3.804200000000026648e+03 7.047154213069006801e-06
3.805100000000026739e+03 6.829769517935346812e-06
3.806000000000026830e+03 6.187515737110516056e-06
3.806900000000026921e+03 5.532358954951632768e-06
3.807800000000027012e+03 5.564082584896823391e-06
3.808700000000027103e+03 6.187650797073729336e-06
3.809600000000027194e+03 6.767191734979860485e-06
3.810500000000027285e+03 7.004639883234631270e-06
3.811400000000027376e+03 6.837458386144135147e-06
3.812300000000027467e+03 6.203082648426061496e-06
3.813200000000027558e+03 5.343693374015856534e-06
3.814100000000027649e+03 4.633120624930597842e-06
3.815000000000027740e+03 4.076247932971455157e-06
3.815900000000027831e+03 3.859495336655527353e-06
3.816800000000027921e+03 4.266575615474721417e-06
3.817700000000028012e+03 4.757630449603311718e-06
3.818600000000028103e+03 4.531591912382282317e-06
3.819500000000028194e+03 3.658608420664677396e-06
3.820400000000028285e+03 3.050062105103279464e-06
3.821300000000028376e+03 3.356766228534979746e-06
3.822200000000028467e+03 4.080423877894645557e-06
3.823100000000028558e+03 4.279651420802110806e-06
3.824000000000028649e+03 3.728709316419553943e-06
3.824900000000028740e+03 3.055965862586162984e-06
3.825800000000028831e+03 2.774513404801837169e-06
3.826700000000028922e+03 2.885965841414872557e-06
3.827600000000029013e+03 3.106931217189412564e-06
3.828500000000029104e+03 3.308602117613190785e-06
3.829400000000029195e+03 3.557670424925163388e-06
3.830300000000029286e+03 3.761814696190413088e-06
3.831200000000029377e+03 3.619890094341826625e-06
3.832100000000029468e+03 3.160468850182951428e-06
3.833000000000029559e+03 2.839897661033319309e-06
3.833900000000029650e+03 2.915819550253218040e-06
3.834800000000029740e+03 3.376990889591979794e-06
3.835700000000029831e+03 3.922299129044404253e-06
3.836600000000029922e+03 4.009730218967888504e-06
3.837500000000030013e+03 3.562508709364919923e-06
3.838400000000030104e+03 3.079493353652651422e-06
3.839300000000030195e+03 2.905796918639680371e-06
3.840200000000030286e+03 2.938569195976015180e-06
3.841100000000030377e+03 3.360572009114548564e-06
3.842000000000030468e+03 4.246003754815319553e-06
3.842900000000030559e+03 4.967208496964303777e-06
3.843800000000030650e+03 5.196006441110512242e-06
3.844700000000030741e+03 5.163629339222097769e-06
3.845600000000030832e+03 5.041594249632908031e-06
3.846500000000030923e+03 5.016326213080901653e-06
3.847400000000031014e+03 5.154422524356050417e-06
3.848300000000031105e+03 5.041350050305482000e-06
3.849200000000031196e+03 4.458773219084832817e-06
3.850100000000031287e+03 4.062695552420336753e-06
3.851000000000031378e+03 4.434862603375222534e-06
3.851900000000031469e+03 5.003237674827687442e-06
3.852800000000031559e+03 4.978209290129598230e-06
3.853700000000031650e+03 4.585533588397083804e-06
3.854600000000031741e+03 4.333646302256966010e-06
3.855500000000031832e+03 4.169281055510509759e-06
3.856400000000031923e+03 4.027718659926904365e-06
3.857300000000032014e+03 3.939271209674188867e-06
3.858200000000032105e+03 3.592622988435323350e-06
3.859100000000032196e+03 3.034311021110625006e-06
3.860000000000032287e+03 2.831837491612532176e-06
3.860900000000032378e+03 3.350963652337668464e-06
3.861800000000032469e+03 4.377044660941464826e-06
3.862700000000032560e+03 5.236238393990788609e-06
3.863600000000032651e+03 5.424609298643190414e-06
3.864500000000032742e+03 5.109496669319923967e-06
3.865400000000032833e+03 4.779324626724701375e-06
3.866300000000032924e+03 4.697914846474304795e-06
3.867200000000033015e+03 4.685172370955115184e-06
3.868100000000033106e+03 4.558388354780618101e-06
3.869000000000033197e+03 4.314822035667020828e-06
3.869900000000033288e+03 3.915420620614895597e-06
3.870800000000033378e+03 3.504818323563085869e-06
3.871700000000033469e+03 3.368032594153191894e-06
3.872600000000033560e+03 3.696990233947872184e-06
3.873500000000033651e+03 4.560727120406227186e-06
3.874400000000033742e+03 5.578511718340450898e-06
3.875300000000033833e+03 6.072370524634607136e-06
3.876200000000033924e+03 5.788659109384752810e-06
3.877100000000034015e+03 4.940546205034479499e-06
3.878000000000034106e+03 4.113033355679363012e-06
3.878900000000034197e+03 4.052753865835256875e-06
3.879800000000034288e+03 4.525616077444283292e-06
3.880700000000034379e+03 4.583687314152484760e-06
3.881600000000034470e+03 4.161335255048470572e-06
3.882500000000034561e+03 4.223235464451136068e-06
3.883400000000034652e+03 5.236491233517881483e-06
3.884300000000034743e+03 5.984481958876131102e-06
3.885200000000034834e+03 5.380051334213931113e-06
3.886100000000034925e+03 4.355121291155228391e-06
3.887000000000035016e+03 4.185480065643787384e-06
3.887900000000035106e+03 4.614758381649153307e-06
3.888800000000035197e+03 5.010663699067663401e-06
3.889700000000035288e+03 5.627745849778875709e-06
3.890600000000035379e+03 6.550986199727049097e-06
3.891500000000035470e+03 7.342220669670496136e-06
3.892400000000035561e+03 7.682189789193216711e-06
3.893300000000035652e+03 7.564888164779404178e-06
3.894200000000035743e+03 7.134411134757101536e-06
3.895100000000035834e+03 6.627103175560478121e-06
3.896000000000035925e+03 6.647673217230476439e-06
3.896900000000036016e+03 7.173824087658431381e-06
3.897800000000036107e+03 7.233456472022226080e-06
3.898700000000036198e+03 6.736340310453670099e-06
3.899600000000036289e+03 6.436538569687400013e-06
3.900500000000036380e+03 6.834928171883802861e-06
3.901400000000036471e+03 7.319238648051396012e-06
3.902300000000036562e+03 6.978499641263624653e-06
3.903200000000036653e+03 6.391901933966437355e-06
3.904100000000036744e+03 6.213625965756364167e-06
3.905000000000036835e+03 5.906315891479607671e-06
3.905900000000036925e+03 5.648464593832613900e-06
3.906800000000037016e+03 6.202907570695970207e-06
3.907700000000037107e+03 7.242271294671809301e-06
3.908600000000037198e+03 7.961240044096484780e-06
3.909500000000037289e+03 8.113085641525685787e-06
3.910400000000037380e+03 8.051189070101827383e-06
3.911300000000037471e+03 8.237480869865976274e-06
3.912200000000037562e+03 8.531489584129303694e-06
3.913100000000037653e+03 8.565227290091570467e-06
3.914000000000037744e+03 8.457934200123418123e-06
3.914900000000037835e+03 8.381097359233535826e-06
3.915800000000037926e+03 8.113366675388533622e-06
3.916700000000038017e+03 7.764814654365181923e-06
3.917600000000038108e+03 7.582661055494099855e-06
3.918500000000038199e+03 7.230914434330770746e-06
3.919400000000038290e+03 6.518294867419172078e-06
3.920300000000038381e+03 5.732194495067233220e-06
3.921200000000038472e+03 5.361627245292766020e-06
3.922100000000038563e+03 5.499273811437888071e-06
3.923000000000038654e+03 5.862724265170982108e-06
3.923900000000038744e+03 6.283645689109107479e-06
3.924800000000038835e+03 6.371392828441457823e-06
3.925700000000038926e+03 5.961938768450636417e-06
3.926600000000039017e+03 5.355375833460129797e-06
3.927500000000039108e+03 4.625670953828375787e-06
3.928400000000039199e+03 3.892102085956139490e-06
3.929300000000039290e+03 3.346746325405547395e-06
3.930200000000039381e+03 2.909087243097019382e-06
3.931100000000039472e+03 2.520231419111951254e-06
3.932000000000039563e+03 2.169021172448992729e-06
3.932900000000039654e+03 1.870225901257072110e-06
3.933800000000039745e+03 1.745981307976762764e-06
3.934700000000039836e+03 1.863046009020763449e-06
3.935600000000039927e+03 2.240591356894583441e-06
3.936500000000040018e+03 2.821020871124346741e-06
3.937400000000040109e+03 3.490976268949452788e-06
3.938300000000040200e+03 4.217661626171320677e-06
3.939200000000040291e+03 4.940540748066268861e-06
3.940100000000040382e+03 5.401181169872870669e-06
3.941000000000040473e+03 5.495348432305036113e-06
3.941900000000040563e+03 5.428192707768175751e-06
3.942800000000040654e+03 5.161638910067267716e-06
3.943700000000040745e+03 4.778582479048054665e-06
3.944600000000040836e+03 5.043962119088973850e-06
3.945500000000040927e+03 6.206645593920256943e-06
3.946400000000041018e+03 7.220452971523627639e-06
3.947300000000041109e+03 7.291636393347289413e-06
3.948200000000041200e+03 7.056174581521190703e-06
3.949100000000041291e+03 7.430354344251099974e-06
3.950000000000041382e+03 8.280246220238041133e-06
3.950900000000041473e+03 8.730205081519670784e-06
3.951800000000041564e+03 8.293532118841540068e-06
3.952700000000041655e+03 7.733674465271178633e-06
3.953600000000041746e+03 8.110153430607169867e-06
3.954500000000041837e+03 8.785712452663574368e-06
3.955400000000041928e+03 8.520736628270242363e-06
3.956300000000042019e+03 7.713941158726811409e-06
3.957200000000042110e+03 7.468735020665917546e-06
3.958100000000042201e+03 7.839901627448853105e-06
3.959000000000042292e+03 8.108822839858476073e-06
3.959900000000042382e+03 7.526059562223963439e-06
3.960800000000042473e+03 6.036063496139831841e-06
3.961700000000042564e+03 4.698452812590403482e-06
3.962600000000042655e+03 4.364460437500383705e-06
3.963500000000042746e+03 4.584922862704843283e-06
3.964400000000042837e+03 4.555326086119748652e-06
3.965300000000042928e+03 4.022946995974052697e-06
3.966200000000043019e+03 3.214622893210616894e-06
3.967100000000043110e+03 2.475838755344739184e-06
3.968000000000043201e+03 2.008687033594469540e-06
3.968900000000043292e+03 1.929511427078978159e-06
3.969800000000043383e+03 2.297210812685079873e-06
3.970700000000043474e+03 2.970703008031705394e-06
3.971600000000043565e+03 3.701914465636946261e-06
3.972500000000043656e+03 4.335186531534418464e-06
3.973400000000043747e+03 4.923437245452078059e-06
3.974300000000043838e+03 5.621577656711451709e-06
3.975200000000043929e+03 6.387158464349340647e-06
3.976100000000044020e+03 6.954219770705094561e-06
3.977000000000044110e+03 7.438635293510742486e-06
3.977900000000044201e+03 8.090210940281394869e-06
3.978800000000044292e+03 8.803736818663310260e-06
3.979700000000044383e+03 9.414328815182670951e-06
3.980600000000044474e+03 9.625510756450239569e-06
3.981500000000044565e+03 9.342062185169197619e-06
3.982400000000044656e+03 9.037146810442209244e-06
3.983300000000044747e+03 8.964648259279783815e-06
3.984200000000044838e+03 9.070871783478651196e-06
3.985100000000044929e+03 9.348639650852419436e-06
3.986000000000045020e+03 9.496033271716441959e-06
3.986900000000045111e+03 9.672431588114704937e-06
3.987800000000045202e+03 1.027775670081609860e-05
3.988700000000045293e+03 1.056037490343442187e-05
3.989600000000045384e+03 1.006436923489673063e-05
3.990500000000045475e+03 9.803943612496368587e-06
3.991400000000045566e+03 1.017930571833858266e-05
3.992300000000045657e+03 1.064335901901358739e-05
3.993200000000045748e+03 1.083589722838951275e-05
3.994100000000045839e+03 1.066380082193063572e-05
3.995000000000045929e+03 1.033551416185218841e-05
3.995900000000046020e+03 9.961105206457432359e-06
3.996800000000046111e+03 9.465619768889155239e-06
3.997700000000046202e+03 9.249350114259868860e-06
3.998600000000046293e+03 9.901804332912433892e-06
3.999500000000046384e+03 1.104485636460594833e-05
4.000400000000046475e+03 1.153679750132141635e-05
4.001300000000046566e+03 1.144282214227132499e-05
4.002200000000046657e+03 1.167497612186707556e-05
4.003100000000046748e+03 1.195381901197833940e-05
4.004000000000046839e+03 1.117641932069091126e-05
4.004900000000046930e+03 9.416246030014008284e-06
4.005800000000047021e+03 8.434596566075924784e-06
4.006700000000047112e+03 9.133234016189817339e-06
4.007600000000047203e+03 1.041382802213774994e-05
4.008500000000047294e+03 1.117607280320953578e-05
4.009400000000047385e+03 1.133364185079699382e-05
4.010300000000047476e+03 1.132916077040135860e-05
4.011200000000047567e+03 1.137308299803407863e-05
4.012100000000047658e+03 1.146363865700550377e-05
4.013000000000047748e+03 1.158658415079116821e-05
4.013900000000047839e+03 1.166024867416126654e-05
4.014800000000047930e+03 1.185612109111389145e-05
4.015700000000048021e+03 1.206952310894848779e-05
4.016600000000048112e+03 1.170726591226411983e-05
4.017500000000048203e+03 1.119318221753928810e-05
4.018400000000048294e+03 1.152862841991009191e-05
4.019300000000048385e+03 1.224961761181475595e-05
4.020200000000048476e+03 1.229632562171900645e-05
4.021100000000048567e+03 1.189883914776146412e-05
4.022000000000048658e+03 1.173592681880109012e-05
4.022900000000048749e+03 1.173886630567722023e-05
4.023800000000048840e+03 1.147578677773708478e-05
4.024700000000048931e+03 1.113789039663970470e-05
4.025600000000049022e+03 1.135549155151238665e-05
4.026500000000049113e+03 1.197966321342391893e-05
4.027400000000049204e+03 1.257361600437434390e-05
4.028300000000049295e+03 1.286975384573452175e-05
4.029200000000049386e+03 1.218855049955891445e-05
4.030100000000049477e+03 1.039776452671503648e-05
4.031000000000049567e+03 8.923161658458411694e-06
4.031900000000049658e+03 8.514800356351770461e-06
4.032800000000049749e+03 8.360662832274101675e-06
4.033700000000049840e+03 8.329818228958174586e-06
4.034600000000049931e+03 8.844246622174978256e-06
4.035500000000050022e+03 9.977127774618566036e-06
4.036400000000050113e+03 1.145557416748488322e-05
4.037300000000050204e+03 1.266371236852137372e-05
4.038200000000050295e+03 1.306064132222672924e-05
4.039100000000050386e+03 1.270160555577604100e-05
4.040000000000050477e+03 1.200913538923487067e-05
4.040900000000050568e+03 1.162636726803611964e-05
4.041800000000050659e+03 1.196418270410504192e-05
4.042700000000050750e+03 1.216917735291644931e-05
4.043600000000050841e+03 1.094099025067407638e-05
4.044500000000050932e+03 8.516553862136788666e-06
4.045400000000051023e+03 6.569998276972910389e-06
4.046300000000051114e+03 6.719069460814353079e-06
4.047200000000051205e+03 8.755660019232891500e-06
4.048100000000051296e+03 1.072025042958557606e-05
4.049000000000051386e+03 1.170698214991716668e-05
4.049900000000051477e+03 1.231079932040302083e-05
4.050800000000051568e+03 1.262784189748344943e-05
4.051700000000051659e+03 1.232114209415158257e-05
4.052600000000051750e+03 1.174478347820695490e-05
4.053500000000051841e+03 1.129712381953140721e-05
4.054400000000051932e+03 1.077837896445998922e-05
4.055300000000052023e+03 1.042399799189297482e-05
4.056200000000052114e+03 1.035750392475165427e-05
4.057100000000052205e+03 9.898356438498012722e-06
4.058000000000052296e+03 9.339568350696936250e-06
4.058900000000052387e+03 9.698924259282648563e-06
4.059800000000052478e+03 1.081903246813453734e-05
4.060700000000052569e+03 1.153913945017848164e-05
4.061600000000052660e+03 1.091373451345134526e-05
4.062500000000052751e+03 9.085051715373992920e-06
4.063400000000052842e+03 7.487862148991553113e-06
4.064300000000052933e+03 7.764379915897734463e-06
4.065200000000053024e+03 9.360848707729019225e-06
4.066100000000053114e+03 1.017773502098862082e-05
4.067000000000053205e+03 1.011733456834917888e-05
4.067900000000053296e+03 1.062909996107919142e-05
4.068800000000053387e+03 1.177643844130216166e-05
4.069700000000053478e+03 1.208369576488621533e-05
4.070600000000053569e+03 1.065671222022501752e-05
4.071500000000053660e+03 8.920911568566225469e-06
4.072400000000053751e+03 9.111902727454435080e-06
4.073300000000053842e+03 1.083382994693238288e-05
4.074200000000053933e+03 1.181930110760731623e-05
4.075100000000054024e+03 1.134275225922465324e-05
4.076000000000054115e+03 1.005791182251414284e-05
4.076900000000054206e+03 8.865735253493767232e-06
4.077800000000054297e+03 8.732436981517821550e-06
4.078700000000054388e+03 9.714509360492229462e-06
4.079600000000054479e+03 1.112511745304800570e-05
4.080500000000054570e+03 1.247755062649957836e-05
4.081400000000054661e+03 1.317161058977944776e-05
4.082300000000054752e+03 1.275502199860056862e-05
4.083200000000054843e+03 1.186021017929306254e-05
4.084100000000054933e+03 1.130176406149985269e-05
4.085000000000055024e+03 1.121126479119993746e-05
4.085900000000055115e+03 1.161890668299747631e-05
4.086800000000055206e+03 1.254722064913948998e-05
4.087700000000055297e+03 1.355733093078015372e-05
4.088600000000055388e+03 1.404214617650723085e-05
4.089500000000055479e+03 1.378316392219858244e-05
4.090400000000055570e+03 1.319616058026440442e-05
4.091300000000055661e+03 1.267941115656867623e-05
4.092200000000055752e+03 1.229835834237746894e-05
4.093100000000055843e+03 1.244062605110229924e-05
4.094000000000055934e+03 1.268307823920622468e-05
4.094900000000056025e+03 1.192151376017136499e-05
4.095800000000056116e+03 1.074333795259008184e-05
4.096700000000056207e+03 1.026268455461831763e-05
4.097600000000056752e+03 1.043761312757851556e-05
4.098500000000056389e+03 1.070733378583099693e-05
4.099400000000056025e+03 1.056731980497715995e-05
4.100300000000056571e+03 9.665242941991891712e-06
4.101200000000057116e+03 8.652337783132679760e-06
4.102100000000056752e+03 8.684579370310530066e-06
4.103000000000056389e+03 9.600269549991935492e-06
4.103900000000056934e+03 1.037473248288733885e-05
4.104800000000057480e+03 1.095226707548135892e-05
4.105700000000057116e+03 1.173397595266578719e-05
4.106600000000056752e+03 1.230198540724813938e-05
4.107500000000057298e+03 1.229092595167458057e-05
4.108400000000057844e+03 1.196010634885169566e-05
4.109300000000057480e+03 1.152376080426620319e-05
4.110200000000057116e+03 1.110749508370645344e-05
4.111100000000057662e+03 1.089494253392331302e-05
4.112000000000058208e+03 1.102327223634347320e-05
4.112900000000057844e+03 1.157884889835258946e-05
4.113800000000057480e+03 1.220317881234223023e-05
4.114700000000058026e+03 1.243255610461346805e-05
4.115600000000058571e+03 1.251344201591564342e-05
4.116500000000058208e+03 1.263543799723265693e-05
4.117400000000057844e+03 1.233559851243626326e-05
4.118300000000058390e+03 1.140440963354194537e-05
4.119200000000058935e+03 1.085377607523696497e-05
4.120100000000058571e+03 1.127318319049663842e-05
4.121000000000058208e+03 1.171996791526908055e-05
4.121900000000058753e+03 1.157607312052277848e-05
4.122800000000059299e+03 1.131942099164007232e-05
4.123700000000058935e+03 1.155559493781765923e-05
4.124600000000058571e+03 1.220629292220110074e-05
4.125500000000059117e+03 1.241983954969327897e-05
4.126400000000059663e+03 1.198047539219260216e-05
4.127300000000059299e+03 1.144955786003265530e-05
4.128200000000058935e+03 1.120350771088851616e-05
4.129100000000059481e+03 1.120319575420580804e-05
4.130000000000060027e+03 1.110815537685994059e-05
4.130900000000059663e+03 1.058266843756427988e-05
4.131800000000059299e+03 9.635501555749215186e-06
4.132700000000059845e+03 9.120075446844566613e-06
4.133600000000060390e+03 9.371968189952895045e-06
4.134500000000060027e+03 1.001972759695490822e-05
4.135400000000059663e+03 1.118014824896818027e-05
4.136300000000060209e+03 1.205873559229075909e-05
4.137200000000060754e+03 1.208680441777687520e-05
4.138100000000060390e+03 1.204962609335780144e-05
4.139000000000060027e+03 1.225412779604084790e-05
4.139900000000060572e+03 1.240151414094725624e-05
4.140800000000061118e+03 1.222203809447819367e-05
4.141700000000060754e+03 1.118740874517243356e-05
4.142600000000060390e+03 9.307873369834851474e-06
4.143500000000060936e+03 8.012207217689137906e-06
4.144400000000061482e+03 8.518124559486750513e-06
4.145300000000061118e+03 1.006276670523220673e-05
4.146200000000060754e+03 1.108371361624449492e-05
4.147100000000061300e+03 1.135738239099737257e-05
4.148000000000061846e+03 1.126526422012830153e-05
4.148900000000061482e+03 1.088615863409359008e-05
4.149800000000061118e+03 1.040375445882091299e-05
4.150700000000061664e+03 1.027358848659787327e-05
4.151600000000062209e+03 1.033896023727720603e-05
4.152500000000061846e+03 1.036760295392014086e-05
4.153400000000061482e+03 1.026049540087115020e-05
4.154300000000062028e+03 1.000828797259600833e-05
4.155200000000062573e+03 9.980431059375405312e-06
4.156100000000062209e+03 9.962252988771069795e-06
4.157000000000061846e+03 9.966124707716517150e-06
4.157900000000062391e+03 1.052186598826665431e-05
4.158800000000062937e+03 1.132516626967117190e-05
4.159700000000062573e+03 1.176619753096019849e-05
4.160600000000062209e+03 1.177302783617051318e-05
4.161500000000062755e+03 1.195978984469547868e-05
4.162400000000063301e+03 1.254474136658245698e-05
4.163300000000062937e+03 1.270940083486493677e-05
4.164200000000062573e+03 1.219088062498485669e-05
4.165100000000063119e+03 1.167957725556334481e-05
4.166000000000063665e+03 1.121680998039664701e-05
4.166900000000063301e+03 1.053995492839021608e-05
4.167800000000062937e+03 1.032188083627261221e-05
4.168700000000063483e+03 1.104411785490810871e-05
4.169600000000064028e+03 1.178605998575221747e-05
4.170500000000063665e+03 1.176943806058261544e-05
4.171400000000063301e+03 1.082082872017053887e-05
4.172300000000063847e+03 9.521932952338829637e-06
4.173200000000064392e+03 9.032744856085628271e-06
4.174100000000064028e+03 9.522928849037270993e-06
4.175000000000063665e+03 1.013818928186083212e-05
4.175900000000064210e+03 1.038131904351757839e-05
4.176800000000064756e+03 1.023690128931775689e-05
4.177700000000064392e+03 1.004218756861519068e-05
4.178600000000064028e+03 1.031412830343469977e-05
4.179500000000064574e+03 1.082449125533457845e-05
4.180400000000065120e+03 1.087115379050374031e-05
4.181300000000064756e+03 1.042888015945209190e-05
4.182200000000064392e+03 1.017350223264656961e-05
4.183100000000064938e+03 1.051017534337006509e-05
4.184000000000065484e+03 1.126546158047858626e-05
4.184900000000065120e+03 1.206230990646872669e-05
4.185800000000064756e+03 1.197175242850789800e-05
4.186700000000065302e+03 1.067690664058318362e-05
4.187600000000065847e+03 9.748356205818708986e-06
4.188500000000065484e+03 1.033662738336715847e-05
4.189400000000065120e+03 1.142918335972353816e-05
4.190300000000065666e+03 1.167429400084074587e-05
4.191200000000066211e+03 1.127594532590592280e-05
4.192100000000065847e+03 1.150690422946354374e-05
4.193000000000065484e+03 1.238469849340617657e-05
4.193900000000066029e+03 1.252066977031063288e-05
4.194800000000066575e+03 1.150550542661221698e-05
4.195700000000066211e+03 1.029511622618883848e-05
4.196600000000065847e+03 9.667538506619166583e-06
4.197500000000066393e+03 9.431056241737678647e-06
4.198400000000066939e+03 9.308611879532691091e-06
4.199300000000066575e+03 9.656305337557569146e-06
4.200200000000066211e+03 1.014675854094093665e-05
4.201100000000066757e+03 9.950227649824228138e-06
4.202000000000067303e+03 9.561591468809638172e-06
4.202900000000066939e+03 1.003382658382179216e-05
4.203800000000066575e+03 1.095804418582702056e-05
4.204700000000067121e+03 1.157971291831927374e-05
4.205600000000067666e+03 1.208024150400888175e-05
4.206500000000067303e+03 1.254489689017646015e-05
4.207400000000066939e+03 1.287553004658548161e-05
4.208300000000067485e+03 1.293779496336355805e-05
4.209200000000068030e+03 1.243553651875117794e-05
4.210100000000067666e+03 1.180521758215036243e-05
4.211000000000067303e+03 1.188624446513131261e-05
4.211900000000067848e+03 1.244420491275377572e-05
4.212800000000068394e+03 1.253441860171733424e-05
4.213700000000068030e+03 1.181432344310451299e-05
4.214600000000067666e+03 1.053935102390823886e-05
4.215500000000068212e+03 9.642100849305279553e-06
4.216400000000068758e+03 1.035286913975141943e-05
4.217300000000068394e+03 1.213166797242593020e-05
4.218200000000068030e+03 1.331722160102799535e-05
4.219100000000068576e+03 1.362290458928328007e-05
4.220000000000069122e+03 1.375363535771612078e-05
4.220900000000068758e+03 1.386115582135971636e-05
4.221800000000068394e+03 1.337087996944319457e-05
4.222700000000068940e+03 1.225900450663175434e-05
4.223600000000069485e+03 1.099994096875889227e-05
4.224500000000069122e+03 9.559526915836613625e-06
4.225400000000068758e+03 7.683488547627348453e-06
4.226300000000069303e+03 5.885972313990350813e-06
4.227200000000069849e+03 5.808563400933053344e-06
4.228100000000069485e+03 8.023260306799784303e-06
4.229000000000069122e+03 1.064152911567362025e-05
4.229900000000069667e+03 1.221205911861034110e-05
4.230800000000070213e+03 1.308955870626959950e-05
4.231700000000069849e+03 1.317950591328553855e-05
4.232600000000069485e+03 1.229938243341166526e-05
4.233500000000070031e+03 1.155636346084065735e-05
4.234400000000070577e+03 1.154080655396683142e-05
4.235300000000070213e+03 1.124621394410496578e-05
4.236200000000069849e+03 1.069980135071091354e-05
4.237100000000070395e+03 1.093254923034692183e-05
4.238000000000070941e+03 1.148610590462340042e-05
4.238900000000070577e+03 1.163359593192581087e-05
4.239800000000070213e+03 1.179242099169641733e-05
4.240700000000070759e+03 1.249376691703218967e-05
4.241600000000071304e+03 1.317137866863049567e-05
4.242500000000070941e+03 1.322864227404352278e-05
4.243400000000070577e+03 1.350692582491319627e-05
4.244300000000071122e+03 1.444226472813170403e-05
4.245200000000071668e+03 1.489747955929487944e-05
4.246100000000071304e+03 1.421523029421223328e-05
4.247000000000070941e+03 1.300801250181393698e-05
4.247900000000071486e+03 1.205589796882122755e-05
4.248800000000072032e+03 1.139036612585186958e-05
4.249700000000071668e+03 1.048849662765860558e-05
4.250600000000071304e+03 1.000091288005933166e-05
4.251500000000071850e+03 1.091110789275262505e-05
4.252400000000072396e+03 1.204014824907062575e-05
4.253300000000072032e+03 1.172023530671140179e-05
4.254200000000071668e+03 1.048806643666466698e-05
4.255100000000072214e+03 1.027721737045794725e-05
4.256000000000072760e+03 1.171079111372819170e-05
4.256900000000072396e+03 1.332057854597223923e-05
4.257800000000072032e+03 1.339423033641651273e-05
4.258700000000072578e+03 1.198415975522948429e-05
4.259600000000073123e+03 1.032240197673672810e-05
4.260500000000072760e+03 9.379653420182876289e-06
4.261400000000072396e+03 1.007428181765135378e-05
4.262300000000072941e+03 1.209379661304410547e-05
4.263200000000073487e+03 1.383090329909464344e-05
4.264100000000073123e+03 1.448431248718407005e-05
4.265000000000072760e+03 1.466934554628096521e-05
4.265900000000073305e+03 1.477965361118549481e-05
4.266800000000073851e+03 1.429264375474303961e-05
4.267700000000073487e+03 1.327393238170770928e-05
4.268600000000073123e+03 1.242775488208280876e-05
4.269500000000073669e+03 1.159204202849650756e-05
4.270400000000074215e+03 1.006233287625946105e-05
4.271300000000073851e+03 8.333160621987190098e-06
4.272200000000073487e+03 7.989990990608930588e-06
4.273100000000074033e+03 8.935287951317150146e-06
4.274000000000074579e+03 9.351961125503294170e-06
4.274900000000074215e+03 9.396571840625256300e-06
4.275800000000073851e+03 1.048743888532044366e-05
4.276700000000074397e+03 1.229287408932577819e-05
4.277600000000074942e+03 1.368836092296987772e-05
4.278500000000074579e+03 1.411372704751556739e-05
4.279400000000074215e+03 1.324749882769538090e-05
4.280300000000074760e+03 1.204145610245177522e-05
4.281200000000075306e+03 1.183925269288010895e-05
4.282100000000074942e+03 1.222644641529768705e-05
4.283000000000074579e+03 1.257763233297737315e-05
4.283900000000075124e+03 1.280665492231491953e-05
4.284800000000075670e+03 1.238570712303044274e-05
4.285700000000075306e+03 1.174560293293325230e-05
4.286600000000074942e+03 1.177233571070246398e-05
4.287500000000075488e+03 1.203284227813128382e-05
4.288400000000076034e+03 1.133090609073406085e-05
4.289300000000075670e+03 9.780697837413754314e-06
4.290200000000075306e+03 9.003972081700339913e-06
4.291100000000075852e+03 9.766540642885956913e-06
4.292000000000076398e+03 1.130589862441411242e-05
4.292900000000076034e+03 1.239509310835273936e-05
4.293800000000075670e+03 1.219607565872138366e-05
4.294700000000076216e+03 1.165861795016098768e-05
4.295600000000076761e+03 1.177318517875391990e-05
4.296500000000076398e+03 1.172226166090695187e-05
4.297400000000076034e+03 1.093545233743498102e-05
4.298300000000076579e+03 9.582187885825987905e-06
4.299200000000077125e+03 8.051142685872036964e-06
4.300100000000076761e+03 7.458595973730552942e-06
4.301000000000076398e+03 8.077324309851974249e-06
4.301900000000076943e+03 8.644082299724686891e-06
4.302800000000077489e+03 8.728077773412223905e-06
4.303700000000077125e+03 8.997540135169401765e-06
4.304600000000076761e+03 9.184734153677709401e-06
4.305500000000077307e+03 8.834650543576572090e-06
4.306400000000077853e+03 8.206099664676003158e-06
4.307300000000077489e+03 7.320501936192158610e-06
4.308200000000077125e+03 6.592760200874181464e-06
4.309100000000077671e+03 6.828488494647899643e-06
4.310000000000078217e+03 7.775330232107080519e-06
4.310900000000077853e+03 8.786617399891838431e-06
4.311800000000077489e+03 9.711364327813498676e-06
4.312700000000078035e+03 1.067277935362653807e-05
4.313600000000078580e+03 1.150700063590193167e-05
4.314500000000078217e+03 1.230027555720880628e-05
4.315400000000077853e+03 1.400581186317140236e-05
4.316300000000078398e+03 1.621329101908486336e-05
4.317200000000078944e+03 1.714944482955615968e-05
4.318100000000078580e+03 1.676531974226236343e-05
4.319000000000078217e+03 1.618324859009590000e-05
4.319900000000078762e+03 1.571019129187334329e-05
4.320800000000079308e+03 1.518275166745297611e-05
4.321700000000078944e+03 1.481792151025729254e-05
4.322600000000078580e+03 1.391505975334439427e-05
4.323500000000079126e+03 1.183595304610207677e-05
4.324400000000079672e+03 9.498075087321922183e-06
4.325300000000079308e+03 8.044396054174285382e-06
4.326200000000078944e+03 8.567227268940769136e-06
4.327100000000079490e+03 1.125321068684570491e-05
4.328000000000080036e+03 1.430595966667169705e-05
4.328900000000079672e+03 1.586903454153798521e-05
4.329800000000079308e+03 1.570036511111538857e-05
4.330700000000079854e+03 1.508644072600873187e-05
4.331600000000080399e+03 1.515823350928258151e-05
4.332500000000080036e+03 1.560906639497261494e-05
4.333400000000079672e+03 1.594028799445368350e-05
4.334300000000080217e+03 1.638799403735902160e-05
4.335200000000080763e+03 1.674792474659625441e-05
4.336100000000080399e+03 1.595406502019613981e-05
4.337000000000080036e+03 1.375698047922924161e-05
4.337900000000080581e+03 1.178297043225029483e-05
4.338800000000081127e+03 1.088549561245599762e-05
4.339700000000080763e+03 1.024737503030337393e-05
4.340600000000080399e+03 1.018439706967910752e-05
4.341500000000080945e+03 1.155890095105860382e-05
4.342400000000081491e+03 1.325772154814330861e-05
4.343300000000081127e+03 1.377450280415359885e-05
4.344200000000080763e+03 1.386217718390980735e-05
4.345100000000081309e+03 1.458814040233846754e-05
4.346000000000081855e+03 1.513869301561499014e-05
4.346900000000081491e+03 1.503951625636545941e-05
4.347800000000081127e+03 1.537463504064362496e-05
4.348700000000081673e+03 1.645473639655392617e-05
4.349600000000082218e+03 1.676828651397954673e-05
4.350500000000081855e+03 1.496696950198384002e-05
4.351400000000081491e+03 1.223384060722310096e-05
4.352300000000082036e+03 1.115198392653837800e-05
4.353200000000082582e+03 1.221944512508343905e-05
4.354100000000082218e+03 1.355271160718984902e-05
4.355000000000081855e+03 1.410188360750908032e-05
4.355900000000082400e+03 1.462575619370909408e-05
4.356800000000082946e+03 1.538024844194296747e-05
4.357700000000082582e+03 1.540981065772939473e-05
4.358600000000082218e+03 1.445685211365344003e-05
4.359500000000082764e+03 1.387252541462657973e-05
4.360400000000083310e+03 1.463252829125849530e-05
4.361300000000082946e+03 1.585933387104887515e-05
4.362200000000082582e+03 1.619948125153314322e-05
4.363100000000083128e+03 1.589317434991244227e-05
4.364000000000083674e+03 1.626289122214075178e-05
4.364900000000083310e+03 1.713060555630363524e-05
4.365800000000082946e+03 1.706108560028951615e-05
4.366700000000083492e+03 1.576423892402090132e-05
4.367600000000084037e+03 1.452228661946719512e-05
4.368500000000083674e+03 1.438265644537750632e-05
4.369400000000083310e+03 1.477883142797509208e-05
4.370300000000083855e+03 1.488344696554122493e-05
4.371200000000084401e+03 1.493815852882107720e-05
4.372100000000084037e+03 1.496426739322487265e-05
4.373000000000083674e+03 1.436584170733112842e-05
4.373900000000084219e+03 1.310151856159791350e-05
4.374800000000084765e+03 1.208818048326065764e-05
4.375700000000084401e+03 1.223186882270965725e-05
4.376600000000084037e+03 1.359748694085283205e-05
4.377500000000084583e+03 1.507587148807942867e-05
4.378400000000085129e+03 1.558991243655327708e-05
4.379300000000084765e+03 1.514497762400424108e-05
4.380200000000084401e+03 1.442970915377372876e-05
4.381100000000084947e+03 1.366886772302677855e-05
4.382000000000085493e+03 1.197408073494443670e-05
4.382900000000085129e+03 9.106090146815404296e-06
4.383800000000084765e+03 7.133414783311309293e-06
4.384700000000085311e+03 7.963134521560277790e-06
4.385600000000085856e+03 1.075532691174885258e-05
4.386500000000085493e+03 1.304570741922361776e-05
4.387400000000085129e+03 1.360108672088244930e-05
4.388300000000085674e+03 1.327943391515873373e-05
4.389200000000086220e+03 1.291918761125998572e-05
4.390100000000085856e+03 1.269192398467566818e-05
4.391000000000085493e+03 1.291473472520010546e-05
4.391900000000086038e+03 1.357297605864005163e-05
4.392800000000086584e+03 1.404339400323806331e-05
4.393700000000086220e+03 1.388536293234210461e-05
4.394600000000085856e+03 1.347288343822583556e-05
4.395500000000086402e+03 1.381682068313239142e-05
4.396400000000086948e+03 1.523363971500657499e-05
4.397300000000086584e+03 1.647207682253792882e-05
4.398200000000086220e+03 1.648249599384143949e-05
4.399100000000086766e+03 1.548787986394017935e-05
4.400000000000087311e+03 1.412486926710698754e-05
4.400900000000086948e+03 1.358186455036047846e-05
4.401800000000086584e+03 1.440803407604107633e-05
4.402700000000087130e+03 1.466334560973336920e-05
4.403600000000087675e+03 1.263397552975220606e-05
4.404500000000087311e+03 1.015318412100896239e-05
4.405400000000086948e+03 1.002154658635845408e-05
4.406300000000087493e+03 1.169472034234786406e-05
4.407200000000088039e+03 1.262399564438965172e-05
4.408100000000087675e+03 1.264063030248507857e-05
4.409000000000087311e+03 1.346784029010450467e-05
4.409900000000087857e+03 1.515932399343000725e-05
4.410800000000088403e+03 1.638104367884807289e-05
4.411700000000088039e+03 1.690343015070538968e-05
4.412600000000087675e+03 1.702298322925344110e-05
4.413500000000088221e+03 1.602467273187357932e-05
4.414400000000088767e+03 1.371783218928612769e-05
4.415300000000088403e+03 1.217125009134178981e-05
4.416200000000088039e+03 1.283381061512045562e-05
4.417100000000088585e+03 1.438952585885999724e-05
4.418000000000089130e+03 1.566911487316247076e-05
4.418900000000088767e+03 1.671685640758369118e-05
4.419800000000088403e+03 1.727569178910925984e-05
4.420700000000088949e+03 1.680814239080063999e-05
4.421600000000089494e+03 1.538440847070887685e-05
4.422500000000089130e+03 1.414545931766042486e-05
4.423400000000088767e+03 1.420386251993477345e-05
4.424300000000089312e+03 1.491231159889139235e-05
4.425200000000089858e+03 1.509179583081277087e-05
4.426100000000089494e+03 1.489901478635147214e-05
4.427000000000089130e+03 1.502808208897477016e-05
4.427900000000089676e+03 1.563403384352568537e-05
4.428800000000090222e+03 1.597927621332928538e-05
4.429700000000089858e+03 1.519370562164112926e-05
4.430600000000089494e+03 1.445545422029681504e-05
4.431500000000090040e+03 1.504727970313979313e-05
4.432400000000090586e+03 1.570496897329576313e-05
4.433300000000090222e+03 1.501960923633305356e-05
4.434200000000089858e+03 1.347946090390905738e-05
4.435100000000090404e+03 1.244330087502021343e-05
4.436000000000090949e+03 1.296868504141457379e-05
4.436900000000090586e+03 1.472545591241214424e-05
4.437800000000090222e+03 1.645456723053939641e-05
4.438700000000090768e+03 1.750691808410920203e-05
4.439600000000091313e+03 1.753343167365528643e-05
4.440500000000090949e+03 1.639556830923538655e-05
4.441400000000090586e+03 1.482773495808942243e-05
4.442300000000091131e+03 1.380441244691610336e-05
4.443200000000091677e+03 1.387066822644555941e-05
4.444100000000091313e+03 1.508985587861388922e-05
4.445000000000090949e+03 1.680738023424055427e-05
4.445900000000091495e+03 1.769361188053153455e-05
4.446800000000092041e+03 1.726507252897135913e-05
4.447700000000091677e+03 1.683691334619652480e-05
4.448600000000091313e+03 1.714621794235426933e-05
4.449500000000091859e+03 1.709910429781302810e-05
4.450400000000092405e+03 1.663849070610012859e-05
4.451300000000092041e+03 1.658549990679603070e-05
4.452200000000091677e+03 1.657657776377163827e-05
4.453100000000092223e+03 1.580825664859730750e-05
4.454000000000092768e+03 1.430229076504474506e-05
4.454900000000092405e+03 1.292691831622505561e-05
4.455800000000092041e+03 1.278939453186467290e-05
4.456700000000092587e+03 1.354426876787329093e-05
4.457600000000093132e+03 1.390702163917012513e-05
4.458500000000092768e+03 1.364018226013286039e-05
4.459400000000092405e+03 1.342242921964498237e-05
4.460300000000092950e+03 1.331026396655943245e-05
4.461200000000093496e+03 1.285967755393357947e-05
4.462100000000093132e+03 1.296320078836288303e-05
4.463000000000092768e+03 1.448724287911318243e-05
4.463900000000093314e+03 1.593256274645682424e-05
4.464800000000093860e+03 1.603068812983110547e-05
4.465700000000093496e+03 1.563809200888499618e-05
4.466600000000093132e+03 1.562652141728904098e-05
4.467500000000093678e+03 1.581067954248283058e-05
4.468400000000094224e+03 1.558504118293058127e-05
4.469300000000093860e+03 1.506488843006081879e-05
4.470200000000093496e+03 1.513749703008215874e-05
4.471100000000094042e+03 1.584706296853255481e-05
4.472000000000094587e+03 1.667871583777014166e-05
4.472900000000094224e+03 1.739392064337152988e-05
4.473800000000093860e+03 1.771040479070506990e-05
4.474700000000094406e+03 1.743617940519470721e-05
4.475600000000094951e+03 1.723735658742953092e-05
4.476500000000094587e+03 1.786705797712784261e-05
4.477400000000094224e+03 1.876110218290705234e-05
4.478300000000094769e+03 1.868611070676706731e-05
4.479200000000095315e+03 1.733381395752076060e-05
4.480100000000094951e+03 1.556427741888910532e-05
4.481000000000094587e+03 1.443061137251788750e-05
4.481900000000095133e+03 1.434311980119673535e-05
4.482800000000095679e+03 1.538045944471377879e-05
4.483700000000095315e+03 1.696400249784346670e-05
4.484600000000094951e+03 1.814051938708871603e-05
4.485500000000095497e+03 1.876983515103347600e-05
4.486400000000096043e+03 1.882970718725118786e-05
4.487300000000095679e+03 1.808475826692301780e-05
4.488200000000095315e+03 1.673616861808113754e-05
4.489100000000095861e+03 1.554666596348397434e-05
4.490000000000096406e+03 1.526266169094014913e-05
4.490900000000096043e+03 1.600532959855627269e-05
4.491800000000095679e+03 1.709287789708469063e-05
4.492700000000096225e+03 1.742031781759578735e-05
4.493600000000096770e+03 1.639311813050881028e-05
4.494500000000096406e+03 1.496630557085154578e-05
4.495400000000096043e+03 1.457988128095166758e-05
4.496300000000096588e+03 1.524421895737759769e-05
4.497200000000097134e+03 1.634796899452339858e-05
4.498100000000096770e+03 1.742691347317304462e-05
4.499000000000096406e+03 1.805609826988074929e-05
4.499900000000096952e+03 1.801061262085568160e-05
4.500800000000097498e+03 1.725570837152190506e-05
4.501700000000097134e+03 1.689190503384452313e-05
4.502600000000096770e+03 1.796381729946006089e-05
4.503500000000097316e+03 1.944408177223522216e-05
4.504400000000097862e+03 1.998201696551404893e-05
4.505300000000097498e+03 1.968049400602467358e-05
4.506200000000097134e+03 1.911122672026976943e-05
4.507100000000097680e+03 1.860104748629964888e-05
4.508000000000098225e+03 1.841475568653549999e-05
4.508900000000097862e+03 1.860632983152754605e-05
4.509800000000097498e+03 1.902921030705329031e-05
4.510700000000098044e+03 1.921774128277320415e-05
4.511600000000098589e+03 1.870377673185430467e-05
4.512500000000098225e+03 1.779510421329177916e-05
4.513400000000097862e+03 1.710553624434396625e-05
4.514300000000098407e+03 1.687492840574122965e-05
4.515200000000098953e+03 1.719748252071440220e-05
4.516100000000098589e+03 1.765521847119089216e-05
4.517000000000098225e+03 1.747397618601098657e-05
4.517900000000098771e+03 1.702995541563723236e-05
4.518800000000099317e+03 1.736737976898439229e-05
4.519700000000098953e+03 1.827743653848301619e-05
4.520600000000098589e+03 1.899617382150609046e-05
4.521500000000099135e+03 1.896185858640819788e-05
4.522400000000099681e+03 1.806297404982615262e-05
4.523300000000099317e+03 1.740515108394902200e-05
4.524200000000098953e+03 1.727211201796308160e-05
4.525100000000099499e+03 1.666366006247699261e-05
4.526000000000100044e+03 1.551537206978537142e-05
4.526900000000099681e+03 1.444724512111861259e-05
4.527800000000099317e+03 1.377994431095430627e-05
4.528700000000099863e+03 1.363558840239420533e-05
4.529600000000100408e+03 1.407543913956033066e-05
4.530500000000100044e+03 1.464771412429399788e-05
4.531400000000099681e+03 1.530396912130527198e-05
4.532300000000100226e+03 1.595994581293780357e-05
4.533200000000100772e+03 1.573449117131531239e-05
4.534100000000100408e+03 1.478934336773818359e-05
4.535000000000100044e+03 1.412254459864925593e-05
4.535900000000100590e+03 1.486398559791268781e-05
4.536800000000101136e+03 1.707282171992119402e-05
4.537700000000100772e+03 1.870218511612620205e-05
4.538600000000100408e+03 1.858398354670498520e-05
4.539500000000100954e+03 1.757245991029776633e-05
4.540400000000101500e+03 1.666569005465134978e-05
4.541300000000101136e+03 1.651765342103317380e-05
4.542200000000100772e+03 1.724827234284020960e-05
4.543100000000101318e+03 1.790591340977698565e-05
4.544000000000101863e+03 1.754303593770600855e-05
4.544900000000101500e+03 1.667637297941837460e-05
4.545800000000101136e+03 1.648615034355316311e-05
4.546700000000101682e+03 1.689165219431743026e-05
4.547600000000102227e+03 1.705044087429996580e-05
4.548500000000101863e+03 1.652741229918319732e-05
4.549400000000101500e+03 1.596460970176849514e-05
4.550300000000102045e+03 1.639453148527536541e-05
4.551200000000102591e+03 1.711013828753493726e-05
4.552100000000102227e+03 1.701203473203349859e-05
4.553000000000101863e+03 1.659516965446528047e-05
4.553900000000102409e+03 1.630309816391672939e-05
4.554800000000102955e+03 1.611952029634267092e-05
4.555700000000102591e+03 1.648132274567615241e-05
4.556600000000102227e+03 1.754682853061240166e-05
4.557500000000102773e+03 1.862272438302170485e-05
4.558400000000103319e+03 1.912112929858267307e-05
4.559300000000102955e+03 1.911876461235806346e-05
4.560200000000102591e+03 1.889076702354941517e-05
4.561100000000103137e+03 1.895841887744609267e-05
4.562000000000103682e+03 1.907990917970892042e-05
4.562900000000103319e+03 1.842085839598439634e-05
4.563800000000102955e+03 1.713614256004802883e-05
4.564700000000103500e+03 1.621761293790768832e-05
4.565600000000104046e+03 1.634159343666397035e-05
4.566500000000103682e+03 1.759452243277337402e-05
4.567400000000103319e+03 1.897402944450732321e-05
4.568300000000103864e+03 1.937168781296350062e-05
4.569200000000104410e+03 1.902934855024795979e-05
4.570100000000104046e+03 1.831792178563773632e-05
4.571000000000103682e+03 1.718525527394376695e-05
4.571900000000104228e+03 1.686769792286213487e-05
4.572800000000104774e+03 1.808612250897567719e-05
4.573700000000104410e+03 1.909724596771411598e-05
4.574600000000104046e+03 1.893241460493300110e-05
4.575500000000104592e+03 1.864258047135081142e-05
4.576400000000105138e+03 1.870678715931717306e-05
4.577300000000104774e+03 1.863527904788497835e-05
4.578200000000104410e+03 1.803593477234244347e-05
4.579100000000104956e+03 1.695866922091227025e-05
4.580000000000105501e+03 1.593825254531111568e-05
4.580900000000105138e+03 1.572590190335176885e-05
4.581800000000104774e+03 1.647774661250878125e-05
4.582700000000105319e+03 1.730471194605343044e-05
4.583600000000105865e+03 1.738132232276257128e-05
4.584500000000105501e+03 1.694879756541922688e-05
4.585400000000105138e+03 1.640152186155319214e-05
4.586300000000105683e+03 1.634835643926635385e-05
4.587200000000106229e+03 1.731547672534361482e-05
4.588100000000105865e+03 1.860166230471804738e-05
4.589000000000105501e+03 1.930808502947911620e-05
4.589900000000106047e+03 1.910442915686871856e-05
4.590800000000106593e+03 1.820476609282195568e-05
4.591700000000106229e+03 1.730441181280184537e-05
4.592600000000105865e+03 1.698354026302695274e-05
4.593500000000106411e+03 1.705487557046581060e-05
4.594400000000106957e+03 1.690124918241053820e-05
4.595300000000106593e+03 1.661488568061031401e-05
4.596200000000106229e+03 1.662716022110544145e-05
4.597100000000106775e+03 1.679856359260156751e-05
4.598000000000107320e+03 1.705553222564049065e-05
4.598900000000106957e+03 1.743094617268070579e-05
4.599800000000106593e+03 1.722651722957380116e-05
4.600700000000107138e+03 1.676266947470139712e-05
4.601600000000107684e+03 1.704491478449199349e-05
4.602500000000107320e+03 1.748095746734179556e-05
4.603400000000106957e+03 1.747508213156834245e-05
4.604300000000107502e+03 1.717791383271105587e-05
4.605200000000108048e+03 1.684374001342803240e-05
4.606100000000107684e+03 1.710130345600191504e-05
4.607000000000107320e+03 1.808357592381071299e-05
4.607900000000107866e+03 1.933675230247899890e-05
4.608800000000108412e+03 2.023743036261294037e-05
4.609700000000108048e+03 2.013722951232921332e-05
4.610600000000107684e+03 1.926423465192783624e-05
4.611500000000108230e+03 1.849982800194993615e-05
4.612400000000108776e+03 1.813745257095433772e-05
4.613300000000108412e+03 1.800818790798075497e-05
4.614200000000108048e+03 1.846470695454627275e-05
4.615100000000108594e+03 1.912565130623988807e-05
4.616000000000109139e+03 1.924303251144010574e-05
4.616900000000108776e+03 1.931129554577637464e-05
4.617800000000108412e+03 1.938062632689252496e-05
4.618700000000108957e+03 1.887890721263829619e-05
4.619600000000109503e+03 1.857060306065250188e-05
4.620500000000109139e+03 1.913722007884643972e-05
4.621400000000108776e+03 1.949070974660571665e-05
4.622300000000109321e+03 1.908630110847298056e-05
4.623200000000109867e+03 1.890414023364428431e-05
4.624100000000109503e+03 1.906823126773815602e-05
4.625000000000109139e+03 1.881528623925987631e-05
4.625900000000109685e+03 1.843645804910920560e-05
4.626800000000110231e+03 1.864033765741623938e-05
4.627700000000109867e+03 1.908371086756233126e-05
4.628600000000109503e+03 1.896687899716198444e-05
4.629500000000110049e+03 1.861415512394160032e-05
4.630400000000110595e+03 1.892671571113169193e-05
4.631300000000110231e+03 1.949316538230050355e-05
4.632200000000109867e+03 1.916523615363985300e-05
4.633100000000110413e+03 1.826593143050558865e-05
4.634000000000110958e+03 1.790608621377032250e-05
4.634900000000110595e+03 1.810809771995991468e-05
4.635800000000110231e+03 1.822173726395703852e-05
4.636700000000110776e+03 1.781387982191517949e-05
4.637600000000111322e+03 1.712306220724713057e-05
4.638500000000110958e+03 1.671944301051553339e-05
4.639400000000110595e+03 1.644256008148659021e-05
4.640300000000111140e+03 1.652193168411031365e-05
4.641200000000111686e+03 1.739446452120319009e-05
4.642100000000111322e+03 1.811843685572966933e-05
4.643000000000110958e+03 1.788735607988201082e-05
4.643900000000111504e+03 1.724545109027530998e-05
4.644800000000112050e+03 1.658504515944514424e-05
4.645700000000111686e+03 1.559641896164976060e-05
4.646600000000111322e+03 1.471911764383548871e-05
4.647500000000111868e+03 1.470905863243388012e-05
4.648400000000112414e+03 1.540598714200314134e-05
4.649300000000112050e+03 1.630900624149944633e-05
4.650200000000111686e+03 1.716424230835400522e-05
4.651100000000112232e+03 1.775574310158845037e-05
4.652000000000112777e+03 1.816932490328326821e-05
4.652900000000112414e+03 1.832739508245140314e-05
4.653800000000112050e+03 1.774612610461190343e-05
4.654700000000112595e+03 1.684921517153270543e-05
4.655600000000113141e+03 1.648613215365912765e-05
4.656500000000112777e+03 1.677577893133275211e-05
4.657400000000112414e+03 1.772278847056441009e-05
4.658300000000112959e+03 1.901064933917950839e-05
4.659200000000113505e+03 1.995213824557140470e-05
4.660100000000113141e+03 2.009768650168552995e-05
4.661000000000112777e+03 1.944721043400932103e-05
4.661900000000113323e+03 1.841350058384705335e-05
4.662800000000113869e+03 1.747814712871331722e-05
4.663700000000113505e+03 1.708257696009241045e-05
4.664600000000113141e+03 1.709758544166106731e-05
4.665500000000113687e+03 1.646386772335972637e-05
4.666400000000114233e+03 1.478042941016610712e-05
4.667300000000113869e+03 1.335990782536100596e-05
4.668200000000113505e+03 1.361589511361671612e-05
4.669100000000114051e+03 1.526030064269434661e-05
4.670000000000114596e+03 1.699334097793325782e-05
4.670900000000114233e+03 1.799798337742686272e-05
4.671800000000113869e+03 1.805747160688042641e-05
4.672700000000114414e+03 1.752949901856482029e-05
4.673600000000114960e+03 1.709281059447675943e-05
4.674500000000114596e+03 1.713913661660626531e-05
4.675400000000114233e+03 1.778355544956866652e-05
4.676300000000114778e+03 1.850527769420295954e-05
4.677200000000115324e+03 1.840612458181567490e-05
4.678100000000114960e+03 1.754439654177986085e-05
4.679000000000114596e+03 1.677926957199815661e-05
4.679900000000115142e+03 1.640842310735024512e-05
4.680800000000115688e+03 1.620222064957488328e-05
4.681700000000115324e+03 1.628551217436324805e-05
4.682600000000114960e+03 1.691188299446366727e-05
4.683500000000115506e+03 1.761873863870278001e-05
4.684400000000116052e+03 1.777900433808099478e-05
4.685300000000115688e+03 1.771508323145098984e-05
4.686200000000115324e+03 1.770296876202337444e-05
4.687100000000115870e+03 1.746567431837320328e-05
4.688000000000116415e+03 1.718872408673632890e-05
4.688900000000116052e+03 1.725685797282494605e-05
4.689800000000115688e+03 1.735466139507479966e-05
4.690700000000116233e+03 1.709018761175684631e-05
4.691600000000116779e+03 1.683379196038004011e-05
4.692500000000116415e+03 1.693556623649783432e-05
4.693400000000116052e+03 1.720434192975517362e-05
4.694300000000116597e+03 1.761838575475849211e-05
4.695200000000117143e+03 1.818829696276225150e-05
4.696100000000116779e+03 1.847507155616767704e-05
4.697000000000116415e+03 1.793647061276715249e-05
4.697900000000116961e+03 1.675572093517985195e-05
4.698800000000117507e+03 1.595848334545735270e-05
4.699700000000117143e+03 1.613936728972475976e-05
4.700600000000116779e+03 1.646182317927014083e-05
4.701500000000117325e+03 1.620632974663749337e-05
4.702400000000117871e+03 1.564160447742324322e-05
4.703300000000117507e+03 1.557926771056372672e-05
4.704200000000117143e+03 1.639901347516570240e-05
4.705100000000117689e+03 1.717917439236771315e-05
4.706000000000118234e+03 1.716411679808516055e-05
4.706900000000117871e+03 1.660814632487017661e-05
4.707800000000117507e+03 1.619922295503783971e-05
4.708700000000118052e+03 1.613789936527609825e-05
4.709600000000118598e+03 1.643591713218484074e-05
4.710500000000118234e+03 1.729718314891215414e-05
4.711400000000117871e+03 1.802852602850180119e-05
4.712300000000118416e+03 1.789101770555134863e-05
4.713200000000118962e+03 1.711786171654239297e-05
4.714100000000118598e+03 1.626858102099504322e-05
4.715000000000118234e+03 1.630981205380521715e-05
4.715900000000118780e+03 1.750520641508046538e-05
4.716800000000119326e+03 1.860534030129201710e-05
4.717700000000118962e+03 1.898848495329730213e-05
4.718600000000118598e+03 1.932733721332624555e-05
4.719500000000119144e+03 1.983107176783960313e-05
4.720400000000119690e+03 1.995766615436878055e-05
4.721300000000119326e+03 1.951132435351610184e-05
4.722200000000118962e+03 1.889517443487420678e-05
4.723100000000119508e+03 1.879970113805029541e-05
4.724000000000120053e+03 1.937691558850929141e-05
4.724900000000119690e+03 1.993291334656532854e-05
4.725800000000119326e+03 1.962851638381835073e-05
4.726700000000119871e+03 1.818348391680046916e-05
4.727600000000120417e+03 1.649457772145979106e-05
4.728500000000120053e+03 1.571417124068830162e-05
4.729400000000119690e+03 1.576782415213529021e-05
4.730300000000120235e+03 1.612165760889183730e-05
4.731200000000120781e+03 1.667477590672206134e-05
4.732100000000120417e+03 1.742296808515675366e-05
4.733000000000120053e+03 1.786463690223172307e-05
4.733900000000120599e+03 1.799698293325491250e-05
4.734800000000121145e+03 1.817733573261648417e-05
4.735700000000120781e+03 1.780717684596311301e-05
4.736600000000120417e+03 1.709072239464148879e-05
4.737500000000120963e+03 1.749605144141241908e-05
4.738400000000121508e+03 1.875774614745751023e-05
4.739300000000121145e+03 1.917643385240808129e-05
4.740200000000120781e+03 1.860021438915282488e-05
4.741100000000121327e+03 1.812652590160723776e-05
4.742000000000121872e+03 1.836272167565766722e-05
4.742900000000121508e+03 1.887848338810727000e-05
4.743800000000121145e+03 1.896788489830214530e-05
4.744700000000121690e+03 1.862750286818481982e-05
4.745600000000122236e+03 1.869822153821587563e-05
4.746500000000121872e+03 1.925420474435668439e-05
4.747400000000121508e+03 1.946083830262068659e-05
4.748300000000122054e+03 1.925154174386989325e-05
4.749200000000122600e+03 1.918113230203744024e-05
4.750100000000122236e+03 1.925692049553617835e-05
4.751000000000121872e+03 1.903836891870014369e-05
4.751900000000122418e+03 1.848316787800285965e-05
4.752800000000122964e+03 1.803576014935970306e-05
4.753700000000122600e+03 1.775054079189430922e-05
4.754600000000122236e+03 1.762487045198213309e-05
4.755500000000122782e+03 1.772552786860615015e-05
4.756400000000123327e+03 1.785298809409141541e-05
4.757300000000122964e+03 1.804766361601650715e-05
4.758200000000122600e+03 1.833850001276005059e-05
4.759100000000123146e+03 1.874542249424848706e-05
4.760000000000123691e+03 1.898902883112896234e-05
4.760900000000123327e+03 1.850799344538245350e-05
4.761800000000122964e+03 1.758206781232729554e-05
4.762700000000123509e+03 1.714545396680478007e-05
4.763600000000124055e+03 1.710404467303305864e-05
4.764500000000123691e+03 1.670155143074225634e-05
4.765400000000123327e+03 1.601364601810928434e-05
4.766300000000123873e+03 1.584427263878751546e-05
4.767200000000124419e+03 1.652137507335282862e-05
4.768100000000124055e+03 1.750464434735476971e-05
4.769000000000123691e+03 1.842461642809212208e-05
4.769900000000124237e+03 1.886990321509074420e-05
4.770800000000124783e+03 1.839214564824942499e-05
4.771700000000124419e+03 1.770176277204882354e-05
4.772600000000124055e+03 1.775757118593901396e-05
4.773500000000124601e+03 1.859138865256682038e-05
4.774400000000125146e+03 1.940504989761393517e-05
4.775300000000124783e+03 1.939046342158690095e-05
4.776200000000124419e+03 1.905835779325570911e-05
4.777100000000124965e+03 1.926948425534646958e-05
4.778000000000125510e+03 1.956550113391131163e-05
4.778900000000125146e+03 1.936077387654222548e-05
4.779800000000124783e+03 1.904203782032709569e-05
4.780700000000125328e+03 1.892707223305478692e-05
4.781600000000125874e+03 1.862158387666568160e-05
4.782500000000125510e+03 1.785716267477255315e-05
4.783400000000125146e+03 1.734138277242891490e-05
4.784300000000125692e+03 1.775817690941039473e-05
4.785200000000126238e+03 1.809898458304814994e-05
4.786100000000125874e+03 1.763998807291500270e-05
4.787000000000125510e+03 1.751768286339938641e-05
4.787900000000126056e+03 1.795636308088432997e-05
4.788800000000126602e+03 1.796482501958962530e-05
4.789700000000126238e+03 1.774629163264762610e-05
4.790600000000125874e+03 1.791478825907688588e-05
4.791500000000126420e+03 1.827376763685606420e-05
4.792400000000126965e+03 1.876804344647098333e-05
4.793300000000126602e+03 1.962233000085689127e-05
4.794200000000126238e+03 2.050445255008526146e-05
4.795100000000126784e+03 2.076591590594034642e-05
4.796000000000127329e+03 2.036849400610662997e-05
4.796900000000126965e+03 1.976064959308132529e-05
4.797800000000126602e+03 1.908553167595528066e-05
4.798700000000127147e+03 1.835933107940945774e-05
4.799600000000127693e+03 1.795750358724035323e-05
4.800500000000127329e+03 1.826814877858851105e-05
4.801400000000126965e+03 1.921789407788310200e-05
4.802300000000127511e+03 2.006678187171928585e-05
4.803200000000128057e+03 2.022905391640961170e-05
4.804100000000127693e+03 1.964869079529307783e-05
4.805000000000127329e+03 1.889105260488577187e-05
4.805900000000127875e+03 1.861005148384720087e-05
4.806800000000128421e+03 1.836382216424681246e-05
4.807700000000128057e+03 1.793033152353018522e-05
4.808600000000127693e+03 1.798360972316004336e-05
4.809500000000128239e+03 1.858912219177000225e-05
4.810400000000128784e+03 1.908175363496411592e-05
4.811300000000128421e+03 1.918791713251266629e-05
4.812200000000128057e+03 1.907957994262687862e-05
4.813100000000128603e+03 1.893282751552760601e-05
4.814000000000129148e+03 1.894066190288867801e-05
4.814900000000128784e+03 1.912367952172644436e-05
4.815800000000128421e+03 1.946975316968746483e-05
4.816700000000128966e+03 1.984665868803858757e-05
4.817600000000129512e+03 2.005510577873792499e-05
4.818500000000129148e+03 2.026862057391554117e-05
4.819400000000128784e+03 2.046237023023422807e-05
4.820300000000129330e+03 2.031404073932208121e-05
4.821200000000129876e+03 1.992052602872718126e-05
4.822100000000129512e+03 1.911381514219101518e-05
4.823000000000129148e+03 1.784072446753270924e-05
4.823900000000129694e+03 1.734151192067656666e-05
4.824800000000130240e+03 1.817476186261046678e-05
4.825700000000129876e+03 1.916068322316277772e-05
4.826600000000129512e+03 1.937169872689992189e-05
4.827500000000130058e+03 1.895784407679457217e-05
4.828400000000130603e+03 1.855209120549261570e-05
4.829300000000130240e+03 1.859243275248445570e-05
4.830200000000129876e+03 1.878835973911918700e-05
4.831100000000130422e+03 1.833296664699446410e-05
4.832000000000130967e+03 1.771169081621337682e-05
4.832900000000130603e+03 1.799367601051926613e-05
4.833800000000130240e+03 1.879892261058557779e-05
4.834700000000130785e+03 1.924322714330628514e-05
4.835600000000131331e+03 1.919783426274079829e-05
4.836500000000130967e+03 1.912701191031374037e-05
4.837400000000130603e+03 1.911102299345657229e-05
4.838300000000131149e+03 1.866409002104774117e-05
4.839200000000131695e+03 1.796588003344368190e-05
4.840100000000131331e+03 1.769091068126726896e-05
4.841000000000130967e+03 1.802409678930416703e-05
4.841900000000131513e+03 1.826140032790135592e-05
4.842800000000132059e+03 1.793976116459816694e-05
4.843700000000131695e+03 1.793810042727272958e-05
4.844600000000131331e+03 1.877439171948935837e-05
4.845500000000131877e+03 1.959736255230382085e-05
4.846400000000132422e+03 1.969334334717132151e-05
4.847300000000132059e+03 1.905866884044371545e-05
4.848200000000131695e+03 1.819542376324534416e-05
4.849100000000132241e+03 1.804685234674252570e-05
4.850000000000132786e+03 1.873491964943241328e-05
4.850900000000132422e+03 1.912518018798436970e-05
4.851800000000132059e+03 1.895334025903139263e-05
4.852700000000132604e+03 1.882344622572418302e-05
4.853600000000133150e+03 1.837545460148248821e-05
4.854500000000132786e+03 1.720769796520471573e-05
4.855400000000132422e+03 1.629298094485420734e-05
4.856300000000132968e+03 1.666387288423720747e-05
4.857200000000133514e+03 1.751341551425866783e-05
4.858100000000133150e+03 1.749192415445577353e-05
4.859000000000132786e+03 1.636855449760332704e-05
4.859900000000133332e+03 1.456930112908594310e-05
4.860800000000133878e+03 1.295955280511407182e-05
4.861700000000133514e+03 1.295473612117348239e-05
4.862600000000133150e+03 1.458739825466182083e-05
4.863500000000133696e+03 1.594037712493445724e-05
4.864400000000134241e+03 1.650643935136031359e-05
4.865300000000133878e+03 1.712037919787690043e-05
4.866200000000133514e+03 1.770160997693892568e-05
4.867100000000134060e+03 1.781767241482157260e-05
4.868000000000134605e+03 1.771209645085036755e-05
4.868900000000134241e+03 1.778970909072086215e-05
4.869800000000133878e+03 1.723928471619728953e-05
4.870700000000134423e+03 1.553850961499847472e-05
4.871600000000134969e+03 1.436321144865360111e-05
4.872500000000134605e+03 1.516264183010207489e-05
4.873400000000134241e+03 1.676184729149099439e-05
4.874300000000134787e+03 1.749798138916958123e-05
4.875200000000135333e+03 1.754219738359097391e-05
4.876100000000134969e+03 1.782400613592471927e-05
4.877000000000134605e+03 1.818184682633727789e-05
4.877900000000135151e+03 1.835006696637719870e-05
4.878800000000135697e+03 1.902683288790285587e-05
4.879700000000135333e+03 1.957965105248149484e-05
4.880600000000134969e+03 1.887498729047365487e-05
4.881500000000135515e+03 1.792485272744670510e-05
4.882400000000136060e+03 1.810659887269139290e-05
4.883300000000135697e+03 1.868607978394720703e-05
4.884200000000135333e+03 1.826116931624710560e-05
4.885100000000135879e+03 1.706425064185168594e-05
4.886000000000136424e+03 1.630545739317312837e-05
4.886900000000136060e+03 1.649495607125572860e-05
4.887800000000135697e+03 1.707670526229776442e-05
4.888700000000136242e+03 1.727589551592245698e-05
4.889600000000136788e+03 1.664068076934199780e-05
4.890500000000136424e+03 1.519575835118303075e-05
4.891400000000136060e+03 1.469878861826146021e-05
4.892300000000136606e+03 1.642954885028302670e-05
4.893200000000137152e+03 1.871425592980813235e-05
4.894100000000136788e+03 2.014644633163698018e-05
4.895000000000136424e+03 2.080107515212148428e-05
4.895900000000136970e+03 2.081787897623144090e-05
4.896800000000137516e+03 2.054898868664167821e-05
4.897700000000137152e+03 2.034376484516542405e-05
4.898600000000136788e+03 1.989834709092974663e-05
4.899500000000137334e+03 1.914505628519691527e-05
4.900400000000137879e+03 1.891457213787361979e-05
4.901300000000137516e+03 1.925852484419010580e-05
4.902200000000137152e+03 1.909091224661096931e-05
4.903100000000137697e+03 1.841494486143346876e-05
4.904000000000138243e+03 1.836068986449390650e-05
4.904900000000137879e+03 1.926965524035040289e-05
4.905800000000137516e+03 2.024565219471696764e-05
4.906700000000138061e+03 2.031478834396693856e-05
4.907600000000138607e+03 1.956207961484324187e-05
4.908500000000138243e+03 1.859332041931338608e-05
4.909400000000137879e+03 1.764473927323706448e-05
4.910300000000138425e+03 1.709775824565440416e-05
4.911200000000138971e+03 1.740916377457324415e-05
4.912100000000138607e+03 1.819877070374786854e-05
4.913000000000138243e+03 1.881985008367337286e-05
4.913900000000138789e+03 1.926450568134896457e-05
4.914800000000139335e+03 1.981950117624364793e-05
4.915700000000138971e+03 2.012188087974209338e-05
4.916600000000138607e+03 1.959005749085918069e-05
4.917500000000139153e+03 1.802663609851151705e-05
4.918400000000139698e+03 1.581600736244581640e-05
4.919300000000139335e+03 1.398759104631608352e-05
4.920200000000138971e+03 1.349737340206047520e-05
4.921100000000139516e+03 1.466035519115393981e-05
4.922000000000140062e+03 1.662010618019849062e-05
4.922900000000139698e+03 1.774869269866030663e-05
4.923800000000139335e+03 1.760168379405513406e-05
4.924700000000139880e+03 1.732506825646851212e-05
4.925600000000140426e+03 1.800168320187367499e-05
4.926500000000140062e+03 1.903420161397662014e-05
4.927400000000139698e+03 1.954951585503295064e-05
4.928300000000140244e+03 2.000524182221852243e-05
4.929200000000140790e+03 2.053185198747087270e-05
4.930100000000140426e+03 2.055792174360249192e-05
4.931000000000140062e+03 2.036885234701912850e-05
4.931900000000140608e+03 1.990985765587538481e-05
4.932800000000141154e+03 1.869675361376721412e-05
4.933700000000140790e+03 1.776871977199334651e-05
4.934600000000140426e+03 1.829250140872318298e-05
4.935500000000140972e+03 1.910777791636064649e-05
4.936400000000141517e+03 1.866645470727235079e-05
4.937300000000141154e+03 1.720299405860714614e-05
4.938200000000140790e+03 1.587885708431713283e-05
4.939100000000141335e+03 1.582557888468727469e-05
4.940000000000141881e+03 1.723454988677985966e-05
4.940900000000141517e+03 1.887125290522817522e-05
4.941800000000141154e+03 1.961554880836047232e-05
4.942700000000141699e+03 1.998739207920152694e-05
4.943600000000142245e+03 2.044750544882845134e-05
4.944500000000141881e+03 2.028166636591777205e-05
4.945400000000141517e+03 1.950898695213254541e-05
4.946300000000142063e+03 1.925722244777716696e-05
4.947200000000142609e+03 1.981164314202032983e-05
4.948100000000142245e+03 2.030642099271062762e-05
4.949000000000141881e+03 2.036595105892047286e-05
4.949900000000142427e+03 2.038135062321089208e-05
4.950800000000142973e+03 2.059891812677960843e-05
4.951700000000142609e+03 2.058014615613501519e-05
4.952600000000142245e+03 2.009103627642616630e-05
4.953500000000142791e+03 1.964401053555775434e-05
4.954400000000143336e+03 1.945462463481817394e-05
4.955300000000142973e+03 1.901362884382251650e-05
4.956200000000142609e+03 1.728200550132896751e-05
4.957100000000143154e+03 1.479162528994493186e-05
4.958000000000143700e+03 1.446078476874390617e-05
4.958900000000143336e+03 1.691009856585878879e-05
4.959800000000142973e+03 1.929645077325403690e-05
4.960700000000143518e+03 2.002252949750982225e-05
4.961600000000144064e+03 1.980619890673551708e-05
4.962500000000143700e+03 1.974269616766832769e-05
4.963400000000143336e+03 1.978757245524320751e-05
4.964300000000143882e+03 1.915198663482442498e-05
4.965200000000144428e+03 1.804841485864017159e-05
4.966100000000144064e+03 1.755272023729048669e-05
4.967000000000143700e+03 1.773964140738826245e-05
4.967900000000144246e+03 1.791706017684191465e-05
4.968800000000144792e+03 1.809512286854442209e-05
4.969700000000144428e+03 1.834779868659097701e-05
4.970600000000144064e+03 1.867754508566576988e-05
4.971500000000144610e+03 1.924645584949757904e-05
4.972400000000145155e+03 1.970078301383182406e-05
4.973300000000144792e+03 1.988762232940644026e-05
4.974200000000144428e+03 1.997200342884752899e-05
4.975100000000144973e+03 1.982727189897559583e-05
4.976000000000145519e+03 1.954527760972268879e-05
4.976900000000145155e+03 1.916462133522145450e-05
4.977800000000144792e+03 1.839913056755904108e-05
4.978700000000145337e+03 1.771801362338010222e-05
4.979600000000145883e+03 1.768556830938905478e-05
4.980500000000145519e+03 1.761755629559047520e-05
4.981400000000145155e+03 1.663853981881402433e-05
4.982300000000145701e+03 1.519947818451328203e-05
4.983200000000146247e+03 1.470555616833735257e-05
4.984100000000145883e+03 1.539193544886074960e-05
4.985000000000145519e+03 1.628571953915525228e-05
4.985900000000146065e+03 1.716252518235705793e-05
4.986800000000146611e+03 1.829471693781670183e-05
4.987700000000146247e+03 1.901678479043766856e-05
4.988600000000145883e+03 1.894755405373871326e-05
4.989500000000146429e+03 1.857913412095513195e-05
4.990400000000146974e+03 1.814156712498515844e-05
4.991300000000146611e+03 1.802296355890575796e-05
4.992200000000146247e+03 1.844411781348753721e-05
4.993100000000146792e+03 1.849633736128453165e-05
4.994000000000147338e+03 1.822152262320742011e-05
4.994900000000146974e+03 1.847151725087314844e-05
4.995800000000146611e+03 1.883715958683751523e-05
4.996700000000147156e+03 1.888357473944779485e-05
4.997600000000147702e+03 1.874949339253362268e-05
4.998500000000147338e+03 1.816214899008627981e-05
4.999400000000146974e+03 1.719368628982920200e-05
5.000300000000147520e+03 1.662420436332467943e-05
5.001200000000148066e+03 1.658336077525746077e-05
5.002100000000147702e+03 1.672957478149328381e-05
5.003000000000147338e+03 1.695683022262528539e-05
5.003900000000147884e+03 1.692502883088309318e-05
5.004800000000148430e+03 1.616013105376623571e-05
5.005700000000148066e+03 1.505662567069521174e-05
5.006600000000147702e+03 1.493760282755829394e-05
5.007500000000148248e+03 1.625379445613361895e-05
5.008400000000148793e+03 1.770752351148985326e-05
5.009300000000148430e+03 1.818335113057401031e-05
5.010200000000148066e+03 1.798524135665502399e-05
5.011100000000148611e+03 1.736691228870768100e-05
5.012000000000149157e+03 1.627814890525769442e-05
5.012900000000148793e+03 1.528131360828410834e-05
5.013800000000148430e+03 1.480989703850354999e-05
5.014700000000148975e+03 1.513796632934827358e-05
5.015600000000149521e+03 1.609411629033274949e-05
5.016500000000149157e+03 1.657526809140108526e-05
5.017400000000148793e+03 1.627296114747878164e-05
5.018300000000149339e+03 1.616548615857027471e-05
5.019200000000149885e+03 1.668602089921478182e-05
5.020100000000149521e+03 1.709510252112522721e-05
5.021000000000149157e+03 1.682616675680037588e-05
5.021900000000149703e+03 1.623739808565005660e-05
5.022800000000150249e+03 1.633115061849821359e-05
5.023700000000149885e+03 1.719462852634023875e-05
5.024600000000149521e+03 1.782257095328532159e-05
5.025500000000150067e+03 1.788332338037434965e-05
5.026400000000150612e+03 1.736283593345433474e-05
5.027300000000150249e+03 1.653212711971718818e-05
5.028200000000149885e+03 1.663499097048770636e-05
5.029100000000150430e+03 1.762681131367571652e-05
5.030000000000150976e+03 1.830097608035430312e-05
5.030900000000150612e+03 1.859921212599147111e-05
5.031800000000150249e+03 1.904872624436393380e-05
5.032700000000150794e+03 1.963683462236076593e-05
5.033600000000151340e+03 1.979241824301425368e-05
5.034500000000150976e+03 1.887876896944362670e-05
5.035400000000150612e+03 1.729275936668273062e-05
5.036300000000151158e+03 1.666262869548518211e-05
5.037200000000151704e+03 1.726063419482670724e-05
5.038100000000151340e+03 1.741189771564677358e-05
5.039000000000150976e+03 1.641626658965833485e-05
5.039900000000151522e+03 1.486905966885387897e-05
5.040800000000152068e+03 1.364735726383514702e-05
5.041700000000151704e+03 1.413173322362126783e-05
5.042600000000151340e+03 1.620174953131936491e-05
5.043500000000151886e+03 1.796677497623022646e-05
5.044400000000152431e+03 1.893646913231350482e-05
5.045300000000152068e+03 1.971035635506268591e-05
5.046200000000151704e+03 2.005172609642613679e-05
5.047100000000152249e+03 1.930401231220457703e-05
5.048000000000152795e+03 1.773577605490572751e-05
5.048900000000152431e+03 1.658564542594831437e-05
5.049800000000152068e+03 1.642962342884857208e-05
5.050700000000152613e+03 1.669694938755128533e-05
5.051600000000153159e+03 1.687426811258774251e-05
5.052500000000152795e+03 1.720234831736888736e-05
5.053400000000152431e+03 1.788505323929712176e-05
5.054300000000152977e+03 1.860956399468705058e-05
5.055200000000153523e+03 1.894421984616201371e-05
5.056100000000153159e+03 1.886243080662097782e-05
5.057000000000152795e+03 1.889401573862414807e-05
5.057900000000153341e+03 1.915643406391609460e-05
5.058800000000153887e+03 1.929517748067155480e-05
5.059700000000153523e+03 1.941282425832469016e-05
5.060600000000153159e+03 1.980545857804827392e-05
5.061500000000153705e+03 2.010919888562057167e-05
5.062400000000154250e+03 1.986876486625988036e-05
5.063300000000153887e+03 1.885692290670704097e-05
5.064200000000153523e+03 1.729946598061360419e-05
5.065100000000154068e+03 1.654951847740449011e-05
5.066000000000154614e+03 1.707929004624020308e-05
5.066900000000154250e+03 1.750950468704104424e-05
5.067800000000153887e+03 1.724350113363470882e-05
5.068700000000154432e+03 1.720932232274208218e-05
5.069600000000154978e+03 1.786203210940584540e-05
5.070500000000154614e+03 1.829898428695742041e-05
5.071400000000154250e+03 1.773412441252730787e-05
5.072300000000154796e+03 1.711822187644429505e-05
5.073200000000155342e+03 1.750468436512164772e-05
5.074100000000154978e+03 1.807807348086498678e-05
5.075000000000154614e+03 1.790394162526354194e-05
5.075900000000155160e+03 1.764632179401814938e-05
5.076800000000155705e+03 1.799665733415167779e-05
5.077700000000155342e+03 1.806947147997561842e-05
5.078600000000154978e+03 1.675098610576242208e-05
5.079500000000155524e+03 1.507137039880035445e-05
5.080400000000156069e+03 1.479610637034056708e-05
5.081300000000155705e+03 1.568657353345770389e-05
5.082200000000155342e+03 1.634257750993128866e-05
5.083100000000155887e+03 1.645486918278038502e-05
5.084000000000156433e+03 1.675093335506971925e-05
5.084900000000156069e+03 1.741271080391015857e-05
5.085800000000155705e+03 1.794106538000050932e-05
5.086700000000156251e+03 1.805444117053411901e-05
5.087600000000156797e+03 1.797824552340898663e-05
5.088500000000156433e+03 1.806284126359969378e-05
5.089400000000156069e+03 1.827969208534341305e-05
5.090300000000156615e+03 1.834057547966949642e-05
5.091200000000157161e+03 1.839578726503532380e-05
5.092100000000156797e+03 1.886579411802813411e-05
5.093000000000156433e+03 1.941460686794016510e-05
5.093900000000156979e+03 1.933017301780637354e-05
5.094800000000157524e+03 1.866694947239011526e-05
5.095700000000157161e+03 1.799304664018563926e-05
5.096600000000156797e+03 1.743269422149751335e-05
5.097500000000157343e+03 1.667401193117257208e-05
5.098400000000157888e+03 1.566112587170209736e-05
5.099300000000157524e+03 1.539884578960482031e-05
5.100200000000157161e+03 1.645348675083369017e-05
5.101100000000157706e+03 1.776160934241488576e-05
5.102000000000158252e+03 1.831552253861445934e-05
5.102900000000157888e+03 1.809578316169790924e-05
5.103800000000157524e+03 1.762655847414862365e-05
5.104700000000158070e+03 1.741031155688688159e-05
5.105600000000158616e+03 1.737755337671842426e-05
5.106500000000158252e+03 1.704441274341661483e-05
5.107400000000157888e+03 1.655770574870985001e-05
5.108300000000158434e+03 1.649653495405800641e-05
5.109200000000158980e+03 1.650841295486316085e-05
5.110100000000158616e+03 1.643346513446886092e-05
5.111000000000158252e+03 1.691208126430865377e-05
5.111900000000158798e+03 1.764733133313711733e-05
5.112800000000159343e+03 1.796345350157935172e-05
5.113700000000158980e+03 1.820055331336334348e-05
5.114600000000158616e+03 1.849101499828975648e-05
5.115500000000159162e+03 1.858154791989363730e-05
5.116400000000159707e+03 1.879704905149992555e-05
5.117300000000159343e+03 1.923726085806265473e-05
5.118200000000158980e+03 1.937811975949443877e-05
5.119100000000159525e+03 1.906003672047518194e-05
5.120000000000160071e+03 1.844910184445325285e-05
5.120900000000159707e+03 1.782245999493170530e-05
5.121800000000159343e+03 1.734350735205225646e-05
5.122700000000159889e+03 1.664241426624357700e-05
5.123600000000160435e+03 1.583282391948159784e-05
5.124500000000160071e+03 1.562678153277374804e-05
5.125400000000159707e+03 1.595542380528058857e-05
5.126300000000160253e+03 1.624071410333272070e-05
5.127200000000160799e+03 1.626720404601655900e-05
5.128100000000160435e+03 1.616386543901171535e-05
5.129000000000160071e+03 1.608614365977700800e-05
5.129900000000160617e+03 1.634531326999422163e-05
5.130800000000161162e+03 1.705047725408803672e-05
5.131700000000160799e+03 1.766525747370906174e-05
5.132600000000160435e+03 1.774130578269250691e-05
5.133500000000160981e+03 1.757748941599857062e-05
5.134400000000161526e+03 1.790912028809543699e-05
5.135300000000161162e+03 1.837059062381740659e-05
5.136200000000160799e+03 1.801873440854251385e-05
5.137100000000161344e+03 1.718801649985834956e-05
5.138000000000161890e+03 1.642549977987073362e-05
5.138900000000161526e+03 1.587090264365542680e-05
5.139800000000161162e+03 1.631141094549093395e-05
5.140700000000161708e+03 1.722601700748782605e-05
5.141600000000162254e+03 1.692142359388526529e-05
5.142500000000161890e+03 1.611164407222531736e-05
5.143400000000161526e+03 1.645113661652430892e-05
5.144300000000162072e+03 1.715797407086938620e-05
5.145200000000162618e+03 1.696095932857133448e-05
5.146100000000162254e+03 1.632469320611562580e-05
5.147000000000161890e+03 1.598699600435793400e-05
5.147900000000162436e+03 1.615314613445661962e-05
5.148800000000162981e+03 1.665976014919579029e-05
5.149700000000162618e+03 1.689601413090713322e-05
5.150600000000162254e+03 1.662646536715328693e-05
5.151500000000162800e+03 1.632668681850191206e-05
5.152400000000163345e+03 1.619007343833800405e-05
5.153300000000162981e+03 1.607121885172091424e-05
5.154200000000162618e+03 1.623078242118936032e-05
5.155100000000163163e+03 1.684225935605354607e-05
5.156000000000163709e+03 1.758920188876800239e-05
5.156900000000163345e+03 1.824753235268872231e-05
5.157800000000162981e+03 1.855624577729031444e-05
5.158700000000163527e+03 1.839952892623841763e-05
5.159600000000164073e+03 1.834540125855710357e-05
5.160500000000163709e+03 1.848313331720419228e-05
5.161400000000163345e+03 1.801489997887983918e-05
5.162300000000163891e+03 1.712284210952930152e-05
5.163200000000164437e+03 1.666499156272038817e-05
5.164100000000164073e+03 1.616144436411559582e-05
5.165000000000163709e+03 1.481925210100598633e-05
5.165900000000164255e+03 1.283638630411587656e-05
5.166800000000164800e+03 1.097141466743778437e-05
5.167700000000164437e+03 1.041496670950436965e-05
5.168600000000164073e+03 1.172877909993985668e-05
5.169500000000164619e+03 1.375612828269368038e-05
5.170400000000165164e+03 1.427423558197915554e-05
5.171300000000164800e+03 1.235265062859980389e-05
5.172200000000164437e+03 1.002406315819825977e-05
5.173100000000164982e+03 1.011483254842460155e-05
5.174000000000165528e+03 1.275619069929234684e-05
5.174900000000165164e+03 1.547911415400449187e-05
5.175800000000164800e+03 1.666968819336034358e-05
5.176700000000165346e+03 1.694072125246748328e-05
5.177600000000165892e+03 1.715971848170738667e-05
5.178500000000165528e+03 1.725801848806440830e-05
5.179400000000165164e+03 1.697406150924507529e-05
5.180300000000165710e+03 1.629081816645339131e-05
5.181200000000166256e+03 1.496723507443675771e-05
5.182100000000165892e+03 1.265226364921545610e-05
5.183000000000165528e+03 1.014264125842601061e-05
5.183900000000166074e+03 9.696110282675363123e-06
5.184800000000166619e+03 1.207714376505464315e-05
5.185700000000166256e+03 1.520790465292520821e-05
5.186600000000165892e+03 1.712060657155234367e-05
5.187500000000166438e+03 1.755966877681203187e-05
5.188400000000166983e+03 1.754306140355765820e-05
5.189300000000166619e+03 1.809186142054386437e-05
5.190200000000166256e+03 1.821565092541277409e-05
5.191100000000166801e+03 1.665216223045717925e-05
5.192000000000167347e+03 1.493617673986591399e-05
5.192900000000166983e+03 1.511265418230323121e-05
5.193800000000166619e+03 1.629071448405738920e-05
5.194700000000167165e+03 1.666799835220444947e-05
5.195600000000167711e+03 1.662746763031464070e-05
5.196500000000167347e+03 1.713442907202988863e-05
5.197400000000166983e+03 1.784795676940120757e-05
5.198300000000167529e+03 1.834519207477569580e-05
5.199200000000168075e+03 1.869117477326653898e-05
5.200100000000167711e+03 1.877839167718775570e-05
5.201000000000167347e+03 1.848400279413908720e-05
5.201900000000167893e+03 1.806557156669441611e-05
5.202800000000168438e+03 1.772802897903602570e-05
5.203700000000168075e+03 1.687446274445392191e-05
5.204600000000167711e+03 1.533507020212709904e-05
5.205500000000168257e+03 1.431880718882894143e-05
5.206400000000168802e+03 1.439545303583145142e-05
5.207300000000168438e+03 1.443118253519060090e-05
5.208200000000168075e+03 1.397274627379374579e-05
5.209100000000168620e+03 1.428159066563239321e-05
5.210000000000169166e+03 1.553273068566340953e-05
5.210900000000168802e+03 1.700393841019831598e-05
5.211800000000168438e+03 1.834418253565672785e-05
5.212700000000168984e+03 1.914834319904912263e-05
5.213600000000169530e+03 1.912053994601592422e-05
5.214500000000169166e+03 1.823589991545304656e-05
5.215400000000168802e+03 1.719973806757479906e-05
5.216300000000169348e+03 1.690404678811319172e-05
5.217200000000169894e+03 1.744827932270709425e-05
5.218100000000169530e+03 1.841468838392756879e-05
5.219000000000169166e+03 1.921705734275747091e-05
5.219900000000169712e+03 1.952713682840112597e-05
5.220800000000170257e+03 1.962401620403397828e-05
5.221700000000169894e+03 1.951206832018215209e-05
5.222600000000169530e+03 1.891231841000262648e-05
5.223500000000170076e+03 1.787764085747767240e-05
5.224400000000170621e+03 1.667512333369813859e-05
5.225300000000170257e+03 1.544306905998382717e-05
5.226200000000169894e+03 1.426542075932957232e-05
5.227100000000170439e+03 1.420104490534868091e-05
5.228000000000170985e+03 1.597908885742072016e-05
5.228900000000170621e+03 1.795047319319564849e-05
5.229800000000170257e+03 1.877746581158135086e-05
5.230700000000170803e+03 1.900591996673028916e-05
5.231600000000171349e+03 1.857468487287405878e-05
5.232500000000170985e+03 1.735645309963729233e-05
5.233400000000170621e+03 1.673537371971178800e-05
5.234300000000171167e+03 1.723348395898938179e-05
5.235200000000171713e+03 1.808502202038653195e-05
5.236100000000171349e+03 1.904340388136915863e-05
5.237000000000170985e+03 1.982546018552966416e-05
5.237900000000171531e+03 2.004329871851950884e-05
5.238800000000172076e+03 1.982151479751337320e-05
5.239700000000171713e+03 1.959322798938956112e-05
5.240600000000171349e+03 1.963427348528057337e-05
5.241500000000171894e+03 1.966025774891022593e-05
5.242400000000172440e+03 1.944630821526516229e-05
5.243300000000172076e+03 1.953302125912159681e-05
5.244200000000171713e+03 2.011602919083088636e-05
5.245100000000172258e+03 2.016995313169900328e-05
5.246000000000172804e+03 1.898259688459802419e-05
5.246900000000172440e+03 1.765301567502319813e-05
5.247800000000172076e+03 1.760958730301354080e-05
5.248700000000172622e+03 1.812275331758428365e-05
5.249600000000173168e+03 1.779300328053068370e-05
5.250500000000172804e+03 1.729024552332703024e-05
5.251400000000172440e+03 1.772537689248565584e-05
5.252300000000172986e+03 1.855758273450192064e-05
5.253200000000173532e+03 1.878540388133842498e-05
5.254100000000173168e+03 1.818890814320184290e-05
5.255000000000172804e+03 1.767575849953573197e-05
5.255900000000173350e+03 1.842465280788019300e-05
5.256800000000173895e+03 1.985179369512479752e-05
5.257700000000173532e+03 2.070946720778010786e-05
5.258600000000173168e+03 2.083877006953116506e-05
5.259500000000173713e+03 2.040992876573000103e-05
5.260400000000174259e+03 1.950468140421435237e-05
5.261300000000173895e+03 1.819186581997200847e-05
5.262200000000173532e+03 1.673664519330486655e-05
5.263100000000174077e+03 1.556565257487818599e-05
5.264000000000174623e+03 1.478627473261440173e-05
5.264900000000174259e+03 1.414183225278975442e-05
5.265800000000173895e+03 1.390374927723314613e-05
5.266700000000174441e+03 1.489183341618627310e-05
5.267600000000174987e+03 1.586058533575851470e-05
5.268500000000174623e+03 1.463426087866537273e-05
5.269400000000174259e+03 1.252469519386067986e-05
5.270300000000174805e+03 1.280657215829705819e-05
5.271200000000175351e+03 1.539344884804449975e-05
5.272100000000174987e+03 1.740767402225174010e-05
5.273000000000174623e+03 1.788818372006062418e-05
5.273900000000175169e+03 1.773380063241347671e-05
5.274800000000175714e+03 1.729081486701034009e-05
5.275700000000175351e+03 1.733911267365328968e-05
5.276600000000174987e+03 1.865097692643757910e-05
5.277500000000175532e+03 2.012222830671817064e-05
5.278400000000176078e+03 2.057522578979842365e-05
5.279300000000175714e+03 2.008591582125518471e-05
5.280200000000175351e+03 1.915149368869606405e-05
5.281100000000175896e+03 1.829189750424120575e-05
5.282000000000176442e+03 1.770955350366421044e-05
5.282900000000176078e+03 1.726239861454814672e-05
5.283800000000175714e+03 1.728238748910371214e-05
5.284700000000176260e+03 1.852158493420574814e-05
5.285600000000176806e+03 2.032618249359074980e-05
5.286500000000176442e+03 2.123961894540116191e-05
5.287400000000176078e+03 2.101355312333907932e-05
5.288300000000176624e+03 2.057725578197278082e-05
5.289200000000177170e+03 2.071567178063560277e-05
5.290100000000176806e+03 2.122950354532804340e-05
5.291000000000176442e+03 2.143185702152550220e-05
5.291900000000176988e+03 2.107522050209809095e-05
5.292800000000177533e+03 2.055603727058041841e-05
5.293700000000177170e+03 2.037456215475685894e-05
5.294600000000176806e+03 2.028951348620466888e-05
5.295500000000177351e+03 1.956818778126034886e-05
5.296400000000177897e+03 1.799168057914357632e-05
5.297300000000177533e+03 1.642274219193495810e-05
5.298200000000177170e+03 1.629600956221111119e-05
5.299100000000177715e+03 1.767959474818781018e-05
5.300000000000178261e+03 1.878264629340264946e-05
5.300900000000177897e+03 1.876598798844497651e-05
5.301800000000177533e+03 1.867035643954295665e-05
5.302700000000178079e+03 1.932990744535345584e-05
5.303600000000178625e+03 2.046365443675313145e-05
5.304500000000178261e+03 2.130115353793371469e-05
5.305400000000177897e+03 2.144495192624162883e-05
5.306300000000178443e+03 2.097182004945352674e-05
5.307200000000178989e+03 2.048566238954663277e-05
5.308100000000178625e+03 2.061006489384453744e-05
5.309000000000178261e+03 2.115863571816589683e-05
5.309900000000178807e+03 2.149513238691724837e-05
5.310800000000179352e+03 2.145118924090638757e-05
5.311700000000178989e+03 2.119614146067760885e-05
5.312600000000178625e+03 2.083363688143435866e-05
5.313500000000179170e+03 2.058945028693415225e-05
5.314400000000179716e+03 2.052758645731955767e-05
5.315300000000179352e+03 2.029487222898751497e-05
5.316200000000178989e+03 1.990171040233690292e-05
5.317100000000179534e+03 1.982861613214481622e-05
5.318000000000180080e+03 2.008348201343324035e-05
5.318900000000179716e+03 2.017779661400709301e-05
5.319800000000179352e+03 2.013024823099840432e-05
5.320700000000179898e+03 2.010204480029642582e-05
5.321600000000180444e+03 2.000263884838204831e-05
5.322500000000180080e+03 1.948702265508472919e-05
5.323400000000179716e+03 1.838573916757013649e-05
5.324300000000180262e+03 1.771888310031499714e-05
5.325200000000180808e+03 1.818864438973832875e-05
5.326100000000180444e+03 1.820619945647194982e-05
5.327000000000180080e+03 1.628566860745195299e-05
5.327900000000180626e+03 1.389431326970225200e-05
5.328800000000181171e+03 1.397352843923727050e-05
5.329700000000180808e+03 1.647745557420421392e-05
5.330600000000180444e+03 1.878977855085395277e-05
5.331500000000180989e+03 1.951770173036493361e-05
5.332400000000181535e+03 1.928081837831996381e-05
5.333300000000181171e+03 1.944789255503565073e-05
5.334200000000180808e+03 2.027805749094113708e-05
5.335100000000181353e+03 2.083500294247642159e-05
5.336000000000181899e+03 2.072841016342863441e-05
5.336900000000181535e+03 2.044411121460143477e-05
5.337800000000181171e+03 2.024310924753081053e-05
5.338700000000181717e+03 1.951832928170915693e-05
5.339600000000182263e+03 1.802743281587027013e-05
5.340500000000181899e+03 1.710173091851174831e-05
5.341400000000181535e+03 1.787263499863911420e-05
5.342300000000182081e+03 1.930385406012646854e-05
5.343200000000182627e+03 2.003629924729466438e-05
5.344100000000182263e+03 2.001363282033707947e-05
5.345000000000181899e+03 1.949086072272621095e-05
5.345900000000182445e+03 1.912452898977790028e-05
5.346800000000182990e+03 1.927974699356127530e-05
5.347700000000182627e+03 1.912861989694647491e-05
5.348600000000182263e+03 1.851129491114988923e-05
5.349500000000182808e+03 1.851215893111657351e-05
5.350400000000183354e+03 1.948978024302050471e-05
5.351300000000182990e+03 2.053161551884841174e-05
5.352200000000182627e+03 2.085291998810134828e-05
5.353100000000183172e+03 2.083899198623839766e-05
5.354000000000183718e+03 2.120126373483799398e-05
5.354900000000183354e+03 2.179029615945182741e-05
5.355800000000182990e+03 2.205498094554059207e-05
5.356700000000183536e+03 2.208318437624257058e-05
5.357600000000184082e+03 2.206260614912025630e-05
5.358500000000183718e+03 2.199070877395570278e-05
5.359400000000183354e+03 2.185558332712389529e-05
5.360300000000183900e+03 2.151050102838780731e-05
5.361200000000184446e+03 2.090376256091985852e-05
5.362100000000184082e+03 2.045475412160158157e-05
5.363000000000183718e+03 2.034847966569941491e-05
5.363900000000184264e+03 2.008717456192243844e-05
5.364800000000184809e+03 1.958149186975788325e-05
5.365700000000184446e+03 1.944357245520222932e-05
5.366600000000184082e+03 1.955519837792962790e-05
5.367500000000184627e+03 1.952834827534388751e-05
5.368400000000185173e+03 1.920959402923472226e-05
5.369300000000184809e+03 1.811578113120049238e-05
5.370200000000184446e+03 1.656580752751324326e-05
5.371100000000184991e+03 1.592135595274157822e-05
5.372000000000185537e+03 1.710872129478957504e-05
5.372900000000185173e+03 1.922120827657636255e-05
5.373800000000184809e+03 2.064524414890911430e-05
5.374700000000185355e+03 2.120351564371958375e-05
5.375600000000185901e+03 2.110366222041193396e-05
5.376500000000185537e+03 2.060794940916821361e-05
5.377400000000185173e+03 2.044336179096717387e-05
5.378300000000185719e+03 2.079173827951308340e-05
5.379200000000186265e+03 2.098670483974274248e-05
5.380100000000185901e+03 2.073436553473584354e-05
5.381000000000185537e+03 2.040989056695252657e-05
5.381900000000186083e+03 2.006272006838116795e-05
5.382800000000186628e+03 1.961009365913923830e-05
5.383700000000186265e+03 1.965667797776404768e-05
5.384600000000185901e+03 2.036175646935589612e-05
5.385500000000186446e+03 2.084415427816566080e-05
5.386400000000186992e+03 2.076832242892123759e-05
5.387300000000186628e+03 2.049516842816956341e-05
5.388200000000186265e+03 2.010801108554005623e-05
5.389100000000186810e+03 1.950925616256427020e-05
5.390000000000187356e+03 1.896332651085685939e-05
5.390900000000186992e+03 1.875963789643719792e-05
5.391800000000186628e+03 1.876282112789340317e-05
5.392700000000187174e+03 1.876831083791330457e-05
5.393600000000187720e+03 1.877789691206999123e-05
5.394500000000187356e+03 1.887849794002249837e-05
5.395400000000186992e+03 1.855502159742172807e-05
5.396300000000187538e+03 1.744794280966743827e-05
5.397200000000188084e+03 1.684535345702897757e-05
5.398100000000187720e+03 1.785610402293968946e-05
5.399000000000187356e+03 1.908517697302158922e-05
5.399900000000187902e+03 1.930406506289727986e-05
5.400800000000188447e+03 1.928046185639686882e-05
5.401700000000188084e+03 1.967921343748457730e-05
5.402600000000187720e+03 1.962571695912629366e-05
5.403500000000188265e+03 1.833013629948254675e-05
5.404400000000188811e+03 1.652984974498394877e-05
5.405300000000188447e+03 1.557496216264553368e-05
5.406200000000188084e+03 1.611508560017682612e-05
5.407100000000188629e+03 1.756950405251700431e-05
5.408000000000189175e+03 1.842317033151630312e-05
5.408900000000188811e+03 1.799268466129433364e-05
5.409800000000188447e+03 1.734667785058263689e-05
5.410700000000188993e+03 1.784977212082594633e-05
5.411600000000189539e+03 1.915977190947160125e-05
5.412500000000189175e+03 2.007443799811881036e-05
5.413400000000188811e+03 2.016013422689866275e-05
5.414300000000189357e+03 1.984979644475970417e-05
5.415200000000189902e+03 1.986386814678553492e-05
5.416100000000189539e+03 2.049493195954710245e-05
5.417000000000189175e+03 2.109249180648475885e-05
5.417900000000189721e+03 2.109817796736024320e-05
5.418800000000190266e+03 2.060215228993911296e-05
5.419700000000189902e+03 1.991935823753010482e-05
5.420600000000189539e+03 1.961120324267540127e-05
5.421500000000190084e+03 2.000323911488521844e-05
5.422400000000190630e+03 2.022368607867974788e-05
5.423300000000190266e+03 1.945899566635489464e-05
5.424200000000189902e+03 1.879693809314630926e-05
5.425100000000190448e+03 1.948180033650714904e-05
5.426000000000190994e+03 2.080329977616202086e-05
5.426900000000190630e+03 2.148152452718932182e-05
5.427800000000190266e+03 2.066397428279742599e-05
5.428700000000190812e+03 1.854179572546854615e-05
5.429600000000191358e+03 1.725010770314838737e-05
5.430500000000190994e+03 1.815897849155589938e-05
5.431400000000190630e+03 1.937350862135645002e-05
5.432300000000191176e+03 1.917554436658974737e-05
5.433200000000191721e+03 1.828984750318340957e-05
5.434100000000191358e+03 1.766143759596161544e-05
5.435000000000190994e+03 1.766145396686624736e-05
5.435900000000191540e+03 1.823661477828864008e-05
5.436800000000192085e+03 1.913136475195642561e-05
5.437700000000191721e+03 2.021572436206042767e-05
5.438600000000191358e+03 2.111072171828709543e-05
5.439500000000191903e+03 2.158750430680811405e-05
5.440400000000192449e+03 2.169017716369125992e-05
5.441300000000192085e+03 2.162680902983993292e-05
5.442200000000191721e+03 2.161304837500210851e-05
5.443100000000192267e+03 2.148269413737580180e-05
5.444000000000192813e+03 2.079434307233896106e-05
5.444900000000192449e+03 1.940579750225879252e-05
5.445800000000192085e+03 1.769234950188547373e-05
5.446700000000192631e+03 1.680075365584343672e-05
5.447600000000193177e+03 1.771880670276004821e-05
5.448500000000192813e+03 1.945696931215934455e-05
5.449400000000192449e+03 2.054531978501472622e-05
5.450300000000192995e+03 2.077710269077215344e-05
5.451200000000193540e+03 2.056347148027271032e-05
5.452100000000193177e+03 2.024284731305669993e-05
5.453000000000192813e+03 1.977529791474808007e-05
5.453900000000193359e+03 1.882084688986651599e-05
5.454800000000193904e+03 1.748992872308008373e-05
5.455700000000193540e+03 1.709374555503018200e-05
5.456600000000193177e+03 1.836495903262402862e-05
5.457500000000193722e+03 2.005332498811185360e-05
5.458400000000194268e+03 2.092370050377212465e-05
5.459300000000193904e+03 2.084519110212568194e-05
5.460200000000193540e+03 2.030438008659984916e-05
5.461100000000194086e+03 1.970587436517234892e-05
5.462000000000194632e+03 1.891587817226536572e-05
5.462900000000194268e+03 1.828047425078693777e-05
5.463800000000193904e+03 1.866111415438354015e-05
5.464700000000194450e+03 1.961022280738689005e-05
5.465600000000194996e+03 1.996431637962814420e-05
5.466500000000194632e+03 1.988826079468708485e-05
5.467400000000194268e+03 2.007811417570337653e-05
5.468300000000194814e+03 2.024652530963066965e-05
5.469200000000195359e+03 1.989481097552925348e-05
5.470100000000194996e+03 1.942298331414349377e-05
5.471000000000194632e+03 1.949246507138013840e-05
5.471900000000195178e+03 1.965003139048349112e-05
5.472800000000195723e+03 1.924686512211337686e-05
5.473700000000195359e+03 1.890419298433698714e-05
5.474600000000194996e+03 1.886545760498847812e-05
5.475500000000195541e+03 1.808162232919130474e-05
5.476400000000196087e+03 1.686623181740287691e-05
5.477300000000195723e+03 1.708275522105395794e-05
5.478200000000195359e+03 1.869090556283481419e-05
5.479100000000195905e+03 1.975115810637362301e-05
5.480000000000196451e+03 1.925999458762817085e-05
5.480900000000196087e+03 1.816435724322218448e-05
5.481800000000195723e+03 1.795101707102730870e-05
5.482700000000196269e+03 1.866007733042351902e-05
5.483600000000196815e+03 1.963410795724485070e-05
5.484500000000196451e+03 2.053890784736722708e-05
5.485400000000196087e+03 2.078686338791158050e-05
5.486300000000196633e+03 2.000477434194181114e-05
5.487200000000197178e+03 1.895718196465168148e-05
5.488100000000196815e+03 1.878224793472327292e-05
5.489000000000196451e+03 1.925664400914683938e-05
5.489900000000196997e+03 1.961328780453186482e-05
5.490800000000197542e+03 1.996785977098625153e-05
5.491700000000197178e+03 2.021019281528424472e-05
5.492600000000196815e+03 1.987943687709048390e-05
5.493500000000197360e+03 1.942540802701842040e-05
5.494400000000197906e+03 1.957308813871350139e-05
5.495300000000197542e+03 1.991491626540664583e-05
5.496200000000197178e+03 1.962300848390441388e-05
5.497100000000197724e+03 1.911952676891814917e-05
5.498000000000198270e+03 1.950215664692223072e-05
5.498900000000197906e+03 2.041505103989038616e-05
5.499800000000197542e+03 2.052743730018846691e-05
5.500700000000198088e+03 1.971418532775714993e-05
5.501600000000198634e+03 1.903233714983798563e-05
5.502500000000198270e+03 1.901295036077499390e-05
5.503400000000197906e+03 1.928313395183067769e-05
5.504300000000198452e+03 1.941267873917240649e-05
5.505200000000198997e+03 1.900803363241720945e-05
5.506100000000198634e+03 1.844666076067369431e-05
5.507000000000198270e+03 1.875890666269697249e-05
5.507900000000198816e+03 1.967645403055939823e-05
5.508800000000199361e+03 2.006317845371086150e-05
5.509700000000198997e+03 1.981883360713254660e-05
5.510600000000198634e+03 1.930413054651580751e-05
5.511500000000199179e+03 1.852295099524781108e-05
5.512400000000199725e+03 1.791211434465367347e-05
5.513300000000199361e+03 1.794139643607195467e-05
5.514200000000198997e+03 1.831868576118722558e-05
5.515100000000199543e+03 1.875517045846208930e-05
5.516000000000200089e+03 1.912596235342789441e-05
5.516900000000199725e+03 1.958768007170874625e-05
5.517800000000199361e+03 2.031174517469480634e-05
5.518700000000199907e+03 2.078083889500703663e-05
5.519600000000200453e+03 2.069891888822894543e-05
5.520500000000200089e+03 2.047551242867484689e-05
5.521400000000199725e+03 2.042222513409797102e-05
5.522300000000200271e+03 2.045503060799092054e-05
5.523200000000200816e+03 2.046693043666891754e-05
5.524100000000200453e+03 2.037566628132481128e-05
5.525000000000200089e+03 2.013297125813551247e-05
5.525900000000200635e+03 1.971349047380499542e-05
5.526800000000201180e+03 1.888324732135515660e-05
5.527700000000200816e+03 1.789097404980566353e-05
5.528600000000200453e+03 1.788179361028596759e-05
5.529500000000200998e+03 1.904899181681685150e-05
5.530400000000201544e+03 2.006784598052036017e-05
5.531300000000201180e+03 2.022323496930766851e-05
5.532200000000200816e+03 2.000324275286402553e-05
5.533100000000201362e+03 1.992061515920795500e-05
5.534000000000201908e+03 1.976498970179818571e-05
5.534900000000201544e+03 1.946560041687916964e-05
5.535800000000201180e+03 1.951794729393441230e-05
5.536700000000201726e+03 1.974362385226413608e-05
5.537600000000202272e+03 1.971991514437831938e-05
5.538500000000201908e+03 1.979293847398366779e-05
5.539400000000201544e+03 2.021687214437406510e-05
5.540300000000202090e+03 2.068592220894061029e-05
5.541200000000202635e+03 2.080147896776907146e-05
5.542100000000202272e+03 2.040658182522747666e-05
5.543000000000201908e+03 1.992012948903720826e-05
5.543900000000202454e+03 1.990825330722145736e-05
5.544800000000202999e+03 2.010457319556735456e-05
5.545700000000202635e+03 2.000660788326058537e-05
5.546600000000202272e+03 1.999792220885865390e-05
5.547500000000202817e+03 2.050193506875075400e-05
5.548400000000203363e+03 2.105605017277412117e-05
5.549300000000202999e+03 2.121313445968553424e-05
5.550200000000202635e+03 2.117682015523314476e-05
5.551100000000203181e+03 2.108643639076035470e-05
5.552000000000203727e+03 2.082323953800369054e-05
5.552900000000203363e+03 2.035315264947712421e-05
5.553800000000202999e+03 1.995566526602488011e-05
5.554700000000203545e+03 1.990554665098898113e-05
5.555600000000204091e+03 2.013582525250967592e-05
5.556500000000203727e+03 2.023496745096053928e-05
5.557400000000203363e+03 2.011301148741040379e-05
5.558300000000203909e+03 2.013054836424998939e-05
5.559200000000204454e+03 2.027890150202438235e-05
5.560100000000204091e+03 2.024478635576087981e-05
5.561000000000203727e+03 1.998105653910897672e-05
5.561900000000204273e+03 1.958247230504639447e-05
5.562800000000204818e+03 1.935898580995853990e-05
5.563700000000204454e+03 1.950961996044497937e-05
5.564600000000204091e+03 1.955034349521156400e-05
5.565500000000204636e+03 1.919528585858643055e-05
5.566400000000205182e+03 1.900017196021508425e-05
5.567300000000204818e+03 1.919407804962247610e-05
5.568200000000204454e+03 1.926626282511278987e-05
5.569100000000205000e+03 1.907312071125488728e-05
5.570000000000205546e+03 1.929457721416838467e-05
5.570900000000205182e+03 1.976430939976125956e-05
5.571800000000204818e+03 1.938751302077434957e-05
5.572700000000205364e+03 1.872274697234388441e-05
5.573600000000205910e+03 1.912717743834946305e-05
5.574500000000205546e+03 1.993402474909089506e-05
5.575400000000205182e+03 2.001599386858288199e-05
5.576300000000205728e+03 1.991736462514381856e-05
5.577200000000206273e+03 2.012747791013680398e-05
5.578100000000205910e+03 2.017771839746274054e-05
5.579000000000205546e+03 2.014525853155646473e-05
5.579900000000206091e+03 2.030297764576971531e-05
5.580800000000206637e+03 2.021805630647577345e-05
5.581700000000206273e+03 1.987407449632883072e-05
5.582600000000205910e+03 1.979658736672718078e-05
5.583500000000206455e+03 1.984670234378427267e-05
5.584400000000207001e+03 1.954132858372759074e-05
5.585300000000206637e+03 1.876516216725576669e-05
5.586200000000206273e+03 1.768199945217929780e-05
5.587100000000206819e+03 1.685704410192556679e-05
5.588000000000207365e+03 1.670206620474345982e-05
5.588900000000207001e+03 1.706155671854503453e-05
5.589800000000206637e+03 1.777155375748407096e-05
5.590700000000207183e+03 1.854405491030775011e-05
5.591600000000207729e+03 1.892414729809388518e-05
5.592500000000207365e+03 1.886486279545351863e-05
5.593400000000207001e+03 1.859911571955308318e-05
5.594300000000207547e+03 1.860376687545794994e-05
5.595200000000208092e+03 1.944706673384644091e-05
5.596100000000207729e+03 2.039563150901813060e-05
5.597000000000207365e+03 2.018132727243937552e-05
5.597900000000207910e+03 1.914598033181391656e-05
5.598800000000208456e+03 1.859627627709414810e-05
5.599700000000208092e+03 1.857391544035635889e-05
5.600600000000207729e+03 1.830155088100582361e-05
5.601500000000208274e+03 1.787001747288741171e-05
5.602400000000208820e+03 1.779793456080369651e-05
5.603300000000208456e+03 1.846044324338436127e-05
5.604200000000208092e+03 1.967408752534538507e-05
5.605100000000208638e+03 2.067153945972677320e-05
5.606000000000209184e+03 2.110951390932314098e-05
5.606900000000208820e+03 2.114184826496057212e-05
5.607800000000208456e+03 2.099158700730185956e-05
5.608700000000209002e+03 2.086013591906521469e-05
5.609600000000209548e+03 2.081557249766774476e-05
5.610500000000209184e+03 2.091721398755908012e-05
5.611400000000208820e+03 2.116442192345857620e-05
5.612300000000209366e+03 2.130580833181738853e-05
5.613200000000209911e+03 2.076228520309086889e-05
5.614100000000209548e+03 1.910813443828374147e-05
5.615000000000209184e+03 1.729953510221093893e-05
5.615900000000209729e+03 1.709574644337408245e-05
5.616800000000210275e+03 1.835698822105769068e-05
5.617700000000209911e+03 1.935511681949719787e-05
5.618600000000209548e+03 1.944258838193491101e-05
5.619500000000210093e+03 1.928248093463480473e-05
5.620400000000210639e+03 1.951621197804342955e-05
5.621300000000210275e+03 2.006423346756491810e-05
5.622200000000209911e+03 2.026688525802455842e-05
5.623100000000210457e+03 1.952885759237688035e-05
5.624000000000211003e+03 1.826673724281135947e-05
5.624900000000210639e+03 1.778487421688623726e-05
5.625800000000210275e+03 1.845630504249129444e-05
5.626700000000210821e+03 1.927241282828617841e-05
5.627600000000211367e+03 1.965458613994996995e-05
5.628500000000211003e+03 2.000286440306808800e-05
5.629400000000210639e+03 2.046837289526592940e-05
5.630300000000211185e+03 2.073620089504402131e-05
5.631200000000211730e+03 2.073458563245367259e-05
5.632100000000211367e+03 2.057198253169190139e-05
5.633000000000211003e+03 2.029113602475263178e-05
5.633900000000211548e+03 1.994706690311431885e-05
5.634800000000212094e+03 1.966870149772148579e-05
5.635700000000211730e+03 1.941813752637244761e-05
5.636600000000211367e+03 1.914493986987508833e-05
5.637500000000211912e+03 1.908528975036460906e-05
5.638400000000212458e+03 1.942381459230091423e-05
5.639300000000212094e+03 1.975877239601686597e-05
5.640200000000211730e+03 1.955419975274708122e-05
5.641100000000212276e+03 1.910032369778491557e-05
5.642000000000212822e+03 1.906914803839754313e-05
5.642900000000212458e+03 1.935150612553115934e-05
5.643800000000212094e+03 1.952341517608147115e-05
5.644700000000212640e+03 1.967094431165605783e-05
5.645600000000213186e+03 1.985552444239147007e-05
5.646500000000212822e+03 2.004628186114132404e-05
5.647400000000212458e+03 2.013949051615782082e-05
5.648300000000213004e+03 1.995476304728072137e-05
5.649200000000213549e+03 1.966347917914390564e-05
5.650100000000213186e+03 1.969619916053488851e-05
5.651000000000212822e+03 2.013434823311399668e-05
5.651900000000213367e+03 2.057257552223745733e-05
5.652800000000213913e+03 2.054506694548763335e-05
5.653700000000213549e+03 1.992950819840189070e-05
5.654600000000213186e+03 1.934167630679439753e-05
5.655500000000213731e+03 1.952904494828544557e-05
5.656400000000214277e+03 1.979973058041650802e-05
5.657300000000213913e+03 1.891460669867228717e-05
5.658200000000213549e+03 1.765799424902070314e-05
5.659100000000214095e+03 1.776770295691676438e-05
5.660000000000214641e+03 1.884881021396722645e-05
5.660900000000214277e+03 1.924988282553385943e-05
5.661800000000213913e+03 1.885439633042551577e-05
5.662700000000214459e+03 1.873386645456776023e-05
5.663600000000215005e+03 1.932073791977018118e-05
5.664500000000214641e+03 2.003365079872310162e-05
5.665400000000214277e+03 2.031204166996758431e-05
5.666300000000214823e+03 2.001684515562374145e-05
5.667200000000215368e+03 1.955011248355731368e-05
5.668100000000215005e+03 1.944137329701334238e-05
5.669000000000214641e+03 1.961732414201833308e-05
5.669900000000215186e+03 1.972649988601915538e-05
5.670800000000215732e+03 1.980318484129384160e-05
5.671700000000215368e+03 2.019967905653174967e-05
5.672600000000215005e+03 2.083558501908555627e-05
5.673500000000215550e+03 2.109590059262700379e-05
5.674400000000216096e+03 2.078755096590612084e-05
5.675300000000215732e+03 2.051198680419474840e-05
5.676200000000215368e+03 2.076096643577329814e-05
5.677100000000215914e+03 2.102365397149696946e-05
5.678000000000216460e+03 2.080714511976111680e-05
5.678900000000216096e+03 2.047892485279589891e-05
5.679800000000215732e+03 2.041759762505535036e-05
5.680700000000216278e+03 2.029014285653829575e-05
5.681600000000216824e+03 1.964620241778902709e-05
5.682500000000216460e+03 1.904165583255235106e-05
5.683400000000216096e+03 1.926771074067801237e-05
5.684300000000216642e+03 1.990798773476853967e-05
5.685200000000217187e+03 2.011695323744788766e-05
5.686100000000216824e+03 1.963380236702505499e-05
5.687000000000216460e+03 1.903252814372535795e-05
5.687900000000217005e+03 1.886433165054768324e-05
5.688800000000217551e+03 1.926483673742040992e-05
5.689700000000217187e+03 1.994552258111070842e-05
5.690600000000216824e+03 2.039840546785853803e-05
5.691500000000217369e+03 2.071379822154995054e-05
5.692400000000217915e+03 2.095999298035167158e-05
5.693300000000217551e+03 2.087193934130482376e-05
5.694200000000217187e+03 2.058666541415732354e-05
5.695100000000217733e+03 2.050892908300738782e-05
5.696000000000218279e+03 2.065735498035792261e-05
5.696900000000217915e+03 2.051515730272512883e-05
5.697800000000217551e+03 1.993513797060586512e-05
5.698700000000218097e+03 1.955880361492745578e-05
5.699600000000218643e+03 1.952029197127558291e-05
5.700500000000218279e+03 1.922731280501466244e-05
5.701400000000217915e+03 1.884481207525823265e-05
5.702300000000218461e+03 1.894778870337177068e-05
5.703200000000219006e+03 1.948956014530267566e-05
5.704100000000218643e+03 1.990534110518638045e-05
5.705000000000218279e+03 1.969533332157880068e-05
5.705900000000218824e+03 1.905156750581227243e-05
5.706800000000219370e+03 1.854520633060019463e-05
5.707700000000219006e+03 1.815613359212875366e-05
5.708600000000218643e+03 1.777493525878526270e-05
5.709500000000219188e+03 1.781976970960386097e-05
5.710400000000219734e+03 1.810205503716133535e-05
5.711300000000219370e+03 1.812856135074980557e-05
5.712200000000219006e+03 1.849697036959696561e-05
5.713100000000219552e+03 1.944025825650896877e-05
5.714000000000220098e+03 2.008073533943388611e-05
5.714900000000219734e+03 2.024254899879451841e-05
5.715800000000219370e+03 2.038750972133129835e-05
5.716700000000219916e+03 2.045293513219803572e-05
5.717600000000220462e+03 2.038142156379763037e-05
5.718500000000220098e+03 2.052548734354786575e-05
5.719400000000219734e+03 2.078642319247592241e-05
5.720300000000220280e+03 2.090762973239179701e-05
5.721200000000220825e+03 2.109084198309574276e-05
5.722100000000220462e+03 2.136230796168092638e-05
5.723000000000220098e+03 2.145016514987219125e-05
5.723900000000220643e+03 2.134442911483347416e-05
5.724800000000221189e+03 2.120974932040553540e-05
5.725700000000220825e+03 2.085503729176707566e-05
5.726600000000220462e+03 2.026152651524171233e-05
5.727500000000221007e+03 2.010815660469233990e-05
5.728400000000221553e+03 2.065821718133520335e-05
5.729300000000221189e+03 2.106954889313783497e-05
5.730200000000220825e+03 2.069615038635674864e-05
5.731100000000221371e+03 2.000112363020889461e-05
5.732000000000221917e+03 1.995695674850139767e-05
5.732900000000221553e+03 2.057604979199822992e-05
5.733800000000221189e+03 2.107090040226466954e-05
5.734700000000221735e+03 2.118090742442291230e-05
5.735600000000222281e+03 2.104741724906489253e-05
5.736500000000221917e+03 2.080785816360730678e-05
5.737400000000221553e+03 2.065359331027138978e-05
5.738300000000222099e+03 2.064476757368538529e-05
5.739200000000222644e+03 2.071292328764684498e-05
5.740100000000222281e+03 2.079343539662659168e-05
5.741000000000221917e+03 2.079443220281973481e-05
5.741900000000222462e+03 2.062697603832930326e-05
5.742800000000223008e+03 2.045242217718623579e-05
5.743700000000222644e+03 2.065008629870135337e-05
5.744600000000222281e+03 2.116527866746764630e-05
5.745500000000222826e+03 2.143229903595056385e-05
5.746400000000223372e+03 2.105825842591002584e-05
5.747300000000223008e+03 2.024011337198317051e-05
5.748200000000222644e+03 1.984002301469445229e-05
5.749100000000223190e+03 2.031481744779739529e-05
5.750000000000223736e+03 2.100840356433764100e-05
5.750900000000223372e+03 2.110758214257657528e-05
5.751800000000223008e+03 2.045466135314200073e-05
5.752700000000223554e+03 1.950506702996790409e-05
5.753600000000224099e+03 1.891950887511484325e-05
5.754500000000223736e+03 1.923425224958918989e-05
5.755400000000223372e+03 2.021652653638739139e-05
5.756300000000223918e+03 2.103056976920925081e-05
5.757200000000224463e+03 2.134671194653492421e-05
5.758100000000224099e+03 2.129359927494078875e-05
5.759000000000223736e+03 2.088819928758312017e-05
5.759900000000224281e+03 2.025874709943309426e-05
5.760800000000224827e+03 1.961818088602740318e-05
5.761700000000224463e+03 1.907917248900048435e-05
5.762600000000224099e+03 1.896432513603940606e-05
5.763500000000224645e+03 1.969502045540139079e-05
5.764400000000225191e+03 2.079374098684638739e-05
5.765300000000224827e+03 2.135758404619991779e-05
5.766200000000224463e+03 2.143048732250463217e-05
5.767100000000225009e+03 2.142920311598572880e-05
5.768000000000225555e+03 2.140988908649887890e-05
5.768900000000225191e+03 2.129807216988410801e-05
5.769800000000224827e+03 2.114247399731539190e-05
5.770700000000225373e+03 2.093797593261115253e-05
5.771600000000225918e+03 2.066354863927699625e-05
5.772500000000225555e+03 2.053303433058317751e-05
5.773400000000225191e+03 2.052217860182281584e-05
5.774300000000225737e+03 2.042789674305822700e-05
5.775200000000226282e+03 2.048901478701736778e-05
5.776100000000225918e+03 2.080357080558314919e-05
5.777000000000225555e+03 2.105824387399479747e-05
5.777900000000226100e+03 2.106446117977611721e-05
5.778800000000226646e+03 2.071857670671306551e-05
5.779700000000226282e+03 1.982898174901492894e-05
5.780600000000225918e+03 1.866675484052393585e-05
5.781500000000226464e+03 1.809886634873691946e-05
5.782400000000227010e+03 1.837767740653362125e-05
5.783300000000226646e+03 1.872510983957909048e-05
5.784200000000226282e+03 1.846830673457589000e-05
5.785100000000226828e+03 1.811971742426976562e-05
5.786000000000227374e+03 1.858428549894597381e-05
5.786900000000227010e+03 1.955912011908367276e-05
5.787800000000226646e+03 2.020962347160093486e-05
5.788700000000227192e+03 2.047921407211106271e-05
5.789600000000227737e+03 2.031873009400442243e-05
5.790500000000227374e+03 1.981501191039569676e-05
5.791400000000227010e+03 1.974080623767804354e-05
5.792300000000227556e+03 2.022562875936273485e-05
5.793200000000228101e+03 2.069522997771855444e-05
5.794100000000227737e+03 2.106166357407346368e-05
5.795000000000227374e+03 2.134449277946259826e-05
5.795900000000227919e+03 2.117099029419478029e-05
5.796800000000228465e+03 2.047209818556439131e-05
5.797700000000228101e+03 1.995122693188022822e-05
5.798600000000227737e+03 2.030425275734160095e-05
5.799500000000228283e+03 2.114205017278436571e-05
5.800400000000228829e+03 2.167486854887101799e-05
5.801300000000228465e+03 2.183627657359465957e-05
5.802200000000228101e+03 2.174928522435948253e-05
5.803100000000228647e+03 2.124976163031533360e-05
5.804000000000229193e+03 2.054921424132771790e-05
5.804900000000228829e+03 2.022533954004757106e-05
5.805800000000228465e+03 2.033771852438803762e-05
5.806700000000229011e+03 2.056077573797665536e-05
5.807600000000229556e+03 2.073084760922938585e-05
5.808500000000229193e+03 2.079735349980182946e-05
5.809400000000228829e+03 2.088651672238484025e-05
5.810300000000229375e+03 2.109335218847263604e-05
5.811200000000229920e+03 2.124124875990673900e-05
5.812100000000229556e+03 2.123460762959439307e-05
5.813000000000229193e+03 2.115398274327162653e-05
5.813900000000229738e+03 2.091994429065380245e-05
5.814800000000230284e+03 2.044606299023143947e-05
5.815700000000229920e+03 1.997845174628309906e-05
5.816600000000229556e+03 2.003142071771435440e-05
5.817500000000230102e+03 2.069970469165127724e-05
5.818400000000230648e+03 2.139155913027934730e-05
5.819300000000230284e+03 2.169135586882475764e-05
5.820200000000229920e+03 2.172678068745881319e-05
5.821100000000230466e+03 2.161193151550833136e-05
5.822000000000231012e+03 2.140215656254440546e-05
5.822900000000230648e+03 2.123976446455344558e-05
5.823800000000230284e+03 2.125660284946206957e-05
5.824700000000230830e+03 2.140987453458365053e-05
5.825600000000231375e+03 2.148695966752711684e-05
5.826500000000231012e+03 2.141976983693893999e-05
5.827400000000230648e+03 2.133749694621656090e-05
5.828300000000231194e+03 2.140110154869034886e-05
5.829200000000231739e+03 2.155684342142194510e-05
5.830100000000231375e+03 2.156441769329831004e-05
5.831000000000231012e+03 2.144346217392012477e-05
5.831900000000231557e+03 2.139212847396265715e-05
5.832800000000232103e+03 2.134459646185860038e-05
5.833700000000231739e+03 2.109568777086678892e-05
5.834600000000231375e+03 2.085801679641008377e-05
5.835500000000231921e+03 2.099222183460369706e-05
5.836400000000232467e+03 2.124845741491299123e-05
5.837300000000232103e+03 2.111997491738293320e-05
5.838200000000231739e+03 2.083826075249817222e-05
5.839100000000232285e+03 2.095866329909767956e-05
5.840000000000232831e+03 2.139896969310939312e-05
5.840900000000232467e+03 2.173527536797337234e-05
5.841800000000232103e+03 2.184579716413281858e-05
5.842700000000232649e+03 2.181635682063642889e-05
5.843600000000233194e+03 2.166451304219663143e-05
5.844500000000232831e+03 2.143244819308165461e-05
5.845400000000232467e+03 2.115991446771658957e-05
5.846300000000233013e+03 2.083278195641469210e-05
5.847200000000233558e+03 2.059956750599667430e-05
5.848100000000233194e+03 2.060193219222128391e-05
5.849000000000232831e+03 2.076480086543597281e-05
5.849900000000233376e+03 2.090273483190685511e-05
5.850800000000233922e+03 2.082998980768024921e-05
5.851700000000233558e+03 2.045892688329331577e-05
5.852600000000233194e+03 2.000965287152212113e-05
5.853500000000233740e+03 1.992561192309949547e-05
5.854400000000234286e+03 2.020898682530969381e-05
5.855300000000233922e+03 2.024567947955802083e-05
5.856200000000233558e+03 1.959737710421904922e-05
5.857100000000234104e+03 1.871325730462558568e-05
5.858000000000234650e+03 1.856221751950215548e-05
5.858900000000234286e+03 1.922231786011252552e-05
5.859800000000233922e+03 1.998344669118523598e-05
5.860700000000234468e+03 2.041732113866601139e-05
5.861600000000235013e+03 2.034399403783027083e-05
5.862500000000234650e+03 2.011989272432401776e-05
5.863400000000234286e+03 2.024945933953858912e-05
5.864300000000234832e+03 2.053386742773000151e-05
5.865200000000235377e+03 2.046709596470464021e-05
5.866100000000235013e+03 2.003928238991647959e-05
5.867000000000234650e+03 1.988283293030690402e-05
5.867900000000235195e+03 2.027227674261666834e-05
5.868800000000235741e+03 2.078323632304091007e-05
5.869700000000235377e+03 2.107201544276904315e-05
5.870600000000235013e+03 2.109069100697524846e-05
5.871500000000235559e+03 2.089575536956544966e-05
5.872400000000236105e+03 2.061191116808913648e-05
5.873300000000235741e+03 2.052168747468385845e-05
5.874200000000235377e+03 2.073533687507733703e-05
5.875100000000235923e+03 2.087418761220760643e-05
5.876000000000236469e+03 2.072802089969627559e-05
5.876900000000236105e+03 2.049664180958643556e-05
5.877800000000235741e+03 2.029212555498816073e-05
5.878700000000236287e+03 2.000278800551313907e-05
5.879600000000236832e+03 1.961579800990875810e-05
5.880500000000236469e+03 1.950322075572330505e-05
5.881400000000236105e+03 1.980885099328588694e-05
5.882300000000236651e+03 1.999185224121902138e-05
5.883200000000237196e+03 1.970241100934799761e-05
5.884100000000236832e+03 1.938090827025007457e-05
5.885000000000236469e+03 1.940291440405417234e-05
5.885900000000237014e+03 1.942274866451043636e-05
5.886800000000237560e+03 1.884634548332542181e-05
5.887700000000237196e+03 1.715485632303170860e-05
5.888600000000236832e+03 1.421391880285227671e-05
5.889500000000237378e+03 1.148391947936033830e-05
5.890400000000237924e+03 1.131384760810760781e-05
5.891300000000237560e+03 1.351686751149827614e-05
5.892200000000237196e+03 1.568417064845561981e-05
5.893100000000237742e+03 1.664911906118504703e-05
5.894000000000238288e+03 1.620093098608776927e-05
5.894900000000237924e+03 1.425519803888164461e-05
5.895800000000237560e+03 1.267119296244345605e-05
5.896700000000238106e+03 1.363805404253071174e-05
5.897600000000238651e+03 1.604709723324049264e-05
5.898500000000238288e+03 1.766709829098545015e-05
5.899400000000237924e+03 1.842635901994071901e-05
5.900300000000238470e+03 1.908329795696772635e-05
5.901200000000239015e+03 1.959022665687371045e-05
5.902100000000238651e+03 1.978393993340432644e-05
5.903000000000238288e+03 1.989872725971508771e-05
5.903900000000238833e+03 1.995453021663706750e-05
5.904800000000239379e+03 1.978787986445240676e-05
5.905700000000239015e+03 1.962790156539995223e-05
5.906600000000238651e+03 1.977405554498545825e-05
5.907500000000239197e+03 2.010534990404266864e-05
5.908400000000239743e+03 2.030342147918418050e-05
5.909300000000239379e+03 2.029717506957240403e-05
5.910200000000239015e+03 2.034975841525010765e-05
5.911100000000239561e+03 2.054424658126663417e-05
5.912000000000240107e+03 2.052226591331418604e-05
5.912900000000239743e+03 2.002939982048701495e-05
5.913800000000239379e+03 1.936698026838712394e-05
5.914700000000239925e+03 1.908957892737817019e-05
5.915600000000240470e+03 1.920642534969374537e-05
5.916500000000240107e+03 1.955307016032747924e-05
5.917400000000239743e+03 1.996130595216527581e-05
5.918300000000240289e+03 2.016899998125154525e-05
5.919200000000240834e+03 2.031707663263659924e-05
5.920100000000240470e+03 2.045664768957067281e-05
5.921000000000240107e+03 2.035214129136875272e-05
5.921900000000240652e+03 2.012821460084524006e-05
5.922800000000241198e+03 2.012301592912990600e-05
5.923700000000240834e+03 2.030473115155473351e-05
5.924600000000240470e+03 2.047909038083162159e-05
5.925500000000241016e+03 2.064358341158367693e-05
5.926400000000241562e+03 2.067798595817293972e-05
5.927300000000241198e+03 2.046488407358992845e-05
5.928200000000240834e+03 2.011089600273407996e-05
5.929100000000241380e+03 1.968987635336816311e-05
5.930000000000241926e+03 1.950891419255640358e-05
5.930900000000241562e+03 1.994298509089276195e-05
5.931800000000241198e+03 2.054389733530115336e-05
5.932700000000241744e+03 2.063077772618271410e-05
5.933600000000242289e+03 2.014276469708420336e-05
5.934500000000241926e+03 1.970642551896162331e-05
5.935400000000241562e+03 1.991739736695308238e-05
5.936300000000242107e+03 2.040698018390685320e-05
5.937200000000242653e+03 2.062173371086828411e-05
5.938100000000242289e+03 2.073635914712212980e-05
5.939000000000241926e+03 2.083768413285724819e-05
5.939900000000242471e+03 2.055516597465611994e-05
5.940800000000243017e+03 1.999843334488105029e-05
5.941700000000242653e+03 1.976792373170610517e-05
5.942600000000242289e+03 1.996339597098995000e-05
5.943500000000242835e+03 2.029856659646611661e-05
5.944400000000243381e+03 2.063447573164012283e-05
5.945300000000243017e+03 2.088478322548326105e-05
5.946200000000242653e+03 2.089979170705191791e-05
5.947100000000243199e+03 2.055332879535853863e-05
5.948000000000243745e+03 1.993650948861613870e-05
5.948900000000243381e+03 1.960986810445319861e-05
5.949800000000243017e+03 1.995745878957677633e-05
5.950700000000243563e+03 2.043996209977194667e-05
5.951600000000244108e+03 2.027189475484192371e-05
5.952500000000243745e+03 1.969981349247973412e-05
5.953400000000243381e+03 1.967916432477068156e-05
5.954300000000243926e+03 2.019904968619812280e-05
5.955200000000244472e+03 2.039728133240714669e-05
5.956100000000244108e+03 2.006332033488433808e-05
5.957000000000243745e+03 1.973894723050761968e-05
5.957900000000244290e+03 1.978595173568464816e-05
5.958800000000244836e+03 2.009959098359104246e-05
5.959700000000244472e+03 2.048928581643849611e-05
5.960600000000244108e+03 2.081290222122333944e-05
5.961500000000244654e+03 2.094575393130071461e-05
5.962400000000245200e+03 2.090735688398126513e-05
5.963300000000244836e+03 2.083674371533561498e-05
5.964200000000244472e+03 2.071309972961898893e-05
5.965100000000245018e+03 2.043672793661244214e-05
5.966000000000245564e+03 2.031732583418488503e-05
5.966900000000245200e+03 2.057622987194918096e-05
5.967800000000244836e+03 2.086808490275871009e-05
5.968700000000245382e+03 2.098553704854566604e-05
5.969600000000245927e+03 2.107780710502993315e-05
5.970500000000245564e+03 2.118844895449001342e-05
5.971400000000245200e+03 2.121699435519985855e-05
5.972300000000245745e+03 2.119086821039672941e-05
5.973200000000246291e+03 2.111089816025923938e-05
5.974100000000245927e+03 2.087087341351434588e-05
5.975000000000245564e+03 2.040115396084729582e-05
5.975900000000246109e+03 1.991304452531039715e-05
5.976800000000246655e+03 1.967769276234321296e-05
5.977700000000246291e+03 1.972253267013002187e-05
5.978600000000245927e+03 1.998784136958420277e-05
5.979500000000246473e+03 2.045288238150533289e-05
5.980400000000247019e+03 2.081683123833499849e-05
5.981300000000246655e+03 2.080997364828363061e-05
5.982200000000246291e+03 2.041089101112447679e-05
5.983100000000246837e+03 1.966061245184391737e-05
5.984000000000247383e+03 1.904460259538609535e-05
5.984900000000247019e+03 1.919607893796637654e-05
5.985800000000246655e+03 1.980184242711402476e-05
5.986700000000247201e+03 2.012777622439898551e-05
5.987600000000247746e+03 2.023208253376651555e-05
5.988500000000247383e+03 2.044496977759990841e-05
5.989400000000247019e+03 2.066184424620587379e-05
5.990300000000247564e+03 2.060294173134025186e-05
5.991200000000248110e+03 2.034791759797371924e-05
5.992100000000247746e+03 2.039208447968121618e-05
5.993000000000247383e+03 2.083451363432686776e-05
5.993900000000247928e+03 2.117807525792159140e-05
5.994800000000248474e+03 2.111124740622472018e-05
5.995700000000248110e+03 2.069108813884668052e-05
5.996600000000247746e+03 2.011209835472982377e-05
5.997500000000248292e+03 1.969713594007771462e-05
5.998400000000248838e+03 1.973599501070566475e-05
5.999300000000248474e+03 2.008398405450861901e-05
6.000200000000248110e+03 2.043008680630009621e-05
6.001100000000248656e+03 2.047610723820980638e-05
6.002000000000249202e+03 2.010818207054398954e-05
6.002900000000248838e+03 1.985192284337244928e-05
6.003800000000248474e+03 2.012496042880229652e-05
6.004700000000249020e+03 2.039065475401002914e-05
6.005600000000249565e+03 2.023276101681403816e-05
6.006500000000249202e+03 1.975085433514323086e-05
6.007400000000248838e+03 1.912985680974088609e-05
6.008300000000249383e+03 1.897512993309646845e-05
6.009200000000249929e+03 1.970969788089860231e-05
6.010100000000249565e+03 2.061844679701607674e-05
6.011000000000249202e+03 2.081169441225938499e-05
6.011900000000249747e+03 2.027156369877047837e-05
6.012800000000250293e+03 1.962134774657897651e-05
6.013700000000249929e+03 1.954080289578996599e-05
6.014600000000249565e+03 1.990848795685451478e-05
6.015500000000250111e+03 1.995821367017924786e-05
6.016400000000250657e+03 1.968513606698252261e-05
6.017300000000250293e+03 1.972804420802276582e-05
6.018200000000249929e+03 1.995364982576575130e-05
6.019100000000250475e+03 1.979201988433487713e-05
6.020000000000251021e+03 1.941328628163319081e-05
6.020900000000250657e+03 1.934260035341139883e-05
6.021800000000250293e+03 1.956097003130707890e-05
6.022700000000250839e+03 1.978783257072791457e-05
6.023600000000251384e+03 1.987381256185472012e-05
6.024500000000251021e+03 2.009715353779029101e-05
6.025400000000250657e+03 2.045615838142111897e-05
6.026300000000251202e+03 2.050359944405499846e-05
6.027200000000251748e+03 2.046187546511646360e-05
6.028100000000251384e+03 2.069952643068972975e-05
6.029000000000251021e+03 2.092673457809723914e-05
6.029900000000251566e+03 2.090097223117481917e-05
6.030800000000252112e+03 2.082345963572151959e-05
6.031700000000251748e+03 2.092701652145478874e-05
6.032600000000251384e+03 2.110875902872066945e-05
6.033500000000251930e+03 2.117262010870035738e-05
6.034400000000252476e+03 2.112974652845878154e-05
6.035300000000252112e+03 2.109365414071362466e-05
6.036200000000251748e+03 2.111082176270429045e-05
6.037100000000252294e+03 2.113796654157340527e-05
6.038000000000252840e+03 2.110788591380696744e-05
6.038900000000252476e+03 2.093877083098050207e-05
6.039800000000252112e+03 2.077353565255180001e-05
6.040700000000252658e+03 2.074028634524438530e-05
6.041600000000253203e+03 2.072196912195067853e-05
6.042500000000252840e+03 2.085817141050938517e-05
6.043400000000252476e+03 2.118666452588513494e-05
6.044300000000253021e+03 2.137593946827109903e-05
6.045200000000253567e+03 2.139389107469469309e-05
6.046100000000253203e+03 2.141733057214878500e-05
6.047000000000252840e+03 2.140834840247407556e-05
6.047900000000253385e+03 2.129082531610038131e-05
6.048800000000253931e+03 2.123037666024174541e-05
6.049700000000253567e+03 2.136950206477195024e-05
6.050600000000253203e+03 2.149838655896019191e-05
6.051500000000253749e+03 2.140085416613146663e-05
6.052400000000254295e+03 2.111258072545751929e-05
6.053300000000253931e+03 2.080696503981016576e-05
6.054200000000253567e+03 2.062897692667320371e-05
6.055100000000254113e+03 2.045566543529275805e-05
6.056000000000254659e+03 2.025176218012347817e-05
6.056900000000254295e+03 2.026119000220205635e-05
6.057800000000253931e+03 2.051767660304903984e-05
6.058700000000254477e+03 2.087627763103228062e-05
6.059600000000255022e+03 2.116153700626455247e-05
6.060500000000254659e+03 2.123435297107789665e-05
6.061400000000254295e+03 2.106824467773549259e-05
6.062300000000254840e+03 2.073942596325650811e-05
6.063200000000255386e+03 2.039602077275048941e-05
6.064100000000255022e+03 1.992296347452793270e-05
6.065000000000254659e+03 1.946608972502872348e-05
6.065900000000255204e+03 1.975152372324373573e-05
6.066800000000255750e+03 2.069321089948061854e-05
6.067700000000255386e+03 2.139043317583855242e-05
6.068600000000255022e+03 2.158358074666466564e-05
6.069500000000255568e+03 2.155899892386514693e-05
6.070400000000256114e+03 2.153228888346347958e-05
6.071300000000255750e+03 2.156583468604367226e-05
6.072200000000255386e+03 2.160470648959744722e-05
6.073100000000255932e+03 2.161122029065154493e-05
6.074000000000256478e+03 2.161453267035540193e-05
6.074900000000256114e+03 2.155747097276616842e-05
6.075800000000255750e+03 2.139040225301869214e-05
6.076700000000256296e+03 2.106847932736855000e-05
6.077600000000256841e+03 2.055630284303333610e-05
6.078500000000256478e+03 2.015523750742431730e-05
6.079400000000256114e+03 2.026253241638187319e-05
6.080300000000256659e+03 2.046830013568978757e-05
6.081200000000257205e+03 2.023516572080552578e-05
6.082100000000256841e+03 1.996800347114913166e-05
6.083000000000256478e+03 2.014882375078741461e-05
6.083900000000257023e+03 2.041615698544774204e-05
6.084800000000257569e+03 2.035131183220073581e-05
6.085700000000257205e+03 2.022150147240608931e-05
6.086600000000256841e+03 2.035746911133173853e-05
6.087500000000257387e+03 2.063977990474086255e-05
6.088400000000257933e+03 2.065898479486349970e-05
6.089300000000257569e+03 2.024115565291140229e-05
6.090200000000257205e+03 1.983250331250019372e-05
6.091100000000257751e+03 1.981935201911255717e-05
6.092000000000258296e+03 1.994587910303380340e-05
6.092900000000257933e+03 2.003752160817384720e-05
6.093800000000257569e+03 2.033936834777705371e-05
6.094700000000258115e+03 2.082554601656738669e-05
6.095600000000258660e+03 2.097256219713017344e-05
6.096500000000258296e+03 2.068210778816137463e-05
6.097400000000257933e+03 2.049233626166824251e-05
6.098300000000258478e+03 2.066513843601569533e-05
6.099200000000259024e+03 2.099416997225489467e-05
6.100100000000258660e+03 2.104814484482631087e-05
6.101000000000258296e+03 2.024560490099247545e-05
6.101900000000258842e+03 1.866692218754906207e-05
6.102800000000259388e+03 1.780283128027804196e-05
6.103700000000259024e+03 1.869460356829222292e-05
6.104600000000258660e+03 2.011049218708649278e-05
6.105500000000259206e+03 2.076208147627767175e-05
6.106400000000259752e+03 2.071378185064531863e-05
6.107300000000259388e+03 2.044716711679939181e-05
6.108200000000259024e+03 2.048174428637139499e-05
6.109100000000259570e+03 2.086415042867884040e-05
6.110000000000260115e+03 2.095549098157789558e-05
6.110900000000259752e+03 2.058626523648854345e-05
6.111800000000259388e+03 2.042066626017913222e-05
6.112700000000259934e+03 2.077327371807768941e-05
6.113600000000260479e+03 2.122226032952312380e-05
6.114500000000260115e+03 2.129851418430916965e-05
6.115400000000259752e+03 2.088307155645452440e-05
6.116300000000260297e+03 2.046763802354689687e-05
6.117200000000260843e+03 2.056257471849676222e-05
6.118100000000260479e+03 2.075760130537673831e-05
6.119000000000260115e+03 2.046979716396890581e-05
6.119900000000260661e+03 1.984209120564628392e-05
6.120800000000261207e+03 1.900894130812957883e-05
6.121700000000260843e+03 1.815874384192284197e-05
6.122600000000260479e+03 1.829664870456326753e-05
6.123500000000261025e+03 1.954143772309180349e-05
6.124400000000261571e+03 2.049915929092094302e-05
6.125300000000261207e+03 2.060048245766665787e-05
6.126200000000260843e+03 2.037628473772201687e-05
6.127100000000261389e+03 2.012109871429856867e-05
6.128000000000261934e+03 1.993233672692440450e-05
6.128900000000261571e+03 2.006284739763941616e-05
6.129800000000261207e+03 2.048078204097691923e-05
6.130700000000261753e+03 2.081492129946127534e-05
6.131600000000262298e+03 2.092665272357407957e-05
6.132500000000261934e+03 2.098608638334553689e-05
6.133400000000261571e+03 2.088978908432181925e-05
6.134300000000262116e+03 2.031155781878624111e-05
6.135200000000262662e+03 1.912834341055713594e-05
6.136100000000262298e+03 1.758495818648952991e-05
6.137000000000261934e+03 1.672890357440337539e-05
6.137900000000262480e+03 1.759832775860559195e-05
6.138800000000263026e+03 1.949838951986748725e-05
6.139700000000262662e+03 2.070004302368033677e-05
6.140600000000262298e+03 2.055124241451267153e-05
6.141500000000262844e+03 1.991277531487867236e-05
6.142400000000263390e+03 1.993343357753474265e-05
6.143300000000263026e+03 2.060408769466448575e-05
6.144200000000262662e+03 2.107874570356216282e-05
6.145100000000263208e+03 2.110574496327899396e-05
6.146000000000263753e+03 2.098471122735645622e-05
6.146900000000263390e+03 2.080183367070276290e-05
6.147800000000263026e+03 2.046720510406885296e-05
6.148700000000263572e+03 2.008365299843717366e-05
6.149600000000264117e+03 1.986280585697386414e-05
6.150500000000263753e+03 1.995661477849353105e-05
6.151400000000263390e+03 2.029244569712318480e-05
6.152300000000263935e+03 2.059381040453445166e-05
6.153200000000264481e+03 2.049217800959013402e-05
6.154100000000264117e+03 1.996829632844310254e-05
6.155000000000263753e+03 1.965960473171435297e-05
6.155900000000264299e+03 1.985334165510721505e-05
6.156800000000264845e+03 2.007669900194741786e-05
6.157700000000264481e+03 2.008327282965183258e-05
6.158600000000264117e+03 1.998224979615770280e-05
6.159500000000264663e+03 1.943951974681112915e-05
6.160400000000265209e+03 1.801808866730425507e-05
6.161300000000264845e+03 1.629201324249152094e-05
6.162200000000264481e+03 1.556253846501931548e-05
6.163100000000265027e+03 1.627695564820896834e-05
6.164000000000265572e+03 1.764215812727343291e-05
6.164900000000265209e+03 1.865549711510539055e-05
6.165800000000264845e+03 1.908618287416175008e-05
6.166700000000265391e+03 1.939435969688929617e-05
6.167600000000265936e+03 1.937133856699801981e-05
6.168500000000265572e+03 1.842444362409878522e-05
6.169400000000265209e+03 1.734395846142433584e-05
6.170300000000265754e+03 1.754919685481581837e-05
6.171200000000266300e+03 1.880423042166512460e-05
6.172100000000265936e+03 1.965019873750861734e-05
6.173000000000265572e+03 1.967783100553788245e-05
6.173900000000266118e+03 1.961763155122753233e-05
6.174800000000266664e+03 1.968774631677661091e-05
6.175700000000266300e+03 1.960178633453324437e-05
6.176600000000265936e+03 1.947717100847512484e-05
6.177500000000266482e+03 1.967580465134233236e-05
6.178400000000267028e+03 2.003284498641733080e-05
6.179300000000266664e+03 2.003983718168456107e-05
6.180200000000266300e+03 1.990787859540432692e-05
6.181100000000266846e+03 2.008129740715958178e-05
6.182000000000267391e+03 2.031297481153160334e-05
6.182900000000267028e+03 2.030318682955112308e-05
6.183800000000266664e+03 2.023896740865893662e-05
6.184700000000267210e+03 2.013432094827294350e-05
6.185600000000267755e+03 1.973134021682199091e-05
6.186500000000267391e+03 1.923265881487168372e-05
6.187400000000267028e+03 1.902483927551656961e-05
6.188300000000267573e+03 1.908628109958954155e-05
6.189200000000268119e+03 1.910556420625653118e-05
6.190100000000267755e+03 1.856782000686507672e-05
6.191000000000267391e+03 1.768576112226583064e-05
6.191900000000267937e+03 1.770233757270034403e-05
6.192800000000268483e+03 1.876592614280525595e-05
6.193700000000268119e+03 1.963845170394051820e-05
6.194600000000267755e+03 1.989898737519979477e-05
6.195500000000268301e+03 2.002627661568112671e-05
6.196400000000268847e+03 2.025177491304930300e-05
6.197300000000268483e+03 2.029623465205077082e-05
6.198200000000268119e+03 1.982496723940130323e-05
6.199100000000268665e+03 1.906465877254959196e-05
6.200000000000269210e+03 1.878197326732333750e-05
6.200900000000268847e+03 1.928845267684664577e-05
6.201800000000268483e+03 2.000963104364927858e-05
6.202700000000269029e+03 2.034979843301698565e-05
6.203600000000269574e+03 2.030000723607372493e-05
6.204500000000269210e+03 2.015621248574461788e-05
6.205400000000268847e+03 2.016520193137694150e-05
6.206300000000269392e+03 2.026350193773396313e-05
6.207200000000269938e+03 2.030583709711208940e-05
6.208100000000269574e+03 2.027918162639252841e-05
6.209000000000269210e+03 2.016707730945199728e-05
6.209900000000269756e+03 1.995241473196074367e-05
6.210800000000270302e+03 1.977061037905514240e-05
6.211700000000269938e+03 1.957694075827021152e-05
6.212600000000269574e+03 1.902013536891900003e-05
6.213500000000270120e+03 1.823196726036258042e-05
6.214400000000270666e+03 1.774960765033029020e-05
6.215300000000270302e+03 1.772124051058199257e-05
6.216200000000269938e+03 1.815648829506244510e-05
6.217100000000270484e+03 1.880830131995026022e-05
6.218000000000271029e+03 1.902948679344262928e-05
6.218900000000270666e+03 1.862632234406191856e-05
6.219800000000270302e+03 1.819767203414812684e-05
6.220700000000270848e+03 1.826932748372200876e-05
6.221600000000271393e+03 1.872826032922603190e-05
6.222500000000271029e+03 1.910174250951968133e-05
6.223400000000270666e+03 1.906577745103277266e-05
6.224300000000271211e+03 1.893293665489181876e-05
6.225200000000271757e+03 1.908076592371799052e-05
6.226100000000271393e+03 1.928399615280795842e-05
6.227000000000271029e+03 1.934588362928479910e-05
6.227900000000271575e+03 1.927925950440112501e-05
6.228800000000272121e+03 1.877415888884570450e-05
6.229700000000271757e+03 1.777034958649892360e-05
6.230600000000271393e+03 1.707148294372018427e-05
6.231500000000271939e+03 1.730803887767251581e-05
6.232400000000272485e+03 1.799010351533070207e-05
6.233300000000272121e+03 1.872362918220460415e-05
6.234200000000271757e+03 1.952529055415652692e-05
6.235100000000272303e+03 1.998812695092055947e-05
6.236000000000272848e+03 1.988851363421417773e-05
6.236900000000272485e+03 1.948836506926454604e-05
6.237800000000272121e+03 1.909834827529266477e-05
6.238700000000272667e+03 1.871207314252387732e-05
6.239600000000273212e+03 1.833374153648037463e-05
6.240500000000272848e+03 1.834960312407929450e-05
6.241400000000272485e+03 1.856813105405308306e-05
6.242300000000273030e+03 1.824340688472148031e-05
6.243200000000273576e+03 1.774275733623653650e-05
6.244100000000273212e+03 1.781906576070468873e-05
6.245000000000272848e+03 1.807612534321378917e-05
6.245900000000273394e+03 1.818862438085488975e-05
6.246800000000273940e+03 1.860817428678274155e-05
6.247700000000273576e+03 1.929914287757128477e-05
6.248600000000273212e+03 1.964251532626803964e-05
6.249500000000273758e+03 1.957371387106832117e-05
6.250400000000274304e+03 1.929881182149983943e-05
6.251300000000273940e+03 1.867568425950594246e-05
6.252200000000273576e+03 1.794441595848184079e-05
6.253100000000274122e+03 1.766947571013588458e-05
6.254000000000274667e+03 1.783302650437690318e-05
6.254900000000274304e+03 1.804134626581799239e-05
6.255800000000273940e+03 1.793970113794784993e-05
6.256700000000274486e+03 1.750408046063967049e-05
6.257600000000275031e+03 1.701417386357206851e-05
6.258500000000274667e+03 1.695652645139489323e-05
6.259400000000274304e+03 1.764679291227366775e-05
6.260300000000274849e+03 1.840993900259491056e-05
6.261200000000275395e+03 1.886645441118162125e-05
6.262100000000275031e+03 1.940985384862869978e-05
6.263000000000274667e+03 1.985054223041515797e-05
6.263900000000275213e+03 1.961678754014428705e-05
6.264800000000275759e+03 1.895332934509497136e-05
6.265700000000275395e+03 1.876386886578984559e-05
6.266600000000275031e+03 1.916328983497805893e-05
6.267500000000275577e+03 1.940998845384456217e-05
6.268400000000276123e+03 1.924980460898950696e-05
6.269300000000275759e+03 1.907215664687100798e-05
6.270200000000275395e+03 1.910329774545971304e-05
6.271100000000275941e+03 1.926912773342337459e-05
6.272000000000276486e+03 1.950614205270539969e-05
6.272900000000276123e+03 1.964196962944697589e-05
6.273800000000275759e+03 1.956247797352261841e-05
6.274700000000276304e+03 1.949267243617214262e-05
6.275600000000276850e+03 1.955797415575943887e-05
6.276500000000276486e+03 1.959971086762379855e-05
6.277400000000276123e+03 1.959514884219970554e-05
6.278300000000276668e+03 1.954583967744838446e-05
6.279200000000277214e+03 1.923159652506001294e-05
6.280100000000276850e+03 1.880287527455948293e-05
6.281000000000276486e+03 1.876324495242442936e-05
6.281900000000277032e+03 1.909666571009438485e-05
6.282800000000277578e+03 1.951588819792959839e-05
6.283700000000277214e+03 1.984317168535199016e-05
6.284600000000276850e+03 1.982552930712699890e-05
6.285500000000277396e+03 1.970742414414416999e-05
6.286400000000277942e+03 1.985514063562732190e-05
6.287300000000277578e+03 2.017463702941313386e-05
6.288200000000277214e+03 2.042733831331133842e-05
6.289100000000277760e+03 2.040174149442464113e-05
6.290000000000278305e+03 2.003208282985724509e-05
6.290900000000277942e+03 1.959350993274711072e-05
6.291800000000277578e+03 1.935235377459321171e-05
6.292700000000278123e+03 1.932139093696605414e-05
6.293600000000278669e+03 1.952579259523190558e-05
6.294500000000278305e+03 1.971729398064780980e-05
6.295400000000277942e+03 1.946126212715171278e-05
6.296300000000278487e+03 1.890685052785556763e-05
6.297200000000279033e+03 1.862795215856749564e-05
6.298100000000278669e+03 1.883501499833073467e-05
6.299000000000278305e+03 1.919982787512708455e-05
6.299900000000278851e+03 1.921447983477264643e-05
6.300800000000279397e+03 1.873955989140085876e-05
6.301700000000279033e+03 1.830662404245231301e-05
6.302600000000278669e+03 1.849990076152607799e-05
6.303500000000279215e+03 1.905699537019245327e-05
6.304400000000279761e+03 1.933836756506934762e-05
6.305300000000279397e+03 1.933934800035785884e-05
6.306200000000279033e+03 1.958923894562758505e-05
6.307100000000279579e+03 2.009735180763527751e-05
6.308000000000280124e+03 2.037120793829672039e-05
6.308900000000279761e+03 2.023802517214789987e-05
6.309800000000279397e+03 1.981559034902602434e-05
6.310700000000279942e+03 1.937443266797345132e-05
6.311600000000280488e+03 1.923512536450289190e-05
6.312500000000280124e+03 1.942930248333141208e-05
6.313400000000279761e+03 1.944838368217460811e-05
6.314300000000280306e+03 1.894445449579507113e-05
6.315200000000280852e+03 1.855061236710753292e-05
6.316100000000280488e+03 1.867199534899555147e-05
6.317000000000280124e+03 1.856657399912364781e-05
6.317900000000280670e+03 1.803642953746020794e-05
6.318800000000281216e+03 1.802170299924910069e-05
6.319700000000280852e+03 1.874948793556541204e-05
6.320600000000280488e+03 1.937064189405646175e-05
6.321500000000281034e+03 1.943134884641040117e-05
6.322400000000281580e+03 1.934233841893728822e-05
6.323300000000281216e+03 1.957896893145516515e-05
6.324200000000280852e+03 1.993726073123980314e-05
6.325100000000281398e+03 2.007733746722806245e-05
6.326000000000281943e+03 1.999658525164704770e-05
6.326900000000281580e+03 1.983286347240209579e-05
6.327800000000281216e+03 1.987763607758097351e-05
6.328700000000281761e+03 2.004860471060965210e-05
6.329600000000282307e+03 1.992180295928847045e-05
6.330500000000281943e+03 1.971849815163295716e-05
6.331400000000281580e+03 1.987311588891316205e-05
6.332300000000282125e+03 2.023986417043488473e-05
6.333200000000282671e+03 2.035116449405904859e-05
6.334100000000282307e+03 1.979328408197034150e-05
6.335000000000281943e+03 1.879459523479454219e-05
6.335900000000282489e+03 1.824322862375993282e-05
6.336800000000283035e+03 1.853843059507198632e-05
6.337700000000282671e+03 1.907182559079956263e-05
6.338600000000282307e+03 1.928146775753702968e-05
6.339500000000282853e+03 1.949117358890362084e-05
6.340400000000283399e+03 1.987603900488466024e-05
6.341300000000283035e+03 1.993561454582959414e-05
6.342200000000282671e+03 1.946895463333930820e-05
6.343100000000283217e+03 1.880001764220651239e-05
6.344000000000283762e+03 1.849475120252463967e-05
6.344900000000283399e+03 1.885888377728406340e-05
6.345800000000283035e+03 1.941600203281268477e-05
6.346700000000283580e+03 1.967867501662112772e-05
6.347600000000284126e+03 1.980033630388788879e-05
6.348500000000283762e+03 1.994673402805346996e-05
6.349400000000283399e+03 2.001380016736220568e-05
6.350300000000283944e+03 2.001774555537849665e-05
6.351200000000284490e+03 2.007572584261652082e-05
6.352100000000284126e+03 2.009354466281365603e-05
6.353000000000283762e+03 1.986300230782944709e-05
6.353900000000284308e+03 1.936384069267660379e-05
6.354800000000284854e+03 1.898849768622312695e-05
6.355700000000284490e+03 1.911779327201656997e-05
6.356600000000284126e+03 1.930797770910430700e-05
6.357500000000284672e+03 1.894849083328153938e-05
6.358400000000285218e+03 1.833805981732439250e-05
6.359300000000284854e+03 1.807999069569632411e-05
6.360200000000284490e+03 1.804979365260805935e-05
6.361100000000285036e+03 1.782694926077965647e-05
6.362000000000285581e+03 1.756734855007380247e-05
6.362900000000285218e+03 1.767991852830164135e-05
6.363800000000284854e+03 1.813656854210421443e-05
6.364700000000285399e+03 1.863258148659951985e-05
6.365600000000285945e+03 1.899829112517181784e-05
6.366500000000285581e+03 1.929899190145079046e-05
6.367400000000285218e+03 1.970123230421449989e-05
6.368300000000285763e+03 1.999154846998862922e-05
6.369200000000286309e+03 1.994858394027687609e-05
6.370100000000285945e+03 1.977457759494427592e-05
6.371000000000285581e+03 1.983622132684104145e-05
6.371900000000286127e+03 2.017054248426575214e-05
6.372800000000286673e+03 2.042376581812277436e-05
6.373700000000286309e+03 2.037136255239602178e-05
6.374600000000285945e+03 2.020795909629669040e-05
6.375500000000286491e+03 2.018503255385439843e-05
6.376400000000287037e+03 2.024375680775847286e-05
6.377300000000286673e+03 2.007445255003403872e-05
6.378200000000286309e+03 1.972221798496320844e-05
6.379100000000286855e+03 1.953728315129410475e-05
6.380000000000287400e+03 1.951286503754090518e-05
6.380900000000287037e+03 1.954396611836273223e-05
6.381800000000286673e+03 1.974877886823378503e-05
6.382700000000287218e+03 1.993745536310598254e-05
6.383600000000287764e+03 1.985704511753283441e-05
6.384500000000287400e+03 1.972155041585210711e-05
6.385400000000287037e+03 1.984708433155901730e-05
6.386300000000287582e+03 2.007745570153929293e-05
6.387200000000288128e+03 2.014311758102849126e-05
6.388100000000287764e+03 2.010161188081838191e-05
6.389000000000287400e+03 2.017245242313947529e-05
6.389900000000287946e+03 2.032585871347691864e-05
6.390800000000288492e+03 2.026754737016744912e-05
6.391700000000288128e+03 1.967983553186058998e-05
6.392600000000287764e+03 1.870926462288480252e-05
6.393500000000288310e+03 1.823697857616934925e-05
6.394400000000288856e+03 1.878348666650708765e-05
6.395300000000288492e+03 1.971176607185043395e-05
6.396200000000288128e+03 2.031711119343526661e-05
6.397100000000288674e+03 2.047842281172052026e-05
6.398000000000289219e+03 2.010119715123437345e-05
6.398900000000288856e+03 1.900681309052743018e-05
6.399800000000288492e+03 1.796848300728015602e-05
6.400700000000289037e+03 1.829814209486357868e-05
6.401600000000289583e+03 1.956966661964543164e-05
6.402500000000289219e+03 2.039170067291706800e-05
6.403400000000288856e+03 2.056694029306527227e-05
6.404300000000289401e+03 2.048063288384582847e-05
6.405200000000289947e+03 2.025708272412884980e-05
6.406100000000289583e+03 1.987933319469448179e-05
6.407000000000289219e+03 1.932902523549273610e-05
6.407900000000289765e+03 1.904490090964827687e-05
6.408800000000290311e+03 1.946596421475987881e-05
6.409700000000289947e+03 1.987187897611875087e-05
6.410600000000289583e+03 1.951055673998780549e-05
6.411500000000290129e+03 1.903571865113917738e-05
6.412400000000290675e+03 1.919439273478928953e-05
6.413300000000290311e+03 1.955726111191324890e-05
6.414200000000289947e+03 1.968938704521860927e-05
6.415100000000290493e+03 1.983139554795343429e-05
6.416000000000291038e+03 2.005987334996461868e-05
6.416900000000290675e+03 2.010665048146620393e-05
6.417800000000290311e+03 1.991441968129947782e-05
6.418700000000290856e+03 1.949653051269706339e-05
6.419600000000291402e+03 1.889791201392654330e-05
6.420500000000291038e+03 1.849666114139836282e-05
6.421400000000290675e+03 1.877564682217780501e-05
6.422300000000291220e+03 1.968123433471191674e-05
6.423200000000291766e+03 2.038452839769888669e-05
6.424100000000291402e+03 2.043053245870396495e-05
6.425000000000291038e+03 2.026854963332880288e-05
6.425900000000291584e+03 2.036793921433854848e-05
6.426800000000292130e+03 2.063534884655382484e-05
6.427700000000291766e+03 2.075078737107105553e-05
6.428600000000291402e+03 2.045477049250621349e-05
6.429500000000291948e+03 1.965931733138859272e-05
6.430400000000292493e+03 1.879899355117231607e-05
6.431300000000292130e+03 1.869338484539184719e-05
6.432200000000291766e+03 1.933026942424476147e-05
6.433100000000292312e+03 1.995659658859949559e-05
6.434000000000292857e+03 2.026400761678814888e-05
6.434900000000292493e+03 2.038909588009119034e-05
6.435800000000292130e+03 2.042434789473190904e-05
6.436700000000292675e+03 2.020331703533884138e-05
6.437600000000293221e+03 1.945456824614666402e-05
6.438500000000292857e+03 1.856912786024622619e-05
6.439400000000292493e+03 1.860039628809317946e-05
6.440300000000293039e+03 1.960132431122474372e-05
6.441200000000293585e+03 2.050978400802705437e-05
6.442100000000293221e+03 2.081690763588994741e-05
6.443000000000292857e+03 2.078258512483444065e-05
6.443900000000293403e+03 2.072209645120892674e-05
6.444800000000293949e+03 2.078731085930485278e-05
6.445700000000293585e+03 2.094805313390679657e-05
6.446600000000293221e+03 2.096816569974180311e-05
6.447500000000293767e+03 2.045474138867575675e-05
6.448400000000294312e+03 1.915106986416503787e-05
6.449300000000293949e+03 1.766972309269476682e-05
6.450200000000293585e+03 1.737671664159279317e-05
6.451100000000294131e+03 1.843977588578127325e-05
6.452000000000294676e+03 1.964577313628979027e-05
6.452900000000294312e+03 2.032094926107674837e-05
6.453800000000293949e+03 2.036388286796864122e-05
6.454700000000294494e+03 1.987177529372274876e-05
6.455600000000295040e+03 1.944171344803180546e-05
6.456500000000294676e+03 1.961776615644339472e-05
6.457400000000294312e+03 2.021111322392243892e-05
6.458300000000294858e+03 2.072177630907390267e-05
6.459200000000295404e+03 2.095056879625190049e-05
6.460100000000295040e+03 2.080633748846594244e-05
6.461000000000294676e+03 2.000148924707900733e-05
6.461900000000295222e+03 1.872458233265206218e-05
6.462800000000295768e+03 1.817677366489078850e-05
6.463700000000295404e+03 1.887916187115479261e-05
6.464600000000295040e+03 1.981973036890849471e-05
6.465500000000295586e+03 2.032267911999952048e-05
6.466400000000296131e+03 2.055221193586476147e-05
6.467300000000295768e+03 2.065543776552658528e-05
6.468200000000295404e+03 2.051202318398281932e-05
6.469100000000295950e+03 2.020174360950477421e-05
6.470000000000296495e+03 1.992413854168262333e-05
6.470900000000296131e+03 1.966458694369066507e-05
6.471800000000295768e+03 1.968336800928227603e-05
6.472700000000296313e+03 2.010355819948017597e-05
6.473600000000296859e+03 2.034145836660172790e-05
6.474500000000296495e+03 2.012940240092575550e-05
6.475400000000296131e+03 1.995163438550662249e-05
6.476300000000296677e+03 2.015329482674133033e-05
6.477200000000297223e+03 2.039756691374350339e-05
6.478100000000296859e+03 2.038173624896444380e-05
6.479000000000296495e+03 2.031293297477532178e-05
6.479900000000297041e+03 2.019944076891988516e-05
6.480800000000297587e+03 1.971042911463882774e-05
6.481700000000297223e+03 1.902694748423527926e-05
6.482600000000296859e+03 1.880720083136111498e-05
6.483500000000297405e+03 1.918326961458660662e-05
6.484400000000297950e+03 1.967714706552214921e-05
6.485300000000297587e+03 1.997235995077062398e-05
6.486200000000297223e+03 2.011395918088965118e-05
6.487100000000297769e+03 2.021713953581638634e-05
6.488000000000298314e+03 2.024183595494832844e-05
6.488900000000297950e+03 2.007823968597222120e-05
6.489800000000297587e+03 1.977234023797791451e-05
6.490700000000298132e+03 1.955121479113586247e-05
6.491600000000298678e+03 1.938886998686939478e-05
6.492500000000298314e+03 1.878761577245313674e-05
6.493400000000297950e+03 1.744807559589389712e-05
6.494300000000298496e+03 1.618327769392635673e-05
6.495200000000299042e+03 1.597072696313261986e-05
6.496100000000298678e+03 1.662023350945673883e-05
6.497000000000298314e+03 1.744416476867627352e-05
6.497900000000298860e+03 1.798273842723574489e-05
6.498800000000299406e+03 1.812356822483707219e-05
6.499700000000299042e+03 1.836547744460403919e-05
6.500600000000298678e+03 1.888109909486956894e-05
6.501500000000299224e+03 1.930702455865684897e-05
6.502400000000299769e+03 1.954965046024881303e-05
6.503300000000299406e+03 1.969250115507747978e-05
6.504200000000299042e+03 1.980818706215359271e-05
6.505100000000299588e+03 1.998744301090482622e-05
6.506000000000300133e+03 2.013408629863988608e-05
6.506900000000299769e+03 2.004123416554648429e-05
6.507800000000299406e+03 1.973535108845680952e-05
6.508700000000299951e+03 1.957065069291274995e-05
6.509600000000300497e+03 1.974021324713248760e-05
6.510500000000300133e+03 2.001396933337673545e-05
6.511400000000299769e+03 2.011565629800315946e-05
6.512300000000300315e+03 2.009554555115755647e-05
6.513200000000300861e+03 2.008876435866113752e-05
6.514100000000300497e+03 1.998783227463718504e-05
6.515000000000300133e+03 1.974823499040212482e-05
6.515900000000300679e+03 1.954801336978562176e-05
6.516800000000301225e+03 1.939779576787259430e-05
6.517700000000300861e+03 1.916954715852625668e-05
6.518600000000300497e+03 1.908749436552170664e-05
6.519500000000301043e+03 1.943420465977396816e-05
6.520400000000301588e+03 1.992676152440253645e-05
6.521300000000301225e+03 2.015505378949455917e-05
6.522200000000300861e+03 2.013920311583206058e-05
6.523100000000301407e+03 2.012167169596068561e-05
6.524000000000301952e+03 2.020577630901243538e-05
6.524900000000301588e+03 2.019431303779128939e-05
6.525800000000301225e+03 1.987564428418409079e-05
6.526700000000301770e+03 1.949411671375855803e-05
6.527600000000302316e+03 1.946786869666539133e-05
6.528500000000301952e+03 1.975532541109714657e-05
6.529400000000301588e+03 2.002734800043981522e-05
6.530300000000302134e+03 2.004991074500139803e-05
6.531200000000302680e+03 1.978138971026055515e-05
6.532100000000302316e+03 1.945182157214730978e-05
6.533000000000301952e+03 1.935558793775271624e-05
6.533900000000302498e+03 1.959925975825171918e-05
6.534800000000303044e+03 2.001473512791562825e-05
6.535700000000302680e+03 2.023198248934932053e-05
6.536600000000302316e+03 2.010318894463125616e-05
6.537500000000302862e+03 1.994426747842226177e-05
6.538400000000303407e+03 2.008228511840570718e-05
6.539300000000303044e+03 2.038278034888207912e-05
6.540200000000302680e+03 2.048609894700348377e-05
6.541100000000303226e+03 2.028113885899074376e-05
6.542000000000303771e+03 1.995569618884474039e-05
6.542900000000303407e+03 1.971673918887972832e-05
6.543800000000303044e+03 1.959245128091424704e-05
6.544700000000303589e+03 1.932316263264510781e-05
6.545600000000304135e+03 1.883312870631925762e-05
6.546500000000303771e+03 1.864443220256362110e-05
6.547400000000303407e+03 1.902559961308725178e-05
6.548300000000303953e+03 1.953804348886478692e-05
6.549200000000304499e+03 1.977937790798023343e-05
6.550100000000304135e+03 1.968360447790473700e-05
6.551000000000303771e+03 1.944685209309682250e-05
6.551900000000304317e+03 1.929989775817375630e-05
6.552800000000304863e+03 1.915521352202631533e-05
6.553700000000304499e+03 1.880774107121396810e-05
6.554600000000304135e+03 1.837512536440044641e-05
6.555500000000304681e+03 1.819037061068229377e-05
6.556400000000305226e+03 1.840025470301043242e-05
6.557300000000304863e+03 1.874731788120698184e-05
6.558200000000304499e+03 1.890333805931732059e-05
6.559100000000305045e+03 1.880849958979524672e-05
6.560000000000305590e+03 1.835354487411677837e-05
6.560900000000305226e+03 1.690516546659637243e-05
6.561800000000304863e+03 1.427970983058912680e-05
6.562700000000305408e+03 1.251771391252987087e-05
6.563600000000305954e+03 1.367584354738937691e-05
6.564500000000305590e+03 1.636506749491672963e-05
6.565400000000305226e+03 1.822452031774446368e-05
6.566300000000305772e+03 1.902517396956682205e-05
6.567200000000306318e+03 1.929778773046564311e-05
6.568100000000305954e+03 1.908867488964460790e-05
6.569000000000305590e+03 1.868043909780681133e-05
6.569900000000306136e+03 1.861955024651251733e-05
6.570800000000306682e+03 1.880393392639234662e-05
6.571700000000306318e+03 1.874543340818490833e-05
6.572600000000305954e+03 1.842601159296464175e-05
6.573500000000306500e+03 1.817811789806000888e-05
6.574400000000307045e+03 1.816317671909928322e-05
6.575300000000306682e+03 1.850941589509602636e-05
6.576200000000306318e+03 1.915071516123134643e-05
6.577100000000306864e+03 1.969220465980470181e-05
6.578000000000307409e+03 1.989218799280934036e-05
6.578900000000307045e+03 1.976126077352091670e-05
6.579800000000306682e+03 1.938555578817613423e-05
6.580700000000307227e+03 1.903499105537775904e-05
6.581600000000307773e+03 1.904906639538239688e-05
6.582500000000307409e+03 1.933804924192372710e-05
6.583400000000307045e+03 1.957017957465723157e-05
6.584300000000307591e+03 1.960981717274989933e-05
6.585200000000308137e+03 1.947869350260589272e-05
6.586100000000307773e+03 1.938064997375477105e-05
6.587000000000307409e+03 1.956660707946866751e-05
6.587900000000307955e+03 1.986661118280608207e-05
6.588800000000308501e+03 2.000554195547010750e-05
6.589700000000308137e+03 2.000589302042499185e-05
6.590600000000307773e+03 1.976413477677851915e-05
6.591500000000308319e+03 1.898271148093044758e-05
6.592400000000308864e+03 1.790634087228681892e-05
6.593300000000308501e+03 1.747072201396804303e-05
6.594200000000308137e+03 1.807850094337482005e-05
6.595100000000308683e+03 1.896061439765617251e-05
6.596000000000309228e+03 1.936695844051428139e-05
6.596900000000308864e+03 1.928732126543764025e-05
6.597800000000308501e+03 1.904633791127707809e-05
6.598700000000309046e+03 1.902910116768907756e-05
6.599600000000309592e+03 1.937887464009691030e-05
6.600500000000309228e+03 1.981026798603124917e-05
6.601400000000308864e+03 2.001283610297832638e-05
6.602300000000309410e+03 1.997604522330220789e-05
6.603200000000309956e+03 1.978672298719175160e-05
6.604100000000309592e+03 1.949954094015993178e-05
6.605000000000309228e+03 1.923036506923381239e-05
6.605900000000309774e+03 1.909677121147979051e-05
6.606800000000310320e+03 1.901497671497054398e-05
6.607700000000309956e+03 1.876415808510500938e-05
6.608600000000309592e+03 1.843263635237235576e-05
6.609500000000310138e+03 1.853589492384344339e-05
6.610400000000310683e+03 1.918149973789695650e-05
6.611300000000310320e+03 1.974761471501551569e-05
6.612200000000309956e+03 1.980432352866046131e-05
6.613100000000310501e+03 1.958689608727581799e-05
6.614000000000311047e+03 1.958502070920076221e-05
6.614900000000310683e+03 1.985122435144148767e-05
6.615800000000310320e+03 1.998105835809838027e-05
6.616700000000310865e+03 1.984736809390597045e-05
6.617600000000311411e+03 1.971256460819859058e-05
6.618500000000311047e+03 1.975932718778494745e-05
6.619400000000310683e+03 1.992167199205141515e-05
6.620300000000311229e+03 2.004372254305053502e-05
6.621200000000311775e+03 2.002729706873651594e-05
6.622100000000311411e+03 1.984853224712423980e-05
6.623000000000311047e+03 1.947931923496071249e-05
6.623900000000311593e+03 1.900354800454806536e-05
6.624800000000312139e+03 1.878838520497083664e-05
6.625700000000311775e+03 1.904786768136546016e-05
6.626600000000311411e+03 1.938264540513046086e-05
6.627500000000311957e+03 1.947760210896376520e-05
6.628400000000312502e+03 1.944341602211352438e-05
6.629300000000312139e+03 1.935991349455434829e-05
6.630200000000311775e+03 1.924961179611273110e-05
6.631100000000312320e+03 1.908367084979545325e-05
6.632000000000312866e+03 1.874347617558669299e-05
6.632900000000312502e+03 1.826127117965370417e-05
6.633800000000312139e+03 1.801216058083809912e-05
6.634700000000312684e+03 1.831832923926413059e-05
6.635600000000313230e+03 1.892265936476178467e-05
6.636500000000312866e+03 1.938307104865089059e-05
6.637400000000312502e+03 1.955207153514493257e-05
6.638300000000313048e+03 1.942975723068229854e-05
6.639200000000313594e+03 1.919199712574481964e-05
6.640100000000313230e+03 1.920296745083760470e-05
6.641000000000312866e+03 1.945309668371919543e-05
6.641900000000313412e+03 1.938732748385518789e-05
6.642800000000313958e+03 1.888742735900450498e-05
6.643700000000313594e+03 1.862548924691509455e-05
6.644600000000313230e+03 1.894860179163515568e-05
6.645500000000313776e+03 1.932898339873645455e-05
6.646400000000314321e+03 1.936008084157947451e-05
6.647300000000313958e+03 1.924395837704651058e-05
6.648200000000313594e+03 1.929118479893077165e-05
6.649100000000314139e+03 1.943281313288025558e-05
6.650000000000314685e+03 1.943057213793508708e-05
6.650900000000314321e+03 1.929946301970630884e-05
6.651800000000313958e+03 1.919922397064510733e-05
6.652700000000314503e+03 1.918172893056180328e-05
6.653600000000315049e+03 1.920972317748237401e-05
6.654500000000314685e+03 1.927395715028978884e-05
6.655400000000314321e+03 1.929566496983170509e-05
6.656300000000314867e+03 1.923982927110046148e-05
6.657200000000315413e+03 1.925187461893074214e-05
6.658100000000315049e+03 1.932102532009594142e-05
6.659000000000314685e+03 1.927848825289402157e-05
6.659900000000315231e+03 1.911696381284855306e-05
6.660800000000315777e+03 1.894918023026548326e-05
6.661700000000315413e+03 1.870893356681335717e-05
6.662600000000315049e+03 1.829742905101738870e-05
6.663500000000315595e+03 1.809904460969846696e-05
6.664400000000316140e+03 1.835606053646188229e-05
6.665300000000315777e+03 1.862184944911859930e-05
6.666200000000315413e+03 1.865671220002695918e-05
6.667100000000315958e+03 1.861889904830604792e-05
6.668000000000316504e+03 1.870466439868323505e-05
6.668900000000316140e+03 1.897140100481919944e-05
6.669800000000315777e+03 1.928322126332204789e-05
6.670700000000316322e+03 1.947237069543916732e-05
6.671600000000316868e+03 1.948774297488853335e-05
6.672500000000316504e+03 1.943177267094142735e-05
6.673400000000316140e+03 1.940736365213524550e-05
6.674300000000316686e+03 1.943952520377933979e-05
6.675200000000317232e+03 1.943640017998404801e-05
6.676100000000316868e+03 1.906032230181153864e-05
6.677000000000316504e+03 1.819324279495049268e-05
6.677900000000317050e+03 1.755533230607397854e-05
6.678800000000317596e+03 1.786399843695107847e-05
6.679700000000317232e+03 1.860064185166265815e-05
6.680600000000316868e+03 1.895328387035988271e-05
6.681500000000317414e+03 1.898222217278089374e-05
6.682400000000317959e+03 1.904245800687931478e-05
6.683300000000317596e+03 1.917409099405631423e-05
6.684200000000317232e+03 1.926878576341550797e-05
6.685100000000317777e+03 1.929663267219439149e-05
6.686000000000318323e+03 1.926379809447098523e-05
6.686900000000317959e+03 1.918125053634867072e-05
6.687800000000317596e+03 1.912908737722318619e-05
6.688700000000318141e+03 1.917858207889366895e-05
6.689600000000318687e+03 1.924827120092231780e-05
6.690500000000318323e+03 1.926058939716313034e-05
6.691400000000317959e+03 1.924174102896358818e-05
6.692300000000318505e+03 1.924016032717190683e-05
6.693200000000319051e+03 1.925870492414105684e-05
6.694100000000318687e+03 1.914559834403917193e-05
6.695000000000318323e+03 1.873158180387690663e-05
6.695900000000318869e+03 1.825122308218851686e-05
6.696800000000319415e+03 1.812727350625209510e-05
6.697700000000319051e+03 1.831291592679917812e-05
6.698600000000318687e+03 1.860034171841107309e-05
6.699500000000319233e+03 1.895919740491081029e-05
6.700400000000319778e+03 1.923280979099217802e-05
6.701300000000319415e+03 1.927418816194403917e-05
6.702200000000319051e+03 1.909226375573780388e-05
6.703100000000319596e+03 1.875406815088354051e-05
6.704000000000320142e+03 1.852041896199807525e-05
6.704900000000319778e+03 1.861499185906723142e-05
6.705800000000319415e+03 1.890019120764918625e-05
6.706700000000319960e+03 1.909263301058672369e-05
6.707600000000320506e+03 1.911536310217343271e-05
6.708500000000320142e+03 1.904541750263888389e-05
6.709400000000319778e+03 1.890205749077722430e-05
6.710300000000320324e+03 1.878845250757876784e-05
6.711200000000320870e+03 1.878114198916591704e-05
6.712100000000320506e+03 1.870819869509432465e-05
6.713000000000320142e+03 1.851718661782797426e-05
6.713900000000320688e+03 1.832179441407788545e-05
6.714800000000321234e+03 1.809613604564219713e-05
6.715700000000320870e+03 1.776719727786257863e-05
6.716600000000320506e+03 1.737231286824680865e-05
6.717500000000321052e+03 1.727572271192912012e-05
6.718400000000321597e+03 1.778458681656047702e-05
6.719300000000321234e+03 1.844426333263982087e-05
6.720200000000320870e+03 1.870838786999229342e-05
6.721100000000321415e+03 1.861314376583322883e-05
6.722000000000321961e+03 1.856984999903943390e-05
6.722900000000321597e+03 1.877675640571396798e-05
6.723800000000321234e+03 1.895388413686305285e-05
6.724700000000321779e+03 1.883515506051480770e-05
6.725600000000322325e+03 1.856583185144700110e-05
6.726500000000321961e+03 1.847315070335753262e-05
6.727400000000321597e+03 1.861583405116107315e-05
6.728300000000322143e+03 1.879467527032829821e-05
6.729200000000322689e+03 1.892755244625732303e-05
6.730100000000322325e+03 1.903289921756368130e-05
6.731000000000321961e+03 1.905029057525098324e-05
6.731900000000322507e+03 1.893361513793934137e-05
6.732800000000323053e+03 1.876568057923577726e-05
6.733700000000322689e+03 1.870245068857911974e-05
6.734600000000322325e+03 1.880618401628453285e-05
6.735500000000322871e+03 1.895493915071710944e-05
6.736400000000323416e+03 1.893274202302563936e-05
6.737300000000323053e+03 1.865692684077657759e-05
6.738200000000322689e+03 1.834608337958343327e-05
6.739100000000323234e+03 1.831379086070228368e-05
6.740000000000323780e+03 1.856150083767715842e-05
6.740900000000323416e+03 1.873263863672036678e-05
6.741800000000323053e+03 1.857841562014073133e-05
6.742700000000323598e+03 1.835014700191095471e-05
6.743600000000324144e+03 1.838711250456981361e-05
6.744500000000323780e+03 1.855771915870718658e-05
6.745400000000323416e+03 1.856791641330346465e-05
6.746300000000323962e+03 1.845610859163571149e-05
6.747200000000324508e+03 1.837151648942381144e-05
6.748100000000324144e+03 1.831080226111225784e-05
6.749000000000323780e+03 1.820933175622485578e-05
6.749900000000324326e+03 1.816781514207832515e-05
6.750800000000324872e+03 1.828824133554007858e-05
6.751700000000324508e+03 1.831766894611064345e-05
6.752600000000324144e+03 1.818891905713826418e-05
6.753500000000324690e+03 1.824506762204691768e-05
6.754400000000325235e+03 1.846937993832398206e-05
6.755300000000324872e+03 1.863070428953506052e-05
6.756200000000324508e+03 1.879987212305422872e-05
6.757100000000325053e+03 1.900688403111416847e-05
6.758000000000325599e+03 1.913332380354404449e-05
6.758900000000325235e+03 1.918720408866647631e-05
6.759800000000324872e+03 1.920832073665224016e-05
6.760700000000325417e+03 1.914653694257140160e-05
6.761600000000325963e+03 1.903896009025629610e-05
6.762500000000325599e+03 1.903633165056817234e-05
6.763400000000325235e+03 1.909575257741380483e-05
6.764300000000325781e+03 1.905066892504692078e-05
6.765200000000326327e+03 1.884923040051944554e-05
6.766100000000325963e+03 1.852702735050115734e-05
6.767000000000325599e+03 1.825396611820906401e-05
6.767900000000326145e+03 1.825295294111128896e-05
6.768800000000326690e+03 1.846496707003097981e-05
6.769700000000326327e+03 1.855647678894456476e-05
6.770600000000325963e+03 1.843584323069080710e-05
6.771500000000326509e+03 1.839161086536478251e-05
6.772400000000327054e+03 1.861100463429465890e-05
6.773300000000326690e+03 1.896743924589827657e-05
6.774200000000326327e+03 1.927106313814874738e-05
6.775100000000326872e+03 1.940900438057724386e-05
6.776000000000327418e+03 1.935231375682633370e-05
6.776900000000327054e+03 1.920390423038043082e-05
6.777800000000326690e+03 1.917725239763967693e-05
6.778700000000327236e+03 1.931905899255070835e-05
6.779600000000327782e+03 1.939598587341606617e-05
6.780500000000327418e+03 1.925197284435853362e-05
6.781400000000327054e+03 1.891452666313853115e-05
6.782300000000327600e+03 1.844426697061862797e-05
6.783200000000328146e+03 1.798190351109951735e-05
6.784100000000327782e+03 1.776727913238573819e-05
6.785000000000327418e+03 1.785652784747071564e-05
6.785900000000327964e+03 1.809984678402543068e-05
6.786800000000328509e+03 1.842594429035671055e-05
6.787700000000328146e+03 1.874506233434658498e-05
6.788600000000327782e+03 1.884579251054674387e-05
6.789500000000328328e+03 1.879434057627804577e-05
6.790400000000328873e+03 1.883695040305610746e-05
6.791300000000328509e+03 1.889661507448181510e-05
6.792200000000328146e+03 1.875526322692167014e-05
6.793100000000328691e+03 1.848316060204524547e-05
6.794000000000329237e+03 1.837012132455129176e-05
6.794900000000328873e+03 1.844115831772796810e-05
6.795800000000328509e+03 1.850293665484059602e-05
6.796700000000329055e+03 1.854776928666979074e-05
6.797600000000329601e+03 1.859619078459218144e-05
6.798500000000329237e+03 1.862942917796317488e-05
6.799400000000328873e+03 1.871028325695078820e-05
6.800300000000329419e+03 1.883106779132504016e-05
6.801200000000329965e+03 1.894245178846176714e-05
6.802100000000329601e+03 1.895534296636469662e-05
6.803000000000329237e+03 1.881464049802161753e-05
6.803900000000329783e+03 1.870433334261178970e-05
6.804800000000330328e+03 1.876021997304633260e-05
6.805700000000329965e+03 1.876886199170257896e-05
6.806600000000329601e+03 1.867629543994553387e-05
6.807500000000330147e+03 1.871982749435119331e-05
6.808400000000330692e+03 1.881368552858475596e-05
6.809300000000330328e+03 1.871896529337391257e-05
6.810200000000329965e+03 1.861407326941844076e-05
6.811100000000330510e+03 1.869040170277003199e-05
6.812000000000331056e+03 1.880749914562329650e-05
6.812900000000330692e+03 1.878396142274141312e-05
6.813800000000330328e+03 1.855579830589704216e-05
6.814700000000330874e+03 1.834644353948533535e-05
6.815600000000331420e+03 1.850166518124751747e-05
6.816500000000331056e+03 1.889028681034687907e-05
6.817400000000330692e+03 1.908097146952059120e-05
6.818300000000331238e+03 1.893719490908551961e-05
6.819200000000331784e+03 1.865302692749537528e-05
6.820100000000331420e+03 1.851905290095601231e-05
6.821000000000331056e+03 1.867663740995340049e-05
6.821900000000331602e+03 1.895173409138806164e-05
6.822800000000332147e+03 1.912376683321781456e-05
6.823700000000331784e+03 1.917520785355009139e-05
6.824600000000331420e+03 1.919404712680261582e-05
6.825500000000331966e+03 1.917066219903063029e-05
6.826400000000332511e+03 1.899269773275591433e-05
6.827300000000332147e+03 1.864771184045821428e-05
6.828200000000331784e+03 1.839889955590479076e-05
6.829100000000332329e+03 1.849666114139836282e-05
6.830000000000332875e+03 1.880536365206353366e-05
6.830900000000332511e+03 1.899827475426718593e-05
6.831800000000332147e+03 1.895675086416304111e-05
6.832700000000332693e+03 1.887682446977123618e-05
6.833600000000333239e+03 1.895374589366838336e-05
6.834500000000332875e+03 1.908416561491321772e-05
6.835400000000332511e+03 1.907577461679466069e-05
6.836300000000333057e+03 1.892958971438929439e-05
6.837200000000333603e+03 1.875032103271223605e-05
6.838100000000333239e+03 1.851536217145621777e-05
6.839000000000332875e+03 1.820480792957823724e-05
6.839900000000333421e+03 1.788047666195780039e-05
6.840800000000333966e+03 1.758962389430962503e-05
6.841700000000333603e+03 1.747573151078540832e-05
6.842600000000333239e+03 1.768242327671032399e-05
6.843500000000333785e+03 1.811371112125925720e-05
6.844400000000334330e+03 1.855129266914445907e-05
6.845300000000333966e+03 1.880234231066424400e-05
6.846200000000333603e+03 1.886221980385016650e-05
6.847100000000334148e+03 1.887412145151756704e-05
6.848000000000334694e+03 1.886197787825949490e-05
6.848900000000334330e+03 1.879575211205519736e-05
6.849800000000333966e+03 1.871587483037728816e-05
6.850700000000334512e+03 1.869283732958137989e-05
6.851600000000335058e+03 1.876710120995994657e-05
6.852500000000334694e+03 1.885343954199925065e-05
6.853400000000334330e+03 1.868286562967114151e-05
6.854300000000334876e+03 1.819801582314539701e-05
6.855200000000335422e+03 1.785461790859699249e-05
6.856100000000335058e+03 1.793531373550649732e-05
6.857000000000334694e+03 1.813864582800306380e-05
6.857900000000335240e+03 1.827060441428329796e-05
6.858800000000335785e+03 1.836757655837573111e-05
6.859700000000335422e+03 1.826019615691620857e-05
6.860600000000335058e+03 1.791048998711630702e-05
6.861500000000335604e+03 1.773552139638923109e-05
6.862400000000336149e+03 1.809176137612666935e-05
6.863300000000335785e+03 1.870219057309441268e-05
6.864200000000335422e+03 1.903475822473410517e-05
6.865100000000335967e+03 1.894921661005355418e-05
6.866000000000336513e+03 1.858910763985477388e-05
6.866900000000336149e+03 1.811770744097884744e-05
6.867800000000335785e+03 1.784671439963858575e-05
6.868700000000336331e+03 1.804878229449968785e-05
6.869600000000336877e+03 1.845747283368837088e-05
6.870500000000336513e+03 1.856606832006946206e-05
6.871400000000336149e+03 1.835359762480948120e-05
6.872300000000336695e+03 1.819431054173037410e-05
6.873200000000337241e+03 1.826105290092527866e-05
6.874100000000336877e+03 1.835928014770615846e-05
6.875000000000336513e+03 1.836075716710183769e-05
6.875900000000337059e+03 1.842103483795654029e-05
6.876800000000337604e+03 1.864678051788359880e-05
6.877700000000337241e+03 1.886810787254944444e-05
6.878600000000336877e+03 1.889865052362438291e-05
6.879500000000337423e+03 1.876842179626692086e-05
6.880400000000337968e+03 1.849329964898061007e-05
6.881300000000337604e+03 1.810053436201997101e-05
6.882200000000337241e+03 1.783112929842900485e-05
6.883100000000337786e+03 1.797315235307905823e-05
6.884000000000338332e+03 1.839654578361660242e-05
6.884900000000337968e+03 1.858313771663233638e-05
6.885800000000337604e+03 1.849925865826662630e-05
6.886700000000338150e+03 1.860689735622145236e-05
6.887600000000338696e+03 1.890492058009840548e-05
6.888500000000338332e+03 1.904173404909670353e-05
6.889400000000337968e+03 1.908565172925591469e-05
6.890300000000338514e+03 1.920767317642457783e-05
6.891200000000339060e+03 1.921321927511598915e-05
6.892100000000338696e+03 1.902583426272030920e-05
6.893000000000338332e+03 1.894995148177258670e-05
6.893900000000338878e+03 1.897627771541010588e-05
6.894800000000339423e+03 1.882144897535908967e-05
6.895700000000339060e+03 1.863226862042210996e-05
6.896600000000338696e+03 1.874048939498607069e-05
6.897500000000339242e+03 1.901129326142836362e-05
6.898400000000339787e+03 1.906263059936463833e-05
6.899300000000339423e+03 1.886196514533367008e-05
6.900200000000339060e+03 1.874674853752367198e-05
6.901100000000339605e+03 1.889638406282756478e-05
6.902000000000340151e+03 1.908830017782747746e-05
6.902900000000339787e+03 1.909928323584608734e-05
6.903800000000339423e+03 1.899694871099200100e-05
6.904700000000339969e+03 1.891506326501257718e-05
6.905600000000340515e+03 1.894197339424863458e-05
6.906500000000340151e+03 1.908429476316086948e-05
6.907400000000339787e+03 1.920451904879882932e-05
6.908300000000340333e+03 1.925627293530851603e-05
6.909200000000340879e+03 1.930390681081917137e-05
6.910100000000340515e+03 1.927180892380420119e-05
6.911000000000340151e+03 1.912222251121420413e-05
6.911900000000340697e+03 1.895043533295392990e-05
6.912800000000341242e+03 1.872785287559963763e-05
6.913700000000340879e+03 1.850712033046875149e-05
6.914600000000340515e+03 1.852959394454956055e-05
6.915500000000341061e+03 1.866811908257659525e-05
6.916400000000341606e+03 1.863117176981177181e-05
6.917300000000341242e+03 1.858606628957204521e-05
6.918200000000340879e+03 1.871627500804606825e-05
6.919100000000341424e+03 1.895279092423152179e-05
6.920000000000341970e+03 1.918130510603077710e-05
6.920900000000341606e+03 1.933282874233555049e-05
6.921800000000341242e+03 1.935529144247993827e-05
6.922700000000341788e+03 1.914852327900007367e-05
6.923600000000342334e+03 1.869460174930281937e-05
6.924500000000341970e+03 1.824002538342028856e-05
6.925400000000341606e+03 1.809682180464733392e-05
6.926300000000342152e+03 1.835728107835166156e-05
6.927200000000342698e+03 1.877074100775644183e-05
6.928100000000342334e+03 1.900317147374153137e-05
6.929000000000341970e+03 1.905116369016468525e-05
6.929900000000342516e+03 1.905294629978016019e-05
6.930800000000343061e+03 1.901687028293963522e-05
6.931700000000342698e+03 1.887001599243376404e-05
6.932600000000342334e+03 1.862973658717237413e-05
6.933500000000342880e+03 1.860274096543435007e-05
6.934400000000343425e+03 1.884756420622579753e-05
6.935300000000343061e+03 1.901682662719395012e-05
6.936200000000342698e+03 1.899751259770710021e-05
6.937100000000343243e+03 1.894924753287341446e-05
6.938000000000343789e+03 1.897609581646975130e-05
6.938900000000343425e+03 1.910697938001248986e-05
6.939800000000343061e+03 1.930199323396664113e-05
6.940700000000343607e+03 1.941388654813636094e-05
6.941600000000344153e+03 1.932459963427390903e-05
6.942500000000343789e+03 1.906223042169585824e-05
6.943400000000343425e+03 1.871402673714328557e-05
6.944300000000343971e+03 1.836726005421951413e-05
6.945200000000344517e+03 1.828237691370304674e-05
6.946100000000344153e+03 1.860545307863503695e-05
6.947000000000343789e+03 1.899118251458276063e-05
6.947900000000344335e+03 1.920690374390687793e-05
6.948800000000344880e+03 1.928945675899740309e-05
6.949700000000344517e+03 1.918280577228870243e-05
6.950600000000344153e+03 1.886878999357577413e-05
6.951500000000344698e+03 1.861195050878450274e-05
6.952400000000345244e+03 1.853603316703811288e-05
6.953300000000344880e+03 1.852821333159226924e-05
6.954200000000344517e+03 1.860418888099957258e-05
6.955100000000345062e+03 1.881311254692263901e-05
6.956000000000345608e+03 1.907479236251674592e-05
6.956900000000345244e+03 1.922816227306611836e-05
6.957800000000344880e+03 1.923851959872990847e-05
6.958700000000345426e+03 1.920618706208188087e-05
6.959600000000345972e+03 1.918988891702610999e-05
6.960500000000345608e+03 1.922497176565229893e-05
6.961400000000345244e+03 1.929444988491013646e-05
6.962300000000345790e+03 1.935295404109638184e-05
6.963200000000346336e+03 1.940760012075770646e-05
6.964100000000345972e+03 1.936421540449373424e-05
6.965000000000345608e+03 1.913343658088706434e-05
6.965900000000346154e+03 1.896204230433795601e-05
6.966800000000346699e+03 1.915572102006990463e-05
6.967700000000346336e+03 1.952279853867366910e-05
6.968600000000345972e+03 1.967206299013923854e-05
6.969500000000346517e+03 1.950531441252678633e-05
6.970400000000347063e+03 1.922081537486519665e-05
6.971300000000346699e+03 1.912849074869882315e-05
6.972200000000346336e+03 1.932927079906221479e-05
6.973100000000346881e+03 1.949161196534987539e-05
6.974000000000347427e+03 1.931882979988586158e-05
6.974900000000347063e+03 1.896447429317049682e-05
6.975800000000346699e+03 1.862263525254093111e-05
6.976700000000347245e+03 1.815705945773515850e-05
6.977600000000347791e+03 1.749454895616509020e-05
6.978500000000347427e+03 1.710385186015628278e-05
6.979400000000347063e+03 1.749355578795075417e-05
6.980300000000347609e+03 1.830612200137693435e-05
6.981200000000348155e+03 1.892787258839234710e-05
6.982100000000347791e+03 1.928704841702710837e-05
6.983000000000347427e+03 1.949139004864264280e-05
6.983900000000347973e+03 1.955259358510375023e-05
6.984800000000348518e+03 1.953067294380161911e-05
6.985700000000348155e+03 1.948481622093822807e-05
6.986600000000347791e+03 1.942651397257577628e-05
6.987500000000348336e+03 1.931178667291533202e-05
6.988400000000348882e+03 1.910486389533616602e-05
6.989300000000348518e+03 1.896373396448325366e-05
6.990200000000348155e+03 1.907192927319556475e-05
6.991100000000348700e+03 1.933495877892710268e-05
6.992000000000349246e+03 1.951520971488207579e-05
6.992900000000348882e+03 1.949556826730258763e-05
6.993800000000348518e+03 1.933964631462004036e-05
6.994700000000349064e+03 1.926005643326789141e-05
6.995600000000349610e+03 1.933621751959435642e-05
6.996500000000349246e+03 1.943722600117325783e-05
6.997400000000348882e+03 1.942316339409444481e-05
6.998300000000349428e+03 1.914149470394477248e-05
6.999200000000349974e+03 1.868370054580736905e-05
7.000100000000349610e+03 1.850306216510944068e-05
7.001000000000349246e+03 1.879040064522996545e-05
7.001900000000349792e+03 1.918428279168438166e-05
7.002800000000350337e+03 1.920139948197174817e-05
7.003700000000349974e+03 1.888388942461460829e-05
7.004600000000349610e+03 1.862250610429327935e-05
7.005500000000350155e+03 1.855915252235718071e-05
7.006400000000350701e+03 1.863406032498460263e-05
7.007300000000350337e+03 1.881495518318843096e-05
7.008200000000349974e+03 1.906907164084259421e-05
7.009100000000350519e+03 1.923446870932821184e-05
7.010000000000351065e+03 1.916338624141644686e-05
7.010900000000350701e+03 1.899684684758540243e-05
7.011800000000350337e+03 1.898378650366794318e-05
7.012700000000350883e+03 1.912518564495258033e-05
7.013600000000351429e+03 1.913744745252188295e-05
7.014500000000351065e+03 1.874327790574170649e-05
7.015400000000350701e+03 1.800352765712887049e-05
7.016300000000351247e+03 1.756599522195756435e-05
7.017200000000351793e+03 1.796062133507803082e-05
7.018100000000351429e+03 1.876684837043285370e-05
7.019000000000351065e+03 1.933689054567366838e-05
7.019900000000351611e+03 1.957139829755760729e-05
7.020800000000352156e+03 1.958892789843957871e-05
7.021700000000351793e+03 1.931129008880816400e-05
7.022600000000351429e+03 1.874548615887761116e-05
7.023500000000351974e+03 1.823634011088870466e-05
7.024400000000352520e+03 1.816751500882674009e-05
7.025300000000352156e+03 1.850354055932257324e-05
7.026200000000351793e+03 1.886324935185257345e-05
7.027100000000352338e+03 1.905250246636569500e-05
7.028000000000352884e+03 1.915156099130399525e-05
7.028900000000352520e+03 1.924535172292962670e-05
7.029800000000352156e+03 1.932037412188947201e-05
7.030700000000352702e+03 1.930779399117454886e-05
7.031600000000353248e+03 1.919618807733058929e-05
7.032500000000352884e+03 1.910061655507888645e-05
7.033400000000352520e+03 1.908147714857477695e-05
7.034300000000353066e+03 1.912769039336126298e-05
7.035200000000353612e+03 1.930262806126847863e-05
7.036100000000353248e+03 1.938224704645108432e-05
7.037000000000352884e+03 1.899922244774643332e-05
7.037900000000353430e+03 1.841265475377440453e-05
7.038800000000353975e+03 1.841382618295028806e-05
7.039700000000353612e+03 1.915137727337423712e-05
7.040600000000353248e+03 1.995257844100706279e-05
7.041500000000353793e+03 2.035639590758364648e-05
7.042400000000354339e+03 2.039026003330945969e-05
7.043300000000353975e+03 2.012699951592367142e-05
7.044200000000353612e+03 1.969923505384940654e-05
7.045100000000354157e+03 1.947078635566867888e-05
7.046000000000354703e+03 1.963987233466468751e-05
7.046900000000354339e+03 1.998588595597539097e-05
7.047800000000353975e+03 2.026191759796347469e-05
7.048700000000354521e+03 2.035808211076073349e-05
7.049600000000355067e+03 2.025991307164076716e-05
7.050500000000354703e+03 1.999352389248088002e-05
7.051400000000354339e+03 1.945553594850935042e-05
7.052300000000354885e+03 1.869253173936158419e-05
7.053200000000355431e+03 1.811594302125740796e-05
7.054100000000355067e+03 1.794192030502017587e-05
7.055000000000354703e+03 1.811279253161046654e-05
7.055900000000355249e+03 1.848978354246355593e-05
7.056800000000355794e+03 1.881083517218939960e-05
7.057700000000355431e+03 1.883889672171790153e-05
7.058600000000355067e+03 1.847520434239413589e-05
7.059500000000355612e+03 1.794806848920416087e-05
7.060400000000356158e+03 1.773083567968569696e-05
7.061300000000355794e+03 1.792494549590628594e-05
7.062200000000355431e+03 1.818124110286589712e-05
7.063100000000355976e+03 1.839575998019427061e-05
7.064000000000356522e+03 1.862373210315126926e-05
7.064900000000356158e+03 1.869078187155537307e-05
7.065800000000355794e+03 1.845800397859420627e-05
7.066700000000356340e+03 1.799265373847447336e-05
7.067600000000356886e+03 1.750735827954486012e-05
7.068500000000356522e+03 1.739233630360104144e-05
7.069400000000356158e+03 1.784514097380451858e-05
7.070300000000356704e+03 1.846692430262919515e-05
7.071200000000357250e+03 1.877486465673428029e-05
7.072100000000356886e+03 1.878971124824602157e-05
7.073000000000356522e+03 1.878620423667598516e-05
7.073900000000357068e+03 1.881567550299223512e-05
7.074800000000357613e+03 1.879581031971611083e-05
7.075700000000357250e+03 1.874285590020008385e-05
7.076600000000356886e+03 1.874455847428180277e-05
7.077500000000357431e+03 1.882494871097151190e-05
7.078400000000357977e+03 1.891008651000447571e-05
7.079300000000357613e+03 1.899900053103920072e-05
7.080200000000357250e+03 1.912076368171256036e-05
7.081100000000357795e+03 1.909934871946461499e-05
7.082000000000358341e+03 1.874424924608319998e-05
7.082900000000357977e+03 1.805475221772212535e-05
7.083800000000357613e+03 1.729240102577023208e-05
7.084700000000358159e+03 1.698224696156103164e-05
7.085600000000358705e+03 1.724474350339733064e-05
7.086500000000358341e+03 1.747239002725109458e-05
7.087400000000357977e+03 1.739734943839721382e-05
7.088300000000358523e+03 1.727770359138958156e-05
7.089200000000359069e+03 1.719159808999393135e-05
7.090100000000358705e+03 1.713091842248104513e-05
7.091000000000358341e+03 1.719978354230988771e-05
7.091900000000358887e+03 1.726421214698348194e-05
7.092800000000359432e+03 1.724037974781822413e-05
7.093700000000359069e+03 1.726129630696959794e-05
7.094600000000358705e+03 1.728426832414697856e-05
7.095500000000359250e+03 1.727375638438388705e-05
7.096400000000359796e+03 1.730866097204852849e-05
7.097300000000359432e+03 1.742855783959385008e-05
7.098200000000359069e+03 1.768582114891614765e-05
7.099100000000359614e+03 1.796707874746061862e-05
7.100000000000360160e+03 1.801040525606367737e-05
7.100900000000359796e+03 1.785113090591039509e-05
7.101800000000359432e+03 1.764311673468910158e-05
7.102700000000359978e+03 1.759816223056986928e-05
7.103600000000360524e+03 1.780519232852384448e-05
7.104500000000360160e+03 1.808080378395970911e-05
7.105400000000359796e+03 1.811628499126527458e-05
7.106300000000360342e+03 1.788160989235620946e-05
7.107200000000360887e+03 1.769493428582791239e-05
7.108100000000360524e+03 1.773475378286093473e-05
7.109000000000360160e+03 1.777034776750952005e-05
7.109900000000360706e+03 1.757593236106913537e-05
7.110800000000361251e+03 1.730451367620844394e-05
7.111700000000360887e+03 1.725989932310767472e-05
7.112600000000360524e+03 1.748331487760879099e-05
7.113500000000361069e+03 1.773663825588300824e-05
7.114400000000361615e+03 1.786534812708850950e-05
7.115300000000361251e+03 1.794834497559349984e-05
7.116200000000360887e+03 1.801466714823618531e-05
7.117100000000361433e+03 1.797716868168208748e-05
7.118000000000361979e+03 1.788307417882606387e-05
7.118900000000361615e+03 1.781920218490995467e-05
7.119800000000361251e+03 1.780140701157506555e-05
7.120700000000361797e+03 1.772444920788984746e-05
7.121600000000362343e+03 1.753844662744086236e-05
7.122500000000361979e+03 1.750948285916820168e-05
7.123400000000361615e+03 1.768107722455170006e-05
7.124300000000362161e+03 1.764239095791708678e-05
7.125200000000362706e+03 1.730995063553564250e-05
7.126100000000362343e+03 1.705911745375487953e-05
7.127000000000361979e+03 1.712083758320659399e-05
7.127900000000362525e+03 1.730218718876130879e-05
7.128800000000363070e+03 1.724770118016749620e-05
7.129700000000362706e+03 1.685254574113059789e-05
7.130600000000362343e+03 1.651534148550126702e-05
7.131500000000362888e+03 1.658713699725922197e-05
7.132400000000363434e+03 1.693909689493011683e-05
7.133300000000363070e+03 1.731817974359728396e-05
7.134200000000362706e+03 1.756376514094881713e-05
7.135100000000363252e+03 1.760504528647288680e-05
7.136000000000363798e+03 1.764882836141623557e-05
7.136900000000363434e+03 1.778007936081849039e-05
7.137800000000363070e+03 1.772013274603523314e-05
7.138700000000363616e+03 1.744768633216153830e-05
7.139600000000364162e+03 1.736100603011436760e-05
7.140500000000363798e+03 1.759046972438227385e-05
7.141400000000363434e+03 1.776581120793707669e-05
7.142300000000363980e+03 1.770947528711985797e-05
7.143200000000364525e+03 1.763195359671954066e-05
7.144100000000364162e+03 1.762164174579083920e-05
7.145000000000363798e+03 1.763931322784628719e-05
7.145900000000364344e+03 1.759624137775972486e-05
7.146800000000364889e+03 1.723898458294570446e-05
7.147700000000364525e+03 1.671318022999912500e-05
7.148600000000364162e+03 1.660684029047843069e-05
7.149500000000364707e+03 1.696278377494309098e-05
7.150400000000365253e+03 1.733506724121980369e-05
7.151300000000364889e+03 1.764002627169247717e-05
7.152200000000364525e+03 1.797751428966876119e-05
7.153100000000365071e+03 1.815005998651031405e-05
7.154000000000365617e+03 1.797350341803394258e-05
7.154900000000365253e+03 1.768863148754462600e-05
7.155800000000364889e+03 1.776239514583721757e-05
7.156700000000365435e+03 1.810794128687120974e-05
7.157600000000365981e+03 1.819053977669682354e-05
7.158500000000365617e+03 1.793330193322617561e-05
7.159400000000365253e+03 1.766136119840666652e-05
7.160300000000365799e+03 1.761053317750338465e-05
7.161200000000366344e+03 1.781106220732908696e-05
7.162100000000365981e+03 1.795004573068581522e-05
7.163000000000365617e+03 1.762610554578714073e-05
7.163900000000366163e+03 1.694352613412775099e-05
7.164800000000366708e+03 1.653249273658730090e-05
7.165700000000366344e+03 1.678755870671011508e-05
7.166600000000365981e+03 1.743222856021020561e-05
7.167500000000366526e+03 1.798129414964932948e-05
7.168400000000367072e+03 1.817977317841723561e-05
7.169300000000366708e+03 1.809934838092885911e-05
7.170200000000366344e+03 1.805784813768696040e-05
7.171100000000366890e+03 1.821196383389178663e-05
7.172000000000367436e+03 1.841553421400021762e-05
7.172900000000367072e+03 1.849371983553282917e-05
7.173800000000366708e+03 1.839734977693296969e-05
7.174700000000367254e+03 1.809947752917651087e-05
7.175600000000367800e+03 1.774857628333847970e-05
7.176500000000367436e+03 1.771043753251433372e-05
7.177400000000367072e+03 1.804845487640704960e-05
7.178300000000367618e+03 1.824980245146434754e-05
7.179200000000368163e+03 1.793040974007453769e-05
7.180100000000367800e+03 1.731576048769056797e-05
7.181000000000367436e+03 1.699292988632805645e-05
7.181900000000367982e+03 1.732745295157656074e-05
7.182800000000368527e+03 1.797426193661522120e-05
7.183700000000368163e+03 1.831155532272532582e-05
7.184600000000367800e+03 1.823867751227226108e-05
7.185500000000368345e+03 1.791435170162003487e-05
7.186400000000368891e+03 1.735388650558888912e-05
7.187300000000368527e+03 1.682825859461445361e-05
7.188200000000368163e+03 1.672941289143636823e-05
7.189100000000368709e+03 1.698146115813869983e-05
7.190000000000369255e+03 1.737371167109813541e-05
7.190900000000368891e+03 1.767133289831690490e-05
7.191800000000368527e+03 1.761987732606939971e-05
7.192700000000369073e+03 1.738743776513729244e-05
7.193600000000369619e+03 1.738835817377548665e-05
7.194500000000369255e+03 1.767605317581910640e-05
7.195400000000368891e+03 1.784405503713060170e-05
7.196300000000369437e+03 1.766966852301266044e-05
7.197200000000369982e+03 1.751902709656860679e-05
7.198100000000369619e+03 1.767839967214968055e-05
7.199000000000369255e+03 1.791079193935729563e-05
7.199900000000369801e+03 1.792502553144004196e-05
7.200800000000370346e+03 1.772718496795278043e-05
7.201700000000369982e+03 1.756666097207926214e-05
7.202600000000369619e+03 1.771736970113124698e-05
7.203500000000370164e+03 1.807767876016441733e-05
7.204400000000370710e+03 1.828975655371323228e-05
7.205300000000370346e+03 1.802259612304624170e-05
7.206200000000369982e+03 1.726949631120078266e-05
7.207100000000370528e+03 1.658551627770066261e-05
7.208000000000371074e+03 1.651895581744611263e-05
7.208900000000370710e+03 1.693350714049302042e-05
7.209800000000370346e+03 1.755016091919969767e-05
7.210700000000370892e+03 1.808886736398562789e-05
7.211600000000371438e+03 1.820369470806326717e-05
7.212500000000371074e+03 1.796201649995055050e-05
7.213400000000370710e+03 1.770949347701389343e-05
7.214300000000371256e+03 1.759624865371733904e-05
7.215200000000371801e+03 1.759917540766764432e-05
7.216100000000371438e+03 1.776584031176753342e-05
7.217000000000371074e+03 1.811604306567460299e-05
7.217900000000371620e+03 1.837805757531896234e-05
7.218800000000372165e+03 1.832628367992583662e-05
7.219700000000371801e+03 1.809983950806781650e-05
7.220600000000371438e+03 1.794340460037346929e-05
7.221500000000371983e+03 1.790747774066403508e-05
7.222400000000372529e+03 1.787053406587801874e-05
7.223300000000372165e+03 1.788580811989959329e-05
7.224200000000371801e+03 1.810952562664169818e-05
7.225100000000372347e+03 1.839064861997030675e-05
7.226000000000372893e+03 1.852369678090326488e-05
7.226900000000372529e+03 1.850464286690112203e-05
7.227800000000372165e+03 1.831643749028444290e-05
7.228700000000372711e+03 1.814394090615678579e-05
7.229600000000373257e+03 1.823800812417175621e-05
7.230500000000372893e+03 1.852004970714915544e-05
7.231400000000372529e+03 1.875621637736912817e-05
7.232300000000373075e+03 1.887641701614484191e-05
7.233200000000373620e+03 1.895518107630778104e-05
7.234100000000373257e+03 1.894260458357166499e-05
7.235000000000372893e+03 1.875118505267892033e-05
7.235900000000373439e+03 1.852898640208877623e-05
7.236800000000373984e+03 1.845650695031508803e-05
7.237700000000373620e+03 1.847369458118919283e-05
7.238600000000373257e+03 1.843487007135991007e-05
7.239500000000373802e+03 1.837445597629994154e-05
7.240400000000374348e+03 1.849710679380223155e-05
7.241300000000373984e+03 1.875299494713544846e-05
7.242200000000373620e+03 1.884539778984617442e-05
7.243100000000374166e+03 1.861376404121983796e-05
7.244000000000374712e+03 1.821421392378397286e-05
7.244900000000374348e+03 1.800234531401656568e-05
7.245800000000373984e+03 1.819296448957175016e-05
7.246700000000374530e+03 1.862365388660691679e-05
7.247600000000375076e+03 1.897448964882642031e-05
7.248500000000374712e+03 1.902734766190405935e-05
7.249400000000374348e+03 1.876214628282468766e-05
7.250300000000374894e+03 1.833664282457903028e-05
7.251200000000375439e+03 1.802690712793264538e-05
7.252100000000375076e+03 1.804118983272928745e-05
7.253000000000374712e+03 1.826978041208349168e-05
7.253900000000375258e+03 1.846493432822171599e-05
7.254800000000375803e+03 1.858222640294115990e-05
7.255700000000375439e+03 1.875639463833067566e-05
7.256600000000375076e+03 1.897806941997259855e-05
7.257500000000375621e+03 1.969750883290544152e-05
7.258400000000376167e+03 1.897665788419544697e-05
7.259300000000375803e+03 1.869071820692624897e-05
7.260200000000375439e+03 1.815328869270160794e-05
7.261100000000375985e+03 1.767047615430783480e-05
7.262000000000376531e+03 1.780476122803520411e-05
7.262900000000376167e+03 1.837035597418434918e-05
7.263800000000375803e+03 1.877697650343179703e-05
7.264700000000376349e+03 1.892657201096881181e-05
7.265600000000376895e+03 1.899632661661598831e-05
7.266500000000376531e+03 1.910297396534588188e-05
7.267400000000376167e+03 1.916974179039243609e-05
7.268300000000376713e+03 1.909879028971772641e-05
7.269200000000377258e+03 1.895032619358971715e-05
7.270100000000376895e+03 1.877310023701284081e-05
7.271000000000376531e+03 1.863404577306937426e-05
7.271900000000377077e+03 1.861873352027032524e-05
7.272800000000377622e+03 1.870420055638533086e-05
7.273700000000377258e+03 1.884787343442440033e-05
7.274600000000376895e+03 1.900774805108085275e-05
7.275500000000377440e+03 1.913451160362455994e-05
7.276400000000377986e+03 1.912849438667763025e-05
7.277300000000377622e+03 1.893598164315335453e-05
7.278200000000377258e+03 1.873653673101216555e-05
7.279100000000377804e+03 1.868064464360941201e-05
7.280000000000378350e+03 1.865017839008942246e-05
7.280900000000377986e+03 1.844759572122711688e-05
7.281800000000377622e+03 1.811042056942824274e-05
7.282700000000378168e+03 1.786732173059135675e-05
7.283600000000378714e+03 1.781774699338711798e-05
7.284500000000378350e+03 1.799179153749719262e-05
7.285400000000377986e+03 1.837445597629994154e-05
7.286300000000378532e+03 1.866758429969195276e-05
7.287200000000379077e+03 1.855363370850682259e-05
7.288100000000378714e+03 1.815294308471493423e-05
7.289000000000378350e+03 1.842587516875937581e-05
7.289900000000378895e+03 1.777814941306132823e-05
7.290800000000379441e+03 1.760979284881614149e-05
7.291700000000379077e+03 1.749294824548996985e-05
7.292600000000378714e+03 1.763800355547573417e-05
7.293500000000379259e+03 1.805270585464313626e-05
7.294400000000379805e+03 1.858606810856144875e-05
7.295300000000379441e+03 1.906486249936278909e-05
7.296200000000379077e+03 1.932768100232351571e-05
7.297100000000379623e+03 1.922067713167052716e-05
7.298000000000380169e+03 1.890663043013773859e-05
7.298900000000379805e+03 1.869183142844121903e-05
7.299800000000379441e+03 1.870012783911079168e-05
7.300700000000379987e+03 1.885826713987626135e-05
7.301600000000380533e+03 1.897649963211733848e-05
7.302500000000380169e+03 1.899448761832900345e-05
7.303400000000379805e+03 1.907364639919251204e-05
7.304300000000380351e+03 1.921743569255340844e-05
7.305200000000380896e+03 1.919469104905147105e-05
7.306100000000380533e+03 1.896040521387476474e-05
7.307000000000380169e+03 1.869980769697576761e-05
7.307900000000380714e+03 1.864901787484996021e-05
7.308800000000381260e+03 1.885035635496024042e-05
7.309700000000380896e+03 1.893652006401680410e-05
7.310600000000380533e+03 1.872949360404163599e-05
7.311500000000381078e+03 1.863446595962159336e-05
7.312400000000381624e+03 1.885600613604765385e-05
7.313300000000381260e+03 1.917292320285923779e-05
7.314200000000380896e+03 1.933128987730015069e-05
7.315100000000381442e+03 1.923013041960075498e-05
7.316000000000381988e+03 1.902555959532037377e-05
7.316900000000381624e+03 1.891914325824473053e-05
7.317800000000381260e+03 1.893758235382847488e-05
7.318700000000381806e+03 1.906826946651563048e-05
7.319600000000382352e+03 1.919267924677114934e-05
7.320500000000381988e+03 1.922398587339557707e-05
7.321400000000381624e+03 1.924771822814363986e-05
7.322300000000382170e+03 1.919313035614322871e-05
7.323200000000382715e+03 1.896608046081382781e-05
7.324100000000382352e+03 1.864515979832503945e-05
7.325000000000381988e+03 1.829142092901747674e-05
7.325900000000382533e+03 1.814555616874713451e-05
7.326800000000383079e+03 1.849940417741890997e-05
7.327700000000382715e+03 1.902155054267495871e-05
7.328600000000382352e+03 1.921164039231371135e-05
7.329500000000382897e+03 1.911265644594095647e-05
7.330400000000383443e+03 1.902853364299517125e-05
7.331300000000383079e+03 1.905232056742534041e-05
7.332200000000382715e+03 1.908529156935401261e-05
7.333100000000383261e+03 1.909366073959972709e-05
7.334000000000383807e+03 1.915456414280924946e-05
7.334900000000383443e+03 1.933178282342851162e-05
7.335800000000383079e+03 1.957951644726563245e-05
7.336700000000383625e+03 1.974428232642821968e-05
7.337600000000384171e+03 1.974499173229560256e-05
7.338500000000383807e+03 1.970967059605754912e-05
7.339400000000383443e+03 1.977011197595857084e-05
7.340300000000383989e+03 1.990467535506468266e-05
7.341200000000384534e+03 1.994554258999414742e-05
7.342100000000384171e+03 1.971218262042384595e-05
7.343000000000383807e+03 1.921841612784191966e-05
7.343900000000384352e+03 1.879442243080120534e-05
7.344800000000384898e+03 1.881916796264704317e-05
7.345700000000384534e+03 1.918112502607982606e-05
7.346600000000384171e+03 1.952843376784585416e-05
7.347500000000384716e+03 1.972088830370921642e-05
7.348400000000385262e+03 1.969763252418488264e-05
7.349300000000384898e+03 1.940245056175626814e-05
7.350200000000384534e+03 1.902392068586777896e-05
7.351100000000385080e+03 1.889204577310010791e-05
7.352000000000385626e+03 1.902196891023777425e-05
7.352900000000385262e+03 1.909053207782562822e-05
7.353800000000384898e+03 1.885709752968978137e-05
7.354700000000385444e+03 1.838446405599825084e-05
7.355600000000385990e+03 1.801228609110694379e-05
7.356500000000385626e+03 1.811858965083956718e-05
7.357400000000385262e+03 1.867066566774155945e-05
7.358300000000385808e+03 1.929322752403095365e-05
7.359200000000386353e+03 1.958739812835119665e-05
7.360100000000385990e+03 1.938421337399631739e-05
7.361000000000385626e+03 1.887534563138615340e-05
7.361900000000386171e+03 1.843513200583402067e-05
7.362800000000386717e+03 1.835786497395019978e-05
7.363700000000386353e+03 1.859563599282409996e-05
7.364600000000385990e+03 1.893930675578303635e-05
7.365500000000386535e+03 1.918475754791870713e-05
7.366400000000387081e+03 1.933255225594621152e-05
7.367300000000386717e+03 1.947826058312784880e-05
7.368200000000386353e+03 1.953972059709485620e-05
7.369100000000386899e+03 1.955551488208584487e-05
7.370000000000387445e+03 1.971001438505481929e-05
7.370900000000387081e+03 1.988707481359597296e-05
7.371800000000386717e+03 1.987852374440990388e-05
7.372700000000387263e+03 1.972366590052843094e-05
7.373600000000387809e+03 1.955708648893050849e-05
7.374500000000387445e+03 1.940581751114223152e-05
7.375400000000387081e+03 1.931050974235404283e-05
7.376300000000387627e+03 1.939153116836678237e-05
7.377200000000388172e+03 1.963944123417604715e-05
7.378100000000387809e+03 1.988380245165899396e-05
7.379000000000387445e+03 1.992432589759118855e-05
7.379900000000387990e+03 1.970425910258200020e-05
7.380800000000388536e+03 1.933441672008484602e-05
7.381700000000388172e+03 1.902784788399003446e-05
7.382600000000387809e+03 1.891492502181790769e-05
7.383500000000388354e+03 1.883526056190021336e-05
7.384400000000388900e+03 1.858096220530569553e-05
7.385300000000388536e+03 1.825456274673342705e-05
7.386200000000388172e+03 1.807140688470099121e-05
7.387100000000388718e+03 1.802051338017918169e-05
7.388000000000389264e+03 1.791667273209895939e-05
7.388900000000388900e+03 1.779933700163383037e-05
7.389800000000388536e+03 1.805565807444509119e-05
7.390700000000389082e+03 1.847429302870295942e-05
7.391600000000389628e+03 1.867124046839307994e-05
7.392500000000389264e+03 1.860143129306379706e-05
7.393400000000388900e+03 1.859500844147987664e-05
7.394300000000389446e+03 1.882888864201959223e-05
7.395200000000389991e+03 1.907194746308960021e-05
7.396100000000389628e+03 1.913677988341078162e-05
7.397000000000389264e+03 1.907125442812684923e-05
7.397900000000389809e+03 1.892549698823131621e-05
7.398800000000390355e+03 1.868836989160627127e-05
7.399700000000389991e+03 1.847469502536114305e-05
7.400600000000389628e+03 1.850615626608487219e-05
7.401500000000390173e+03 1.885036363091785461e-05
7.402400000000390719e+03 1.930870712385512888e-05
7.403300000000390355e+03 1.963334398169536144e-05
7.404200000000389991e+03 1.967067692021373659e-05
7.405100000000390537e+03 1.949955367308575660e-05
7.406000000000391083e+03 1.935788168339058757e-05
7.406900000000390719e+03 1.929008794832043350e-05
7.407800000000390355e+03 1.910840910568367690e-05
7.408700000000390901e+03 1.882877768366597593e-05
7.409600000000391447e+03 1.868441904662176967e-05
