3.540500000000000000e+03 8.766231476329267025e-04
3.541400000000000091e+03 8.767043473199009895e-04
3.542300000000000182e+03 8.775535970926284790e-04
3.543200000000000273e+03 8.788013947196304798e-04
3.544100000000000364e+03 8.788912091404199600e-04
3.545000000000000455e+03 8.802604861557483673e-04
3.545900000000000546e+03 8.843113319016993046e-04
3.546800000000000637e+03 8.879060624167323112e-04
3.547700000000000728e+03 8.909114403650164604e-04
3.548600000000000819e+03 8.948181639425456524e-04
3.549500000000000909e+03 8.991595241241157055e-04
3.550400000000001000e+03 9.018154814839363098e-04
3.551300000000001091e+03 9.014357929117977619e-04
3.552200000000001182e+03 9.001831640489399433e-04
3.553100000000001273e+03 8.981607970781624317e-04
3.554000000000001364e+03 8.972686482593417168e-04
3.554900000000001455e+03 8.980632410384714603e-04
3.555800000000001546e+03 8.988407789729535580e-04
3.556700000000001637e+03 8.973377989605069160e-04
3.557600000000001728e+03 8.963633445091545582e-04
3.558500000000001819e+03 8.971486822701990604e-04
3.559400000000001910e+03 8.985567255876958370e-04
3.560300000000002001e+03 8.976482786238193512e-04
3.561200000000002092e+03 8.957406971603631973e-04
3.562100000000002183e+03 8.957057725638151169e-04
3.563000000000002274e+03 8.927944581955671310e-04
3.563900000000002365e+03 8.838823414407670498e-04
3.564800000000002456e+03 8.732574642635881901e-04
3.565700000000002547e+03 8.696452132426202297e-04
3.566600000000002638e+03 8.744108490645885468e-04
3.567500000000002728e+03 8.780154166743159294e-04
3.568400000000002819e+03 8.742096833884716034e-04
3.569300000000002910e+03 8.671795367263257504e-04
3.570200000000003001e+03 8.660524617880582809e-04
3.571100000000003092e+03 8.681633044034242630e-04
3.572000000000003183e+03 8.711582049727439880e-04
3.572900000000003274e+03 8.718014578334987164e-04
3.573800000000003365e+03 8.712656563147902489e-04
3.574700000000003456e+03 8.697326411493122578e-04
3.575600000000003547e+03 8.654984412714838982e-04
3.576500000000003638e+03 8.620180888101458549e-04
3.577400000000003729e+03 8.635237463749945164e-04
3.578300000000003820e+03 8.665443747304379940e-04
3.579200000000003911e+03 8.654374396428465843e-04
3.580100000000004002e+03 8.587508928030729294e-04
3.581000000000004093e+03 8.519687107764184475e-04
3.581900000000004184e+03 8.539074333384633064e-04
3.582800000000004275e+03 8.577459957450628281e-04
3.583700000000004366e+03 8.494295179843902588e-04
3.584600000000004457e+03 8.331233402714133263e-04
3.585500000000004547e+03 8.258698508143424988e-04
3.586400000000004638e+03 8.326763636432588100e-04
3.587300000000004729e+03 8.448113803751766682e-04
3.588200000000004820e+03 8.531206985935568810e-04
3.589100000000004911e+03 8.592218509875237942e-04
3.590000000000005002e+03 8.682768093422055244e-04
3.590900000000005093e+03 8.761496283113956451e-04
3.591800000000005184e+03 8.754962473176419735e-04
3.592700000000005275e+03 8.697998127900063992e-04
3.593600000000005366e+03 8.659423328936100006e-04
3.594500000000005457e+03 8.663334301672875881e-04
3.595400000000005548e+03 8.706017979420721531e-04
3.596300000000005639e+03 8.755049202591180801e-04
3.597200000000005730e+03 8.780033676885068417e-04
3.598100000000005821e+03 8.784466772340238094e-04
3.599000000000005912e+03 8.775681490078568459e-04
3.599900000000006003e+03 8.755432208999991417e-04
3.600800000000006094e+03 8.678775629960000515e-04
3.601700000000006185e+03 8.552176877856254578e-04
3.602600000000006276e+03 8.407093700952827930e-04
3.603500000000006366e+03 8.314598817378282547e-04
3.604400000000006457e+03 8.326885872520506382e-04
3.605300000000006548e+03 8.380997460335493088e-04
3.606200000000006639e+03 8.415138581767678261e-04
3.607100000000006730e+03 8.403576212003827095e-04
3.608000000000006821e+03 8.353639859706163406e-04
3.608900000000006912e+03 8.295777952298521996e-04
3.609800000000007003e+03 8.280920446850359440e-04
3.610700000000007094e+03 8.307367679663002491e-04
3.611600000000007185e+03 8.305937517434358597e-04
3.612500000000007276e+03 8.275561267510056496e-04
3.613400000000007367e+03 8.304905495606362820e-04
3.614300000000007458e+03 8.412881870754063129e-04
3.615200000000007549e+03 8.486308506689965725e-04
3.616100000000007640e+03 8.451904868707060814e-04
3.617000000000007731e+03 8.348584524355828762e-04
3.617900000000007822e+03 8.208983927033841610e-04
3.618800000000007913e+03 8.118417463265359402e-04
3.619700000000008004e+03 8.148027700372040272e-04
3.620600000000008095e+03 8.219046867452561855e-04
3.621500000000008185e+03 8.315978921018540859e-04
3.622400000000008276e+03 8.412253228016197681e-04
3.623300000000008367e+03 8.416753262281417847e-04
3.624200000000008458e+03 8.385187829844653606e-04
3.625100000000008549e+03 8.454780327156186104e-04
3.626000000000008640e+03 8.573426748625934124e-04
3.626900000000008731e+03 8.618462015874683857e-04
3.627800000000008822e+03 8.606782648712396622e-04
3.628700000000008913e+03 8.572071674279868603e-04
3.629600000000009004e+03 8.431146270595490932e-04
3.630500000000009095e+03 8.187993662431836128e-04
3.631400000000009186e+03 8.056162623688578606e-04
3.632300000000009277e+03 8.140732534229755402e-04
3.633200000000009368e+03 8.290074765682220459e-04
3.634100000000009459e+03 8.363217930309474468e-04
3.635000000000009550e+03 8.394817123189568520e-04
3.635900000000009641e+03 8.425664855167269707e-04
3.636800000000009732e+03 8.444031700491905212e-04
3.637700000000009823e+03 8.474802598357200623e-04
3.638600000000009913e+03 8.515698718838393688e-04
3.639500000000010004e+03 8.507400052621960640e-04
3.640400000000010095e+03 8.459870587103068829e-04
3.641300000000010186e+03 8.400707156397402287e-04
3.642200000000010277e+03 8.351732976734638214e-04
3.643100000000010368e+03 8.333379519172012806e-04
3.644000000000010459e+03 8.308746619150042534e-04
3.644900000000010550e+03 8.279501926153898239e-04
3.645800000000010641e+03 8.275794680230319500e-04
3.646700000000010732e+03 8.261661278083920479e-04
3.647600000000010823e+03 8.229076047427952290e-04
3.648500000000010914e+03 8.219296578317880630e-04
3.649400000000011005e+03 8.219977607950568199e-04
3.650300000000011096e+03 8.221881580539047718e-04
3.651200000000011187e+03 8.256290457211434841e-04
3.652100000000011278e+03 8.341119973920285702e-04
3.653000000000011369e+03 8.415841148234903812e-04
3.653900000000011460e+03 8.419872028753161430e-04
3.654800000000011551e+03 8.388183196075260639e-04
3.655700000000011642e+03 8.408462745137512684e-04
3.656600000000011732e+03 8.463787380605936050e-04
3.657500000000011823e+03 8.495055371895432472e-04
3.658400000000011914e+03 8.494516368955373764e-04
3.659300000000012005e+03 8.469980093650519848e-04
3.660200000000012096e+03 8.442219113931059837e-04
3.661100000000012187e+03 8.417462231591343880e-04
3.662000000000012278e+03 8.367081172764301300e-04
3.662900000000012369e+03 8.314803126268088818e-04
3.663800000000012460e+03 8.282541530206799507e-04
3.664700000000012551e+03 8.288737735711038113e-04
3.665600000000012642e+03 8.345851674675941467e-04
3.666500000000012733e+03 8.394428296014666557e-04
3.667400000000012824e+03 8.390895090997219086e-04
3.668300000000012915e+03 8.341422071680426598e-04
3.669200000000013006e+03 8.271596743725240231e-04
3.670100000000013097e+03 8.252366678789258003e-04
3.671000000000013188e+03 8.331042481586337090e-04
3.671900000000013279e+03 8.419688092544674873e-04
3.672800000000013370e+03 8.442999096587300301e-04
3.673700000000013461e+03 8.437620708718895912e-04
3.674600000000013551e+03 8.434227202087640762e-04
3.675500000000013642e+03 8.388177957385778427e-04
3.676400000000013733e+03 8.246748475357890129e-04
3.677300000000013824e+03 8.082400308921933174e-04
3.678200000000013915e+03 8.044114219956099987e-04
3.679100000000014006e+03 8.112890063785016537e-04
3.680000000000014097e+03 8.186068735085427761e-04
3.680900000000014188e+03 8.223098120652139187e-04
3.681800000000014279e+03 8.207100909203290939e-04
3.682700000000014370e+03 8.182293968275189400e-04
3.683600000000014461e+03 8.145231986418366432e-04
3.684500000000014552e+03 8.035940700210630894e-04
3.685400000000014643e+03 7.920280913822352886e-04
3.686300000000014734e+03 7.908804691396653652e-04
3.687200000000014825e+03 8.025265997275710106e-04
3.688100000000014916e+03 8.216763380914926529e-04
3.689000000000015007e+03 8.354393066838383675e-04
3.689900000000015098e+03 8.328843396157026291e-04
3.690800000000015189e+03 8.225412457250058651e-04
3.691700000000015280e+03 8.248141966760158539e-04
3.692600000000015370e+03 8.379335631616413593e-04
3.693500000000015461e+03 8.489097235724329948e-04
3.694400000000015552e+03 8.452531765215098858e-04
3.695300000000015643e+03 8.231168612837791443e-04
3.696200000000015734e+03 7.945062825456261635e-04
3.697100000000015825e+03 7.887660758569836617e-04
3.698000000000015916e+03 8.200941374525427818e-04
3.698900000000016007e+03 8.659550803713500500e-04
3.699800000000016098e+03 8.918792009353637695e-04
3.700700000000016189e+03 8.846375276334583759e-04
3.701600000000016280e+03 8.486300357617437840e-04
3.702500000000016371e+03 7.977754576131701469e-04
3.703400000000016462e+03 7.575490744784474373e-04
3.704300000000016553e+03 7.555779302492737770e-04
3.705200000000016644e+03 7.920985808596014977e-04
3.706100000000016735e+03 8.419380756095051765e-04
3.707000000000016826e+03 8.820939692668616772e-04
3.707900000000016917e+03 8.947702590376138687e-04
3.708800000000017008e+03 8.701157639734447002e-04
3.709700000000017099e+03 8.173785172402858734e-04
3.710600000000017189e+03 7.556584314443171024e-04
3.711500000000017280e+03 7.160851964727044106e-04
3.712400000000017371e+03 7.306246552616357803e-04
3.713300000000017462e+03 7.971185841597616673e-04
3.714200000000017553e+03 8.754815207794308662e-04
3.715100000000017644e+03 9.359688847325742245e-04
3.716000000000017735e+03 9.746481082402169704e-04
3.716900000000017826e+03 9.860104182735085487e-04
3.717800000000017917e+03 9.587764507159590721e-04
3.718700000000018008e+03 8.932749624364078045e-04
3.719600000000018099e+03 8.015310158953070641e-04
3.720500000000018190e+03 7.097269408404827118e-04
3.721400000000018281e+03 6.544460193254053593e-04
3.722300000000018372e+03 6.651905714534223080e-04
3.723200000000018463e+03 7.382183684967458248e-04
3.724100000000018554e+03 8.373510208912193775e-04
3.725000000000018645e+03 9.312936454080045223e-04
3.725900000000018736e+03 9.999528992921113968e-04
3.726800000000018827e+03 1.035311608575284481e-03
3.727700000000018917e+03 1.048425096087157726e-03
3.728600000000019008e+03 1.047338126227259636e-03
3.729500000000019099e+03 1.019567716866731644e-03
3.730400000000019190e+03 9.607005049474537373e-04
3.731300000000019281e+03 8.765144157223403454e-04
3.732200000000019372e+03 7.753395475447177887e-04
3.733100000000019463e+03 6.752960034646093845e-04
3.734000000000019554e+03 6.175744347274303436e-04
3.734900000000019645e+03 6.333409692160785198e-04
3.735800000000019736e+03 7.080531213432550430e-04
3.736700000000019827e+03 8.082538261078298092e-04
3.737600000000019918e+03 9.161868365481495857e-04
3.738500000000020009e+03 1.016880734823644161e-03
3.739400000000020100e+03 1.095901709049940109e-03
3.740300000000020191e+03 1.146844821050763130e-03
3.741200000000020282e+03 1.167146721854805946e-03
3.742100000000020373e+03 1.164321554824709892e-03
3.743000000000020464e+03 1.145635731518268585e-03
3.743900000000020555e+03 1.113427919335663319e-03
3.744800000000020646e+03 1.062216586433351040e-03
3.745700000000020736e+03 9.896322153508663177e-04
3.746600000000020827e+03 9.039747528731822968e-04
3.747500000000020918e+03 8.011989993974566460e-04
3.748400000000021009e+03 6.884890026412904263e-04
3.749300000000021100e+03 6.037313723936676979e-04
3.750200000000021191e+03 5.898911040276288986e-04
3.751100000000021282e+03 6.537454901263117790e-04
3.752000000000021373e+03 7.592337788082659245e-04
3.752900000000021464e+03 8.691735565662384033e-04
3.753800000000021555e+03 9.717125794850289822e-04
3.754700000000021646e+03 1.061153016053140163e-03
3.755600000000021737e+03 1.131948549300432205e-03
3.756500000000021828e+03 1.174774370156228542e-03
3.757400000000021919e+03 1.191653776913881302e-03
3.758300000000022010e+03 1.203582040034234524e-03
3.759200000000022101e+03 1.221874612383544445e-03
3.760100000000022192e+03 1.238109543919563293e-03
3.761000000000022283e+03 1.240772311575710773e-03
3.761900000000022374e+03 1.231921603903174400e-03
3.762800000000022465e+03 1.212429720908403397e-03
3.763700000000022555e+03 1.177177880890667439e-03
3.764600000000022646e+03 1.135097933001816273e-03
3.765500000000022737e+03 1.081283204257488251e-03
3.766400000000022828e+03 1.000155112706124783e-03
3.767300000000022919e+03 8.988038753159344196e-04
3.768200000000023010e+03 7.943320088088512421e-04
3.769100000000023101e+03 6.919942679814994335e-04
3.770000000000023192e+03 6.181838107295334339e-04
3.770900000000023283e+03 6.170224514789879322e-04
3.771800000000023374e+03 6.931511452421545982e-04
3.772700000000023465e+03 8.042247500270605087e-04
3.773600000000023556e+03 9.106338256970047951e-04
3.774500000000023647e+03 1.004294841550290585e-03
3.775400000000023738e+03 1.091048470698297024e-03
3.776300000000023829e+03 1.169153256341814995e-03
3.777200000000023920e+03 1.233648741617798805e-03
3.778100000000024011e+03 1.288017956539988518e-03
3.779000000000024102e+03 1.340433955192565918e-03
3.779900000000024193e+03 1.387331984005868435e-03
3.780800000000024284e+03 1.416699844412505627e-03
3.781700000000024374e+03 1.428697840310633183e-03
3.782600000000024465e+03 1.434658770449459553e-03
3.783500000000024556e+03 1.443407381884753704e-03
3.784400000000024647e+03 1.448688795790076256e-03
3.785300000000024738e+03 1.436432823538780212e-03
3.786200000000024829e+03 1.408255891874432564e-03
3.787100000000024920e+03 1.376586151309311390e-03
3.788000000000025011e+03 1.345357508398592472e-03
3.788900000000025102e+03 1.311421743594110012e-03
3.789800000000025193e+03 1.271577319130301476e-03
3.790700000000025284e+03 1.224754378199577332e-03
3.791600000000025375e+03 1.167886424809694290e-03
3.792500000000025466e+03 1.095031155273318291e-03
3.793400000000025557e+03 1.005364931188523769e-03
3.794300000000025648e+03 9.038845892064273357e-04
3.795200000000025739e+03 7.967503624968230724e-04
3.796100000000025830e+03 6.889213691465556622e-04
3.797000000000025921e+03 5.990893696434795856e-04
3.797900000000026012e+03 5.677104345522820950e-04
3.798800000000026102e+03 6.189618143253028393e-04
3.799700000000026193e+03 7.273487863130867481e-04
3.800600000000026284e+03 8.468588930554687977e-04
3.801500000000026375e+03 9.563603671267628670e-04
3.802400000000026466e+03 1.056655310094356537e-03
3.803300000000026557e+03 1.147040398791432381e-03
3.804200000000026648e+03 1.222701626829802990e-03
3.805100000000026739e+03 1.281881704926490784e-03
3.806000000000026830e+03 1.326819998212158680e-03
3.806900000000026921e+03 1.366652431897819042e-03
3.807800000000027012e+03 1.408708398230373859e-03
3.808700000000027103e+03 1.452393596991896629e-03
3.809600000000027194e+03 1.489148940891027451e-03
3.810500000000027285e+03 1.512625953182578087e-03
3.811400000000027376e+03 1.522047212347388268e-03
3.812300000000027467e+03 1.516769523732364178e-03
3.813200000000027558e+03 1.505204243585467339e-03
3.814100000000027649e+03 1.501015969552099705e-03
3.815000000000027740e+03 1.506527769379317760e-03
3.815900000000027831e+03 1.518127508461475372e-03
3.816800000000027921e+03 1.523071900010108948e-03
3.817700000000028012e+03 1.506713218986988068e-03
3.818600000000028103e+03 1.468991627916693687e-03
3.819500000000028194e+03 1.435523154214024544e-03
3.820400000000028285e+03 1.435986952856183052e-03
3.821300000000028376e+03 1.461792620830237865e-03
3.822200000000028467e+03 1.478496706113219261e-03
3.823100000000028558e+03 1.463720574975013733e-03
3.824000000000028649e+03 1.423456124030053616e-03
3.824900000000028740e+03 1.378778950311243534e-03
3.825800000000028831e+03 1.341146999038755894e-03
3.826700000000028922e+03 1.303533674217760563e-03
3.827600000000029013e+03 1.255851471796631813e-03
3.828500000000029104e+03 1.199159654788672924e-03
3.829400000000029195e+03 1.134016201831400394e-03
3.830300000000029286e+03 1.056872075423598289e-03
3.831200000000029377e+03 9.633287554606795311e-04
3.832100000000029468e+03 8.567218901589512825e-04
3.833000000000029559e+03 7.438419270329177380e-04
3.833900000000029650e+03 6.358458776958286762e-04
3.834800000000029740e+03 5.662368494085967541e-04
3.835700000000029831e+03 5.707302480004727840e-04
3.836600000000029922e+03 6.430629291571676731e-04
3.837500000000030013e+03 7.436601445078849792e-04
3.838400000000030104e+03 8.458258234895765781e-04
3.839300000000030195e+03 9.427393088117241859e-04
3.840200000000030286e+03 1.032287138514220715e-03
3.841100000000030377e+03 1.116580329835414886e-03
3.842000000000030468e+03 1.192331314086914062e-03
3.842900000000030559e+03 1.251346548087894917e-03
3.843800000000030650e+03 1.295759575441479683e-03
3.844700000000030741e+03 1.338773523457348347e-03
3.845600000000030832e+03 1.384566770866513252e-03
3.846500000000030923e+03 1.426937174983322620e-03
3.847400000000031014e+03 1.458281767554581165e-03
3.848300000000031105e+03 1.476067816838622093e-03
3.849200000000031196e+03 1.487770001403987408e-03
3.850100000000031287e+03 1.508576679043471813e-03
3.851000000000031378e+03 1.540285651572048664e-03
3.851900000000031469e+03 1.558701856993138790e-03
3.852800000000031559e+03 1.551648834720253944e-03
3.853700000000031650e+03 1.540718716569244862e-03
3.854600000000031741e+03 1.530768699012696743e-03
3.855500000000031832e+03 1.519846264272928238e-03
3.856400000000031923e+03 1.538315089419484138e-03
3.857300000000032014e+03 1.578145776875317097e-03
3.858200000000032105e+03 1.596428221091628075e-03
3.859100000000032196e+03 1.593927037902176380e-03
3.860000000000032287e+03 1.592776854522526264e-03
3.860900000000032378e+03 1.590679166838526726e-03
3.861800000000032469e+03 1.575740054249763489e-03
3.862700000000032560e+03 1.564848236739635468e-03
3.863600000000032651e+03 1.575479982420802116e-03
3.864500000000032742e+03 1.587539096362888813e-03
3.865400000000032833e+03 1.585418125614523888e-03
3.866300000000032924e+03 1.579921925440430641e-03
3.867200000000033015e+03 1.577548566274344921e-03
3.868100000000033106e+03 1.579544856213033199e-03
3.869000000000033197e+03 1.580548705533146858e-03
3.869900000000033288e+03 1.570822088979184628e-03
3.870800000000033378e+03 1.549794571474194527e-03
3.871700000000033469e+03 1.524530816823244095e-03
3.872600000000033560e+03 1.506668049842119217e-03
3.873500000000033651e+03 1.503505976870656013e-03
3.874400000000033742e+03 1.504838000982999802e-03
3.875300000000033833e+03 1.495813019573688507e-03
3.876200000000033924e+03 1.471840194426476955e-03
3.877100000000034015e+03 1.431064563803374767e-03
3.878000000000034106e+03 1.384000061079859734e-03
3.878900000000034197e+03 1.351439743302762508e-03
3.879800000000034288e+03 1.330934115685522556e-03
3.880700000000034379e+03 1.296049682423472404e-03
3.881600000000034470e+03 1.239812932908535004e-03
3.882500000000034561e+03 1.176301972009241581e-03
3.883400000000034652e+03 1.112874131649732590e-03
3.884300000000034743e+03 1.036684145219624043e-03
3.885200000000034834e+03 9.392258943989872932e-04
3.886100000000034925e+03 8.298401953652501106e-04
3.887000000000035016e+03 7.191283511929214001e-04
3.887900000000035106e+03 6.203440716490149498e-04
3.888800000000035197e+03 5.701208137907087803e-04
3.889700000000035288e+03 6.033359677530825138e-04
3.890600000000035379e+03 7.031677523627877235e-04
3.891500000000035470e+03 8.213065448217093945e-04
3.892400000000035561e+03 9.285971173085272312e-04
3.893300000000035652e+03 1.018605893477797508e-03
3.894200000000035743e+03 1.093470607884228230e-03
3.895100000000035834e+03 1.159092178568243980e-03
3.896000000000035925e+03 1.219608704559504986e-03
3.896900000000036016e+03 1.272052642889320850e-03
3.897800000000036107e+03 1.313761691562831402e-03
3.898700000000036198e+03 1.346390112303197384e-03
3.899600000000036289e+03 1.374685904011130333e-03
3.900500000000036380e+03 1.408620388247072697e-03
3.901400000000036471e+03 1.447407528758049011e-03
3.902300000000036562e+03 1.474678749218583107e-03
3.903200000000036653e+03 1.490151509642601013e-03
3.904100000000036744e+03 1.499706995673477650e-03
3.905000000000036835e+03 1.498414552770555019e-03
3.905900000000036925e+03 1.500229584053158760e-03
3.906800000000037016e+03 1.524105784483253956e-03
3.907700000000037107e+03 1.557382056489586830e-03
3.908600000000037198e+03 1.583558740094304085e-03
3.909500000000037289e+03 1.598881557583808899e-03
3.910400000000037380e+03 1.603242941200733185e-03
3.911300000000037471e+03 1.600603340193629265e-03
3.912200000000037562e+03 1.589426654390990734e-03
3.913100000000037653e+03 1.576042966917157173e-03
3.914000000000037744e+03 1.575434580445289612e-03
3.914900000000037835e+03 1.585200778208673000e-03
3.915800000000037926e+03 1.586413243785500526e-03
3.916700000000038017e+03 1.577868591994047165e-03
3.917600000000038108e+03 1.570447580888867378e-03
3.918500000000038199e+03 1.565576414577662945e-03
3.919400000000038290e+03 1.558984280563890934e-03
3.920300000000038381e+03 1.555179944261908531e-03
3.921200000000038472e+03 1.559051335789263248e-03
3.922100000000038563e+03 1.564412144944071770e-03
3.923000000000038654e+03 1.564929261803627014e-03
3.923900000000038744e+03 1.563211902976036072e-03
3.924800000000038835e+03 1.554913353174924850e-03
3.925700000000038926e+03 1.539100427180528641e-03
3.926600000000039017e+03 1.525797182694077492e-03
3.927500000000039108e+03 1.519827987067401409e-03
3.928400000000039199e+03 1.513852388598024845e-03
3.929300000000039290e+03 1.501149032264947891e-03
3.930200000000039381e+03 1.482396619394421577e-03
3.931100000000039472e+03 1.453544362448155880e-03
3.932000000000039563e+03 1.396613544784486294e-03
3.932900000000039654e+03 1.328007783740758896e-03
3.933800000000039745e+03 1.317092101089656353e-03
3.934700000000039836e+03 1.382938702590763569e-03
3.935600000000039927e+03 1.458720886148512363e-03
3.936500000000040018e+03 1.499004662036895752e-03
3.937400000000040109e+03 1.515625161118805408e-03
3.938300000000040200e+03 1.528638880699872971e-03
3.939200000000040291e+03 1.545971492305397987e-03
3.940100000000040382e+03 1.559333526529371738e-03
3.941000000000040473e+03 1.560161123052239418e-03
3.941900000000040563e+03 1.554165268316864967e-03
3.942800000000040654e+03 1.543878577649593353e-03
3.943700000000040745e+03 1.534937997348606586e-03
3.944600000000040836e+03 1.543739112094044685e-03
3.945500000000040927e+03 1.564004807732999325e-03
3.946400000000041018e+03 1.570937340147793293e-03
3.947300000000041109e+03 1.559983706101775169e-03
3.948200000000041200e+03 1.548298751004040241e-03
3.949100000000041291e+03 1.545186270959675312e-03
3.950000000000041382e+03 1.543540740385651588e-03
3.950900000000041473e+03 1.535933581180870533e-03
3.951800000000041564e+03 1.521779224276542664e-03
3.952700000000041655e+03 1.508301123976707458e-03
3.953600000000041746e+03 1.502350787632167339e-03
3.954500000000041837e+03 1.495692413300275803e-03
3.955400000000041928e+03 1.475423108786344528e-03
3.956300000000042019e+03 1.446662237867712975e-03
3.957200000000042110e+03 1.423400826752185822e-03
3.958100000000042201e+03 1.406056573614478111e-03
3.959000000000042292e+03 1.383517985232174397e-03
3.959900000000042382e+03 1.346130273304879665e-03
3.960800000000042473e+03 1.294196699745953083e-03
3.961700000000042564e+03 1.239565783180296421e-03
3.962600000000042655e+03 1.186436740681529045e-03
3.963500000000042746e+03 1.127849216572940350e-03
3.964400000000042837e+03 1.058713765814900398e-03
3.965300000000042928e+03 9.779656538739800453e-04
3.966200000000043019e+03 8.828965947031974792e-04
3.967100000000043110e+03 7.699761772528290749e-04
3.968000000000043201e+03 6.489045335911214352e-04
3.968900000000043292e+03 5.524884327314794064e-04
3.969800000000043383e+03 5.176070844754576683e-04
3.970700000000043474e+03 5.586448824033141136e-04
3.971600000000043565e+03 6.538922316394746304e-04
3.972500000000043656e+03 7.635376532562077045e-04
3.973400000000043747e+03 8.645460475236177444e-04
3.974300000000043838e+03 9.553944692015647888e-04
3.975200000000043929e+03 1.038201502524316311e-03
3.976100000000044020e+03 1.110129174776375294e-03
3.977000000000044110e+03 1.171638839878141880e-03
3.977900000000044201e+03 1.226306078024208546e-03
3.978800000000044292e+03 1.275194692425429821e-03
3.979700000000044383e+03 1.318064169026911259e-03
3.980600000000044474e+03 1.350904465653002262e-03
3.981500000000044565e+03 1.368613797239959240e-03
3.982400000000044656e+03 1.379697234369814396e-03
3.983300000000044747e+03 1.395237282849848270e-03
3.984200000000044838e+03 1.419018371962010860e-03
3.985100000000044929e+03 1.449312665499746799e-03
3.986000000000045020e+03 1.473831827752292156e-03
3.986900000000045111e+03 1.491456641815602779e-03
3.987800000000045202e+03 1.508340239524841309e-03
3.988700000000045293e+03 1.519033103249967098e-03
3.989600000000045384e+03 1.520924153737723827e-03
3.990500000000045475e+03 1.524078426882624626e-03
3.991400000000045566e+03 1.532484428025782108e-03
3.992300000000045657e+03 1.541981240734457970e-03
3.993200000000045748e+03 1.548513304442167282e-03
3.994100000000045839e+03 1.549307839013636112e-03
3.995000000000045929e+03 1.545636449009180069e-03
3.995900000000046020e+03 1.539880759082734585e-03
3.996800000000046111e+03 1.535842777229845524e-03
3.997700000000046202e+03 1.536984462291002274e-03
3.998600000000046293e+03 1.547219464555382729e-03
3.999500000000046384e+03 1.560973585583269596e-03
4.000400000000046475e+03 1.565766520798206329e-03
4.001300000000046566e+03 1.559832482598721981e-03
4.002200000000046657e+03 1.553554087877273560e-03
4.003100000000046748e+03 1.553434180095791817e-03
4.004000000000046839e+03 1.549098640680313110e-03
4.004900000000046930e+03 1.535998075269162655e-03
4.005800000000047021e+03 1.530939363874495029e-03
4.006700000000047112e+03 1.540494034998118877e-03
4.007600000000047203e+03 1.549063832499086857e-03
4.008500000000047294e+03 1.547721214592456818e-03
4.009400000000047385e+03 1.543744816444814205e-03
4.010300000000047476e+03 1.542553422041237354e-03
4.011200000000047567e+03 1.541680772788822651e-03
4.012100000000047658e+03 1.542226644232869148e-03
4.013000000000047748e+03 1.549622276797890663e-03
4.013900000000047839e+03 1.561448676511645317e-03
4.014800000000047930e+03 1.570833032019436359e-03
4.015700000000048021e+03 1.575891859829425812e-03
4.016600000000048112e+03 1.574930502101778984e-03
4.017500000000048203e+03 1.573382527567446232e-03
4.018400000000048294e+03 1.579833449795842171e-03
4.019300000000048385e+03 1.589987077750265598e-03
4.020200000000048476e+03 1.591725274920463562e-03
4.021100000000048567e+03 1.582957222126424313e-03
4.022000000000048658e+03 1.571227679960429668e-03
4.022900000000048749e+03 1.553936395794153214e-03
4.023800000000048840e+03 1.520318794064223766e-03
4.024700000000048931e+03 1.477549318224191666e-03
4.025600000000049022e+03 1.455499092116951942e-03
4.026500000000049113e+03 1.471750554628670216e-03
4.027400000000049204e+03 1.512825954705476761e-03
4.028300000000049295e+03 1.549042295664548874e-03
4.029200000000049386e+03 1.557607203722000122e-03
4.030100000000049477e+03 1.543584046885371208e-03
4.031000000000049567e+03 1.530564157292246819e-03
4.031900000000049658e+03 1.527850283309817314e-03
4.032800000000049749e+03 1.529487315565347672e-03
4.033700000000049840e+03 1.538302749395370483e-03
4.034600000000049931e+03 1.553526497446000576e-03
4.035500000000050022e+03 1.566929626278579235e-03
4.036400000000050113e+03 1.576748793013393879e-03
4.037300000000050204e+03 1.581602264195680618e-03
4.038200000000050295e+03 1.580734038725495338e-03
4.039100000000050386e+03 1.576853450387716293e-03
4.040000000000050477e+03 1.571686821989715099e-03
4.040900000000050568e+03 1.568250940181314945e-03
4.041800000000050659e+03 1.571270055137574673e-03
4.042700000000050750e+03 1.572386710904538631e-03
4.043600000000050841e+03 1.556246541440486908e-03
4.044500000000050932e+03 1.524981227703392506e-03
4.045400000000051023e+03 1.502512954175472260e-03
4.046300000000051114e+03 1.510473550297319889e-03
4.047200000000051205e+03 1.534501789137721062e-03
4.048100000000051296e+03 1.546185812912881374e-03
4.049000000000051386e+03 1.546905143186450005e-03
4.049900000000051477e+03 1.550472225062549114e-03
4.050800000000051568e+03 1.552578061819076538e-03
4.051700000000051659e+03 1.545584411360323429e-03
4.052600000000051750e+03 1.532701775431632996e-03
4.053500000000051841e+03 1.522696809843182564e-03
4.054400000000051932e+03 1.520697260275483131e-03
4.055300000000052023e+03 1.522960839793086052e-03
4.056200000000052114e+03 1.522763399407267570e-03
4.057100000000052205e+03 1.517947181127965450e-03
4.058000000000052296e+03 1.515061827376484871e-03
4.058900000000052387e+03 1.520949648693203926e-03
4.059800000000052478e+03 1.532280235551297665e-03
4.060700000000052569e+03 1.537386095151305199e-03
4.061600000000052660e+03 1.524680526927113533e-03
4.062500000000052751e+03 1.498106634244322777e-03
4.063400000000052842e+03 1.479135593399405479e-03
4.064300000000052933e+03 1.486518769524991512e-03
4.065200000000053024e+03 1.505929394625127316e-03
4.066100000000053114e+03 1.510239788331091404e-03
4.067000000000053205e+03 1.504596089944243431e-03
4.067900000000053296e+03 1.511832815594971180e-03
4.068800000000053387e+03 1.527874730527400970e-03
4.069700000000053478e+03 1.527598826214671135e-03
4.070600000000053569e+03 1.504703774116933346e-03
4.071500000000053660e+03 1.483229687437415123e-03
4.072400000000053751e+03 1.486623659729957581e-03
4.073300000000053842e+03 1.504299347288906574e-03
4.074200000000053933e+03 1.506355009041726589e-03
4.075100000000054024e+03 1.484508975408971310e-03
4.076000000000054115e+03 1.451527699828147888e-03
4.076900000000054206e+03 1.424639020115137100e-03
4.077800000000054297e+03 1.421865425072610378e-03
4.078700000000054388e+03 1.443110988475382328e-03
4.079600000000054479e+03 1.465705805458128452e-03
4.080500000000054570e+03 1.474972930736839771e-03
4.081400000000054661e+03 1.472318195737898350e-03
4.082300000000054752e+03 1.459819613955914974e-03
4.083200000000054843e+03 1.442576292902231216e-03
4.084100000000054933e+03 1.426024013198912144e-03
4.085000000000055024e+03 1.410027616657316685e-03
4.085900000000055115e+03 1.399760483764111996e-03
4.086800000000055206e+03 1.398306456394493580e-03
4.087700000000055297e+03 1.395128318108618259e-03
4.088600000000055388e+03 1.382195623591542244e-03
4.089500000000055479e+03 1.361232483759522438e-03
4.090400000000055570e+03 1.334316097199916840e-03
4.091300000000055661e+03 1.302094082348048687e-03
4.092200000000055752e+03 1.265312777832150459e-03
4.093100000000055843e+03 1.229411107487976551e-03
4.094000000000055934e+03 1.189387054182589054e-03
4.094900000000056025e+03 1.133802696131169796e-03
4.095800000000056116e+03 1.067023375071585178e-03
4.096700000000056207e+03 9.979549795389175415e-04
4.097600000000056752e+03 9.257249766960740089e-04
4.098500000000056389e+03 8.457623189315199852e-04
4.099400000000056025e+03 7.513241143897175789e-04
4.100300000000056571e+03 6.456419359892606735e-04
4.101200000000057116e+03 5.669952370226383209e-04
4.102100000000056752e+03 5.689326790161430836e-04
4.103000000000056389e+03 6.479263538494706154e-04
4.103900000000056934e+03 7.499043131247162819e-04
4.104800000000057480e+03 8.443529368378221989e-04
4.105700000000057116e+03 9.319182718172669411e-04
4.106600000000056752e+03 1.009251223877072334e-03
4.107500000000057298e+03 1.071604783646762371e-03
4.108400000000057844e+03 1.120709697715938091e-03
4.109300000000057480e+03 1.156874466687440872e-03
4.110200000000057116e+03 1.186228240840137005e-03
4.111100000000057662e+03 1.218617544509470463e-03
4.112000000000058208e+03 1.255057984963059425e-03
4.112900000000057844e+03 1.291102846153080463e-03
4.113800000000057480e+03 1.322472933679819107e-03
4.114700000000058026e+03 1.347869983874261379e-03
4.115600000000058571e+03 1.369537203572690487e-03
4.116500000000058208e+03 1.384642673656344414e-03
4.117400000000057844e+03 1.388087286613881588e-03
4.118300000000058390e+03 1.382565707899630070e-03
4.119200000000058935e+03 1.379768480546772480e-03
4.120100000000058571e+03 1.385219278745353222e-03
4.121000000000058208e+03 1.394328079186379910e-03
4.121900000000058753e+03 1.401556772179901600e-03
4.122800000000059299e+03 1.408682437613606453e-03
4.123700000000058935e+03 1.420375308953225613e-03
4.124600000000058571e+03 1.435199170373380184e-03
4.125500000000059117e+03 1.438688021153211594e-03
4.126400000000059663e+03 1.416141283698379993e-03
4.127300000000059299e+03 1.379205030389130116e-03
4.128200000000058935e+03 1.361738424748182297e-03
4.129100000000059481e+03 1.367798657156527042e-03
4.130000000000060027e+03 1.366463955491781235e-03
4.130900000000059663e+03 1.361086266115307808e-03
4.131800000000059299e+03 1.374257728457450867e-03
4.132700000000059845e+03 1.398886903189122677e-03
4.133600000000060390e+03 1.419016625732183456e-03
4.134500000000060027e+03 1.431885990314185619e-03
4.135400000000059663e+03 1.437919330783188343e-03
4.136300000000060209e+03 1.436526072211563587e-03
4.137200000000060754e+03 1.436099060811102390e-03
4.138100000000060390e+03 1.444227178581058979e-03
4.139000000000060027e+03 1.452598255127668381e-03
4.139900000000060572e+03 1.454377896152436733e-03
4.140800000000061118e+03 1.448164344765245914e-03
4.141700000000060754e+03 1.427705050446093082e-03
4.142600000000060390e+03 1.393298269249498844e-03
4.143500000000060936e+03 1.367563032545149326e-03
4.144400000000061482e+03 1.373218488879501820e-03
4.145300000000061118e+03 1.401152345351874828e-03
4.146200000000060754e+03 1.427037292160093784e-03
4.147100000000061300e+03 1.442533452063798904e-03
4.148000000000061846e+03 1.446913927793502808e-03
4.148900000000061482e+03 1.441840198822319508e-03
4.149800000000061118e+03 1.435249112546443939e-03
4.150700000000061664e+03 1.434352830983698368e-03
4.151600000000062209e+03 1.435790443792939186e-03
4.152500000000061846e+03 1.435177866369485855e-03
4.153400000000061482e+03 1.431687269359827042e-03
4.154300000000062028e+03 1.428088755346834660e-03
4.155200000000062573e+03 1.429054304026067257e-03
4.156100000000062209e+03 1.432611257769167423e-03
4.157000000000061846e+03 1.436772872693836689e-03
4.157900000000062391e+03 1.443993183784186840e-03
4.158800000000062937e+03 1.451617456041276455e-03
4.159700000000062573e+03 1.452559023164212704e-03
4.160600000000062209e+03 1.445028465241193771e-03
4.161500000000062755e+03 1.438771374523639679e-03
4.162400000000063301e+03 1.441210275515913963e-03
4.163300000000062937e+03 1.443687826395034790e-03
4.164200000000062573e+03 1.445856760255992413e-03
4.165100000000063119e+03 1.449708477593958378e-03
4.166000000000063665e+03 1.447126269340515137e-03
4.166900000000063301e+03 1.439444604329764843e-03
4.167800000000062937e+03 1.436347258277237415e-03
4.168700000000063483e+03 1.440024818293750286e-03
4.169600000000064028e+03 1.437883591279387474e-03
4.170500000000063665e+03 1.420033513568341732e-03
4.171400000000063301e+03 1.391676836647093296e-03
4.172300000000063847e+03 1.365475123748183250e-03
4.173200000000064392e+03 1.357872737571597099e-03
4.174100000000064028e+03 1.375290448777377605e-03
4.175000000000063665e+03 1.402142224833369255e-03
4.175900000000064210e+03 1.412080717273056507e-03
4.176800000000064756e+03 1.397220301441848278e-03
4.177700000000064392e+03 1.375717343762516975e-03
4.178600000000064028e+03 1.373237464576959610e-03
4.179500000000064574e+03 1.393193495459854603e-03
4.180400000000065120e+03 1.414090977050364017e-03
4.181300000000064756e+03 1.419075415469706059e-03
4.182200000000064392e+03 1.416987273842096329e-03
4.183100000000064938e+03 1.417712541297078133e-03
4.184000000000065484e+03 1.423389418050646782e-03
4.184900000000065120e+03 1.432375283911824226e-03
4.185800000000064756e+03 1.432362827472388744e-03
4.186700000000065302e+03 1.418167608790099621e-03
4.187600000000065847e+03 1.407454838044941425e-03
4.188500000000065484e+03 1.412736601196229458e-03
4.189400000000065120e+03 1.420506509020924568e-03
4.190300000000065666e+03 1.420013839378952980e-03
4.191200000000066211e+03 1.418295199982821941e-03
4.192100000000065847e+03 1.425657770596444607e-03
4.193000000000065484e+03 1.437351689673960209e-03
4.193900000000066029e+03 1.437158207409083843e-03
4.194800000000066575e+03 1.423294539563357830e-03
4.195700000000066211e+03 1.408595708198845387e-03
4.196600000000065847e+03 1.397893065586686134e-03
4.197500000000066393e+03 1.387961325235664845e-03
4.198400000000066939e+03 1.380084780976176262e-03
4.199300000000066575e+03 1.381067559123039246e-03
4.200200000000066211e+03 1.386229065246880054e-03
4.201100000000066757e+03 1.387361553497612476e-03
4.202000000000067303e+03 1.388073083944618702e-03
4.202900000000066939e+03 1.393727259710431099e-03
4.203800000000066575e+03 1.394421327859163284e-03
4.204700000000067121e+03 1.384749892167747021e-03
4.205600000000067666e+03 1.378763001412153244e-03
4.206500000000067303e+03 1.386897289194166660e-03
4.207400000000066939e+03 1.402256661094725132e-03
4.208300000000067485e+03 1.411991310305893421e-03
4.209200000000068030e+03 1.413157442584633827e-03
4.210100000000067666e+03 1.413618563674390316e-03
4.211000000000067303e+03 1.419106731191277504e-03
4.211900000000067848e+03 1.423993147909641266e-03
4.212800000000068394e+03 1.421400578692555428e-03
4.213700000000068030e+03 1.407452858984470367e-03
4.214600000000067666e+03 1.384261413477361202e-03
4.215500000000068212e+03 1.368579454720020294e-03
4.216400000000068758e+03 1.380281290039420128e-03
4.217300000000068394e+03 1.407471718266606331e-03
4.218200000000068030e+03 1.424324000254273415e-03
4.219100000000068576e+03 1.427226583473384380e-03
4.220000000000069122e+03 1.426710048690438271e-03
4.220900000000068758e+03 1.427080598659813404e-03
4.221800000000068394e+03 1.421696390025317669e-03
4.222700000000068940e+03 1.407145638950169086e-03
4.223600000000069485e+03 1.389257493428885937e-03
4.224500000000069122e+03 1.369822188280522823e-03
4.225400000000068758e+03 1.348525751382112503e-03
4.226300000000069303e+03 1.329829101450741291e-03
4.227200000000069849e+03 1.332779182121157646e-03
4.228100000000069485e+03 1.362919691018760204e-03
4.229000000000069122e+03 1.395650906488299370e-03
4.229900000000069667e+03 1.412456738762557507e-03
4.230800000000070213e+03 1.413362799212336540e-03
4.231700000000069849e+03 1.392254722304642200e-03
4.232600000000069485e+03 1.357955741696059704e-03
4.233500000000070031e+03 1.345885451883077621e-03
4.234400000000070577e+03 1.362303039059042931e-03
4.235300000000070213e+03 1.376048661768436432e-03
4.236200000000069849e+03 1.376994419842958450e-03
4.237100000000070395e+03 1.376898144371807575e-03
4.238000000000070941e+03 1.372409285977482796e-03
4.238900000000070577e+03 1.366093638353049755e-03
4.239800000000070213e+03 1.368553843349218369e-03
4.240700000000070759e+03 1.376291969791054726e-03
4.241600000000071304e+03 1.376049825921654701e-03
4.242500000000070941e+03 1.374251209199428558e-03
4.243400000000070577e+03 1.386478892527520657e-03
4.244300000000071122e+03 1.402833382599055767e-03
4.245200000000071668e+03 1.402457826770842075e-03
4.246100000000071304e+03 1.385189476422965527e-03
4.247000000000070941e+03 1.371116610243916512e-03
4.247900000000071486e+03 1.371711492538452148e-03
4.248800000000072032e+03 1.374565530568361282e-03
4.249700000000071668e+03 1.364354626275599003e-03
4.250600000000071304e+03 1.348153105936944485e-03
4.251500000000071850e+03 1.343684154562652111e-03
4.252400000000072396e+03 1.346913515590131283e-03
4.253300000000072032e+03 1.347888610325753689e-03
4.254200000000071668e+03 1.347909215837717056e-03
4.255100000000072214e+03 1.354390638880431652e-03
4.256000000000072760e+03 1.369053497910499573e-03
4.256900000000072396e+03 1.378109445795416832e-03
4.257800000000072032e+03 1.369079691357910633e-03
4.258700000000072578e+03 1.348215853795409203e-03
4.259600000000073123e+03 1.332430867478251457e-03
4.260500000000072760e+03 1.325849443674087524e-03
4.261400000000072396e+03 1.332943094894289970e-03
4.262300000000072941e+03 1.355131971649825573e-03
4.263200000000073487e+03 1.379199908114969730e-03
4.264100000000073123e+03 1.392600825056433678e-03
4.265000000000072760e+03 1.395957544445991516e-03
4.265900000000073305e+03 1.387864234857261181e-03
4.266800000000073851e+03 1.370534882880747318e-03
4.267700000000073487e+03 1.356363063678145409e-03
4.268600000000073123e+03 1.351408427581191063e-03
4.269500000000073669e+03 1.346594304777681828e-03
4.270400000000074215e+03 1.331658801063895226e-03
4.271300000000073851e+03 1.311545609496533871e-03
4.272200000000073487e+03 1.306240796111524105e-03
4.273100000000074033e+03 1.316222595050930977e-03
4.274000000000074579e+03 1.320055569522082806e-03
4.274900000000074215e+03 1.317898742854595184e-03
4.275800000000073851e+03 1.328290789388120174e-03
4.276700000000074397e+03 1.347034703940153122e-03
4.277600000000074942e+03 1.356823253445327282e-03
4.278500000000074579e+03 1.357584609650075436e-03
4.279400000000074215e+03 1.350809354335069656e-03
4.280300000000074760e+03 1.338114263489842415e-03
4.281200000000075306e+03 1.326192170381546021e-03
4.282100000000074942e+03 1.317864400334656239e-03
4.283000000000074579e+03 1.315477420575916767e-03
4.283900000000075124e+03 1.319798408076167107e-03
4.284800000000075670e+03 1.324480283074080944e-03
4.285700000000075306e+03 1.327946782112121582e-03
4.286600000000074942e+03 1.329553313553333282e-03
4.287500000000075488e+03 1.324226148426532745e-03
4.288400000000076034e+03 1.305547542870044708e-03
4.289300000000075670e+03 1.279547228477895260e-03
4.290200000000075306e+03 1.267703250050544739e-03
4.291100000000075852e+03 1.280289608985185623e-03
4.292000000000076398e+03 1.301429118029773235e-03
4.292900000000076034e+03 1.312550040893256664e-03
4.293800000000075670e+03 1.308699953369796276e-03
4.294700000000076216e+03 1.303067896515130997e-03
4.295600000000076761e+03 1.302246702834963799e-03
4.296500000000076398e+03 1.301039708778262138e-03
4.297400000000076034e+03 1.296955393627285957e-03
4.298300000000076579e+03 1.280530821532011032e-03
4.299200000000077125e+03 1.250997418537735939e-03
4.300100000000076761e+03 1.234147464856505394e-03
4.301000000000076398e+03 1.238628523424267769e-03
4.301900000000076943e+03 1.242684782482683659e-03
4.302800000000077489e+03 1.244706218130886555e-03
4.303700000000077125e+03 1.257254625670611858e-03
4.304600000000076761e+03 1.269172178581357002e-03
4.305500000000077307e+03 1.267281826585531235e-03
4.306400000000077853e+03 1.254313625395298004e-03
4.307300000000077489e+03 1.235249917954206467e-03
4.308200000000077125e+03 1.223626779392361641e-03
4.309100000000077671e+03 1.232226146385073662e-03
4.310000000000078217e+03 1.253781374543905258e-03
4.310900000000077853e+03 1.270830165594816208e-03
4.311800000000077489e+03 1.272647175937891006e-03
4.312700000000078035e+03 1.261782716028392315e-03
4.313600000000078580e+03 1.248839776962995529e-03
4.314500000000078217e+03 1.245415653102099895e-03
4.315400000000077853e+03 1.264274469576776028e-03
4.316300000000078398e+03 1.293036271817982197e-03
4.317200000000078944e+03 1.305388170294463634e-03
4.318100000000078580e+03 1.299647497944533825e-03
4.319000000000078217e+03 1.287819584831595421e-03
4.319900000000078762e+03 1.273078378289937973e-03
4.320800000000079308e+03 1.259795157238841057e-03
4.321700000000078944e+03 1.255771843716502190e-03
4.322600000000078580e+03 1.250939443707466125e-03
4.323500000000079126e+03 1.227083150297403336e-03
4.324400000000079672e+03 1.184080843813717365e-03
4.325300000000079308e+03 1.142818015068769455e-03
4.326200000000078944e+03 1.129882526583969593e-03
4.327100000000079490e+03 1.149007817730307579e-03
4.328000000000080036e+03 1.173046883195638657e-03
4.328900000000079672e+03 1.172719872556626797e-03
4.329800000000079308e+03 1.143856323324143887e-03
4.330700000000079854e+03 1.107369665987789631e-03
4.331600000000080399e+03 1.079915557056665421e-03
4.332500000000080036e+03 1.054823165759444237e-03
4.333400000000079672e+03 1.021790085360407829e-03
4.334300000000080217e+03 9.837426478043198586e-04
4.335200000000080763e+03 9.398570400662720203e-04
4.336100000000080399e+03 8.752152789384126663e-04
4.337000000000080036e+03 7.866818923503160477e-04
4.337900000000080581e+03 6.939378799870610237e-04
4.338800000000081127e+03 6.073173717595636845e-04
4.339700000000080763e+03 5.357218324206769466e-04
4.340600000000080399e+03 5.197945865802466869e-04
4.341500000000080945e+03 5.816008197143673897e-04
4.342400000000081491e+03 6.756099755875766277e-04
4.343300000000081127e+03 7.530921138823032379e-04
4.344200000000080763e+03 8.167059859260916710e-04
4.345100000000081309e+03 8.812516462057828903e-04
4.346000000000081855e+03 9.377531241625547409e-04
4.346900000000081491e+03 9.803498396649956703e-04
4.347800000000081127e+03 1.022735494188964367e-03
4.348700000000081673e+03 1.068325364030897617e-03
4.349600000000082218e+03 1.097544212825596333e-03
4.350500000000081855e+03 1.095184590667486191e-03
4.351400000000081491e+03 1.082737697288393974e-03
4.352300000000082036e+03 1.096149790100753307e-03
4.353200000000082582e+03 1.133930752985179424e-03
4.354100000000082218e+03 1.168441376648843288e-03
4.355000000000081855e+03 1.190904877148568630e-03
4.355900000000082400e+03 1.208686153404414654e-03
4.356800000000082946e+03 1.222235267050564289e-03
4.357700000000082582e+03 1.226056134328246117e-03
4.358600000000082218e+03 1.222890568897128105e-03
4.359500000000082764e+03 1.224771840497851372e-03
4.360400000000083310e+03 1.237315242178738117e-03
4.361300000000082946e+03 1.252703019417822361e-03
4.362200000000082582e+03 1.261486788280308247e-03
4.363100000000083128e+03 1.266417209990322590e-03
4.364000000000083674e+03 1.276498776860535145e-03
4.364900000000083310e+03 1.287678955122828484e-03
4.365800000000082946e+03 1.287709223106503487e-03
4.366700000000083492e+03 1.272136694751679897e-03
4.367600000000084037e+03 1.253967406228184700e-03
4.368500000000083674e+03 1.250186935067176819e-03
4.369400000000083310e+03 1.260105287656188011e-03
4.370300000000083855e+03 1.270416774787008762e-03
4.371200000000084401e+03 1.278478768654167652e-03
4.372100000000084037e+03 1.281903823837637901e-03
4.373000000000083674e+03 1.270221662707626820e-03
4.373900000000084219e+03 1.245825900696218014e-03
4.374800000000084765e+03 1.231137546710669994e-03
4.375700000000084401e+03 1.241522841155529022e-03
4.376600000000084037e+03 1.267790328711271286e-03
4.377500000000084583e+03 1.290317159146070480e-03
4.378400000000085129e+03 1.297466340474784374e-03
4.379300000000084765e+03 1.291278633289039135e-03
4.380200000000084401e+03 1.283801160752773285e-03
4.381100000000084947e+03 1.276787603273987770e-03
4.382000000000085493e+03 1.254229922778904438e-03
4.382900000000085129e+03 1.210825401358306408e-03
4.383800000000084765e+03 1.172492629848420620e-03
4.384700000000085311e+03 1.169235794804990292e-03
4.385600000000085856e+03 1.195921795442700386e-03
4.386500000000085493e+03 1.218779361806809902e-03
4.387400000000085129e+03 1.221693237312138081e-03
4.388300000000085674e+03 1.221771584823727608e-03
4.389200000000086220e+03 1.226434484124183655e-03
4.390100000000085856e+03 1.228625769726932049e-03
4.391000000000085493e+03 1.235695672221481800e-03
4.391900000000086038e+03 1.253031077794730663e-03
4.392800000000086584e+03 1.262676669284701347e-03
4.393700000000086220e+03 1.252252841368317604e-03
4.394600000000085856e+03 1.236273441463708878e-03
4.395500000000086402e+03 1.242371974512934685e-03
4.396400000000086948e+03 1.270974637009203434e-03
4.397300000000086584e+03 1.290456973947584629e-03
4.398200000000086220e+03 1.286184880882501602e-03
4.399100000000086766e+03 1.267920248210430145e-03
4.400000000000087311e+03 1.252048765309154987e-03
4.400900000000086948e+03 1.253500347957015038e-03
4.401800000000086584e+03 1.270666019991040230e-03
4.402700000000087130e+03 1.277093426324427128e-03
4.403600000000087675e+03 1.256381394341588020e-03
4.404500000000087311e+03 1.230969792231917381e-03
4.405400000000086948e+03 1.229979563504457474e-03
4.406300000000087493e+03 1.244961633346974850e-03
4.407200000000088039e+03 1.248965854756534100e-03
4.408100000000087675e+03 1.242891186848282814e-03
4.409000000000087311e+03 1.247028354555368423e-03
4.409900000000087857e+03 1.262350124306976795e-03
4.410800000000088403e+03 1.276613678783178329e-03
4.411700000000088039e+03 1.285591861233115196e-03
4.412600000000087675e+03 1.288093742914497852e-03
4.413500000000088221e+03 1.275393064133822918e-03
4.414400000000088767e+03 1.247960026375949383e-03
4.415300000000088403e+03 1.225809915922582150e-03
4.416200000000088039e+03 1.220687408931553364e-03
4.417100000000088585e+03 1.227759872563183308e-03
4.418000000000089130e+03 1.244058250449597836e-03
4.418900000000088767e+03 1.264352817088365555e-03
4.419800000000088403e+03 1.277005183510482311e-03
4.420700000000088949e+03 1.272114692255854607e-03
4.421600000000089494e+03 1.254194998182356358e-03
4.422500000000089130e+03 1.240089302882552147e-03
4.423400000000088767e+03 1.243629492819309235e-03
4.424300000000089312e+03 1.255688373930752277e-03
4.425200000000089858e+03 1.260251970961689949e-03
4.426100000000089494e+03 1.256670686416327953e-03
4.427000000000089130e+03 1.251031761057674885e-03
4.427900000000089676e+03 1.249910797923803329e-03
4.428800000000090222e+03 1.249003107659518719e-03
4.429700000000089858e+03 1.240056008100509644e-03
4.430600000000089494e+03 1.234340947121381760e-03
4.431500000000090040e+03 1.241098041646182537e-03
4.432400000000090586e+03 1.243354636244475842e-03
4.433300000000090222e+03 1.229233341291546822e-03
4.434200000000089858e+03 1.210150192491710186e-03
4.435100000000090404e+03 1.202720333822071552e-03
4.436000000000090949e+03 1.213009236380457878e-03
4.436900000000090586e+03 1.234601950272917747e-03
4.437800000000090222e+03 1.255720155313611031e-03
4.438700000000090768e+03 1.269979635253548622e-03
4.439600000000091313e+03 1.270444714464247227e-03
4.440500000000090949e+03 1.254600239917635918e-03
4.441400000000090586e+03 1.230804133228957653e-03
4.442300000000091131e+03 1.208779751323163509e-03
4.443200000000091677e+03 1.197468955069780350e-03
4.444100000000091313e+03 1.208438188768923283e-03
4.445000000000090949e+03 1.235721167176961899e-03
4.445900000000091495e+03 1.253981608897447586e-03
4.446800000000092041e+03 1.253721653483808041e-03
4.447700000000091677e+03 1.251834677532315254e-03
4.448600000000091313e+03 1.251661218702793121e-03
4.449500000000091859e+03 1.241230638697743416e-03
4.450400000000092405e+03 1.230420544743537903e-03
4.451300000000092041e+03 1.234450959600508213e-03
4.452200000000091677e+03 1.243795733898878098e-03
4.453100000000092223e+03 1.240407698787748814e-03
4.454000000000092768e+03 1.222519553266465664e-03
4.454900000000092405e+03 1.205062610097229481e-03
4.455800000000092041e+03 1.203637686558067799e-03
4.456700000000092587e+03 1.213324139825999737e-03
4.457600000000093132e+03 1.218355377204716206e-03
4.458500000000092768e+03 1.215018914081156254e-03
4.459400000000092405e+03 1.210879883728921413e-03
4.460300000000092950e+03 1.205811626277863979e-03
4.461200000000093496e+03 1.196948578581213951e-03
4.462100000000093132e+03 1.197221572510898113e-03
4.463000000000092768e+03 1.212323433719575405e-03
4.463900000000093314e+03 1.222572056576609612e-03
4.464800000000093860e+03 1.219162950292229652e-03
4.465700000000093496e+03 1.213656272739171982e-03
4.466600000000093132e+03 1.209498615935444832e-03
4.467500000000093678e+03 1.199263031594455242e-03
4.468400000000094224e+03 1.182546839118003845e-03
4.469300000000093860e+03 1.166744157671928406e-03
4.470200000000093496e+03 1.152710872702300549e-03
4.471100000000094042e+03 1.143874716944992542e-03
4.472000000000094587e+03 1.157682738266885281e-03
4.472900000000094224e+03 1.191561925224959850e-03
4.473800000000093860e+03 1.220420585013926029e-03
4.474700000000094406e+03 1.230711815878748894e-03
4.475600000000094951e+03 1.233270741067826748e-03
4.476500000000094587e+03 1.241331337951123714e-03
4.477400000000094224e+03 1.246680738404393196e-03
4.478300000000094769e+03 1.234866562299430370e-03
4.479200000000095315e+03 1.193885807879269123e-03
4.480100000000094951e+03 1.128521980717778206e-03
4.481000000000094587e+03 1.086039468646049500e-03
4.481900000000095133e+03 1.109110773541033268e-03
4.482800000000095679e+03 1.169285038486123085e-03
4.483700000000095315e+03 1.215320080518722534e-03
4.484600000000094951e+03 1.236006733961403370e-03
4.485500000000095497e+03 1.243570470251142979e-03
4.486400000000096043e+03 1.241283142007887363e-03
4.487300000000095679e+03 1.225315849296748638e-03
4.488200000000095315e+03 1.201286329887807369e-03
4.489100000000095861e+03 1.185758272185921669e-03
4.490000000000096406e+03 1.185611356049776077e-03
4.490900000000096043e+03 1.197408302687108517e-03
4.491800000000095679e+03 1.213465468026697636e-03
4.492700000000096225e+03 1.221054699271917343e-03
4.493600000000096770e+03 1.212069415487349033e-03
4.494500000000096406e+03 1.198458950966596603e-03
4.495400000000096043e+03 1.195132965222001076e-03
4.496300000000096588e+03 1.200272818095982075e-03
4.497200000000097134e+03 1.210242277011275291e-03
4.498100000000096770e+03 1.221756218001246452e-03
4.499000000000096406e+03 1.224358682520687580e-03
4.499900000000096952e+03 1.213199459016323090e-03
4.500800000000097498e+03 1.197449280880391598e-03
4.501700000000097134e+03 1.197119825519621372e-03
4.502600000000096770e+03 1.220075530000030994e-03
4.503500000000097316e+03 1.244956743903458118e-03
4.504400000000097862e+03 1.252956339158117771e-03
4.505300000000097498e+03 1.245755236595869064e-03
4.506200000000097134e+03 1.230407739058136940e-03
4.507100000000097680e+03 1.212633331306278706e-03
4.508000000000098225e+03 1.203524414449930191e-03
4.508900000000097862e+03 1.209592213854193687e-03
4.509800000000097498e+03 1.223228522576391697e-03
4.510700000000098044e+03 1.231064787134528160e-03
4.511600000000098589e+03 1.228094566613435745e-03
4.512500000000098225e+03 1.217538141645491123e-03
4.513400000000097862e+03 1.203396706841886044e-03
4.514300000000098407e+03 1.188832218758761883e-03
4.515200000000098953e+03 1.185648492537438869e-03
4.516100000000098589e+03 1.196938916109502316e-03
4.517000000000098225e+03 1.204341766424477100e-03
4.517900000000098771e+03 1.198661862872540951e-03
4.518800000000099317e+03 1.191991148516535759e-03
4.519700000000098953e+03 1.194247277453541756e-03
4.520600000000098589e+03 1.201630104333162308e-03
4.521500000000099135e+03 1.198094920255243778e-03
4.522400000000099681e+03 1.182514475658535957e-03
4.523300000000099317e+03 1.176271354779601097e-03
4.524200000000098953e+03 1.180814811959862709e-03
4.525100000000099499e+03 1.180905266664922237e-03
4.526000000000100044e+03 1.175672165118157864e-03
4.526900000000099681e+03 1.169446157291531563e-03
4.527800000000099317e+03 1.160776475444436073e-03
4.528700000000099863e+03 1.154875848442316055e-03
4.529600000000100408e+03 1.157807768322527409e-03
4.530500000000100044e+03 1.166009111329913139e-03
4.531400000000099681e+03 1.174103585071861744e-03
4.532300000000100226e+03 1.173584721982479095e-03
4.533200000000100772e+03 1.157937222160398960e-03
4.534100000000100408e+03 1.143639907240867615e-03
4.535000000000100044e+03 1.147894305177032948e-03
4.535900000000100590e+03 1.170075265690684319e-03
4.536800000000101136e+03 1.198370126076042652e-03
4.537700000000100772e+03 1.212908304296433926e-03
4.538600000000100408e+03 1.204780302941799164e-03
4.539500000000100954e+03 1.185792032629251480e-03
4.540400000000101500e+03 1.170550822280347347e-03
4.541300000000101136e+03 1.169655355624854565e-03
4.542200000000100772e+03 1.183294923976063728e-03
4.543100000000101318e+03 1.194647164084017277e-03
4.544000000000101863e+03 1.189935253933072090e-03
4.544900000000101500e+03 1.178861828520894051e-03
4.545800000000101136e+03 1.177477417513728142e-03
4.546700000000101682e+03 1.181874191388487816e-03
4.547600000000102227e+03 1.170914969407021999e-03
4.548500000000101863e+03 1.137638580985367298e-03
4.549400000000101500e+03 1.116083236411213875e-03
4.550300000000102045e+03 1.134868012741208076e-03
4.551200000000102591e+03 1.165681518614292145e-03
4.552100000000102227e+03 1.172817661426961422e-03
4.553000000000101863e+03 1.160481013357639313e-03
4.553900000000102409e+03 1.142036751843988895e-03
4.554800000000102955e+03 1.128427917137742043e-03
4.555700000000102591e+03 1.134482561610639095e-03
4.556600000000102227e+03 1.155864796601235867e-03
4.557500000000102773e+03 1.167615060694515705e-03
4.558400000000103319e+03 1.167891779914498329e-03
4.559300000000102955e+03 1.173159689642488956e-03
4.560200000000102591e+03 1.182677224278450012e-03
4.561100000000103137e+03 1.188373193144798279e-03
4.562000000000103682e+03 1.185321947559714317e-03
4.562900000000103319e+03 1.168404472991824150e-03
4.563800000000102955e+03 1.149076852016150951e-03
4.564700000000103500e+03 1.143264817073941231e-03
4.565600000000104046e+03 1.151760807260870934e-03
4.566500000000103682e+03 1.169711584225296974e-03
4.567400000000103319e+03 1.187222311273217201e-03
4.568300000000103864e+03 1.194256125018000603e-03
4.569200000000104410e+03 1.190801849588751793e-03
4.570100000000104046e+03 1.175725134089589119e-03
4.571000000000103682e+03 1.150295021943747997e-03
4.571900000000104228e+03 1.139122061431407928e-03
4.572800000000104774e+03 1.157755730673670769e-03
4.573700000000104410e+03 1.177339931018650532e-03
4.574600000000104046e+03 1.176081830635666847e-03
4.575500000000104592e+03 1.167179318144917488e-03
4.576400000000105138e+03 1.165705616585910320e-03
4.577300000000104774e+03 1.168744871392846107e-03
4.578200000000104410e+03 1.164468470960855484e-03
4.579100000000104956e+03 1.151772798039019108e-03
4.580000000000105501e+03 1.141532673500478268e-03
4.580900000000105138e+03 1.140278065577149391e-03
4.581800000000104774e+03 1.138938823714852333e-03
4.582700000000105319e+03 1.129678566940128803e-03
4.583600000000105865e+03 1.123694935813546181e-03
4.584500000000105501e+03 1.133056473918259144e-03
4.585400000000105138e+03 1.144908717833459377e-03
4.586300000000105683e+03 1.146180788055062294e-03
4.587200000000106229e+03 1.143341884016990662e-03
4.588100000000105865e+03 1.146620139479637146e-03
4.589000000000105501e+03 1.154982601292431355e-03
4.589900000000106047e+03 1.158001367002725601e-03
4.590800000000106593e+03 1.149784307926893234e-03
4.591700000000106229e+03 1.140428590588271618e-03
4.592600000000105865e+03 1.141937449574470520e-03
4.593500000000106411e+03 1.147949369624257088e-03
4.594400000000106957e+03 1.147560426034033298e-03
4.595300000000106593e+03 1.143133733421564102e-03
4.596200000000106229e+03 1.143153407610952854e-03
4.597100000000106775e+03 1.146777416579425335e-03
4.598000000000107320e+03 1.151427626609802246e-03
4.598900000000106957e+03 1.155713573098182678e-03
4.599800000000106593e+03 1.152194803580641747e-03
4.600700000000107138e+03 1.145444577559828758e-03
4.601600000000107684e+03 1.147297327406704426e-03
4.602500000000107320e+03 1.152395037934184074e-03
4.603400000000106957e+03 1.152962795458734035e-03
4.604300000000107502e+03 1.148340525105595589e-03
4.605200000000108048e+03 1.142917433753609657e-03
4.606100000000107684e+03 1.144141191616654396e-03
4.607000000000107320e+03 1.155421021394431591e-03
4.607900000000107866e+03 1.171953161247074604e-03
4.608800000000108412e+03 1.183434040285646915e-03
4.609700000000108048e+03 1.182348467409610748e-03
4.610600000000107684e+03 1.172447926364839077e-03
4.611500000000108230e+03 1.162614440545439720e-03
4.612400000000108776e+03 1.156214624643325806e-03
4.613300000000108412e+03 1.153763383626937866e-03
4.614200000000108048e+03 1.157551072537899017e-03
4.615100000000108594e+03 1.158287515863776207e-03
4.616000000000109139e+03 1.153507269918918610e-03
4.616900000000108776e+03 1.153016113676130772e-03
4.617800000000108412e+03 1.151137403212487698e-03
4.618700000000108957e+03 1.140296692028641701e-03
4.619600000000109503e+03 1.134600141085684299e-03
4.620500000000109139e+03 1.142245018854737282e-03
4.621400000000108776e+03 1.151610631495714188e-03
4.622300000000109321e+03 1.156904851086437702e-03
4.623200000000109867e+03 1.161313266493380070e-03
4.624100000000109503e+03 1.161566586233675480e-03
4.625000000000109139e+03 1.154300291091203690e-03
4.625900000000109685e+03 1.148227485828101635e-03
4.626800000000110231e+03 1.148419221863150597e-03
4.627700000000109867e+03 1.144316396676003933e-03
4.628600000000109503e+03 1.131501747295260429e-03
4.629500000000110049e+03 1.127305207774043083e-03
4.630400000000110595e+03 1.141672139056026936e-03
4.631300000000110231e+03 1.156850601546466351e-03
4.632200000000109867e+03 1.151505392044782639e-03
4.633100000000110413e+03 1.131389988586306572e-03
4.634000000000110958e+03 1.118302694521844387e-03
4.634900000000110595e+03 1.120422733947634697e-03
4.635800000000110231e+03 1.129074255004525185e-03
4.636700000000110776e+03 1.131336670368909836e-03
4.637600000000111322e+03 1.126679708249866962e-03
4.638500000000110958e+03 1.123127527534961700e-03
4.639400000000110595e+03 1.120309578254818916e-03
4.640300000000111140e+03 1.121296430937945843e-03
4.641200000000111686e+03 1.130348304286599159e-03
4.642100000000111322e+03 1.138384919613599777e-03
4.643000000000110958e+03 1.136764069087803364e-03
4.643900000000111504e+03 1.130695571191608906e-03
4.644800000000112050e+03 1.122644636780023575e-03
4.645700000000111686e+03 1.108935335651040077e-03
4.646600000000111322e+03 1.097458880394697189e-03
4.647500000000111868e+03 1.096983556635677814e-03
4.648400000000112414e+03 1.105039729736745358e-03
4.649300000000112050e+03 1.115904306061565876e-03
4.650200000000111686e+03 1.126471324823796749e-03
4.651100000000112232e+03 1.133705023676156998e-03
4.652000000000112777e+03 1.137839746661484241e-03
4.652900000000112414e+03 1.138416468165814877e-03
4.653800000000112050e+03 1.130260061472654343e-03
4.654700000000112595e+03 1.116984407417476177e-03
4.655600000000113141e+03 1.108296448364853859e-03
4.656500000000112777e+03 1.108201220631599426e-03
4.657400000000112414e+03 1.121329260058701038e-03
4.658300000000112959e+03 1.142595196142792702e-03
4.659200000000113505e+03 1.158475177362561226e-03
4.660100000000113141e+03 1.161220832727849483e-03
4.661000000000112777e+03 1.151142409071326256e-03
4.661900000000113323e+03 1.132463687099516392e-03
4.662800000000113869e+03 1.115748891606926918e-03
4.663700000000113505e+03 1.111254328861832619e-03
4.664600000000113141e+03 1.114404527470469475e-03
4.665500000000113687e+03 1.106370938941836357e-03
4.666400000000114233e+03 1.084859599359333515e-03
4.667300000000113869e+03 1.069561927579343319e-03
4.668200000000113505e+03 1.072295242920517921e-03
4.669100000000114051e+03 1.086001168005168438e-03
4.670000000000114596e+03 1.100764260627329350e-03
4.670900000000114233e+03 1.111944671720266342e-03
4.671800000000113869e+03 1.114234910346567631e-03
4.672700000000114414e+03 1.109367003664374352e-03
4.673600000000114960e+03 1.106203533709049225e-03
4.674500000000114596e+03 1.109553617425262928e-03
4.675400000000114233e+03 1.119353109970688820e-03
4.676300000000114778e+03 1.129003358073532581e-03
4.677200000000115324e+03 1.127610565163195133e-03
4.678100000000114960e+03 1.116158906370401382e-03
4.679000000000114596e+03 1.105496194213628769e-03
4.679900000000115142e+03 1.099930843338370323e-03
4.680800000000115688e+03 1.096692518331110477e-03
4.681700000000115324e+03 1.097390777431428432e-03
4.682600000000114960e+03 1.105485018342733383e-03
4.683500000000115506e+03 1.114637940190732479e-03
4.684400000000116052e+03 1.116897678002715111e-03
4.685300000000115688e+03 1.115948078222572803e-03
4.686200000000115324e+03 1.114116981625556946e-03
4.687100000000115870e+03 1.108818221837282181e-03
4.688000000000116415e+03 1.103474758565425873e-03
4.688900000000116052e+03 1.103808055631816387e-03
4.689800000000115688e+03 1.105854520574212074e-03
4.690700000000116233e+03 1.103938440792262554e-03
4.691600000000116779e+03 1.102002453990280628e-03
4.692500000000116415e+03 1.104447874240577221e-03
4.693400000000116052e+03 1.107968506403267384e-03
4.694300000000116597e+03 1.112799043767154217e-03
4.695200000000117143e+03 1.120735192671418190e-03
4.696100000000116779e+03 1.124399714171886444e-03
4.697000000000116415e+03 1.115149236284196377e-03
4.697900000000116961e+03 1.097283093258738518e-03
4.698800000000117507e+03 1.086586271412670612e-03
4.699700000000117143e+03 1.089253346435725689e-03
4.700600000000116779e+03 1.095287036150693893e-03
4.701500000000117325e+03 1.093813567422330379e-03
4.702400000000117871e+03 1.088089891709387302e-03
4.703300000000117507e+03 1.088014454580843449e-03
4.704200000000117143e+03 1.096553634852170944e-03
4.705100000000117689e+03 1.104213879443705082e-03
4.706000000000118234e+03 1.101899193599820137e-03
4.706900000000117871e+03 1.092161051928997040e-03
4.707800000000117507e+03 1.083977520465850830e-03
4.708700000000118052e+03 1.081644208170473576e-03
4.709600000000118598e+03 1.086318981833755970e-03
4.710500000000118234e+03 1.096695545129477978e-03
4.711400000000117871e+03 1.101548899896442890e-03
4.712300000000118416e+03 1.092729973606765270e-03
4.713200000000118962e+03 1.080138259567320347e-03
4.714100000000118598e+03 1.074356841854751110e-03
4.715000000000118234e+03 1.078739413060247898e-03
4.715900000000118780e+03 1.091278740204870701e-03
4.716800000000119326e+03 1.101805013604462147e-03
4.717700000000118962e+03 1.106663490645587444e-03
4.718600000000118598e+03 1.111720339395105839e-03
4.719500000000119144e+03 1.117443549446761608e-03
4.720400000000119690e+03 1.119165099225938320e-03
4.721300000000119326e+03 1.114761456847190857e-03
4.722200000000118962e+03 1.106890267692506313e-03
4.723100000000119508e+03 1.104423776268959045e-03
4.724000000000120053e+03 1.111058634705841541e-03
4.724900000000119690e+03 1.117211300879716873e-03
4.725800000000119326e+03 1.110588083975017071e-03
4.726700000000119871e+03 1.088588731363415718e-03
4.727600000000120417e+03 1.065655960701406002e-03
4.728500000000120053e+03 1.057425863109529018e-03
4.729400000000119690e+03 1.059089205227792263e-03
4.730300000000120235e+03 1.060900860466063023e-03
4.731200000000120781e+03 1.066185650415718555e-03
4.732100000000120417e+03 1.077622175216674805e-03
4.733000000000120053e+03 1.085937605239450932e-03
4.733900000000120599e+03 1.089315512217581272e-03
4.734800000000121145e+03 1.092684455215930939e-03
4.735700000000120781e+03 1.088837278075516224e-03
4.736600000000120417e+03 1.077999710105359554e-03
4.737500000000120963e+03 1.076137297786772251e-03
4.738400000000121508e+03 1.085149706341326237e-03
4.739300000000121145e+03 1.089666853658854961e-03
4.740200000000120781e+03 1.085572061128914356e-03
4.741100000000121327e+03 1.081750961020588875e-03
4.742000000000121872e+03 1.082474598661065102e-03
4.742900000000121508e+03 1.086511532776057720e-03
4.743800000000121145e+03 1.088192337192595005e-03
4.744700000000121690e+03 1.085939817130565643e-03
4.745600000000122236e+03 1.088104210793972015e-03
4.746500000000121872e+03 1.094184350222349167e-03
4.747400000000121508e+03 1.094729872420430183e-03
4.748300000000122054e+03 1.090213307179510593e-03
4.749200000000122600e+03 1.089843688532710075e-03
4.750100000000122236e+03 1.093056169338524342e-03
4.751000000000121872e+03 1.092002377845346928e-03
4.751900000000122418e+03 1.085541676729917526e-03
4.752800000000122964e+03 1.079580979421734810e-03
4.753700000000122600e+03 1.073938794434070587e-03
4.754600000000122236e+03 1.066220342181622982e-03
4.755500000000122782e+03 1.062164665199816227e-03
4.756400000000123327e+03 1.065100426785647869e-03
4.757300000000122964e+03 1.070582191459834576e-03
4.758200000000122600e+03 1.073877909220755100e-03
4.759100000000123146e+03 1.076790154911577702e-03
4.760000000000123691e+03 1.077668159268796444e-03
4.760900000000123327e+03 1.069113612174987793e-03
4.761800000000122964e+03 1.053972868248820305e-03
4.762700000000123509e+03 1.042954041622579098e-03
4.763600000000124055e+03 1.036481116898357868e-03
4.764500000000123691e+03 1.030215411446988583e-03
4.765400000000123327e+03 1.027810620144009590e-03
4.766300000000123873e+03 1.033445238135755062e-03
4.767200000000124419e+03 1.044228440150618553e-03
4.768100000000124055e+03 1.054603140801191330e-03
4.769000000000123691e+03 1.062762341462075710e-03
4.769900000000124237e+03 1.065320451743900776e-03
4.770800000000124783e+03 1.058968366123735905e-03
4.771700000000124419e+03 1.051538391038775444e-03
4.772600000000124055e+03 1.052474952302873135e-03
4.773500000000124601e+03 1.062351977452635765e-03
4.774400000000125146e+03 1.071548089385032654e-03
4.775300000000124783e+03 1.072215265594422817e-03
4.776200000000124419e+03 1.070593716576695442e-03
4.777100000000124965e+03 1.074071042239665985e-03
4.778000000000125510e+03 1.074822386726737022e-03
4.778900000000125146e+03 1.068521640263497829e-03
4.779800000000124783e+03 1.063119038008153439e-03
4.780700000000125328e+03 1.064250827766954899e-03
4.781600000000125874e+03 1.063444768078625202e-03
4.782500000000125510e+03 1.054716180078685284e-03
4.783400000000125146e+03 1.047472818754613400e-03
4.784300000000125692e+03 1.049852813594043255e-03
4.785200000000126238e+03 1.051542349159717560e-03
4.786100000000125874e+03 1.046321820467710495e-03
4.787000000000125510e+03 1.045205630362033844e-03
4.787900000000126056e+03 1.049281330779194832e-03
4.788800000000126602e+03 1.048798090778291225e-03
4.789700000000126238e+03 1.045830897055566311e-03
4.790600000000125874e+03 1.046304940246045589e-03
4.791500000000126420e+03 1.048922888003289700e-03
4.792400000000126965e+03 1.054375665262341499e-03
4.793300000000126602e+03 1.065628486685454845e-03
4.794200000000126238e+03 1.076703658327460289e-03
4.795100000000126784e+03 1.078423112630844116e-03
4.796000000000127329e+03 1.071233651600778103e-03
4.796900000000126965e+03 1.062028692103922367e-03
4.797800000000126602e+03 1.053019892424345016e-03
4.798700000000127147e+03 1.043552882038056850e-03
4.799600000000127693e+03 1.039228285662829876e-03
4.800500000000127329e+03 1.044629258103668690e-03
4.801400000000126965e+03 1.057017710991203785e-03
4.802300000000127511e+03 1.065615448169410229e-03
4.803200000000128057e+03 1.062650466337800026e-03
4.804100000000127693e+03 1.049082260578870773e-03
4.805000000000127329e+03 1.035250723361968994e-03
4.805900000000127875e+03 1.030760467983782291e-03
4.806800000000128421e+03 1.030847080983221531e-03
4.807700000000128057e+03 1.031124149449169636e-03
4.808600000000127693e+03 1.034325570799410343e-03
4.809500000000128239e+03 1.039239345118403435e-03
4.810400000000128784e+03 1.040016883052885532e-03
4.811300000000128421e+03 1.036155736073851585e-03
4.812200000000128057e+03 1.034510205499827862e-03
4.813100000000128603e+03 1.037229434587061405e-03
4.814000000000129148e+03 1.038922928273677826e-03
4.814900000000128784e+03 1.038297661580145359e-03
4.815800000000128421e+03 1.040042028762400150e-03
4.816700000000128966e+03 1.045265933498740196e-03
4.817600000000129512e+03 1.049199723638594151e-03
4.818500000000129148e+03 1.051377737894654274e-03
4.819400000000128784e+03 1.052072970196604729e-03
4.820300000000129330e+03 1.049737446010112762e-03
4.821200000000129876e+03 1.044305623508989811e-03
4.822100000000129512e+03 1.029672333970665932e-03
4.823000000000129148e+03 1.005525235086679459e-03
4.823900000000129694e+03 9.934796253219246864e-04
4.824800000000130240e+03 1.005593221634626389e-03
4.825700000000129876e+03 1.024008146487176418e-03
4.826600000000129512e+03 1.030356623232364655e-03
4.827500000000130058e+03 1.025448087602853775e-03
4.828400000000130603e+03 1.018612412735819817e-03
4.829300000000130240e+03 1.016670488752424717e-03
4.830200000000129876e+03 1.016434398479759693e-03
4.831100000000130422e+03 1.010035513900220394e-03
4.832000000000130967e+03 1.001565484330058098e-03
4.832900000000130603e+03 1.003062585368752480e-03
4.833800000000130240e+03 1.010960782878100872e-03
4.834700000000130785e+03 1.012461143545806408e-03
4.835600000000131331e+03 1.005896250717341900e-03
4.836500000000130967e+03 1.001948490738868713e-03
4.837400000000130603e+03 1.002527656964957714e-03
4.838300000000131149e+03 9.953913977369666100e-04
4.839200000000131695e+03 9.821167914196848869e-04
4.840100000000131331e+03 9.753695339895784855e-04
4.841000000000130967e+03 9.766827570274472237e-04
4.841900000000131513e+03 9.740286041051149368e-04
4.842800000000132059e+03 9.637651965022087097e-04
4.843700000000131695e+03 9.572693961672484875e-04
4.844600000000131331e+03 9.594564908184111118e-04
4.845500000000131877e+03 9.596257004886865616e-04
4.846400000000132422e+03 9.475872502662241459e-04
4.847300000000132059e+03 9.241926018148660660e-04
4.848200000000131695e+03 9.019547724165022373e-04
4.849100000000132241e+03 8.929933537729084492e-04
4.850000000000132786e+03 8.911381592042744160e-04
4.850900000000132422e+03 8.823719108477234840e-04
4.851800000000132059e+03 8.669794769957661629e-04
4.852700000000132604e+03 8.486211299896240234e-04
4.853600000000133150e+03 8.206097409129142761e-04
4.854500000000132786e+03 7.801104220561683178e-04
4.855400000000132422e+03 7.418483728542923927e-04
4.856300000000132968e+03 7.174349739216268063e-04
4.857200000000133514e+03 6.951995892450213432e-04
4.858100000000133150e+03 6.577855674549937248e-04
4.859000000000132786e+03 5.990904173813760281e-04
4.859900000000133332e+03 5.238971207290887833e-04
4.860800000000133878e+03 4.661039565689861774e-04
4.861700000000133514e+03 4.730066575575619936e-04
4.862600000000133150e+03 5.371721927076578140e-04
4.863500000000133696e+03 6.043483735993504524e-04
4.864400000000134241e+03 6.536419969052076340e-04
4.865300000000133878e+03 6.977186421863734722e-04
4.866200000000133514e+03 7.390505052171647549e-04
4.867100000000134060e+03 7.718505803495645523e-04
4.868000000000134605e+03 7.980599766597151756e-04
4.868900000000134241e+03 8.223173208534717560e-04
4.869800000000133878e+03 8.370174909941852093e-04
4.870700000000134423e+03 8.385292603634297848e-04
4.871600000000134969e+03 8.436223142780363560e-04
4.872500000000134605e+03 8.643601904623210430e-04
4.873400000000134241e+03 8.888204465620219707e-04
4.874300000000134787e+03 9.018597775138914585e-04
4.875200000000135333e+03 9.059344884008169174e-04
4.876100000000134969e+03 9.141202317550778389e-04
4.877000000000134605e+03 9.292672621086239815e-04
4.877900000000135151e+03 9.466087212786078453e-04
4.878800000000135697e+03 9.649257990531623363e-04
4.879700000000135333e+03 9.748841403052210808e-04
4.880600000000134969e+03 9.680283255875110626e-04
4.881500000000135515e+03 9.581781923770904541e-04
4.882400000000136060e+03 9.591211564838886261e-04
4.883300000000135697e+03 9.635668830014765263e-04
4.884200000000135333e+03 9.609573171474039555e-04
4.885100000000135879e+03 9.539998136460781097e-04
4.886000000000136424e+03 9.532988187856972218e-04
4.886900000000136060e+03 9.616236784495413303e-04
4.887800000000135697e+03 9.715681080706417561e-04
4.888700000000136242e+03 9.754201164469122887e-04
4.889600000000136788e+03 9.698487701825797558e-04
4.890500000000136424e+03 9.571647387929260731e-04
4.891400000000136060e+03 9.562671766616404057e-04
4.892300000000136606e+03 9.755070204846560955e-04
4.893200000000137152e+03 9.976769797503948212e-04
4.894100000000136788e+03 1.012247405014932156e-03
4.895000000000136424e+03 1.020907191559672356e-03
4.895900000000136970e+03 1.023047952912747860e-03
4.896800000000137516e+03 1.022244803607463837e-03
4.897700000000137152e+03 1.020546420477330685e-03
4.898600000000136788e+03 1.011763932183384895e-03
4.899500000000137334e+03 9.970654500648379326e-04
4.900400000000137879e+03 9.913987014442682266e-04
4.901300000000137516e+03 9.970105020329356194e-04
4.902200000000137152e+03 9.990145917981863022e-04
4.903100000000137697e+03 9.949206141754984856e-04
4.904000000000138243e+03 9.971690597012639046e-04
4.904900000000137879e+03 1.009090687148272991e-03
4.905800000000137516e+03 1.020351541228592396e-03
4.906700000000138061e+03 1.019770745187997818e-03
4.907600000000138607e+03 1.008793595246970654e-03
4.908500000000138243e+03 9.950028033927083015e-04
4.909400000000137879e+03 9.813350625336170197e-04
4.910300000000138425e+03 9.724150295369327068e-04
4.911200000000138971e+03 9.744909475557506084e-04
4.912100000000138607e+03 9.842321742326021194e-04
4.913000000000138243e+03 9.934676345437765121e-04
4.913900000000138789e+03 1.001518685370683670e-03
4.914800000000139335e+03 1.011077663861215115e-03
4.915700000000138971e+03 1.016199006699025631e-03
4.916600000000138607e+03 1.009995583444833755e-03
4.917500000000139153e+03 9.919214062392711639e-04
4.918400000000139698e+03 9.656177135184407234e-04
4.919300000000139335e+03 9.393829968757927418e-04
4.920200000000138971e+03 9.231190197169780731e-04
4.921100000000139516e+03 9.246268891729414463e-04
4.922000000000140062e+03 9.367708116769790649e-04
4.922900000000139698e+03 9.422533912584185600e-04
4.923800000000139335e+03 9.411925566382706165e-04
4.924700000000139880e+03 9.520676103420555592e-04
4.925600000000140426e+03 9.772639023140072823e-04
4.926500000000140062e+03 9.977236622944474220e-04
4.927400000000139698e+03 1.004937919788062572e-03
4.928300000000140244e+03 1.010241103358566761e-03
4.929200000000140790e+03 1.016505411826074123e-03
4.930100000000140426e+03 1.017594011500477791e-03
4.931000000000140062e+03 1.015394460409879684e-03
4.931900000000140608e+03 1.007061568088829517e-03
4.932800000000141154e+03 9.877494303509593010e-04
4.933700000000140790e+03 9.743802365846931934e-04
4.934600000000140426e+03 9.822694119065999985e-04
4.935500000000140972e+03 9.947528596967458725e-04
4.936400000000141517e+03 9.911265224218368530e-04
4.937300000000141154e+03 9.732845355756580830e-04
4.938200000000140790e+03 9.568317327648401260e-04
4.939100000000141335e+03 9.571184054948389530e-04
4.940000000000141881e+03 9.750472381711006165e-04
4.940900000000141517e+03 9.939820738509297371e-04
4.941800000000141154e+03 1.000863267108798027e-03
4.942700000000141699e+03 1.002210890874266624e-03
4.943600000000142245e+03 1.005563535727560520e-03
4.944500000000141881e+03 1.004021498374640942e-03
4.945400000000141517e+03 9.973336709663271904e-04
4.946300000000142063e+03 9.951104875653982162e-04
4.947200000000142609e+03 9.982391493394970894e-04
4.948100000000142245e+03 1.000209827907383442e-03
4.949000000000141881e+03 1.001043245196342468e-03
4.949900000000142427e+03 1.003863057121634483e-03
4.950800000000142973e+03 1.005709171295166016e-03
4.951700000000142609e+03 1.001467579044401646e-03
4.952600000000142245e+03 9.933734545484185219e-04
4.953500000000142791e+03 9.876050753518939018e-04
4.954400000000143336e+03 9.854857344180345535e-04
4.955300000000142973e+03 9.799899999052286148e-04
4.956200000000142609e+03 9.589508408680558205e-04
4.957100000000143154e+03 9.312862530350685120e-04
4.958000000000143700e+03 9.287326829507946968e-04
4.958900000000143336e+03 9.548491216264665127e-04
4.959800000000142973e+03 9.787464514374732971e-04
4.960700000000143518e+03 9.842310100793838501e-04
4.961600000000144064e+03 9.806629968807101250e-04
4.962500000000143700e+03 9.806274902075529099e-04
4.963400000000143336e+03 9.815223747864365578e-04
4.964300000000143882e+03 9.735372150316834450e-04
4.965200000000144428e+03 9.601806523278355598e-04
4.966100000000144064e+03 9.533798438496887684e-04
4.967000000000143700e+03 9.528573718853294849e-04
4.967900000000144246e+03 9.537299629300832748e-04
4.968800000000144792e+03 9.566700318828225136e-04
4.969700000000144428e+03 9.621844510547816753e-04
4.970600000000144064e+03 9.673851309344172478e-04
4.971500000000144610e+03 9.714160696603357792e-04
4.972400000000145155e+03 9.742987458594143391e-04
4.973300000000144792e+03 9.773883502930402756e-04
4.974200000000144428e+03 9.801997803151607513e-04
4.975100000000144973e+03 9.786018636077642441e-04
4.976000000000145519e+03 9.726759162731468678e-04
4.976900000000145155e+03 9.656478650867938995e-04
4.977800000000144792e+03 9.589461842551827431e-04
4.978700000000145337e+03 9.555245051160454750e-04
4.979600000000145883e+03 9.549122187308967113e-04
4.980500000000145519e+03 9.496852871961891651e-04
4.981400000000145155e+03 9.348931489512324333e-04
4.982300000000145701e+03 9.188714320771396160e-04
4.983200000000146247e+03 9.147658129222691059e-04
4.984100000000145883e+03 9.225376998074352741e-04
4.985000000000145519e+03 9.340347023680806160e-04
4.985900000000146065e+03 9.474481921643018723e-04
4.986800000000146611e+03 9.620009805075824261e-04
4.987700000000146247e+03 9.679743088781833649e-04
4.988600000000145883e+03 9.623981313779950142e-04
4.989500000000146429e+03 9.523565531708300114e-04
4.990400000000146974e+03 9.439685381948947906e-04
4.991300000000146611e+03 9.436588734388351440e-04
4.992200000000146247e+03 9.500111918896436691e-04
4.993100000000146792e+03 9.511869866400957108e-04
4.994000000000147338e+03 9.496404090896248817e-04
4.994900000000146974e+03 9.545359062030911446e-04
4.995800000000146611e+03 9.599713957868516445e-04
4.996700000000147156e+03 9.598866454325616360e-04
4.997600000000147702e+03 9.559077443554997444e-04
4.998500000000147338e+03 9.463016176596283913e-04
4.999400000000146974e+03 9.331336477771401405e-04
5.000300000000147520e+03 9.229574352502822876e-04
5.001200000000148066e+03 9.179470362141728401e-04
5.002100000000147702e+03 9.187817922793328762e-04
5.003000000000147338e+03 9.224571986123919487e-04
5.003900000000147884e+03 9.214752935804426670e-04
5.004800000000148430e+03 9.133156272582709789e-04
5.005700000000148066e+03 9.039712604135274887e-04
5.006600000000147702e+03 9.054507827386260033e-04
5.007500000000148248e+03 9.214358287863433361e-04
5.008400000000148793e+03 9.376152302138507366e-04
5.009300000000148430e+03 9.411578066647052765e-04
5.010200000000148066e+03 9.371678461320698261e-04
5.011100000000148611e+03 9.294436313211917877e-04
5.012000000000149157e+03 9.164335206151008606e-04
5.012900000000148793e+03 9.026034385897219181e-04
5.013800000000148430e+03 8.929591858759522438e-04
5.014700000000148975e+03 8.927960298024117947e-04
5.015600000000149521e+03 9.018236887641251087e-04
5.016500000000149157e+03 9.044848266057670116e-04
5.017400000000148793e+03 8.912699413485825062e-04
5.018300000000149339e+03 8.811730076558887959e-04
5.019200000000149885e+03 8.912169141694903374e-04
5.020100000000149521e+03 9.082456235773861408e-04
5.021000000000149157e+03 9.127434459514915943e-04
5.021900000000149703e+03 9.079680894501507282e-04
5.022800000000150249e+03 9.098910377360880375e-04
5.023700000000149885e+03 9.217080078087747097e-04
5.024600000000149521e+03 9.313212940469384193e-04
5.025500000000150067e+03 9.324636193923652172e-04
5.026400000000150612e+03 9.247179259546101093e-04
5.027300000000150249e+03 9.145738440565764904e-04
5.028200000000149885e+03 9.162515052594244480e-04
5.029100000000150430e+03 9.258788195438683033e-04
5.030000000000150976e+03 9.292528266087174416e-04
5.030900000000150612e+03 9.289460140280425549e-04
5.031800000000150249e+03 9.345816215500235558e-04
5.032700000000150794e+03 9.451672667637467384e-04
5.033600000000151340e+03 9.497291175648570061e-04
5.034500000000150976e+03 9.367380989715456963e-04
5.035400000000150612e+03 9.150236146524548531e-04
5.036300000000151158e+03 9.081547614187002182e-04
5.037200000000151704e+03 9.176527382805943489e-04
5.038100000000151340e+03 9.200692875310778618e-04
5.039000000000150976e+03 9.029114735312759876e-04
5.039900000000151522e+03 8.734121220186352730e-04
5.040800000000152068e+03 8.537697140127420425e-04
5.041700000000151704e+03 8.680681348778307438e-04
5.042600000000151340e+03 9.042162564583122730e-04
5.043500000000151886e+03 9.303481201641261578e-04
5.044400000000152431e+03 9.418054833076894283e-04
5.045300000000152068e+03 9.490600205026566982e-04
5.046200000000151704e+03 9.499721927568316460e-04
5.047100000000152249e+03 9.370003244839608669e-04
5.048000000000152795e+03 9.182101930491626263e-04
5.048900000000152431e+03 9.083432378247380257e-04
5.049800000000152068e+03 9.091173997148871422e-04
5.050700000000152613e+03 9.111933759413659573e-04
5.051600000000153159e+03 9.112204425036907196e-04
5.052500000000152795e+03 9.154033032245934010e-04
5.053400000000152431e+03 9.232804877683520317e-04
5.054300000000152977e+03 9.229950373992323875e-04
5.055200000000153523e+03 9.107905207201838493e-04
5.056100000000153159e+03 9.037490817718207836e-04
5.057000000000152795e+03 9.146603988483548164e-04
5.057900000000153341e+03 9.312711190432310104e-04
5.058800000000153887e+03 9.391672792844474316e-04
5.059700000000153523e+03 9.405983728356659412e-04
5.060600000000153159e+03 9.432625956833362579e-04
5.061500000000153705e+03 9.467366035096347332e-04
5.062400000000154250e+03 9.450052748434245586e-04
5.063300000000153887e+03 9.314864873886108398e-04
5.064200000000153523e+03 9.107417427003383636e-04
5.065100000000154068e+03 9.017973789013922215e-04
5.066000000000154614e+03 9.088206570595502853e-04
5.066900000000154250e+03 9.138357127085328102e-04
5.067800000000153887e+03 9.107035584747791290e-04
5.068700000000154432e+03 9.106906945817172527e-04
5.069600000000154978e+03 9.180514607578516006e-04
5.070500000000154614e+03 9.208312258124351501e-04
5.071400000000154250e+03 9.117274312302470207e-04
5.072300000000154796e+03 9.049698128364980221e-04
5.073200000000155342e+03 9.101143805310130119e-04
5.074100000000154978e+03 9.146599913947284222e-04
5.075000000000154614e+03 9.098767186515033245e-04
5.075900000000155160e+03 9.074122644960880280e-04
5.076800000000155705e+03 9.146328666247427464e-04
5.077700000000155342e+03 9.159700130112469196e-04
5.078600000000154978e+03 8.978906553238630295e-04
5.079500000000155524e+03 8.772989967837929726e-04
5.080400000000156069e+03 8.758811163716018200e-04
5.081300000000155705e+03 8.878125809133052826e-04
5.082200000000155342e+03 8.959203260019421577e-04
5.083100000000155887e+03 8.973907679319381714e-04
5.084000000000156433e+03 9.010320063680410385e-04
5.084900000000156069e+03 9.077388094738125801e-04
5.085800000000155705e+03 9.101129835471510887e-04
5.086700000000156251e+03 9.075368288904428482e-04
5.087600000000156797e+03 9.074744884856045246e-04
5.088500000000156433e+03 9.118917514570057392e-04
5.089400000000156069e+03 9.153191931545734406e-04
5.090300000000156615e+03 9.145252988673746586e-04
5.091200000000157161e+03 9.142659837380051613e-04
5.092100000000156797e+03 9.180115885101258755e-04
5.093000000000156433e+03 9.220532374456524849e-04
5.093900000000156979e+03 9.221334476023912430e-04
5.094800000000157524e+03 9.178232867270708084e-04
5.095700000000157161e+03 9.092747932299971581e-04
5.096600000000156797e+03 8.976844255812466145e-04
5.097500000000157343e+03 8.855467895045876503e-04
5.098400000000157888e+03 8.747195242904126644e-04
5.099300000000157524e+03 8.709211833775043488e-04
5.100200000000157161e+03 8.796420879662036896e-04
5.101100000000157706e+03 8.934541838243603706e-04
5.102000000000158252e+03 9.014362585730850697e-04
5.102900000000157888e+03 9.021662990562617779e-04
5.103800000000157524e+03 9.004031307995319366e-04
5.104700000000158070e+03 8.988265180960297585e-04
5.105600000000158616e+03 8.958761463873088360e-04
5.106500000000158252e+03 8.897029911167919636e-04
5.107400000000157888e+03 8.849679143168032169e-04
5.108300000000158434e+03 8.861058158800005913e-04
5.109200000000158980e+03 8.863760740496218204e-04
5.110100000000158616e+03 8.850588928908109665e-04
5.111000000000158252e+03 8.906862349249422550e-04
5.111900000000158798e+03 8.990835631266236305e-04
5.112800000000159343e+03 9.026881307363510132e-04
5.113700000000158980e+03 9.053224348463118076e-04
5.114600000000158616e+03 9.083728073164820671e-04
5.115500000000159162e+03 9.102841722778975964e-04
5.116400000000159707e+03 9.132931008934974670e-04
5.117300000000159343e+03 9.179681655950844288e-04
5.118200000000158980e+03 9.188217809423804283e-04
5.119100000000159525e+03 9.144116775132715702e-04
5.120000000000160071e+03 9.074683184735476971e-04
5.120900000000159707e+03 8.993659284897148609e-04
5.121800000000159343e+03 8.878541993908584118e-04
5.122700000000159889e+03 8.732635178603231907e-04
5.123600000000160435e+03 8.651509997434914112e-04
5.124500000000160071e+03 8.689797832630574703e-04
5.125400000000159707e+03 8.747671963647007942e-04
5.126300000000160253e+03 8.741692290641367435e-04
5.127200000000160799e+03 8.699799655005335808e-04
5.128100000000160435e+03 8.681799517944455147e-04
5.129000000000160071e+03 8.695597643963992596e-04
5.129900000000160617e+03 8.751183049753308296e-04
5.130800000000161162e+03 8.838071953505277634e-04
5.131700000000160799e+03 8.895368082448840141e-04
5.132600000000160435e+03 8.898900705389678478e-04
5.133500000000160981e+03 8.909940370358526707e-04
5.134400000000161526e+03 8.984649903140962124e-04
5.135300000000161162e+03 9.034599643200635910e-04
5.136200000000160799e+03 8.966925088316202164e-04
5.137100000000161344e+03 8.858134387992322445e-04
5.138000000000161890e+03 8.776977192610502243e-04
5.138900000000161526e+03 8.723787032067775726e-04
5.139800000000161162e+03 8.773402078077197075e-04
5.140700000000161708e+03 8.847329299896955490e-04
5.141600000000162254e+03 8.775122696533799171e-04
5.142500000000161890e+03 8.658421575091779232e-04
5.143400000000161526e+03 8.674958953633904457e-04
5.144300000000162072e+03 8.740704506635665894e-04
5.145200000000162618e+03 8.722579223103821278e-04
5.146100000000162254e+03 8.661669562570750713e-04
5.147000000000161890e+03 8.624918991699814796e-04
5.147900000000162436e+03 8.618163410574197769e-04
5.148800000000162981e+03 8.649288793094456196e-04
5.149700000000162618e+03 8.669736562296748161e-04
5.150600000000162254e+03 8.638117578811943531e-04
5.151500000000162800e+03 8.588515338487923145e-04
5.152400000000163345e+03 8.554251398891210556e-04
5.153300000000162981e+03 8.534297230653464794e-04
5.154200000000162618e+03 8.572444203309714794e-04
5.155100000000163163e+03 8.683306514285504818e-04
5.156000000000163709e+03 8.793462184257805347e-04
5.156900000000163345e+03 8.871952886693179607e-04
5.157800000000162981e+03 8.914267527870833874e-04
5.158700000000163527e+03 8.917091763578355312e-04
5.159600000000164073e+03 8.913794881664216518e-04
5.160500000000163709e+03 8.903156267479062080e-04
5.161400000000163345e+03 8.843957330100238323e-04
5.162300000000163891e+03 8.775437599979341030e-04
5.163200000000164437e+03 8.746222592890262604e-04
5.164100000000164073e+03 8.682829211466014385e-04
5.165000000000163709e+03 8.492560009472072124e-04
5.165900000000164255e+03 8.207452483475208282e-04
5.166800000000164800e+03 7.920206408016383648e-04
5.167700000000164437e+03 7.741292938590049744e-04
5.168600000000164073e+03 7.781700114719569683e-04
5.169500000000164619e+03 8.028682786971330643e-04
5.170400000000165164e+03 8.206300553865730762e-04
5.171300000000164800e+03 8.086632587946951389e-04
5.172200000000164437e+03 7.880593184381723404e-04
5.173100000000164982e+03 7.948415004648268223e-04
5.174000000000165528e+03 8.271604892797768116e-04
5.174900000000165164e+03 8.533603395335376263e-04
5.175800000000164800e+03 8.578057750128209591e-04
5.176700000000165346e+03 8.533593500033020973e-04
5.177600000000165892e+03 8.538350230082869530e-04
5.178500000000165528e+03 8.577521657571196556e-04
5.179400000000165164e+03 8.587203337810933590e-04
5.180300000000165710e+03 8.563713054172694683e-04
5.181200000000166256e+03 8.477354422211647034e-04
5.182100000000165892e+03 8.236528956331312656e-04
5.183000000000165528e+03 7.923682569526135921e-04
5.183900000000166074e+03 7.845971267670392990e-04
5.184800000000166619e+03 8.097757818177342415e-04
5.185700000000166256e+03 8.410282898694276810e-04
5.186600000000165892e+03 8.571342332288622856e-04
5.187500000000166438e+03 8.576425025239586830e-04
5.188400000000166983e+03 8.553987136110663414e-04
5.189300000000166619e+03 8.615759434178471565e-04
5.190200000000166256e+03 8.622026070952415466e-04
5.191100000000166801e+03 8.421485545113682747e-04
5.192000000000167347e+03 8.215120178647339344e-04
5.192900000000166983e+03 8.234616834670305252e-04
5.193800000000166619e+03 8.352663717232644558e-04
5.194700000000167165e+03 8.381128427572548389e-04
5.195600000000167711e+03 8.373019518330693245e-04
5.196500000000167347e+03 8.403090760111808777e-04
5.197400000000166983e+03 8.446676074527204037e-04
5.198300000000167529e+03 8.504882571287453175e-04
5.199200000000168075e+03 8.571920916438102722e-04
5.200100000000167711e+03 8.603069582022726536e-04
5.201000000000167347e+03 8.589312201365828514e-04
5.201900000000167893e+03 8.563409792259335518e-04
5.202800000000168438e+03 8.529723854735493660e-04
5.203700000000168075e+03 8.422117680311203003e-04
5.204600000000167711e+03 8.243779884651303291e-04
5.205500000000168257e+03 8.143770392052829266e-04
5.206400000000168802e+03 8.183541358448565006e-04
5.207300000000168438e+03 8.216378046199679375e-04
5.208200000000168075e+03 8.183339959941804409e-04
5.209100000000168620e+03 8.205242920666933060e-04
5.210000000000169166e+03 8.306473027914762497e-04
5.210900000000168802e+03 8.426062995567917824e-04
5.211800000000168438e+03 8.546957978978753090e-04
5.212700000000168984e+03 8.627432398498058319e-04
5.213600000000169530e+03 8.607748895883560181e-04
5.214500000000169166e+03 8.481216500513255596e-04
5.215400000000168802e+03 8.336877799592912197e-04
5.216300000000169348e+03 8.305751252919435501e-04
5.217200000000169894e+03 8.406810229644179344e-04
5.218100000000169530e+03 8.544747252017259598e-04
5.219000000000169166e+03 8.626337512396275997e-04
5.219900000000169712e+03 8.653129916638135910e-04
5.220800000000170257e+03 8.662422769702970982e-04
5.221700000000169894e+03 8.644807967357337475e-04
5.222600000000169530e+03 8.568243938498198986e-04
5.223500000000170076e+03 8.422402315773069859e-04
5.224400000000170621e+03 8.235231507569551468e-04
5.225300000000170257e+03 8.017821237444877625e-04
5.226200000000169894e+03 7.830400136299431324e-04
5.227100000000170439e+03 7.855428266339004040e-04
5.228000000000170985e+03 8.150794310495257378e-04
5.228900000000170621e+03 8.466356084682047367e-04
5.229800000000170257e+03 8.616499253548681736e-04
5.230700000000170803e+03 8.650458767078816891e-04
5.231600000000171349e+03 8.572734077461063862e-04
5.232500000000170985e+03 8.388015558011829853e-04
5.233400000000170621e+03 8.238218724727630615e-04
5.234300000000171167e+03 8.225289057008922100e-04
5.235200000000171713e+03 8.327517425641417503e-04
5.236100000000171349e+03 8.458889788016676903e-04
5.237000000000170985e+03 8.532428182661533356e-04
5.237900000000171531e+03 8.546661119908094406e-04
5.238800000000172076e+03 8.536688401363790035e-04
5.239700000000171713e+03 8.525347220711410046e-04
5.240600000000171349e+03 8.547948091290891171e-04
5.241500000000171894e+03 8.573000668548047543e-04
5.242400000000172440e+03 8.566263713873922825e-04
5.243300000000172076e+03 8.585552568547427654e-04
5.244200000000171713e+03 8.650889503769576550e-04
5.245100000000172258e+03 8.626797352917492390e-04
5.246000000000172804e+03 8.428712608292698860e-04
5.246900000000172440e+03 8.233758271671831608e-04
5.247800000000172076e+03 8.228885126300156116e-04
5.248700000000172622e+03 8.299102191813290119e-04
5.249600000000173168e+03 8.254683343693614006e-04
5.250500000000172804e+03 8.186114719137549400e-04
5.251400000000172440e+03 8.240973693318665028e-04
5.252300000000172986e+03 8.360158535651862621e-04
5.253200000000173532e+03 8.401385275647044182e-04
5.254100000000173168e+03 8.321671048179268837e-04
5.255000000000172804e+03 8.262963965535163879e-04
5.255900000000173350e+03 8.367173140868544579e-04
5.256800000000173895e+03 8.544803131371736526e-04
5.257700000000173532e+03 8.648018701933324337e-04
5.258600000000173168e+03 8.638018625788390636e-04
5.259500000000173713e+03 8.545545861124992371e-04
5.260400000000174259e+03 8.425508858636021614e-04
5.261300000000173895e+03 8.301272173412144184e-04
5.262200000000173532e+03 8.147252956405282021e-04
5.263100000000174077e+03 7.973256870172917843e-04
5.264000000000174623e+03 7.826285436749458313e-04
5.264900000000174259e+03 7.757624262012541294e-04
5.265800000000173895e+03 7.819961174391210079e-04
5.266700000000174441e+03 8.020987152121961117e-04
5.267600000000174987e+03 8.152504451572895050e-04
5.268500000000174623e+03 8.000306552276015282e-04
5.269400000000174259e+03 7.754094549454748631e-04
5.270300000000174805e+03 7.782742613926529884e-04
5.271200000000175351e+03 8.058907114900648594e-04
5.272100000000174987e+03 8.262073970399796963e-04
5.273000000000174623e+03 8.282095077447593212e-04
5.273900000000175169e+03 8.187216008082032204e-04
5.274800000000175714e+03 8.040446555241942406e-04
5.275700000000175351e+03 8.021835819818079472e-04
5.276600000000174987e+03 8.240407332777976990e-04
5.277500000000175532e+03 8.486129809170961380e-04
5.278400000000176078e+03 8.549265330657362938e-04
5.279300000000175714e+03 8.461087709292769432e-04
5.280200000000175351e+03 8.354447199963033199e-04
5.281100000000175896e+03 8.299083565361797810e-04
5.282000000000176442e+03 8.251440012827515602e-04
5.282900000000176078e+03 8.168239728547632694e-04
5.283800000000175714e+03 8.144515450112521648e-04
5.284700000000176260e+03 8.299123728647828102e-04
5.285600000000176806e+03 8.537883404642343521e-04
5.286500000000176442e+03 8.657553116790950298e-04
5.287400000000176078e+03 8.626811904832720757e-04
5.288300000000176624e+03 8.560944697819650173e-04
5.289200000000177170e+03 8.559173438698053360e-04
5.290100000000176806e+03 8.600456058047711849e-04
5.291000000000176442e+03 8.604981121607124805e-04
5.291900000000176988e+03 8.546479512006044388e-04
5.292800000000177533e+03 8.471593027934432030e-04
5.293700000000177170e+03 8.425167761743068695e-04
5.294600000000176806e+03 8.382499800063669682e-04
5.295500000000177351e+03 8.275152067653834820e-04
5.296400000000177897e+03 8.081858395598828793e-04
5.297300000000177533e+03 7.918155170045793056e-04
5.298200000000177170e+03 7.933499291539192200e-04
5.299100000000177715e+03 8.100427803583443165e-04
5.300000000000178261e+03 8.236960275098681450e-04
5.300900000000177897e+03 8.241505711339414120e-04
5.301800000000177533e+03 8.213852997869253159e-04
5.302700000000178079e+03 8.286784286610782146e-04
5.303600000000178625e+03 8.435322670266032219e-04
5.304500000000178261e+03 8.534665103070437908e-04
5.305400000000177897e+03 8.517486276105046272e-04
5.306300000000178443e+03 8.434352348558604717e-04
5.307200000000178989e+03 8.382861851714551449e-04
5.308100000000178625e+03 8.417957578785717487e-04
5.309000000000178261e+03 8.498921524733304977e-04
5.309900000000178807e+03 8.540541166439652443e-04
5.310800000000179352e+03 8.524577715434134007e-04
5.311700000000178989e+03 8.481433033011853695e-04
5.312600000000178625e+03 8.421437814831733704e-04
5.313500000000179170e+03 8.376508485525846481e-04
5.314400000000179716e+03 8.344232919625937939e-04
5.315300000000179352e+03 8.235063869506120682e-04
5.316200000000178989e+03 8.095129742287099361e-04
5.317100000000179534e+03 8.097802055999636650e-04
5.318000000000180080e+03 8.223925833590328693e-04
5.318900000000179716e+03 8.316704770550131798e-04
5.319800000000179352e+03 8.336384198628365993e-04
5.320700000000179898e+03 8.345413953065872192e-04
5.321600000000180444e+03 8.347966941073536873e-04
5.322500000000180080e+03 8.301241323351860046e-04
5.323400000000179716e+03 8.192772511392831802e-04
5.324300000000180262e+03 8.121381397359073162e-04
5.325200000000180808e+03 8.158449199981987476e-04
5.326100000000180444e+03 8.142476435750722885e-04
5.327000000000180080e+03 7.912091678008437157e-04
5.327900000000180626e+03 7.617159863002598286e-04
5.328800000000181171e+03 7.587854634039103985e-04
5.329700000000180808e+03 7.835343712940812111e-04
5.330600000000180444e+03 8.093226933851838112e-04
5.331500000000180989e+03 8.199652074836194515e-04
5.332400000000181535e+03 8.206132915802299976e-04
5.333300000000181171e+03 8.234967826865613461e-04
5.334200000000180808e+03 8.298616157844662666e-04
5.335100000000181353e+03 8.325749658979475498e-04
5.336000000000181899e+03 8.290727273561060429e-04
5.336900000000181535e+03 8.244436467066407204e-04
5.337800000000181171e+03 8.219053270295262337e-04
5.338700000000181717e+03 8.136848919093608856e-04
5.339600000000182263e+03 7.986049749888479710e-04
5.340500000000181899e+03 7.928633713163435459e-04
5.341400000000181535e+03 8.059217361733317375e-04
5.342300000000182081e+03 8.231499814428389072e-04
5.343200000000182627e+03 8.307595853693783283e-04
5.344100000000182263e+03 8.281992049887776375e-04
5.345000000000181899e+03 8.192177047021687031e-04
5.345900000000182445e+03 8.131447248160839081e-04
5.346800000000182990e+03 8.148857159540057182e-04
5.347700000000182627e+03 8.148921187967061996e-04
5.348600000000182263e+03 8.100691484287381172e-04
5.349500000000182808e+03 8.110693888738751411e-04
5.350400000000183354e+03 8.218796574510633945e-04
5.351300000000182990e+03 8.335975580848753452e-04
5.352200000000182627e+03 8.371321600861847401e-04
5.353100000000183172e+03 8.374250028282403946e-04
5.354000000000183718e+03 8.426784188486635685e-04
5.354900000000183354e+03 8.494057692587375641e-04
5.355800000000182990e+03 8.511906489729881287e-04
5.356700000000183536e+03 8.501730626448988914e-04
5.357600000000184082e+03 8.486873121000826359e-04
5.358500000000183718e+03 8.470266475342214108e-04
5.359400000000183354e+03 8.446780848316848278e-04
5.360300000000183900e+03 8.383328677155077457e-04
5.361200000000184446e+03 8.268962847068905830e-04
5.362100000000184082e+03 8.169887005351483822e-04
5.363000000000183718e+03 8.145865867845714092e-04
5.363900000000184264e+03 8.155684918165206909e-04
5.364800000000184809e+03 8.142194710671901703e-04
5.365700000000184446e+03 8.140059071592986584e-04
5.366600000000184082e+03 8.158251293934881687e-04
5.367500000000184627e+03 8.160309516824781895e-04
5.368400000000185173e+03 8.104277658276259899e-04
5.369300000000184809e+03 7.956158369779586792e-04
5.370200000000184446e+03 7.787020294927060604e-04
5.371100000000184991e+03 7.757298299111425877e-04
5.372000000000185537e+03 7.924074889160692692e-04
5.372900000000185173e+03 8.159512653946876526e-04
5.373800000000184809e+03 8.308525430038571358e-04
5.374700000000185355e+03 8.346484974026679993e-04
5.375600000000185901e+03 8.306677336804568768e-04
5.376500000000185537e+03 8.248575613833963871e-04
5.377400000000185173e+03 8.247800287790596485e-04
5.378300000000185719e+03 8.282273192889988422e-04
5.379200000000186265e+03 8.274536812677979469e-04
5.380100000000185901e+03 8.210821542888879776e-04
5.381000000000185537e+03 8.157986449077725410e-04
5.381900000000186083e+03 8.134183008223772049e-04
5.382800000000186628e+03 8.106871391646564007e-04
5.383700000000186265e+03 8.125930326059460640e-04
5.384600000000185901e+03 8.193989051505923271e-04
5.385500000000186446e+03 8.213424589484930038e-04
5.386400000000186992e+03 8.173354435712099075e-04
5.387300000000186628e+03 8.136508986353874207e-04
5.388200000000186265e+03 8.105922024697065353e-04
5.389100000000186810e+03 8.035523351281881332e-04
5.390000000000187356e+03 7.965929107740521431e-04
5.390900000000186992e+03 7.948444690555334091e-04
5.391800000000186628e+03 7.969805737957358360e-04
5.392700000000187174e+03 7.985287229530513287e-04
5.393600000000187720e+03 7.981865201145410538e-04
5.394500000000187356e+03 7.965313270688056946e-04
5.395400000000186992e+03 7.885156082920730114e-04
5.396300000000187538e+03 7.733477978035807610e-04
5.397200000000188084e+03 7.689604535698890686e-04
5.398100000000187720e+03 7.841748301871120930e-04
5.399000000000187356e+03 7.995215128175914288e-04
5.399900000000187902e+03 8.004145347513258457e-04
5.400800000000188447e+03 7.959304493851959705e-04
5.401700000000188084e+03 7.968107820488512516e-04
5.402600000000187720e+03 7.962486124597489834e-04
5.403500000000188265e+03 7.844753563404083252e-04
5.404400000000188811e+03 7.669597398489713669e-04
5.405300000000188447e+03 7.578709046356379986e-04
5.406200000000188084e+03 7.648818427696824074e-04
5.407100000000188629e+03 7.797395810484886169e-04
5.408000000000189175e+03 7.849100511521100998e-04
5.408900000000188811e+03 7.767422939650714397e-04
5.409800000000188447e+03 7.706485339440405369e-04
5.410700000000188993e+03 7.799806189723312855e-04
5.411600000000189539e+03 7.974306354299187660e-04
5.412500000000189175e+03 8.070412441156804562e-04
5.413400000000188811e+03 8.047008886933326721e-04
5.414300000000189357e+03 7.992034661583602428e-04
5.415200000000189902e+03 8.017378859221935272e-04
5.416100000000189539e+03 8.113017538562417030e-04
5.417000000000189175e+03 8.171509252861142159e-04
5.417900000000189721e+03 8.144935709424316883e-04
5.418800000000190266e+03 8.066832087934017181e-04
5.419700000000189902e+03 7.988205179572105408e-04
5.420600000000189539e+03 7.962845265865325928e-04
5.421500000000190084e+03 8.016293868422508240e-04
5.422400000000190630e+03 8.042524568736553192e-04
5.423300000000190266e+03 7.951172883622348309e-04
5.424200000000189902e+03 7.861164631322026253e-04
5.425100000000190448e+03 7.918562041595578194e-04
5.426000000000190994e+03 8.067720336839556694e-04
5.426900000000190630e+03 8.150723297148942947e-04
5.427800000000190266e+03 8.041796390898525715e-04
5.428700000000190812e+03 7.796825375407934189e-04
5.429600000000191358e+03 7.684021256864070892e-04
5.430500000000190994e+03 7.806114736013114452e-04
5.431400000000190630e+03 7.916617323644459248e-04
5.432300000000191176e+03 7.851372938603162766e-04
5.433200000000191721e+03 7.747269701212644577e-04
5.434100000000191358e+03 7.703329320065677166e-04
5.435000000000190994e+03 7.713182712905108929e-04
5.435900000000191540e+03 7.767555071040987968e-04
5.436800000000192085e+03 7.867236854508519173e-04
5.437700000000191721e+03 8.002889226190745831e-04
5.438600000000191358e+03 8.120803977362811565e-04
5.439500000000191903e+03 8.180110016837716103e-04
5.440400000000192449e+03 8.186777122318744659e-04
5.441300000000192085e+03 8.165853796526789665e-04
5.442200000000191721e+03 8.155484101735055447e-04
5.443100000000192267e+03 8.142683072946965694e-04
5.444000000000192813e+03 8.062135311774909496e-04
5.444900000000192449e+03 7.897144532762467861e-04
5.445800000000192085e+03 7.693446823395788670e-04
5.446700000000192631e+03 7.592671900056302547e-04
5.447600000000193177e+03 7.679954869672656059e-04
5.448500000000192813e+03 7.828001398593187332e-04
5.449400000000192449e+03 7.906642858870327473e-04
5.450300000000192995e+03 7.914599264040589333e-04
5.451200000000193540e+03 7.893685833550989628e-04
5.452100000000193177e+03 7.852993439882993698e-04
5.453000000000192813e+03 7.782616885378956795e-04
5.453900000000193359e+03 7.663350552320480347e-04
5.454800000000193904e+03 7.523127715103328228e-04
5.455700000000193540e+03 7.502202061004936695e-04
5.456600000000193177e+03 7.653214852325618267e-04
5.457500000000193722e+03 7.832919945940375328e-04
5.458400000000194268e+03 7.913894951343536377e-04
5.459300000000193904e+03 7.886979146860539913e-04
5.460200000000193540e+03 7.823117775842547417e-04
5.461100000000194086e+03 7.766540511511266232e-04
5.462000000000194632e+03 7.697897381149232388e-04
5.462900000000194268e+03 7.647601887583732605e-04
5.463800000000193904e+03 7.687452598474919796e-04
5.464700000000194450e+03 7.749240030534565449e-04
5.465600000000194996e+03 7.728178752586245537e-04
5.466500000000194632e+03 7.698127883486449718e-04
5.467400000000194268e+03 7.746888441033661366e-04
5.468300000000194814e+03 7.799857994541525841e-04
5.469200000000195359e+03 7.779648294672369957e-04
5.470100000000194996e+03 7.731147925369441509e-04
5.471000000000194632e+03 7.720086141489446163e-04
5.471900000000195178e+03 7.702860748395323753e-04
5.472800000000195723e+03 7.641110569238662720e-04
5.473700000000195359e+03 7.619324605911970139e-04
5.474600000000194996e+03 7.631751941516995430e-04
5.475500000000195541e+03 7.546086562797427177e-04
5.476400000000196087e+03 7.415357395075261593e-04
5.477300000000195723e+03 7.441584020853042603e-04
5.478200000000195359e+03 7.619199459441006184e-04
5.479100000000195905e+03 7.733931415714323521e-04
5.480000000000196451e+03 7.665152661502361298e-04
5.480900000000196087e+03 7.529263384640216827e-04
5.481800000000195723e+03 7.499504717998206615e-04
5.482700000000196269e+03 7.593820337206125259e-04
5.483600000000196815e+03 7.731243968009948730e-04
5.484500000000196451e+03 7.842746563255786896e-04
5.485400000000196087e+03 7.855091243982315063e-04
5.486300000000196633e+03 7.744910544715821743e-04
5.487200000000197178e+03 7.625456200912594795e-04
5.488100000000196815e+03 7.624746067449450493e-04
5.489000000000196451e+03 7.684788433834910393e-04
5.489900000000196997e+03 7.713004015386104584e-04
5.490800000000197542e+03 7.729755598120391369e-04
5.491700000000197178e+03 7.732511148788034916e-04
5.492600000000196815e+03 7.685633609071373940e-04
5.493500000000197360e+03 7.651919731870293617e-04
5.494400000000197906e+03 7.700882852077484131e-04
5.495300000000197542e+03 7.744278409518301487e-04
5.496200000000197178e+03 7.681894931010901928e-04
5.497100000000197724e+03 7.599887321703135967e-04
5.498000000000198270e+03 7.644869619980454445e-04
5.498900000000197906e+03 7.758936262689530849e-04
5.499800000000197542e+03 7.757721468806266785e-04
5.500700000000198088e+03 7.626810111105442047e-04
5.501600000000198634e+03 7.515826728194952011e-04
5.502500000000198270e+03 7.511663134209811687e-04
5.503400000000197906e+03 7.571252644993364811e-04
5.504300000000198452e+03 7.593728369101881981e-04
5.505200000000198997e+03 7.519252831116318703e-04
5.506100000000198634e+03 7.436546729877591133e-04
5.507000000000198270e+03 7.482156506739556789e-04
5.507900000000198816e+03 7.591454195789992809e-04
5.508800000000199361e+03 7.613720372319221497e-04
5.509700000000198997e+03 7.561928359791636467e-04
5.510600000000198634e+03 7.502718945033848286e-04
5.511500000000199179e+03 7.446027593687176704e-04
5.512400000000199725e+03 7.421345217153429985e-04
5.513300000000199361e+03 7.446488016285002232e-04
5.514200000000198997e+03 7.487998227588832378e-04
5.515100000000199543e+03 7.525967084802687168e-04
5.516000000000200089e+03 7.566376589238643646e-04
5.516900000000199725e+03 7.634693756699562073e-04
5.517800000000199361e+03 7.727136253379285336e-04
5.518700000000199907e+03 7.782414322718977928e-04
5.519600000000200453e+03 7.764318143017590046e-04
5.520500000000200089e+03 7.720326539129018784e-04
5.521400000000199725e+03 7.701246649958193302e-04
5.522300000000200271e+03 7.707013282924890518e-04
5.523200000000200816e+03 7.711090147495269775e-04
5.524100000000200453e+03 7.687518955208361149e-04
5.525000000000200089e+03 7.638258393853902817e-04
5.525900000000200635e+03 7.577821379527449608e-04
5.526800000000201180e+03 7.498101331293582916e-04
5.527700000000200816e+03 7.420795736834406853e-04
5.528600000000200453e+03 7.429742836393415928e-04
5.529500000000200998e+03 7.539404323324561119e-04
5.530400000000201544e+03 7.635474903509020805e-04
5.531300000000201180e+03 7.648281753063201904e-04
5.532200000000200816e+03 7.618938689120113850e-04
5.533100000000201362e+03 7.575429626740515232e-04
5.534000000000201908e+03 7.510170107707381248e-04
5.534900000000201544e+03 7.476476603187620640e-04
5.535800000000201180e+03 7.527301204390823841e-04
5.536700000000201726e+03 7.590801105834543705e-04
5.537600000000202272e+03 7.607151055708527565e-04
5.538500000000201908e+03 7.628908497281372547e-04
5.539400000000201544e+03 7.686702883802354336e-04
5.540300000000202090e+03 7.734853425063192844e-04
5.541200000000202635e+03 7.726080366410315037e-04
5.542100000000202272e+03 7.652163621969521046e-04
5.543000000000201908e+03 7.568479049950838089e-04
5.543900000000202454e+03 7.540161604993045330e-04
5.544800000000202999e+03 7.542712846770882607e-04
5.545700000000202635e+03 7.545896223746240139e-04
5.546600000000202272e+03 7.579425000585615635e-04
5.547500000000202817e+03 7.650030893273651600e-04
5.548400000000203363e+03 7.706187316216528416e-04
5.549300000000202999e+03 7.722229347564280033e-04
5.550200000000202635e+03 7.725778850726783276e-04
5.551100000000203181e+03 7.715534302406013012e-04
5.552000000000203727e+03 7.678736001253128052e-04
5.552900000000203363e+03 7.620814139954745770e-04
5.553800000000202999e+03 7.568430155515670776e-04
5.554700000000203545e+03 7.563685066998004913e-04
5.555600000000204091e+03 7.589352899231016636e-04
5.556500000000203727e+03 7.582995458506047726e-04
5.557400000000203363e+03 7.538599893450737000e-04
5.558300000000203909e+03 7.518201018683612347e-04
5.559200000000204454e+03 7.539254729636013508e-04
5.560100000000204091e+03 7.557090721093118191e-04
5.561000000000203727e+03 7.535489276051521301e-04
5.561900000000204273e+03 7.493508746847510338e-04
5.562800000000204818e+03 7.477099425159394741e-04
5.563700000000204454e+03 7.501283544115722179e-04
5.564600000000204091e+03 7.506360998377203941e-04
5.565500000000204636e+03 7.466567330993711948e-04
5.566400000000205182e+03 7.443432696163654327e-04
5.567300000000204818e+03 7.454386213794350624e-04
5.568200000000204454e+03 7.446527015417814255e-04
5.569100000000205000e+03 7.414267747662961483e-04
5.570000000000205546e+03 7.447700481861829758e-04
5.570900000000205182e+03 7.525624241679906845e-04
5.571800000000204818e+03 7.504211389459669590e-04
5.572700000000205364e+03 7.431569392792880535e-04
5.573600000000205910e+03 7.459056796506047249e-04
5.574500000000205546e+03 7.528516580350697041e-04
5.575400000000205182e+03 7.520914659835398197e-04
5.576300000000205728e+03 7.488260162062942982e-04
5.577200000000206273e+03 7.484629168175160885e-04
5.578100000000205910e+03 7.476924802176654339e-04
5.579000000000205546e+03 7.492980803363025188e-04
5.579900000000206091e+03 7.535713375546038151e-04
5.580800000000206637e+03 7.535648182965815067e-04
5.581700000000206273e+03 7.501333602704107761e-04
5.582600000000205910e+03 7.488618139177560806e-04
5.583500000000206455e+03 7.484540110453963280e-04
5.584400000000207001e+03 7.453130092471837997e-04
5.585300000000206637e+03 7.371457759290933609e-04
5.586200000000206273e+03 7.246431778185069561e-04
5.587100000000206819e+03 7.144592236727476120e-04
5.588000000000207365e+03 7.126553100533783436e-04
5.588900000000207001e+03 7.177352090366184711e-04
5.589800000000206637e+03 7.255434757098555565e-04
5.590700000000207183e+03 7.320950389839708805e-04
5.591600000000207729e+03 7.341282325796782970e-04
5.592500000000207365e+03 7.332285749725997448e-04
5.593400000000207001e+03 7.317692507058382034e-04
5.594300000000207547e+03 7.338211871683597565e-04
5.595200000000208092e+03 7.436547311954200268e-04
5.596100000000207729e+03 7.519623031839728355e-04
5.597000000000207365e+03 7.458282634615898132e-04
5.597900000000207910e+03 7.325412589125335217e-04
5.598800000000208456e+03 7.262262515723705292e-04
5.599700000000208092e+03 7.260145503096282482e-04
5.600600000000207729e+03 7.244079606607556343e-04
5.601500000000208274e+03 7.209427421912550926e-04
5.602400000000208820e+03 7.202624110504984856e-04
5.603300000000208456e+03 7.263437146320939064e-04
5.604200000000208092e+03 7.371692336164414883e-04
5.605100000000208638e+03 7.462733192369341850e-04
5.606000000000209184e+03 7.515866309404373169e-04
5.606900000000208820e+03 7.531080627813935280e-04
5.607800000000208456e+03 7.516768528148531914e-04
5.608700000000209002e+03 7.494382443837821484e-04
5.609600000000209548e+03 7.477769395336508751e-04
5.610500000000209184e+03 7.482992950826883316e-04
5.611400000000208820e+03 7.520609069615602493e-04
5.612300000000209366e+03 7.547623827122151852e-04
5.613200000000209911e+03 7.491849246434867382e-04
5.614100000000209548e+03 7.311208173632621765e-04
5.615000000000209184e+03 7.130040903575718403e-04
5.615900000000209729e+03 7.129611331038177013e-04
5.616800000000210275e+03 7.261204882524907589e-04
5.617700000000209911e+03 7.341362652368843555e-04
5.618600000000209548e+03 7.316116243600845337e-04
5.619500000000210093e+03 7.271124050021171570e-04
5.620400000000210639e+03 7.280991994775831699e-04
5.621300000000210275e+03 7.341470336541533470e-04
5.622200000000209911e+03 7.364652701653540134e-04
5.623100000000210457e+03 7.267536129802465439e-04
5.624000000000211003e+03 7.129205041565001011e-04
5.624900000000210639e+03 7.088202401064336300e-04
5.625800000000210275e+03 7.162563852034509182e-04
5.626700000000210821e+03 7.246491149999201298e-04
5.627600000000211367e+03 7.281946600414812565e-04
5.628500000000211003e+03 7.321869488805532455e-04
5.629400000000210639e+03 7.370465900748968124e-04
5.630300000000211185e+03 7.393409032374620438e-04
5.631200000000211730e+03 7.393033010885119438e-04
5.632100000000211367e+03 7.380905444733798504e-04
5.633000000000211003e+03 7.354954141192138195e-04
5.633900000000211548e+03 7.324343896470963955e-04
5.634800000000212094e+03 7.287336629815399647e-04
5.635700000000211730e+03 7.233641226775944233e-04
5.636600000000211367e+03 7.175322971306741238e-04
5.637500000000211912e+03 7.149097509682178497e-04
5.638400000000212458e+03 7.171950419433414936e-04
5.639300000000212094e+03 7.197233499027788639e-04
5.640200000000211730e+03 7.177647785283625126e-04
5.641100000000212276e+03 7.151433965191245079e-04
5.642000000000212822e+03 7.166515570133924484e-04
5.642900000000212458e+03 7.190576870925724506e-04
5.643800000000212094e+03 7.194981444627046585e-04
5.644700000000212640e+03 7.195654907263815403e-04
5.645600000000213186e+03 7.207998423837125301e-04
5.646500000000212822e+03 7.234854856505990028e-04
5.647400000000212458e+03 7.256501121446490288e-04
5.648300000000213004e+03 7.244352600537240505e-04
5.649200000000213549e+03 7.224142900668084621e-04
5.650100000000213186e+03 7.232914213091135025e-04
5.651000000000212822e+03 7.279774872586131096e-04
5.651900000000213367e+03 7.334274123422801495e-04
5.652800000000213913e+03 7.335344562307000160e-04
5.653700000000213549e+03 7.264696178026497364e-04
5.654600000000213186e+03 7.203213754110038280e-04
5.655500000000213731e+03 7.222401909530162811e-04
5.656400000000214277e+03 7.222463609650731087e-04
5.657300000000213913e+03 7.076734327711164951e-04
5.658200000000213549e+03 6.924999761395156384e-04
5.659100000000214095e+03 6.965666543692350388e-04
5.660000000000214641e+03 7.112153689377009869e-04
5.660900000000214277e+03 7.156023057177662849e-04
5.661800000000213913e+03 7.090469589456915855e-04
5.662700000000214459e+03 7.063188240863382816e-04
5.663600000000215005e+03 7.135427440516650677e-04
5.664500000000214641e+03 7.227329188026487827e-04
5.665400000000214277e+03 7.257881807163357735e-04
5.666300000000214823e+03 7.209344767034053802e-04
5.667200000000215368e+03 7.132823229767382145e-04
5.668100000000215005e+03 7.096258923411369324e-04
5.669000000000214641e+03 7.110509322956204414e-04
5.669900000000215186e+03 7.136840722523629665e-04
5.670800000000215732e+03 7.165403803810477257e-04
5.671700000000215368e+03 7.227544556371867657e-04
5.672600000000215005e+03 7.300893194042146206e-04
5.673500000000215550e+03 7.331212400458753109e-04
5.674400000000216096e+03 7.308664498850703239e-04
5.675300000000215732e+03 7.282407023012638092e-04
5.676200000000215368e+03 7.295833202078938484e-04
5.677100000000215914e+03 7.304095197468996048e-04
5.678000000000216460e+03 7.273638038896024227e-04
5.678900000000216096e+03 7.241686689667403698e-04
5.679800000000215732e+03 7.239104015752673149e-04
5.680700000000216278e+03 7.228002650663256645e-04
5.681600000000216824e+03 7.161946268752217293e-04
5.682500000000216460e+03 7.106249686330556870e-04
5.683400000000216096e+03 7.127922726795077324e-04
5.684300000000216642e+03 7.188361487351357937e-04
5.685200000000217187e+03 7.201659609563648701e-04
5.686100000000216824e+03 7.144680130295455456e-04
5.687000000000216460e+03 7.082396186888217926e-04
5.687900000000217005e+03 7.073959568515419960e-04
5.688800000000217551e+03 7.117522181943058968e-04
5.689700000000217187e+03 7.179944659583270550e-04
5.690600000000216824e+03 7.229949114844202995e-04
5.691500000000217369e+03 7.273606606759130955e-04
5.692400000000217915e+03 7.306397310458123684e-04
5.693300000000217551e+03 7.291468791663646698e-04
5.694200000000217187e+03 7.243207655847072601e-04
5.695100000000217733e+03 7.216234225779771805e-04
5.696000000000218279e+03 7.222782005555927753e-04
5.696900000000217915e+03 7.206628215499222279e-04
5.697800000000217551e+03 7.151362951844930649e-04
5.698700000000218097e+03 7.113327155821025372e-04
5.699600000000218643e+03 7.092795567587018013e-04
5.700500000000218279e+03 7.044394151307642460e-04
5.701400000000217915e+03 6.994564901106059551e-04
5.702300000000218461e+03 7.011230918578803539e-04
5.703200000000219006e+03 7.084460812620818615e-04
5.704100000000218643e+03 7.132604951038956642e-04
5.705000000000218279e+03 7.097503403201699257e-04
5.705900000000218824e+03 7.013003923930227757e-04
5.706800000000219370e+03 6.946187932044267654e-04
5.707700000000219006e+03 6.898126448504626751e-04
5.708600000000218643e+03 6.864963215775787830e-04
5.709500000000219188e+03 6.897649145685136318e-04
5.710400000000219734e+03 6.941084866411983967e-04
5.711300000000219370e+03 6.929915398359298706e-04
5.712200000000219006e+03 6.966098444536328316e-04
5.713100000000219552e+03 7.078463677316904068e-04
5.714000000000220098e+03 7.153900805860757828e-04
5.714900000000219734e+03 7.164294365793466568e-04
5.715800000000219370e+03 7.158683147281408310e-04
5.716700000000219916e+03 7.146243588067591190e-04
5.717600000000220462e+03 7.123975083231925964e-04
5.718500000000220098e+03 7.127279532141983509e-04
5.719400000000219734e+03 7.154345512390136719e-04
5.720300000000220280e+03 7.179395179264247417e-04
5.721200000000220825e+03 7.211714982986450195e-04
5.722100000000220462e+03 7.248451584018766880e-04
5.723000000000220098e+03 7.259565754793584347e-04
5.723900000000220643e+03 7.247884059324860573e-04
5.724800000000221189e+03 7.217463571578264236e-04
5.725700000000220825e+03 7.146897842176258564e-04
5.726600000000220462e+03 7.054529851302504539e-04
5.727500000000221007e+03 7.036793977022171021e-04
5.728400000000221553e+03 7.114430773071944714e-04
5.729300000000221189e+03 7.168106967583298683e-04
5.730200000000220825e+03 7.123048999346792698e-04
5.731100000000221371e+03 7.051414577290415764e-04
5.732000000000221917e+03 7.059690542519092560e-04
5.732900000000221553e+03 7.134624756872653961e-04
5.733800000000221189e+03 7.185792783275246620e-04
5.734700000000221735e+03 7.195476209744811058e-04
5.735600000000222281e+03 7.176158251240849495e-04
5.736500000000221917e+03 7.141059031710028648e-04
5.737400000000221553e+03 7.119714282453060150e-04
5.738300000000222099e+03 7.115693297237157822e-04
5.739200000000222644e+03 7.115795160643756390e-04
5.740100000000222281e+03 7.120759692043066025e-04
5.741000000000221917e+03 7.118668872863054276e-04
5.741900000000222462e+03 7.092022569850087166e-04
5.742800000000223008e+03 7.070812862366437912e-04
5.743700000000222644e+03 7.105431286618113518e-04
5.744600000000222281e+03 7.178721134550869465e-04
5.745500000000222826e+03 7.217021193355321884e-04
5.746400000000223372e+03 7.163746631704270840e-04
5.747300000000223008e+03 7.045808015391230583e-04
5.748200000000222644e+03 6.989471730776131153e-04
5.749100000000223190e+03 7.052631117403507233e-04
5.750000000000223736e+03 7.143158582039177418e-04
5.750900000000223372e+03 7.148647564463317394e-04
5.751800000000223008e+03 7.060344796627759933e-04
5.752700000000223554e+03 6.950109382160007954e-04
5.753600000000224099e+03 6.893334211781620979e-04
5.754500000000223736e+03 6.942557520233094692e-04
5.755400000000223372e+03 7.063046796247363091e-04
5.756300000000223918e+03 7.158770458772778511e-04
5.757200000000224463e+03 7.194446516223251820e-04
5.758100000000224099e+03 7.173592457547783852e-04
5.759000000000223736e+03 7.103193202055990696e-04
5.759900000000224281e+03 7.007050444371998310e-04
5.760800000000224827e+03 6.911056698299944401e-04
5.761700000000224463e+03 6.847860640846192837e-04
5.762600000000224099e+03 6.855236133560538292e-04
5.763500000000224645e+03 6.950697861611843109e-04
5.764400000000225191e+03 7.069494458846747875e-04
5.765300000000224827e+03 7.122739334590733051e-04
5.766200000000224463e+03 7.129393052309751511e-04
5.767100000000225009e+03 7.125721895135939121e-04
5.768000000000225555e+03 7.106239791028201580e-04
5.768900000000225191e+03 7.080955547280609608e-04
5.769800000000224827e+03 7.061829091981053352e-04
5.770700000000225373e+03 7.043905206955969334e-04
5.771600000000225918e+03 7.015414303168654442e-04
5.772500000000225555e+03 7.010460249148309231e-04
5.773400000000225191e+03 7.016360177658498287e-04
5.774300000000225737e+03 7.001400808803737164e-04
5.775200000000226282e+03 7.000344339758157730e-04
5.776100000000225918e+03 7.025352097116410732e-04
5.777000000000225555e+03 7.043172372505068779e-04
5.777900000000226100e+03 7.037754985503852367e-04
5.778800000000226646e+03 6.981174228712916374e-04
5.779700000000226282e+03 6.852226215414702892e-04
5.780600000000225918e+03 6.713328184559941292e-04
5.781500000000226464e+03 6.671387818641960621e-04
5.782400000000227010e+03 6.718948716297745705e-04
5.783300000000226646e+03 6.749304593540728092e-04
5.784200000000226282e+03 6.711788591928780079e-04
5.785100000000226828e+03 6.686059641651809216e-04
5.786000000000227374e+03 6.753141642548143864e-04
5.786900000000227010e+03 6.859924178570508957e-04
5.787800000000226646e+03 6.931275711394846439e-04
5.788700000000227192e+03 6.961771287024021149e-04
5.789600000000227737e+03 6.930996896699070930e-04
5.790500000000227374e+03 6.869536009617149830e-04
5.791400000000227010e+03 6.875332910567522049e-04
5.792300000000227556e+03 6.943476037122309208e-04
5.793200000000228101e+03 7.000233163125813007e-04
5.794100000000227737e+03 7.034958107396960258e-04
5.795000000000227374e+03 7.054285961203277111e-04
5.795900000000227919e+03 7.020118064247071743e-04
5.796800000000228465e+03 6.923401379026472569e-04
5.797700000000228101e+03 6.866125622764229774e-04
5.798600000000227737e+03 6.935441633686423302e-04
5.799500000000228283e+03 7.054437883198261261e-04
5.800400000000228829e+03 7.124865078367292881e-04
5.801300000000228465e+03 7.146393763832747936e-04
5.802200000000228101e+03 7.131444290280342102e-04
5.803100000000228647e+03 7.061903597787022591e-04
5.804000000000229193e+03 6.976174190640449524e-04
5.804900000000228829e+03 6.935202982276678085e-04
5.805800000000228465e+03 6.939644808880984783e-04
5.806700000000229011e+03 6.961352773942053318e-04
5.807600000000229556e+03 6.983161438256502151e-04
5.808500000000229193e+03 6.997942109592258930e-04
5.809400000000228829e+03 7.014039438217878342e-04
5.810300000000229375e+03 7.025896338745951653e-04
5.811200000000229920e+03 7.022909121587872505e-04
5.812100000000229556e+03 7.008215179666876793e-04
5.813000000000229193e+03 6.987971137277781963e-04
5.813900000000229738e+03 6.951165851205587387e-04
5.814800000000230284e+03 6.890597287565469742e-04
5.815700000000229920e+03 6.847716867923736572e-04
5.816600000000229556e+03 6.871201912872493267e-04
5.817500000000230102e+03 6.948430673219263554e-04
5.818400000000230648e+03 7.012619171291589737e-04
5.819300000000230284e+03 7.035931921564042568e-04
5.820200000000229920e+03 7.039309130050241947e-04
5.821100000000230466e+03 7.028611144050955772e-04
5.822000000000231012e+03 7.008321117609739304e-04
5.822900000000230648e+03 6.989110843278467655e-04
5.823800000000230284e+03 6.983737112022936344e-04
5.824700000000230830e+03 6.998599274083971977e-04
5.825600000000231375e+03 7.008934626355767250e-04
5.826500000000231012e+03 7.007712847553193569e-04
5.827400000000230648e+03 7.010714616626501083e-04
5.828300000000231194e+03 7.022684440016746521e-04
5.829200000000231739e+03 7.035751477815210819e-04
5.830100000000231375e+03 7.029148982837796211e-04
5.831000000000231012e+03 7.015984738245606422e-04
5.831900000000231557e+03 7.016623276285827160e-04
5.832800000000232103e+03 7.007095846347510815e-04
5.833700000000231739e+03 6.965817883610725403e-04
5.834600000000231375e+03 6.931179086677730083e-04
5.835500000000231921e+03 6.950726965442299843e-04
5.836400000000232467e+03 6.986281368881464005e-04
5.837300000000232103e+03 6.970126996748149395e-04
5.838200000000231739e+03 6.931928219273686409e-04
5.839100000000232285e+03 6.932750111445784569e-04
5.840000000000232831e+03 6.973315030336380005e-04
5.840900000000232467e+03 7.016161689534783363e-04
5.841800000000232103e+03 7.037760806269943714e-04
5.842700000000232649e+03 7.041521603241562843e-04
5.843600000000233194e+03 7.018177420832216740e-04
5.844500000000232831e+03 6.974052521400153637e-04
5.845400000000232467e+03 6.927926442585885525e-04
5.846300000000233013e+03 6.877412670291960239e-04
5.847200000000233558e+03 6.839813431724905968e-04
5.848100000000233194e+03 6.836722604930400848e-04
5.849000000000232831e+03 6.853183149360120296e-04
5.849900000000233376e+03 6.855234387330710888e-04
5.850800000000233922e+03 6.825428572483360767e-04
5.851700000000233558e+03 6.757080554962158203e-04
5.852600000000233194e+03 6.679673097096383572e-04
5.853500000000233740e+03 6.660888320766389370e-04
5.854400000000234286e+03 6.719578523188829422e-04
5.855300000000233922e+03 6.762252305634319782e-04
5.856200000000233558e+03 6.713010952807962894e-04
5.857100000000234104e+03 6.624564412049949169e-04
5.858000000000234650e+03 6.605928647331893444e-04
5.858900000000234286e+03 6.664834218099713326e-04
5.859800000000233922e+03 6.732621695846319199e-04
5.860700000000234468e+03 6.766652804799377918e-04
5.861600000000235013e+03 6.746303406544029713e-04
5.862500000000234650e+03 6.714143091812729836e-04
5.863400000000234286e+03 6.728203152306377888e-04
5.864300000000234832e+03 6.769140018150210381e-04
5.865200000000235377e+03 6.768569000996649265e-04
5.866100000000235013e+03 6.714574992656707764e-04
5.867000000000234650e+03 6.684077088721096516e-04
5.867900000000235195e+03 6.723149563185870647e-04
5.868800000000235741e+03 6.790038896724581718e-04
5.869700000000235377e+03 6.826260359957814217e-04
5.870600000000235013e+03 6.813140935264527798e-04
5.871500000000235559e+03 6.765720900148153305e-04
5.872400000000236105e+03 6.712064496241509914e-04
5.873300000000235741e+03 6.685020634904503822e-04
5.874200000000235377e+03 6.659773061983287334e-04
5.875100000000235923e+03 6.604168447665870190e-04
5.876000000000236469e+03 6.577629246748983860e-04
5.876900000000236105e+03 6.618738407269120216e-04
5.877800000000235741e+03 6.657067569904029369e-04
5.878700000000236287e+03 6.643442320637404919e-04
5.879600000000236832e+03 6.598986219614744186e-04
5.880500000000236469e+03 6.588962860405445099e-04
5.881400000000236105e+03 6.632412550970911980e-04
5.882300000000236651e+03 6.663050735369324684e-04
5.883200000000237196e+03 6.641827058047056198e-04
5.884100000000236832e+03 6.618131883442401886e-04
5.885000000000236469e+03 6.630449206568300724e-04
5.885900000000237014e+03 6.648771814070641994e-04
5.886800000000237560e+03 6.603864603675901890e-04
5.887700000000237196e+03 6.406451575458049774e-04
5.888600000000236832e+03 6.007117917761206627e-04
5.889500000000237378e+03 5.638434668071568012e-04
5.890400000000237924e+03 5.665081553161144257e-04
5.891300000000237560e+03 6.006606854498386383e-04
5.892200000000237196e+03 6.288560689426958561e-04
5.893100000000237742e+03 6.378798861987888813e-04
5.894000000000238288e+03 6.286606076173484325e-04
5.894900000000237924e+03 6.012250669300556183e-04
5.895800000000237560e+03 5.811184528283774853e-04
5.896700000000238106e+03 5.958038964308798313e-04
5.897600000000238651e+03 6.258861976675689220e-04
5.898500000000238288e+03 6.417068070732057095e-04
5.899400000000237924e+03 6.458612042479217052e-04
5.900300000000238470e+03 6.495828274637460709e-04
5.901200000000239015e+03 6.527869845740497112e-04
5.902100000000238651e+03 6.536237779073417187e-04
5.903000000000238288e+03 6.550140678882598877e-04
5.903900000000238833e+03 6.562873022630810738e-04
5.904800000000239379e+03 6.549675017595291138e-04
5.905700000000239015e+03 6.528542726300656796e-04
5.906600000000238651e+03 6.535055581480264664e-04
5.907500000000239197e+03 6.568782846443355083e-04
5.908400000000239743e+03 6.592635763809084892e-04
5.909300000000239379e+03 6.591769633814692497e-04
5.910200000000239015e+03 6.601919885724782944e-04
5.911100000000239561e+03 6.620584754273295403e-04
5.912000000000240107e+03 6.605107919313013554e-04
5.912900000000239743e+03 6.536130094900727272e-04
5.913800000000239379e+03 6.458600400947034359e-04
5.914700000000239925e+03 6.429732893593609333e-04
5.915600000000240470e+03 6.451216759160161018e-04
5.916500000000240107e+03 6.500676390714943409e-04
5.917400000000239743e+03 6.545517244376242161e-04
5.918300000000240289e+03 6.553878192789852619e-04
5.919200000000240834e+03 6.558645982295274734e-04
5.920100000000240470e+03 6.571445846930146217e-04
5.921000000000240107e+03 6.555485306307673454e-04
5.921900000000240652e+03 6.521165487356483936e-04
5.922800000000241198e+03 6.512653781101107597e-04
5.923700000000240834e+03 6.538754096254706383e-04
5.924600000000240470e+03 6.572889396920800209e-04
5.925500000000241016e+03 6.604974623769521713e-04
5.926400000000241562e+03 6.615441525354981422e-04
5.927300000000241198e+03 6.591174751520156860e-04
5.928200000000240834e+03 6.541701732203364372e-04
5.929100000000241380e+03 6.482746102847158909e-04
5.930000000000241926e+03 6.460351287387311459e-04
5.930900000000241562e+03 6.515005952678620815e-04
5.931800000000241198e+03 6.588423275388777256e-04
5.932700000000241744e+03 6.596379680559039116e-04
5.933600000000242289e+03 6.533485138788819313e-04
5.934500000000241926e+03 6.476742564700543880e-04
5.935400000000241562e+03 6.496231653727591038e-04
5.936300000000242107e+03 6.550351390615105629e-04
5.937200000000242653e+03 6.583281792700290680e-04
5.938100000000242289e+03 6.607124814763665199e-04
5.939000000000241926e+03 6.612789584323763847e-04
5.939900000000242471e+03 6.553906132467091084e-04
5.940800000000243017e+03 6.465935730375349522e-04
5.941700000000242653e+03 6.434095557779073715e-04
5.942600000000242289e+03 6.465412443503737450e-04
5.943500000000242835e+03 6.513004773296415806e-04
5.944400000000243381e+03 6.560123292729258537e-04
5.945300000000243017e+03 6.596049061045050621e-04
5.946200000000242653e+03 6.599733605980873108e-04
5.947100000000243199e+03 6.548901437781751156e-04
5.948000000000243745e+03 6.461091106757521629e-04
5.948900000000243381e+03 6.413639057427644730e-04
5.949800000000243017e+03 6.455388502217829227e-04
5.950700000000243563e+03 6.518808077089488506e-04
5.951600000000244108e+03 6.502417381852865219e-04
5.952500000000243745e+03 6.438941345550119877e-04
5.953400000000243381e+03 6.444360478781163692e-04
5.954300000000243926e+03 6.495542475022375584e-04
5.955200000000244472e+03 6.481627933681011200e-04
5.956100000000244108e+03 6.392659852281212807e-04
5.957000000000243745e+03 6.327016744762659073e-04
5.957900000000244290e+03 6.345271831378340721e-04
5.958800000000244836e+03 6.426587933674454689e-04
5.959700000000244472e+03 6.510479724965989590e-04
5.960600000000244108e+03 6.549065001308917999e-04
5.961500000000244654e+03 6.553717539645731449e-04
5.962400000000245200e+03 6.549546960741281509e-04
5.963300000000244836e+03 6.544404895976185799e-04
5.964200000000244472e+03 6.528364028781652451e-04
5.965100000000245018e+03 6.488675135187804699e-04
5.966000000000245564e+03 6.469540530815720558e-04
5.966900000000245200e+03 6.501007010228931904e-04
5.967800000000244836e+03 6.538331508636474609e-04
5.968700000000245382e+03 6.558749591931700706e-04
5.969600000000245927e+03 6.576232844963669777e-04
5.970500000000245564e+03 6.596859311684966087e-04
5.971400000000245200e+03 6.602079374715685844e-04
5.972300000000245745e+03 6.587543757632374763e-04
5.973200000000246291e+03 6.575070437975227833e-04
5.974100000000245927e+03 6.548381061293184757e-04
5.975000000000245564e+03 6.480991723947227001e-04
5.975900000000246109e+03 6.408363115042448044e-04
5.976800000000246655e+03 6.361707928590476513e-04
5.977700000000246291e+03 6.328832241706550121e-04
5.978600000000245927e+03 6.332821212708950043e-04
5.979500000000246473e+03 6.408444605767726898e-04
5.980400000000247019e+03 6.495758425444364548e-04
5.981300000000246655e+03 6.519414018839597702e-04
5.982200000000246291e+03 6.472717504948377609e-04
5.983100000000246837e+03 6.379032274708151817e-04
5.984000000000247383e+03 6.313615012913942337e-04
5.984900000000247019e+03 6.347450544126331806e-04
5.985800000000246655e+03 6.420930149033665657e-04
5.986700000000247201e+03 6.446728366427123547e-04
5.987600000000247746e+03 6.450052605941891670e-04
5.988500000000247383e+03 6.474563269875943661e-04
5.989400000000247019e+03 6.497008143924176693e-04
5.990300000000247564e+03 6.471214583143591881e-04
5.991200000000248110e+03 6.425429601222276688e-04
5.992100000000247746e+03 6.439936696551740170e-04
5.993000000000247383e+03 6.516332505270838737e-04
5.993900000000247928e+03 6.570066325366497040e-04
5.994800000000248474e+03 6.561169866472482681e-04
5.995700000000248110e+03 6.508309161290526390e-04
5.996600000000247746e+03 6.438874988816678524e-04
5.997500000000248292e+03 6.394062656909227371e-04
5.998400000000248838e+03 6.397865363396704197e-04
5.999300000000248474e+03 6.433048984035849571e-04
6.000200000000248110e+03 6.467999774031341076e-04
6.001100000000248656e+03 6.469146464951336384e-04
6.002000000000249202e+03 6.426218315027654171e-04
6.002900000000248838e+03 6.395221571438014507e-04
6.003800000000248474e+03 6.414071540348231792e-04
6.004700000000249020e+03 6.436552503146231174e-04
6.005600000000249565e+03 6.414677482098340988e-04
6.006500000000249202e+03 6.354976794682443142e-04
6.007400000000248838e+03 6.284149130806326866e-04
6.008300000000249383e+03 6.275908672250807285e-04
6.009200000000249929e+03 6.369652692228555679e-04
6.010100000000249565e+03 6.470154039561748505e-04
6.011000000000249202e+03 6.480325246229767799e-04
6.011900000000249747e+03 6.414146628230810165e-04
6.012800000000250293e+03 6.345538422465324402e-04
6.013700000000249929e+03 6.342523265630006790e-04
6.014600000000249565e+03 6.387821049429476261e-04
6.015500000000250111e+03 6.401046994142234325e-04
6.016400000000250657e+03 6.367005407810211182e-04
6.017300000000250293e+03 6.355968653224408627e-04
6.018200000000249929e+03 6.376063101924955845e-04
6.019100000000250475e+03 6.368717295117676258e-04
6.020000000000251021e+03 6.343160639517009258e-04
6.020900000000250657e+03 6.348293391056358814e-04
6.021800000000250293e+03 6.367104942910373211e-04
6.022700000000250839e+03 6.374014774337410927e-04
6.023600000000251384e+03 6.377331446856260300e-04
6.024500000000251021e+03 6.402353174053132534e-04
6.025400000000250657e+03 6.437905831262469292e-04
6.026300000000251202e+03 6.436062394641339779e-04
6.027200000000251748e+03 6.425918545573949814e-04
6.028100000000251384e+03 6.447473424486815929e-04
6.029000000000251021e+03 6.478860741481184959e-04
6.029900000000251566e+03 6.479184958152472973e-04
6.030800000000252112e+03 6.457414128817617893e-04
6.031700000000251748e+03 6.466968916356563568e-04
6.032600000000251384e+03 6.499122246168553829e-04
6.033500000000251930e+03 6.511770188808441162e-04
6.034400000000252476e+03 6.498175207525491714e-04
6.035300000000252112e+03 6.480333977378904819e-04
6.036200000000251748e+03 6.475088302977383137e-04
6.037100000000252294e+03 6.483622710220515728e-04
6.038000000000252840e+03 6.485123303718864918e-04
6.038900000000252476e+03 6.468238425441086292e-04
6.039800000000252112e+03 6.448304047808051109e-04
6.040700000000252658e+03 6.439754506573081017e-04
6.041600000000253203e+03 6.437999545596539974e-04
6.042500000000252840e+03 6.454702233895659447e-04
6.043400000000252476e+03 6.491826497949659824e-04
6.044300000000253021e+03 6.517397705465555191e-04
6.045200000000253567e+03 6.521638715639710426e-04
6.046100000000253203e+03 6.518982700072228909e-04
6.047000000000252840e+03 6.517887813970446587e-04
6.047900000000253385e+03 6.507865618914365768e-04
6.048800000000253931e+03 6.495395791716873646e-04
6.049700000000253567e+03 6.506415084004402161e-04
6.050600000000253203e+03 6.513252737931907177e-04
6.051500000000253749e+03 6.486637284979224205e-04
6.052400000000254295e+03 6.443891325034201145e-04
6.053300000000253931e+03 6.415345706045627594e-04
6.054200000000253567e+03 6.412498187273740768e-04
6.055100000000254113e+03 6.403364241123199463e-04
6.056000000000254659e+03 6.378283142112195492e-04
6.056900000000254295e+03 6.369752809405326843e-04
6.057800000000253931e+03 6.394928786903619766e-04
6.058700000000254477e+03 6.432246300391852856e-04
6.059600000000255022e+03 6.454773247241973877e-04
6.060500000000254659e+03 6.455795373767614365e-04
6.061400000000254295e+03 6.436422700062394142e-04
6.062300000000254840e+03 6.399444537237286568e-04
6.063200000000255386e+03 6.353569333441555500e-04
6.064100000000255022e+03 6.289919838309288025e-04
6.065000000000254659e+03 6.242149975150823593e-04
6.065900000000255204e+03 6.291681784205138683e-04
6.066800000000255750e+03 6.410436471924185753e-04
6.067700000000255386e+03 6.489822990261018276e-04
6.068600000000255022e+03 6.504049524664878845e-04
6.069500000000255568e+03 6.499082082882523537e-04
6.070400000000256114e+03 6.499104201793670654e-04
6.071300000000255750e+03 6.501898751594126225e-04
6.072200000000255386e+03 6.503490149043500423e-04
6.073100000000255932e+03 6.504298653453588486e-04
6.074000000000256478e+03 6.505312048830091953e-04
6.074900000000256114e+03 6.497679860331118107e-04
6.075800000000255750e+03 6.473032408393919468e-04
6.076700000000256296e+03 6.429442437365651131e-04
6.077600000000256841e+03 6.364659639075398445e-04
6.078500000000256478e+03 6.313470075838267803e-04
6.079400000000256114e+03 6.321484106592833996e-04
6.080300000000256659e+03 6.335473153740167618e-04
6.081200000000257205e+03 6.298959488049149513e-04
6.082100000000256841e+03 6.269428413361310959e-04
6.083000000000256478e+03 6.297320360317826271e-04
6.083900000000257023e+03 6.330281612463295460e-04
6.084800000000257569e+03 6.322774570435285568e-04
6.085700000000257205e+03 6.311888573691248894e-04
6.086600000000256841e+03 6.332111661322414875e-04
6.087500000000257387e+03 6.361886044032871723e-04
6.088400000000257933e+03 6.351293995976448059e-04
6.089300000000257569e+03 6.288975127972662449e-04
6.090200000000257205e+03 6.242792587727308273e-04
6.091100000000257751e+03 6.253751926124095917e-04
6.092000000000258296e+03 6.275517516769468784e-04
6.092900000000257933e+03 6.283054826781153679e-04
6.093800000000257569e+03 6.320167449302971363e-04
6.094700000000258115e+03 6.379755213856697083e-04
6.095600000000258660e+03 6.392495124600827694e-04
6.096500000000258296e+03 6.359149119816720486e-04
6.097400000000257933e+03 6.337803206406533718e-04
6.098300000000258478e+03 6.355250370688736439e-04
6.099200000000259024e+03 6.397654069587588310e-04
6.100100000000258660e+03 6.408825865946710110e-04
6.101000000000258296e+03 6.324641290120780468e-04
6.101900000000258842e+03 6.156502058729529381e-04
6.102800000000259388e+03 6.060402956791222095e-04
6.103700000000259024e+03 6.146591622382402420e-04
6.104600000000258660e+03 6.284870323725044727e-04
6.105500000000259206e+03 6.341619300656020641e-04
6.106400000000259752e+03 6.326606962829828262e-04
6.107300000000259388e+03 6.297819782048463821e-04
6.108200000000259024e+03 6.309631862677633762e-04
6.109100000000259570e+03 6.354420911520719528e-04
6.110000000000260115e+03 6.358229438774287701e-04
6.110900000000259752e+03 6.313108606263995171e-04
6.111800000000259388e+03 6.300112581811845303e-04
6.112700000000259934e+03 6.346759037114679813e-04
6.113600000000260479e+03 6.399893318302929401e-04
6.114500000000260115e+03 6.407620967365801334e-04
6.115400000000259752e+03 6.357713136821985245e-04
6.116300000000260297e+03 6.311546312645077705e-04
6.117200000000260843e+03 6.326423608697950840e-04
6.118100000000260479e+03 6.342541310004889965e-04
6.119000000000260115e+03 6.295798229984939098e-04
6.119900000000260661e+03 6.219274946488440037e-04
6.120800000000261207e+03 6.140510668046772480e-04
6.121700000000260843e+03 6.075209821574389935e-04
6.122600000000260479e+03 6.110800313763320446e-04
6.123500000000261025e+03 6.245717522688210011e-04
6.124400000000261571e+03 6.320632528513669968e-04
6.125300000000261207e+03 6.289654993452131748e-04
6.126200000000260843e+03 6.240779184736311436e-04
6.127100000000261389e+03 6.201692740432918072e-04
6.128000000000261934e+03 6.165627273730933666e-04
6.128900000000261571e+03 6.173061556182801723e-04
6.129800000000261207e+03 6.238648784346878529e-04
6.130700000000261753e+03 6.300957174971699715e-04
6.131600000000262298e+03 6.328832241706550121e-04
6.132500000000261934e+03 6.338857929222285748e-04
6.133400000000261571e+03 6.316631333902478218e-04
6.134300000000262116e+03 6.234755273908376694e-04
6.135200000000262662e+03 6.094073760323226452e-04
6.136100000000262298e+03 5.917373928241431713e-04
6.137000000000261934e+03 5.824748659506440163e-04
6.137900000000262480e+03 5.947426543571054935e-04
6.138800000000263026e+03 6.185026140883564949e-04
6.139700000000262662e+03 6.311014876700937748e-04
6.140600000000262298e+03 6.257076165638864040e-04
6.141500000000262844e+03 6.160395569168031216e-04
6.142400000000263390e+03 6.177760078571736813e-04
6.143300000000263026e+03 6.287987926043570042e-04
6.144200000000262662e+03 6.367781315930187702e-04
6.145100000000263208e+03 6.372337229549884796e-04
6.146000000000263753e+03 6.337504019029438496e-04
6.146900000000263390e+03 6.274667684920132160e-04
6.147800000000263026e+03 6.183569785207509995e-04
6.148700000000263572e+03 6.107701337896287441e-04
6.149600000000264117e+03 6.084842607378959656e-04
6.150500000000263753e+03 6.125753861851990223e-04
6.151400000000263390e+03 6.197833572514355183e-04
6.152300000000263935e+03 6.246551638469099998e-04
6.153200000000264481e+03 6.238388014025986195e-04
6.154100000000264117e+03 6.179038318805396557e-04
6.155000000000263753e+03 6.134976865723729134e-04
6.155900000000264299e+03 6.124785868450999260e-04
6.156800000000264845e+03 6.098805461078882217e-04
6.157700000000264481e+03 6.061479216441512108e-04
6.158600000000264117e+03 6.048824288882315159e-04
6.159500000000264663e+03 6.017242558300495148e-04
6.160400000000265209e+03 5.896196817047894001e-04
6.161300000000264845e+03 5.738841136917471886e-04
6.162200000000264481e+03 5.675164866261184216e-04
6.163100000000265027e+03 5.734977312386035919e-04
6.164000000000265572e+03 5.845153937116265297e-04
6.164900000000265209e+03 5.924613215029239655e-04
6.165800000000264845e+03 5.959173431620001793e-04
6.166700000000265391e+03 5.996237741783261299e-04
6.167600000000265936e+03 5.999056738801300526e-04
6.168500000000265572e+03 5.900991382077336311e-04
6.169400000000265209e+03 5.789792048744857311e-04
6.170300000000265754e+03 5.810635047964751720e-04
6.171200000000266300e+03 5.935227964073419571e-04
6.172100000000265936e+03 6.006945623084902763e-04
6.173000000000265572e+03 5.989933270029723644e-04
6.173900000000266118e+03 5.966147291474044323e-04
6.174800000000266664e+03 5.960044218227267265e-04
6.175700000000266300e+03 5.949302576482295990e-04
6.176600000000265936e+03 5.942541174590587616e-04
6.177500000000266482e+03 5.970269558019936085e-04
6.178400000000267028e+03 6.010470096953213215e-04
6.179300000000266664e+03 6.009379285387694836e-04
6.180200000000266300e+03 6.000493303872644901e-04
6.181100000000266846e+03 6.026259507052600384e-04
6.182000000000267391e+03 6.051801610738039017e-04
6.182900000000267028e+03 6.042979075573384762e-04
6.183800000000266664e+03 6.018973654136061668e-04
6.184700000000267210e+03 5.992044461891055107e-04
6.185600000000267755e+03 5.940679693594574928e-04
6.186500000000267391e+03 5.885307327844202518e-04
6.187400000000267028e+03 5.858588847331702709e-04
6.188300000000267573e+03 5.861792596988379955e-04
6.189200000000268119e+03 5.865631392225623131e-04
6.190100000000267755e+03 5.799176287837326527e-04
6.191000000000267391e+03 5.691681872121989727e-04
6.191900000000267937e+03 5.693638813681900501e-04
6.192800000000268483e+03 5.815317854285240173e-04
6.193700000000268119e+03 5.914880312047898769e-04
6.194600000000267755e+03 5.943457945249974728e-04
6.195500000000268301e+03 5.955740343779325485e-04
6.196400000000268847e+03 5.985178868286311626e-04
6.197300000000268483e+03 5.996018880978226662e-04
6.198200000000268119e+03 5.941982963122427464e-04
6.199100000000268665e+03 5.851624300703406334e-04
6.200000000000269210e+03 5.811128648929297924e-04
6.200900000000268847e+03 5.858744843862950802e-04
6.201800000000268483e+03 5.945034790784120560e-04
6.202700000000269029e+03 5.997378029860556126e-04
6.203600000000269574e+03 5.994752282276749611e-04
6.204500000000269210e+03 5.974739906378090382e-04
6.205400000000268847e+03 5.975543172098696232e-04
6.206300000000269392e+03 5.985753959976136684e-04
6.207200000000269938e+03 5.983167793601751328e-04
6.208100000000269574e+03 5.973075167275965214e-04
6.209000000000269210e+03 5.962068680673837662e-04
6.209900000000269756e+03 5.944345030002295971e-04
6.210800000000270302e+03 5.925440345890820026e-04
6.211700000000269938e+03 5.893728230148553848e-04
6.212600000000269574e+03 5.810387665405869484e-04
6.213500000000270120e+03 5.705488147214055061e-04
6.214400000000270666e+03 5.650240345858037472e-04
6.215300000000270302e+03 5.651855608448386192e-04
6.216200000000269938e+03 5.702336784452199936e-04
6.217100000000270484e+03 5.775818717665970325e-04
6.218000000000271029e+03 5.807050038129091263e-04
6.218900000000270666e+03 5.765508394688367844e-04
6.219800000000270302e+03 5.711899138987064362e-04
6.220700000000270848e+03 5.712154670618474483e-04
6.221600000000271393e+03 5.758521147072315216e-04
6.222500000000271029e+03 5.790987052023410797e-04
6.223400000000270666e+03 5.771281430497765541e-04
6.224300000000271211e+03 5.744966911152005196e-04
6.225200000000271757e+03 5.765116075053811073e-04
6.226100000000271393e+03 5.792579031549394131e-04
6.227000000000271029e+03 5.802324158139526844e-04
6.227900000000271575e+03 5.801554070785641670e-04
6.228800000000272121e+03 5.745840608142316341e-04
6.229700000000271757e+03 5.630204686895012856e-04
6.230600000000271393e+03 5.550542264245450497e-04
6.231500000000271939e+03 5.573145463131368160e-04
6.232400000000272485e+03 5.649617523886263371e-04
6.233300000000272121e+03 5.738781765103340149e-04
6.234200000000271757e+03 5.837242933921515942e-04
6.235100000000272303e+03 5.890599568374454975e-04
6.236000000000272848e+03 5.873671034350991249e-04
6.236900000000272485e+03 5.815487820655107498e-04
6.237800000000272121e+03 5.737226456403732300e-04
6.238700000000272667e+03 5.662273615598678589e-04
6.239600000000273212e+03 5.620611482299864292e-04
6.240500000000272848e+03 5.649265367537736893e-04
6.241400000000272485e+03 5.693101556971669197e-04
6.242300000000273030e+03 5.659806192852556705e-04
6.243200000000273576e+03 5.608813371509313583e-04
6.244100000000273212e+03 5.628515500575304031e-04
6.245000000000272848e+03 5.660633323714137077e-04
6.245900000000273394e+03 5.658683367073535919e-04
6.246800000000273940e+03 5.689312238246202469e-04
6.247700000000273576e+03 5.767101538367569447e-04
6.248600000000273212e+03 5.824881955049932003e-04
6.249500000000273758e+03 5.833317409269511700e-04
6.250400000000274304e+03 5.802603554911911488e-04
6.251300000000273940e+03 5.726481904275715351e-04
6.252200000000273576e+03 5.649621598422527313e-04
6.253100000000274122e+03 5.627821083180606365e-04
6.254000000000274667e+03 5.640838062390685081e-04
6.254900000000274304e+03 5.652349209412932396e-04
6.255800000000273940e+03 5.629342049360275269e-04
6.256700000000274486e+03 5.577201955020427704e-04
6.257600000000275031e+03 5.528475739993155003e-04
6.258500000000274667e+03 5.527776665985584259e-04
6.259400000000274304e+03 5.606505437754094601e-04
6.260300000000274849e+03 5.690067191608250141e-04
6.261200000000275395e+03 5.729349795728921890e-04
6.262100000000275031e+03 5.778360646218061447e-04
6.263000000000274667e+03 5.834107869304716587e-04
6.263900000000275213e+03 5.816690390929579735e-04
6.264800000000275759e+03 5.741147906519472599e-04
6.265700000000275395e+03 5.715099978260695934e-04
6.266600000000275031e+03 5.757242906838655472e-04
6.267500000000275577e+03 5.784264067187905312e-04
6.268400000000276123e+03 5.756824393756687641e-04
6.269300000000275759e+03 5.723217618651688099e-04
6.270200000000275395e+03 5.723787471652030945e-04
6.271100000000275941e+03 5.747330142185091972e-04
6.272000000000276486e+03 5.773867596872150898e-04
6.272900000000276123e+03 5.787268164567649364e-04
6.273800000000275759e+03 5.783240776509046555e-04
6.274700000000276304e+03 5.775933386757969856e-04
6.275600000000276850e+03 5.779814091511070728e-04
6.276500000000276486e+03 5.778757622465491295e-04
6.277400000000276123e+03 5.767506663687527180e-04
6.278300000000276668e+03 5.752896540798246861e-04
6.279200000000277214e+03 5.716139567084610462e-04
6.280100000000276850e+03 5.671477993018925190e-04
6.281000000000276486e+03 5.670616519637405872e-04
6.281900000000277032e+03 5.707441596314311028e-04
6.282800000000277578e+03 5.754927406087517738e-04
6.283700000000277214e+03 5.795774632133543491e-04
6.284600000000276850e+03 5.800300859846174717e-04
6.285500000000277396e+03 5.796063342131674290e-04
6.286400000000277942e+03 5.822592647746205330e-04
6.287300000000277578e+03 5.862197140231728554e-04
6.288200000000277214e+03 5.890115280635654926e-04
6.289100000000277760e+03 5.889121675863862038e-04
6.290000000000278305e+03 5.849428125657141209e-04
6.290900000000277942e+03 5.797649500891566277e-04
6.291800000000277578e+03 5.766184185631573200e-04
6.292700000000278123e+03 5.762804066762328148e-04
6.293600000000278669e+03 5.789104616269469261e-04
6.294500000000278305e+03 5.805119872093200684e-04
6.295400000000277942e+03 5.757762701250612736e-04
6.296300000000278487e+03 5.682919290848076344e-04
6.297200000000279033e+03 5.655433633364737034e-04
6.298100000000278669e+03 5.687946686521172523e-04
6.299000000000278305e+03 5.740115302614867687e-04
6.299900000000278851e+03 5.750361597165465355e-04
6.300800000000279397e+03 5.699028843082487583e-04
6.301700000000279033e+03 5.653688567690551281e-04
6.302600000000278669e+03 5.673071136698126793e-04
6.303500000000279215e+03 5.725901573896408081e-04
6.304400000000279761e+03 5.743108340539038181e-04
6.305300000000279397e+03 5.735637969337403774e-04
6.306200000000279033e+03 5.774311139248311520e-04
6.307100000000279579e+03 5.850150482729077339e-04
6.308000000000280124e+03 5.896955844946205616e-04
6.308900000000279761e+03 5.885730497539043427e-04
6.309800000000279397e+03 5.820418591611087322e-04
6.310700000000279942e+03 5.754973972216248512e-04
6.311600000000280488e+03 5.739884218201041222e-04
6.312500000000280124e+03 5.772959557361900806e-04
6.313400000000279761e+03 5.787070840597152710e-04
6.314300000000280306e+03 5.738419131375849247e-04
6.315200000000280852e+03 5.702692433260381222e-04
6.316100000000280488e+03 5.718541797250509262e-04
6.317000000000280124e+03 5.699258763343095779e-04
6.317900000000280670e+03 5.635769339278340340e-04
6.318800000000281216e+03 5.637714057229459286e-04
6.319700000000280852e+03 5.706746596843004227e-04
6.320600000000280488e+03 5.758976330980658531e-04
6.321500000000281034e+03 5.768404807895421982e-04
6.322400000000281580e+03 5.765035748481750488e-04
6.323300000000281216e+03 5.786542897112667561e-04
6.324200000000280852e+03 5.819406942464411259e-04
6.325100000000281398e+03 5.837610806338489056e-04
6.326000000000281943e+03 5.838000797666609287e-04
6.326900000000281580e+03 5.820923252031207085e-04
6.327800000000281216e+03 5.821222439408302307e-04
6.328700000000281761e+03 5.836993223056197166e-04
6.329600000000282307e+03 5.815853364765644073e-04
6.330500000000281943e+03 5.791471921838819981e-04
6.331400000000281580e+03 5.813830648548901081e-04
6.332300000000282125e+03 5.848311702720820904e-04
6.333200000000282671e+03 5.849417066201567650e-04
6.334100000000282307e+03 5.775733734481036663e-04
6.335000000000281943e+03 5.653466796502470970e-04
6.335900000000282489e+03 5.599338328465819359e-04
6.336800000000283035e+03 5.655151326209306717e-04
6.337700000000282671e+03 5.731107085011899471e-04
6.338600000000282307e+03 5.755050806328654289e-04
6.339500000000282853e+03 5.780038191005587578e-04
6.340400000000283399e+03 5.827771965414285660e-04
6.341300000000283035e+03 5.833518807776272297e-04
6.342200000000282671e+03 5.775326280854642391e-04
6.343100000000283217e+03 5.683718482032418251e-04
6.344000000000283762e+03 5.621060263365507126e-04
6.344900000000283399e+03 5.603262688964605331e-04
6.345800000000283035e+03 5.561675061471760273e-04
6.346700000000283580e+03 5.510484334081411362e-04
6.347600000000284126e+03 5.558591801673173904e-04
6.348500000000283762e+03 5.684357602149248123e-04
6.349400000000283399e+03 5.762730143032968044e-04
6.350300000000283944e+03 5.777373444288969040e-04
6.351200000000284490e+03 5.780436913482844830e-04
6.352100000000284126e+03 5.776220932602882385e-04
6.353000000000283762e+03 5.740690976381301880e-04
6.353900000000284308e+03 5.677959416061639786e-04
6.354800000000284854e+03 5.639361916109919548e-04
6.355700000000284490e+03 5.657353904098272324e-04
6.356600000000284126e+03 5.666805082000792027e-04
6.357500000000284672e+03 5.607118946500122547e-04
6.358400000000285218e+03 5.533228977583348751e-04
6.359300000000284854e+03 5.512827774509787560e-04
6.360200000000284490e+03 5.526193999685347080e-04
6.361100000000285036e+03 5.513576907105743885e-04
6.362000000000285581e+03 5.483658751472830772e-04
6.362900000000285218e+03 5.491013871505856514e-04
6.363800000000284854e+03 5.533846560865640640e-04
6.364700000000285399e+03 5.584338214248418808e-04
6.365600000000285945e+03 5.625917692668735981e-04
6.366500000000285581e+03 5.667915102094411850e-04
6.367400000000285218e+03 5.718227475881576538e-04
6.368300000000285763e+03 5.733266007155179977e-04
6.369200000000286309e+03 5.680569447576999664e-04
6.370100000000285945e+03 5.592250381596386433e-04
6.371000000000285581e+03 5.560396239161491394e-04
6.371900000000286127e+03 5.644781049340963364e-04
6.372800000000286673e+03 5.759597406722605228e-04
6.373700000000286309e+03 5.800343351438641548e-04
6.374600000000285945e+03 5.794667522422969341e-04
6.375500000000286491e+03 5.798035999760031700e-04
6.376400000000287037e+03 5.799585487693548203e-04
6.377300000000286673e+03 5.757368053309619427e-04
6.378200000000286309e+03 5.696484004147350788e-04
6.379100000000286855e+03 5.672041443176567554e-04
6.380000000000287400e+03 5.684610805474221706e-04
6.380900000000287037e+03 5.706066149286925793e-04
6.381800000000286673e+03 5.728744436055421829e-04
6.382700000000287218e+03 5.736743332818150520e-04
6.383600000000287764e+03 5.706524825654923916e-04
6.384500000000287400e+03 5.682694027200341225e-04
6.385400000000287037e+03 5.704044015146791935e-04
6.386300000000287582e+03 5.741540808230638504e-04
6.387200000000288128e+03 5.763465305790305138e-04
6.388100000000287764e+03 5.768781411461532116e-04
6.389000000000287400e+03 5.776259349659085274e-04
6.389900000000287946e+03 5.789703573100268841e-04
6.390800000000288492e+03 5.775797180831432343e-04
6.391700000000288128e+03 5.698450258933007717e-04
6.392600000000287764e+03 5.587584455497562885e-04
6.393500000000288310e+03 5.553914816118776798e-04
6.394400000000288856e+03 5.636938149109482765e-04
6.395300000000288492e+03 5.744896479882299900e-04
6.396200000000288128e+03 5.809997674077749252e-04
6.397100000000288674e+03 5.826039123348891735e-04
6.398000000000289219e+03 5.774012533947825432e-04
6.398900000000288856e+03 5.642747855745255947e-04
6.399800000000288492e+03 5.526370950974524021e-04
6.400700000000289037e+03 5.563655286096036434e-04
6.401600000000289583e+03 5.698235472664237022e-04
6.402500000000289219e+03 5.789809511043131351e-04
6.403400000000288856e+03 5.819647922180593014e-04
6.404300000000289401e+03 5.813261377625167370e-04
6.405200000000289947e+03 5.783946835435926914e-04
6.406100000000289583e+03 5.733610014431178570e-04
6.407000000000289219e+03 5.671415710821747780e-04
6.407900000000289765e+03 5.651490646414458752e-04
6.408800000000290311e+03 5.710078403353691101e-04
6.409700000000289947e+03 5.757351173087954521e-04
6.410600000000289583e+03 5.706895608454942703e-04
6.411500000000290129e+03 5.644798511639237404e-04
6.412400000000290675e+03 5.648266524076461792e-04
6.413300000000290311e+03 5.670568207278847694e-04
6.414200000000289947e+03 5.681487964466214180e-04
6.415100000000290493e+03 5.698387976735830307e-04
6.416000000000291038e+03 5.712854326702654362e-04
6.416900000000290675e+03 5.702413036487996578e-04
6.417800000000290311e+03 5.668068770319223404e-04
6.418700000000290856e+03 5.611556698568165302e-04
6.419600000000291402e+03 5.539985140785574913e-04
6.420500000000291038e+03 5.501239211298525333e-04
6.421400000000290675e+03 5.549016641452908516e-04
6.422300000000291220e+03 5.672762054018676281e-04
6.423200000000291766e+03 5.763805238530039787e-04
6.424100000000291402e+03 5.757729522883892059e-04
6.425000000000291038e+03 5.723582580685615540e-04
6.425900000000291584e+03 5.738668842241168022e-04
6.426800000000292130e+03 5.781552172265946865e-04
6.427700000000291766e+03 5.791641306132078171e-04
6.428600000000291402e+03 5.738940672017633915e-04
6.429500000000291948e+03 5.623496836051344872e-04
6.430400000000292493e+03 5.511576309800148010e-04
6.431300000000292130e+03 5.501433042809367180e-04
6.432200000000291766e+03 5.581884179264307022e-04
6.433100000000292312e+03 5.659082671627402306e-04
6.434000000000292857e+03 5.703294300474226475e-04
6.434900000000292493e+03 5.729980766773223877e-04
6.435800000000292130e+03 5.744117661379277706e-04
6.436700000000292675e+03 5.720854969695210457e-04
6.437600000000293221e+03 5.634109838865697384e-04
6.438500000000292857e+03 5.550350178964436054e-04
6.439400000000292493e+03 5.573795642703771591e-04
6.440300000000293039e+03 5.684087518602609634e-04
6.441200000000293585e+03 5.770160933025181293e-04
6.442100000000293221e+03 5.785619723610579967e-04
6.443000000000292857e+03 5.766551475971937180e-04
6.443900000000293403e+03 5.748164257965981960e-04
6.444800000000293949e+03 5.745182279497385025e-04
6.445700000000293585e+03 5.759315681643784046e-04
6.446600000000293221e+03 5.761198699474334717e-04
6.447500000000293767e+03 5.703110946342349052e-04
6.448400000000294312e+03 5.549020715989172459e-04
6.449300000000293949e+03 5.370270228013396263e-04
6.450200000000293585e+03 5.330917192623019218e-04
6.451100000000294131e+03 5.454070051200687885e-04
6.452000000000294676e+03 5.603447789326310158e-04
6.452900000000294312e+03 5.687125958502292633e-04
6.453800000000293949e+03 5.676689324900507927e-04
6.454700000000294494e+03 5.576827679760754108e-04
6.455600000000295040e+03 5.466260481625795364e-04
6.456500000000294676e+03 5.468749441206455231e-04
6.457400000000294312e+03 5.588248604908585548e-04
6.458300000000294858e+03 5.707665695808827877e-04
6.459200000000295404e+03 5.765282548964023590e-04
6.460100000000295040e+03 5.759338382631540298e-04
6.461000000000294676e+03 5.669150850735604763e-04
6.461900000000295222e+03 5.525868618860840797e-04
6.462800000000295768e+03 5.461358814500272274e-04
6.463700000000295404e+03 5.531942006200551987e-04
6.464600000000295040e+03 5.630817613564431667e-04
6.465500000000295586e+03 5.683353519998490810e-04
6.466400000000296131e+03 5.705861840397119522e-04
6.467300000000295768e+03 5.716415471397340298e-04
6.468200000000295404e+03 5.704184295609593391e-04
6.469100000000295950e+03 5.669017555192112923e-04
6.470000000000296495e+03 5.629665101878345013e-04
6.470900000000296131e+03 5.592931411229074001e-04
6.471800000000295768e+03 5.592913948930799961e-04
6.472700000000296313e+03 5.622517201118171215e-04
6.473600000000296859e+03 5.611166125163435936e-04
6.474500000000296495e+03 5.560782738029956818e-04
6.475400000000296131e+03 5.542367580346763134e-04
6.476300000000296677e+03 5.584873724728822708e-04
6.477200000000297223e+03 5.626480560749769211e-04
6.478100000000296859e+03 5.622384487651288509e-04
6.479000000000296495e+03 5.602022283710539341e-04
6.479900000000297041e+03 5.569835193455219269e-04
6.480800000000297587e+03 5.487966700457036495e-04
6.481700000000297223e+03 5.383559036999940872e-04
6.482600000000296859e+03 5.343818338587880135e-04
6.483500000000297405e+03 5.388131248764693737e-04
6.484400000000297950e+03 5.463429843075573444e-04
6.485300000000297587e+03 5.515243392437696457e-04
6.486200000000297223e+03 5.540251731872558594e-04
6.487100000000297769e+03 5.554812378250062466e-04
6.488000000000298314e+03 5.555422394536435604e-04
6.488900000000297950e+03 5.524565349332988262e-04
6.489800000000297587e+03 5.468942690640687943e-04
6.490700000000298132e+03 5.427192663773894310e-04
6.491600000000298678e+03 5.411179154179990292e-04
6.492500000000298314e+03 5.355281755328178406e-04
6.493400000000297950e+03 5.209097871556878090e-04
6.494300000000298496e+03 5.057184607721865177e-04
6.495200000000299042e+03 5.003298283554613590e-04
6.496100000000298678e+03 5.036504589952528477e-04
6.497000000000298314e+03 5.111134960316121578e-04
6.497900000000298860e+03 5.192888202145695686e-04
6.498800000000299406e+03 5.245645879767835140e-04
6.499700000000299042e+03 5.300173070281744003e-04
6.500600000000298678e+03 5.373733001761138439e-04
6.501500000000299224e+03 5.425332346931099892e-04
6.502400000000299769e+03 5.444179987534880638e-04
6.503300000000299406e+03 5.453270277939736843e-04
6.504200000000299042e+03 5.471139447763562202e-04
6.505100000000299588e+03 5.497264210134744644e-04
6.506000000000300133e+03 5.509502370841801167e-04
6.506900000000299769e+03 5.486669251695275307e-04
6.507800000000299406e+03 5.440561799332499504e-04
6.508700000000299951e+03 5.425779381766915321e-04
6.509600000000300497e+03 5.457481602206826210e-04
6.510500000000300133e+03 5.493634380400180817e-04
6.511400000000299769e+03 5.499124526977539062e-04
6.512300000000300315e+03 5.485686706379055977e-04
6.513200000000300861e+03 5.480651161633431911e-04
6.514100000000300497e+03 5.459472304210066795e-04
6.515000000000300133e+03 5.403113900683820248e-04
6.515900000000300679e+03 5.349154816940426826e-04
6.516800000000301225e+03 5.328054539859294891e-04
6.517700000000300861e+03 5.320811760611832142e-04
6.518600000000300497e+03 5.329784471541643143e-04
6.519500000000301043e+03 5.381943774409592152e-04
6.520400000000301588e+03 5.448974552564322948e-04
6.521300000000301225e+03 5.481861298903822899e-04
6.522200000000300861e+03 5.478718667291104794e-04
6.523100000000301407e+03 5.470465985126793385e-04
6.524000000000301952e+03 5.477561498992145061e-04
6.524900000000301588e+03 5.472240154631435871e-04
6.525800000000301225e+03 5.419656517915427685e-04
6.526700000000301770e+03 5.362580996006727219e-04
6.527600000000302316e+03 5.360325449146330357e-04
6.528500000000301952e+03 5.399553338065743446e-04
6.529400000000301588e+03 5.431277095340192318e-04
6.530300000000302134e+03 5.423449911177158356e-04
6.531200000000302680e+03 5.377700435929000378e-04
6.532100000000302316e+03 5.322500946931540966e-04
6.533000000000301952e+03 5.302462959662079811e-04
6.533900000000302498e+03 5.335957976058125496e-04
6.534800000000303044e+03 5.391372251324355602e-04
6.535700000000302680e+03 5.410543526522815228e-04
6.536600000000302316e+03 5.379201029427349567e-04
6.537500000000302862e+03 5.351270083338022232e-04
6.538400000000303407e+03 5.372180021367967129e-04
6.539300000000303044e+03 5.406784475781023502e-04
6.540200000000302680e+03 5.405122647061944008e-04
6.541100000000303226e+03 5.358296330086886883e-04
6.542000000000303771e+03 5.292180576361715794e-04
6.542900000000303407e+03 5.237737204879522324e-04
6.543800000000303044e+03 5.197134451009333134e-04
6.544700000000303589e+03 5.137199186719954014e-04
6.545600000000304135e+03 5.050808540545403957e-04
6.546500000000303771e+03 5.014023045077919960e-04
6.547400000000303407e+03 5.050248582847416401e-04
6.548300000000303953e+03 5.085323355160653591e-04
6.549200000000304499e+03 5.071686464361846447e-04
6.550100000000304135e+03 5.019770469516515732e-04
6.551000000000303771e+03 4.959252546541392803e-04
6.551900000000304317e+03 4.907266120426356792e-04
6.552800000000304863e+03 4.845048824790865183e-04
6.553700000000304499e+03 4.758372379001230001e-04
6.554600000000304135e+03 4.662702267523854971e-04
6.555500000000304681e+03 4.594435158651322126e-04
6.556400000000305226e+03 4.563629336189478636e-04
6.557300000000304863e+03 4.531625309027731419e-04
6.558200000000304499e+03 4.467715625651180744e-04
6.559100000000305045e+03 4.371654358692467213e-04
6.560000000000305590e+03 4.198222886770963669e-04
6.560900000000305226e+03 3.811479255091398954e-04
6.561800000000304863e+03 3.223647363483905792e-04
6.562700000000305408e+03 2.881738473661243916e-04
6.563600000000305954e+03 3.163987421430647373e-04
6.564500000000305590e+03 3.756845544558018446e-04
6.565400000000305226e+03 4.184593854006379843e-04
6.566300000000305772e+03 4.397666198201477528e-04
6.567200000000306318e+03 4.522453527897596359e-04
6.568100000000305954e+03 4.580577951855957508e-04
6.569000000000305590e+03 4.599140083882957697e-04
6.569900000000306136e+03 4.646180022973567247e-04
6.570800000000306682e+03 4.714967217296361923e-04
6.571700000000306318e+03 4.753237881232053041e-04
6.572600000000305954e+03 4.754328401759266853e-04
6.573500000000306500e+03 4.753895045723766088e-04
6.574400000000307045e+03 4.782006726600229740e-04
6.575300000000306682e+03 4.860102781094610691e-04
6.576200000000306318e+03 4.968458670191466808e-04
6.577100000000306864e+03 5.051509942859411240e-04
6.578000000000307409e+03 5.093482322990894318e-04
6.578900000000307045e+03 5.098013789393007755e-04
6.579800000000306682e+03 5.067024612799286842e-04
6.580700000000307227e+03 5.042275879532098770e-04
6.581600000000307773e+03 5.070750485174357891e-04
6.582500000000307409e+03 5.134356906637549400e-04
6.583400000000307045e+03 5.183119210414588451e-04
6.584300000000307591e+03 5.193808465264737606e-04
6.585200000000308137e+03 5.179314175620675087e-04
6.586100000000307773e+03 5.176945705898106098e-04
6.587000000000307409e+03 5.217837751843035221e-04
6.587900000000307955e+03 5.270421970635652542e-04
6.588800000000308501e+03 5.294237053021788597e-04
6.589700000000308137e+03 5.296051967889070511e-04
6.590600000000307773e+03 5.268815439194440842e-04
6.591500000000308319e+03 5.178518476895987988e-04
6.592400000000308864e+03 5.049805622547864914e-04
6.593300000000308501e+03 4.993417533114552498e-04
6.594200000000308137e+03 5.070831975899636745e-04
6.595100000000308683e+03 5.193857359699904919e-04
6.596000000000309228e+03 5.251521943137049675e-04
6.596900000000308864e+03 5.230325623415410519e-04
6.597800000000308501e+03 5.182764725759625435e-04
6.598700000000309046e+03 5.174636607989668846e-04
6.599600000000309592e+03 5.224854685366153717e-04
6.600500000000309228e+03 5.290829576551914215e-04
6.601400000000308864e+03 5.325297825038433075e-04
6.602300000000309410e+03 5.321144126355648041e-04
6.603200000000309956e+03 5.293536814860999584e-04
6.604100000000309592e+03 5.251220427453517914e-04
6.605000000000309228e+03 5.212920950725674629e-04
6.605900000000309774e+03 5.196675192564725876e-04
6.606800000000310320e+03 5.183563334867358208e-04
6.607700000000309956e+03 5.144752212800085545e-04
6.608600000000309592e+03 5.095335072837769985e-04
6.609500000000310138e+03 5.110903875902295113e-04
6.610400000000310683e+03 5.211204988881945610e-04
6.611300000000310320e+03 5.294951843097805977e-04
6.612200000000309956e+03 5.288121756166219711e-04
6.613100000000310501e+03 5.239684251137077808e-04
6.614000000000311047e+03 5.238908343017101288e-04
6.614900000000310683e+03 5.289634573273360729e-04
6.615800000000310320e+03 5.318130715750157833e-04
6.616700000000310865e+03 5.305152735672891140e-04
6.617600000000311411e+03 5.289829568937420845e-04
6.618500000000311047e+03 5.293337744660675526e-04
6.619400000000310683e+03 5.310869892127811909e-04
6.620300000000311229e+03 5.321587086655199528e-04
6.621200000000311775e+03 5.313619039952754974e-04
6.622100000000311411e+03 5.280858022160828114e-04
6.623000000000311047e+03 5.220976890996098518e-04
6.623900000000311593e+03 5.152453668415546417e-04
6.624800000000312139e+03 5.122137372381985188e-04
6.625700000000311775e+03 5.157778505235910416e-04
6.626600000000311411e+03 5.202030879445374012e-04
6.627500000000311957e+03 5.216245190240442753e-04
6.628400000000312502e+03 5.219212616793811321e-04
6.629300000000312139e+03 5.213463446125388145e-04
6.630200000000311775e+03 5.203557084314525127e-04
6.631100000000312320e+03 5.190406809560954571e-04
6.632000000000312866e+03 5.151592195034027100e-04
6.632900000000312502e+03 5.088539328426122665e-04
6.633800000000312139e+03 5.054554785601794720e-04
6.634700000000312684e+03 5.088664474897086620e-04
6.635600000000313230e+03 5.155067774467170238e-04
6.636500000000312866e+03 5.204695626161992550e-04
6.637400000000312502e+03 5.223336629569530487e-04
6.638300000000313048e+03 5.207124049775302410e-04
6.639200000000313594e+03 5.179057479836046696e-04
6.640100000000313230e+03 5.183993489481508732e-04
6.641000000000312866e+03 5.218471633270382881e-04
6.641900000000313412e+03 5.205516354180872440e-04
6.642800000000313958e+03 5.128912162035703659e-04
6.643700000000313594e+03 5.086029996164143085e-04
6.644600000000313230e+03 5.125105381011962891e-04
6.645500000000313776e+03 5.179017898626625538e-04
6.646400000000314321e+03 5.187398055568337440e-04
6.647300000000313958e+03 5.170488147996366024e-04
6.648200000000313594e+03 5.170733202248811722e-04
6.649100000000314139e+03 5.174683756195008755e-04
6.650000000000314685e+03 5.150384968146681786e-04
6.650900000000314321e+03 5.117692053318023682e-04
6.651800000000313958e+03 5.107603501528501511e-04
6.652700000000314503e+03 5.117185646668076515e-04
6.653600000000315049e+03 5.130332428961992264e-04
6.654500000000314685e+03 5.139581626281142235e-04
6.655400000000314321e+03 5.137071711942553520e-04
6.656300000000314867e+03 5.124424933455884457e-04
6.657200000000315413e+03 5.125022726133465767e-04
6.658100000000315049e+03 5.138751585036516190e-04
6.659000000000314685e+03 5.136432591825723648e-04
6.659900000000315231e+03 5.112187936902046204e-04
6.660800000000315777e+03 5.087298923172056675e-04
6.661700000000315413e+03 5.057911039330065250e-04
6.662600000000315049e+03 5.009788437746465206e-04
6.663500000000315595e+03 4.988847649656236172e-04
6.664400000000316140e+03 5.022890982218086720e-04
6.665300000000315777e+03 5.055632791481912136e-04
6.666200000000315413e+03 5.058828392066061497e-04
6.667100000000315958e+03 5.061459378339350224e-04
6.668000000000316504e+03 5.085822776891291142e-04
6.668900000000316140e+03 5.125216557644307613e-04
6.669800000000315777e+03 5.158361745998263359e-04
6.670700000000316322e+03 5.163991008885204792e-04
6.671600000000316868e+03 5.150830256752669811e-04
6.672500000000316504e+03 5.143909947946667671e-04
6.673400000000316140e+03 5.150070646777749062e-04
6.674300000000316686e+03 5.159469437785446644e-04
6.675200000000317232e+03 5.156521801836788654e-04
6.676100000000316868e+03 5.091335042379796505e-04
6.677000000000316504e+03 4.952638410031795502e-04
6.677900000000317050e+03 4.852421407122164965e-04
6.678800000000317596e+03 4.887862596660852432e-04
6.679700000000317232e+03 4.984494298696517944e-04
6.680600000000316868e+03 5.026010912843048573e-04
6.681500000000317414e+03 5.023446865379810333e-04
6.682400000000317959e+03 5.035591311752796173e-04
6.683300000000317596e+03 5.065124132670462132e-04
6.684200000000317232e+03 5.086631281301379204e-04
6.685100000000317777e+03 5.088279140181839466e-04
6.686000000000318323e+03 5.081781418994069099e-04
6.686900000000317959e+03 5.074441432952880859e-04
6.687800000000317596e+03 5.074141081422567368e-04
6.688700000000318141e+03 5.087245372124016285e-04
6.689600000000318687e+03 5.098539404571056366e-04
6.690500000000318323e+03 5.102904397062957287e-04
6.691400000000317959e+03 5.100440466776490211e-04
6.692300000000318505e+03 5.089020705781877041e-04
6.693200000000319051e+03 5.079941474832594395e-04
6.694100000000318687e+03 5.071754567325115204e-04
6.695000000000318323e+03 5.039586103521287441e-04
6.695900000000318869e+03 4.995575873181223869e-04
6.696800000000319415e+03 4.978706128895282745e-04
6.697700000000319051e+03 4.997784853912889957e-04
6.698600000000318687e+03 5.033742054365575314e-04
6.699500000000319233e+03 5.074208020232617855e-04
6.700400000000319778e+03 5.097956163808703423e-04
6.701300000000319415e+03 5.097973044030368328e-04
6.702200000000319051e+03 5.074116052128374577e-04
6.703100000000319596e+03 5.028962041251361370e-04
6.704000000000320142e+03 4.996811621822416782e-04
6.704900000000319778e+03 5.007957806810736656e-04
6.705800000000319415e+03 5.048473831266164780e-04
6.706700000000319960e+03 5.077271489426493645e-04
6.707600000000320506e+03 5.081237177364528179e-04
6.708500000000320142e+03 5.067873280495405197e-04
6.709400000000319778e+03 5.042323027737438679e-04
6.710300000000320324e+03 5.026613362133502960e-04
6.711200000000320870e+03 5.031045875512063503e-04
6.712100000000320506e+03 5.025390419177711010e-04
6.713000000000320142e+03 4.990584566257894039e-04
6.713900000000320688e+03 4.945725668221712112e-04
6.714800000000321234e+03 4.905097302980720997e-04
6.715700000000320870e+03 4.864295769948512316e-04
6.716600000000320506e+03 4.820318717975169420e-04
6.717500000000321052e+03 4.809459787793457508e-04
6.718400000000321597e+03 4.870610719081014395e-04
6.719300000000321234e+03 4.946139524690806866e-04
6.720200000000320870e+03 4.972615279257297516e-04
6.721100000000321415e+03 4.961928934790194035e-04
6.722000000000321961e+03 4.958557547070086002e-04
6.722900000000321597e+03 4.981248639523983002e-04
6.723800000000321234e+03 4.999931552447378635e-04
6.724700000000321779e+03 4.985122359357774258e-04
6.725600000000322325e+03 4.952699528075754642e-04
6.726500000000321961e+03 4.939736099913716316e-04
6.727400000000321597e+03 4.955715849064290524e-04
6.728300000000322143e+03 4.976352211087942123e-04
6.729200000000322689e+03 4.993830225430428982e-04
6.730100000000322325e+03 5.014159833081066608e-04
6.731000000000321961e+03 5.023346166126430035e-04
6.731900000000322507e+03 5.010900786146521568e-04
6.732800000000323053e+03 4.987523425370454788e-04
6.733700000000322689e+03 4.970288719050586224e-04
6.734600000000322325e+03 4.972066963091492653e-04
6.735500000000322871e+03 4.997204523533582687e-04
6.736400000000323416e+03 5.007013096474111080e-04
6.737300000000323053e+03 4.969299188815057278e-04
6.738200000000322689e+03 4.918536869809031487e-04
6.739100000000323234e+03 4.901649081148207188e-04
6.740000000000323780e+03 4.921672516502439976e-04
6.740900000000323416e+03 4.944503307342529297e-04
6.741800000000323053e+03 4.933510208502411842e-04
6.742700000000323598e+03 4.911009455099701881e-04
6.743600000000324144e+03 4.915283643640577793e-04
6.744500000000323780e+03 4.941190709359943867e-04
6.745400000000323416e+03 4.945597029291093349e-04
6.746300000000323962e+03 4.916957113891839981e-04
6.747200000000324508e+03 4.886796814389526844e-04
6.748100000000324144e+03 4.875382583122700453e-04
6.749000000000323780e+03 4.873144789598882198e-04
6.749900000000324326e+03 4.876249586232006550e-04
6.750800000000324872e+03 4.887592513114213943e-04
6.751700000000324508e+03 4.884828231297433376e-04
6.752600000000324144e+03 4.865197115577757359e-04
6.753500000000324690e+03 4.875150043517351151e-04
6.754400000000325235e+03 4.909814451821148396e-04
6.755300000000324872e+03 4.933487507514655590e-04
6.756200000000324508e+03 4.950753645971417427e-04
6.757100000000325053e+03 4.974321927875280380e-04
6.758000000000325599e+03 4.999574739485979080e-04
6.758900000000325235e+03 5.018226802349090576e-04
6.759800000000324872e+03 5.024911952205002308e-04
6.760700000000325417e+03 5.016344366595149040e-04
6.761600000000325963e+03 4.996365751139819622e-04
6.762500000000325599e+03 4.990911111235618591e-04
6.763400000000325235e+03 5.005141720175743103e-04
6.764300000000325781e+03 5.005664424970746040e-04
6.765200000000326327e+03 4.980810335837304592e-04
6.766100000000325963e+03 4.938918864354491234e-04
6.767000000000325599e+03 4.909448907710611820e-04
6.767900000000326145e+03 4.917949554510414600e-04
6.768800000000326690e+03 4.947174456901848316e-04
6.769700000000326327e+03 4.951095907017588615e-04
6.770600000000325963e+03 4.928430425934493542e-04
6.771500000000326509e+03 4.927181871607899666e-04
6.772400000000327054e+03 4.961409722454845905e-04
6.773300000000326690e+03 5.003687110729515553e-04
6.774200000000326327e+03 5.039088428020477295e-04
6.775100000000326872e+03 5.054739885963499546e-04
6.776000000000327418e+03 5.047282902523875237e-04
6.776900000000327054e+03 5.031766486354172230e-04
6.777800000000326690e+03 5.032434710301458836e-04
6.778700000000327236e+03 5.047327140346169472e-04
6.779600000000327782e+03 5.041507538408041000e-04
6.780500000000327418e+03 5.004666163586080074e-04
6.781400000000327054e+03 4.947575507685542107e-04
6.782300000000327600e+03 4.875422746408730745e-04
6.783200000000328146e+03 4.812511033378541470e-04
6.784100000000327782e+03 4.784610064234584570e-04
6.785000000000327418e+03 4.792581312358379364e-04
6.785900000000327964e+03 4.819082387257367373e-04
6.786800000000328509e+03 4.860726185142993927e-04
6.787700000000328146e+03 4.909668350592255592e-04
6.788600000000327782e+03 4.925258690491318703e-04
6.789500000000328328e+03 4.913671291433274746e-04
6.790400000000328873e+03 4.917412879876792431e-04
6.791300000000328509e+03 4.930770373903214931e-04
6.792200000000328146e+03 4.922407679259777069e-04
6.793100000000328691e+03 4.891887074336409569e-04
6.794000000000329237e+03 4.877214087173342705e-04
6.794900000000328873e+03 4.885153030045330524e-04
6.795800000000328509e+03 4.900994827039539814e-04
6.796700000000329055e+03 4.925655084662139416e-04
6.797600000000329601e+03 4.937901976518332958e-04
6.798500000000329237e+03 4.936119075864553452e-04
6.799400000000328873e+03 4.941029474139213562e-04
6.800300000000329419e+03 4.951918963342905045e-04
6.801200000000329965e+03 4.963360843248665333e-04
6.802100000000329601e+03 4.963075625710189342e-04
6.803000000000329237e+03 4.939209320582449436e-04
6.803900000000329783e+03 4.918646882288157940e-04
6.804800000000330328e+03 4.922741791233420372e-04
6.805700000000329965e+03 4.925374523736536503e-04
6.806600000000329601e+03 4.916805191896855831e-04
6.807500000000330147e+03 4.923464730381965637e-04
6.808400000000330692e+03 4.934064927510917187e-04
6.809300000000330328e+03 4.915627650916576385e-04
6.810200000000329965e+03 4.903260269202291965e-04
6.811100000000330510e+03 4.918812774121761322e-04
6.812000000000331056e+03 4.931690637022256851e-04
6.812900000000330692e+03 4.915557219646871090e-04
6.813800000000330328e+03 4.871664568781852722e-04
6.814700000000330874e+03 4.841805202886462212e-04
6.815600000000331420e+03 4.867196839768439531e-04
6.816500000000331056e+03 4.925176035612821579e-04
6.817400000000330692e+03 4.958210047334432602e-04
6.818300000000331238e+03 4.943222738802433014e-04
6.819200000000331784e+03 4.906608373858034611e-04
6.820100000000331420e+03 4.889009869657456875e-04
6.821000000000331056e+03 4.907997790724039078e-04
6.821900000000331602e+03 4.945716354995965958e-04
6.822800000000332147e+03 4.971394082531332970e-04
6.823700000000331784e+03 4.976142663508653641e-04
6.824600000000331420e+03 4.976334166713058949e-04
6.825500000000331966e+03 4.974685143679380417e-04
6.826400000000332511e+03 4.948214045725762844e-04
6.827300000000332147e+03 4.893252626061439514e-04
6.828200000000331784e+03 4.857046878896653652e-04
6.829100000000332329e+03 4.872442805208265781e-04
6.830000000000332875e+03 4.913636948913335800e-04
6.830900000000332511e+03 4.938589408993721008e-04
6.831800000000332147e+03 4.931845469400286674e-04
6.832700000000332693e+03 4.917417536489665508e-04
6.833600000000333239e+03 4.922812222503125668e-04
6.834500000000332875e+03 4.948200075887143612e-04
6.835400000000332511e+03 4.965080297552049160e-04
6.836300000000333057e+03 4.949430003762245178e-04
6.837200000000333603e+03 4.916558391414582729e-04
6.838100000000333239e+03 4.885210655629634857e-04
6.839000000000332875e+03 4.852163547184318304e-04
6.839900000000333421e+03 4.815426946152001619e-04
6.840800000000333966e+03 4.776937712449580431e-04
6.841700000000333603e+03 4.766827041748911142e-04
6.842600000000333239e+03 4.806119541171938181e-04
6.843500000000333785e+03 4.877383471466600895e-04
6.844400000000334330e+03 4.939845530316233635e-04
6.845300000000333966e+03 4.958692006766796112e-04
6.846200000000333603e+03 4.946984699927270412e-04
6.847100000000334148e+03 4.940666840411722660e-04
6.848000000000334694e+03 4.935416509397327900e-04
6.848900000000334330e+03 4.916765610687434673e-04
6.849800000000333966e+03 4.896782920695841312e-04
6.850700000000334512e+03 4.892129800282418728e-04
6.851600000000335058e+03 4.898482002317905426e-04
6.852500000000334694e+03 4.904307425022125244e-04
6.853400000000334330e+03 4.882409702986478806e-04
6.854300000000334876e+03 4.823394119739532471e-04
6.855200000000335422e+03 4.782111791428178549e-04
6.856100000000335058e+03 4.798187292180955410e-04
6.857000000000334694e+03 4.825826617889106274e-04
6.857900000000335240e+03 4.840891633648425341e-04
6.858800000000335785e+03 4.853130667470395565e-04
6.859700000000335422e+03 4.835629079025238752e-04
6.860600000000335058e+03 4.783290205523371696e-04
6.861500000000335604e+03 4.760105803143233061e-04
6.862400000000336149e+03 4.814678104594349861e-04
6.863300000000335785e+03 4.898539045825600624e-04
6.864200000000335422e+03 4.939069040119647980e-04
6.865100000000335967e+03 4.929577116854488850e-04
6.866000000000336513e+03 4.890464479103684425e-04
6.866900000000336149e+03 4.817234585061669350e-04
6.867800000000335785e+03 4.749074869323521852e-04
6.868700000000336331e+03 4.766562487930059433e-04
6.869600000000336877e+03 4.842216148972511292e-04
6.870500000000336513e+03 4.863563226535916328e-04
6.871400000000336149e+03 4.829155222978442907e-04
6.872300000000336695e+03 4.815376887563616037e-04
6.873200000000337241e+03 4.841968475375324488e-04
6.874100000000336877e+03 4.866367380600422621e-04
6.875000000000336513e+03 4.868028918281197548e-04
6.875900000000337059e+03 4.869094118475914001e-04
6.876800000000337604e+03 4.891136195510625839e-04
6.877700000000337241e+03 4.928363487124443054e-04
6.878600000000336877e+03 4.944634274579584599e-04
6.879500000000337423e+03 4.924120148643851280e-04
6.880400000000337968e+03 4.885693197138607502e-04
6.881300000000337604e+03 4.841251939069479704e-04
6.882200000000337241e+03 4.807571822311729193e-04
6.883100000000337786e+03 4.818127781618386507e-04
6.884000000000338332e+03 4.866642411798238754e-04
6.884900000000337968e+03 4.894423182122409344e-04
6.885800000000337604e+03 4.881322383880615234e-04
6.886700000000338150e+03 4.883722867816686630e-04
6.887600000000338696e+03 4.918697522953152657e-04
6.888500000000338332e+03 4.932074225507676601e-04
6.889400000000337968e+03 4.930194700136780739e-04
6.890300000000338514e+03 4.950817674398422241e-04
6.891200000000339060e+03 4.964092513546347618e-04
6.892100000000338696e+03 4.940733197145164013e-04
6.893000000000338332e+03 4.924585809931159019e-04
6.893900000000338878e+03 4.936233744956552982e-04
6.894800000000339423e+03 4.925329121761023998e-04
6.895700000000339060e+03 4.891486605629324913e-04
6.896600000000338696e+03 4.893494187854230404e-04
6.897500000000339242e+03 4.930119612254202366e-04
6.898400000000339787e+03 4.931316943839192390e-04
6.899300000000339423e+03 4.884519148617982864e-04
6.900200000000339060e+03 4.865102528128772974e-04
6.901100000000339605e+03 4.912295844405889511e-04
6.902000000000340151e+03 4.967080894857645035e-04
6.902900000000339787e+03 4.969727015122771263e-04
6.903800000000339423e+03 4.935460165143013000e-04
6.904700000000339969e+03 4.917365149594843388e-04
6.905600000000340515e+03 4.938596975989639759e-04
6.906500000000340151e+03 4.972044262103736401e-04
6.907400000000339787e+03 4.979065270163118839e-04
6.908300000000340333e+03 4.969090223312377930e-04
6.909200000000340879e+03 4.972516326233744621e-04
6.910100000000340515e+03 4.976871423423290253e-04
6.911000000000340151e+03 4.958993522450327873e-04
6.911900000000340697e+03 4.930469440296292305e-04
6.912800000000341242e+03 4.893282311968505383e-04
6.913700000000340879e+03 4.861217748839408159e-04
6.914600000000340515e+03 4.872552235610783100e-04
6.915500000000341061e+03 4.898607730865478516e-04
6.916400000000341606e+03 4.895266029052436352e-04
6.917300000000341242e+03 4.884354420937597752e-04
6.918200000000340879e+03 4.891568678431212902e-04
6.919100000000341424e+03 4.912803415209054947e-04
6.920000000000341970e+03 4.934225580655038357e-04
6.920900000000341606e+03 4.945204127579927444e-04
6.921800000000341242e+03 4.941386869177222252e-04
6.922700000000341788e+03 4.906306276097893715e-04
6.923600000000342334e+03 4.837021115235984325e-04
6.924500000000341970e+03 4.780563176609575748e-04
6.925400000000341606e+03 4.775156558025628328e-04
6.926300000000342152e+03 4.813874838873744011e-04
6.927200000000342698e+03 4.856741870753467083e-04
6.928100000000342334e+03 4.876578168477863073e-04
6.929000000000341970e+03 4.886769456788897514e-04
6.929900000000342516e+03 4.898931947536766529e-04
6.930800000000343061e+03 4.896514001302421093e-04
6.931700000000342698e+03 4.863689246121793985e-04
6.932600000000342334e+03 4.826572840102016926e-04
6.933500000000342880e+03 4.834091232623904943e-04
6.934400000000343425e+03 4.878423351328819990e-04
6.935300000000343061e+03 4.906302201561629772e-04
6.936200000000342698e+03 4.902160726487636566e-04
6.937100000000343243e+03 4.892339929938316345e-04
6.938000000000343789e+03 4.899830091744661331e-04
6.938900000000343425e+03 4.926671972498297691e-04
6.939800000000343061e+03 4.954623291268944740e-04
6.940700000000343607e+03 4.962608218193054199e-04
6.941600000000344153e+03 4.937503254041075706e-04
6.942500000000343789e+03 4.889932461082935333e-04
6.943400000000343425e+03 4.837240267079323530e-04
6.944300000000343971e+03 4.794293199665844440e-04
6.945200000000344517e+03 4.795158747583627701e-04
6.946100000000344153e+03 4.844199283979833126e-04
6.947000000000343789e+03 4.897063481621444225e-04
6.947900000000344335e+03 4.925188841298222542e-04
6.948800000000344880e+03 4.931602743454277515e-04
6.949700000000344517e+03 4.911604919470846653e-04
6.950600000000344153e+03 4.860953195020556450e-04
6.951500000000344698e+03 4.820016329176723957e-04
6.952400000000345244e+03 4.806868091691285372e-04
6.953300000000344880e+03 4.803090123459696770e-04
6.954200000000344517e+03 4.815761640202254057e-04
6.955100000000345062e+03 4.853309656027704477e-04
6.956000000000345608e+03 4.896390601061284542e-04
6.956900000000345244e+03 4.913998418487608433e-04
6.957800000000344880e+03 4.908055998384952545e-04
6.958700000000345426e+03 4.905749810859560966e-04
6.959600000000345972e+03 4.918301128782331944e-04
6.960500000000345608e+03 4.935871111229062080e-04
6.961400000000345244e+03 4.939139471389353275e-04
6.962300000000345790e+03 4.933728487230837345e-04
6.963200000000346336e+03 4.939356585964560509e-04
6.964100000000345972e+03 4.939102800562977791e-04
6.965000000000345608e+03 4.916056059300899506e-04
6.965900000000346154e+03 4.902441869489848614e-04
6.966800000000346699e+03 4.933357704430818558e-04
6.967700000000346336e+03 4.981569945812225342e-04
6.968600000000345972e+03 4.997831420041620731e-04
6.969500000000346517e+03 4.968873108737170696e-04
6.970400000000347063e+03 4.919656785205006599e-04
6.971300000000346699e+03 4.901274805888533592e-04
6.972200000000346336e+03 4.939030040986835957e-04
6.973100000000346881e+03 4.966690321452915668e-04
6.974000000000347427e+03 4.933317541144788265e-04
6.974900000000347063e+03 4.883641959168016911e-04
6.975800000000346699e+03 4.848447570111602545e-04
6.976700000000347245e+03 4.790968378074467182e-04
6.977600000000347791e+03 4.694228409789502621e-04
6.978500000000347427e+03 4.641549021471291780e-04
6.979400000000347063e+03 4.705426399596035480e-04
6.980300000000347609e+03 4.821215406991541386e-04
6.981200000000348155e+03 4.897533217445015907e-04
6.982100000000347791e+03 4.937582416459918022e-04
6.983000000000347427e+03 4.963941755704581738e-04
6.983900000000347973e+03 4.972062888555228710e-04
6.984800000000348518e+03 4.966007545590400696e-04
6.985700000000348155e+03 4.958893405273556709e-04
6.986600000000347791e+03 4.946200060658156872e-04
6.987500000000348336e+03 4.915741737931966782e-04
6.988400000000348882e+03 4.870478587690740824e-04
6.989300000000348518e+03 4.839228058699518442e-04
6.990200000000348155e+03 4.859647015109658241e-04
6.991100000000348700e+03 4.912037402391433716e-04
6.992000000000349246e+03 4.942960222251713276e-04
6.992900000000348882e+03 4.934836761094629765e-04
6.993800000000348518e+03 4.905420937575399876e-04
6.994700000000349064e+03 4.891426069661974907e-04
6.995600000000349610e+03 4.902505897916853428e-04
6.996500000000349246e+03 4.912244621664285660e-04
6.997400000000348882e+03 4.907821421511471272e-04
6.998300000000349428e+03 4.870665725320577621e-04
6.999200000000349974e+03 4.811389953829348087e-04
7.000100000000349610e+03 4.791572864633053541e-04
7.001000000000349246e+03 4.834638675674796104e-04
7.001900000000349792e+03 4.887815448455512524e-04
7.002800000000350337e+03 4.890135605819523335e-04
7.003700000000349974e+03 4.847857344429939985e-04
7.004600000000349610e+03 4.815293359570205212e-04
7.005500000000350155e+03 4.811070975847542286e-04
7.006400000000350701e+03 4.821848706342279911e-04
7.007300000000350337e+03 4.848226089961826801e-04
7.008200000000349974e+03 4.884442314505577087e-04
7.009100000000350519e+03 4.904128145426511765e-04
7.010000000000351065e+03 4.892309661954641342e-04
7.010900000000350701e+03 4.871790006291121244e-04
7.011800000000350337e+03 4.876923630945384502e-04
7.012700000000350883e+03 4.900732892565429211e-04
7.013600000000351429e+03 4.891683347523212433e-04
7.014500000000351065e+03 4.813857085537165403e-04
7.015400000000350701e+03 4.705002647824585438e-04
7.016300000000351247e+03 4.667374887503683567e-04
7.017200000000351793e+03 4.750388325192034245e-04
7.018100000000351429e+03 4.863166541326791048e-04
7.019000000000351065e+03 4.923240048810839653e-04
7.019900000000351611e+03 4.944488755427300930e-04
7.020800000000352156e+03 4.943920066580176353e-04
7.021700000000351793e+03 4.909764975309371948e-04
7.022600000000351429e+03 4.841933841817080975e-04
7.023500000000351974e+03 4.781289608217775822e-04
7.024400000000352520e+03 4.778068978339433670e-04
7.025300000000352156e+03 4.826705844607204199e-04
7.026200000000351793e+03 4.874531878158450127e-04
7.027100000000352338e+03 4.891867865808308125e-04
7.028000000000352884e+03 4.894880112260580063e-04
7.028900000000352520e+03 4.906070535071194172e-04
7.029800000000352156e+03 4.911645082756876945e-04
7.030700000000352702e+03 4.903784720227122307e-04
7.031600000000353248e+03 4.892868455499410629e-04
7.032500000000352884e+03 4.886293900199234486e-04
7.033400000000352520e+03 4.887451650574803352e-04
7.034300000000353066e+03 4.897066392004489899e-04
7.035200000000353612e+03 4.920848296023905277e-04
7.036100000000353248e+03 4.917752812616527081e-04
7.037000000000352884e+03 4.838662280235439539e-04
7.037900000000353430e+03 4.742229357361793518e-04
7.038800000000353975e+03 4.752524255309253931e-04
7.039700000000353612e+03 4.869624972343444824e-04
7.040600000000353248e+03 4.978726501576602459e-04
7.041500000000353793e+03 5.022273981012403965e-04
7.042400000000354339e+03 5.019492818973958492e-04
7.043300000000353975e+03 4.982051323167979717e-04
7.044200000000353612e+03 4.917129990644752979e-04
7.045100000000354157e+03 4.882240900769829750e-04
7.046000000000354703e+03 4.917477490380406380e-04
7.046900000000354339e+03 4.980483790859580040e-04
7.047800000000353975e+03 5.027284496463835239e-04
7.048700000000354521e+03 5.045493599027395248e-04
7.049600000000355067e+03 5.026172730140388012e-04
7.050500000000354703e+03 4.974667099304497242e-04
7.051400000000354339e+03 4.882399807684123516e-04
7.052300000000354885e+03 4.754069668706506491e-04
7.053200000000355431e+03 4.639722174033522606e-04
7.054100000000355067e+03 4.570910241454839706e-04
7.055000000000354703e+03 4.567445139400660992e-04
7.055900000000355249e+03 4.626890004146844149e-04
7.056800000000355794e+03 4.691019130405038595e-04
7.057700000000355431e+03 4.697457770816981792e-04
7.058600000000355067e+03 4.638994287233799696e-04
7.059500000000355612e+03 4.567290598060935736e-04
7.060400000000356158e+03 4.545491246972233057e-04
7.061300000000355794e+03 4.571880272123962641e-04
7.062200000000355431e+03 4.601168620865792036e-04
7.063100000000355976e+03 4.629465402103960514e-04
7.064000000000356522e+03 4.661825078073889017e-04
7.064900000000356158e+03 4.655325901694595814e-04
7.065800000000355794e+03 4.602111876010894775e-04
7.066700000000356340e+03 4.544038965832442045e-04
7.067600000000356886e+03 4.501191433519124985e-04
7.068500000000356522e+03 4.503178643062710762e-04
7.069400000000356158e+03 4.571993194986134768e-04
7.070300000000356704e+03 4.657943209167569876e-04
7.071200000000357250e+03 4.697413824032992125e-04
7.072100000000356886e+03 4.697905678767710924e-04
7.073000000000356522e+03 4.688657645601779222e-04
7.073900000000357068e+03 4.673468647524714470e-04
7.074800000000357613e+03 4.657300596591085196e-04
7.075700000000357250e+03 4.646190500352531672e-04
7.076600000000356886e+03 4.647120076697319746e-04
7.077500000000357431e+03 4.662552091758698225e-04
7.078400000000357977e+03 4.674567899201065302e-04
7.079300000000357613e+03 4.688948974944651127e-04
7.080200000000357250e+03 4.710277717094868422e-04
7.081100000000357795e+03 4.701461584772914648e-04
7.082000000000358341e+03 4.643799620680510998e-04
7.082900000000357977e+03 4.549112927634268999e-04
7.083800000000357613e+03 4.452070279512554407e-04
7.084700000000358159e+03 4.411511472426354885e-04
7.085600000000358705e+03 4.425068618729710579e-04
7.086500000000358341e+03 4.409698012750595808e-04
7.087400000000357977e+03 4.348463262431323528e-04
7.088300000000358523e+03 4.298291460145264864e-04
7.089200000000359069e+03 4.281542205717414618e-04
7.090100000000358705e+03 4.288468626327812672e-04
7.091000000000358341e+03 4.308729257900267839e-04
7.091900000000358887e+03 4.311412048991769552e-04
7.092800000000359432e+03 4.288911586627364159e-04
7.093700000000359069e+03 4.273453960195183754e-04
7.094600000000358705e+03 4.266264731995761395e-04
7.095500000000359250e+03 4.265664611011743546e-04
7.096400000000359796e+03 4.274077946320176125e-04
7.097300000000359432e+03 4.287033516447991133e-04
7.098200000000359069e+03 4.339176230132579803e-04
7.099100000000359614e+03 4.444643273018300533e-04
7.100000000000360160e+03 4.470172279980033636e-04
7.100900000000359796e+03 4.446876700967550278e-04
7.101800000000359432e+03 4.417085729073733091e-04
7.102700000000359978e+03 4.414391296450048685e-04
7.103600000000360524e+03 4.452840657904744148e-04
7.104500000000360160e+03 4.494067979976534843e-04
7.105400000000359796e+03 4.494165186770260334e-04
7.106300000000360342e+03 4.461822682060301304e-04
7.107200000000360887e+03 4.446533857844769955e-04
7.108100000000360524e+03 4.461897769942879677e-04
7.109000000000360160e+03 4.464873054530471563e-04
7.109900000000360706e+03 4.422847705427557230e-04
7.110800000000361251e+03 4.378382873255759478e-04
7.111700000000360887e+03 4.385731590446084738e-04
7.112600000000360524e+03 4.432156856637448072e-04
7.113500000000361069e+03 4.466703685466200113e-04
7.114400000000361615e+03 4.473064618650823832e-04
7.115300000000361251e+03 4.480158095248043537e-04
7.116200000000360887e+03 4.496820329222828150e-04
7.117100000000361433e+03 4.497233021538704634e-04
7.118000000000361979e+03 4.482360964175313711e-04
7.118900000000361615e+03 4.467643448151648045e-04
7.119800000000361251e+03 4.462256038095802069e-04
7.120700000000361797e+03 4.459200135897845030e-04
7.121600000000362343e+03 4.449297557584941387e-04
7.122500000000361979e+03 4.448520485311746597e-04
7.123400000000361615e+03 4.449977714102715254e-04
7.124300000000362161e+03 4.405203217174857855e-04
7.125200000000362706e+03 4.317997372709214687e-04
7.126100000000362343e+03 4.261113354004919529e-04
7.127000000000361979e+03 4.276609979569911957e-04
7.127900000000362525e+03 4.318167921155691147e-04
7.128800000000363070e+03 4.316967679187655449e-04
7.129700000000362706e+03 4.266481846570968628e-04
7.130600000000362343e+03 4.226088349241763353e-04
7.131500000000362888e+03 4.241232527419924736e-04
7.132400000000363434e+03 4.288696509320288897e-04
7.133300000000363070e+03 4.332959942985326052e-04
7.134200000000362706e+03 4.356002027634531260e-04
7.135100000000363252e+03 4.351085517555475235e-04
7.136000000000363798e+03 4.354083212092518806e-04
7.136900000000363434e+03 4.374946292955428362e-04
7.137800000000363070e+03 4.368293157313019037e-04
7.138700000000363616e+03 4.331041418481618166e-04
7.139600000000364162e+03 4.320239822845906019e-04
7.140500000000363798e+03 4.353601252660155296e-04
7.141400000000363434e+03 4.381111357361078262e-04
7.142300000000363980e+03 4.378949815873056650e-04
7.143200000000364525e+03 4.375263524707406759e-04
7.144100000000364162e+03 4.380935861263424158e-04
7.145000000000363798e+03 4.388652741909027100e-04
7.145900000000364344e+03 4.385214415378868580e-04
7.146800000000364889e+03 4.349944065324962139e-04
7.147700000000364525e+03 4.304843605495989323e-04
7.148600000000364162e+03 4.299664869904518127e-04
7.149500000000364707e+03 4.324509645812213421e-04
7.150400000000365253e+03 4.348386137280613184e-04
7.151300000000364889e+03 4.382159677334129810e-04
7.152200000000364525e+03 4.435603914316743612e-04
7.153100000000365071e+03 4.464712401386350393e-04
7.154000000000365617e+03 4.435497394297271967e-04
7.154900000000365253e+03 4.394079442135989666e-04
7.155800000000364889e+03 4.410248366184532642e-04
7.156700000000365435e+03 4.459642223082482815e-04
7.157600000000365981e+03 4.457919858396053314e-04
7.158500000000365617e+03 4.403664497658610344e-04
7.159400000000365253e+03 4.366115608718246222e-04
7.160300000000365799e+03 4.374043492134660482e-04
7.161200000000366344e+03 4.416560404933989048e-04
7.162100000000365981e+03 4.437436873558908701e-04
7.163000000000365617e+03 4.389049136079847813e-04
7.163900000000366163e+03 4.304180329199880362e-04
7.164800000000366708e+03 4.268755146767944098e-04
7.165700000000366344e+03 4.312460368964821100e-04
7.166600000000365981e+03 4.395268915686756372e-04
7.167500000000366526e+03 4.455984744708985090e-04
7.168400000000367072e+03 4.463450750336050987e-04
7.169300000000366708e+03 4.440727643668651581e-04
7.170200000000366344e+03 4.435318987816572189e-04
7.171100000000366890e+03 4.462716460693627596e-04
7.172000000000367436e+03 4.494659078773111105e-04
7.172900000000367072e+03 4.504461830947548151e-04
7.173800000000366708e+03 4.484990495257079601e-04
7.174700000000367254e+03 4.444327787496149540e-04
7.175600000000367800e+03 4.411472764331847429e-04
7.176500000000367436e+03 4.426805244293063879e-04
7.177400000000367072e+03 4.479815252125263214e-04
7.178300000000367618e+03 4.496930050663650036e-04
7.179200000000368163e+03 4.439598706085234880e-04
7.180100000000367800e+03 4.359948216006159782e-04
7.181000000000367436e+03 4.341491730883717537e-04
7.181900000000367982e+03 4.414052527863532305e-04
7.182800000000368527e+03 4.504277603700757027e-04
7.183700000000368163e+03 4.537940840236842632e-04
7.184600000000367800e+03 4.522095841821283102e-04
7.185500000000368345e+03 4.475980531424283981e-04
7.186400000000368891e+03 4.401240730658173561e-04
7.187300000000368527e+03 4.339274310041218996e-04
7.188200000000368163e+03 4.328976792749017477e-04
7.189100000000368709e+03 4.360711609479039907e-04
7.190000000000369255e+03 4.412714333739131689e-04
7.190900000000368891e+03 4.451862769201397896e-04
7.191800000000368527e+03 4.452910216059535742e-04
7.192700000000369073e+03 4.431396664585918188e-04
7.193600000000369619e+03 4.434463626239448786e-04
7.194500000000369255e+03 4.468074475880712271e-04
7.195400000000368891e+03 4.474488378036767244e-04
7.196300000000369437e+03 4.432387941051274538e-04
7.197200000000369982e+03 4.403550119604915380e-04
7.198100000000369619e+03 4.422620404511690140e-04
7.199000000000369255e+03 4.453718429431319237e-04
7.199900000000369801e+03 4.456677997950464487e-04
7.200800000000370346e+03 4.443626967258751392e-04
7.201700000000369982e+03 4.441114142537117004e-04
7.202600000000369619e+03 4.459365445654839277e-04
7.203500000000370164e+03 4.496629408095031977e-04
7.204400000000370710e+03 4.520765796769410372e-04
7.205300000000370346e+03 4.477013426367193460e-04
7.206200000000369982e+03 4.372434050310403109e-04
7.207100000000370528e+03 4.303219029679894447e-04
7.208000000000371074e+03 4.318008432164788246e-04
7.208900000000370710e+03 4.380792088340967894e-04
7.209800000000370346e+03 4.458807816263288260e-04
7.210700000000370892e+03 4.521291411947458982e-04
7.211600000000371438e+03 4.522618546616286039e-04
7.212500000000371074e+03 4.471500869840383530e-04
7.213400000000370710e+03 4.420008335728198290e-04
7.214300000000371256e+03 4.405348736327141523e-04
7.215200000000371801e+03 4.427384701557457447e-04
7.216100000000371438e+03 4.468988336157053709e-04
7.217000000000371074e+03 4.516221524681895971e-04
7.217900000000371620e+03 4.544690018519759178e-04
7.218800000000372165e+03 4.531450103968381882e-04
7.219700000000371801e+03 4.493848246056586504e-04
7.220600000000371438e+03 4.465208621695637703e-04
7.221500000000371983e+03 4.450431733857840300e-04
7.222400000000372529e+03 4.441647615749388933e-04
7.223300000000372165e+03 4.456538881640881300e-04
7.224200000000371801e+03 4.506871919147670269e-04
7.225100000000372347e+03 4.554854240268468857e-04
7.226000000000372893e+03 4.578156222123652697e-04
7.226900000000372529e+03 4.578714433591812849e-04
7.227800000000372165e+03 4.548049182631075382e-04
7.228700000000372711e+03 4.516174376476556063e-04
7.229600000000373257e+03 4.525207623373717070e-04
7.230500000000372893e+03 4.562080721370875835e-04
7.231400000000372529e+03 4.591541946865618229e-04
7.232300000000373075e+03 4.606505390256643295e-04
7.233200000000373620e+03 4.615368088707327843e-04
7.234100000000373257e+03 4.612574994098395109e-04
7.235000000000372893e+03 4.586729046422988176e-04
7.235900000000373439e+03 4.553693870548158884e-04
7.236800000000373984e+03 4.535938496701419353e-04
7.237700000000373620e+03 4.541549133136868477e-04
7.238600000000373257e+03 4.536234191618859768e-04
7.239500000000373802e+03 4.541247035376727581e-04
7.240400000000374348e+03 4.566685529425740242e-04
7.241300000000373984e+03 4.601754480972886086e-04
7.242200000000373620e+03 4.602817352861166000e-04
7.243100000000374166e+03 4.557448846753686666e-04
7.244000000000374712e+03 4.499864007811993361e-04
7.244900000000374348e+03 4.478303308133035898e-04
7.245800000000373984e+03 4.524522228166460991e-04
7.246700000000374530e+03 4.606510337907820940e-04
7.247600000000375076e+03 4.660492704715579748e-04
7.248500000000374712e+03 4.663408908527344465e-04
7.249400000000374348e+03 4.624423163477331400e-04
7.250300000000374894e+03 4.567301366478204727e-04
7.251200000000375439e+03 4.525880503933876753e-04
7.252100000000375076e+03 4.523747484199702740e-04
7.253000000000374712e+03 4.547436255961656570e-04
7.253900000000375258e+03 4.568196891341358423e-04
7.254800000000375803e+03 4.586498835124075413e-04
7.255700000000375439e+03 4.621085536200553179e-04
7.256600000000375076e+03 4.659589903894811869e-04
7.257500000000375621e+03 4.688723711296916008e-04
7.258400000000376167e+03 4.655192024074494839e-04
7.259300000000375803e+03 4.596934886649250984e-04
7.260200000000375439e+03 4.513090825639665127e-04
7.261100000000375985e+03 4.465501115191727877e-04
7.262000000000376531e+03 4.506318364292383194e-04
7.262900000000376167e+03 4.585965361911803484e-04
7.263800000000375803e+03 4.631024203263223171e-04
7.264700000000376349e+03 4.643434367608278990e-04
7.265600000000376895e+03 4.645035951398313046e-04
7.266500000000376531e+03 4.646660236176103354e-04
7.267400000000376167e+03 4.652101779356598854e-04
7.268300000000376713e+03 4.645811859518289566e-04
7.269200000000377258e+03 4.616228397935628891e-04
7.270100000000376895e+03 4.574862832669168711e-04
7.271000000000376531e+03 4.545083502307534218e-04
7.271900000000377077e+03 4.540641384664922953e-04
7.272800000000377622e+03 4.559728549793362617e-04
7.273700000000377258e+03 4.593231133185327053e-04
7.274600000000376895e+03 4.628004680853337049e-04
7.275500000000377440e+03 4.661187122110277414e-04
7.276400000000377986e+03 4.667485191021114588e-04
7.277300000000377622e+03 4.632747732102870941e-04
7.278200000000377258e+03 4.600154061336070299e-04
7.279100000000377804e+03 4.591486358549445868e-04
7.280000000000378350e+03 4.580051172524690628e-04
7.280900000000377986e+03 4.545422852970659733e-04
7.281800000000377622e+03 4.508287529461085796e-04
7.282700000000378168e+03 4.500162031035870314e-04
7.283600000000378714e+03 4.513884778134524822e-04
7.284500000000378350e+03 4.548220313154160976e-04
7.285400000000377986e+03 4.603208508342504501e-04
7.286300000000378532e+03 4.635985824279487133e-04
7.287200000000379077e+03 4.611194599419832230e-04
7.288100000000378714e+03 4.560096713248640299e-04
7.289000000000378350e+03 4.524617397692054510e-04
7.289900000000378895e+03 4.497394547797739506e-04
7.290800000000379441e+03 4.462909419089555740e-04
7.291700000000379077e+03 4.449309490155428648e-04
7.292600000000378714e+03 4.484487290028482676e-04
7.293500000000379259e+03 4.554404877126216888e-04
7.294400000000379805e+03 4.629670875146985054e-04
7.295300000000379441e+03 4.693256923928856850e-04
7.296200000000379077e+03 4.720184660982340574e-04
7.297100000000379623e+03 4.692514485213905573e-04
7.298000000000380169e+03 4.638150276150554419e-04
7.298900000000379805e+03 4.599328967742621899e-04
7.299800000000379441e+03 4.592301556840538979e-04
7.300700000000379987e+03 4.612761549651622772e-04
7.301600000000380533e+03 4.635483492165803909e-04
7.302500000000380169e+03 4.646776069421321154e-04
7.303400000000379805e+03 4.658430989366024733e-04
7.304300000000380351e+03 4.667129833251237869e-04
7.305200000000380896e+03 4.648543545044958591e-04
7.306100000000380533e+03 4.603532142937183380e-04
7.307000000000380169e+03 4.570900928229093552e-04
7.307900000000380714e+03 4.581515968311578035e-04
7.308800000000381260e+03 4.619552055373787880e-04
7.309700000000380896e+03 4.629960167221724987e-04
7.310600000000380533e+03 4.598991363309323788e-04
7.311500000000381078e+03 4.586239811033010483e-04
7.312400000000381624e+03 4.619273240678012371e-04
7.313300000000381260e+03 4.661601269617676735e-04
7.314200000000380896e+03 4.671808565035462379e-04
7.315100000000381442e+03 4.642625281121581793e-04
7.316000000000381988e+03 4.601471591740846634e-04
7.316900000000381624e+03 4.582519468385726213e-04
7.317800000000381260e+03 4.593064368236809969e-04
7.318700000000381806e+03 4.620692634489387274e-04
7.319600000000382352e+03 4.638739337678998709e-04
7.320500000000381988e+03 4.643862193915992975e-04
7.321400000000381624e+03 4.645886656362563372e-04
7.322300000000382170e+03 4.625121364369988441e-04
7.323200000000382715e+03 4.579653032124042511e-04
7.324100000000382352e+03 4.542741517070680857e-04
7.325000000000381988e+03 4.527684068307280540e-04
7.325900000000382533e+03 4.544894909486174583e-04
7.326800000000383079e+03 4.607115697581321001e-04
7.327700000000382715e+03 4.662218270823359489e-04
7.328600000000382352e+03 4.662365536205470562e-04
7.329500000000382897e+03 4.637355159502476454e-04
7.330400000000383443e+03 4.625472065526992083e-04
7.331300000000383079e+03 4.622940614353865385e-04
7.332200000000382715e+03 4.619501996785402298e-04
7.333100000000383261e+03 4.621461848728358746e-04
7.334000000000383807e+03 4.644102300517261028e-04
7.334900000000383443e+03 4.680534766521304846e-04
7.335800000000383079e+03 4.716699768323451281e-04
7.336700000000383625e+03 4.732005181722342968e-04
7.337600000000384171e+03 4.720956494566053152e-04
7.338500000000383807e+03 4.710493376478552818e-04
7.339400000000383443e+03 4.721322038676589727e-04
7.340300000000383989e+03 4.748961946461349726e-04
7.341200000000384534e+03 4.764204204548150301e-04
7.342100000000384171e+03 4.725703911390155554e-04
7.343000000000383807e+03 4.635771329049021006e-04
7.343900000000384352e+03 4.563138063531368971e-04
7.344800000000384898e+03 4.572062753140926361e-04
7.345700000000384534e+03 4.632874333765357733e-04
7.346600000000384171e+03 4.682358412537723780e-04
7.347500000000384716e+03 4.705397295765578747e-04
7.348400000000385262e+03 4.700158606283366680e-04
7.349300000000384898e+03 4.660463309846818447e-04
7.350200000000384534e+03 4.612275806721299887e-04
7.351100000000385080e+03 4.595863865688443184e-04
7.352000000000385626e+03 4.609076422639191151e-04
7.352900000000385262e+03 4.609947500284761190e-04
7.353800000000384898e+03 4.569956799969077110e-04
7.354700000000385444e+03 4.500938230194151402e-04
7.355600000000385990e+03 4.450949199963361025e-04
7.356500000000385626e+03 4.469661507755517960e-04
7.357400000000385262e+03 4.556462517939507961e-04
7.358300000000385808e+03 4.653217329178005457e-04
7.359200000000386353e+03 4.697056428994983435e-04
7.360100000000385990e+03 4.663256404455751181e-04
7.361000000000385626e+03 4.588141455315053463e-04
7.361900000000386171e+03 4.531269369181245565e-04
7.362800000000386717e+03 4.523551033344119787e-04
7.363700000000386353e+03 4.558785294648259878e-04
7.364600000000385990e+03 4.607677110470831394e-04
7.365500000000386535e+03 4.640176775865256786e-04
7.366400000000387081e+03 4.661400744225829840e-04
7.367300000000386717e+03 4.682591534219682217e-04
7.368200000000386353e+03 4.689662600867450237e-04
7.369100000000386899e+03 4.687435866799205542e-04
7.370000000000387445e+03 4.708770429715514183e-04
7.370900000000387081e+03 4.739165597129613161e-04
7.371800000000386717e+03 4.748377832584083080e-04
7.372700000000387263e+03 4.739323339890688658e-04
7.373600000000387809e+03 4.723538004327565432e-04
7.374500000000387445e+03 4.706094623543322086e-04
7.375400000000387081e+03 4.695895768236368895e-04
7.376300000000387627e+03 4.705194442067295313e-04
7.377200000000388172e+03 4.729387583211064339e-04
7.378100000000387809e+03 4.754257970489561558e-04
7.379000000000387445e+03 4.754807450808584690e-04
7.379900000000387990e+03 4.715951217804104090e-04
7.380800000000388536e+03 4.650175978895276785e-04
7.381700000000388172e+03 4.601968103088438511e-04
7.382600000000387809e+03 4.588617885019630194e-04
7.383500000000388354e+03 4.573669284582138062e-04
7.384400000000388900e+03 4.527417768258601427e-04
7.385300000000388536e+03 4.481994255911558867e-04
7.386200000000388172e+03 4.467831458896398544e-04
7.387100000000388718e+03 4.464090743567794561e-04
7.388000000000389264e+03 4.445588565431535244e-04
7.388900000000388900e+03 4.433371650520712137e-04
7.389800000000388536e+03 4.460471682250499725e-04
7.390700000000389082e+03 4.497982445172965527e-04
7.391600000000389628e+03 4.508857091423124075e-04
7.392500000000389264e+03 4.506310506258159876e-04
7.393400000000388900e+03 4.522819363046437502e-04
7.394300000000389446e+03 4.555835330393165350e-04
7.395200000000389991e+03 4.578232474159449339e-04
7.396100000000389628e+03 4.576900682877749205e-04
7.397000000000389264e+03 4.560826637316495180e-04
7.397900000000389809e+03 4.531558952294290066e-04
7.398800000000390355e+03 4.493375890888273716e-04
7.399700000000389991e+03 4.476315516512840986e-04
7.400600000000389628e+03 4.503558157011866570e-04
7.401500000000390173e+03 4.562596441246569157e-04
7.402400000000390719e+03 4.622785199899226427e-04
7.403300000000390355e+03 4.654999065678566694e-04
7.404200000000389991e+03 4.650627379305660725e-04
7.405100000000390537e+03 4.633570206351578236e-04
7.406000000000391083e+03 4.622231645043939352e-04
7.406900000000390719e+03 4.609031020663678646e-04
7.407800000000390355e+03 4.587294242810457945e-04
7.408700000000390901e+03 4.560950910672545433e-04
7.409600000000391447e+03 4.554424667730927467e-04
