3.540500000000000000e+03 5.378401965572265908e-06
3.541400000000000091e+03 4.966509095538640395e-06
3.542300000000000182e+03 4.870657903666142374e-06
3.543200000000000273e+03 5.140318535268306732e-06
3.544100000000000364e+03 5.452023742691380903e-06
3.545000000000000455e+03 5.533880084840347990e-06
3.545900000000000546e+03 5.415578016254585236e-06
3.546800000000000637e+03 5.186948783375555649e-06
3.547700000000000728e+03 4.986881776858353987e-06
3.548600000000000819e+03 5.033154138800455257e-06
3.549500000000000909e+03 5.210565177549142390e-06
3.550400000000001000e+03 5.201821750233648345e-06
3.551300000000001091e+03 5.035339199821464717e-06
3.552200000000001182e+03 4.796224402525695041e-06
3.553100000000001273e+03 4.476021786103956401e-06
3.554000000000001364e+03 4.248191089573083445e-06
3.554900000000001455e+03 4.359277227194979787e-06
3.555800000000001546e+03 4.679469839174998924e-06
3.556700000000001637e+03 4.796879238710971549e-06
3.557600000000001728e+03 4.594720849127043039e-06
3.558500000000001819e+03 4.345391971583012491e-06
3.559400000000001910e+03 4.337006430432666093e-06
3.560300000000002001e+03 4.519939011515816674e-06
3.561200000000002092e+03 4.730415184894809499e-06
3.562100000000002183e+03 4.943943622492952272e-06
3.563000000000002274e+03 5.028043233323842287e-06
3.563900000000002365e+03 4.598427949531469494e-06
3.564800000000002456e+03 3.741572982107754797e-06
3.565700000000002547e+03 3.131232460873434320e-06
3.566600000000002638e+03 3.211980583728291094e-06
3.567500000000002728e+03 3.584412070267717354e-06
3.568400000000002819e+03 3.562991423677885905e-06
3.569300000000002910e+03 3.109248609689529985e-06
3.570200000000003001e+03 2.815432935676653869e-06
3.571100000000003092e+03 2.994077931361971423e-06
3.572000000000003183e+03 3.575776190700707957e-06
3.572900000000003274e+03 4.040234671265352517e-06
3.573800000000003365e+03 4.195379005977883935e-06
3.574700000000003456e+03 4.193675067654112354e-06
3.575600000000003547e+03 4.288681338948663324e-06
3.576500000000003638e+03 4.333854576543672010e-06
3.577400000000003729e+03 4.007124971394659951e-06
3.578300000000003820e+03 3.416757863305974752e-06
3.579200000000003911e+03 2.930879190898849629e-06
3.580100000000004002e+03 2.507160388631746173e-06
3.581000000000004093e+03 2.108022272295784205e-06
3.581900000000004184e+03 2.132004510713159107e-06
3.582800000000004275e+03 2.525802528907661326e-06
3.583700000000004366e+03 2.710980425035813823e-06
3.584600000000004457e+03 2.484343667674693279e-06
3.585500000000004547e+03 2.210319962614448741e-06
3.586400000000004638e+03 2.253597358503611758e-06
3.587300000000004729e+03 2.540124796723830514e-06
3.588200000000004820e+03 2.839852413671906106e-06
3.589100000000004911e+03 3.160725327688851394e-06
3.590000000000005002e+03 3.804759899139753543e-06
3.590900000000005093e+03 4.713693670055363327e-06
3.591800000000005184e+03 5.109469839226221666e-06
3.592700000000005275e+03 4.714584974863100797e-06
3.593600000000005366e+03 4.329000603320309892e-06
3.594500000000005457e+03 4.667300345317926258e-06
3.595400000000005548e+03 5.460574357130099088e-06
3.596300000000005639e+03 6.060265604901360348e-06
3.597200000000005730e+03 6.140921868791338056e-06
3.598100000000005821e+03 5.998399046802660450e-06
3.599000000000005912e+03 6.160648354125441983e-06
3.599900000000006003e+03 6.559920166182564571e-06
3.600800000000006094e+03 6.501758889498887584e-06
3.601700000000006185e+03 5.688636520062573254e-06
3.602600000000006276e+03 4.764548066304996610e-06
3.603500000000006366e+03 4.277197604096727446e-06
3.604400000000006457e+03 3.978876520704943687e-06
3.605300000000006548e+03 3.822094186034519225e-06
3.606200000000006639e+03 4.000152785010868683e-06
3.607100000000006730e+03 4.084547072125133127e-06
3.608000000000006821e+03 3.608828592405188829e-06
3.608900000000006912e+03 3.029446361324517056e-06
3.609800000000007003e+03 3.106768190264119767e-06
3.610700000000007094e+03 3.836561973002972081e-06
3.611600000000007185e+03 4.515759883361170068e-06
3.612500000000007276e+03 4.607977643900085241e-06
3.613400000000007367e+03 4.519121830526273698e-06
3.614300000000007458e+03 4.902225555269978940e-06
3.615200000000007549e+03 5.480524578160839155e-06
3.616100000000007640e+03 5.488982878887327388e-06
3.617000000000007731e+03 4.646195975510636345e-06
3.617900000000007822e+03 3.390541905901045538e-06
3.618800000000007913e+03 2.644523647177265957e-06
3.619700000000008004e+03 2.910003559009055607e-06
3.620600000000008095e+03 3.754622412088792771e-06
3.621500000000008185e+03 4.613057626556837931e-06
3.622400000000008276e+03 5.169356427359161898e-06
3.623300000000008367e+03 5.216388217377243564e-06
3.624200000000008458e+03 5.221131686994340271e-06
3.625100000000008549e+03 5.850549769093049690e-06
3.626000000000008640e+03 6.719676093780435622e-06
3.626900000000008731e+03 7.056682534312130883e-06
3.627800000000008822e+03 6.874292466818587855e-06
3.628700000000008913e+03 6.474943347711814567e-06
3.629600000000009004e+03 5.548318767978344113e-06
3.630500000000009095e+03 4.094184987479820848e-06
3.631400000000009186e+03 3.180512067046947777e-06
3.632300000000009277e+03 3.427125648158835247e-06
3.633200000000009368e+03 4.051969881402328610e-06
3.634100000000009459e+03 4.302379693399416283e-06
3.635000000000009550e+03 4.486185389396268874e-06
3.635900000000009641e+03 4.894910489383619279e-06
3.636800000000009732e+03 5.290102308208588511e-06
3.637700000000009823e+03 5.654294000123627484e-06
3.638600000000009913e+03 6.121832029748475179e-06
3.639500000000010004e+03 6.474341716966591775e-06
3.640400000000010095e+03 6.515208042401354760e-06
3.641300000000010186e+03 6.272638984228251502e-06
3.642200000000010277e+03 5.876375780644593760e-06
3.643100000000010368e+03 5.459976364363683388e-06
3.644000000000010459e+03 5.024580786994192749e-06
3.644900000000010550e+03 4.673057446780148894e-06
3.645800000000010641e+03 4.501532202993985265e-06
3.646700000000010732e+03 4.186304522590944543e-06
3.647600000000010823e+03 3.697868805829784833e-06
3.648500000000010914e+03 3.651240604085614905e-06
3.649400000000011005e+03 4.138312306167790666e-06
3.650300000000011096e+03 4.775103661813773215e-06
3.651200000000011187e+03 5.420322850113734603e-06
3.652100000000011278e+03 6.054539881006348878e-06
3.653000000000011369e+03 6.432759619201533496e-06
3.653900000000011460e+03 6.437190677388571203e-06
3.654800000000011551e+03 6.424381354008801281e-06
3.655700000000011642e+03 6.632097210967913270e-06
3.656600000000011732e+03 6.943748758203582838e-06
3.657500000000011823e+03 7.243811523949261755e-06
3.658400000000011914e+03 7.568048204120714217e-06
3.659300000000012005e+03 7.685510354349389672e-06
3.660200000000012096e+03 7.516975074395304546e-06
3.661100000000012187e+03 7.378730970231117681e-06
3.662000000000012278e+03 7.120893315004650503e-06
3.662900000000012369e+03 6.588888481928734109e-06
3.663800000000012460e+03 6.280987690843176097e-06
3.664700000000012551e+03 6.494149147329153493e-06
3.665600000000012642e+03 6.707989086862653494e-06
3.666500000000012733e+03 6.624813977396115661e-06
3.667400000000012824e+03 6.508548267447622493e-06
3.668300000000012915e+03 6.182545803312677890e-06
3.669200000000013006e+03 5.636412879539420828e-06
3.670100000000013097e+03 5.627220161841250956e-06
3.671000000000013188e+03 6.368129106704145670e-06
3.671900000000013279e+03 7.054550223983824253e-06
3.672800000000013370e+03 7.073537290125386789e-06
3.673700000000013461e+03 6.812610990891698748e-06
3.674600000000013551e+03 6.862424015707802027e-06
3.675500000000013642e+03 6.914938694535521790e-06
3.676400000000013733e+03 6.406715783668914810e-06
3.677300000000013824e+03 5.687505563400918618e-06
3.678200000000013915e+03 5.273455826682038605e-06
3.679100000000014006e+03 4.956730208505177870e-06
3.680000000000014097e+03 4.745674687001155689e-06
3.680900000000014188e+03 5.052698725194204599e-06
3.681800000000014279e+03 5.617047463601920754e-06
3.682700000000014370e+03 6.009452590660657734e-06
3.683600000000014461e+03 6.182345259730936959e-06
3.684500000000014552e+03 5.943873929936671630e-06
3.685400000000014643e+03 5.321421667758841068e-06
3.686300000000014734e+03 4.662146238842979074e-06
3.687200000000014825e+03 4.253538918419508263e-06
3.688100000000014916e+03 4.398748387757223099e-06
3.689000000000015007e+03 5.156951829121680930e-06
3.689900000000015098e+03 6.243583356990711764e-06
3.690800000000015189e+03 7.320179975067730993e-06
3.691700000000015280e+03 7.755185833957511932e-06
3.692600000000015370e+03 7.178957275755237788e-06
3.693500000000015461e+03 6.303457212197827175e-06
3.694400000000015552e+03 6.032343208062229678e-06
3.695300000000015643e+03 6.150914032332366332e-06
3.696200000000015734e+03 6.251871582207968459e-06
3.697100000000015825e+03 6.547711564053315669e-06
3.698000000000015916e+03 7.151047157094581053e-06
3.698900000000016007e+03 7.777440259815193713e-06
3.699800000000016098e+03 7.980245754879433662e-06
3.700700000000016189e+03 7.697559340158477426e-06
3.701600000000016280e+03 7.323738373088417575e-06
3.702500000000016371e+03 6.894574653415475041e-06
3.703400000000016462e+03 6.021275112289004028e-06
3.704300000000016553e+03 4.877092578681185842e-06
3.705200000000016644e+03 4.158725005254382268e-06
3.706100000000016735e+03 4.149699179833987728e-06
3.707000000000016826e+03 4.353684289526427165e-06
3.707900000000016917e+03 4.287368938094004989e-06
3.708800000000017008e+03 4.259269189788028598e-06
3.709700000000017099e+03 4.857225121668307111e-06
3.710600000000017189e+03 5.952441824774723500e-06
3.711500000000017280e+03 6.932603355380706489e-06
3.712400000000017371e+03 7.665708835702389479e-06
3.713300000000017462e+03 8.230209459725301713e-06
3.714200000000017553e+03 8.312287718581501395e-06
3.715100000000017644e+03 7.761476808809675276e-06
3.716000000000017735e+03 7.042669949441915378e-06
3.716900000000017826e+03 6.499752089439425617e-06
3.717800000000017917e+03 5.733662419515894726e-06
3.718700000000018008e+03 4.455991529539460316e-06
3.719600000000018099e+03 3.258125161664793268e-06
3.720500000000018190e+03 2.776317387542803772e-06
3.721400000000018281e+03 2.925986791524337605e-06
3.722300000000018372e+03 3.498947762636817060e-06
3.723200000000018463e+03 4.427811290952377021e-06
3.724100000000018554e+03 5.435148523247335106e-06
3.725000000000018645e+03 6.203557859407737851e-06
3.725900000000018736e+03 6.265455795073648915e-06
3.726800000000018827e+03 5.435591447167098522e-06
3.727700000000018917e+03 4.834385890717385337e-06
3.728600000000019008e+03 5.305456852511269972e-06
3.729500000000019099e+03 5.838892320753075182e-06
3.730400000000019190e+03 5.596836217591771856e-06
3.731300000000019281e+03 5.004841113986913115e-06
3.732200000000019372e+03 4.313996669225161895e-06
3.733100000000019463e+03 3.450923486525425687e-06
3.734000000000019554e+03 2.693017222554772161e-06
3.734900000000019645e+03 2.355465767323039472e-06
3.735800000000019736e+03 2.404070528427837417e-06
3.736700000000019827e+03 2.660399104570387863e-06
3.737600000000019918e+03 3.247817630835925229e-06
3.738500000000020009e+03 4.206026915198890492e-06
3.739400000000020100e+03 5.186110684007871896e-06
3.740300000000020191e+03 5.900772976019652560e-06
3.741200000000020282e+03 6.030581971572246403e-06
3.742100000000020373e+03 5.405217052611988038e-06
3.743000000000020464e+03 4.473428816709201783e-06
3.743900000000020555e+03 3.828382887149928138e-06
3.744800000000020646e+03 3.429186108405701816e-06
3.745700000000020736e+03 3.164628651575185359e-06
3.746600000000020827e+03 3.192545818819780834e-06
3.747500000000020918e+03 3.110942316197906621e-06
3.748400000000021009e+03 2.649873522386769764e-06
3.749300000000021100e+03 2.508363650122191757e-06
3.750200000000021191e+03 3.271907417001784779e-06
3.751100000000021282e+03 4.483086740947328508e-06
3.752000000000021373e+03 5.333334229362662882e-06
3.752900000000021464e+03 5.777050773758674040e-06
3.753800000000021555e+03 6.360594397847307846e-06
3.754700000000021646e+03 7.053508397802943364e-06
3.755600000000021737e+03 7.141332844184944406e-06
3.756500000000021828e+03 6.116778877185424790e-06
3.757400000000021919e+03 4.470293333724839613e-06
3.758300000000022010e+03 3.474509412626503035e-06
3.759200000000022101e+03 3.740402689800248481e-06
3.760100000000022192e+03 4.603666639013681561e-06
3.761000000000022283e+03 5.190098818275146186e-06
3.761900000000022374e+03 5.202686679695034400e-06
3.762800000000022465e+03 4.749821528093889356e-06
3.763700000000022555e+03 4.420541699801106006e-06
3.764600000000022646e+03 4.736747541755903512e-06
3.765500000000022737e+03 4.993696620658738539e-06
3.766400000000022828e+03 4.590018306771526113e-06
3.767300000000022919e+03 4.387984517961740494e-06
3.768200000000023010e+03 5.084445092506939545e-06
3.769100000000023101e+03 5.931965461059007794e-06
3.770000000000023192e+03 6.178956937219481915e-06
3.770900000000023283e+03 6.277303327806293964e-06
3.771800000000023374e+03 6.701366601191693917e-06
3.772700000000023465e+03 7.082931006152648479e-06
3.773600000000023556e+03 7.011758953012758866e-06
3.774500000000023647e+03 6.666215540462872013e-06
3.775400000000023738e+03 6.466726517828647047e-06
3.776300000000023829e+03 6.545538326463429257e-06
3.777200000000023920e+03 6.607785053347470239e-06
3.778100000000024011e+03 6.541493348777294159e-06
3.779000000000024102e+03 6.730129371135262772e-06
3.779900000000024193e+03 7.177377483458258212e-06
3.780800000000024284e+03 7.372103937086649239e-06
3.781700000000024374e+03 7.274792096723103896e-06
3.782600000000024465e+03 7.281496891664573923e-06
3.783500000000024556e+03 7.527244179073022678e-06
3.784400000000024647e+03 7.532498329965164885e-06
3.785300000000024738e+03 6.696551281493157148e-06
3.786200000000024829e+03 5.510254595719743520e-06
3.787100000000024920e+03 4.876341336057521403e-06
3.788000000000025011e+03 4.652829829865368083e-06
3.788900000000025102e+03 4.451666427485179156e-06
3.789800000000025193e+03 4.506493496592156589e-06
3.790700000000025284e+03 5.082776624476537108e-06
3.791600000000025375e+03 5.638106813421472907e-06
3.792500000000025466e+03 5.518664238479686901e-06
3.793400000000025557e+03 4.953550160280428827e-06
3.794300000000025648e+03 4.490683750191237777e-06
3.795200000000025739e+03 4.434476977621670812e-06
3.796100000000025830e+03 4.655855263990815729e-06
3.797000000000025921e+03 4.580464974424103275e-06
3.797900000000026012e+03 4.106088908883975819e-06
3.798800000000026102e+03 3.877270046359626576e-06
3.799700000000026193e+03 4.350113613327266648e-06
3.800600000000026284e+03 5.142861482454463840e-06
3.801500000000026375e+03 5.671416147379204631e-06
3.802400000000026466e+03 6.071485586289782077e-06
3.803300000000026557e+03 6.483965989900752902e-06
3.804200000000026648e+03 6.661608495051041245e-06
3.805100000000026739e+03 6.455436050600837916e-06
3.806000000000026830e+03 5.842905466124648228e-06
3.806900000000026921e+03 5.218161277298349887e-06
3.807800000000027012e+03 5.240820428298320621e-06
3.808700000000027103e+03 5.824590971315046772e-06
3.809600000000027194e+03 6.374557415256276727e-06
3.810500000000027285e+03 6.604668215004494414e-06
3.811400000000027376e+03 6.448095064115477726e-06
3.812300000000027467e+03 5.845168743690010160e-06
3.813200000000027558e+03 5.032257377024507150e-06
3.814100000000027649e+03 4.363024800113635138e-06
3.815000000000027740e+03 3.838562406599521637e-06
3.815900000000027831e+03 3.627475734901963733e-06
3.816800000000027921e+03 3.998753527412191033e-06
3.817700000000028012e+03 4.456969236343866214e-06
3.818600000000028103e+03 4.249807716405484825e-06
3.819500000000028194e+03 3.434101927268784493e-06
3.820400000000028285e+03 2.862264182112994604e-06
3.821300000000028376e+03 3.145648179270210676e-06
3.822200000000028467e+03 3.823372480837861076e-06
3.823100000000028558e+03 4.009536496596410871e-06
3.824000000000028649e+03 3.494563088679569773e-06
3.824900000000028740e+03 2.863887630155659281e-06
3.825800000000028831e+03 2.599836761874030344e-06
3.826700000000028922e+03 2.705666702240705490e-06
3.827600000000029013e+03 2.914809556386899203e-06
3.828500000000029104e+03 3.107705424554296769e-06
3.829400000000029195e+03 3.345387540321098641e-06
3.830300000000029286e+03 3.538980763551080599e-06
3.831200000000029377e+03 3.409999408177100122e-06
3.832100000000029468e+03 2.982978912768885493e-06
3.833000000000029559e+03 2.679409817574196495e-06
3.833900000000029650e+03 2.747281087067676708e-06
3.834800000000029740e+03 3.185008608852513134e-06
3.835700000000029831e+03 3.704647724589449354e-06
3.836600000000029922e+03 3.791071321757044643e-06
3.837500000000030013e+03 3.369560317878494971e-06
3.838400000000030104e+03 2.910802550104563124e-06
3.839300000000030195e+03 2.737921022344380617e-06
3.840200000000030286e+03 2.763405746009084396e-06
3.841100000000030377e+03 3.160774667776422575e-06
3.842000000000030468e+03 3.993390691903186962e-06
3.842900000000030559e+03 4.675054697145242244e-06
3.843800000000030650e+03 4.895246092928573489e-06
3.844700000000030741e+03 4.862604328081943095e-06
3.845600000000030832e+03 4.742127657664241269e-06
3.846500000000030923e+03 4.716437615570612252e-06
3.847400000000031014e+03 4.842651833314448595e-06
3.848300000000031105e+03 4.730310593004105613e-06
3.849200000000031196e+03 4.182858447165926918e-06
3.850100000000031287e+03 3.811436954492819495e-06
3.851000000000031378e+03 4.156008344580186531e-06
3.851900000000031469e+03 4.686876309278886765e-06
3.852800000000031559e+03 4.667504526878474280e-06
3.853700000000031650e+03 4.304233698348980397e-06
3.854600000000031741e+03 4.069249371241312474e-06
3.855500000000031832e+03 3.911005023837788031e-06
3.856400000000031923e+03 3.772950549318920821e-06
3.857300000000032014e+03 3.687457365231239237e-06
3.858200000000032105e+03 3.364694066476658918e-06
3.859100000000032196e+03 2.842959474946837872e-06
3.860000000000032287e+03 2.649844418556313030e-06
3.860900000000032378e+03 3.132166057184804231e-06
3.861800000000032469e+03 4.095536951354006305e-06
3.862700000000032560e+03 4.905407877231482416e-06
3.863600000000032651e+03 5.086551027488894761e-06
3.864500000000032742e+03 4.793663720192853361e-06
3.865400000000032833e+03 4.483029897528467700e-06
3.866300000000032924e+03 4.406500920595135540e-06
3.867200000000033015e+03 4.401010301080532372e-06
3.868100000000033106e+03 4.287810497771715745e-06
3.869000000000033197e+03 4.061040272063110024e-06
3.869900000000033288e+03 3.688446440719417296e-06
3.870800000000033378e+03 3.303791572761838324e-06
3.871700000000033469e+03 3.170271156704984605e-06
3.872600000000033560e+03 3.472317985142581165e-06
3.873500000000033651e+03 4.283432190277380869e-06
3.874400000000033742e+03 5.246270575298694894e-06
3.875300000000033833e+03 5.715006864193128422e-06
3.876200000000033924e+03 5.447710464068222791e-06
3.877100000000034015e+03 4.646275101549690589e-06
3.878000000000034106e+03 3.867176928906701505e-06
3.878900000000034197e+03 3.811600663539138623e-06
3.879800000000034288e+03 4.259889010427286848e-06
3.880700000000034379e+03 4.317174443713156506e-06
3.881600000000034470e+03 3.918657512258505449e-06
3.882500000000034561e+03 3.982337602792540565e-06
3.883400000000034652e+03 4.947232355334563181e-06
3.884300000000034743e+03 5.657401743519585580e-06
3.885200000000034834e+03 5.081380550109315664e-06
3.886100000000034925e+03 4.103334958927007392e-06
3.887000000000035016e+03 3.940368515031877905e-06
3.887900000000035106e+03 4.357442776381503791e-06
3.888800000000035197e+03 4.750399966724216938e-06
3.889700000000035288e+03 5.344990768207935616e-06
3.890600000000035379e+03 6.224669959919992834e-06
3.891500000000035470e+03 6.980478701734682545e-06
3.892400000000035561e+03 7.303880465769907460e-06
3.893300000000035652e+03 7.188419658632483333e-06
3.894200000000035743e+03 6.770359959773486480e-06
3.895100000000035834e+03 6.275643499975558370e-06
3.896000000000035925e+03 6.285079962253803387e-06
3.896900000000036016e+03 6.780733201594557613e-06
3.897800000000036107e+03 6.841372851340565830e-06
3.898700000000036198e+03 6.364926321111852303e-06
3.899600000000036289e+03 6.070672043279046193e-06
3.900500000000036380e+03 6.447348823712673038e-06
3.901400000000036471e+03 6.912214303156360984e-06
3.902300000000036562e+03 6.600091182917822152e-06
3.903200000000036653e+03 6.054502591723576188e-06
3.904100000000036744e+03 5.885865903110243380e-06
3.905000000000036835e+03 5.590910859609721228e-06
3.905900000000036925e+03 5.339351446309592575e-06
3.906800000000037016e+03 5.856721145391929895e-06
3.907700000000037107e+03 6.842203220003284514e-06
3.908600000000037198e+03 7.532875770266400650e-06
3.909500000000037289e+03 7.687800462008453906e-06
3.910400000000037380e+03 7.635255315108224750e-06
3.911300000000037471e+03 7.810775969119276851e-06
3.912200000000037562e+03 8.086449270194862038e-06
3.913100000000037653e+03 8.118184268823824823e-06
3.914000000000037744e+03 8.020550922083202749e-06
3.914900000000037835e+03 7.947154699650127441e-06
3.915800000000037926e+03 7.684975571464747190e-06
3.916700000000038017e+03 7.346688107645604759e-06
3.917600000000038108e+03 7.170839580794563517e-06
3.918500000000038199e+03 6.838598437752807513e-06
3.919400000000038290e+03 6.157887582958210260e-06
3.920300000000038381e+03 5.407148364611202851e-06
3.921200000000038472e+03 5.055817382526583970e-06
3.922100000000038563e+03 5.184873316466109827e-06
3.923000000000038654e+03 5.530575435841456056e-06
3.923900000000038744e+03 5.934373348281951621e-06
3.924800000000038835e+03 6.025152742950012907e-06
3.925700000000038926e+03 5.645942110277246684e-06
3.926600000000039017e+03 5.072638487035874277e-06
3.927500000000039108e+03 4.379346137284301221e-06
3.928400000000039199e+03 3.686739546537864953e-06
3.929300000000039290e+03 3.174283165208180435e-06
3.930200000000039381e+03 2.764181999737047590e-06
3.931100000000039472e+03 2.397055823166738264e-06
3.932000000000039563e+03 2.065790113192633726e-06
3.932900000000039654e+03 1.789767111404216848e-06
3.933800000000039745e+03 1.676811734796501696e-06
3.934700000000039836e+03 1.783762741069949698e-06
3.935600000000039927e+03 2.135028353222878650e-06
3.936500000000040018e+03 2.683025741134770215e-06
3.937400000000040109e+03 3.318195922474842519e-06
3.938300000000040200e+03 4.006158178526675329e-06
3.939200000000040291e+03 4.687735327024711296e-06
3.940100000000040382e+03 5.118993612995836884e-06
3.941000000000040473e+03 5.204120952839730307e-06
3.941900000000040563e+03 5.134882485435809940e-06
3.942800000000040654e+03 4.874498245044378564e-06
3.943700000000040745e+03 4.506754976318916306e-06
3.944600000000040836e+03 4.759814601129619405e-06
3.945500000000040927e+03 5.869387678103521466e-06
3.946400000000041018e+03 6.836636657681083307e-06
3.947300000000041109e+03 6.903326266183285043e-06
3.948200000000041200e+03 6.677957117062760517e-06
3.949100000000041291e+03 7.036362603685120121e-06
3.950000000000041382e+03 7.851233931432943791e-06
3.950900000000041473e+03 8.280955626105424017e-06
3.951800000000041564e+03 7.865512088756076992e-06
3.952700000000041655e+03 7.339605417655548081e-06
3.953600000000041746e+03 7.702778020757250488e-06
3.954500000000041837e+03 8.341822649526875466e-06
3.955400000000041928e+03 8.078401151578873396e-06
3.956300000000042019e+03 7.304125119844684377e-06
3.957200000000042110e+03 7.069271759974071756e-06
3.958100000000042201e+03 7.422258022415917367e-06
3.959000000000042292e+03 7.679099326196592301e-06
3.959900000000042382e+03 7.123040177248185501e-06
3.960800000000042473e+03 5.702150247088866308e-06
3.961700000000042564e+03 4.432155947142746300e-06
3.962600000000042655e+03 4.122859536437317729e-06
3.963500000000042746e+03 4.342554348113480955e-06
3.964400000000042837e+03 4.323593657318269834e-06
3.965300000000042928e+03 3.825416570180095732e-06
3.966200000000043019e+03 3.060618837480433285e-06
3.967100000000043110e+03 2.360781309107551351e-06
3.968000000000043201e+03 1.923727722896728665e-06
3.968900000000043292e+03 1.852180616879195441e-06
3.969800000000043383e+03 2.194823309764615260e-06
3.970700000000043474e+03 2.826345280482200906e-06
3.971600000000043565e+03 3.516803644743049517e-06
3.972500000000043656e+03 4.116790478292386979e-06
3.973400000000043747e+03 4.675235686590895057e-06
3.974300000000043838e+03 5.341759333532536402e-06
3.975200000000043929e+03 6.071044026612071320e-06
3.976100000000044020e+03 6.610378932236926630e-06
3.977000000000044110e+03 7.071289473969954997e-06
3.977900000000044201e+03 7.689606718486174941e-06
3.978800000000044292e+03 8.370297109649982303e-06
3.979700000000044383e+03 8.955974408308975399e-06
3.980600000000044474e+03 9.162534297502133995e-06
3.981500000000044565e+03 8.892126970749814063e-06
3.982400000000044656e+03 8.595757208240684122e-06
3.983300000000044747e+03 8.520924893673509359e-06
3.984200000000044838e+03 8.623482244729530066e-06
3.985100000000044929e+03 8.889118362276349217e-06
3.986000000000045020e+03 9.035489711095578969e-06
3.986900000000045111e+03 9.211414180754218251e-06
3.987800000000045202e+03 9.783409950614441186e-06
3.988700000000045293e+03 1.004179011943051592e-05
3.989600000000045384e+03 9.567102097207680345e-06
3.990500000000045475e+03 9.318904631072655320e-06
3.991400000000045566e+03 9.678920832811854780e-06
3.992300000000045657e+03 1.012472694128518924e-05
3.993200000000045748e+03 1.030574094329494983e-05
3.994100000000045839e+03 1.013719611364649609e-05
3.995000000000045929e+03 9.825259439821820706e-06
3.995900000000046020e+03 9.472552847000770271e-06
3.996800000000046111e+03 9.004280400404240936e-06
3.997700000000046202e+03 8.796647307462990284e-06
3.998600000000046293e+03 9.415418389835394919e-06
3.999500000000046384e+03 1.050607170327566564e-05
4.000400000000046475e+03 1.098431675927713513e-05
4.001300000000046566e+03 1.090778823709115386e-05
4.002200000000046657e+03 1.113192502089077607e-05
4.003100000000046748e+03 1.139195683208527043e-05
4.004000000000046839e+03 1.064187927113380283e-05
4.004900000000046930e+03 8.959065780800301582e-06
4.005800000000047021e+03 8.022413567232433707e-06
4.006700000000047112e+03 8.687706213095225394e-06
4.007600000000047203e+03 9.911249435390345752e-06
4.008500000000047294e+03 1.064342450263211504e-05
4.009400000000047385e+03 1.080031142919324338e-05
4.010300000000047476e+03 1.079919366020476446e-05
4.011200000000047567e+03 1.084018458641367033e-05
4.012100000000047658e+03 1.092844740924192593e-05
4.013000000000047748e+03 1.104799775930587202e-05
4.013900000000047839e+03 1.111753044824581593e-05
4.014800000000047930e+03 1.130497457779711112e-05
4.015700000000048021e+03 1.150978823716286570e-05
4.016600000000048112e+03 1.116302610171260312e-05
4.017500000000048203e+03 1.067300763679668307e-05
4.018400000000048294e+03 1.099517521652160212e-05
4.019300000000048385e+03 1.167999562312616035e-05
4.020200000000048476e+03 1.171839085145620629e-05
4.021100000000048567e+03 1.133786645368672907e-05
4.022000000000048658e+03 1.118739146477309987e-05
4.022900000000048749e+03 1.119646458391798660e-05
4.023800000000048840e+03 1.094487106456654146e-05
4.024700000000048931e+03 1.061663260770728812e-05
4.025600000000049022e+03 1.081845675798831508e-05
4.026500000000049113e+03 1.141252596426056698e-05
4.027400000000049204e+03 1.198544032376958057e-05
4.028300000000049295e+03 1.227823668159544468e-05
4.029200000000049386e+03 1.162300759460777044e-05
4.030100000000049477e+03 9.895324183162301779e-06
4.031000000000049567e+03 8.473336492897942662e-06
4.031900000000049658e+03 8.074970537563785911e-06
4.032800000000049749e+03 7.921214091766159981e-06
4.033700000000049840e+03 7.883450052759144455e-06
4.034600000000049931e+03 8.374875505978707224e-06
4.035500000000050022e+03 9.468903954257257283e-06
4.036400000000050113e+03 1.090209389076335356e-05
4.037300000000050204e+03 1.207085460919188336e-05
4.038200000000050295e+03 1.245455769094405696e-05
4.039100000000050386e+03 1.210776918014744297e-05
4.040000000000050477e+03 1.143785812018904835e-05
4.040900000000050568e+03 1.107052230508998036e-05
4.041800000000050659e+03 1.139605501521145925e-05
4.042700000000050750e+03 1.158464965556049719e-05
4.043600000000050841e+03 1.040149072650820017e-05
4.044500000000050932e+03 8.078329301497433335e-06
4.045400000000051023e+03 6.213882443262264132e-06
4.046300000000051114e+03 6.350379408104345202e-06
4.047200000000051205e+03 8.292196071124635637e-06
4.048100000000051296e+03 1.018501097860280424e-05
4.049000000000051386e+03 1.114840597438160330e-05
4.049900000000051477e+03 1.173131386167369783e-05
4.050800000000051568e+03 1.203715146402828395e-05
4.051700000000051659e+03 1.175355828308966011e-05
4.052600000000051750e+03 1.121043715102132410e-05
4.053500000000051841e+03 1.077742945199133828e-05
4.054400000000051932e+03 1.027086000249255449e-05
4.055300000000052023e+03 9.928282452165149152e-06
4.056200000000052114e+03 9.863683771982323378e-06
4.057100000000052205e+03 9.422372386325150728e-06
4.058000000000052296e+03 8.887362128007225692e-06
4.058900000000052387e+03 9.232029697159305215e-06
4.059800000000052478e+03 1.030156818160321563e-05
4.060700000000052569e+03 1.098548909794772044e-05
4.061600000000052660e+03 1.038244772644247860e-05
4.062500000000052751e+03 8.626394446764606982e-06
4.063400000000052842e+03 7.094683496688958257e-06
4.064300000000052933e+03 7.355738944170298055e-06
4.065200000000053024e+03 8.879042979970108718e-06
4.066100000000053114e+03 9.669836799730546772e-06
4.067000000000053205e+03 9.626174687582533807e-06
4.067900000000053296e+03 1.012294887914322317e-05
4.068800000000053387e+03 1.122145386034389958e-05
4.069700000000053478e+03 1.150623847934184596e-05
4.070600000000053569e+03 1.012970733427209780e-05
4.071500000000053660e+03 8.467718544125091285e-06
4.072400000000053751e+03 8.655782949062995613e-06
4.073300000000053842e+03 1.030350358632858843e-05
4.074200000000053933e+03 1.124924438045127317e-05
4.075100000000054024e+03 1.079785033653024584e-05
4.076000000000054115e+03 9.570360816724132746e-06
4.076900000000054206e+03 8.434836672677192837e-06
4.077800000000054297e+03 8.311738383781630546e-06
4.078700000000054388e+03 9.256196790374815464e-06
4.079600000000054479e+03 1.061283819581149146e-05
4.080500000000054570e+03 1.191446426673792303e-05
4.081400000000054661e+03 1.258183147001545876e-05
4.082300000000054752e+03 1.217895351146580651e-05
4.083200000000054843e+03 1.131409408117178828e-05
4.084100000000054933e+03 1.077700017049210146e-05
4.085000000000055024e+03 1.069604877557139844e-05
4.085900000000055115e+03 1.109318054659524933e-05
4.086800000000055206e+03 1.198363042931305245e-05
4.087700000000055297e+03 1.295019956160103902e-05
4.088600000000055388e+03 1.341555343969957903e-05
4.089500000000055479e+03 1.316964153375010937e-05
4.090400000000055570e+03 1.260560929949861020e-05
4.091300000000055661e+03 1.210557729791617021e-05
4.092200000000055752e+03 1.174017324956366792e-05
4.093100000000055843e+03 1.188095939141931012e-05
4.094000000000055934e+03 1.211360540764871985e-05
4.094900000000056025e+03 1.138088009611237794e-05
4.095800000000056116e+03 1.024601533572422341e-05
4.096700000000056207e+03 9.780926120583899319e-06
4.097600000000056752e+03 9.953265362128149718e-06
4.098500000000056389e+03 1.021902335196500644e-05
4.099400000000056025e+03 1.009110746963415295e-05
4.100300000000056571e+03 9.236205187335144728e-06
4.101200000000057116e+03 8.282254384539555758e-06
4.102100000000056752e+03 8.325231647177133709e-06
4.103000000000056389e+03 9.196016435453202575e-06
4.103900000000056934e+03 9.922468052536714822e-06
4.104800000000057480e+03 1.046851411956595257e-05
4.105700000000057116e+03 1.121792047342751175e-05
4.106600000000056752e+03 1.175882698589703068e-05
4.107500000000057298e+03 1.173661348730092868e-05
4.108400000000057844e+03 1.141017673944588751e-05
4.109300000000057480e+03 1.098874417948536575e-05
4.110200000000057116e+03 1.058438101608771831e-05
4.111100000000057662e+03 1.037406491377623752e-05
4.112000000000058208e+03 1.049393904395401478e-05
4.112900000000057844e+03 1.102634541894076392e-05
4.113800000000057480e+03 1.162387525255326182e-05
4.114700000000058026e+03 1.184597840619971976e-05
4.115600000000058571e+03 1.192490799439838156e-05
4.116500000000058208e+03 1.203910687763709575e-05
4.117400000000057844e+03 1.174281806015642360e-05
4.118300000000058390e+03 1.084866744349710643e-05
4.119200000000058935e+03 1.032866111927432939e-05
4.120100000000058571e+03 1.073407656804192811e-05
4.121000000000058208e+03 1.116101338993757963e-05
4.121900000000058753e+03 1.102701389754656702e-05
4.122800000000059299e+03 1.078426066669635475e-05
4.123700000000058935e+03 1.101331781683256850e-05
4.124600000000058571e+03 1.164078184956451878e-05
4.125500000000059117e+03 1.184777556773042306e-05
4.126400000000059663e+03 1.142541987064760178e-05
4.127300000000059299e+03 1.091830381483305246e-05
4.128200000000058935e+03 1.068160418071784079e-05
4.129100000000059481e+03 1.067420362232951447e-05
4.130000000000060027e+03 1.057646295521408319e-05
4.130900000000059663e+03 1.006397178571205586e-05
4.131800000000059299e+03 9.151791346084792167e-06
4.132700000000059845e+03 8.659935701871290803e-06
4.133600000000060390e+03 8.901308319764211774e-06
4.134500000000060027e+03 9.529297130939085037e-06
4.135400000000059663e+03 1.064329535438446328e-05
4.136300000000060209e+03 1.148690444097155705e-05
4.137200000000060754e+03 1.151519336417550221e-05
4.138100000000060390e+03 1.147454349847976118e-05
4.139000000000060027e+03 1.166523998108459637e-05
4.139900000000060572e+03 1.180381968879373744e-05
4.140800000000061118e+03 1.162851822300581262e-05
4.141700000000060754e+03 1.062854516931110993e-05
4.142600000000060390e+03 8.819649337965529412e-06
4.143500000000060936e+03 7.580053534184116870e-06
4.144400000000061482e+03 8.070302101259585470e-06
4.145300000000061118e+03 9.548212801746558398e-06
4.146200000000060754e+03 1.053150390362134203e-05
4.147100000000061300e+03 1.079981666407547891e-05
4.148000000000061846e+03 1.071750830305973068e-05
4.148900000000061482e+03 1.035060176945989951e-05
4.149800000000061118e+03 9.885015970212407410e-06
4.150700000000061664e+03 9.752339792612474412e-06
4.151600000000062209e+03 9.813127689994871616e-06
4.152500000000061846e+03 9.845040949585381895e-06
4.153400000000061482e+03 9.747203876031562686e-06
4.154300000000062028e+03 9.514668818155769259e-06
4.155200000000062573e+03 9.483723260927945375e-06
4.156100000000062209e+03 9.458199201617389917e-06
4.157000000000061846e+03 9.465772563999053091e-06
4.157900000000062391e+03 1.000241536530666053e-05
4.158800000000062937e+03 1.077816614269977435e-05
4.159700000000062573e+03 1.120373508456395939e-05
4.160600000000062209e+03 1.121135937864892185e-05
4.161500000000062755e+03 1.139396317739738151e-05
4.162400000000063301e+03 1.195584536617388949e-05
4.163300000000062937e+03 1.211094968311954290e-05
4.164200000000062573e+03 1.160716692538699135e-05
4.165100000000063119e+03 1.110536231863079593e-05
4.166000000000063665e+03 1.065888591256225482e-05
4.166900000000063301e+03 1.001710097625618801e-05
4.167800000000062937e+03 9.818872968025971204e-06
4.168700000000063483e+03 1.051072376867523417e-05
4.169600000000064028e+03 1.121898822020739317e-05
4.170500000000063665e+03 1.120737306337105110e-05
4.171400000000063301e+03 1.030306702887173742e-05
4.172300000000063847e+03 9.062015124072786421e-06
4.173200000000064392e+03 8.595065992267336696e-06
4.174100000000064028e+03 9.061764103535097092e-06
4.175000000000063665e+03 9.644146302889566869e-06
4.175900000000064210e+03 9.872544069366995245e-06
4.176800000000064756e+03 9.735488674778025597e-06
4.177700000000064392e+03 9.554265488986857235e-06
4.178600000000064028e+03 9.816009878704790026e-06
4.179500000000064574e+03 1.029469785862602293e-05
4.180400000000065120e+03 1.032609816320473328e-05
4.181300000000064756e+03 9.906442755891475827e-06
4.182200000000064392e+03 9.680044058768544346e-06
4.183100000000064938e+03 1.001708551484625787e-05
4.184000000000065484e+03 1.074931333278072998e-05
4.184900000000065120e+03 1.150836578744929284e-05
4.185800000000064756e+03 1.140381573350168765e-05
4.186700000000065302e+03 1.015215093502774835e-05
4.187600000000065847e+03 9.267761015507858247e-06
4.188500000000065484e+03 9.840258826443459839e-06
4.189400000000065120e+03 1.088773024093825370e-05
4.190300000000065666e+03 1.111398978537181392e-05
4.191200000000066211e+03 1.072995564754819497e-05
4.192100000000065847e+03 1.095743937185034156e-05
4.193000000000065484e+03 1.179674563900334761e-05
4.193900000000066029e+03 1.191731098515447229e-05
4.194800000000066575e+03 1.094130493584088981e-05
4.195700000000066211e+03 9.784939720702823251e-06
4.196600000000065847e+03 9.180870620184578001e-06
4.197500000000066393e+03 8.953273209044709802e-06
4.198400000000066939e+03 8.848977813613601029e-06
4.199300000000066575e+03 9.193406185659114271e-06
4.200200000000066211e+03 9.662365300755482167e-06
4.201100000000066757e+03 9.466156370763201267e-06
4.202000000000067303e+03 9.093082553590647876e-06
4.202900000000066939e+03 9.549207788950297982e-06
4.203800000000066575e+03 1.043883730744710192e-05
4.204700000000067121e+03 1.104158036469016224e-05
4.205600000000067666e+03 1.152509776147780940e-05
4.206500000000067303e+03 1.197081292048096657e-05
4.207400000000066939e+03 1.229008285008603707e-05
4.208300000000067485e+03 1.234813680639490485e-05
4.209200000000068030e+03 1.185976270789979026e-05
4.210100000000067666e+03 1.124689879361540079e-05
4.211000000000067303e+03 1.132373290602117777e-05
4.211900000000067848e+03 1.186162717203842476e-05
4.212800000000068394e+03 1.194196738651953638e-05
4.213700000000068030e+03 1.123720358009450138e-05
4.214600000000067666e+03 1.000178599497303367e-05
4.215500000000068212e+03 9.146400770987384021e-06
4.216400000000068758e+03 9.856133146968204528e-06
4.217300000000068394e+03 1.158798568212660030e-05
4.218200000000068030e+03 1.273241105081979185e-05
4.219100000000068576e+03 1.301987958868267015e-05
4.220000000000069122e+03 1.313926622970029712e-05
4.220900000000068758e+03 1.323128253716276959e-05
4.221800000000068394e+03 1.274730038858251646e-05
4.222700000000068940e+03 1.167509617516770959e-05
4.223600000000069485e+03 1.046430224960204214e-05
4.224500000000069122e+03 9.076739843294490129e-06
4.225400000000068758e+03 7.268183253472670913e-06
4.226300000000069303e+03 5.548893113882513717e-06
4.227200000000069849e+03 5.490063358593033627e-06
4.228100000000069485e+03 7.612911304022418335e-06
4.229000000000069122e+03 1.011500808090204373e-05
4.229900000000069667e+03 1.163013348559616134e-05
4.230800000000070213e+03 1.248231637873686850e-05
4.231700000000069849e+03 1.256836185348220170e-05
4.232600000000069485e+03 1.172224892798112705e-05
4.233500000000070031e+03 1.101653379009803757e-05
4.234400000000070577e+03 1.100346617022296414e-05
4.235300000000070213e+03 1.071935639629373327e-05
4.236200000000069849e+03 1.020203217194648460e-05
4.237100000000070395e+03 1.043041720549808815e-05
4.238000000000070941e+03 1.096169671654934064e-05
4.238900000000070577e+03 1.110022731154458597e-05
4.239800000000070213e+03 1.125514700106577948e-05
4.240700000000070759e+03 1.193238676933106035e-05
4.241600000000071304e+03 1.257925850950414315e-05
4.242500000000070941e+03 1.263717604160774499e-05
4.243400000000070577e+03 1.291659737034933642e-05
4.244300000000071122e+03 1.382385562465060502e-05
4.245200000000071668e+03 1.426253402314614505e-05
4.246100000000071304e+03 1.360557507723569870e-05
4.247000000000070941e+03 1.244095255970023572e-05
4.247900000000071486e+03 1.152109871327411383e-05
4.248800000000072032e+03 1.087494001694722101e-05
4.249700000000071668e+03 1.000082738755736500e-05
4.250600000000071304e+03 9.523978405923116952e-06
4.251500000000071850e+03 1.038872414937941357e-05
4.252400000000072396e+03 1.146532758866669610e-05
4.253300000000072032e+03 1.115037412091623992e-05
4.254200000000071668e+03 9.964330274669919163e-06
4.255100000000072214e+03 9.776273145689629018e-06
4.256000000000072760e+03 1.117121246352326125e-05
4.256900000000072396e+03 1.272269764740485698e-05
4.257800000000072032e+03 1.278842592000728473e-05
4.258700000000072578e+03 1.143167810369050130e-05
4.259600000000073123e+03 9.836288882070221007e-06
4.260500000000072760e+03 8.939491635828744620e-06
4.261400000000072396e+03 9.613841939426492900e-06
4.262300000000072941e+03 1.155251084128394723e-05
4.263200000000073487e+03 1.321907893725438043e-05
4.264100000000073123e+03 1.384956885885912925e-05
4.265000000000072760e+03 1.403415990353096277e-05
4.265900000000073305e+03 1.414169491908978671e-05
4.266800000000073851e+03 1.366901233268436044e-05
4.267700000000073487e+03 1.268584946956252679e-05
4.268600000000073123e+03 1.187075940833892673e-05
4.269500000000073669e+03 1.106232139136409387e-05
4.270400000000074215e+03 9.583188329997938126e-06
4.271300000000073851e+03 7.920353709778282791e-06
4.272200000000073487e+03 7.595209808641811833e-06
4.273100000000074033e+03 8.497047929267864674e-06
4.274000000000074579e+03 8.889485798135865480e-06
4.274900000000074215e+03 8.937060556490905583e-06
4.275800000000073851e+03 9.996386324928607792e-06
4.276700000000074397e+03 1.173927557829301804e-05
4.277600000000074942e+03 1.308715673076221719e-05
4.278500000000074579e+03 1.349776175629813224e-05
4.279400000000074215e+03 1.266336676053470001e-05
4.280300000000074760e+03 1.150348907685838640e-05
4.281200000000075306e+03 1.130314194597303867e-05
4.282100000000074942e+03 1.166832953458651900e-05
4.283000000000074579e+03 1.200751739816041663e-05
4.283900000000075124e+03 1.223465369548648596e-05
4.284800000000075670e+03 1.183957738248864189e-05
4.285700000000075306e+03 1.123356469179270789e-05
4.286600000000074942e+03 1.126371626014588401e-05
4.287500000000075488e+03 1.150631851487560198e-05
4.288400000000076034e+03 1.081624850485241041e-05
4.289300000000075670e+03 9.319746823166497052e-06
4.290200000000075306e+03 8.577892003813758492e-06
4.291100000000075852e+03 9.317775948147755116e-06
4.292000000000076398e+03 1.080268430087016895e-05
4.292900000000076034e+03 1.184613756777253002e-05
4.293800000000075670e+03 1.164615059678908437e-05
4.294700000000076216e+03 1.113170037569943815e-05
4.295600000000076761e+03 1.125193739426322281e-05
4.296500000000076398e+03 1.121006880566710606e-05
4.297400000000076034e+03 1.045651333697605878e-05
4.298300000000076579e+03 9.155866791843436658e-06
4.299200000000077125e+03 7.685315722483210266e-06
4.300100000000076761e+03 7.118769190128659829e-06
4.301000000000076398e+03 7.713933882769197226e-06
4.301900000000076943e+03 8.258450179710052907e-06
4.302800000000077489e+03 8.341550710611045361e-06
4.303700000000077125e+03 8.597979103797115386e-06
4.304600000000076761e+03 8.773179615673143417e-06
4.305500000000077307e+03 8.434228220721706748e-06
4.306400000000077853e+03 7.822628504072781652e-06
4.307300000000077489e+03 6.968449270061682910e-06
4.308200000000077125e+03 6.279675744735868648e-06
4.309100000000077671e+03 6.515092536574229598e-06
4.310000000000078217e+03 7.429546712955925614e-06
4.310900000000077853e+03 8.404042091569863260e-06
4.311800000000077489e+03 9.294913070334587246e-06
4.312700000000078035e+03 1.022065953293349594e-05
4.313600000000078580e+03 1.101873476727632806e-05
4.314500000000078217e+03 1.178033289761515334e-05
4.315400000000077853e+03 1.342168525297893211e-05
4.316300000000078398e+03 1.553909714857582003e-05
4.317200000000078944e+03 1.643256655370350927e-05
4.318100000000078580e+03 1.605983743502292782e-05
4.319000000000078217e+03 1.550321394461207092e-05
4.319900000000078762e+03 1.504801093688001856e-05
4.320800000000079308e+03 1.454004086554050446e-05
4.321700000000078944e+03 1.418790634488686919e-05
4.322600000000078580e+03 1.331816474703373387e-05
4.323500000000079126e+03 1.132009674620348960e-05
4.324400000000079672e+03 9.068532563105691224e-06
4.325300000000079308e+03 7.664549229957628995e-06
4.326200000000078944e+03 8.171136869350448251e-06
4.327100000000079490e+03 1.076161697710631415e-05
4.328000000000080036e+03 1.370493464492028579e-05
4.328900000000079672e+03 1.520897785667330027e-05
4.329800000000079308e+03 1.504573538113618270e-05
4.330700000000079854e+03 1.446078567823860794e-05
4.331600000000080399e+03 1.453575987397925928e-05
4.332500000000080036e+03 1.497045104770222679e-05
4.333400000000079672e+03 1.529139990452677011e-05
4.334300000000080217e+03 1.572663313709199429e-05
4.335200000000080763e+03 1.608062666491605341e-05
4.336100000000080399e+03 1.531582347524818033e-05
4.337000000000080036e+03 1.319407419941853732e-05
4.337900000000080581e+03 1.129723386839032173e-05
4.338800000000081127e+03 1.044134023686638102e-05
4.339700000000080763e+03 9.839863196248188615e-06
4.340600000000080399e+03 9.797681741474661976e-06
4.341500000000080945e+03 1.112920017476426437e-05
4.342400000000081491e+03 1.275165141123579815e-05
4.343300000000081127e+03 1.322759999311529100e-05
4.344200000000080763e+03 1.330002760369097814e-05
4.345100000000081309e+03 1.399694610881851986e-05
4.346000000000081855e+03 1.452492233511293307e-05
4.346900000000081491e+03 1.442629400116857141e-05
4.347800000000081127e+03 1.475004046369576827e-05
4.348700000000081673e+03 1.579642594151664525e-05
4.349600000000082218e+03 1.609245737199671566e-05
4.350500000000081855e+03 1.434268779121339321e-05
4.351400000000081491e+03 1.170379618997685611e-05
4.352300000000082036e+03 1.066318509401753545e-05
4.353200000000082582e+03 1.169240840681595728e-05
4.354100000000082218e+03 1.297249673370970413e-05
4.355000000000081855e+03 1.349832746200263500e-05
4.355900000000082400e+03 1.400742803525645286e-05
4.356800000000082946e+03 1.473930660722544417e-05
4.357700000000082582e+03 1.476898978580720723e-05
4.358600000000082218e+03 1.384897041134536266e-05
4.359500000000082764e+03 1.328776306763757020e-05
4.360400000000083310e+03 1.402419729856774211e-05
4.361300000000082946e+03 1.520441310276510194e-05
4.362200000000082582e+03 1.552761023049242795e-05
4.363100000000083128e+03 1.523473838460631669e-05
4.364000000000083674e+03 1.559600605105515569e-05
4.364900000000083310e+03 1.643253381189424545e-05
4.365800000000082946e+03 1.635921034903731197e-05
4.366700000000083492e+03 1.510469610366271809e-05
4.367600000000084037e+03 1.390814213664270937e-05
4.368500000000083674e+03 1.377492208121111616e-05
4.369400000000083310e+03 1.415633141732541844e-05
4.370300000000083855e+03 1.425747268513077870e-05
4.371200000000084401e+03 1.430868996976641938e-05
4.372100000000084037e+03 1.433106262993533164e-05
4.373000000000083674e+03 1.375326155539369211e-05
4.373900000000084219e+03 1.253844220627797768e-05
4.374800000000084765e+03 1.156061534857144579e-05
4.375700000000084401e+03 1.169169991044327617e-05
4.376600000000084037e+03 1.300467283726902679e-05
4.377500000000084583e+03 1.443087603547610343e-05
4.378400000000085129e+03 1.492987394158262759e-05
4.379300000000084765e+03 1.450261970603605732e-05
4.380200000000084401e+03 1.380885714752366766e-05
4.381100000000084947e+03 1.306493413721909747e-05
4.382000000000085493e+03 1.142031578638125211e-05
4.382900000000085129e+03 8.659451850689947605e-06
4.383800000000084765e+03 6.777190264983801171e-06
4.384700000000085311e+03 7.590800123580265790e-06
4.385600000000085856e+03 1.028404403768945485e-05
4.386500000000085493e+03 1.248711578227812424e-05
4.387400000000085129e+03 1.301869360759155825e-05
4.388300000000085674e+03 1.270804659725399688e-05
4.389200000000086220e+03 1.236018761119339615e-05
4.390100000000085856e+03 1.214098665514029562e-05
4.391000000000085493e+03 1.235907893715193495e-05
4.391900000000086038e+03 1.299635005125310272e-05
4.392800000000086584e+03 1.344890733889769763e-05
4.393700000000086220e+03 1.329611768596805632e-05
4.394600000000085856e+03 1.290305772272404283e-05
4.395500000000086402e+03 1.324230652244295925e-05
4.396400000000086948e+03 1.461011652281740680e-05
4.397300000000086584e+03 1.580075695528648794e-05
4.398200000000086220e+03 1.580725438543595374e-05
4.399100000000086766e+03 1.484381118643796071e-05
4.400000000000087311e+03 1.353111292701214552e-05
4.400900000000086948e+03 1.301638440054375678e-05
4.401800000000086584e+03 1.381342735840007663e-05
4.402700000000087130e+03 1.404662270942935720e-05
4.403600000000087675e+03 1.207549394166562706e-05
4.404500000000087311e+03 9.680860785010736436e-06
4.405400000000086948e+03 9.554923053656239063e-06
4.406300000000087493e+03 1.116507610277039930e-05
4.407200000000088039e+03 1.206589695357251912e-05
4.408100000000087675e+03 1.209314814332174137e-05
4.409000000000087311e+03 1.289786359848221764e-05
4.409900000000087857e+03 1.453278218832565472e-05
4.410800000000088403e+03 1.571315988257993013e-05
4.411700000000088039e+03 1.621862065803725272e-05
4.412600000000087675e+03 1.632853491173591465e-05
4.413500000000088221e+03 1.535283627163153142e-05
4.414400000000088767e+03 1.311945561610627919e-05
4.415300000000088403e+03 1.163312572316499427e-05
4.416200000000088039e+03 1.228129622177220881e-05
4.417100000000088585e+03 1.379269997414667159e-05
4.418000000000089130e+03 1.503855855844449252e-05
4.418900000000088767e+03 1.605382567504420877e-05
4.419800000000088403e+03 1.658500150369945914e-05
4.420700000000088949e+03 1.612247069715522230e-05
4.421600000000089494e+03 1.474344117013970390e-05
4.422500000000089130e+03 1.355111999146174639e-05
4.423400000000088767e+03 1.360752048640279099e-05
4.424300000000089312e+03 1.428706036676885560e-05
4.425200000000089858e+03 1.445555062673520297e-05
4.426100000000089494e+03 1.426939434168161824e-05
4.427000000000089130e+03 1.439493917132494971e-05
4.427900000000089676e+03 1.498156780144199729e-05
4.428800000000090222e+03 1.530965528218075633e-05
4.429700000000089858e+03 1.455235815228661522e-05
4.430600000000089494e+03 1.385373343509854749e-05
4.431500000000090040e+03 1.443647397536551580e-05
4.432400000000090586e+03 1.506982516730204225e-05
4.433300000000090222e+03 1.439740572095615789e-05
4.434200000000089858e+03 1.290047748625511304e-05
4.435100000000090404e+03 1.189735758089227602e-05
4.436000000000090949e+03 1.240899928234284744e-05
4.436900000000090586e+03 1.410913409927161410e-05
4.437800000000090222e+03 1.578211958985775709e-05
4.438700000000090768e+03 1.680124478298239410e-05
4.439600000000091313e+03 1.682385118328966200e-05
4.440500000000090949e+03 1.572051405673846602e-05
4.441400000000090586e+03 1.420920125383418053e-05
4.442300000000091131e+03 1.322811749560059980e-05
4.443200000000091677e+03 1.329986844211816788e-05
4.444100000000091313e+03 1.448332659492734820e-05
4.445000000000090949e+03 1.614014217921067029e-05
4.445900000000091495e+03 1.698704181762877852e-05
4.446800000000092041e+03 1.656957465456798673e-05
4.447700000000091677e+03 1.616304143681190908e-05
4.448600000000091313e+03 1.645993688725866377e-05
4.449500000000091859e+03 1.640954906179104000e-05
4.450400000000092405e+03 1.596358742972370237e-05
4.451300000000092041e+03 1.591364889463875443e-05
4.452200000000091677e+03 1.590300598763860762e-05
4.453100000000092223e+03 1.515752501290990040e-05
4.454000000000092768e+03 1.369815163343446329e-05
4.454900000000092405e+03 1.237208016391377896e-05
4.455800000000092041e+03 1.224390416609821841e-05
4.456700000000092587e+03 1.297590006288373843e-05
4.457600000000093132e+03 1.332945430476684123e-05
4.458500000000092768e+03 1.307317234022775665e-05
4.459400000000092405e+03 1.285814505536109209e-05
4.460300000000092950e+03 1.274271016882266849e-05
4.461200000000093496e+03 1.230892848980147392e-05
4.462100000000093132e+03 1.242130474565783516e-05
4.463000000000092768e+03 1.390085799357620999e-05
4.463900000000093314e+03 1.529553628643043339e-05
4.464800000000093860e+03 1.538773904030676931e-05
4.465700000000093496e+03 1.500390771980164573e-05
4.466600000000093132e+03 1.498875008110189810e-05
4.467500000000093678e+03 1.517044074716977775e-05
4.468400000000094224e+03 1.495417473051929846e-05
4.469300000000093860e+03 1.445498310204129666e-05
4.470200000000093496e+03 1.452767992304870859e-05
4.471100000000094042e+03 1.521232570667052642e-05
4.472000000000094587e+03 1.601594885869417340e-05
4.472900000000094224e+03 1.670713572821114212e-05
4.473800000000093860e+03 1.700787288427818567e-05
4.474700000000094406e+03 1.673320002737455070e-05
4.475600000000094951e+03 1.654320294619537890e-05
4.476500000000094587e+03 1.716042061161715537e-05
4.477400000000094224e+03 1.802892802515998483e-05
4.478300000000094769e+03 1.795696516637690365e-05
4.479200000000095315e+03 1.665014315221924335e-05
4.480100000000094951e+03 1.494262687629088759e-05
4.481000000000094587e+03 1.385110044793691486e-05
4.481900000000095133e+03 1.376692125631961972e-05
4.482800000000095679e+03 1.476699071645271033e-05
4.483700000000095315e+03 1.629595499252900481e-05
4.484600000000094951e+03 1.743506072671152651e-05
4.485500000000095497e+03 1.804205021471716464e-05
4.486400000000096043e+03 1.809315835998859257e-05
4.487300000000095679e+03 1.736562626319937408e-05
4.488200000000095315e+03 1.606182195246219635e-05
4.489100000000095861e+03 1.491572129452833906e-05
4.490000000000096406e+03 1.464630622649565339e-05
4.490900000000096043e+03 1.537510070193093270e-05
4.491800000000095679e+03 1.643069481360726058e-05
4.492700000000096225e+03 1.673872975516133010e-05
4.493600000000096770e+03 1.573064946569502354e-05
4.494500000000096406e+03 1.434447676729178056e-05
4.495400000000096043e+03 1.397446976625360548e-05
4.496300000000096588e+03 1.462046020606067032e-05
4.497200000000097134e+03 1.568707557453308254e-05
4.498100000000096770e+03 1.672943290031980723e-05
4.499000000000096406e+03 1.734237412165384740e-05
4.499900000000096952e+03 1.730055009829811752e-05
4.500800000000097498e+03 1.656911626923829317e-05
4.501700000000097134e+03 1.621900992176961154e-05
4.502600000000096770e+03 1.725936635921243578e-05
4.503500000000097316e+03 1.869160769274458289e-05
4.504400000000097862e+03 1.920619615702889860e-05
4.505300000000097498e+03 1.890816020022612065e-05
4.506200000000097134e+03 1.835548391682095826e-05
4.507100000000097680e+03 1.786360189726110548e-05
4.508000000000098225e+03 1.768815673131030053e-05
4.508900000000097862e+03 1.787749170034658164e-05
4.509800000000097498e+03 1.828606946219224483e-05
4.510700000000098044e+03 1.846496525104157627e-05
4.511600000000098589e+03 1.796458855096716434e-05
4.512500000000098225e+03 1.708328272798098624e-05
4.513400000000097862e+03 1.641879498492926359e-05
4.514300000000098407e+03 1.620596776774618775e-05
4.515200000000098953e+03 1.652794162509962916e-05
4.516100000000098589e+03 1.697073275863658637e-05
4.517000000000098225e+03 1.678917942626867443e-05
4.517900000000098771e+03 1.635636181163135916e-05
4.518800000000099317e+03 1.668459299253299832e-05
4.519700000000098953e+03 1.756833989929873496e-05
4.520600000000098589e+03 1.826334664656314999e-05
4.521500000000099135e+03 1.822752165026031435e-05
4.522400000000099681e+03 1.735859041218645871e-05
4.523300000000099317e+03 1.671977952355518937e-05
4.524200000000098953e+03 1.658596374909393489e-05
4.525100000000099499e+03 1.599526149220764637e-05
4.526000000000100044e+03 1.488499947299715132e-05
4.526900000000099681e+03 1.385391624353360385e-05
4.527800000000099317e+03 1.320688807027181610e-05
4.528700000000099863e+03 1.307023649133043364e-05
4.529600000000100408e+03 1.349684680462814867e-05
4.530500000000100044e+03 1.404653085046447814e-05
4.531400000000099681e+03 1.467999391024932265e-05
4.532300000000100226e+03 1.531458656245376915e-05
4.533200000000100772e+03 1.510085803602123633e-05
4.534100000000100408e+03 1.418473675585119054e-05
4.535000000000100044e+03 1.353669176751282066e-05
4.535900000000100590e+03 1.425811115041142330e-05
4.536800000000101136e+03 1.639578840695321560e-05
4.537700000000100772e+03 1.797145159798674285e-05
4.538600000000100408e+03 1.785570566426031291e-05
4.539500000000100954e+03 1.687660369498189539e-05
4.540400000000101500e+03 1.600117866473738104e-05
4.541300000000101136e+03 1.586149119248148054e-05
4.542200000000100772e+03 1.657095708651468158e-05
4.543100000000101318e+03 1.720651016512420028e-05
4.544000000000101863e+03 1.685101779003161937e-05
4.544900000000101500e+03 1.601230906089767814e-05
4.545800000000101136e+03 1.583117409609258175e-05
4.546700000000101682e+03 1.622540366952307522e-05
4.547600000000102227e+03 1.638082540011964738e-05
4.548500000000101863e+03 1.588076520420145243e-05
4.549400000000101500e+03 1.535026785859372467e-05
4.550300000000102045e+03 1.576908107381314039e-05
4.551200000000102591e+03 1.644936673983465880e-05
4.552100000000102227e+03 1.634549516893457621e-05
4.553000000000101863e+03 1.593754132045432925e-05
4.553900000000102409e+03 1.565458842378575355e-05
4.554800000000102955e+03 1.547931969980709255e-05
4.555700000000102591e+03 1.583505036251153797e-05
4.556600000000102227e+03 1.687224175839219242e-05
4.557500000000102773e+03 1.791570321074686944e-05
4.558400000000103319e+03 1.839867945818696171e-05
4.559300000000102955e+03 1.838971002143807709e-05
4.560200000000102591e+03 1.816418989619705826e-05
4.561100000000103137e+03 1.822859667299780995e-05
4.562000000000103682e+03 1.834541035350412130e-05
4.562900000000103319e+03 1.770637391018681228e-05
4.563800000000102955e+03 1.646658893150743097e-05
4.564700000000103500e+03 1.558281655889004469e-05
4.565600000000104046e+03 1.570987296872772276e-05
4.566500000000103682e+03 1.692179466772358865e-05
4.567400000000103319e+03 1.825371145969256759e-05
4.568300000000103864e+03 1.864144724095240235e-05
4.569200000000104410e+03 1.831037661759182811e-05
4.570100000000104046e+03 1.761198836902622133e-05
4.571000000000103682e+03 1.651440470595844090e-05
4.571900000000104228e+03 1.621787669137120247e-05
4.572800000000104774e+03 1.739908475428819656e-05
4.573700000000104410e+03 1.837442141550127417e-05
4.574600000000104046e+03 1.821254045353271067e-05
4.575500000000104592e+03 1.792915645637549460e-05
4.576400000000105138e+03 1.799132769519928843e-05
4.577300000000104774e+03 1.791861359379254282e-05
4.578200000000104410e+03 1.733402859827037901e-05
4.579100000000104956e+03 1.628977952350396663e-05
4.580000000000105501e+03 1.530568624730221927e-05
4.580900000000105138e+03 1.510866604803595692e-05
4.581800000000104774e+03 1.584624806127976626e-05
4.582700000000105319e+03 1.665413765294943005e-05
4.583600000000105865e+03 1.673179576755501330e-05
4.584500000000105501e+03 1.630571932764723897e-05
4.585400000000105138e+03 1.576645081513561308e-05
4.586300000000105683e+03 1.571397115185391158e-05
4.587200000000106229e+03 1.664905721554532647e-05
4.588100000000105865e+03 1.789614907465875149e-05
4.589000000000105501e+03 1.858271207311190665e-05
4.589900000000106047e+03 1.838495700212661177e-05
4.590800000000106593e+03 1.751298259478062391e-05
4.591700000000106229e+03 1.664262708800379187e-05
4.592600000000105865e+03 1.633461761230137199e-05
4.593500000000106411e+03 1.639918627915903926e-05
4.594400000000106957e+03 1.624669675948098302e-05
4.595300000000106593e+03 1.597569462319370359e-05
4.596200000000106229e+03 1.599007009644992650e-05
4.597100000000106775e+03 1.615167821000795811e-05
4.598000000000107320e+03 1.640192203922197223e-05
4.598900000000106957e+03 1.676530882832594216e-05
4.599800000000106593e+03 1.656635322433430701e-05
4.600700000000107138e+03 1.612307096365839243e-05
4.601600000000107684e+03 1.639512993278913200e-05
4.602500000000107320e+03 1.681011235632468015e-05
4.603400000000106957e+03 1.680174500506836921e-05
4.604300000000107502e+03 1.651585989748127759e-05
4.605200000000108048e+03 1.619730028323829174e-05
4.606100000000107684e+03 1.644636358832940459e-05
4.607000000000107320e+03 1.739235995046328753e-05
4.607900000000107866e+03 1.860466909420210868e-05
4.608800000000108412e+03 1.947453711181879044e-05
4.609700000000108048e+03 1.937635533977299929e-05
4.610600000000107684e+03 1.853638059401419014e-05
4.611500000000108230e+03 1.780225284164771438e-05
4.612400000000108776e+03 1.745292138366494328e-05
4.613300000000108412e+03 1.732692726363893598e-05
4.614200000000108048e+03 1.776989665813744068e-05
4.615100000000108594e+03 1.840797995100729167e-05
4.616000000000109139e+03 1.852374589361716062e-05
4.616900000000108776e+03 1.859361327660735697e-05
4.617800000000108412e+03 1.865835292846895754e-05
4.618700000000108957e+03 1.816795156628359109e-05
4.619600000000109503e+03 1.787013388820923865e-05
4.620500000000109139e+03 1.841960147430654615e-05
4.621400000000108776e+03 1.875868474598973989e-05
4.622300000000109321e+03 1.836656883824616671e-05
4.623200000000109867e+03 1.819194039853755385e-05
4.624100000000109503e+03 1.834662725741509348e-05
4.625000000000109139e+03 1.809553032217081636e-05
4.625900000000109685e+03 1.772889481799211353e-05
4.626800000000110231e+03 1.793129558791406453e-05
4.627700000000109867e+03 1.836695264501031488e-05
4.628600000000109503e+03 1.825482468120753765e-05
4.629500000000110049e+03 1.791203430911991745e-05
4.630400000000110595e+03 1.821607656893320382e-05
4.631300000000110231e+03 1.876137503131758422e-05
4.632200000000109867e+03 1.843752761487849057e-05
4.633100000000110413e+03 1.756654273776803166e-05
4.634000000000110958e+03 1.722174420137889683e-05
4.634900000000110595e+03 1.741988126013893634e-05
4.635800000000110231e+03 1.752894968376494944e-05
4.636700000000110776e+03 1.712914854579139501e-05
4.637600000000111322e+03 1.646023338253144175e-05
4.638500000000110958e+03 1.607227750355377793e-05
4.639400000000110595e+03 1.580340176587924361e-05
4.640300000000111140e+03 1.588020131748635322e-05
4.641200000000111686e+03 1.672819053055718541e-05
4.642100000000111322e+03 1.742792483128141612e-05
4.643000000000110958e+03 1.719960346235893667e-05
4.643900000000111504e+03 1.657792563491966575e-05
4.644800000000112050e+03 1.593926208443008363e-05
4.645700000000111686e+03 1.497775338066276163e-05
4.646600000000111322e+03 1.412804158462677151e-05
4.647500000000111868e+03 1.412453002558322623e-05
4.648400000000112414e+03 1.480339778936468065e-05
4.649300000000112050e+03 1.567764775245450437e-05
4.650200000000111686e+03 1.650589183554984629e-05
4.651100000000112232e+03 1.707703086140099913e-05
4.652000000000112777e+03 1.747599344525951892e-05
4.652900000000112414e+03 1.762938154570292681e-05
4.653800000000112050e+03 1.706702641968149692e-05
4.654700000000112595e+03 1.620301554794423282e-05
4.655600000000113141e+03 1.585417157912161201e-05
4.656500000000112777e+03 1.613268068467732519e-05
4.657400000000112414e+03 1.705125032458454370e-05
4.658300000000112959e+03 1.830260953283868730e-05
4.659200000000113505e+03 1.921631519508082420e-05
4.660100000000113141e+03 1.935635918925981969e-05
4.661000000000112777e+03 1.872697612270712852e-05
4.661900000000113323e+03 1.772643554431851953e-05
4.662800000000113869e+03 1.681862704572267830e-05
4.663700000000113505e+03 1.643581890675704926e-05
4.664600000000113141e+03 1.645177690079435706e-05
4.665500000000113687e+03 1.583862831466831267e-05
4.666400000000114233e+03 1.421142951585352421e-05
4.667300000000113869e+03 1.283862002310343087e-05
4.668200000000113505e+03 1.308591072302078828e-05
4.669100000000114051e+03 1.467734000470954925e-05
4.670000000000114596e+03 1.635508488107006997e-05
4.670900000000114233e+03 1.732569398882333189e-05
4.671800000000113869e+03 1.738207902235444635e-05
4.672700000000114414e+03 1.687143958406522870e-05
4.673600000000114960e+03 1.644742042117286474e-05
4.674500000000114596e+03 1.648702709644567221e-05
4.675400000000114233e+03 1.710582364466972649e-05
4.676300000000114778e+03 1.780381899152416736e-05
4.677200000000115324e+03 1.770899143593851477e-05
4.678100000000114960e+03 1.687810254225041717e-05
4.679000000000114596e+03 1.614217944734264165e-05
4.679900000000115142e+03 1.578320552653167397e-05
4.680800000000115688e+03 1.558085386932361871e-05
4.681700000000115324e+03 1.566111859574448317e-05
4.682600000000114960e+03 1.626854646019637585e-05
4.683500000000115506e+03 1.695026185188908130e-05
4.684400000000116052e+03 1.710225114948116243e-05
4.685300000000115688e+03 1.704076203168369830e-05
4.686200000000115324e+03 1.703058296698145568e-05
4.687100000000115870e+03 1.680012428550980985e-05
4.688000000000116415e+03 1.653114486543927342e-05
4.688900000000116052e+03 1.659879490034654737e-05
4.689800000000115688e+03 1.669458652031607926e-05
4.690700000000116233e+03 1.643822361074853688e-05
4.691600000000116779e+03 1.619218164705671370e-05
4.692500000000116415e+03 1.629160033189691603e-05
4.693400000000116052e+03 1.655046980886254460e-05
4.694300000000116597e+03 1.695110950095113367e-05
4.695200000000117143e+03 1.750616502249613404e-05
4.696100000000116779e+03 1.778337355062831193e-05
4.697000000000116415e+03 1.725702713883947581e-05
4.697900000000116961e+03 1.611434890946839005e-05
4.698800000000117507e+03 1.534750663267914206e-05
4.699700000000117143e+03 1.552428511786274612e-05
4.700600000000116779e+03 1.583952325745485723e-05
4.701500000000117325e+03 1.559606789669487625e-05
4.702400000000117871e+03 1.505233922216575593e-05
4.703300000000117507e+03 1.499488098488654941e-05
4.704200000000117143e+03 1.578727460582740605e-05
4.705100000000117689e+03 1.654120387684088200e-05
4.706000000000118234e+03 1.652235187066253275e-05
4.706900000000117871e+03 1.598223570908885449e-05
4.707800000000117507e+03 1.559048541821539402e-05
4.708700000000118052e+03 1.553683250676840544e-05
4.709600000000118598e+03 1.582599725225009024e-05
4.710500000000118234e+03 1.665737363509833813e-05
4.711400000000117871e+03 1.736648482619784772e-05
4.712300000000118416e+03 1.723372952255886048e-05
4.713200000000118962e+03 1.648099714657291770e-05
4.714100000000118598e+03 1.565792445035185665e-05
4.715000000000118234e+03 1.570115819049533457e-05
4.715900000000118780e+03 1.685829556663520634e-05
4.716800000000119326e+03 1.792153852875344455e-05
4.717700000000118962e+03 1.829057691793423146e-05
4.718600000000118598e+03 1.861846430983860046e-05
4.719500000000119144e+03 1.910974060592707247e-05
4.720400000000119690e+03 1.923495074152015150e-05
4.721300000000119326e+03 1.880187483038753271e-05
4.722200000000118962e+03 1.820509896788280457e-05
4.723100000000119508e+03 1.811385118344333023e-05
4.724000000000120053e+03 1.867427636170759797e-05
4.724900000000119690e+03 1.921237890201155096e-05
4.725800000000119326e+03 1.891423562483396381e-05
4.726700000000119871e+03 1.751130912452936172e-05
4.727600000000120417e+03 1.587528822710737586e-05
4.728500000000120053e+03 1.512172366346931085e-05
4.729400000000119690e+03 1.518118551757652313e-05
4.730300000000120235e+03 1.552737739984877408e-05
4.731200000000120781e+03 1.606409750820603222e-05
4.732100000000120417e+03 1.678634180279914290e-05
4.733000000000120053e+03 1.720962609397247434e-05
4.733900000000120599e+03 1.733344470267184079e-05
4.734800000000121145e+03 1.750327464833389968e-05
4.735700000000120781e+03 1.714476275083143264e-05
4.736600000000120417e+03 1.645304109842982143e-05
4.737500000000120963e+03 1.684623748587910086e-05
4.738400000000121508e+03 1.807018088584300131e-05
4.739300000000121145e+03 1.848045940278097987e-05
4.740200000000120781e+03 1.792326111171860248e-05
4.741100000000121327e+03 1.746389170875772834e-05
4.742000000000121872e+03 1.768746369634754956e-05
4.742900000000121508e+03 1.818525015551131219e-05
4.743800000000121145e+03 1.826820334827061743e-05
4.744700000000121690e+03 1.793872797861695290e-05
4.745600000000122236e+03 1.801106191123835742e-05
4.746500000000121872e+03 1.855534173955675215e-05
4.747400000000121508e+03 1.875739690149202943e-05
4.748300000000122054e+03 1.855626760516315699e-05
4.749200000000122600e+03 1.848924694058950990e-05
4.750100000000122236e+03 1.856116614362690598e-05
4.751000000000121872e+03 1.834639806475024670e-05
4.751900000000122418e+03 1.780677303031552583e-05
4.752800000000122964e+03 1.736969716148450971e-05
4.753700000000122600e+03 1.709056959953159094e-05
4.754600000000122236e+03 1.697278275969438255e-05
4.755500000000122782e+03 1.707251794869080186e-05
4.756400000000123327e+03 1.719928877719212323e-05
4.757300000000122964e+03 1.738593346090056002e-05
4.758200000000122600e+03 1.766148670867551118e-05
4.759100000000123146e+03 1.805085230444092304e-05
4.760000000000123691e+03 1.828616950660943985e-05
4.760900000000123327e+03 1.782364233804401010e-05
4.761800000000122964e+03 1.693407830316573381e-05
4.762700000000123509e+03 1.651362799748312682e-05
4.763600000000124055e+03 1.647191311349160969e-05
4.764500000000123691e+03 1.608080856385640800e-05
4.765400000000123327e+03 1.541467463539447635e-05
4.766300000000123873e+03 1.525057996332179755e-05
4.767200000000124419e+03 1.590341707924380898e-05
4.768100000000124055e+03 1.685449387878179550e-05
4.769000000000123691e+03 1.774468000803608447e-05
4.769900000000124237e+03 1.817276643123477697e-05
4.770800000000124783e+03 1.771309325704351068e-05
4.771700000000124419e+03 1.704845271888189018e-05
4.772600000000124055e+03 1.710123069642577320e-05
4.773500000000124601e+03 1.790468195395078510e-05
4.774400000000125146e+03 1.868731669674161822e-05
4.775300000000124783e+03 1.867234641395043582e-05
4.776200000000124419e+03 1.835428338381461799e-05
4.777100000000124965e+03 1.855690425145439804e-05
4.778000000000125510e+03 1.883842378447297961e-05
4.778900000000125146e+03 1.864091609604656696e-05
4.779800000000124783e+03 1.833636270021088421e-05
4.780700000000125328e+03 1.822416561481077224e-05
4.781600000000125874e+03 1.792346847651060671e-05
4.782500000000125510e+03 1.718219027679879218e-05
4.783400000000125146e+03 1.668701952439732850e-05
4.784300000000125692e+03 1.709444040898233652e-05
4.785200000000126238e+03 1.742664790072012693e-05
4.786100000000125874e+03 1.698969572316855192e-05
4.787000000000125510e+03 1.687525218585506082e-05
4.787900000000126056e+03 1.729733048705384135e-05
4.788800000000126602e+03 1.730529220367316157e-05
4.789700000000126238e+03 1.709449861664324999e-05
4.790600000000125874e+03 1.725633592286612839e-05
4.791500000000126420e+03 1.760417944751679897e-05
4.792400000000126965e+03 1.808508386602625251e-05
4.793300000000126602e+03 1.891300416900776327e-05
4.794200000000126238e+03 1.976404018932953477e-05
4.795100000000126784e+03 2.001286156882997602e-05
4.796000000000127329e+03 1.962208261829800904e-05
4.796900000000126965e+03 1.903213342302478850e-05
4.797800000000126602e+03 1.838230309658683836e-05
4.798700000000127147e+03 1.768358742992859334e-05
4.799600000000127693e+03 1.729538234940264374e-05
4.800500000000127329e+03 1.759833503456320614e-05
4.801400000000126965e+03 1.851965680543798953e-05
4.802300000000127511e+03 1.934250940394122154e-05
4.803200000000128057e+03 1.950101068359799683e-05
4.804100000000127693e+03 1.893760418170131743e-05
4.805000000000127329e+03 1.820254328777082264e-05
4.805900000000127875e+03 1.792626790120266378e-05
4.806800000000128421e+03 1.768577567418105900e-05
4.807700000000128057e+03 1.727031303744297475e-05
4.808600000000127693e+03 1.732630516926292330e-05
4.809500000000128239e+03 1.791340764611959457e-05
4.810400000000128784e+03 1.839016476878896356e-05
4.811300000000128421e+03 1.849217733251862228e-05
4.812200000000128057e+03 1.838529533415567130e-05
4.813100000000128603e+03 1.824297942221164703e-05
4.814000000000129148e+03 1.824912033043801785e-05
4.814900000000128784e+03 1.842717392719350755e-05
4.815800000000128421e+03 1.876185524452012032e-05
4.816700000000128966e+03 1.912558582262136042e-05
4.817600000000129512e+03 1.932655868586152792e-05
4.818500000000129148e+03 1.953162973222788423e-05
4.819400000000128784e+03 1.971513302123639733e-05
4.820300000000129330e+03 1.956965934368781745e-05
4.821200000000129876e+03 1.918952511914540082e-05
4.822100000000129512e+03 1.840751792769879103e-05
4.823000000000129148e+03 1.717616214591544122e-05
4.823900000000129694e+03 1.669722223596181720e-05
4.824800000000130240e+03 1.750302726577501744e-05
4.825700000000129876e+03 1.845554834289941937e-05
4.826600000000129512e+03 1.865895137598272413e-05
4.827500000000130058e+03 1.825646177167072892e-05
4.828400000000130603e+03 1.786349639587569982e-05
4.829300000000130240e+03 1.790259375411551446e-05
4.830200000000129876e+03 1.808888373489025980e-05
4.831100000000130422e+03 1.764399166859220713e-05
4.832000000000130967e+03 1.704449823591858149e-05
4.832900000000130603e+03 1.732086275296751410e-05
4.833800000000130240e+03 1.810281901271082461e-05
4.834700000000130785e+03 1.853120011219289154e-05
4.835600000000131331e+03 1.848471220000647008e-05
4.836500000000130967e+03 1.841800803958903998e-05
4.837400000000130603e+03 1.840497861849144101e-05
4.838300000000131149e+03 1.797326331143267453e-05
4.839200000000131695e+03 1.729936229821760207e-05
4.840100000000131331e+03 1.703517045825719833e-05
4.841000000000130967e+03 1.735774458211380988e-05
4.841900000000131513e+03 1.758433427312411368e-05
4.842800000000132059e+03 1.727099333947990090e-05
4.843700000000131695e+03 1.727009293972514570e-05
4.844600000000131331e+03 1.808138767955824733e-05
4.845500000000131877e+03 1.887964390334673226e-05
4.846400000000132422e+03 1.897305446618702263e-05
4.847300000000132059e+03 1.836012052081059664e-05
4.848200000000131695e+03 1.753080323396716267e-05
4.849100000000132241e+03 1.739227445796132088e-05
4.850000000000132786e+03 1.805757347028702497e-05
4.850900000000132422e+03 1.843253266997635365e-05
4.851800000000132059e+03 1.826693369366694242e-05
4.852700000000132604e+03 1.814636016206350178e-05
4.853600000000133150e+03 1.771756069501861930e-05
4.854500000000132786e+03 1.659096051298547536e-05
4.855400000000132422e+03 1.571126085764262825e-05
4.856300000000132968e+03 1.607472586329095066e-05
4.857200000000133514e+03 1.690005228738300502e-05
4.858100000000133150e+03 1.688310112513136119e-05
4.859000000000132786e+03 1.580192110850475729e-05
4.859900000000133332e+03 1.407150102750165388e-05
4.860800000000133878e+03 1.252689617103897035e-05
4.861700000000133514e+03 1.252839683729689568e-05
4.862600000000133150e+03 1.409952528774738312e-05
4.863500000000133696e+03 1.539364893687888980e-05
4.864400000000134241e+03 1.593234992469660938e-05
4.865300000000133878e+03 1.652382525207940489e-05
4.866200000000133514e+03 1.708284253254532814e-05
4.867100000000134060e+03 1.718598105071578175e-05
4.868000000000134605e+03 1.707543015072587878e-05
4.868900000000134241e+03 1.714833524601999670e-05
4.869800000000133878e+03 1.661500573391094804e-05
4.870700000000134423e+03 1.496371442044619471e-05
4.871600000000134969e+03 1.382351001666393131e-05
4.872500000000134605e+03 1.460055500501766801e-05
4.873400000000134241e+03 1.615331893844995648e-05
4.874300000000134787e+03 1.686334144324064255e-05
4.875200000000135333e+03 1.690051794867031276e-05
4.876100000000134969e+03 1.717278246360365301e-05
4.877000000000134605e+03 1.751910713210236281e-05
4.877900000000135151e+03 1.768039328453596681e-05
4.878800000000135697e+03 1.833620990510098636e-05
4.879700000000135333e+03 1.887404687295202166e-05
4.880600000000134969e+03 1.818862074287608266e-05
4.881500000000135515e+03 1.726497976051177830e-05
4.882400000000136060e+03 1.744211112963967025e-05
4.883300000000135697e+03 1.800544123398140073e-05
4.884200000000135333e+03 1.759601218509487808e-05
4.885100000000135879e+03 1.643950236029922962e-05
4.886000000000136424e+03 1.570336098666302860e-05
4.886900000000136060e+03 1.588640407135244459e-05
4.887800000000135697e+03 1.644909025344531983e-05
4.888700000000136242e+03 1.664384035393595695e-05
4.889600000000136788e+03 1.602603879291564226e-05
4.890500000000136424e+03 1.462231102777877823e-05
4.891400000000136060e+03 1.414073722116881981e-05
4.892300000000136606e+03 1.581851392984390259e-05
4.893200000000137152e+03 1.803248960641212761e-05
4.894100000000136788e+03 1.942324161063879728e-05
4.895000000000136424e+03 2.006281283684074879e-05
4.895900000000136970e+03 2.008052251767367125e-05
4.896800000000137516e+03 1.981907007575500757e-05
4.897700000000137152e+03 1.962031456059776247e-05
4.898600000000136788e+03 1.918578709592111409e-05
4.899500000000137334e+03 1.845470615080557764e-05
4.900400000000137879e+03 1.823400452849455178e-05
4.901300000000137516e+03 1.856591188698075712e-05
4.902200000000137152e+03 1.839678043324965984e-05
4.903100000000137697e+03 1.773803160176612437e-05
4.904000000000138243e+03 1.768567017279565334e-05
4.904900000000137879e+03 1.856924791354686022e-05
4.905800000000137516e+03 1.951947524503339082e-05
4.906700000000138061e+03 1.958911343535874039e-05
4.907600000000138607e+03 1.885887468233704567e-05
4.908500000000138243e+03 1.791655449778772891e-05
4.909400000000137879e+03 1.699706808722112328e-05
4.910300000000138425e+03 1.647387034608982503e-05
4.911200000000138971e+03 1.677934596955310553e-05
4.912100000000138607e+03 1.754213371896184981e-05
4.913000000000138243e+03 1.813738344935700297e-05
4.913900000000138789e+03 1.856498238339554518e-05
4.914800000000139335e+03 1.910073115141130984e-05
4.915700000000138971e+03 1.939238245540764183e-05
4.916600000000138607e+03 1.887942926259711385e-05
4.917500000000139153e+03 1.736946069286204875e-05
4.918400000000139698e+03 1.522843831480713561e-05
4.919300000000139335e+03 1.345236705674324185e-05
4.920200000000138971e+03 1.297305516345659271e-05
4.921100000000139516e+03 1.409955348208313808e-05
4.922000000000140062e+03 1.600011273694690317e-05
4.922900000000139698e+03 1.709699427010491490e-05
4.923800000000139335e+03 1.695715764071792364e-05
4.924700000000139880e+03 1.668921140662860125e-05
4.925600000000140426e+03 1.734386387397535145e-05
4.926500000000140062e+03 1.834201611927710474e-05
4.927400000000139698e+03 1.883866752905305475e-05
4.928300000000140244e+03 1.928077654156368226e-05
4.929200000000140790e+03 1.979413355002179742e-05
4.930100000000140426e+03 1.982243884413037449e-05
4.931000000000140062e+03 1.964125658560078591e-05
4.931900000000140608e+03 1.920038084790576249e-05
4.932800000000141154e+03 1.802663791750092059e-05
4.933700000000140790e+03 1.712739685899578035e-05
4.934600000000140426e+03 1.763258478604257107e-05
4.935500000000140972e+03 1.842274286900646985e-05
4.936400000000141517e+03 1.799523306544870138e-05
4.937300000000141154e+03 1.657395114307291806e-05
4.938200000000140790e+03 1.528716529719531536e-05
4.939100000000141335e+03 1.523332048236625269e-05
4.940000000000141881e+03 1.660025191085878760e-05
4.940900000000141517e+03 1.818596319935750216e-05
4.941800000000141154e+03 1.890654857561457902e-05
4.942700000000141699e+03 1.927024277392774820e-05
4.943600000000142245e+03 1.971930396393872797e-05
4.944500000000141881e+03 1.956107007572427392e-05
4.945400000000141517e+03 1.881098432932049036e-05
4.946300000000142063e+03 1.856593189586419612e-05
4.947200000000142609e+03 1.910258470161352307e-05
4.948100000000142245e+03 1.958116808964405209e-05
4.949000000000141881e+03 1.963880094990599900e-05
4.949900000000142427e+03 1.965573210327420384e-05
4.950800000000142973e+03 1.987124232982750982e-05
4.951700000000142609e+03 1.985617745958734304e-05
4.952600000000142245e+03 1.938255809363909066e-05
4.953500000000142791e+03 1.894399611046537757e-05
4.954400000000143336e+03 1.875513225968461484e-05
4.955300000000142973e+03 1.832305133575573564e-05
4.956200000000142609e+03 1.663827788433991373e-05
4.957100000000143154e+03 1.422205423295963556e-05
4.958000000000143700e+03 1.390430770698003471e-05
4.958900000000143336e+03 1.627609162824228406e-05
4.959800000000142973e+03 1.858932046161498874e-05
4.960700000000143518e+03 1.929354766616597772e-05
4.961600000000144064e+03 1.908470949274487793e-05
4.962500000000143700e+03 1.902469739434309304e-05
4.963400000000143336e+03 1.906950274133123457e-05
4.964300000000143882e+03 1.845231054176110774e-05
4.965200000000144428e+03 1.738248283800203353e-05
4.966100000000144064e+03 1.690121825959067792e-05
4.967000000000143700e+03 1.708019772195257246e-05
4.967900000000144246e+03 1.725264701235573739e-05
4.968800000000144792e+03 1.742825406836345792e-05
4.969700000000144428e+03 1.767495268722996116e-05
4.970600000000144064e+03 1.799514757294673473e-05
4.971500000000144610e+03 1.854778565757442266e-05
4.972400000000145155e+03 1.899119524750858545e-05
4.973300000000144792e+03 1.917151348607148975e-05
4.974200000000144428e+03 1.925039941852446645e-05
4.975100000000144973e+03 1.911022263811901212e-05
4.976000000000145519e+03 1.883537333924323320e-05
4.976900000000145155e+03 1.846352461143396795e-05
4.977800000000144792e+03 1.771904317138250917e-05
4.978700000000145337e+03 1.706106559140607715e-05
4.979600000000145883e+03 1.703260568319819868e-05
4.980500000000145519e+03 1.696925573924090713e-05
4.981400000000145155e+03 1.601773510628845543e-05
4.982300000000145701e+03 1.462382078898372129e-05
4.983200000000146247e+03 1.414958296663826331e-05
4.984100000000145883e+03 1.481600520492065698e-05
4.985000000000145519e+03 1.567633626109454781e-05
4.985900000000146065e+03 1.652346327318809927e-05
4.986800000000146611e+03 1.762384999892674387e-05
4.987700000000146247e+03 1.832688212743960321e-05
4.988600000000145883e+03 1.825539220590144396e-05
4.989500000000146429e+03 1.788791269063949585e-05
4.990400000000146974e+03 1.745495501381810755e-05
4.991300000000146611e+03 1.734592842694837600e-05
4.992200000000146247e+03 1.776462886482477188e-05
4.993100000000146792e+03 1.782164326868951321e-05
4.994000000000147338e+03 1.755393896019086242e-05
4.994900000000146974e+03 1.779078047547955066e-05
4.995800000000146611e+03 1.814347888284828514e-05
4.996700000000147156e+03 1.818901000660844147e-05
4.997600000000147702e+03 1.806366526579950005e-05
4.998500000000147338e+03 1.749485090840607882e-05
4.999400000000146974e+03 1.655376217968296260e-05
5.000300000000147520e+03 1.600199175300076604e-05
5.001200000000148066e+03 1.596470974618569016e-05
5.002100000000147702e+03 1.610758226888719946e-05
5.003000000000147338e+03 1.632749444979708642e-05
5.003900000000147884e+03 1.629737380426377058e-05
5.004800000000148430e+03 1.555587914481293410e-05
5.005700000000148066e+03 1.448407965654041618e-05
5.006600000000147702e+03 1.436867023585364223e-05
5.007500000000148248e+03 1.564380727359093726e-05
5.008400000000148793e+03 1.705089016468264163e-05
5.009300000000148430e+03 1.750912815623451024e-05
5.010200000000148066e+03 1.731731390464119613e-05
5.011100000000148611e+03 1.671986683504655957e-05
5.012000000000149157e+03 1.566838363942224532e-05
5.012900000000148793e+03 1.470613551646238193e-05
5.013800000000148430e+03 1.424737092747818679e-05
5.014700000000148975e+03 1.456563404644839466e-05
5.015600000000149521e+03 1.549372245790436864e-05
5.016500000000149157e+03 1.596348192833829671e-05
5.017400000000148793e+03 1.567583603900857270e-05
5.018300000000149339e+03 1.557996074552647769e-05
5.019200000000149885e+03 1.608534148545004427e-05
5.020100000000149521e+03 1.647351564315613359e-05
5.021000000000149157e+03 1.620493094378616661e-05
5.021900000000149703e+03 1.563100704515818506e-05
5.022800000000150249e+03 1.572218752698972821e-05
5.023700000000149885e+03 1.656098174862563610e-05
5.024600000000149521e+03 1.716940823826007545e-05
5.025500000000150067e+03 1.723182504065334797e-05
5.026400000000150612e+03 1.672890357440337539e-05
5.027300000000150249e+03 1.592666922078933567e-05
5.028200000000149885e+03 1.602839984116144478e-05
5.029100000000150430e+03 1.698725463938899338e-05
5.030000000000150976e+03 1.763786167430225760e-05
5.030900000000150612e+03 1.792499278963077813e-05
5.031800000000150249e+03 1.836154297052416950e-05
5.032700000000150794e+03 1.893005173769779503e-05
5.033600000000151340e+03 1.908007834572345018e-05
5.034500000000150976e+03 1.819523095036856830e-05
5.035400000000150612e+03 1.666101343289483339e-05
5.036300000000151158e+03 1.605108263902366161e-05
5.037200000000151704e+03 1.662833710724953562e-05
5.038100000000151340e+03 1.677349791862070560e-05
5.039000000000150976e+03 1.580935713718645275e-05
5.039900000000151522e+03 1.431154487363528460e-05
5.040800000000152068e+03 1.312937274633441120e-05
5.041700000000151704e+03 1.360359328828053549e-05
5.042600000000151340e+03 1.560879172757267952e-05
5.043500000000151886e+03 1.731391603243537247e-05
5.044400000000152431e+03 1.824983155529480428e-05
5.045300000000152068e+03 1.899914059322327375e-05
5.046200000000151704e+03 1.933320345415268093e-05
5.047100000000152249e+03 1.860940938058774918e-05
5.048000000000152795e+03 1.709075695544015616e-05
5.048900000000152431e+03 1.597265872987918556e-05
5.049800000000152068e+03 1.581623109814245254e-05
5.050700000000152613e+03 1.607718695595394820e-05
5.051600000000153159e+03 1.625495679036248475e-05
5.052500000000152795e+03 1.657380926189944148e-05
5.053400000000152431e+03 1.722889828670304269e-05
5.054300000000152977e+03 1.792753755580633879e-05
5.055200000000153523e+03 1.825138133426662534e-05
5.056100000000153159e+03 1.817455085983965546e-05
5.057000000000152795e+03 1.820901889004744589e-05
5.057900000000153341e+03 1.846277336881030351e-05
5.058800000000153887e+03 1.859155418060254306e-05
5.059700000000153523e+03 1.870440974016673863e-05
5.060600000000153159e+03 1.908823651319835335e-05
5.061500000000153705e+03 1.938052628247532994e-05
5.062400000000154250e+03 1.914366657729260623e-05
5.063300000000153887e+03 1.816105759644415230e-05
5.064200000000153523e+03 1.665136915107723325e-05
5.065100000000154068e+03 1.592511944181751460e-05
5.066000000000154614e+03 1.644009716983418912e-05
5.066900000000154250e+03 1.685891948000062257e-05
5.067800000000153887e+03 1.659876215853728354e-05
5.068700000000154432e+03 1.656191489018965513e-05
5.069600000000154978e+03 1.719350439088884741e-05
5.070500000000154614e+03 1.761746898409910500e-05
5.071400000000154250e+03 1.707138471829239279e-05
5.072300000000154796e+03 1.647501994739286602e-05
5.073200000000155342e+03 1.685066126810852438e-05
5.074100000000154978e+03 1.740775041980668902e-05
5.075000000000154614e+03 1.724020148685667664e-05
5.075900000000155160e+03 1.698521373327821493e-05
5.076800000000155705e+03 1.731905649648979306e-05
5.077700000000155342e+03 1.739212530083023012e-05
5.078600000000154978e+03 1.612256892258301377e-05
5.079500000000155524e+03 1.450071795261465013e-05
5.080400000000156069e+03 1.423426965629914775e-05
5.081300000000155705e+03 1.509399407950695604e-05
5.082200000000155342e+03 1.572402652527671307e-05
5.083100000000155887e+03 1.583105768077075481e-05
5.084000000000156433e+03 1.611900006537325680e-05
5.084900000000156069e+03 1.675860221439506859e-05
5.085800000000155705e+03 1.727077869873028249e-05
5.086700000000156251e+03 1.738438550091814250e-05
5.087600000000156797e+03 1.730997428239788860e-05
5.088500000000156433e+03 1.738867285894230008e-05
5.089400000000156069e+03 1.759917722665704787e-05
5.090300000000156615e+03 1.765961314958985895e-05
5.091200000000157161e+03 1.771374263626057655e-05
5.092100000000156797e+03 1.816961776057723910e-05
5.093000000000156433e+03 1.870324922492727637e-05
5.093900000000156979e+03 1.861919190560001880e-05
5.094800000000157524e+03 1.796975993784144521e-05
5.095700000000157161e+03 1.731395241222344339e-05
5.096600000000156797e+03 1.678119588177651167e-05
5.097500000000157343e+03 1.605937359272502363e-05
5.098400000000157888e+03 1.508017976448172703e-05
5.099300000000157524e+03 1.482120751461479813e-05
5.100200000000157161e+03 1.583367338753305376e-05
5.101100000000157706e+03 1.709213211142923683e-05
5.102000000000158252e+03 1.762489955581258982e-05
5.102900000000157888e+03 1.741250162012875080e-05
5.103800000000157524e+03 1.695801074674818665e-05
5.104700000000158070e+03 1.674682243901770562e-05
5.105600000000158616e+03 1.671478639764245600e-05
5.106500000000158252e+03 1.639084075577557087e-05
5.107400000000157888e+03 1.592099761182907969e-05
5.108300000000158434e+03 1.586751932336483151e-05
5.109200000000158980e+03 1.588166924193501472e-05
5.110100000000158616e+03 1.580897696840111166e-05
5.111000000000158252e+03 1.626833363843616098e-05
5.111900000000158798e+03 1.697520747256930918e-05
5.112800000000159343e+03 1.727974995446857065e-05
5.113700000000158980e+03 1.751198033161927015e-05
5.114600000000158616e+03 1.779874946805648506e-05
5.115500000000159162e+03 1.788858571671880782e-05
5.116400000000159707e+03 1.809541572583839297e-05
5.117300000000159343e+03 1.851872002589516342e-05
5.118200000000158980e+03 1.865236663434188813e-05
5.119100000000159525e+03 1.834242902987170964e-05
5.120000000000160071e+03 1.775178498064633459e-05
5.120900000000159707e+03 1.714592508506029844e-05
5.121800000000159343e+03 1.668253389652818441e-05
5.122700000000159889e+03 1.600282303115818650e-05
5.123600000000160435e+03 1.521794092695927247e-05
5.124500000000160071e+03 1.502094437455525622e-05
5.125400000000159707e+03 1.534173497930169106e-05
5.126300000000160253e+03 1.561803583172149956e-05
5.127200000000160799e+03 1.564109334140084684e-05
5.128100000000160435e+03 1.553979382151737809e-05
5.129000000000160071e+03 1.546469502500258386e-05
5.129900000000160617e+03 1.571650500409305096e-05
5.130800000000161162e+03 1.640132722968701273e-05
5.131700000000160799e+03 1.700316715869121253e-05
5.132600000000160435e+03 1.707921728666406125e-05
5.133500000000160981e+03 1.691569377726409584e-05
5.134400000000161526e+03 1.723157947708386928e-05
5.135300000000161162e+03 1.767702087818179280e-05
5.136200000000160799e+03 1.734017496346496046e-05
5.137100000000161344e+03 1.654177322052419186e-05
5.138000000000161890e+03 1.580374009790830314e-05
5.138900000000161526e+03 1.526194319012574852e-05
5.139800000000161162e+03 1.568990956002380699e-05
5.140700000000161708e+03 1.657901702856179327e-05
5.141600000000162254e+03 1.628493009775411338e-05
5.142500000000161890e+03 1.550067645439412445e-05
5.143400000000161526e+03 1.582636468810960650e-05
5.144300000000162072e+03 1.650354897719807923e-05
5.145200000000162618e+03 1.630905899219214916e-05
5.146100000000162254e+03 1.569348933116998523e-05
5.147000000000161890e+03 1.536854324513114989e-05
5.147900000000162436e+03 1.553203765070065856e-05
5.148800000000162981e+03 1.602158044988755137e-05
5.149700000000162618e+03 1.624383548914920539e-05
5.150600000000162254e+03 1.597901791683398187e-05
5.151500000000162800e+03 1.568973675603047013e-05
5.152400000000163345e+03 1.555820017529185861e-05
5.153300000000162981e+03 1.544432052469346672e-05
5.154200000000162618e+03 1.560207238071598113e-05
5.155100000000163163e+03 1.619690920051652938e-05
5.156000000000163709e+03 1.692075966275297105e-05
5.156900000000163345e+03 1.756122583174146712e-05
5.157800000000162981e+03 1.786472785170190036e-05
5.158700000000163527e+03 1.771277675288729370e-05
5.159600000000164073e+03 1.765670822351239622e-05
5.160500000000163709e+03 1.779055492079351097e-05
5.161400000000163345e+03 1.733940189296845347e-05
5.162300000000163891e+03 1.647308999963570386e-05
5.163200000000164437e+03 1.602428528713062406e-05
5.164100000000164073e+03 1.553568836243357509e-05
5.165000000000163709e+03 1.424118636350613087e-05
5.165900000000164255e+03 1.232501745107583702e-05
5.166800000000164800e+03 1.052041898219613358e-05
5.167700000000164437e+03 9.985811630031093955e-06
5.168600000000164073e+03 1.126071310864062980e-05
5.169500000000164619e+03 1.321980562352109700e-05
5.170400000000165164e+03 1.371249072690261528e-05
5.171300000000164800e+03 1.185081055155023932e-05
5.172200000000164437e+03 9.604569640941917896e-06
5.173100000000164982e+03 9.695329026726540178e-06
5.174000000000165528e+03 1.224317747983150184e-05
5.174900000000165164e+03 1.486941073380876333e-05
5.175800000000164800e+03 1.602188422111794353e-05
5.176700000000165346e+03 1.628799873287789524e-05
5.177600000000165892e+03 1.649929799896199256e-05
5.178500000000165528e+03 1.659036024648230523e-05
5.179400000000165164e+03 1.631276973057538271e-05
5.180300000000165710e+03 1.564738158776890486e-05
5.181200000000166256e+03 1.436353159078862518e-05
5.182100000000165892e+03 1.212962160934694111e-05
5.183000000000165528e+03 9.718271030578762293e-06
5.183900000000166074e+03 9.299666089646052569e-06
5.184800000000166619e+03 1.159858584287576377e-05
5.185700000000166256e+03 1.461811280023539439e-05
5.186600000000165892e+03 1.646963210077956319e-05
5.187500000000166438e+03 1.690205135673750192e-05
5.188400000000166983e+03 1.689467899268493056e-05
5.189300000000166619e+03 1.743177017488051206e-05
5.190200000000166256e+03 1.755051926011219621e-05
5.191100000000166801e+03 1.603127020644024014e-05
5.192000000000167347e+03 1.436593265680130571e-05
5.192900000000166983e+03 1.453577715437859297e-05
5.193800000000166619e+03 1.567879553476814181e-05
5.194700000000167165e+03 1.604905810381751508e-05
5.195600000000167711e+03 1.601608346391003579e-05
5.196500000000167347e+03 1.651420461712405086e-05
5.197400000000166983e+03 1.721095577522646636e-05
5.198300000000167529e+03 1.769071241142228246e-05
5.199200000000168075e+03 1.802019687602296472e-05
5.200100000000167711e+03 1.810268622648436576e-05
5.201000000000167347e+03 1.781582068360876292e-05
5.201900000000167893e+03 1.740612060530111194e-05
5.202800000000168438e+03 1.707232331682462245e-05
5.203700000000168075e+03 1.623767639102879912e-05
5.204600000000167711e+03 1.474179862270830199e-05
5.205500000000168257e+03 1.375441570417024195e-05
5.206400000000168802e+03 1.382916889269836247e-05
5.207300000000168438e+03 1.386370058753527701e-05
5.208200000000168075e+03 1.341802362730959430e-05
5.209100000000168620e+03 1.371744929201668128e-05
5.210000000000169166e+03 1.493155650678090751e-05
5.210900000000168802e+03 1.636746856092941016e-05
5.211800000000168438e+03 1.768009497027378529e-05
5.212700000000168984e+03 1.846658415161073208e-05
5.213600000000169530e+03 1.844071630330290645e-05
5.214500000000169166e+03 1.758260805218014866e-05
5.215400000000168802e+03 1.657677603361662477e-05
5.216300000000169348e+03 1.629114922252483666e-05
5.217200000000169894e+03 1.682230868027545512e-05
5.218100000000169530e+03 1.776376666384749115e-05
5.219000000000169166e+03 1.854199581430293620e-05
5.219900000000169712e+03 1.884133598650805652e-05
5.220800000000170257e+03 1.893450280476827174e-05
5.221700000000169894e+03 1.882557080534752458e-05
5.222600000000169530e+03 1.824289938667789102e-05
5.223500000000170076e+03 1.723535569908563048e-05
5.224400000000170621e+03 1.606581463420297951e-05
5.225300000000170257e+03 1.487250210630008951e-05
5.226200000000169894e+03 1.373421764583326876e-05
5.227100000000170439e+03 1.367677668895339593e-05
5.228000000000170985e+03 1.540091761853545904e-05
5.228900000000170621e+03 1.730938129185233265e-05
5.229800000000170257e+03 1.811054062272887677e-05
5.230700000000170803e+03 1.833445094234775752e-05
5.231600000000171349e+03 1.791381873772479594e-05
5.232500000000170985e+03 1.672926737228408456e-05
5.233400000000170621e+03 1.612960295460652560e-05
5.234300000000171167e+03 1.661759779381100088e-05
5.235200000000171713e+03 1.744927612890023738e-05
5.236100000000171349e+03 1.838006392063107342e-05
5.237000000000170985e+03 1.913379674078896642e-05
5.237900000000171531e+03 1.933864405145868659e-05
5.238800000000172076e+03 1.912037078000139445e-05
5.239700000000171713e+03 1.889996747195255011e-05
5.240600000000171349e+03 1.893943590403068811e-05
5.241500000000171894e+03 1.896393769129645079e-05
5.242400000000172440e+03 1.876046553661581129e-05
5.243300000000172076e+03 1.884943958430085331e-05
5.244200000000171713e+03 1.941510527103673667e-05
5.245100000000172258e+03 1.946380871231667697e-05
5.246000000000172804e+03 1.830733526730909944e-05
5.246900000000172440e+03 1.701412111287936568e-05
5.247800000000172076e+03 1.697230072750244290e-05
5.248700000000172622e+03 1.747257920214906335e-05
5.249600000000173168e+03 1.715777762001380324e-05
5.250500000000172804e+03 1.667309516051318496e-05
5.251400000000172440e+03 1.709336720523424447e-05
5.252300000000172986e+03 1.789710950106382370e-05
5.253200000000173532e+03 1.811810579965822399e-05
5.254100000000173168e+03 1.754171353240963072e-05
5.255000000000172804e+03 1.704537498881109059e-05
5.255900000000173350e+03 1.777462057361844927e-05
5.256800000000173895e+03 1.916023211379069835e-05
5.257700000000173532e+03 1.998911648115608841e-05
5.258600000000173168e+03 2.010948082897812128e-05
5.259500000000173713e+03 1.969127515621948987e-05
5.260400000000174259e+03 1.881413299997802824e-05
5.261300000000173895e+03 1.754230834194459021e-05
5.262200000000173532e+03 1.613047788850963116e-05
5.263100000000174077e+03 1.499303016316844150e-05
5.264000000000174623e+03 1.423996127414284274e-05
5.264900000000174259e+03 1.361776412522885948e-05
5.265800000000173895e+03 1.338914989901240915e-05
5.266700000000174441e+03 1.434784553566714749e-05
5.267600000000174987e+03 1.528258144389837980e-05
5.268500000000174623e+03 1.408276784786721691e-05
5.269400000000174259e+03 1.202893145091366023e-05
5.270300000000174805e+03 1.230528414453146979e-05
5.271200000000175351e+03 1.481885192333720624e-05
5.272100000000174987e+03 1.677640102570876479e-05
5.273000000000174623e+03 1.725014772091526538e-05
5.273900000000175169e+03 1.710812284727580845e-05
5.274800000000175714e+03 1.668093864282127470e-05
5.275700000000175351e+03 1.672918915573973209e-05
5.276600000000174987e+03 1.800204336177557707e-05
5.277500000000175532e+03 1.942857852554880083e-05
5.278400000000176078e+03 1.986877759918570518e-05
5.279300000000175714e+03 1.939249705174006522e-05
5.280200000000175351e+03 1.848300962592475116e-05
5.281100000000175896e+03 1.764357512001879513e-05
5.282000000000176442e+03 1.707455157884396613e-05
5.282900000000176078e+03 1.663834882492665201e-05
5.283800000000175714e+03 1.666323078097775578e-05
5.284700000000176260e+03 1.787309702194761485e-05
5.285600000000176806e+03 1.962681199074722826e-05
5.286500000000176442e+03 2.051282899628859013e-05
5.287400000000176078e+03 2.029158167715650052e-05
5.288300000000176624e+03 1.986591269087512046e-05
5.289200000000177170e+03 1.999926098505966365e-05
5.290100000000176806e+03 2.049644717772025615e-05
5.291000000000176442e+03 2.069187212327960879e-05
5.291900000000176988e+03 2.034662611549720168e-05
5.292800000000177533e+03 1.984372283914126456e-05
5.293700000000177170e+03 1.966614217963069677e-05
5.294600000000176806e+03 1.958227767318021506e-05
5.295500000000177351e+03 1.888006772787775844e-05
5.296400000000177897e+03 1.734701982059050351e-05
5.297300000000177533e+03 1.582517870701849461e-05
5.298200000000177170e+03 1.570586391608230770e-05
5.299100000000177715e+03 1.704931673884857446e-05
5.300000000000178261e+03 1.811648144212085754e-05
5.300900000000177897e+03 1.810043249861337245e-05
5.301800000000177533e+03 1.800811696739401668e-05
5.302700000000178079e+03 1.865190097305458039e-05
5.303600000000178625e+03 1.975367013073991984e-05
5.304500000000178261e+03 2.056520315818488598e-05
5.305400000000177897e+03 2.070370283036027104e-05
5.306300000000178443e+03 2.024459354288410395e-05
5.307200000000178989e+03 1.977294778043869883e-05
5.308100000000178625e+03 1.989433985727373511e-05
5.309000000000178261e+03 2.042468076979275793e-05
5.309900000000178807e+03 2.074712574540171772e-05
5.310800000000179352e+03 2.070180016744416207e-05
5.311700000000178989e+03 2.045506334980018437e-05
5.312600000000178625e+03 2.010389471251983196e-05
5.313500000000179170e+03 1.986744973692111671e-05
5.314400000000179716e+03 1.980743218155112118e-05
5.315300000000179352e+03 1.958633220056071877e-05
5.316200000000178989e+03 1.921238981594797224e-05
5.317100000000179534e+03 1.914836138894315809e-05
5.318000000000180080e+03 1.939015419338829815e-05
5.318900000000179716e+03 1.947257078427355736e-05
5.319800000000179352e+03 1.942163362400606275e-05
5.320700000000179898e+03 1.939325375133194029e-05
5.321600000000180444e+03 1.929841164383105934e-05
5.322500000000180080e+03 1.879764749901369214e-05
5.323400000000179716e+03 1.772530958987772465e-05
5.324300000000180262e+03 1.708158924884628505e-05
5.325200000000180808e+03 1.753960896166972816e-05
5.326100000000180444e+03 1.755239645717665553e-05
5.327000000000180080e+03 1.567955223436001688e-05
5.327900000000180626e+03 1.335826345894020051e-05
5.328800000000181171e+03 1.344499560218537226e-05
5.329700000000180808e+03 1.587664155522361398e-05
5.330600000000180444e+03 1.811845322663430125e-05
5.331500000000180989e+03 1.882296237454283983e-05
5.332400000000181535e+03 1.859688563854433596e-05
5.333300000000181171e+03 1.876545502454973757e-05
5.334200000000180808e+03 1.957233325811102986e-05
5.335100000000181353e+03 2.011052674788516015e-05
5.336000000000181899e+03 2.000556196435354650e-05
5.336900000000181535e+03 1.973277539946138859e-05
5.337800000000181171e+03 1.954011167981661856e-05
5.338700000000181717e+03 1.883244294731412083e-05
5.339600000000182263e+03 1.737913771648891270e-05
5.340500000000181899e+03 1.648029319767374545e-05
5.341400000000181535e+03 1.723289278743322939e-05
5.342300000000182081e+03 1.862396493379492313e-05
5.343200000000182627e+03 1.933670137077569962e-05
5.344100000000182263e+03 1.931387487275060266e-05
5.345000000000181899e+03 1.880083254945930094e-05
5.345900000000182445e+03 1.844204598455689847e-05
5.346800000000182990e+03 1.859467920439783484e-05
5.347700000000182627e+03 1.844677353801671416e-05
5.348600000000182263e+03 1.784792220860254019e-05
5.349500000000182808e+03 1.785102540452498943e-05
5.350400000000183354e+03 1.880102900031488389e-05
5.351300000000182990e+03 1.981085915758740157e-05
5.352200000000182627e+03 2.012562072195578367e-05
5.353100000000183172e+03 2.011547258007340133e-05
5.354000000000183718e+03 2.046678673650603741e-05
5.354900000000183354e+03 2.103099177475087345e-05
5.355800000000182990e+03 2.128578853444196284e-05
5.356700000000183536e+03 2.131766450474970043e-05
5.357600000000184082e+03 2.129933454853016883e-05
5.358500000000183718e+03 2.122722253261599690e-05
5.359400000000183354e+03 2.109487832058221102e-05
5.360300000000183900e+03 2.075916927424259484e-05
5.361200000000184446e+03 2.016920370806474239e-05
5.362100000000184082e+03 1.973558573808986694e-05
5.363000000000183718e+03 1.963944851013366133e-05
5.363900000000184264e+03 1.938377135957125574e-05
5.364800000000184809e+03 1.888837141450494528e-05
5.365700000000184446e+03 1.875390444183722138e-05
5.366600000000184082e+03 1.886065183498430997e-05
5.367500000000184627e+03 1.883865479612722993e-05
5.368400000000185173e+03 1.852863533713389188e-05
5.369300000000184809e+03 1.746040834404993802e-05
5.370200000000184446e+03 1.594943933014292270e-05
5.371100000000184991e+03 1.531661473563872278e-05
5.372000000000185537e+03 1.647031422180589288e-05
5.372900000000185173e+03 1.852463719842489809e-05
5.373800000000184809e+03 1.991372300835791975e-05
5.374700000000185355e+03 2.045776818704325706e-05
5.375600000000185901e+03 2.035852230619639158e-05
5.376500000000185537e+03 1.987807809200603515e-05
5.377400000000185173e+03 1.972221434698440135e-05
5.378300000000185719e+03 2.006171598623041064e-05
5.379200000000186265e+03 2.025150024564936757e-05
5.380100000000185901e+03 2.001059692702256143e-05
5.381000000000185537e+03 1.969960976566653699e-05
5.381900000000186083e+03 1.935913860506843776e-05
5.382800000000186628e+03 1.891268038889393210e-05
5.383700000000186265e+03 1.895679451990872622e-05
5.384600000000185901e+03 1.964000693988054991e-05
5.385500000000186446e+03 2.010808202612679452e-05
5.386400000000186992e+03 2.003490953939035535e-05
5.387300000000186628e+03 1.976968997041694820e-05
5.388200000000186265e+03 1.939237336046062410e-05
5.389100000000186810e+03 1.880978743429295719e-05
5.390000000000187356e+03 1.828351923904847354e-05
5.390900000000186992e+03 1.808713022910524160e-05
5.391800000000186628e+03 1.808974047889932990e-05
5.392700000000187174e+03 1.809164677979424596e-05
5.393600000000187720e+03 1.809873356251046062e-05
5.394500000000187356e+03 1.819602039176970720e-05
5.395400000000186992e+03 1.788296140148304403e-05
5.396300000000187538e+03 1.680290188232902437e-05
5.397200000000188084e+03 1.621772207727190107e-05
5.398100000000187720e+03 1.720521868264768273e-05
5.399000000000187356e+03 1.840455661294981837e-05
5.399900000000187902e+03 1.861997770902235061e-05
5.400800000000188447e+03 1.859917028923518956e-05
5.401700000000188084e+03 1.898570189950987697e-05
5.402600000000187720e+03 1.892996078822761774e-05
5.403500000000188265e+03 1.766840432537719607e-05
5.404400000000188811e+03 1.592136686667799950e-05
5.405300000000188447e+03 1.499159043305553496e-05
5.406200000000188084e+03 1.551586319692432880e-05
5.407100000000188629e+03 1.693041849648579955e-05
5.408000000000189175e+03 1.776193312252871692e-05
5.408900000000188811e+03 1.734072066028602421e-05
5.409800000000188447e+03 1.671280733717139810e-05
5.410700000000188993e+03 1.720546970318537205e-05
5.411600000000189539e+03 1.847972453106194735e-05
5.412500000000189175e+03 1.936426815518643707e-05
5.413400000000188811e+03 1.944822543009649962e-05
5.414300000000189357e+03 1.914987660711631179e-05
5.415200000000189902e+03 1.916766268550418317e-05
5.416100000000189539e+03 1.978297041205223650e-05
5.417000000000189175e+03 2.036195473920088261e-05
5.417900000000189721e+03 2.036801924987230450e-05
5.418800000000190266e+03 1.988818075915332884e-05
5.419700000000189902e+03 1.922467345139011741e-05
5.420600000000189539e+03 1.892546606541145593e-05
5.421500000000190084e+03 1.930763210111763328e-05
5.422400000000190630e+03 1.952090860868338495e-05
5.423300000000190266e+03 1.877811700978782028e-05
5.424200000000189902e+03 1.814085408113896847e-05
5.425100000000190448e+03 1.880803029052913189e-05
5.426000000000190994e+03 2.008555929933208972e-05
5.426900000000190630e+03 2.074057010759133846e-05
5.427800000000190266e+03 1.994266312976833433e-05
5.428700000000190812e+03 1.787425571819767356e-05
5.429600000000191358e+03 1.662118120293598622e-05
5.430500000000190994e+03 1.751116178638767451e-05
5.431400000000190630e+03 1.868877916422206908e-05
5.432300000000191176e+03 1.849359614425338805e-05
5.433200000000191721e+03 1.763156069500837475e-05
5.434100000000191358e+03 1.702102963463403285e-05
5.435000000000190994e+03 1.702686131466180086e-05
5.435900000000191540e+03 1.759140104695688933e-05
5.436800000000192085e+03 1.846240229497198015e-05
5.437700000000191721e+03 1.951000376720912755e-05
5.438600000000191358e+03 2.037453486991580576e-05
5.439500000000191903e+03 2.083917570416815579e-05
5.440400000000192449e+03 2.094543742714449763e-05
5.441300000000192085e+03 2.088704786729067564e-05
5.442200000000191721e+03 2.087321081489790231e-05
5.443100000000192267e+03 2.074477379210293293e-05
5.444000000000192813e+03 2.007340663112699986e-05
5.444900000000192449e+03 1.872334723884705454e-05
5.445800000000192085e+03 1.705459908407647163e-05
5.446700000000192631e+03 1.618602072994690388e-05
5.447600000000193177e+03 1.708092167973518372e-05
5.448500000000192813e+03 1.877053182397503406e-05
5.449400000000192449e+03 1.982731919270008802e-05
5.450300000000192995e+03 2.005043097597081214e-05
5.451200000000193540e+03 1.984264417842496186e-05
5.452100000000193177e+03 1.953327227965928614e-05
5.453000000000192813e+03 1.908177910081576556e-05
5.453900000000193359e+03 1.815274481486994773e-05
5.454800000000193904e+03 1.685600000200793147e-05
5.455700000000193540e+03 1.647520548431202769e-05
5.456600000000193177e+03 1.771399365679826587e-05
5.457500000000193722e+03 1.935260843310970813e-05
5.458400000000194268e+03 2.019629209826234728e-05
5.459300000000193904e+03 2.011797914747148752e-05
5.460200000000193540e+03 1.959231121873017401e-05
5.461100000000194086e+03 1.901341238408349454e-05
5.462000000000194632e+03 1.825130857469048351e-05
5.462900000000194268e+03 1.763965155987534672e-05
5.463800000000193904e+03 1.801063990569673479e-05
5.464700000000194450e+03 1.892838190542533994e-05
5.465600000000194996e+03 1.926978438859805465e-05
5.466500000000194632e+03 1.919675378303509206e-05
5.467400000000194268e+03 1.938307832460850477e-05
5.468300000000194814e+03 1.954315303009934723e-05
5.469200000000195359e+03 1.919687383633572608e-05
5.470100000000194996e+03 1.873752808023709804e-05
5.471000000000194632e+03 1.880855052149854600e-05
5.471900000000195178e+03 1.896398680401034653e-05
5.472800000000195723e+03 1.857259303505998105e-05
5.473700000000195359e+03 1.824175524234306067e-05
5.474600000000194996e+03 1.820566649257671088e-05
5.475500000000195541e+03 1.744298242556396872e-05
5.476400000000196087e+03 1.626600533199962229e-05
5.477300000000195723e+03 1.648305624257773161e-05
5.478200000000195359e+03 1.804426938178949058e-05
5.479100000000195905e+03 1.906921534100547433e-05
5.480000000000196451e+03 1.858547329902648926e-05
5.480900000000196087e+03 1.752149364619981498e-05
5.481800000000195723e+03 1.731794509396422654e-05
5.482700000000196269e+03 1.800775498850271106e-05
5.483600000000196815e+03 1.895417517516762018e-05
5.484500000000196451e+03 1.983040965569671243e-05
5.485400000000196087e+03 2.006782233365811408e-05
5.486300000000196633e+03 1.930717007780913264e-05
5.487200000000197178e+03 1.829307802836410701e-05
5.488100000000196815e+03 1.813013477658387274e-05
5.489000000000196451e+03 1.859272560977842659e-05
5.489900000000196997e+03 1.893542503239586949e-05
5.490800000000197542e+03 1.927659104694612324e-05
5.491700000000197178e+03 1.951105696207378060e-05
5.492600000000196815e+03 1.918988709803670645e-05
5.493500000000197360e+03 1.875166344689205289e-05
5.494400000000197906e+03 1.889846680569462478e-05
5.495300000000197542e+03 1.922965384437702596e-05
5.496200000000197178e+03 1.894086199172306806e-05
5.497100000000197724e+03 1.844954931584652513e-05
5.498000000000198270e+03 1.882328069768846035e-05
5.498900000000197906e+03 1.970928678929340094e-05
5.499800000000197542e+03 1.981359309866093099e-05
5.500700000000198088e+03 1.902180520119145513e-05
5.501600000000198634e+03 1.836522824305575341e-05
5.502500000000198270e+03 1.835205694078467786e-05
5.503400000000197906e+03 1.861506643763277680e-05
5.504300000000198452e+03 1.873980363598093390e-05
5.505200000000198997e+03 1.834315662563312799e-05
5.506100000000198634e+03 1.779551712388638407e-05
5.507000000000198270e+03 1.810098910937085748e-05
5.507900000000198816e+03 1.899549351946916431e-05
5.508800000000199361e+03 1.937271554197650403e-05
5.509700000000198997e+03 1.913564847200177610e-05
5.510600000000198634e+03 1.863235411292407662e-05
5.511500000000199179e+03 1.786636858014389873e-05
5.512400000000199725e+03 1.727133712847717106e-05
5.513300000000199361e+03 1.730397707433439791e-05
5.514200000000198997e+03 1.767250068951398134e-05
5.515100000000199543e+03 1.809796776797156781e-05
5.516000000000200089e+03 1.845956285251304507e-05
5.516900000000199725e+03 1.890923522296361625e-05
5.517800000000199361e+03 1.961179077625274658e-05
5.518700000000199907e+03 2.006663089559879154e-05
5.519600000000200453e+03 1.998783591261599213e-05
5.520500000000200089e+03 1.977260035346262157e-05
5.521400000000199725e+03 1.972112113435287029e-05
5.522300000000200271e+03 1.975258419406600296e-05
5.523200000000200816e+03 1.976329076569527388e-05
5.524100000000200453e+03 1.967468415386974812e-05
5.525000000000200089e+03 1.944069845194462687e-05
5.525900000000200635e+03 1.903413613035809249e-05
5.526800000000201180e+03 1.822552621888462454e-05
5.527700000000200816e+03 1.726034497551154345e-05
5.528600000000200453e+03 1.725541551422793418e-05
5.529500000000200998e+03 1.839136712078470737e-05
5.530400000000201544e+03 1.937715387612115592e-05
5.531300000000201180e+03 1.952312413777690381e-05
5.532200000000200816e+03 1.930728649313095957e-05
5.533100000000201362e+03 1.922782212204765528e-05
5.534000000000201908e+03 1.907787191157694906e-05
5.534900000000201544e+03 1.879072624433320016e-05
5.535800000000201180e+03 1.884368612081743777e-05
5.536700000000201726e+03 1.905843600980006158e-05
5.537600000000202272e+03 1.903061456687282771e-05
5.538500000000201908e+03 1.910116588987875730e-05
5.539400000000201544e+03 1.951524609467014670e-05
5.540300000000202090e+03 1.997320032387506217e-05
5.541200000000202635e+03 2.008528826991096139e-05
5.542100000000202272e+03 1.969956792891025543e-05
5.543000000000201908e+03 1.922726551129017025e-05
5.543900000000202454e+03 1.921896910062059760e-05
5.544800000000202999e+03 1.940889706020243466e-05
5.545700000000202635e+03 1.930992584675550461e-05
5.546600000000202272e+03 1.930179314513225108e-05
5.547500000000202817e+03 1.979342596314381808e-05
5.548400000000203363e+03 2.033072996709961444e-05
5.549300000000202999e+03 2.048149508482310921e-05
5.550200000000202635e+03 2.044455504801589996e-05
5.551100000000203181e+03 2.035652141785249114e-05
5.552000000000203727e+03 2.010340358538087457e-05
5.552900000000203363e+03 1.964753028005361557e-05
5.553800000000202999e+03 1.925814831338357180e-05
5.554700000000203545e+03 1.920689464895986021e-05
5.555600000000204091e+03 1.943001552717760205e-05
5.556500000000203727e+03 1.952769889612682164e-05
5.557400000000203363e+03 1.941133450600318611e-05
5.558300000000203909e+03 1.943111783475615084e-05
5.559200000000204454e+03 1.957611129910219461e-05
5.560100000000204091e+03 1.954097024281509221e-05
5.561000000000203727e+03 1.928305391629692167e-05
5.561900000000204273e+03 1.889595478132832795e-05
5.562800000000204818e+03 1.868304207164328545e-05
5.563700000000204454e+03 1.883259756141342223e-05
5.564600000000204091e+03 1.886730206024367362e-05
5.565500000000204636e+03 1.851565684773959219e-05
5.566400000000205182e+03 1.832584166550077498e-05
5.567300000000204818e+03 1.851707020250614733e-05
5.568200000000204454e+03 1.858724681369494647e-05
5.569100000000205000e+03 1.840174627432134002e-05
5.570000000000205546e+03 1.862229328253306448e-05
5.570900000000205182e+03 1.907827936520334333e-05
5.571800000000204818e+03 1.870364940259605646e-05
5.572700000000205364e+03 1.805436477297917008e-05
5.573600000000205910e+03 1.845345832407474518e-05
5.574500000000205546e+03 1.924223033711314201e-05
5.575400000000205182e+03 1.932178383867722005e-05
5.576300000000205728e+03 1.922914998431224376e-05
5.577200000000206273e+03 1.943761708389502019e-05
5.578100000000205910e+03 1.948590215761214495e-05
5.579000000000205546e+03 1.945218900800682604e-05
5.579900000000206091e+03 1.960423833224922419e-05
5.580800000000206637e+03 1.951662670762743801e-05
5.581700000000206273e+03 1.918032648973166943e-05
5.582600000000205910e+03 1.910908213176298887e-05
5.583500000000206455e+03 1.915899883897509426e-05
5.584400000000207001e+03 1.885766323539428413e-05
5.585300000000206637e+03 1.810169123928062618e-05
5.586200000000206273e+03 1.705205795587971807e-05
5.587100000000206819e+03 1.625584445719141513e-05
5.588000000000207365e+03 1.610882100067101419e-05
5.588900000000207001e+03 1.645621887291781604e-05
5.589800000000206637e+03 1.714706195343751460e-05
5.590700000000207183e+03 1.790149872249457985e-05
5.591600000000207729e+03 1.827178675739560276e-05
5.592500000000207365e+03 1.821443038352299482e-05
5.593400000000207001e+03 1.795455864339601249e-05
5.594300000000207547e+03 1.795733442122582346e-05
5.595200000000208092e+03 1.877684189821593463e-05
5.596100000000207729e+03 1.969415643543470651e-05
5.597000000000207365e+03 1.948002136487048119e-05
5.597900000000207910e+03 1.847438397817313671e-05
5.598800000000208456e+03 1.794637682905886322e-05
5.599700000000208092e+03 1.793031515262555331e-05
5.600600000000207729e+03 1.766684545145835727e-05
5.601500000000208274e+03 1.724985304463189095e-05
5.602400000000208820e+03 1.717956911306828260e-05
5.603300000000208456e+03 1.782061008270829916e-05
5.604200000000208092e+03 1.899698872875887901e-05
5.605100000000208638e+03 1.996362334466539323e-05
5.606000000000209184e+03 2.039235732809174806e-05
5.606900000000208820e+03 2.042494270426686853e-05
5.607800000000208456e+03 2.027606933552306145e-05
5.608700000000209002e+03 2.014723577303811908e-05
5.609600000000209548e+03 2.010512980632483959e-05
5.610500000000209184e+03 2.020513966272119433e-05
5.611400000000208820e+03 2.044386383204255253e-05
5.612300000000209366e+03 2.057992605841718614e-05
5.613200000000209911e+03 2.005461101362016052e-05
5.614100000000209548e+03 1.844698272179812193e-05
5.615000000000209184e+03 1.668558979872614145e-05
5.615900000000209729e+03 1.648947363719344139e-05
5.616800000000210275e+03 1.771891220414545387e-05
5.617700000000209911e+03 1.868465915322303772e-05
5.618600000000209548e+03 1.876542955869808793e-05
5.619500000000210093e+03 1.860879638115875423e-05
5.620400000000210639e+03 1.883642289612907916e-05
5.621300000000210275e+03 1.937089109560474753e-05
5.622200000000209911e+03 1.956918458745349199e-05
5.623100000000210457e+03 1.885183337435591966e-05
5.624000000000211003e+03 1.762625834089703858e-05
5.624900000000210639e+03 1.716352744551841170e-05
5.625800000000210275e+03 1.782106119208037853e-05
5.626700000000210821e+03 1.861016608017962426e-05
5.627600000000211367e+03 1.897599577205255628e-05
5.628500000000211003e+03 1.931667793542146683e-05
5.629400000000210639e+03 1.977562169486191124e-05
5.630300000000211185e+03 2.003741610678844154e-05
5.631200000000211730e+03 2.003243571380153298e-05
5.632100000000211367e+03 1.987349423870909959e-05
5.633000000000211003e+03 1.960186818905640393e-05
5.633900000000211548e+03 1.926650111272465438e-05
5.634800000000212094e+03 1.899185554066207260e-05
5.635700000000211730e+03 1.874404370028059930e-05
5.636600000000211367e+03 1.848136344051454216e-05
5.637500000000211912e+03 1.842895471781957895e-05
5.638400000000212458e+03 1.875919588201213628e-05
5.639300000000212094e+03 1.908483318402431905e-05
5.640200000000211730e+03 1.888572296593338251e-05
5.641100000000212276e+03 1.844407051976304501e-05
5.642000000000212822e+03 1.841497396526392549e-05
5.642900000000212458e+03 1.868725848908070475e-05
5.643800000000212094e+03 1.885251367639284581e-05
5.644700000000212640e+03 1.900002462207339704e-05
5.645600000000213186e+03 1.917969711939804256e-05
5.646500000000212822e+03 1.936080661835148931e-05
5.647400000000212458e+03 1.944706309586763382e-05
5.648300000000213004e+03 1.926541881402954459e-05
5.649200000000213549e+03 1.898528716992586851e-05
5.650100000000213186e+03 1.902337680803611875e-05
5.651000000000212822e+03 1.945400435943156481e-05
5.651900000000213367e+03 1.987830910366028547e-05
5.652800000000213913e+03 1.985049675568006933e-05
5.653700000000213549e+03 1.925563083204906434e-05
5.654600000000213186e+03 1.868667459348216653e-05
5.655500000000213731e+03 1.887097641883883625e-05
5.656400000000214277e+03 1.913606320158578455e-05
5.657300000000213913e+03 1.827340201998595148e-05
5.658200000000213549e+03 1.705077193037141114e-05
5.659100000000214095e+03 1.716118276817724109e-05
5.660000000000214641e+03 1.821474143071100116e-05
5.660900000000214277e+03 1.859839539974927902e-05
5.661800000000213913e+03 1.820623219828121364e-05
5.662700000000214459e+03 1.808823435567319393e-05
5.663600000000215005e+03 1.866475213319063187e-05
5.664500000000214641e+03 1.936173248395789415e-05
5.665400000000214277e+03 1.963142676686402410e-05
5.666300000000214823e+03 1.934189094754401594e-05
5.667200000000215368e+03 1.888695987872779369e-05
5.668100000000215005e+03 1.878401781141292304e-05
5.669000000000214641e+03 1.895788773254025728e-05
5.669900000000215186e+03 1.906139550555963069e-05
5.670800000000215732e+03 1.912880543386563659e-05
5.671700000000215368e+03 1.950873775058425963e-05
5.672600000000215005e+03 2.012813092733267695e-05
5.673500000000215550e+03 2.038418642769102007e-05
5.674400000000216096e+03 2.008496812777593732e-05
5.675300000000215732e+03 1.981780405913013965e-05
5.676200000000215368e+03 2.006159957090858370e-05
5.677100000000215914e+03 2.031773874477948993e-05
5.678000000000216460e+03 2.010779826377984136e-05
5.678900000000216096e+03 1.979165608645416796e-05
5.679800000000215732e+03 1.973491089302115142e-05
5.680700000000216278e+03 1.960729423444718122e-05
5.681600000000216824e+03 1.897786933113820851e-05
5.682500000000216460e+03 1.839170545281376690e-05
5.683400000000216096e+03 1.861598502728156745e-05
5.684300000000216642e+03 1.924368916661478579e-05
5.685200000000217187e+03 1.945129952218849212e-05
5.686100000000216824e+03 1.897996844490990043e-05
5.687000000000216460e+03 1.839068318076897413e-05
5.687900000000217005e+03 1.822496233216952533e-05
5.688800000000217551e+03 1.861513010226190090e-05
5.689700000000217187e+03 1.927745870489161462e-05
5.690600000000216824e+03 1.971710480574984103e-05
5.691500000000217369e+03 2.002317705773748457e-05
5.692400000000217915e+03 2.026269248744938523e-05
5.693300000000217551e+03 2.017712540691718459e-05
5.694200000000217187e+03 1.990320743061602116e-05
5.695100000000217733e+03 1.983181027753744274e-05
5.696000000000218279e+03 1.997817344090435654e-05
5.696900000000217915e+03 1.983649781323038042e-05
5.697800000000217551e+03 1.926613185787573457e-05
5.698700000000218097e+03 1.889972372737247497e-05
5.699600000000218643e+03 1.886779136839322746e-05
5.700500000000218279e+03 1.858354517025873065e-05
5.701400000000217915e+03 1.820790384954307228e-05
5.702300000000218461e+03 1.830632027122192085e-05
5.703200000000219006e+03 1.883332515717484057e-05
5.704100000000218643e+03 1.924013849929906428e-05
5.705000000000218279e+03 1.903978409245610237e-05
5.705900000000218824e+03 1.841628727561328560e-05
5.706800000000219370e+03 1.792248804122209549e-05
5.707700000000219006e+03 1.753944161464460194e-05
5.708600000000218643e+03 1.716641600069124252e-05
5.709500000000219188e+03 1.721548323985189199e-05
5.710400000000219734e+03 1.749615694279782474e-05
5.711300000000219370e+03 1.751936179061885923e-05
5.712200000000219006e+03 1.787412475096061826e-05
5.713100000000219552e+03 1.879151022876612842e-05
5.714000000000220098e+03 1.941509981406852603e-05
5.714900000000219734e+03 1.957442691491451114e-05
5.715800000000219370e+03 1.971603160200174898e-05
5.716700000000219916e+03 1.978018008230719715e-05
5.717600000000220462e+03 1.971031088032759726e-05
5.718500000000220098e+03 1.984730079129803926e-05
5.719400000000219734e+03 2.009851050388533622e-05
5.720300000000220280e+03 2.021442560362629592e-05
5.721200000000220825e+03 2.039255014096852392e-05
5.722100000000220462e+03 2.065925036731641740e-05
5.723000000000220098e+03 2.074541953334119171e-05
5.723900000000220643e+03 2.064074033114593476e-05
5.724800000000221189e+03 2.050561306532472372e-05
5.725700000000220825e+03 2.015526661125477403e-05
5.726600000000220462e+03 1.957480890268925577e-05
5.727500000000221007e+03 1.942745620908681303e-05
5.728400000000221553e+03 1.996851460717152804e-05
5.729300000000221189e+03 2.037382364505901933e-05
5.730200000000220825e+03 2.000942549784667790e-05
5.731100000000221371e+03 1.933224666572641581e-05
5.732000000000221917e+03 1.929179961734917015e-05
5.732900000000221553e+03 1.989512566069606692e-05
5.733800000000221189e+03 2.037785998254548758e-05
5.734700000000221735e+03 2.048406531685031950e-05
5.735600000000222281e+03 2.034990757238119841e-05
5.736500000000221917e+03 2.011326250794809312e-05
5.737400000000221553e+03 1.996468745346646756e-05
5.738300000000222099e+03 1.995925231312867254e-05
5.739200000000222644e+03 2.002595283556729555e-05
5.740100000000222281e+03 2.010471689573023468e-05
5.741000000000221917e+03 2.010436401178594679e-05
5.741900000000222462e+03 1.993862497329246253e-05
5.742800000000223008e+03 1.976814928639214486e-05
5.743700000000222644e+03 1.996233731915708631e-05
5.744600000000222281e+03 2.046816007350571454e-05
5.745500000000222826e+03 2.073083123832475394e-05
5.746400000000223372e+03 2.036531441262923181e-05
5.747300000000223008e+03 1.956926280399784446e-05
5.748200000000222644e+03 1.918130874400958419e-05
5.749100000000223190e+03 1.964213515748269856e-05
5.750000000000223736e+03 2.031824442383367568e-05
5.750900000000223372e+03 2.041857806034386158e-05
5.751800000000223008e+03 1.978445470740552992e-05
5.752700000000223554e+03 1.885662277345545590e-05
5.753600000000224099e+03 1.828624408517498523e-05
5.754500000000223736e+03 1.859464828157797456e-05
5.755400000000223372e+03 1.954878280230332166e-05
5.756300000000223918e+03 2.033553391811437905e-05
5.757200000000224463e+03 2.064395994239021093e-05
5.758100000000224099e+03 2.059456346614751965e-05
5.759000000000223736e+03 2.019884959736373276e-05
5.759900000000224281e+03 1.958728898898698390e-05
5.760800000000224827e+03 1.896653884614352137e-05
5.761700000000224463e+03 1.844383950810879469e-05
5.762600000000224099e+03 1.833385249483399093e-05
5.763500000000224645e+03 1.904580858536064625e-05
5.764400000000225191e+03 2.011005381064023823e-05
5.765300000000224827e+03 2.065358603431377560e-05
5.766200000000224463e+03 2.072533607133664191e-05
5.767100000000225009e+03 2.072565985145047307e-05
5.768000000000225555e+03 2.070555638056248426e-05
5.768900000000225191e+03 2.059416874544695020e-05
5.769800000000224827e+03 2.044303073489572853e-05
5.770700000000225373e+03 2.024701825575903058e-05
5.771600000000225918e+03 1.998445623030420393e-05
5.772500000000225555e+03 1.986075585591606796e-05
5.773400000000225191e+03 1.984937625820748508e-05
5.774300000000225737e+03 1.975591294467449188e-05
5.775200000000226282e+03 1.981575769605115056e-05
5.776100000000225918e+03 2.012040022236760706e-05
5.777000000000225555e+03 2.036286241491325200e-05
5.777900000000226100e+03 2.036545083683449775e-05
5.778800000000226646e+03 2.002942164835985750e-05
5.779700000000226282e+03 1.916598739626351744e-05
5.780600000000225918e+03 1.803804298106115311e-05
5.781500000000226464e+03 1.749042712617665529e-05
5.782400000000227010e+03 1.776533827069215477e-05
5.783300000000226646e+03 1.810458525142166764e-05
5.784200000000226282e+03 1.785200038284529001e-05
5.785100000000226828e+03 1.751127456373069435e-05
5.786000000000227374e+03 1.796293327060993761e-05
5.786900000000227010e+03 1.890930252557154745e-05
5.787800000000226646e+03 1.954104300239123404e-05
5.788700000000227192e+03 1.980719389393925667e-05
5.789600000000227737e+03 1.965374576684553176e-05
5.790500000000227374e+03 1.916381006594747305e-05
5.791400000000227010e+03 1.909442107717040926e-05
5.792300000000227556e+03 1.956667983904480934e-05
5.793200000000228101e+03 2.002093606279231608e-05
5.794100000000227737e+03 2.037661761278286576e-05
5.795000000000227374e+03 2.064781619992572814e-05
5.795900000000227919e+03 2.047453563136514276e-05
5.796800000000228465e+03 1.979627995751798153e-05
5.797700000000228101e+03 1.929181235027499497e-05
5.798600000000227737e+03 1.963513022928964347e-05
5.799500000000228283e+03 2.044908433163072914e-05
5.800400000000228829e+03 2.096828757203184068e-05
5.801300000000228465e+03 2.112606853188481182e-05
5.802200000000228101e+03 2.103837869071867317e-05
5.803100000000228647e+03 2.055020013358443975e-05
5.804000000000229193e+03 1.987391442526131868e-05
5.804900000000228829e+03 1.956558662641327828e-05
5.805800000000228465e+03 1.967210300790611655e-05
5.806700000000229011e+03 1.988448457268532366e-05
5.807600000000229556e+03 2.004851558012887836e-05
5.808500000000229193e+03 2.011241303989663720e-05
5.809400000000228829e+03 2.020072133745998144e-05
5.810300000000229375e+03 2.040457002294715494e-05
5.811200000000229920e+03 2.054748802038375288e-05
5.812100000000229556e+03 2.053961361525580287e-05
5.813000000000229193e+03 2.046190274995751679e-05
5.813900000000229738e+03 2.023504202952608466e-05
5.814800000000230284e+03 1.977202737180050462e-05
5.815700000000229920e+03 1.931431324919685721e-05
5.816600000000229556e+03 1.936762600962538272e-05
5.817500000000230102e+03 2.002157452807296067e-05
5.818400000000230648e+03 2.069434412987902761e-05
5.819300000000230284e+03 2.098120603477582335e-05
5.820200000000229920e+03 2.101021527778357267e-05
5.821100000000230466e+03 2.089683766826055944e-05
5.822000000000231012e+03 2.069499532808549702e-05
5.822900000000230648e+03 2.053812022495549172e-05
5.823800000000230284e+03 2.055189906968735158e-05
5.824700000000230830e+03 2.069934998871758580e-05
5.825600000000231375e+03 2.077806493616662920e-05
5.826500000000231012e+03 2.071513881674036384e-05
5.827400000000230648e+03 2.063367355731315911e-05
5.828300000000231194e+03 2.069370930257719010e-05
5.829200000000231739e+03 2.084432344418019056e-05
5.830100000000231375e+03 2.085248524963390082e-05
5.831000000000231012e+03 2.073469659080728889e-05
5.831900000000231557e+03 2.068407593469601125e-05
5.832800000000232103e+03 2.063876490865368396e-05
5.833700000000231739e+03 2.039876198978163302e-05
5.834600000000231375e+03 2.016840699070598930e-05
5.835500000000231921e+03 2.029834286076948047e-05
5.836400000000232467e+03 2.054558171948883682e-05
5.837300000000232103e+03 2.041797779384069145e-05
5.838200000000231739e+03 2.014765050262212753e-05
5.839100000000232285e+03 2.026975562330335379e-05
5.840000000000232831e+03 2.069570473395287991e-05
5.840900000000232467e+03 2.101853715430479497e-05
5.841800000000232103e+03 2.112556830979883671e-05
5.842700000000232649e+03 2.109744491463061422e-05
5.843600000000233194e+03 2.094889350701123476e-05
5.844500000000232831e+03 2.072015377052593976e-05
5.845400000000232467e+03 2.045447763521224260e-05
5.846300000000233013e+03 2.013821540458593518e-05
5.847200000000233558e+03 1.991311910387594253e-05
5.848100000000233194e+03 1.991649151023011655e-05
5.849000000000232831e+03 2.007543480431195349e-05
5.849900000000233376e+03 2.021169166255276650e-05
5.850800000000233922e+03 2.014045094256289303e-05
5.851700000000233558e+03 1.977591819013468921e-05
5.852600000000233194e+03 1.933710336743388325e-05
5.853500000000233740e+03 1.925840115291066468e-05
5.854400000000234286e+03 1.953827631950844079e-05
5.855300000000233922e+03 1.957453241629991680e-05
5.856200000000233558e+03 1.893988519441336393e-05
5.857100000000234104e+03 1.807794978958554566e-05
5.858000000000234650e+03 1.793570299923885614e-05
5.858900000000234286e+03 1.858251562225632370e-05
5.859800000000233922e+03 1.932120540004689246e-05
5.860700000000234468e+03 1.973826692847069353e-05
5.861600000000235013e+03 1.966192940017208457e-05
5.862500000000234650e+03 1.944345967785920948e-05
5.863400000000234286e+03 1.957200038305018097e-05
5.864300000000234832e+03 1.984722075576428324e-05
5.865200000000235377e+03 1.978172622330021113e-05
5.866100000000235013e+03 1.936652734002564102e-05
5.867000000000234650e+03 1.921471084642689675e-05
5.867900000000235195e+03 1.959449218702502549e-05
5.868800000000235741e+03 2.009187846852000803e-05
5.869700000000235377e+03 2.037198646576143801e-05
5.870600000000235013e+03 2.038861020992044359e-05
5.871500000000235559e+03 2.019940438913181424e-05
5.872400000000236105e+03 1.992424950003623962e-05
5.873300000000235741e+03 1.983572292374446988e-05
5.874200000000235377e+03 2.004138877964578569e-05
5.875100000000235923e+03 2.017416409216821194e-05
5.876000000000236469e+03 2.003129702643491328e-05
5.876900000000236105e+03 1.980463457584846765e-05
5.877800000000235741e+03 1.960338340722955763e-05
5.878700000000236287e+03 1.932101076818071306e-05
5.879600000000236832e+03 1.894395427370909601e-05
5.880500000000236469e+03 1.883707409433554858e-05
5.881400000000236105e+03 1.913985215651337057e-05
5.882300000000236651e+03 1.931729275383986533e-05
5.883200000000237196e+03 1.903164229588583112e-05
5.884100000000236832e+03 1.871830863819923252e-05
5.885000000000236469e+03 1.873899782367516309e-05
5.885900000000237014e+03 1.875527414085809141e-05
5.886800000000237560e+03 1.819098724809009582e-05
5.887700000000237196e+03 1.653987237659748644e-05
5.888600000000236832e+03 1.367577806377084926e-05
5.889500000000237378e+03 1.102619626180967316e-05
5.890400000000237924e+03 1.087377586372895166e-05
5.891300000000237560e+03 1.302116197621216998e-05
5.892200000000237196e+03 1.511864047643030062e-05
5.893100000000237742e+03 1.604744647920597345e-05
5.894000000000238288e+03 1.560925375088118017e-05
5.894900000000237924e+03 1.371648704662220553e-05
5.895800000000237560e+03 1.218108718603616580e-05
5.896700000000238106e+03 1.313282064074883237e-05
5.897600000000238651e+03 1.547823922010138631e-05
5.898500000000238288e+03 1.704936948954127729e-05
5.899400000000237924e+03 1.778905971150379628e-05
5.900300000000238470e+03 1.843017344071995467e-05
5.901200000000239015e+03 1.892260843305848539e-05
5.902100000000238651e+03 1.911074468807782978e-05
5.903000000000238288e+03 1.922375304275192320e-05
5.903900000000238833e+03 1.928090205183252692e-05
5.904800000000239379e+03 1.912324296426959336e-05
5.905700000000239015e+03 1.897006768558640033e-05
5.906600000000238651e+03 1.911241088237147778e-05
5.907500000000239197e+03 1.943272036442067474e-05
5.908400000000239743e+03 1.962367423402611166e-05
5.909300000000239379e+03 1.961986890819389373e-05
5.910200000000239015e+03 1.967714888451155275e-05
5.911100000000239561e+03 1.986848474189173430e-05
5.912000000000240107e+03 1.984467962756752968e-05
5.912900000000239743e+03 1.936235275934450328e-05
5.913800000000239379e+03 1.871751737780869007e-05
5.914700000000239925e+03 1.844817415985744447e-05
5.915600000000240470e+03 1.856060589489061385e-05
5.916500000000240107e+03 1.889613486127927899e-05
5.917400000000239743e+03 1.929475547512993217e-05
5.918300000000240289e+03 1.949987199623137712e-05
5.919200000000240834e+03 1.964822695299517363e-05
5.920100000000240470e+03 1.978581349248997867e-05
5.921000000000240107e+03 1.967792923096567392e-05
5.921900000000240652e+03 1.945425356097985059e-05
5.922800000000241198e+03 1.945009171322453767e-05
5.923700000000240834e+03 1.963173417607322335e-05
5.924600000000240470e+03 1.980258639378007501e-05
5.925500000000241016e+03 1.995750426431186497e-05
5.926400000000241562e+03 1.998510742851067334e-05
5.927300000000241198e+03 1.977820102183613926e-05
5.928200000000240834e+03 1.943881579791195691e-05
5.929100000000241380e+03 1.903215706988703460e-05
5.930000000000241926e+03 1.885636629594955593e-05
5.930900000000241562e+03 1.928159144881647080e-05
5.931800000000241198e+03 1.986754250538069755e-05
5.932700000000241744e+03 1.994938247662503272e-05
5.933600000000242289e+03 1.947211057995446026e-05
5.934500000000241926e+03 1.904495547933038324e-05
5.935400000000241562e+03 1.924842399603221565e-05
5.936300000000242107e+03 1.972357313206885010e-05
5.937200000000242653e+03 1.993212572415359318e-05
5.938100000000242289e+03 2.004427369683980942e-05
5.939000000000241926e+03 2.014449819398578256e-05
5.939900000000242471e+03 1.986942879739217460e-05
5.940800000000243017e+03 1.932727536768652499e-05
5.941700000000242653e+03 1.910858190967701375e-05
5.942600000000242289e+03 1.930814505612943321e-05
5.943500000000242835e+03 1.963632894330658019e-05
5.944400000000243381e+03 1.996009450522251427e-05
5.945300000000243017e+03 2.020304600591771305e-05
5.946200000000242653e+03 2.021861291723325849e-05
5.947100000000243199e+03 1.988045369216706604e-05
5.948000000000243745e+03 1.928008168761152774e-05
5.948900000000243381e+03 1.896262983791530132e-05
5.949800000000243017e+03 1.929971040226519108e-05
5.950700000000243563e+03 1.976426028704736382e-05
5.951600000000244108e+03 1.959656765393447131e-05
5.952500000000243745e+03 1.904124655993655324e-05
5.953400000000243381e+03 1.902266740216873586e-05
5.954300000000243926e+03 1.952956517925485969e-05
5.955200000000244472e+03 1.972223253687843680e-05
5.956100000000244108e+03 1.939743924594949931e-05
5.957000000000243745e+03 1.908423837448935956e-05
5.957900000000244290e+03 1.913259256980381906e-05
5.958800000000244836e+03 1.943851566466037184e-05
5.959700000000244472e+03 1.981909190362785012e-05
5.960600000000244108e+03 2.013150697166565806e-05
5.961500000000244654e+03 2.025625144597142935e-05
5.962400000000245200e+03 2.021543332375586033e-05
5.963300000000244836e+03 2.014690653595607728e-05
5.964200000000244472e+03 2.002674591494724154e-05
5.965100000000245018e+03 1.975554005184676498e-05
5.966000000000245564e+03 1.964007606147788465e-05
5.966900000000245200e+03 1.989763950405176729e-05
5.967800000000244836e+03 2.018305895035155118e-05
5.968700000000245382e+03 2.029617644438985735e-05
5.969600000000245927e+03 2.038280763372313231e-05
5.970500000000245564e+03 2.048910755547694862e-05
5.971400000000245200e+03 2.051831870630849153e-05
5.972300000000245745e+03 2.048934766207821667e-05
5.973200000000246291e+03 2.040906292677391320e-05
5.974100000000245927e+03 2.017573388002347201e-05
5.975000000000245564e+03 1.972204881894867867e-05
5.975900000000246109e+03 1.925329706864431500e-05
5.976800000000246655e+03 1.902813892229460180e-05
5.977700000000246291e+03 1.907053228933364153e-05
5.978600000000245927e+03 1.932568557094782591e-05
5.979500000000246473e+03 1.977892497961875051e-05
5.980400000000247019e+03 2.013487392105162144e-05
5.981300000000246655e+03 2.012721961364150047e-05
5.982200000000246291e+03 1.973588223336264491e-05
5.983100000000246837e+03 1.900425013445783406e-05
5.984000000000247383e+03 1.840755612647626549e-05
5.984900000000247019e+03 1.855797927419189364e-05
5.985800000000246655e+03 1.914826498250477016e-05
5.986700000000247201e+03 1.946183692780323327e-05
5.987600000000247746e+03 1.956051346496678889e-05
5.988500000000247383e+03 1.976915882551111281e-05
5.989400000000247019e+03 1.998221523535903543e-05
5.990300000000247564e+03 1.992465513467323035e-05
5.991200000000248110e+03 1.967628122656606138e-05
5.992100000000247746e+03 1.971866549865808338e-05
5.993000000000247383e+03 2.014689198404084891e-05
5.993900000000247928e+03 2.047917223535478115e-05
5.994800000000248474e+03 2.041561128862667829e-05
5.995700000000248110e+03 2.001067878154572099e-05
5.996600000000247746e+03 1.945084477483760566e-05
5.997500000000248292e+03 1.904960845422465354e-05
5.998400000000248838e+03 1.908656668092589825e-05
5.999300000000248474e+03 1.942173366842325777e-05
6.000200000000248110e+03 1.975488885364029557e-05
6.001100000000248656e+03 1.979828084586188197e-05
6.002000000000249202e+03 1.944170799106359482e-05
6.002900000000248838e+03 1.919385977089405060e-05
6.003800000000248474e+03 1.946122756635304540e-05
6.004700000000249020e+03 1.972083373402711004e-05
6.005600000000249565e+03 1.956387495738454163e-05
6.006500000000249202e+03 1.909374805109109730e-05
6.007400000000248838e+03 1.849147156463004649e-05
6.008300000000249383e+03 1.834388058341573924e-05
6.009200000000249929e+03 1.906145553220994771e-05
6.010100000000249565e+03 1.994506419578101486e-05
6.011000000000249202e+03 2.012878576351795346e-05
6.011900000000249747e+03 1.959958899533376098e-05
6.012800000000250293e+03 1.896711182780563831e-05
6.013700000000249929e+03 1.889211307570803910e-05
6.014600000000249565e+03 1.925100696098525077e-05
6.015500000000250111e+03 1.929646168719045818e-05
6.016400000000250657e+03 1.902643452922347933e-05
6.017300000000250293e+03 1.906858778966125101e-05
6.018200000000249929e+03 1.929082282003946602e-05
6.019100000000250475e+03 1.913118103402666748e-05
6.020000000000251021e+03 1.876271380751859397e-05
6.020900000000250657e+03 1.869773768703453243e-05
6.021800000000250293e+03 1.891198917292058468e-05
6.022700000000250839e+03 1.913206324388738722e-05
6.023600000000251384e+03 1.921261355164460838e-05
6.024500000000251021e+03 1.943106144608464092e-05
6.025400000000250657e+03 1.978166801563929766e-05
6.026300000000251202e+03 1.982558751478791237e-05
6.027200000000251748e+03 1.978384716494474560e-05
6.028100000000251384e+03 2.001526991080027074e-05
6.029000000000251021e+03 2.023464912781491876e-05
6.029900000000251566e+03 2.021139516727998853e-05
6.030800000000252112e+03 2.013997436733916402e-05
6.031700000000251748e+03 2.024126661126501858e-05
6.032600000000251384e+03 2.041668813035357744e-05
6.033500000000251930e+03 2.047582529485225677e-05
6.034400000000252476e+03 2.043318818323314190e-05
6.035300000000252112e+03 2.039994433289393783e-05
6.036200000000251748e+03 2.041761035798117518e-05
6.037100000000252294e+03 2.044240682153031230e-05
6.038000000000252840e+03 2.041231164184864610e-05
6.038900000000252476e+03 2.024986315518617630e-05
6.039800000000252112e+03 2.009216950682457536e-05
6.040700000000252658e+03 2.006090653594583273e-05
6.041600000000253203e+03 2.004629459406714886e-05
6.042500000000252840e+03 2.018197847064584494e-05
6.043400000000252476e+03 2.050212606263812631e-05
6.044300000000253021e+03 2.068395406240597367e-05
6.045200000000253567e+03 2.070002847176510841e-05
6.046100000000253203e+03 2.072260576824191958e-05
6.047000000000252840e+03 2.071546805382240564e-05
6.047900000000253385e+03 2.060135921055916697e-05
6.048800000000253931e+03 2.054082506219856441e-05
6.049700000000253567e+03 2.067312198050785810e-05
6.050600000000253203e+03 2.079649857478216290e-05
6.051500000000253749e+03 2.070413938781712204e-05
6.052400000000254295e+03 2.042441519733984023e-05
6.053300000000253931e+03 2.012771255976986140e-05
6.054200000000253567e+03 1.995737693505361676e-05
6.055100000000254113e+03 1.978951149794738740e-05
6.056000000000254659e+03 1.958999564521946013e-05
6.056900000000254295e+03 1.959933979378547519e-05
6.057800000000253931e+03 1.984832852031104267e-05
6.058700000000254477e+03 2.019488965743221343e-05
6.059600000000255022e+03 2.047200359811540693e-05
6.060500000000254659e+03 2.054404103546403348e-05
6.061400000000254295e+03 2.038469392573460937e-05
6.062300000000254840e+03 2.006607428484130651e-05
6.063200000000255386e+03 1.972967584151774645e-05
6.064100000000255022e+03 1.926569348142948002e-05
6.065000000000254659e+03 1.882029755506664515e-05
6.065900000000255204e+03 1.910446189867798239e-05
6.066800000000255750e+03 2.002624023589305580e-05
6.067700000000255386e+03 2.070003029075451195e-05
6.068600000000255022e+03 2.088320070470217615e-05
6.069500000000255568e+03 2.085739288304466754e-05
6.070400000000256114e+03 2.082969513139687479e-05
6.071300000000255750e+03 2.086172571580391377e-05
6.072200000000255386e+03 2.090271664201281965e-05
6.073100000000255932e+03 2.091018541250377893e-05
6.074000000000256478e+03 2.091069109155796468e-05
6.074900000000256114e+03 2.085297637677285820e-05
6.075800000000255750e+03 2.069215770461596549e-05
6.076700000000256296e+03 2.038470483967103064e-05
6.077600000000256841e+03 1.988806798181030899e-05
6.078500000000256478e+03 1.949957368196919560e-05
6.079400000000256114e+03 1.960736881301272660e-05
6.080300000000256659e+03 1.980472370632924139e-05
6.081200000000257205e+03 1.957119275175500661e-05
6.082100000000256841e+03 1.931118640641216189e-05
6.083000000000256478e+03 1.949421675817575306e-05
6.083900000000257023e+03 1.975796476472169161e-05
6.084800000000257569e+03 1.969095319509506226e-05
6.085700000000257205e+03 1.956201595021411777e-05
6.086600000000256841e+03 1.969685217773076147e-05
6.087500000000257387e+03 1.997113395191263407e-05
6.088400000000257933e+03 1.998303378059063107e-05
6.089300000000257569e+03 1.957300446520093828e-05
6.090200000000257205e+03 1.917864574352279305e-05
6.091100000000257751e+03 1.917133340612053871e-05
6.092000000000258296e+03 1.930041980813257396e-05
6.092900000000257933e+03 1.939137837325688452e-05
6.093800000000257569e+03 1.968182186828926206e-05
6.094700000000258115e+03 2.015232166741043329e-05
6.095600000000258660e+03 2.029214192589279264e-05
6.096500000000258296e+03 2.000765016418881714e-05
6.097400000000257933e+03 1.982285175472497940e-05
6.098300000000258478e+03 1.999166852328926325e-05
6.099200000000259024e+03 2.031431540672201663e-05
6.100100000000258660e+03 2.036652949755080044e-05
6.101000000000258296e+03 1.958106622623745352e-05
6.101900000000258842e+03 1.803819395718164742e-05
6.102800000000259388e+03 1.719610554573591799e-05
6.103700000000259024e+03 1.807355511118657887e-05
6.104600000000258660e+03 1.945847179740667343e-05
6.105500000000259206e+03 2.008871706493664533e-05
6.106400000000259752e+03 2.003599911404307932e-05
6.107300000000259388e+03 1.977515421458519995e-05
6.108200000000259024e+03 1.980947672564070672e-05
6.109100000000259570e+03 2.018297891481779516e-05
6.110000000000260115e+03 2.027210757660213858e-05
6.110900000000259752e+03 1.991254976019263268e-05
6.111800000000259388e+03 1.975257509911898524e-05
6.112700000000259934e+03 2.009886156884022057e-05
6.113600000000260479e+03 2.053554999292828143e-05
6.114500000000260115e+03 2.060886981780640781e-05
6.115400000000259752e+03 2.020608553721103817e-05
6.116300000000260297e+03 1.980255365197081119e-05
6.117200000000260843e+03 1.989211887121200562e-05
6.118100000000260479e+03 2.007453076657839119e-05
6.119000000000260115e+03 1.978743239305913448e-05
6.119900000000260661e+03 1.917307781695853919e-05
6.120800000000261207e+03 1.835888542700558901e-05
6.121700000000260843e+03 1.752761818352155387e-05
6.122600000000260479e+03 1.766884270182345062e-05
6.123500000000261025e+03 1.889487066364381462e-05
6.124400000000261571e+03 1.983225047297310084e-05
6.125300000000261207e+03 1.992827310459688306e-05
6.126200000000260843e+03 1.970778430404607207e-05
6.127100000000261389e+03 1.945960502780508250e-05
6.128000000000261934e+03 1.927714038174599409e-05
6.128900000000261571e+03 1.940661968546919525e-05
6.129800000000261207e+03 1.981361856451258063e-05
6.130700000000261753e+03 2.013561424973886460e-05
6.131600000000262298e+03 2.024260356847662479e-05
6.132500000000261934e+03 2.030201721936464310e-05
6.133400000000261571e+03 2.020920328504871577e-05
6.134300000000262116e+03 1.964322655112482607e-05
6.135200000000262662e+03 1.849055843194946647e-05
6.136100000000262298e+03 1.699092172202654183e-05
6.137000000000261934e+03 1.616169538465328515e-05
6.137900000000262480e+03 1.701154542388394475e-05
6.138800000000263026e+03 1.885977326310239732e-05
6.139700000000262662e+03 2.002683868340682238e-05
6.140600000000262298e+03 1.988028998312074691e-05
6.141500000000262844e+03 1.925821379700209945e-05
6.142400000000263390e+03 1.928155143104959279e-05
6.143300000000263026e+03 1.993562182178720832e-05
6.144200000000262662e+03 2.039400169451255351e-05
6.145100000000263208e+03 2.041846710199024528e-05
6.146000000000263753e+03 2.030252835538703948e-05
6.146900000000263390e+03 2.012610275414772332e-05
6.147800000000263026e+03 1.980045453819911927e-05
6.148700000000263572e+03 1.942755261552520096e-05
6.149600000000264117e+03 1.920948307088110596e-05
6.150500000000263753e+03 1.929552854562643915e-05
6.151400000000263390e+03 1.962253190868068486e-05
6.152300000000263935e+03 1.991970202652737498e-05
6.153200000000264481e+03 1.982552385015878826e-05
6.154100000000264117e+03 1.931728002091404051e-05
6.155000000000263753e+03 1.901314863061998039e-05
6.155900000000264299e+03 1.919748683576472104e-05
6.156800000000264845e+03 1.941116352099925280e-05
6.157700000000264481e+03 1.941734080901369452e-05
6.158600000000264117e+03 1.932272971316706389e-05
6.159500000000264663e+03 1.879242336144670844e-05
6.160400000000265209e+03 1.740127299854066223e-05
6.161300000000264845e+03 1.571621942275669426e-05
6.162200000000264481e+03 1.500971939094597474e-05
6.163100000000265027e+03 1.571582288306672126e-05
6.164000000000265572e+03 1.705254726402927190e-05
6.164900000000265209e+03 1.804042767616920173e-05
6.165800000000264845e+03 1.845415863499511033e-05
6.166700000000265391e+03 1.874883855634834617e-05
6.167600000000265936e+03 1.872254870249889791e-05
6.168500000000265572e+03 1.779571539373137057e-05
6.169400000000265209e+03 1.674612030910793692e-05
6.170300000000265754e+03 1.695757964625954628e-05
6.171200000000266300e+03 1.818677992559969425e-05
6.172100000000265936e+03 1.900803727039601654e-05
6.173000000000265572e+03 1.903023985505569726e-05
6.173900000000266118e+03 1.897090987768024206e-05
6.174800000000266664e+03 1.903967313410248607e-05
6.175700000000266300e+03 1.895566674647852778e-05
6.176600000000265936e+03 1.883526238088961691e-05
6.177500000000266482e+03 1.902982512547168881e-05
6.178400000000267028e+03 1.937759043357800692e-05
6.179300000000266664e+03 1.938232708198484033e-05
6.180200000000266300e+03 1.925205833686050028e-05
6.181100000000266846e+03 1.942143535416107625e-05
6.182000000000267391e+03 1.964467082871124148e-05
6.182900000000267028e+03 1.963468821486458182e-05
6.183800000000266664e+03 1.957674976438283920e-05
6.184700000000267210e+03 1.947687269421294332e-05
6.185600000000267755e+03 1.908282138174399734e-05
6.186500000000267391e+03 1.859775511547923088e-05
6.187400000000267028e+03 1.839535434555727988e-05
6.188300000000267573e+03 1.845308725023642182e-05
6.189200000000268119e+03 1.847122621256858110e-05
6.190100000000267755e+03 1.794546005839947611e-05
6.191000000000267391e+03 1.708319177851080894e-05
6.191900000000267937e+03 1.710350625216960907e-05
6.192800000000268483e+03 1.814634015318006277e-05
6.193700000000268119e+03 1.899586823128629476e-05
6.194600000000267755e+03 1.924601929204072803e-05
6.195500000000268301e+03 1.936905573529656976e-05
6.196400000000268847e+03 1.959083965630270541e-05
6.197300000000268483e+03 1.963590329978615046e-05
6.198200000000268119e+03 1.917591362143866718e-05
6.199100000000268665e+03 1.843529207690153271e-05
6.200000000000269210e+03 1.816151961975265294e-05
6.200900000000268847e+03 1.865663034550379962e-05
6.201800000000268483e+03 1.935969339683651924e-05
6.202700000000269029e+03 1.968987453437875956e-05
6.203600000000269574e+03 1.964055081771221012e-05
6.204500000000269210e+03 1.950167279574088752e-05
6.205400000000268847e+03 1.951183730852790177e-05
6.206300000000269392e+03 1.960569898074027151e-05
6.207200000000269938e+03 1.964521106856409460e-05
6.208100000000269574e+03 1.962006172107066959e-05
6.209000000000269210e+03 1.951239573827479035e-05
6.209900000000269756e+03 1.930288271978497505e-05
6.210800000000270302e+03 1.912328843900468200e-05
6.211700000000269938e+03 1.893428998300805688e-05
6.212600000000269574e+03 1.839322248997632414e-05
6.213500000000270120e+03 1.762542342476081103e-05
6.214400000000270666e+03 1.715743928798474371e-05
6.215300000000270302e+03 1.713265373837202787e-05
6.216200000000269938e+03 1.755923040036577731e-05
6.217100000000270484e+03 1.819326644181273878e-05
6.218000000000271029e+03 1.840454024204518646e-05
6.218900000000270666e+03 1.800865175027865916e-05
6.219800000000270302e+03 1.759203405526932329e-05
6.220700000000270848e+03 1.766471905284561217e-05
6.221600000000271393e+03 1.811249967431649566e-05
6.222500000000271029e+03 1.847457679104991257e-05
6.223400000000270666e+03 1.843721656769048423e-05
6.224300000000271211e+03 1.830764449550770223e-05
6.225200000000271757e+03 1.845154656621161848e-05
6.226100000000271393e+03 1.865053854999132454e-05
6.227000000000271029e+03 1.871268068498466164e-05
6.227900000000271575e+03 1.864853038568980992e-05
6.228800000000272121e+03 1.815417272155173123e-05
6.229700000000271757e+03 1.717414306767750531e-05
6.230600000000271393e+03 1.649359001021366566e-05
6.231500000000271939e+03 1.672556390985846519e-05
6.232400000000272485e+03 1.738855098665226251e-05
6.233300000000272121e+03 1.810151661629788578e-05
6.234200000000271757e+03 1.888444239739328623e-05
6.235100000000272303e+03 1.933689054567366838e-05
6.236000000000272848e+03 1.923918898683041334e-05
6.236900000000272485e+03 1.884998891910072416e-05
6.237800000000272121e+03 1.847084968176204711e-05
6.238700000000272667e+03 1.809225250326562673e-05
6.239600000000273212e+03 1.771810093487147242e-05
6.240500000000272848e+03 1.773228359525091946e-05
6.241400000000272485e+03 1.795150274119805545e-05
6.242300000000273030e+03 1.763696855050511658e-05
6.243200000000273576e+03 1.714812788122799248e-05
6.244100000000273212e+03 1.722719571262132376e-05
6.245000000000272848e+03 1.748171780491247773e-05
6.245900000000273394e+03 1.759035512804985046e-05
6.246800000000273940e+03 1.799637175281532109e-05
6.247700000000273576e+03 1.866722959675826132e-05
6.248600000000273212e+03 1.899842209240887314e-05
6.249500000000273758e+03 1.892822547233663499e-05
6.250400000000274304e+03 1.865927333710715175e-05
6.251300000000273940e+03 1.805029023671522737e-05
6.252200000000273576e+03 1.733752105792518705e-05
6.253100000000274122e+03 1.707501905912067741e-05
6.254000000000274667e+03 1.724072535580489784e-05
6.254900000000274304e+03 1.744447945384308696e-05
6.255800000000273940e+03 1.734199213387910277e-05
6.256700000000274486e+03 1.691602301434613764e-05
6.257600000000275031e+03 1.643941868678666651e-05
6.258500000000274667e+03 1.638206776988226920e-05
6.259400000000274304e+03 1.705401882645674050e-05
6.260300000000274849e+03 1.779700141923967749e-05
6.261200000000275395e+03 1.824028186092618853e-05
6.262100000000275031e+03 1.876875649031717330e-05
6.263000000000274667e+03 1.919695387186948210e-05
6.263900000000275213e+03 1.896755748020950705e-05
6.264800000000275759e+03 1.832206180552020669e-05
6.265700000000275395e+03 1.814074312278535217e-05
6.266600000000275031e+03 1.853077810665126890e-05
6.267500000000275577e+03 1.876855640148278326e-05
6.268400000000276123e+03 1.860993688751477748e-05
6.269300000000275759e+03 1.843614154495298862e-05
6.270200000000275395e+03 1.846991108322981745e-05
6.271100000000275941e+03 1.863757825049106032e-05
6.272000000000276486e+03 1.887106736830901355e-05
6.272900000000276123e+03 1.900321694847662002e-05
6.273800000000275759e+03 1.892389991553500295e-05
6.274700000000276304e+03 1.885143865365535021e-05
6.275600000000276850e+03 1.891334250103682280e-05
6.276500000000276486e+03 1.895828063425142318e-05
6.277400000000276123e+03 1.895755485747940838e-05
6.278300000000276668e+03 1.890870225906837732e-05
6.279200000000277214e+03 1.860188604041468352e-05
6.280100000000276850e+03 1.818786040530540049e-05
6.281000000000276486e+03 1.815417454054113477e-05
6.281900000000277032e+03 1.847803287091664970e-05
6.282800000000277578e+03 1.888383303594309837e-05
6.283700000000277214e+03 1.920474278449546546e-05
6.284600000000276850e+03 1.918772613862529397e-05
6.285500000000277396e+03 1.907191835925914347e-05
6.286400000000277942e+03 1.921640250657219440e-05
6.287300000000277578e+03 1.952706770680379122e-05
6.288200000000277214e+03 1.977037572942208499e-05
6.289100000000277760e+03 1.974381302716210485e-05
6.290000000000278305e+03 1.938245623023249209e-05
6.290900000000277942e+03 1.895806235552299768e-05
6.291800000000277578e+03 1.872862594609614462e-05
6.292700000000278123e+03 1.869658626674208790e-05
6.293600000000278669e+03 1.889227860374376178e-05
6.294500000000278305e+03 1.908304875541944057e-05
6.295400000000277942e+03 1.883773438748903573e-05
6.296300000000278487e+03 1.829372558859176934e-05
6.297200000000279033e+03 1.802040060283616185e-05
6.298100000000278669e+03 1.822777448978740722e-05
6.299000000000278305e+03 1.858511677710339427e-05
6.299900000000278851e+03 1.859507028711959720e-05
6.300800000000279397e+03 1.813036578823812306e-05
6.301700000000279033e+03 1.770905510056763887e-05
6.302600000000278669e+03 1.789680754882283509e-05
6.303500000000279215e+03 1.843713289417792112e-05
6.304400000000279761e+03 1.870921369118150324e-05
6.305300000000279397e+03 1.870725282060448080e-05
6.306200000000279033e+03 1.894854904094245285e-05
6.307100000000279579e+03 1.944507675943896174e-05
6.308000000000280124e+03 1.971539677469991148e-05
6.308900000000279761e+03 1.958833854587282985e-05
6.309800000000279397e+03 1.917802546813618392e-05
6.310700000000279942e+03 1.874755253084003925e-05
6.311600000000280488e+03 1.860728843894321471e-05
6.312500000000280124e+03 1.879269984783604741e-05
6.313400000000279761e+03 1.881254866020753980e-05
6.314300000000280306e+03 1.832719681260641664e-05
6.315200000000280852e+03 1.795072785171214491e-05
6.316100000000280488e+03 1.807372791517991573e-05
6.317000000000280124e+03 1.796857941371854395e-05
6.317900000000280670e+03 1.744602559483610094e-05
6.318800000000281216e+03 1.743080974847543985e-05
6.319700000000280852e+03 1.814039933378808200e-05
6.320600000000280488e+03 1.874432382464874536e-05
6.321500000000281034e+03 1.880002855614293367e-05
6.322400000000281580e+03 1.871382846729829907e-05
6.323300000000281216e+03 1.894587148854043335e-05
6.324200000000280852e+03 1.929230711539275944e-05
6.325100000000281398e+03 1.942347626027185470e-05
6.326000000000281943e+03 1.934256215463392437e-05
6.326900000000281580e+03 1.918620728247333318e-05
6.327800000000281216e+03 1.923523450386710465e-05
6.328700000000281761e+03 1.940224319696426392e-05
6.329600000000282307e+03 1.927648372657131404e-05
6.330500000000281943e+03 1.908018930407706648e-05
6.331400000000281580e+03 1.923543277371209115e-05
6.332300000000282125e+03 1.959296605491545051e-05
6.333200000000282671e+03 1.969790537259541452e-05
6.334100000000282307e+03 1.915211396408267319e-05
6.335000000000281943e+03 1.817938027670606971e-05
6.335900000000282489e+03 1.764311127772089094e-05
6.336800000000283035e+03 1.793034607544541359e-05
6.337700000000282671e+03 1.844974030973389745e-05
6.338600000000282307e+03 1.865439116954803467e-05
6.339500000000282853e+03 1.885865640360862017e-05
6.340400000000283399e+03 1.923237869050353765e-05
6.341300000000283035e+03 1.928976416820660233e-05
6.342200000000282671e+03 1.883764343801885843e-05
6.343100000000283217e+03 1.818758209992665797e-05
6.344000000000283762e+03 1.788856206985656172e-05
6.344900000000283399e+03 1.824176251830067486e-05
6.345800000000283035e+03 1.878711009339895099e-05
6.346700000000283580e+03 1.904904820548836142e-05
6.347600000000284126e+03 1.917437839438207448e-05
6.348500000000283762e+03 1.931785300257615745e-05
6.349400000000283399e+03 1.937847264343872666e-05
6.350300000000283944e+03 1.937693741638213396e-05
6.351200000000284490e+03 1.942906237673014402e-05
6.352100000000284126e+03 1.944420728250406682e-05
6.353000000000283762e+03 1.922030787682160735e-05
6.353900000000284308e+03 1.873347173386719078e-05
6.354800000000284854e+03 1.836848605307750404e-05
6.355700000000284490e+03 1.849845466495025903e-05
6.356600000000284126e+03 1.868509207270108163e-05
6.357500000000284672e+03 1.833230271586216986e-05
6.358400000000285218e+03 1.773593248799443245e-05
6.359300000000284854e+03 1.748697650327812880e-05
6.360200000000284490e+03 1.745981535350438207e-05
6.361100000000285036e+03 1.724311186990235001e-05
6.362000000000285581e+03 1.699140193522907794e-05
6.362900000000285218e+03 1.710099786578211933e-05
6.363800000000284854e+03 1.754495315253734589e-05
6.364700000000285399e+03 1.802836413844488561e-05
6.365600000000285945e+03 1.838434764067642391e-05
6.366500000000285581e+03 1.867531136667821556e-05
6.367400000000285218e+03 1.906707075249869376e-05
6.368300000000285763e+03 1.935041291289962828e-05
6.369200000000286309e+03 1.930729740706738085e-05
6.370100000000285945e+03 1.913782944029662758e-05
6.371000000000285581e+03 1.919910573633387685e-05
6.371900000000286127e+03 1.952438833541236818e-05
6.372800000000286673e+03 1.976835301320534199e-05
6.373700000000286309e+03 1.971413439605385065e-05
6.374600000000285945e+03 1.955301559064537287e-05
6.375500000000286491e+03 1.953077844518702477e-05
6.376400000000287037e+03 1.958824032044503838e-05
6.377300000000286673e+03 1.942260678333695978e-05
6.378200000000286309e+03 1.907897421915549785e-05
6.379100000000286855e+03 1.889937084342818707e-05
6.380000000000287400e+03 1.887485450424719602e-05
6.380900000000287037e+03 1.890266867121681571e-05
6.381800000000286673e+03 1.910186074383091182e-05
6.382700000000287218e+03 1.928725032485090196e-05
6.383600000000287764e+03 1.920992508530616760e-05
6.384500000000287400e+03 1.907963451230898499e-05
6.385400000000287037e+03 1.920252361742313951e-05
6.386300000000287582e+03 1.942557901202235371e-05
6.387200000000288128e+03 1.948746103153098375e-05
6.388100000000287764e+03 1.944490941241383553e-05
6.389000000000287400e+03 1.951461308635771275e-05
6.389900000000287946e+03 1.966492891369853169e-05
6.390800000000288492e+03 1.960615009011235088e-05
6.391700000000288128e+03 1.903159500216133893e-05
6.392600000000287764e+03 1.808695560612250119e-05
6.393500000000288310e+03 1.763080945238471031e-05
6.394400000000288856e+03 1.816783878894057125e-05
6.395300000000288492e+03 1.906957004393916577e-05
6.396200000000288128e+03 1.965324372577015311e-05
6.397100000000288674e+03 1.981016976060345769e-05
6.398000000000289219e+03 1.944720133906230330e-05
6.398900000000288856e+03 1.838388197938911617e-05
6.399800000000288492e+03 1.737417733238544315e-05
6.400700000000289037e+03 1.769731170497834682e-05
6.401600000000289583e+03 1.893453008960932493e-05
6.402500000000289219e+03 1.972938116523437202e-05
6.403400000000288856e+03 1.989742850128095597e-05
6.404300000000289401e+03 1.981706009246408939e-05
6.405200000000289947e+03 1.960460031114052981e-05
6.406100000000289583e+03 1.923956733662635088e-05
6.407000000000289219e+03 1.870460982900112867e-05
6.407900000000289765e+03 1.842992242018226534e-05
6.408800000000290311e+03 1.884228731796611100e-05
6.409700000000289947e+03 1.923377203638665378e-05
6.410600000000289583e+03 1.887649887066800147e-05
6.411500000000290129e+03 1.841703669924754649e-05
6.412400000000290675e+03 1.857644019764848053e-05
6.413300000000290311e+03 1.892506406875327229e-05
6.414200000000289947e+03 1.904731652757618576e-05
6.415100000000290493e+03 1.918966518132947385e-05
6.416000000000291038e+03 1.942016206157859415e-05
6.416900000000290675e+03 1.946873453562147915e-05
6.417800000000290311e+03 1.927891753439325839e-05
6.418700000000290856e+03 1.886805875983554870e-05
6.419600000000291402e+03 1.828419408411718905e-05
6.420500000000291038e+03 1.789564339560456574e-05
6.421400000000290675e+03 1.816913027141708881e-05
6.422300000000291220e+03 1.905161661852616817e-05
6.423200000000291766e+03 1.973412508959881961e-05
6.424100000000291402e+03 1.977646934392396361e-05
6.425000000000291038e+03 1.962023088708519936e-05
6.425900000000291584e+03 1.971688834601081908e-05
6.426800000000292130e+03 1.997311119339428842e-05
6.427700000000291766e+03 2.008251431107055396e-05
6.428600000000291402e+03 1.979583976208232343e-05
6.429500000000291948e+03 1.902376970974728465e-05
6.430400000000292493e+03 1.818661075958516449e-05
6.431300000000292130e+03 1.808368142519611865e-05
6.432200000000291766e+03 1.870516643975861371e-05
6.433100000000292312e+03 1.931784754560794681e-05
6.434000000000292857e+03 1.961991802090778947e-05
6.434900000000292493e+03 1.974200495169498026e-05
6.435800000000292130e+03 1.977507781703025103e-05
6.436700000000292675e+03 1.955630250449758023e-05
6.437600000000293221e+03 1.882076321635395288e-05
6.438500000000292857e+03 1.795377102098427713e-05
6.439400000000292493e+03 1.798707853595260531e-05
6.440300000000293039e+03 1.896871071949135512e-05
6.441200000000293585e+03 1.985631752177141607e-05
6.442100000000293221e+03 2.015515019593294710e-05
6.443000000000292857e+03 2.012118056882172823e-05
6.443900000000293403e+03 2.006117392738815397e-05
6.444800000000293949e+03 2.012517325056251138e-05
6.445700000000293585e+03 2.028308699664194137e-05
6.446600000000293221e+03 2.030149698839522898e-05
6.447500000000293767e+03 1.979932676476892084e-05
6.448400000000294312e+03 1.852925743150990456e-05
6.449300000000293949e+03 1.708780291664879769e-05
6.450200000000293585e+03 1.680392233538441360e-05
6.451100000000294131e+03 1.784042797225993127e-05
6.452000000000294676e+03 1.901316500152461231e-05
6.452900000000294312e+03 1.966964737221132964e-05
6.453800000000293949e+03 1.971256642718799412e-05
6.454700000000294494e+03 1.923394847835879773e-05
6.455600000000295040e+03 1.881872231024317443e-05
6.456500000000294676e+03 1.899662129289936274e-05
6.457400000000294312e+03 1.957589847734197974e-05
6.458300000000294858e+03 2.006996692216489464e-05
6.459200000000295404e+03 2.028937160503119230e-05
6.460100000000295040e+03 2.014585516008082777e-05
6.461000000000294676e+03 1.935831278387922794e-05
6.461900000000295222e+03 1.811208858271129429e-05
6.462800000000295768e+03 1.758214602887164801e-05
6.463700000000295404e+03 1.827476444304920733e-05
6.464600000000295040e+03 1.919500027725007385e-05
6.465500000000295586e+03 1.968250580830499530e-05
6.466400000000296131e+03 1.990099008253309876e-05
6.467300000000295768e+03 1.999944288400001824e-05
6.468200000000295404e+03 1.986312599910888821e-05
6.469100000000295950e+03 1.956450978468637913e-05
6.470000000000296495e+03 1.929361860675271600e-05
6.470900000000296131e+03 1.903653355839196593e-05
6.471800000000295768e+03 1.905446515593212098e-05
6.472700000000296313e+03 1.946804513863753527e-05
6.473600000000296859e+03 1.969996083062142134e-05
6.474500000000296495e+03 1.949096258613280952e-05
6.475400000000296131e+03 1.932054510689340532e-05
6.476300000000296677e+03 1.952216916834004223e-05
6.477200000000297223e+03 1.975913983187638223e-05
6.478100000000296859e+03 1.973866528715007007e-05
6.479000000000296495e+03 1.967105345102027059e-05
6.479900000000297041e+03 1.956152300408575684e-05
6.480800000000297587e+03 1.908400736283510923e-05
6.481700000000297223e+03 1.841676203184761107e-05
6.482600000000296859e+03 1.820415491238236427e-05
6.483500000000297405e+03 1.857495408330578357e-05
6.484400000000297950e+03 1.905785939015913755e-05
6.485300000000297587e+03 1.934020110638812184e-05
6.486200000000297223e+03 1.947102464328054339e-05
6.487100000000297769e+03 1.956996675289701670e-05
6.488000000000298314e+03 1.959638939297292382e-05
6.488900000000297950e+03 1.943736606335733086e-05
6.489800000000297587e+03 1.913776031869929284e-05
6.490700000000298132e+03 1.892216278065461665e-05
6.491600000000298678e+03 1.876331771200057119e-05
6.492500000000298314e+03 1.817487100197467953e-05
6.493400000000297950e+03 1.686681389401201159e-05
6.494300000000298496e+03 1.563793193781748414e-05
6.495200000000299042e+03 1.543939652037806809e-05
6.496100000000298678e+03 1.607605554454494268e-05
6.497000000000298314e+03 1.687489566393196583e-05
6.497900000000298860e+03 1.739350409479811788e-05
6.498800000000299406e+03 1.752499701979104429e-05
6.499700000000299042e+03 1.775922646629624069e-05
6.500600000000298678e+03 1.826327206799760461e-05
6.501500000000299224e+03 1.867794162535574287e-05
6.502400000000299769e+03 1.891311512736137956e-05
6.503300000000299406e+03 1.905196404550224543e-05
6.504200000000299042e+03 1.916569271998014301e-05
6.505100000000299588e+03 1.934212014020886272e-05
6.506000000000300133e+03 1.948545832419767976e-05
6.506900000000299769e+03 1.939311005116906017e-05
6.507800000000299406e+03 1.909310049086343497e-05
6.508700000000299951e+03 1.893216358439531177e-05
6.509600000000300497e+03 1.909805541799869388e-05
6.510500000000300133e+03 1.936649459821637720e-05
6.511400000000299769e+03 1.946720476553309709e-05
6.512300000000300315e+03 1.944943687703926116e-05
6.513200000000300861e+03 1.944369796547107399e-05
6.514100000000300497e+03 1.934618740051519126e-05
6.515000000000300133e+03 1.911704202939290553e-05
6.515900000000300679e+03 1.893006810860242695e-05
6.516800000000301225e+03 1.879020601336378604e-05
6.517700000000300861e+03 1.856734525063075125e-05
6.518600000000300497e+03 1.848194915510248393e-05
6.519500000000301043e+03 1.881316347862593830e-05
6.520400000000301588e+03 1.928920391947031021e-05
6.521300000000301225e+03 1.950961996044497937e-05
6.522200000000300861e+03 1.949277066159993410e-05
6.523100000000301407e+03 1.947780037880875170e-05
6.524000000000301952e+03 1.956496271304786205e-05
6.524900000000301588e+03 1.955530933628324419e-05
6.525800000000301225e+03 1.924355274240951985e-05
6.526700000000301770e+03 1.887194048322271556e-05
6.527600000000302316e+03 1.884788616735022515e-05
6.528500000000301952e+03 1.912810148496646434e-05
6.529400000000301588e+03 1.939075809787027538e-05
6.530300000000302134e+03 1.941061600518878549e-05
6.531200000000302680e+03 1.914905442390590906e-05
6.532100000000302316e+03 1.882961078081279993e-05
6.533000000000301952e+03 1.873702785815112293e-05
6.533900000000302498e+03 1.897596666822209954e-05
6.534800000000303044e+03 1.938379682542290539e-05
6.535700000000302680e+03 1.959673318197019398e-05
6.536600000000302316e+03 1.946777956618461758e-05
6.537500000000302862e+03 1.930815597006585449e-05
6.538400000000303407e+03 1.944083669513929635e-05
6.539300000000303044e+03 1.973593134607654065e-05
6.540200000000302680e+03 1.983962465601507574e-05
6.541100000000303226e+03 1.964250623132102191e-05
6.542000000000303771e+03 1.932782652147579938e-05
6.542900000000303407e+03 1.909569800773169845e-05
6.543800000000303044e+03 1.897328365885186940e-05
6.544700000000303589e+03 1.870956657512579113e-05
6.545600000000304135e+03 1.823233105824328959e-05
6.546500000000303771e+03 1.805202555260621011e-05
6.547400000000303407e+03 1.842725396272726357e-05
6.548300000000303953e+03 1.892700493044685572e-05
6.549200000000304499e+03 1.916070323204621673e-05
6.550100000000304135e+03 1.906387296912726015e-05
6.551000000000303771e+03 1.883053664641920477e-05
6.551900000000304317e+03 1.868807885330170393e-05
6.552800000000304863e+03 1.855200935096945614e-05
6.553700000000304499e+03 1.821726255002431571e-05
6.554600000000304135e+03 1.779560079739894718e-05
6.555500000000304681e+03 1.761536259436979890e-05
6.556400000000305226e+03 1.782356775947846472e-05
6.557300000000304863e+03 1.816753501771017909e-05
6.558200000000304499e+03 1.832219095376785845e-05
6.559100000000305045e+03 1.823118145694024861e-05
6.560000000000305590e+03 1.779163903847802430e-05
6.560900000000305226e+03 1.639196671021636575e-05
6.561800000000304863e+03 1.385115774610312656e-05
6.562700000000305408e+03 1.215036445501027629e-05
6.563600000000305954e+03 1.328727830696152523e-05
6.564500000000305590e+03 1.589755993336439133e-05
6.565400000000305226e+03 1.768563197401817888e-05
6.566300000000305772e+03 1.844656435423530638e-05
6.567200000000306318e+03 1.870304367912467569e-05
6.568100000000305954e+03 1.849615728133358061e-05
6.569000000000305590e+03 1.809497189242392778e-05
6.569900000000306136e+03 1.803407576517201960e-05
6.570800000000306682e+03 1.821435216697864234e-05
6.571700000000306318e+03 1.815532596083357930e-05
6.572600000000305954e+03 1.784113737812731415e-05
6.573500000000306500e+03 1.759962833602912724e-05
6.574400000000307045e+03 1.758743201207835227e-05
6.575300000000306682e+03 1.792785224097315222e-05
6.576200000000306318e+03 1.855200207501184195e-05
6.577100000000306864e+03 1.907405203382950276e-05
6.578000000000307409e+03 1.926471486513037235e-05
6.578900000000307045e+03 1.913558116939384490e-05
6.579800000000306682e+03 1.876882924989331514e-05
6.580700000000307227e+03 1.842747587943449616e-05
6.581600000000307773e+03 1.844547477958258241e-05
6.582500000000307409e+03 1.873175278888083994e-05
6.583400000000307045e+03 1.895806963148061186e-05
6.584300000000307591e+03 1.899599737953394651e-05
6.585200000000308137e+03 1.886948848550673574e-05
6.586100000000307773e+03 1.877579234133008868e-05
6.587000000000307409e+03 1.895820605568587780e-05
6.587900000000307955e+03 1.924706157296895981e-05
6.588800000000308501e+03 1.937524393724743277e-05
6.589700000000308137e+03 1.937158049258869141e-05
6.590600000000307773e+03 1.913747655635233968e-05
6.591500000000308319e+03 1.838066964410245419e-05
6.592400000000308864e+03 1.733749559207353741e-05
6.593300000000308501e+03 1.691834040684625506e-05
6.594200000000308137e+03 1.751113995851483196e-05
6.595100000000308683e+03 1.836457158788107336e-05
6.596000000000309228e+03 1.875414272944908589e-05
6.596900000000308864e+03 1.867612991190981120e-05
6.597800000000308501e+03 1.844409962359350175e-05
6.598700000000309046e+03 1.842770689108874649e-05
6.599600000000309592e+03 1.876726310001686215e-05
6.600500000000309228e+03 1.918854468385688961e-05
6.601400000000308864e+03 1.938876266649458557e-05
6.602300000000309410e+03 1.935612090164795518e-05
6.603200000000309956e+03 1.917270310514140874e-05
6.604100000000309592e+03 1.888951010187156498e-05
6.605000000000309228e+03 1.862385397544130683e-05
6.605900000000309774e+03 1.849272302933968604e-05
6.606800000000310320e+03 1.841404628066811711e-05
6.607700000000309956e+03 1.817105658119544387e-05
6.608600000000309592e+03 1.784992491593584418e-05
6.609500000000310138e+03 1.795379284885711968e-05
6.610400000000310683e+03 1.858528048614971340e-05
6.611300000000310320e+03 1.913530286401510239e-05
6.612200000000309956e+03 1.918714224302675575e-05
6.613100000000310501e+03 1.897352012747433037e-05
6.614000000000311047e+03 1.897160473163239658e-05
6.614900000000310683e+03 1.923091440403368324e-05
6.615800000000310320e+03 1.935486397997010499e-05
6.616700000000310865e+03 1.922289447975344956e-05
6.617600000000311411e+03 1.909347156470175833e-05
6.618500000000311047e+03 1.914335734909400344e-05
6.619400000000310683e+03 1.930176040332298726e-05
6.620300000000311229e+03 1.941680784511845559e-05
6.621200000000311775e+03 1.939901630976237357e-05
6.622100000000311411e+03 1.922654337249696255e-05
6.623000000000311047e+03 1.886766585812438279e-05
6.623900000000311593e+03 1.840118420659564435e-05
6.624800000000312139e+03 1.818829696276225150e-05
6.625700000000311775e+03 1.844294092734344304e-05
6.626600000000311411e+03 1.877329850685782731e-05
6.627500000000311957e+03 1.886788959382101893e-05
6.628400000000312502e+03 1.883292497950606048e-05
6.629300000000312139e+03 1.874857116490602493e-05
6.630200000000311775e+03 1.864062323875259608e-05
6.631100000000312320e+03 1.847839484980795532e-05
6.632000000000312866e+03 1.814533970900811255e-05
6.632900000000312502e+03 1.767673529684543610e-05
6.633800000000312139e+03 1.743952088872902095e-05
6.634700000000312684e+03 1.774379597918596119e-05
6.635600000000313230e+03 1.833430906117428094e-05
6.636500000000312866e+03 1.878109651443082839e-05
6.637400000000312502e+03 1.894287561299279332e-05
6.638300000000313048e+03 1.882164906419347972e-05
6.639200000000313594e+03 1.859010262705851346e-05
6.640100000000313230e+03 1.860299380496144295e-05
6.641000000000312866e+03 1.884862649603746831e-05
6.641900000000313412e+03 1.878443072200752795e-05
6.642800000000313958e+03 1.829467692004982382e-05
6.643700000000313594e+03 1.803925806598272175e-05
6.644600000000313230e+03 1.835949296946637332e-05
6.645500000000313776e+03 1.873155997600406408e-05
6.646400000000314321e+03 1.875619454949628562e-05
6.647300000000313958e+03 1.863722718553617597e-05
6.648200000000313594e+03 1.868259823822882026e-05
6.649100000000314139e+03 1.882324977486860007e-05
6.650000000000314685e+03 1.882215474324766546e-05
6.650900000000314321e+03 1.869337938842363656e-05
6.651800000000313958e+03 1.859561598394066095e-05
6.652700000000314503e+03 1.857941970229148865e-05
6.653600000000315049e+03 1.860719748947303742e-05
6.654500000000314685e+03 1.867011997092049569e-05
6.655400000000314321e+03 1.868984691100195050e-05
6.656300000000314867e+03 1.863086436060257256e-05
6.657200000000315413e+03 1.863902980403508991e-05
6.658100000000315049e+03 1.870433698059059680e-05
6.659000000000314685e+03 1.866223647084552795e-05
6.659900000000315231e+03 1.850591797847300768e-05
6.660800000000315777e+03 1.834285103541333228e-05
6.661700000000315413e+03 1.810811590985395014e-05
6.662600000000315049e+03 1.770590097294189036e-05
6.663500000000315595e+03 1.751541094563435763e-05
6.664400000000316140e+03 1.777198303898330778e-05
6.665300000000315777e+03 1.803172744985204190e-05
6.666200000000315413e+03 1.806295404094271362e-05
6.667100000000315958e+03 1.802406586648430675e-05
6.668000000000316504e+03 1.810680623748339713e-05
6.668900000000316140e+03 1.836681076383683830e-05
6.669800000000315777e+03 1.867036553448997438e-05
6.670700000000316322e+03 1.885410347313154489e-05
6.671600000000316868e+03 1.887087455543223768e-05
6.672500000000316504e+03 1.881841126305516809e-05
6.673400000000316140e+03 1.879282899608369917e-05
6.674300000000316686e+03 1.882056676549836993e-05
6.675200000000317232e+03 1.881737625808455050e-05
6.676100000000316868e+03 1.845177030190825462e-05
6.677000000000316504e+03 1.760543455020524561e-05
6.677900000000317050e+03 1.698421874607447535e-05
6.678800000000317596e+03 1.729164068819954991e-05
6.679700000000317232e+03 1.801285179681144655e-05
6.680600000000316868e+03 1.835095645219553262e-05
6.681500000000317414e+03 1.837464333220850676e-05
6.682400000000317959e+03 1.843563040893059224e-05
6.683300000000317596e+03 1.856875314842909575e-05
6.684200000000317232e+03 1.866101774794515222e-05
6.685100000000317777e+03 1.868359140644315630e-05
6.686000000000318323e+03 1.864939622464589775e-05
6.686900000000317959e+03 1.856984636106062680e-05
6.687800000000317596e+03 1.852070090535562485e-05
6.688700000000318141e+03 1.857104871305637062e-05
6.689600000000318687e+03 1.864031764853280038e-05
6.690500000000318323e+03 1.865269223344512284e-05
6.691400000000317959e+03 1.863441138993948698e-05
6.692300000000318505e+03 1.863263605628162622e-05
6.693200000000319051e+03 1.864960358943790197e-05
6.694100000000318687e+03 1.853897992987185717e-05
6.695000000000318323e+03 1.813675407902337611e-05
6.695900000000318869e+03 1.767158937582280487e-05
6.696800000000319415e+03 1.755540870362892747e-05
6.697700000000319051e+03 1.773734948073979467e-05
6.698600000000318687e+03 1.801277903723530471e-05
6.699500000000319233e+03 1.835833063523750752e-05
6.700400000000319778e+03 1.862257704488001764e-05
6.701300000000319415e+03 1.866111415438354015e-05
6.702200000000319051e+03 1.848406282078940421e-05
6.703100000000319596e+03 1.815574432839639485e-05
6.704000000000320142e+03 1.792743933037854731e-05
6.704900000000319778e+03 1.801873440854251385e-05
6.705800000000319415e+03 1.829711254686117172e-05
6.706700000000319960e+03 1.848507054091896862e-05
6.707600000000320506e+03 1.850760600063949823e-05
6.708500000000320142e+03 1.844171856646426022e-05
6.709400000000319778e+03 1.830202199926134199e-05
6.710300000000320324e+03 1.818955388444010168e-05
6.711200000000320870e+03 1.818319287849590182e-05
6.712100000000320506e+03 1.811217043723445386e-05
6.713000000000320142e+03 1.792326656868681312e-05
6.713900000000320688e+03 1.773104850144591182e-05
6.714800000000321234e+03 1.751072340994141996e-05
6.715700000000320870e+03 1.719033753033727407e-05
6.716600000000320506e+03 1.680640889389906079e-05
6.717500000000321052e+03 1.671602694841567427e-05
6.718400000000321597e+03 1.721796070341952145e-05
6.719300000000321234e+03 1.786088796507101506e-05
6.720200000000320870e+03 1.811351648939307779e-05
6.721100000000321415e+03 1.801850157789885998e-05
6.722000000000321961e+03 1.797747790988069028e-05
6.722900000000321597e+03 1.817831980588380247e-05
6.723800000000321234e+03 1.834624163166154176e-05
6.724700000000321779e+03 1.822736521717160940e-05
6.725600000000322325e+03 1.796617289073765278e-05
6.726500000000321961e+03 1.787945802789181471e-05
6.727400000000321597e+03 1.802138831408228725e-05
6.728300000000322143e+03 1.819568387873005122e-05
6.729200000000322689e+03 1.832245652622077614e-05
6.730100000000322325e+03 1.842241545091383159e-05
6.731000000000321961e+03 1.843867357820272446e-05
6.731900000000322507e+03 1.832661837397608906e-05
6.732800000000323053e+03 1.816571239032782614e-05
6.733700000000322689e+03 1.810682624636683613e-05
6.734600000000322325e+03 1.820834768295753747e-05
6.735500000000322871e+03 1.835045077314134687e-05
6.736400000000323416e+03 1.832620182540267706e-05
6.737300000000323053e+03 1.806038744689431041e-05
6.738200000000322689e+03 1.776237877493258566e-05
6.739100000000323234e+03 1.773181793396361172e-05
6.740000000000323780e+03 1.797129698388744146e-05
6.740900000000323416e+03 1.813612652767915279e-05
6.741800000000323053e+03 1.798315497580915689e-05
6.742700000000323598e+03 1.775824603100772947e-05
6.743600000000324144e+03 1.779627382347825915e-05
6.744500000000323780e+03 1.796783544705249369e-05
6.745400000000323416e+03 1.797982622520066798e-05
6.746300000000323962e+03 1.786891880328767002e-05
6.747200000000324508e+03 1.778537080099340528e-05
6.748100000000324144e+03 1.772861469362396747e-05
6.749000000000323780e+03 1.763325053616426885e-05
6.749900000000324326e+03 1.759472070261836052e-05
6.750800000000324872e+03 1.771307688613887876e-05
6.751700000000324508e+03 1.774006523191928864e-05
6.752600000000324144e+03 1.760975465003866702e-05
6.753500000000324690e+03 1.766103378031402826e-05
6.754400000000325235e+03 1.787810651876498014e-05
6.755300000000324872e+03 1.803553459467366338e-05
6.756200000000324508e+03 1.820248144213110209e-05
6.757100000000325053e+03 1.840438017097767442e-05
6.758000000000325599e+03 1.852789500844664872e-05
6.758900000000325235e+03 1.858174982771743089e-05
6.759800000000324872e+03 1.860221709648612887e-05
6.760700000000325417e+03 1.854110814747400582e-05
6.761600000000325963e+03 1.843635072873439640e-05
6.762500000000325599e+03 1.843370955612044781e-05
6.763400000000325235e+03 1.848968349804636091e-05
6.764300000000325781e+03 1.844274629547726363e-05
6.765200000000326327e+03 1.824453283916227520e-05
6.766100000000325963e+03 1.793002229533158243e-05
6.767000000000325599e+03 1.766688728821463883e-05
6.767900000000326145e+03 1.767087996995542198e-05
6.768800000000326690e+03 1.787991459423210472e-05
6.769700000000326327e+03 1.796539072529412806e-05
6.770600000000325963e+03 1.784310916264075786e-05
6.771500000000326509e+03 1.780107959348242730e-05
6.772400000000327054e+03 1.801999496819917113e-05
6.773300000000326690e+03 1.836951378209050745e-05
6.774200000000326327e+03 1.866203638201113790e-05
6.775100000000326872e+03 1.879092633316759020e-05
6.776000000000327418e+03 1.873308065114542842e-05
6.776900000000327054e+03 1.858808900578878820e-05
6.777800000000326690e+03 1.856508788478095084e-05
6.778700000000327236e+03 1.870789674285333604e-05
6.779600000000327782e+03 1.878286821010988206e-05
6.780500000000327418e+03 1.863984289229847491e-05
6.781400000000327054e+03 1.831097506510559469e-05
6.782300000000327600e+03 1.785527456377167255e-05
6.783200000000328146e+03 1.740522020554635674e-05
6.784100000000327782e+03 1.719371721264906228e-05
6.785000000000327418e+03 1.727913877402897924e-05
6.785900000000327964e+03 1.751544914441183209e-05
6.786800000000328509e+03 1.783292282198090106e-05
6.787700000000328146e+03 1.814463030314072967e-05
6.788600000000327782e+03 1.824225910240784287e-05
6.789500000000328328e+03 1.818996861402411014e-05
6.790400000000328873e+03 1.823089223762508482e-05
6.791300000000328509e+03 1.828901440603658557e-05
6.792200000000328146e+03 1.815023279050365090e-05
6.793100000000328691e+03 1.788529516488779336e-05
6.794000000000329237e+03 1.777856232365593314e-05
6.794900000000328873e+03 1.785082349670119584e-05
6.795800000000328509e+03 1.791152135410811752e-05
6.796700000000329055e+03 1.795479874999728054e-05
6.797600000000329601e+03 1.800170139176771045e-05
6.798500000000329237e+03 1.803469785954803228e-05
6.799400000000328873e+03 1.811500806070398539e-05
6.800300000000329419e+03 1.823246020649094135e-05
6.801200000000329965e+03 1.834067734307609499e-05
6.802100000000329601e+03 1.835362672863993794e-05
6.803000000000329237e+03 1.821559089876245707e-05
6.803900000000329783e+03 1.810778121580369771e-05
6.804800000000330328e+03 1.816442818380892277e-05
6.805700000000329965e+03 1.817268093873281032e-05
6.806600000000329601e+03 1.807992885005660355e-05
6.807500000000330147e+03 1.812155096558853984e-05
6.808400000000330692e+03 1.821281512093264610e-05
6.809300000000330328e+03 1.811925358197186142e-05
6.810200000000329965e+03 1.801770849851891398e-05
6.811100000000330510e+03 1.809359855542425066e-05
6.812000000000331056e+03 1.820663419493939728e-05
6.812900000000330692e+03 1.818257987906690687e-05
6.813800000000330328e+03 1.795962816686369479e-05
6.814700000000330874e+03 1.775333112163934857e-05
6.815600000000331420e+03 1.790303758752997965e-05
6.816500000000331056e+03 1.828262611525133252e-05
6.817400000000330692e+03 1.847012754296883941e-05
6.818300000000331238e+03 1.833171154430601746e-05
6.819200000000331784e+03 1.805571628210600466e-05
6.820100000000331420e+03 1.792660623323172331e-05
6.821000000000331056e+03 1.808344313758425415e-05
6.821900000000331602e+03 1.835251168813556433e-05
6.822800000000332147e+03 1.851702472777105868e-05
6.823700000000331784e+03 1.856420567492023110e-05
6.824600000000331420e+03 1.858309587987605482e-05
6.825500000000331966e+03 1.856346170825418085e-05
6.826400000000332511e+03 1.839007745729759336e-05
6.827300000000332147e+03 1.805268948373850435e-05
6.828200000000331784e+03 1.781326500349678099e-05
6.829100000000332329e+03 1.791358954505994916e-05
6.830000000000332875e+03 1.821457954065408558e-05
6.830900000000332511e+03 1.839807555370498449e-05
6.831800000000332147e+03 1.835620969359297305e-05
6.832700000000332693e+03 1.827961023082025349e-05
6.833600000000333239e+03 1.835334114730358124e-05
6.834500000000332875e+03 1.847786370490211993e-05
6.835400000000332511e+03 1.846781378844752908e-05
6.836300000000333057e+03 1.832337693485897034e-05
6.837200000000333603e+03 1.814695860957726836e-05
6.838100000000333239e+03 1.791806244000326842e-05
6.839000000000332875e+03 1.761603016348090023e-05
6.839900000000333421e+03 1.730083022266626358e-05
6.840800000000333966e+03 1.702004010439850390e-05
6.841700000000333603e+03 1.691313991614151746e-05
6.842600000000333239e+03 1.711976256046909839e-05
6.843500000000333785e+03 1.754518598318099976e-05
6.844400000000334330e+03 1.797265213099308312e-05
6.845300000000333966e+03 1.821155819925479591e-05
6.846200000000333603e+03 1.826018706196919084e-05
6.847100000000334148e+03 1.826629886636510491e-05
6.848000000000334694e+03 1.825671097321901470e-05
6.848900000000334330e+03 1.819874705688562244e-05
6.849800000000333966e+03 1.812419213820248842e-05
6.850700000000334512e+03 1.809961213439237326e-05
6.851600000000335058e+03 1.817024349293205887e-05
6.852500000000334694e+03 1.825461004045791924e-05
6.853400000000334330e+03 1.808777960832230747e-05
6.854300000000334876e+03 1.761610656103584915e-05
6.855200000000335422e+03 1.728548159007914364e-05
6.856100000000335058e+03 1.736876220093108714e-05
6.857000000000334694e+03 1.756773963279556483e-05
6.857900000000335240e+03 1.769390109984669834e-05
6.858800000000335785e+03 1.778664045559708029e-05
6.859700000000335422e+03 1.767930007190443575e-05
6.860600000000335058e+03 1.733471799525432289e-05
6.861500000000335604e+03 1.716355836833827198e-05
6.862400000000336149e+03 1.751280251482967287e-05
6.863300000000335785e+03 1.810793037293478847e-05
6.864200000000335422e+03 1.842775054683443159e-05
6.865100000000335967e+03 1.833845271903555840e-05
6.866000000000336513e+03 1.799264828150626272e-05
6.866900000000336149e+03 1.755407174641732126e-05
6.867800000000335785e+03 1.730411895550787449e-05
6.868700000000336331e+03 1.748621070873923600e-05
6.869600000000336877e+03 1.785731728887185454e-05
6.870500000000336513e+03 1.795936259441077709e-05
6.871400000000336149e+03 1.776700992195401341e-05
6.872300000000336695e+03 1.762258034432306886e-05
6.873200000000337241e+03 1.769128903106320649e-05
6.874100000000336877e+03 1.778638761606998742e-05
6.875000000000336513e+03 1.778395744622685015e-05
6.875900000000337059e+03 1.784111009328626096e-05
6.876800000000337604e+03 1.806415639293845743e-05
6.877700000000337241e+03 1.828178756113629788e-05
6.878600000000336877e+03 1.831089502957183868e-05
6.879500000000337423e+03 1.817946576920803636e-05
6.880400000000337968e+03 1.789947782526724041e-05
6.881300000000337604e+03 1.751164199959021062e-05
6.882200000000337241e+03 1.725930087559390813e-05
6.883100000000337786e+03 1.740911102388054132e-05
6.884000000000338332e+03 1.782109211490023881e-05
6.884900000000337968e+03 1.799978235794696957e-05
6.885800000000337604e+03 1.792150760593358427e-05
6.886700000000338150e+03 1.802418955776374787e-05
6.887600000000338696e+03 1.830905421229545027e-05
6.888500000000338332e+03 1.845045153459068388e-05
6.889400000000337968e+03 1.849349428084678948e-05
6.890300000000338514e+03 1.859273106674663723e-05
6.891200000000339060e+03 1.859357143985107541e-05
6.892100000000338696e+03 1.843015888880472630e-05
6.893000000000338332e+03 1.835942566685844213e-05
6.893900000000338878e+03 1.836653609643690288e-05
6.894800000000339423e+03 1.821360820031259209e-05
6.895700000000339060e+03 1.804925705073401332e-05
6.896600000000338696e+03 1.815844916563946754e-05
6.897500000000339242e+03 1.840357617766130716e-05
6.898400000000339787e+03 1.844682992668822408e-05
6.899300000000339423e+03 1.826666084525641054e-05
6.900200000000339060e+03 1.816029180190525949e-05
6.901100000000339605e+03 1.829006760090123862e-05
6.902000000000340151e+03 1.846522900450509042e-05
6.902900000000339787e+03 1.848818283178843558e-05
6.903800000000339423e+03 1.840638833527918905e-05
6.904700000000339969e+03 1.832420457503758371e-05
6.905600000000340515e+03 1.833237001847010106e-05
6.906500000000340151e+03 1.846581471909303218e-05
6.907400000000339787e+03 1.859636358858551830e-05
6.908300000000340333e+03 1.865881677076686174e-05
6.909200000000340879e+03 1.870127562142442912e-05
6.910100000000340515e+03 1.865436024672817439e-05
6.911000000000340151e+03 1.850273656600620598e-05
6.911900000000340697e+03 1.834514114307239652e-05
6.912800000000341242e+03 1.813762901292648166e-05
6.913700000000340879e+03 1.791703471099026501e-05
6.914600000000340515e+03 1.792553666746243834e-05
6.915500000000341061e+03 1.805726788006722927e-05
6.916400000000341606e+03 1.803141276468522847e-05
6.917300000000341242e+03 1.800082463887520134e-05
6.918200000000340879e+03 1.813363996916450560e-05
6.919100000000341424e+03 1.835461625887546688e-05
6.920000000000341970e+03 1.856749258877243847e-05
6.920900000000341606e+03 1.871495078376028687e-05
6.921800000000341242e+03 1.874201188911683857e-05
6.922700000000341788e+03 1.854486072261352092e-05
6.923600000000342334e+03 1.810176945582497865e-05
6.924500000000341970e+03 1.765557317412458360e-05
6.925400000000341606e+03 1.751794843585230410e-05
6.926300000000342152e+03 1.777780926204286516e-05
6.927200000000342698e+03 1.818472992454189807e-05
6.928100000000342334e+03 1.841072844399604946e-05
6.929000000000341970e+03 1.845495171437505633e-05
6.929900000000342516e+03 1.845327642513439059e-05
6.930800000000343061e+03 1.841483026510104537e-05
6.931700000000342698e+03 1.826977859309408814e-05
6.932600000000342334e+03 1.803767554520163685e-05
6.933500000000342880e+03 1.801951293600723147e-05
6.934400000000343425e+03 1.826681909733451903e-05
6.935300000000343061e+03 1.843107747845351696e-05
6.936200000000342698e+03 1.840440017986111343e-05
6.937100000000343243e+03 1.835292641771957278e-05
6.938000000000343789e+03 1.838151547417510301e-05
6.938900000000343425e+03 1.851366323535330594e-05
6.939800000000343061e+03 1.870578853413462639e-05
6.940700000000343607e+03 1.881691241578664631e-05
6.941600000000344153e+03 1.873005021479912102e-05
6.942500000000343789e+03 1.847163184720557183e-05
6.943400000000343425e+03 1.812857954064384103e-05
6.944300000000343971e+03 1.778791011020075530e-05
6.945200000000344517e+03 1.770559538272209466e-05
6.946100000000344153e+03 1.802095903258305043e-05
6.947000000000343789e+03 1.839568176364991814e-05
6.947900000000344335e+03 1.860685188148636371e-05
6.948800000000344880e+03 1.868915933300741017e-05
6.949700000000344517e+03 1.858574796642642468e-05
6.950600000000344153e+03 1.827806408982723951e-05
6.951500000000344698e+03 1.802461520128417760e-05
6.952400000000345244e+03 1.794623494788538665e-05
6.953300000000344880e+03 1.793831688701175153e-05
6.954200000000344517e+03 1.801545658963732421e-05
6.955100000000345062e+03 1.822086778702214360e-05
6.956000000000345608e+03 1.847758539952337742e-05
6.956900000000345244e+03 1.862776298366952688e-05
6.957800000000344880e+03 1.863907527877017856e-05
6.958700000000345426e+03 1.860599149949848652e-05
6.959600000000345972e+03 1.858608447946608067e-05
6.960500000000345608e+03 1.862212047853972763e-05
6.961400000000345244e+03 1.869620609795674682e-05
6.962300000000345790e+03 1.875268389994744211e-05
6.963200000000346336e+03 1.879840965557377785e-05
6.964100000000345972e+03 1.875116868177428842e-05
6.965000000000345608e+03 1.852662171586416662e-05
6.965900000000346154e+03 1.836190131143666804e-05
6.966800000000346699e+03 1.855364098446443677e-05
6.967700000000346336e+03 1.891260217234957963e-05
6.968600000000345972e+03 1.905402496049646288e-05
6.969500000000346517e+03 1.888822771434206516e-05
6.970400000000347063e+03 1.861021155491471291e-05
6.971300000000346699e+03 1.852190325735136867e-05
6.972200000000346336e+03 1.872288339654915035e-05
6.973100000000346881e+03 1.888154656626284122e-05
6.974000000000347427e+03 1.870415144367143512e-05
6.974900000000347063e+03 1.835060720623005182e-05
6.975800000000346699e+03 1.801899998099543154e-05
6.976700000000347245e+03 1.757235077093355358e-05
6.977600000000347791e+03 1.693103513389360160e-05
6.978500000000347427e+03 1.655591222515795380e-05
6.979400000000347063e+03 1.694521597528364509e-05
6.980300000000347609e+03 1.773754411260597408e-05
6.981200000000348155e+03 1.833371788961812854e-05
6.982100000000347791e+03 1.867675928224343807e-05
6.983000000000347427e+03 1.887448706838767976e-05
6.983900000000347973e+03 1.893448643386363983e-05
6.984800000000348518e+03 1.891318970592692494e-05
6.985700000000348155e+03 1.886824793473351747e-05
6.986600000000347791e+03 1.881076241261325777e-05
6.987500000000348336e+03 1.869940024334937334e-05
6.988400000000348882e+03 1.849830368882976472e-05
6.989300000000348518e+03 1.836160481616389006e-05
6.990200000000348155e+03 1.846944724093191326e-05
6.991100000000348700e+03 1.872690154414158314e-05
6.992000000000349246e+03 1.890064595500007272e-05
6.992900000000348882e+03 1.887967482616659254e-05
6.993800000000348518e+03 1.872557550086639822e-05
6.994700000000349064e+03 1.864822661445941776e-05
6.995600000000349610e+03 1.872273787739686668e-05
6.996500000000349246e+03 1.881663774838671088e-05
6.997400000000348882e+03 1.880030322354286909e-05
6.998300000000349428e+03 1.852890090958680958e-05
6.999200000000349974e+03 1.808915658330079168e-05
7.000100000000349610e+03 1.792209150153212249e-05
7.001000000000349246e+03 1.820681791286915541e-05
7.001900000000349792e+03 1.858564246504101902e-05
7.002800000000350337e+03 1.859527765191160142e-05
7.003700000000349974e+03 1.828596759878564626e-05
7.004600000000349610e+03 1.803833038138691336e-05
7.005500000000350155e+03 1.798757148208096623e-05
7.006400000000350701e+03 1.807057742553297430e-05
7.007300000000350337e+03 1.824798164307139814e-05
7.008200000000349974e+03 1.848733154474757612e-05
7.009100000000350519e+03 1.863963188952766359e-05
7.010000000000351065e+03 1.856544804468285292e-05
7.010900000000350701e+03 1.840019649534951895e-05
7.011800000000350337e+03 1.839017750171478838e-05
7.012700000000350883e+03 1.853389039752073586e-05
7.013600000000351429e+03 1.854619949881453067e-05
7.014500000000351065e+03 1.814985625969711691e-05
7.015400000000350701e+03 1.741913001751527190e-05
7.016300000000351247e+03 1.700242864899337292e-05
7.017200000000351793e+03 1.741133746691048145e-05
7.018100000000351429e+03 1.820932811824604869e-05
7.019000000000351065e+03 1.875616544566582888e-05
7.019900000000351611e+03 1.896573303383775055e-05
7.020800000000352156e+03 1.896770845633000135e-05
7.021700000000351793e+03 1.869101470219902694e-05
7.022600000000351429e+03 1.814148708945140243e-05
7.023500000000351974e+03 1.765581873769406229e-05
7.024400000000352520e+03 1.759937003953382373e-05
7.025300000000352156e+03 1.792750299500767142e-05
7.026200000000351793e+03 1.827571031753905118e-05
7.027100000000352338e+03 1.845951555878855288e-05
7.028000000000352884e+03 1.855680056905839592e-05
7.028900000000352520e+03 1.865066587924957275e-05
7.029800000000352156e+03 1.872566281235776842e-05
7.030700000000352702e+03 1.871284621302038431e-05
7.031600000000353248e+03 1.860170959844253957e-05
7.032500000000352884e+03 1.850392436608672142e-05
7.033400000000352520e+03 1.848005558713339269e-05
7.034300000000353066e+03 1.852586865425109863e-05
7.035200000000353612e+03 1.870769119705073535e-05
7.036100000000353248e+03 1.879113005998078734e-05
7.037000000000352884e+03 1.840948243625462055e-05
7.037900000000353430e+03 1.783119660103693604e-05
7.038800000000353975e+03 1.784159030648879707e-05
7.039700000000353612e+03 1.857220377132762223e-05
7.040600000000353248e+03 1.935178443090990186e-05
7.041500000000353793e+03 1.973473990801721811e-05
7.042400000000354339e+03 1.975767736439593136e-05
7.043300000000353975e+03 1.949508077814243734e-05
7.044200000000353612e+03 1.907831210701260716e-05
7.045100000000354157e+03 1.886247264337725937e-05
7.046000000000354703e+03 1.903331394714768976e-05
7.046900000000354339e+03 1.937019987963140011e-05
7.047800000000353975e+03 1.963539034477435052e-05
7.048700000000354521e+03 1.972691825358197093e-05
7.049600000000355067e+03 1.963106114999391139e-05
7.050500000000354703e+03 1.936863372975494713e-05
7.051400000000354339e+03 1.884139965113718063e-05
7.052300000000354885e+03 1.810198773455340415e-05
7.053200000000355431e+03 1.754928234731778502e-05
7.054100000000355067e+03 1.738353603286668658e-05
7.055000000000354703e+03 1.754571894707623869e-05
7.055900000000355249e+03 1.791182876331731677e-05
7.056800000000355794e+03 1.822787271521519870e-05
7.057700000000355431e+03 1.825570325308945030e-05
7.058600000000355067e+03 1.789498674042988569e-05
7.059500000000355612e+03 1.737712227622978389e-05
7.060400000000356158e+03 1.716973565635271370e-05
7.061300000000355794e+03 1.736892954795621336e-05
7.062200000000355431e+03 1.762418469297699630e-05
7.063100000000355976e+03 1.783387051546014845e-05
7.064000000000356522e+03 1.805521787900943309e-05
7.064900000000356158e+03 1.811210313462652266e-05
7.065800000000355794e+03 1.787229120964184403e-05
7.066700000000356340e+03 1.741556116030551493e-05
7.067600000000356886e+03 1.694922866590786725e-05
7.068500000000356522e+03 1.684827839198987931e-05
7.069400000000356158e+03 1.729850009724032134e-05
7.070300000000356704e+03 1.790440182958263904e-05
7.071200000000357250e+03 1.819870340113993734e-05
7.072100000000356886e+03 1.820947181840892881e-05
7.073000000000356522e+03 1.820599209167994559e-05
7.073900000000357068e+03 1.823448474169708788e-05
7.074800000000357613e+03 1.821102341637015343e-05
7.075700000000357250e+03 1.815369796531740576e-05
7.076600000000356886e+03 1.815394534787628800e-05
7.077500000000357431e+03 1.823420461732894182e-05
7.078400000000357977e+03 1.831819281505886465e-05
7.079300000000357613e+03 1.840313780121505260e-05
7.080200000000357250e+03 1.852091736509464681e-05
7.081100000000357795e+03 1.849709042289759964e-05
7.082000000000358341e+03 1.814348797779530287e-05
7.082900000000357977e+03 1.746197995089460164e-05
7.083800000000357613e+03 1.671840800554491580e-05
7.084700000000358159e+03 1.642983625060878694e-05
7.085600000000358705e+03 1.670082201599143445e-05
7.086500000000358341e+03 1.692422847554553300e-05
7.087400000000357977e+03 1.684240669419523329e-05
7.088300000000358523e+03 1.671702011663001031e-05
7.089200000000359069e+03 1.662730392126832157e-05
7.090100000000358705e+03 1.656694985285867006e-05
7.091000000000358341e+03 1.664072442508768290e-05
7.091900000000358887e+03 1.670806886977516115e-05
7.092800000000359432e+03 1.668074219196569175e-05
7.093700000000359069e+03 1.669580706220585853e-05
7.094600000000358705e+03 1.671521022217348218e-05
7.095500000000359250e+03 1.670356868999078870e-05
7.096400000000359796e+03 1.673774750088341534e-05
7.097300000000359432e+03 1.685778443061280996e-05
7.098200000000359069e+03 1.711930053716059774e-05
7.099100000000359614e+03 1.741046798997558653e-05
7.100000000000360160e+03 1.745520967233460397e-05
7.100900000000359796e+03 1.729826362861786038e-05
7.101800000000359432e+03 1.709402749838773161e-05
7.102700000000359978e+03 1.704730311757884920e-05
7.103600000000360524e+03 1.724521462165284902e-05
7.104500000000360160e+03 1.751187483023386449e-05
7.105400000000359796e+03 1.754570439516101032e-05
7.106300000000360342e+03 1.731761403789278120e-05
7.107200000000360887e+03 1.713783422019332647e-05
7.108100000000360524e+03 1.718023850116878748e-05
7.109000000000360160e+03 1.721499938867054880e-05
7.109900000000360706e+03 1.701982182567007840e-05
7.110800000000361251e+03 1.675138446444179863e-05
7.111700000000360887e+03 1.671100471867248416e-05
7.112600000000360524e+03 1.693489866738673300e-05
7.113500000000361069e+03 1.718628300295677036e-05
7.114400000000361615e+03 1.731153861328493804e-05
7.115300000000361251e+03 1.738752325763925910e-05
7.116200000000360887e+03 1.744774453982245177e-05
7.117100000000361433e+03 1.741037704050540924e-05
7.118000000000361979e+03 1.732129385345615447e-05
7.118900000000361615e+03 1.726156006043311208e-05
7.119800000000361251e+03 1.724104731692932546e-05
7.120700000000361797e+03 1.716113001748453826e-05
7.121600000000362343e+03 1.698101004876662046e-05
7.122500000000361979e+03 1.696432082098908722e-05
7.123400000000361615e+03 1.714203972369432449e-05
7.124300000000362161e+03 1.710155083856079727e-05
7.125200000000362706e+03 1.676679130468983203e-05
7.126100000000362343e+03 1.651120146561879665e-05
7.127000000000361979e+03 1.656558015383780003e-05
7.127900000000362525e+03 1.674437226029112935e-05
7.128800000000363070e+03 1.669005723670125008e-05
7.129700000000362706e+03 1.630231236049439758e-05
7.130600000000362343e+03 1.597302070877049118e-05
7.131500000000362888e+03 1.605058059794828296e-05
7.132400000000363434e+03 1.640160917304456234e-05
7.133300000000363070e+03 1.677202635619323701e-05
7.134200000000362706e+03 1.700913890090305358e-05
7.135100000000363252e+03 1.704465466900728643e-05
7.136000000000363798e+03 1.708006129774730653e-05
7.136900000000363434e+03 1.720294494589325041e-05
7.137800000000363070e+03 1.714123027340974659e-05
7.138700000000363616e+03 1.687258009042125195e-05
7.139600000000364162e+03 1.678744774835649878e-05
7.140500000000363798e+03 1.701455585134681314e-05
7.141400000000363434e+03 1.718966632324736565e-05
7.142300000000363980e+03 1.713861092866864055e-05
7.143200000000364525e+03 1.706596594885922968e-05
7.144100000000364162e+03 1.705338036117609590e-05
7.145000000000363798e+03 1.706519651634152979e-05
7.145900000000364344e+03 1.701728615444153547e-05
7.146800000000364889e+03 1.666142816247884184e-05
7.147700000000364525e+03 1.614882057765498757e-05
7.148600000000364162e+03 1.605916077096480876e-05
7.149500000000364707e+03 1.641869675950147212e-05
7.150400000000365253e+03 1.678203261690214276e-05
7.151300000000364889e+03 1.707381670712493360e-05
7.152200000000364525e+03 1.739812796586193144e-05
7.153100000000365071e+03 1.756367782945744693e-05
7.154000000000365617e+03 1.738794344419147819e-05
7.154900000000365253e+03 1.711024924588855356e-05
7.155800000000364889e+03 1.718881867418531328e-05
7.156700000000365435e+03 1.752977914293296635e-05
7.157600000000365981e+03 1.760679151630029082e-05
7.158500000000365617e+03 1.735196383378934115e-05
7.159400000000365253e+03 1.708739910100121051e-05
7.160300000000365799e+03 1.704052920104004443e-05
7.161200000000366344e+03 1.723755667626392096e-05
7.162100000000365981e+03 1.736933336360380054e-05
7.163000000000365617e+03 1.704482565401121974e-05
7.163900000000366163e+03 1.637696550460532308e-05
7.164800000000366708e+03 1.599292954779230058e-05
7.165700000000366344e+03 1.626712582947220653e-05
7.166600000000365981e+03 1.690665158093906939e-05
7.167500000000366526e+03 1.743515531416051090e-05
7.168400000000367072e+03 1.761486964824143797e-05
7.169300000000366708e+03 1.752549724187701941e-05
7.170200000000366344e+03 1.748215618135873228e-05
7.171100000000366890e+03 1.763536056387238204e-05
7.172000000000367436e+03 1.783860898285638541e-05
7.172900000000367072e+03 1.791844806575682014e-05
7.173800000000366708e+03 1.782181971066165715e-05
7.174700000000367254e+03 1.752285606926307082e-05
7.175600000000367800e+03 1.717791928967926651e-05
7.176500000000367436e+03 1.715021062409505248e-05
7.177400000000367072e+03 1.749044713506009430e-05
7.178300000000367618e+03 1.768433503457345068e-05
7.179200000000368163e+03 1.736011654429603368e-05
7.180100000000367800e+03 1.675169551162980497e-05
7.181000000000367436e+03 1.644308395043481141e-05
7.181900000000367982e+03 1.678270018601324409e-05
7.182800000000368527e+03 1.742019776429515332e-05
7.183700000000368163e+03 1.774413067323621362e-05
7.184600000000367800e+03 1.765934757713694125e-05
7.185500000000368345e+03 1.732712007651571184e-05
7.186400000000368891e+03 1.677743966865818948e-05
7.187300000000368527e+03 1.627602250664494932e-05
7.188200000000368163e+03 1.619269642105791718e-05
7.189100000000368709e+03 1.644358781049959362e-05
7.190000000000369255e+03 1.682398942648433149e-05
7.190900000000368891e+03 1.711157528916373849e-05
7.191800000000368527e+03 1.705824797681998461e-05
7.192700000000369073e+03 1.683166192378848791e-05
7.193600000000369619e+03 1.684464950812980533e-05
7.194500000000369255e+03 1.713644996925722808e-05
7.195400000000368891e+03 1.729504765535239130e-05
7.196300000000369437e+03 1.711488766886759549e-05
7.197200000000369982e+03 1.696810795692726970e-05
7.198100000000369619e+03 1.712894663796760142e-05
7.199000000000369255e+03 1.735721161821857095e-05
7.199900000000369801e+03 1.736780905048362911e-05
7.200800000000370346e+03 1.716747101454529911e-05
7.201700000000369982e+03 1.700217399047687650e-05
7.202600000000369619e+03 1.714800055196974427e-05
7.203500000000370164e+03 1.750737283146008849e-05
7.204400000000370710e+03 1.771644019754603505e-05
7.205300000000370346e+03 1.744614201015792787e-05
7.206200000000369982e+03 1.670001438469626009e-05
7.207100000000370528e+03 1.603503369551617652e-05
7.208000000000371074e+03 1.598560265847481787e-05
7.208900000000370710e+03 1.640346818021498621e-05
7.209800000000370346e+03 1.700847678876016289e-05
7.210700000000370892e+03 1.753037395246792585e-05
7.211600000000371438e+03 1.763519321684725583e-05
7.212500000000371074e+03 1.739544677548110485e-05
7.213400000000370710e+03 1.714892823656555265e-05
7.214300000000371256e+03 1.703922498563770205e-05
7.215200000000371801e+03 1.704319947748444974e-05
7.216100000000371438e+03 1.720791078696493059e-05
7.217000000000371074e+03 1.755091398081276566e-05
7.217900000000371620e+03 1.780331149348057806e-05
7.218800000000372165e+03 1.774956399458460510e-05
7.219700000000371801e+03 1.752730349835474044e-05
7.220600000000371438e+03 1.737320053507573903e-05
7.221500000000371983e+03 1.733503449941053987e-05
7.222400000000372529e+03 1.730039184622000903e-05
7.223300000000372165e+03 1.732395685394294560e-05
7.224200000000371801e+03 1.754981349222362041e-05
7.225100000000372347e+03 1.782324216037523001e-05
7.226000000000372893e+03 1.794852141756564379e-05
7.226900000000372529e+03 1.792633520381059498e-05
7.227800000000372165e+03 1.774052543623838574e-05
7.228700000000372711e+03 1.757119389367289841e-05
7.229600000000373257e+03 1.766681634762790054e-05
7.230500000000372893e+03 1.794660238374490291e-05
7.231400000000372529e+03 1.817737029341515154e-05
7.232300000000373075e+03 1.829134998843073845e-05
7.233200000000373620e+03 1.836209048633463681e-05
7.234100000000373257e+03 1.834675458667334169e-05
7.235000000000372893e+03 1.816257099562790245e-05
7.235900000000373439e+03 1.794873605831526220e-05
7.236800000000373984e+03 1.787909423001110554e-05
7.237700000000373620e+03 1.789253474271390587e-05
7.238600000000373257e+03 1.785065433068666607e-05
7.239500000000373802e+03 1.779666490620002151e-05
7.240400000000374348e+03 1.792754665075335652e-05
7.241300000000373984e+03 1.817949851101730019e-05
7.242200000000373620e+03 1.826189691200852394e-05
7.243100000000374166e+03 1.802896986191626638e-05
7.244000000000374712e+03 1.763505861163139343e-05
7.244900000000374348e+03 1.742980748531408608e-05
7.245800000000373984e+03 1.762708598107565194e-05
7.246700000000374530e+03 1.805680585675872862e-05
7.247600000000375076e+03 1.839814467530231923e-05
7.248500000000374712e+03 1.844113467086572200e-05
7.249400000000374348e+03 1.817486736399587244e-05
7.250300000000374894e+03 1.775935925252269953e-05
7.251200000000375439e+03 1.746715679473709315e-05
7.252100000000375076e+03 1.749345028656534851e-05
7.253000000000374712e+03 1.771837378328200430e-05
7.253900000000375258e+03 1.789731140888761729e-05
7.254800000000375803e+03 1.799785059120040387e-05
7.255700000000375439e+03 1.816298026824370027e-05
7.256600000000375076e+03 1.838218486227560788e-05
7.257500000000375621e+03 1.906501165649387985e-05
7.258400000000376167e+03 1.838138268794864416e-05
7.259300000000375803e+03 1.809737477742601186e-05
7.260200000000375439e+03 1.756805431796237826e-05
7.261100000000375985e+03 1.710010837996378541e-05
7.262000000000376531e+03 1.724588946672156453e-05
7.262900000000376167e+03 1.781098399078473449e-05
7.263800000000375803e+03 1.820567740651313215e-05
7.264700000000376349e+03 1.834705108194611967e-05
7.265600000000376895e+03 1.841045195760671049e-05
7.266500000000376531e+03 1.850463740993291140e-05
7.267400000000376167e+03 1.856197923189029098e-05
7.268300000000376713e+03 1.849377804319374263e-05
7.269200000000377258e+03 1.835564580687787384e-05
7.270100000000376895e+03 1.818787859519943595e-05
7.271000000000376531e+03 1.805237479857169092e-05
7.271900000000377077e+03 1.803686427592765540e-05
7.272800000000377622e+03 1.811923175409901887e-05
7.273700000000377258e+03 1.825470826588571072e-05
7.274600000000376895e+03 1.840663571783807129e-05
7.275500000000377440e+03 1.853644971561152488e-05
7.276400000000377986e+03 1.854178299254272133e-05
7.277300000000377622e+03 1.835886359913274646e-05
7.278200000000377258e+03 1.816245639929547906e-05
7.279100000000377804e+03 1.810668254620395601e-05
7.280000000000378350e+03 1.807321314117871225e-05
7.280900000000377986e+03 1.786260509106796235e-05
7.281800000000377622e+03 1.752184289216529578e-05
7.282700000000378168e+03 1.728976167214568704e-05
7.283600000000378714e+03 1.725710535538382828e-05
7.284500000000378350e+03 1.743900429573841393e-05
7.285400000000377986e+03 1.781878199835773557e-05
7.286300000000378532e+03 1.810302455851342529e-05
7.287200000000379077e+03 1.797880395315587521e-05
7.288100000000378714e+03 1.757503559929318726e-05
7.289000000000378350e+03 1.772037649061530828e-05
7.289900000000378895e+03 1.723228160699363798e-05
7.290800000000379441e+03 1.707747287582606077e-05
7.291700000000379077e+03 1.695737591944634914e-05
7.292600000000378714e+03 1.709528260107617825e-05
7.293500000000379259e+03 1.750667252053972334e-05
7.294400000000379805e+03 1.803220766305457801e-05
7.295300000000379441e+03 1.849664113251492381e-05
7.296200000000379077e+03 1.874476947705261409e-05
7.297100000000379623e+03 1.862978569988626987e-05
7.298000000000380169e+03 1.831958434195257723e-05
7.298900000000379805e+03 1.810879075492266566e-05
7.299800000000379441e+03 1.811416223063133657e-05
7.300700000000379987e+03 1.826764491852372885e-05
7.301600000000380533e+03 1.838402567955199629e-05
7.302500000000380169e+03 1.840391269070096314e-05
7.303400000000379805e+03 1.848311148933134973e-05
7.304300000000380351e+03 1.861901546362787485e-05
7.305200000000380896e+03 1.858412542787846178e-05
7.306100000000380533e+03 1.834571776271332055e-05
7.307000000000380169e+03 1.809520290407817811e-05
7.307900000000380714e+03 1.805852843972388655e-05
7.308800000000381260e+03 1.826595325837843120e-05
7.309700000000380896e+03 1.835304465203080326e-05
7.310600000000380533e+03 1.815043833630625159e-05
7.311500000000381078e+03 1.806349791877437383e-05
7.312400000000381624e+03 1.828956555982585996e-05
7.313300000000381260e+03 1.859959593275561929e-05
7.314200000000380896e+03 1.874202280305325985e-05
7.315100000000381442e+03 1.863291799963917583e-05
7.316000000000381988e+03 1.843289282987825572e-05
7.316900000000381624e+03 1.833236092352308333e-05
7.317800000000381260e+03 1.835309558373410255e-05
7.318700000000381806e+03 1.847967359935864806e-05
7.319600000000382352e+03 1.859783333202358335e-05
7.320500000000381988e+03 1.863011857494711876e-05
7.321400000000381624e+03 1.865833655756432563e-05
7.322300000000382170e+03 1.860655356722418219e-05
7.323200000000382715e+03 1.837770287238527089e-05
7.324100000000382352e+03 1.805254578357562423e-05
7.325000000000381988e+03 1.770169365045148879e-05
7.325900000000382533e+03 1.756824531184975058e-05
7.326800000000383079e+03 1.792896546248812228e-05
7.327700000000382715e+03 1.844615144364070147e-05
7.328600000000382352e+03 1.862583849288057536e-05
7.329500000000382897e+03 1.852345667430199683e-05
7.330400000000383443e+03 1.844263351813424379e-05
7.331300000000383079e+03 1.846719533205032349e-05
7.332200000000382715e+03 1.849956424848642200e-05
7.333100000000383261e+03 1.850732951425015926e-05
7.334000000000383807e+03 1.856494600360747427e-05
7.334900000000383443e+03 1.873918336059432477e-05
7.335800000000383079e+03 1.898342088679783046e-05
7.336700000000383625e+03 1.914258427859749645e-05
7.337600000000384171e+03 1.913804590003564954e-05
7.338500000000383807e+03 1.909903221530839801e-05
7.339400000000383443e+03 1.915591928991489112e-05
7.340300000000383989e+03 1.928759957081638277e-05
7.341200000000384534e+03 1.932817576744128019e-05
7.342100000000384171e+03 1.909743332362268120e-05
7.343000000000383807e+03 1.861241798906121403e-05
7.343900000000384352e+03 1.820087345549836755e-05
7.344800000000384898e+03 1.823266211431473494e-05
7.345700000000384534e+03 1.859254189184866846e-05
7.346600000000384171e+03 1.893136322905775160e-05
7.347500000000384716e+03 1.911324034153949469e-05
7.348400000000385262e+03 1.908187368826474994e-05
7.349300000000384898e+03 1.878725379356183112e-05
7.350200000000384534e+03 1.841565972426906228e-05
7.351100000000385080e+03 1.829246684792451560e-05
7.352000000000385626e+03 1.842891651904210448e-05
7.352900000000385262e+03 1.850075932452455163e-05
7.353800000000384898e+03 1.826464540499728173e-05
7.354700000000385444e+03 1.779297235771082342e-05
7.355600000000385990e+03 1.743293069011997432e-05
7.356500000000385626e+03 1.754638833517674357e-05
7.357400000000385262e+03 1.809148307074792683e-05
7.358300000000385808e+03 1.869894913397729397e-05
7.359200000000386353e+03 1.898156006063800305e-05
7.360100000000385990e+03 1.877384420367889106e-05
7.361000000000385626e+03 1.827227606554515660e-05
7.361900000000386171e+03 1.784693085937760770e-05
7.362800000000386717e+03 1.778023943188600242e-05
7.363700000000386353e+03 1.802035330911166966e-05
7.364600000000385990e+03 1.836042247305158526e-05
7.365500000000386535e+03 1.859946496551856399e-05
7.366400000000387081e+03 1.874172085081227124e-05
7.367300000000386717e+03 1.888006772787775844e-05
7.368200000000386353e+03 1.893943954200949520e-05
7.369100000000386899e+03 1.895651439554058015e-05
7.370000000000387445e+03 1.910807259264402092e-05
7.370900000000387081e+03 1.928075107571203262e-05
7.371800000000386717e+03 1.927115772559773177e-05
7.372700000000387263e+03 1.911729123094119132e-05
7.373600000000387809e+03 1.895242894534021616e-05
7.374500000000387445e+03 1.880739728221669793e-05
7.375400000000387081e+03 1.872152097348589450e-05
7.376300000000387627e+03 1.880439413071144372e-05
7.377200000000388172e+03 1.905034150695428252e-05
7.378100000000387809e+03 1.928941856021992862e-05
7.379000000000387445e+03 1.932382838276680559e-05
7.379900000000387990e+03 1.910328683152329177e-05
7.380800000000388536e+03 1.873780274763703346e-05
7.381700000000388172e+03 1.843968675530049950e-05
7.382600000000387809e+03 1.833365604397840798e-05
7.383500000000388354e+03 1.825651816034223884e-05
7.384400000000388900e+03 1.800410609575919807e-05
7.385300000000388536e+03 1.768285437719896436e-05
7.386200000000388172e+03 1.750906449160538614e-05
7.387100000000388718e+03 1.746925227052997798e-05
7.388000000000389264e+03 1.738036735332570970e-05
7.388900000000388900e+03 1.727287235553376377e-05
7.389800000000388536e+03 1.753543801896739751e-05
7.390700000000389082e+03 1.794345917005557567e-05
7.391600000000389628e+03 1.812140544643625617e-05
7.392500000000389264e+03 1.803843042580410838e-05
7.393400000000388900e+03 1.802870065148454159e-05
7.394300000000389446e+03 1.826327752496581525e-05
7.395200000000389991e+03 1.850507396738976240e-05
7.396100000000389628e+03 1.856663038779515773e-05
7.397000000000389264e+03 1.849917498475406319e-05
7.397900000000389809e+03 1.835179500631056726e-05
7.398800000000390355e+03 1.811357469705399126e-05
7.399700000000389991e+03 1.790083297237288207e-05
7.400600000000389628e+03 1.793743649614043534e-05
7.401500000000390173e+03 1.828606946219224483e-05
7.402400000000390719e+03 1.874134613899514079e-05
7.403300000000390355e+03 1.905254612211138010e-05
7.404200000000389991e+03 1.907619480334687978e-05
7.405100000000390537e+03 1.890438761620316654e-05
7.406000000000391083e+03 1.877052091003861278e-05
7.406900000000390719e+03 1.870660162239801139e-05
7.407800000000390355e+03 1.852340210461989045e-05
7.408700000000390901e+03 1.824849277909379452e-05
7.409600000000391447e+03 1.811630863812752068e-05
