3.540500000000000000e+03 9.585963562130928040e-05
3.541400000000000091e+03 9.365161531604826450e-05
3.542300000000000182e+03 9.409442282048985362e-05
3.543200000000000273e+03 9.618943295208737254e-05
3.544100000000000364e+03 9.728541772346943617e-05
3.545000000000000455e+03 9.718948422232642770e-05
3.545900000000000546e+03 9.772180055733770132e-05
3.546800000000000637e+03 9.756354120327159762e-05
3.547700000000000728e+03 9.640557982493191957e-05
3.548600000000000819e+03 9.678572678240016103e-05
3.549500000000000909e+03 9.900135773932561278e-05
3.550400000000001000e+03 9.984606731450185180e-05
3.551300000000001091e+03 9.810461779125034809e-05
3.552200000000001182e+03 9.541246254229918122e-05
3.553100000000001273e+03 9.316382784163579345e-05
3.554000000000001364e+03 9.250067523680627346e-05
3.554900000000001455e+03 9.423449955647811294e-05
3.555800000000001546e+03 9.643879457144066691e-05
3.556700000000001637e+03 9.685686381999403238e-05
3.557600000000001728e+03 9.630632848711684346e-05
3.558500000000001819e+03 9.551277616992592812e-05
3.559400000000001910e+03 9.493584366282448173e-05
3.560300000000002001e+03 9.471650992054492235e-05
3.561200000000002092e+03 9.589397814124822617e-05
3.562100000000002183e+03 9.948992374120280147e-05
3.563000000000002274e+03 1.019721821649000049e-04
3.563900000000002365e+03 9.768497693585231900e-05
3.564800000000002456e+03 8.802683441899716854e-05
3.565700000000002547e+03 8.139714918797835708e-05
3.566600000000002638e+03 8.263422205345705152e-05
3.567500000000002728e+03 8.637036080472171307e-05
3.568400000000002819e+03 8.541753049939870834e-05
3.569300000000002910e+03 8.090882329270243645e-05
3.570200000000003001e+03 7.880559860495850444e-05
3.571100000000003092e+03 7.957356137922033668e-05
3.572000000000003183e+03 8.201124001061543822e-05
3.572900000000003274e+03 8.344878733623772860e-05
3.573800000000003365e+03 8.497090311720967293e-05
3.574700000000003456e+03 8.602138404967263341e-05
3.575600000000003547e+03 8.700753824086859822e-05
3.576500000000003638e+03 8.796932525001466274e-05
3.577400000000003729e+03 8.831412560539320111e-05
3.578300000000003820e+03 8.868382428772747517e-05
3.579200000000003911e+03 8.892589539755135775e-05
3.580100000000004002e+03 8.518160029780119658e-05
3.581000000000004093e+03 7.893369183875620365e-05
3.581900000000004184e+03 7.908515544841066003e-05
3.582800000000004275e+03 8.461943070869892836e-05
3.583700000000004366e+03 8.368467388208955526e-05
3.584600000000004457e+03 7.443822687491774559e-05
3.585500000000004547e+03 6.737348303431645036e-05
3.586400000000004638e+03 6.774504436179995537e-05
3.587300000000004729e+03 7.153744809329509735e-05
3.588200000000004820e+03 7.526697299908846617e-05
3.589100000000004911e+03 7.945963443489745259e-05
3.590000000000005002e+03 8.640527812531217933e-05
3.590900000000005093e+03 9.460236469749361277e-05
3.591800000000005184e+03 9.790988406166434288e-05
3.592700000000005275e+03 9.526388021185994148e-05
3.593600000000005366e+03 9.294742631027474999e-05
3.594500000000005457e+03 9.468261850997805595e-05
3.595400000000005548e+03 9.860231511993333697e-05
3.596300000000005639e+03 1.023790682666003704e-04
3.597200000000005730e+03 1.043011216097511351e-04
3.598100000000005821e+03 1.041690047713927925e-04
3.599000000000005912e+03 1.038357077050022781e-04
3.599900000000006003e+03 1.037720576277934015e-04
3.600800000000006094e+03 1.009649713523685932e-04
3.601700000000006185e+03 9.391362254973500967e-05
3.602600000000006276e+03 8.713814895600080490e-05
3.603500000000006366e+03 8.489147876389324665e-05
3.604400000000006457e+03 8.500256808474659920e-05
3.605300000000006548e+03 8.561948197893798351e-05
3.606200000000006639e+03 8.833870379021391273e-05
3.607100000000006730e+03 9.050862718140706420e-05
3.608000000000006821e+03 8.706114022061228752e-05
3.608900000000006912e+03 8.063187851803377271e-05
3.609800000000007003e+03 7.826659566489979625e-05
3.610700000000007094e+03 8.175020047929137945e-05
3.611600000000007185e+03 8.589668141212314367e-05
3.612500000000007276e+03 8.545979653717949986e-05
3.613400000000007367e+03 8.416357741225510836e-05
3.614300000000007458e+03 8.852557948557659984e-05
3.615200000000007549e+03 9.577995660947635770e-05
3.616100000000007640e+03 9.863573359325528145e-05
3.617000000000007731e+03 9.333351044915616512e-05
3.617900000000007822e+03 8.251606777776032686e-05
3.618800000000007913e+03 7.588429434690624475e-05
3.619700000000008004e+03 7.867363456171005964e-05
3.620600000000008095e+03 8.464793791063129902e-05
3.621500000000008185e+03 8.975064702099189162e-05
3.622400000000008276e+03 9.425966709386557341e-05
3.623300000000008367e+03 9.515811689198017120e-05
3.624200000000008458e+03 9.464520553592592478e-05
3.625100000000008549e+03 9.971429972210898995e-05
3.626000000000008640e+03 1.079584180843085051e-04
3.626900000000008731e+03 1.116175772040151060e-04
3.627800000000008822e+03 1.105428746086545289e-04
3.628700000000008913e+03 1.074501560651697218e-04
3.629600000000009004e+03 9.886784391710534692e-05
3.630500000000009095e+03 8.466803410556167364e-05
3.631400000000009186e+03 7.531139999628067017e-05
3.632300000000009277e+03 7.735888357274234295e-05
3.633200000000009368e+03 8.367803820874541998e-05
3.634100000000009459e+03 8.694699499756097794e-05
3.635000000000009550e+03 8.910490578273311257e-05
3.635900000000009641e+03 9.224266250384971499e-05
3.636800000000009732e+03 9.502925240667536855e-05
3.637700000000009823e+03 9.842133295023813844e-05
3.638600000000009913e+03 1.031314750434830785e-04
3.639500000000010004e+03 1.057231929735280573e-04
3.640400000000010095e+03 1.043458978529088199e-04
3.641300000000010186e+03 1.013896398944780231e-04
3.642200000000010277e+03 9.814561053644865751e-05
3.643100000000010368e+03 9.456508996663615108e-05
3.644000000000010459e+03 9.101418254431337118e-05
3.644900000000010550e+03 8.915959915611892939e-05
3.645800000000010641e+03 9.005797619465738535e-05
3.646700000000010732e+03 9.066811617230996490e-05
3.647600000000010823e+03 8.880407403921708465e-05
3.648500000000010914e+03 8.741274359636008739e-05
3.649400000000011005e+03 8.791365689830854535e-05
3.650300000000011096e+03 9.031020454131066799e-05
3.651200000000011187e+03 9.495689300820231438e-05
3.652100000000011278e+03 1.010975611279718578e-04
3.653000000000011369e+03 1.058003908838145435e-04
3.653900000000011460e+03 1.066424956661649048e-04
3.654800000000011551e+03 1.053113301168195903e-04
3.655700000000011642e+03 1.054540844052098691e-04
3.656600000000011732e+03 1.080446818377822638e-04
3.657500000000011823e+03 1.106288837036117911e-04
3.658400000000011914e+03 1.114221231546252966e-04
3.659300000000012005e+03 1.105268675019033253e-04
3.660200000000012096e+03 1.096392370527610183e-04
3.661100000000012187e+03 1.088823482859879732e-04
3.662000000000012278e+03 1.065372125594876707e-04
3.662900000000012369e+03 1.029604973155073822e-04
3.663800000000012460e+03 1.008791587082669139e-04
3.664700000000012551e+03 1.028022888931445777e-04
3.665600000000012642e+03 1.059437272488139570e-04
3.666500000000012733e+03 1.061388102243654430e-04
3.667400000000012824e+03 1.041732393787242472e-04
3.668300000000012915e+03 1.000803677015937865e-04
3.669200000000013006e+03 9.528872033115476370e-05
3.670100000000013097e+03 9.550579125061631203e-05
3.671000000000013188e+03 1.019153496599756181e-04
3.671900000000013279e+03 1.083316237782128155e-04
3.672800000000013370e+03 1.091821541194804013e-04
3.673700000000013461e+03 1.064505122485570610e-04
3.674600000000013551e+03 1.061221919371746480e-04
3.675500000000013642e+03 1.063256131601519883e-04
3.676400000000013733e+03 1.014125082292594016e-04
3.677300000000013824e+03 9.489838703302666545e-05
3.678200000000013915e+03 9.293684706790372729e-05
3.679100000000014006e+03 9.339665848528966308e-05
3.680000000000014097e+03 9.418692206963896751e-05
3.680900000000014188e+03 9.696524648461490870e-05
3.681800000000014279e+03 9.994361607823520899e-05
3.682700000000014370e+03 1.013578221318311989e-04
3.683600000000014461e+03 1.015138768707402050e-04
3.684500000000014552e+03 9.837688412517309189e-05
3.685400000000014643e+03 9.273515024688094854e-05
3.686300000000014734e+03 8.830139267956838012e-05
3.687200000000014825e+03 8.782193617662414908e-05
3.688100000000014916e+03 9.256767953047528863e-05
3.689000000000015007e+03 9.981785842683166265e-05
3.689900000000015098e+03 1.053193627740256488e-04
3.690800000000015189e+03 1.086390402633696795e-04
3.691700000000015280e+03 1.108240539906546474e-04
3.692600000000015370e+03 1.108529540942981839e-04
3.693500000000015461e+03 1.082880553440190852e-04
3.694400000000015552e+03 1.065487740561366081e-04
3.695300000000015643e+03 1.056655819411389530e-04
3.696200000000015734e+03 1.021905263769440353e-04
3.697100000000015825e+03 9.995397704187780619e-05
3.698000000000015916e+03 1.054326421581208706e-04
3.698900000000016007e+03 1.160802639788016677e-04
3.699800000000016098e+03 1.225747691933065653e-04
3.700700000000016189e+03 1.212956849485635757e-04
3.701600000000016280e+03 1.153911289293318987e-04
3.702500000000016371e+03 1.064291500370018184e-04
3.703400000000016462e+03 9.568069071974605322e-05
3.704300000000016553e+03 8.760645141592249274e-05
3.705200000000016644e+03 8.519775292370468378e-05
3.706100000000016735e+03 8.856390195433050394e-05
3.707000000000016826e+03 9.481059532845392823e-05
3.707900000000016917e+03 9.882084850687533617e-05
3.708800000000017008e+03 9.881282312562689185e-05
3.709700000000017099e+03 9.728214354254305363e-05
3.710600000000017189e+03 9.574517753208056092e-05
3.711500000000017280e+03 9.487134957453235984e-05
3.712400000000017371e+03 9.984678763430565596e-05
3.713300000000017462e+03 1.118799846153706312e-04
3.714200000000017553e+03 1.212785718962550163e-04
3.715100000000017644e+03 1.229920744663104415e-04
3.716000000000017735e+03 1.242239668499678373e-04
3.716900000000017826e+03 1.280699652852490544e-04
3.717800000000017917e+03 1.264033198822289705e-04
3.718700000000018008e+03 1.145964779425412416e-04
3.719600000000018099e+03 9.811091877054423094e-05
3.720500000000018190e+03 8.353313023690134287e-05
3.721400000000018281e+03 7.507482951041311026e-05
3.722300000000018372e+03 7.758576975902542472e-05
3.723200000000018463e+03 9.075007983483374119e-05
3.724100000000018554e+03 1.069528807420283556e-04
3.725000000000018645e+03 1.202380008180625737e-04
3.725900000000018736e+03 1.239284028997644782e-04
3.726800000000018827e+03 1.159541643573902547e-04
3.727700000000018917e+03 1.108559081330895424e-04
3.728600000000019008e+03 1.177060621557757258e-04
3.729500000000019099e+03 1.233105867868289351e-04
3.730400000000019190e+03 1.182883279398083687e-04
3.731300000000019281e+03 1.079432986443862319e-04
3.732200000000019372e+03 9.505290654487907887e-05
3.733100000000019463e+03 8.008158329175785184e-05
3.734000000000019554e+03 6.901631422806531191e-05
3.734900000000019645e+03 6.805840530432760715e-05
3.735800000000019736e+03 7.494925375794991851e-05
3.736700000000019827e+03 8.412075840169563890e-05
3.737600000000019918e+03 9.648018021835014224e-05
3.738500000000020009e+03 1.110015946323983371e-04
3.739400000000020100e+03 1.227782049681991339e-04
3.740300000000020191e+03 1.301167212659493089e-04
3.741200000000020282e+03 1.312696986133232713e-04
3.742100000000020373e+03 1.257310941582545638e-04
3.743000000000020464e+03 1.179526661871932447e-04
3.743900000000020555e+03 1.133489276980981231e-04
3.744800000000020646e+03 1.088256613002158701e-04
3.745700000000020736e+03 1.013765577226877213e-04
3.746600000000020827e+03 9.497260907664895058e-05
3.747500000000020918e+03 8.667109068483114243e-05
3.748400000000021009e+03 7.367484067799523473e-05
3.749300000000021100e+03 6.468225183198228478e-05
3.750200000000021191e+03 6.886927440064027905e-05
3.751100000000021282e+03 8.436878852080553770e-05
3.752000000000021373e+03 1.014258377836085856e-04
3.752900000000021464e+03 1.147321891039609909e-04
3.753800000000021555e+03 1.269417407456785440e-04
3.754700000000021646e+03 1.390668912790715694e-04
3.755600000000021737e+03 1.450627023587003350e-04
3.756500000000021828e+03 1.377743610646575689e-04
3.757400000000021919e+03 1.210115733556449413e-04
3.758300000000022010e+03 1.096273190341889858e-04
3.759200000000022101e+03 1.104896145989187062e-04
3.760100000000022192e+03 1.167488444480113685e-04
3.761000000000022283e+03 1.217794124386273324e-04
3.761900000000022374e+03 1.257586991414427757e-04
3.762800000000022465e+03 1.277235714951530099e-04
3.763700000000022555e+03 1.275669346796348691e-04
3.764600000000022646e+03 1.285883627133443952e-04
3.765500000000022737e+03 1.262431906070560217e-04
3.766400000000022828e+03 1.165693538496270776e-04
3.767300000000022919e+03 1.074479660019278526e-04
3.768200000000023010e+03 1.030811254167929292e-04
3.769100000000023101e+03 9.672725718701258302e-05
3.770000000000023192e+03 8.786524995230138302e-05
3.770900000000023283e+03 8.760840864852070808e-05
3.771800000000023374e+03 9.982877236325293779e-05
3.772700000000023465e+03 1.140374515671283007e-04
3.773600000000023556e+03 1.209885085700079799e-04
3.774500000000023647e+03 1.227839238708838820e-04
3.775400000000023738e+03 1.256806426681578159e-04
3.776300000000023829e+03 1.321974123129621148e-04
3.777200000000023920e+03 1.397050509694963694e-04
3.778100000000024011e+03 1.451245188945904374e-04
3.779000000000024102e+03 1.512287562945857644e-04
3.779900000000024193e+03 1.589688763488084078e-04
3.780800000000024284e+03 1.626861630938947201e-04
3.781700000000024374e+03 1.611657789908349514e-04
3.782600000000024465e+03 1.602316187927499413e-04
3.783500000000024556e+03 1.637474779272451997e-04
3.784400000000024647e+03 1.655107625992968678e-04
3.785300000000024738e+03 1.552831672597676516e-04
3.786200000000024829e+03 1.393661077599972486e-04
3.787100000000024920e+03 1.316791749559342861e-04
3.788000000000025011e+03 1.303589815506711602e-04
3.788900000000025102e+03 1.281889271922409534e-04
3.789800000000025193e+03 1.271155924769118428e-04
3.790700000000025284e+03 1.301159936701878905e-04
3.791600000000025375e+03 1.324281765846535563e-04
3.792500000000025466e+03 1.279337884625419974e-04
3.793400000000025557e+03 1.180655526695773005e-04
3.794300000000025648e+03 1.083206734620034695e-04
3.795200000000025739e+03 1.013871005852706730e-04
3.796100000000025830e+03 9.411555220140144229e-05
3.797000000000025921e+03 8.317347237607464194e-05
3.797900000000026012e+03 7.533540338044986129e-05
3.798800000000026102e+03 8.006169809959828854e-05
3.799700000000026193e+03 9.542683255858719349e-05
3.800600000000026284e+03 1.115216509788297117e-04
3.801500000000026375e+03 1.236278767464682460e-04
3.802400000000026466e+03 1.352730323560535908e-04
3.803300000000026557e+03 1.457187900086864829e-04
3.804200000000026648e+03 1.504429528722539544e-04
3.805100000000026739e+03 1.490950817242264748e-04
3.806000000000026830e+03 1.436666207155212760e-04
3.806900000000026921e+03 1.398731546942144632e-04
3.807800000000027012e+03 1.449930277885869145e-04
3.808700000000027103e+03 1.564797275932505727e-04
3.809600000000027194e+03 1.670984784141182899e-04
3.810500000000027285e+03 1.729967771098017693e-04
3.811400000000027376e+03 1.715210237307474017e-04
3.812300000000027467e+03 1.604600547580048442e-04
3.813200000000027558e+03 1.448965340387076139e-04
3.814100000000027649e+03 1.354434643872082233e-04
3.815000000000027740e+03 1.342203177046030760e-04
3.815900000000027831e+03 1.392512203892692924e-04
3.816800000000027921e+03 1.502789964433759451e-04
3.817700000000028012e+03 1.596874499227851629e-04
3.818600000000028103e+03 1.582257245900109410e-04
3.819500000000028194e+03 1.467933616368100047e-04
3.820400000000028285e+03 1.375301944790408015e-04
3.821300000000028376e+03 1.413745339959859848e-04
3.822200000000028467e+03 1.509670255472883582e-04
3.823100000000028558e+03 1.494108437327668071e-04
3.824000000000028649e+03 1.355449057882651687e-04
3.824900000000028740e+03 1.242101570824161172e-04
3.825800000000028831e+03 1.212919232784770429e-04
3.826700000000028922e+03 1.208370304084382951e-04
3.827600000000029013e+03 1.194280121126212180e-04
3.828500000000029104e+03 1.178313905256800354e-04
3.829400000000029195e+03 1.167437512776814401e-04
3.830300000000029286e+03 1.147072107414714992e-04
3.831200000000029377e+03 1.073246457963250577e-04
3.832100000000029468e+03 9.493567631579935551e-05
3.833000000000029559e+03 8.369189163204282522e-05
3.833900000000029650e+03 7.535033364547416568e-05
3.834800000000029740e+03 7.043289224384352565e-05
3.835700000000029831e+03 7.269300112966448069e-05
3.836600000000029922e+03 8.092963253147900105e-05
3.837500000000030013e+03 8.847419667290523648e-05
3.838400000000030104e+03 9.344168211100623012e-05
3.839300000000030195e+03 9.833950753090903163e-05
3.840200000000030286e+03 1.045710523612797260e-04
3.841100000000030377e+03 1.149465315393172204e-04
3.842000000000030468e+03 1.283555902773514390e-04
3.842900000000030559e+03 1.378585729980841279e-04
3.843800000000030650e+03 1.422340137651190162e-04
3.844700000000030741e+03 1.437319733668118715e-04
3.845600000000030832e+03 1.442338543711230159e-04
3.846500000000030923e+03 1.486369874328374863e-04
3.847400000000031014e+03 1.566304126754403114e-04
3.848300000000031105e+03 1.588027371326461434e-04
3.849200000000031196e+03 1.528909197077155113e-04
3.850100000000031287e+03 1.504939573351293802e-04
3.851000000000031378e+03 1.583228295203298330e-04
3.851900000000031469e+03 1.674428785918280482e-04
3.852800000000031559e+03 1.694784732535481453e-04
3.853700000000031650e+03 1.676126848906278610e-04
3.854600000000031741e+03 1.643315772525966167e-04
3.855500000000031832e+03 1.598389353603124619e-04
3.856400000000031923e+03 1.599211245775222778e-04
3.857300000000032014e+03 1.629226899240165949e-04
3.858200000000032105e+03 1.586919534020125866e-04
3.859100000000032196e+03 1.510497677372768521e-04
3.860000000000032287e+03 1.527623535366728902e-04
3.860900000000032378e+03 1.638131070649251342e-04
3.861800000000032469e+03 1.735213154461234808e-04
3.862700000000032560e+03 1.765540946507826447e-04
3.863600000000032651e+03 1.763087202562019229e-04
3.864500000000032742e+03 1.751743111526593566e-04
3.865400000000032833e+03 1.728939532767981291e-04
3.866300000000032924e+03 1.718607236398383975e-04
3.867200000000033015e+03 1.738435385050252080e-04
3.868100000000033106e+03 1.771896204445511103e-04
3.869000000000033197e+03 1.783731568139046431e-04
3.869900000000033288e+03 1.752137177390977740e-04
3.870800000000033378e+03 1.663378934608772397e-04
3.871700000000033469e+03 1.522742677479982376e-04
3.872600000000033560e+03 1.424063084414228797e-04
3.873500000000033651e+03 1.468778791604563594e-04
3.874400000000033742e+03 1.605742727406322956e-04
3.875300000000033833e+03 1.702272711554542184e-04
3.876200000000033924e+03 1.689493801677599549e-04
3.877100000000034015e+03 1.560936943860724568e-04
3.878000000000034106e+03 1.405582006555050611e-04
3.878900000000034197e+03 1.394024875480681658e-04
3.879800000000034288e+03 1.503638486610725522e-04
3.880700000000034379e+03 1.538810320198535919e-04
3.881600000000034470e+03 1.452544674975797534e-04
3.882500000000034561e+03 1.364855852443724871e-04
3.883400000000034652e+03 1.345332566415891051e-04
3.884300000000034743e+03 1.314628898398950696e-04
3.885200000000034834e+03 1.195427175844088197e-04
3.886100000000034925e+03 1.045511380652897060e-04
3.887000000000035016e+03 9.440958092454820871e-05
3.887900000000035106e+03 8.674670243635773659e-05
3.888800000000035197e+03 8.121735299937427044e-05
3.889700000000035288e+03 8.571539365220814943e-05
3.890600000000035379e+03 1.000990378088317811e-04
3.891500000000035470e+03 1.159812236437574029e-04
3.892400000000035561e+03 1.272277004318311810e-04
3.893300000000035652e+03 1.326402416452765465e-04
3.894200000000035743e+03 1.346195494988933206e-04
3.895100000000035834e+03 1.358863810310140252e-04
3.896000000000035925e+03 1.404921786161139607e-04
3.896900000000036016e+03 1.472200674470514059e-04
3.897800000000036107e+03 1.493903546361252666e-04
3.898700000000036198e+03 1.475554745411500335e-04
3.899600000000036289e+03 1.481118088122457266e-04
3.900500000000036380e+03 1.570588938193395734e-04
3.901400000000036471e+03 1.681045105215162039e-04
3.902300000000036562e+03 1.678984262980520725e-04
3.903200000000036653e+03 1.613583444850519300e-04
3.904100000000036744e+03 1.589440944371744990e-04
3.905000000000036835e+03 1.551941822981461883e-04
3.905900000000036925e+03 1.499186764704063535e-04
3.906800000000037016e+03 1.533472241135314107e-04
3.907700000000037107e+03 1.649869082029908895e-04
3.908600000000037198e+03 1.762978645274415612e-04
3.909500000000037289e+03 1.833666174206882715e-04
3.910400000000037380e+03 1.875544403446838260e-04
3.911300000000037471e+03 1.900906790979206562e-04
3.912200000000037562e+03 1.882103388197720051e-04
3.913100000000037653e+03 1.814281713450327516e-04
3.914000000000037744e+03 1.771756360540166497e-04
3.914900000000037835e+03 1.779494341462850571e-04
3.915800000000037926e+03 1.761853345669806004e-04
3.916700000000038017e+03 1.715932739898562431e-04
3.917600000000038108e+03 1.689638011157512665e-04
3.918500000000038199e+03 1.670791243668645620e-04
3.919400000000038290e+03 1.651330385357141495e-04
3.920300000000038381e+03 1.643136056372895837e-04
3.921200000000038472e+03 1.664878509473055601e-04
3.922100000000038563e+03 1.714584650471806526e-04
3.923000000000038654e+03 1.772454270394518971e-04
3.923900000000038744e+03 1.811929832911118865e-04
3.924800000000038835e+03 1.779080048436298966e-04
3.925700000000038926e+03 1.693340891506522894e-04
3.926600000000039017e+03 1.614758512005209923e-04
3.927500000000039108e+03 1.519844954600557685e-04
3.928400000000039199e+03 1.390779943903908134e-04
3.929300000000039290e+03 1.245272578671574593e-04
3.930200000000039381e+03 1.088000353774987161e-04
3.931100000000039472e+03 9.183827933156862855e-05
3.932000000000039563e+03 7.249043119372799993e-05
3.932900000000039654e+03 5.394786421675235033e-05
3.933800000000039745e+03 4.699323835666291416e-05
3.934700000000039836e+03 5.763370427303016186e-05
3.935600000000039927e+03 8.003471157280728221e-05
3.936500000000040018e+03 1.038340415107086301e-04
3.937400000000040109e+03 1.223607250722125173e-04
3.938300000000040200e+03 1.371251128148287535e-04
3.939200000000040291e+03 1.515909680165350437e-04
3.940100000000040382e+03 1.611169282114133239e-04
3.941000000000040473e+03 1.615857036085799336e-04
3.941900000000040563e+03 1.582200056873261929e-04
3.942800000000040654e+03 1.546435814816504717e-04
3.943700000000040745e+03 1.515004696557298303e-04
3.944600000000040836e+03 1.556861243443563581e-04
3.945500000000040927e+03 1.690575882093980908e-04
3.946400000000041018e+03 1.782391191227361560e-04
3.947300000000041109e+03 1.735987607389688492e-04
3.948200000000041200e+03 1.646316814003512263e-04
3.949100000000041291e+03 1.635261869523674250e-04
3.950000000000041382e+03 1.691214274615049362e-04
3.950900000000041473e+03 1.721281441859900951e-04
3.951800000000041564e+03 1.681966678006574512e-04
3.952700000000041655e+03 1.653391518630087376e-04
3.953600000000041746e+03 1.717771374387666583e-04
3.954500000000041837e+03 1.776067656464874744e-04
3.955400000000041928e+03 1.703995512798428535e-04
3.956300000000042019e+03 1.578772644279524684e-04
3.957200000000042110e+03 1.554179907543584704e-04
3.958100000000042201e+03 1.635004300624132156e-04
3.959000000000042292e+03 1.711178629193454981e-04
3.959900000000042382e+03 1.678691478446125984e-04
3.960800000000042473e+03 1.527778949821367860e-04
3.961700000000042564e+03 1.367298827972263098e-04
3.962600000000042655e+03 1.283011370105668902e-04
3.963500000000042746e+03 1.241042482433840632e-04
3.964400000000042837e+03 1.174142162199132144e-04
3.965300000000042928e+03 1.046331744873896241e-04
3.966200000000043019e+03 8.607157360529527068e-05
3.967100000000043110e+03 6.562324415426701307e-05
3.968000000000043201e+03 4.897505277767777443e-05
3.968900000000043292e+03 4.229232217767275870e-05
3.969800000000043383e+03 4.772779720951803029e-05
3.970700000000043474e+03 6.183949153637513518e-05
3.971600000000043565e+03 7.897134491940960288e-05
3.972500000000043656e+03 9.392661741003394127e-05
3.973400000000043747e+03 1.053251398843713105e-04
3.974300000000043838e+03 1.166894653579220176e-04
3.975200000000043929e+03 1.286796323256567121e-04
3.976100000000044020e+03 1.373056729789823294e-04
3.977000000000044110e+03 1.438273175153881311e-04
3.977900000000044201e+03 1.529615838080644608e-04
3.978800000000044292e+03 1.641263079363852739e-04
3.979700000000044383e+03 1.733993558445945382e-04
3.980600000000044474e+03 1.755538105498999357e-04
3.981500000000044565e+03 1.700479042483493686e-04
3.982400000000044656e+03 1.650650374358519912e-04
3.983300000000044747e+03 1.659829722484573722e-04
3.984200000000044838e+03 1.707593910396099091e-04
3.985100000000044929e+03 1.763413310982286930e-04
3.986000000000045020e+03 1.791760878404602408e-04
3.986900000000045111e+03 1.813156122807413340e-04
3.987800000000045202e+03 1.868693943833932281e-04
3.988700000000045293e+03 1.899394992506131530e-04
3.989600000000045384e+03 1.872788416221737862e-04
3.990500000000045475e+03 1.865255471784621477e-04
3.991400000000045566e+03 1.911904982989653945e-04
3.992300000000045657e+03 1.974730985239148140e-04
3.993200000000045748e+03 2.007763105211779475e-04
3.994100000000045839e+03 1.983129623113200068e-04
3.995000000000045929e+03 1.918273483170196414e-04
3.995900000000046020e+03 1.842075580498203635e-04
3.996800000000046111e+03 1.768696965882554650e-04
3.997700000000046202e+03 1.751015370246022940e-04
3.998600000000046293e+03 1.846286322688683867e-04
3.999500000000046384e+03 1.993822806980460882e-04
4.000400000000046475e+03 2.068254398182034492e-04
4.001300000000046566e+03 2.058845129795372486e-04
4.002200000000046657e+03 2.055493096122518182e-04
4.003100000000046748e+03 2.065080479951575398e-04
4.004000000000046839e+03 1.986865681828930974e-04
4.004900000000046930e+03 1.818675373215228319e-04
4.005800000000047021e+03 1.737814454827457666e-04
4.006700000000047112e+03 1.833675923990085721e-04
4.007600000000047203e+03 1.991131575778126717e-04
4.008500000000047294e+03 2.082051796605810523e-04
4.009400000000047385e+03 2.099855773849412799e-04
4.010300000000047476e+03 2.101390855386853218e-04
4.011200000000047567e+03 2.093801012961193919e-04
4.012100000000047658e+03 2.074202639050781727e-04
4.013000000000047748e+03 2.068247413262724876e-04
4.013900000000047839e+03 2.071810595225542784e-04
4.014800000000047930e+03 2.086274180328473449e-04
4.015700000000048021e+03 2.105926687363535166e-04
4.016600000000048112e+03 2.085545274894684553e-04
4.017500000000048203e+03 2.056732773780822754e-04
4.018400000000048294e+03 2.108313783537596464e-04
4.019300000000048385e+03 2.204904303653165698e-04
4.020200000000048476e+03 2.230028330814093351e-04
4.021100000000048567e+03 2.172812819480895996e-04
4.022000000000048658e+03 2.110037603415548801e-04
4.022900000000048749e+03 2.072029310511425138e-04
4.023800000000048840e+03 2.025269059231504798e-04
4.024700000000048931e+03 2.004654816119000316e-04
4.025600000000049022e+03 2.086792228510603309e-04
4.026500000000049113e+03 2.206568897236138582e-04
4.027400000000049204e+03 2.250928373541682959e-04
4.028300000000049295e+03 2.213189000030979514e-04
4.029200000000049386e+03 2.099857956636697054e-04
4.030100000000049477e+03 1.923197414726018906e-04
4.031000000000049567e+03 1.792773982742801309e-04
4.031900000000049658e+03 1.768120855558663607e-04
4.032800000000049749e+03 1.799629826564341784e-04
4.033700000000049840e+03 1.863455399870872498e-04
4.034600000000049931e+03 1.946168922586366534e-04
4.035500000000050022e+03 2.036882069660350680e-04
4.036400000000050113e+03 2.142779703717678785e-04
4.037300000000050204e+03 2.232383703812956810e-04
4.038200000000050295e+03 2.263738424517214298e-04
4.039100000000050386e+03 2.228645898867398500e-04
4.040000000000050477e+03 2.147996565327048302e-04
4.040900000000050568e+03 2.091784699587151408e-04
4.041800000000050659e+03 2.123087178915739059e-04
4.042700000000050750e+03 2.165161713492125273e-04
4.043600000000050841e+03 2.080054982798174024e-04
4.044500000000050932e+03 1.870152627816423774e-04
4.045400000000051023e+03 1.709646749077364802e-04
4.046300000000051114e+03 1.784217165550217032e-04
4.047200000000051205e+03 2.018572122324258089e-04
4.048100000000051296e+03 2.158490824513137341e-04
4.049000000000051386e+03 2.162597957067191601e-04
4.049900000000051477e+03 2.159014838980510831e-04
4.050800000000051568e+03 2.163046156056225300e-04
4.051700000000051659e+03 2.120697172358632088e-04
4.052600000000051750e+03 2.045054570771753788e-04
4.053500000000051841e+03 1.971586752915754914e-04
4.054400000000051932e+03 1.922107912832871079e-04
4.055300000000052023e+03 1.928537385538220406e-04
4.056200000000052114e+03 1.959440705832093954e-04
4.057100000000052205e+03 1.938565837917849422e-04
4.058000000000052296e+03 1.909764832817018032e-04
4.058900000000052387e+03 1.965848641702905297e-04
4.059800000000052478e+03 2.076169912470504642e-04
4.060700000000052569e+03 2.128287305822595954e-04
4.061600000000052660e+03 2.050686889560893178e-04
4.062500000000052751e+03 1.878589246189221740e-04
4.063400000000052842e+03 1.763263280736282468e-04
4.064300000000052933e+03 1.829048560466617346e-04
4.065200000000053024e+03 1.968167489394545555e-04
4.066100000000053114e+03 1.985560666071251035e-04
4.067000000000053205e+03 1.918660709634423256e-04
4.067900000000053296e+03 1.948454155353829265e-04
4.068800000000053387e+03 2.070685295620933175e-04
4.069700000000053478e+03 2.110514324158430099e-04
4.070600000000053569e+03 1.998399820877239108e-04
4.071500000000053660e+03 1.871157437562942505e-04
4.072400000000053751e+03 1.886251993710175157e-04
4.073300000000053842e+03 1.991837052628397942e-04
4.074200000000053933e+03 2.029130700975656509e-04
4.075100000000054024e+03 1.947066775755956769e-04
4.076000000000054115e+03 1.776931312633678317e-04
4.076900000000054206e+03 1.602272823220118880e-04
4.077800000000054297e+03 1.559723314130678773e-04
4.078700000000054388e+03 1.680879649939015508e-04
4.079600000000054479e+03 1.856001763371750712e-04
4.080500000000054570e+03 1.998884690692648292e-04
4.081400000000054661e+03 2.066427696263417602e-04
4.082300000000054752e+03 2.027431910391896963e-04
4.083200000000054843e+03 1.930146972881630063e-04
4.084100000000054933e+03 1.852407585829496384e-04
4.085000000000055024e+03 1.817500306060537696e-04
4.085900000000055115e+03 1.832463458413258195e-04
4.086800000000055206e+03 1.899566414067521691e-04
4.087700000000055297e+03 1.981337263714522123e-04
4.088600000000055388e+03 2.020043175434693694e-04
4.089500000000055479e+03 1.998458465095609426e-04
4.090400000000055570e+03 1.949803991010412574e-04
4.091300000000055661e+03 1.900538773043081164e-04
4.092200000000055752e+03 1.857231982285156846e-04
4.093100000000055843e+03 1.843174832174554467e-04
4.094000000000055934e+03 1.827413361752405763e-04
4.094900000000056025e+03 1.750266965245828032e-04
4.095800000000056116e+03 1.642461866140365601e-04
4.096700000000056207e+03 1.560978416819125414e-04
4.097600000000056752e+03 1.502700033597648144e-04
4.098500000000056389e+03 1.439420593669638038e-04
4.099400000000056025e+03 1.337466965196654201e-04
4.100300000000056571e+03 1.167005466413684189e-04
4.101200000000057116e+03 9.958641749108210206e-05
4.102100000000056752e+03 9.660817158874124289e-05
4.103000000000056389e+03 1.101364032365381718e-04
4.103900000000056934e+03 1.286742626689374447e-04
4.104800000000057480e+03 1.441860367776826024e-04
4.105700000000057116e+03 1.558939839014783502e-04
4.106600000000056752e+03 1.631881459616124630e-04
4.107500000000057298e+03 1.665316958678886294e-04
4.108400000000057844e+03 1.676750398473814130e-04
4.109300000000057480e+03 1.675007079029455781e-04
4.110200000000057116e+03 1.681020366959273815e-04
4.111100000000057662e+03 1.717931590974330902e-04
4.112000000000058208e+03 1.777527359081432223e-04
4.112900000000057844e+03 1.842092751758173108e-04
4.113800000000057480e+03 1.900370407383888960e-04
4.114700000000058026e+03 1.950849400600418448e-04
4.115600000000058571e+03 2.002263790927827358e-04
4.116500000000058208e+03 2.024565037572756410e-04
4.117400000000057844e+03 1.968260767171159387e-04
4.118300000000058390e+03 1.859252370195463300e-04
4.119200000000058935e+03 1.818181772250682116e-04
4.120100000000058571e+03 1.873722358141094446e-04
4.121000000000058208e+03 1.917471672641113400e-04
4.121900000000058753e+03 1.899376075016334653e-04
4.122800000000059299e+03 1.878916518762707710e-04
4.123700000000058935e+03 1.913826854433864355e-04
4.124600000000058571e+03 1.977715728571638465e-04
4.125500000000059117e+03 1.998709485633298755e-04
4.126400000000059663e+03 1.957662898348644376e-04
4.127300000000059299e+03 1.885050296550616622e-04
4.128200000000058935e+03 1.840452605392783880e-04
4.129100000000059481e+03 1.856568851508200169e-04
4.130000000000060027e+03 1.884524826891720295e-04
4.130900000000059663e+03 1.861948694568127394e-04
4.131800000000059299e+03 1.794632407836616039e-04
4.132700000000059845e+03 1.768687070580199361e-04
4.133600000000060390e+03 1.816929288906976581e-04
4.134500000000060027e+03 1.907664118334650993e-04
4.135400000000059663e+03 2.023236884269863367e-04
4.136300000000060209e+03 2.087956090690568089e-04
4.137200000000060754e+03 2.085740561597049236e-04
4.138100000000060390e+03 2.114084636559709907e-04
4.139000000000060027e+03 2.185289195040240884e-04
4.139900000000060572e+03 2.226198266725987196e-04
4.140800000000061118e+03 2.194833650719374418e-04
4.141700000000060754e+03 2.070973423542454839e-04
4.142600000000060390e+03 1.884865487227216363e-04
4.143500000000060936e+03 1.775349228410050273e-04
4.144400000000061482e+03 1.847202947828918695e-04
4.145300000000061118e+03 2.000180102186277509e-04
4.146200000000060754e+03 2.086901513393968344e-04
4.147100000000061300e+03 2.101063000736758113e-04
4.148000000000061846e+03 2.078996913041919470e-04
4.148900000000061482e+03 2.024494169745594263e-04
4.149800000000061118e+03 1.979046501219272614e-04
4.150700000000061664e+03 1.986004936043173075e-04
4.151600000000062209e+03 2.007455186685547233e-04
4.152500000000061846e+03 2.002786641241982579e-04
4.153400000000061482e+03 1.957376662176102400e-04
4.154300000000062028e+03 1.898053596960380673e-04
4.155200000000062573e+03 1.877585600595921278e-04
4.156100000000062209e+03 1.876927126431837678e-04
4.157000000000061846e+03 1.894491433631628752e-04
4.157900000000062391e+03 1.958069769898429513e-04
4.158800000000062937e+03 2.031314361374825239e-04
4.159700000000062573e+03 2.062393323285505176e-04
4.160600000000062209e+03 2.041848783846944571e-04
4.161500000000062755e+03 2.040137478616088629e-04
4.162400000000063301e+03 2.101094287354499102e-04
4.163300000000062937e+03 2.151977823814377189e-04
4.164200000000062573e+03 2.159356954507529736e-04
4.165100000000063119e+03 2.148287749150767922e-04
4.166000000000063665e+03 2.104018058162182570e-04
4.166900000000063301e+03 2.035042125498875976e-04
4.167800000000062937e+03 2.026695583481341600e-04
4.168700000000063483e+03 2.096326206810772419e-04
4.169600000000064028e+03 2.129041240550577641e-04
4.170500000000063665e+03 2.047327143372967839e-04
4.171400000000063301e+03 1.882219512481242418e-04
4.172300000000063847e+03 1.733674871502444148e-04
4.173200000000064392e+03 1.700922293821349740e-04
4.174100000000064028e+03 1.786990178516134620e-04
4.175000000000063665e+03 1.894238666864112020e-04
4.175900000000064210e+03 1.931104488903656602e-04
4.176800000000064756e+03 1.881185598904266953e-04
4.177700000000064392e+03 1.808474044082686305e-04
4.178600000000064028e+03 1.810724206734448671e-04
4.179500000000064574e+03 1.909475395223125815e-04
4.180400000000065120e+03 2.003089612117037177e-04
4.181300000000064756e+03 1.993910118471831083e-04
4.182200000000064392e+03 1.936108310474082828e-04
4.183100000000064938e+03 1.921619987115263939e-04
4.184000000000065484e+03 1.962951355380937457e-04
4.184900000000065120e+03 2.040302497334778309e-04
4.185800000000064756e+03 2.064766158582642674e-04
4.186700000000065302e+03 1.969598815776407719e-04
4.187600000000065847e+03 1.884797966340556741e-04
4.188500000000065484e+03 1.944846299011260271e-04
4.189400000000065120e+03 2.063940919470041990e-04
4.190300000000065666e+03 2.095499658025801182e-04
4.191200000000066211e+03 2.057891833828762174e-04
4.192100000000065847e+03 2.085220767185091972e-04
4.193000000000065484e+03 2.181484742322936654e-04
4.193900000000066029e+03 2.208579680882394314e-04
4.194800000000066575e+03 2.109374763676896691e-04
4.195700000000066211e+03 1.983702823054045439e-04
4.196600000000065847e+03 1.917878253152593970e-04
4.197500000000066393e+03 1.859351177699863911e-04
4.198400000000066939e+03 1.800466125132516026e-04
4.199300000000066575e+03 1.845051010604947805e-04
4.200200000000066211e+03 1.942777453223243356e-04
4.201100000000066757e+03 1.944602263392880559e-04
4.202000000000067303e+03 1.891076535684987903e-04
4.202900000000066939e+03 1.901393261505290866e-04
4.203800000000066575e+03 1.938255445566028357e-04
4.204700000000067121e+03 1.949460274772718549e-04
4.205600000000067666e+03 1.983643596759065986e-04
4.206500000000067303e+03 2.051073388429358602e-04
4.207400000000066939e+03 2.103778533637523651e-04
4.208300000000067485e+03 2.109382476191967726e-04
4.209200000000068030e+03 2.075009833788499236e-04
4.210100000000067666e+03 2.056959929177537560e-04
4.211000000000067303e+03 2.099228877341374755e-04
4.211900000000067848e+03 2.167003403883427382e-04
4.212800000000068394e+03 2.192536194343119860e-04
4.213700000000068030e+03 2.134967653546482325e-04
4.214600000000067666e+03 1.990815653698518872e-04
4.215500000000068212e+03 1.862924109445884824e-04
4.216400000000068758e+03 1.901578652905300260e-04
4.217300000000068394e+03 2.058254467556253076e-04
4.218200000000068030e+03 2.162899181712418795e-04
4.219100000000068576e+03 2.173617540393024683e-04
4.220000000000069122e+03 2.172051317756995559e-04
4.220900000000068758e+03 2.194496191805228591e-04
4.221800000000068394e+03 2.180824812967330217e-04
4.222700000000068940e+03 2.113043010467663407e-04
4.223600000000069485e+03 2.015498757828027010e-04
4.224500000000069122e+03 1.880953641375526786e-04
4.225400000000068758e+03 1.714096433715894818e-04
4.226300000000069303e+03 1.577685761731117964e-04
4.227200000000069849e+03 1.612320047570392489e-04
4.228100000000069485e+03 1.853870926424860954e-04
4.229000000000069122e+03 2.107388281729072332e-04
4.229900000000069667e+03 2.230736572528257966e-04
4.230800000000070213e+03 2.256908483104780316e-04
4.231700000000069849e+03 2.191605890402570367e-04
4.232600000000069485e+03 2.043160347966477275e-04
4.233500000000070031e+03 1.945501717273145914e-04
4.234400000000070577e+03 1.958854554686695337e-04
4.235300000000070213e+03 1.967949065146967769e-04
4.236200000000069849e+03 1.956299092853441834e-04
4.237100000000070395e+03 1.980729139177128673e-04
4.238000000000070941e+03 1.986227143788710237e-04
4.238900000000070577e+03 1.958140055648982525e-04
4.239800000000070213e+03 1.979280059458687901e-04
4.240700000000070759e+03 2.071416965918615460e-04
4.241600000000071304e+03 2.139996504411101341e-04
4.242500000000070941e+03 2.140902943210676312e-04
4.243400000000070577e+03 2.154795947717502713e-04
4.244300000000071122e+03 2.192216779803857207e-04
4.245200000000071668e+03 2.165978803532198071e-04
4.246100000000071304e+03 2.070192713290452957e-04
4.247000000000070941e+03 1.992367906495928764e-04
4.247900000000071486e+03 1.994454651139676571e-04
4.248800000000072032e+03 2.020011306740343571e-04
4.249700000000071668e+03 1.976721541723236442e-04
4.250600000000071304e+03 1.930633588926866651e-04
4.251500000000071850e+03 1.992097531910985708e-04
4.252400000000072396e+03 2.083486615447327495e-04
4.253300000000072032e+03 2.084588631987571716e-04
4.254200000000071668e+03 2.032232441706582904e-04
4.255100000000072214e+03 2.036785590462386608e-04
4.256000000000072760e+03 2.111698559019714594e-04
4.256900000000072396e+03 2.165152254747226834e-04
4.257800000000072032e+03 2.122579462593421340e-04
4.258700000000072578e+03 2.019165985984727740e-04
4.259600000000073123e+03 1.913480227813124657e-04
4.260500000000072760e+03 1.856997259892523289e-04
4.261400000000072396e+03 1.921447692438960075e-04
4.262300000000072941e+03 2.070588088827207685e-04
4.263200000000073487e+03 2.189451770391315222e-04
4.264100000000073123e+03 2.239932946395128965e-04
4.265000000000072760e+03 2.266562805743888021e-04
4.265900000000073305e+03 2.278185856994241476e-04
4.266800000000073851e+03 2.236304135294631124e-04
4.267700000000073487e+03 2.156565606128424406e-04
4.268600000000073123e+03 2.091729984385892749e-04
4.269500000000073669e+03 2.032709744526073337e-04
4.270400000000074215e+03 1.921420771395787597e-04
4.271300000000073851e+03 1.792322436813265085e-04
4.272200000000073487e+03 1.781488681444898248e-04
4.273100000000074033e+03 1.872431166702881455e-04
4.274000000000074579e+03 1.916105684358626604e-04
4.274900000000074215e+03 1.924808457260951400e-04
4.275800000000073851e+03 2.002767141675576568e-04
4.276700000000074397e+03 2.120032731909304857e-04
4.277600000000074942e+03 2.188528160331770778e-04
4.278500000000074579e+03 2.194048720411956310e-04
4.279400000000074215e+03 2.147637133020907640e-04
4.280300000000074760e+03 2.087297616526484489e-04
4.281200000000075306e+03 2.056104858638718724e-04
4.282100000000074942e+03 2.035302168224006891e-04
4.283000000000074579e+03 2.028124290518462658e-04
4.283900000000075124e+03 2.042932610493153334e-04
4.284800000000075670e+03 2.040657273028045893e-04
4.285700000000075306e+03 2.024335699388757348e-04
4.286600000000074942e+03 2.016324870055541396e-04
4.287500000000075488e+03 1.986002462217584252e-04
4.288400000000076034e+03 1.882493379525840282e-04
4.289300000000075670e+03 1.733286626404151320e-04
4.290200000000075306e+03 1.686561736278235912e-04
4.291100000000075852e+03 1.813742856029421091e-04
4.292000000000076398e+03 1.993395417230203748e-04
4.292900000000076034e+03 2.075125521514564753e-04
4.293800000000075670e+03 2.034579811152070761e-04
4.294700000000076216e+03 1.977812062250450253e-04
4.295600000000076761e+03 1.959418295882642269e-04
4.296500000000076398e+03 1.940029032994061708e-04
4.297400000000076034e+03 1.897471520351245999e-04
4.298300000000076579e+03 1.791598770068958402e-04
4.299200000000077125e+03 1.637725654290989041e-04
4.300100000000076761e+03 1.568508887430652976e-04
4.301000000000076398e+03 1.609558239579200745e-04
4.301900000000076943e+03 1.642781280679628253e-04
4.302800000000077489e+03 1.661415153648704290e-04
4.303700000000077125e+03 1.730730436975136399e-04
4.304600000000076761e+03 1.790646638255566359e-04
4.305500000000077307e+03 1.787827495718374848e-04
4.306400000000077853e+03 1.753182150423526764e-04
4.307300000000077489e+03 1.685395109234377742e-04
4.308200000000077125e+03 1.615655055502429605e-04
4.309100000000077671e+03 1.632033381611108780e-04
4.310000000000078217e+03 1.745944318827241659e-04
4.310900000000077853e+03 1.876942260423675179e-04
4.311800000000077489e+03 1.932701707119122148e-04
4.312700000000078035e+03 1.902078074635937810e-04
4.313600000000078580e+03 1.837072923080995679e-04
4.314500000000078217e+03 1.813659036997705698e-04
4.315400000000077853e+03 1.914331514853984118e-04
4.316300000000078398e+03 2.079173427773639560e-04
4.317200000000078944e+03 2.164467150578275323e-04
4.318100000000078580e+03 2.157474082196131349e-04
4.319000000000078217e+03 2.119250566465780139e-04
4.319900000000078762e+03 2.061981649603694677e-04
4.320800000000079308e+03 2.004704001592472196e-04
4.321700000000078944e+03 2.003937552217394114e-04
4.322600000000078580e+03 2.013939520111307502e-04
4.323500000000079126e+03 1.935806503752246499e-04
4.324400000000079672e+03 1.765284396242350340e-04
4.325300000000079308e+03 1.601854746695607901e-04
4.326200000000078944e+03 1.591570762684568763e-04
4.327100000000079490e+03 1.750381634337827563e-04
4.328000000000080036e+03 1.930505677592009306e-04
4.328900000000079672e+03 2.000667591346427798e-04
4.329800000000079308e+03 1.946192060131579638e-04
4.330700000000079854e+03 1.865159574663266540e-04
4.331600000000080399e+03 1.844533107941970229e-04
4.332500000000080036e+03 1.850385306170210242e-04
4.333400000000079672e+03 1.836416486185044050e-04
4.334300000000080217e+03 1.822390040615573525e-04
4.335200000000080763e+03 1.798149751266464591e-04
4.336100000000080399e+03 1.690402859821915627e-04
4.337000000000080036e+03 1.486388355260714889e-04
4.337900000000080581e+03 1.289957435801625252e-04
4.338800000000081127e+03 1.146612921729683876e-04
4.339700000000080763e+03 1.014999506878666580e-04
4.340600000000080399e+03 9.643092198530212045e-05
4.341500000000080945e+03 1.091636586352251470e-04
4.342400000000081491e+03 1.297305425396189094e-04
4.343300000000081127e+03 1.425260998075827956e-04
4.344200000000080763e+03 1.502645609434694052e-04
4.345100000000081309e+03 1.610649778740480542e-04
4.346000000000081855e+03 1.711768709355965257e-04
4.346900000000081491e+03 1.767009380273520947e-04
4.347800000000081127e+03 1.824512874009087682e-04
4.348700000000081673e+03 1.902182702906429768e-04
4.349600000000082218e+03 1.919170026667416096e-04
4.350500000000081855e+03 1.802048209356144071e-04
4.351400000000081491e+03 1.638012909097597003e-04
4.352300000000082036e+03 1.612946362001821399e-04
4.353200000000082582e+03 1.748159702401608229e-04
4.354100000000082218e+03 1.888786791823804379e-04
4.355000000000081855e+03 1.963457325473427773e-04
4.355900000000082400e+03 2.020820975303649902e-04
4.356800000000082946e+03 2.062306884909048676e-04
4.357700000000082582e+03 2.031321346294134855e-04
4.358600000000082218e+03 1.951475423993542790e-04
4.359500000000082764e+03 1.931907027028501034e-04
4.360400000000083310e+03 2.008769806707277894e-04
4.361300000000082946e+03 2.101223653880879283e-04
4.362200000000082582e+03 2.141528239008039236e-04
4.363100000000083128e+03 2.157519629690796137e-04
4.364000000000083674e+03 2.197893627453595400e-04
4.364900000000083310e+03 2.240784815512597561e-04
4.365800000000082946e+03 2.223073825007304549e-04
4.366700000000083492e+03 2.125542087014764547e-04
4.367600000000084037e+03 2.016703656408935785e-04
4.368500000000083674e+03 1.980249217012897134e-04
4.369400000000083310e+03 2.001535467570647597e-04
4.370300000000083855e+03 2.037591475527733564e-04
4.371200000000084401e+03 2.091937203658744693e-04
4.372100000000084037e+03 2.134258975274860859e-04
4.373000000000083674e+03 2.087680186377838254e-04
4.373900000000084219e+03 1.946180709637701511e-04
4.374800000000084765e+03 1.837158197304233909e-04
4.375700000000084401e+03 1.881288480944931507e-04
4.376600000000084037e+03 2.040250983554869890e-04
4.377500000000084583e+03 2.179458388127386570e-04
4.378400000000085129e+03 2.222359034931287169e-04
4.379300000000084765e+03 2.194051048718392849e-04
4.380200000000084401e+03 2.163195604225620627e-04
4.381100000000084947e+03 2.138689305866137147e-04
4.382000000000085493e+03 2.028181188507005572e-04
4.382900000000085129e+03 1.797649892978370190e-04
4.383800000000084765e+03 1.602926204213872552e-04
4.384700000000085311e+03 1.606908481335267425e-04
4.385600000000085856e+03 1.778948935680091381e-04
4.386500000000085493e+03 1.950174919329583645e-04
4.387400000000085129e+03 2.015781064983457327e-04
4.388300000000085674e+03 2.021823747782036662e-04
4.389200000000086220e+03 2.018581144511699677e-04
4.390100000000085856e+03 1.998451189137995243e-04
4.391000000000085493e+03 1.993512705666944385e-04
4.391900000000086038e+03 2.042846899712458253e-04
4.392800000000086584e+03 2.084173465846106410e-04
4.393700000000086220e+03 2.034478093264624476e-04
4.394600000000085856e+03 1.941788941621780396e-04
4.395500000000086402e+03 1.947966229636222124e-04
4.396400000000086948e+03 2.078135876217857003e-04
4.397300000000086584e+03 2.182378375437110662e-04
4.398200000000086220e+03 2.164987090509384871e-04
4.399100000000086766e+03 2.064102009171620011e-04
4.400000000000087311e+03 1.950700534507632256e-04
4.400900000000086948e+03 1.923856616485863924e-04
4.401800000000086584e+03 2.023527340497821569e-04
4.402700000000087130e+03 2.108452026732265949e-04
4.403600000000087675e+03 2.038990060100331903e-04
4.404500000000087311e+03 1.919629721669480205e-04
4.405400000000086948e+03 1.936909393407404423e-04
4.406300000000087493e+03 2.038910024566575885e-04
4.407200000000088039e+03 2.050193143077194691e-04
4.408100000000087675e+03 1.987865980481728911e-04
4.409000000000087311e+03 1.994698686758056283e-04
4.409900000000087857e+03 2.080306148855015635e-04
4.410800000000088403e+03 2.157747658202424645e-04
4.411700000000088039e+03 2.210379607276991010e-04
4.412600000000087675e+03 2.239915047539398074e-04
4.413500000000088221e+03 2.178761351387947798e-04
4.414400000000088767e+03 2.017009537667036057e-04
4.415300000000088403e+03 1.896296889754012227e-04
4.416200000000088039e+03 1.898838672786951065e-04
4.417100000000088585e+03 1.945781114045530558e-04
4.418000000000089130e+03 2.009398740483447909e-04
4.418900000000088767e+03 2.119543787557631731e-04
4.419800000000088403e+03 2.217055443907156587e-04
4.420700000000088949e+03 2.218430163338780403e-04
4.421600000000089494e+03 2.125825703842565417e-04
4.422500000000089130e+03 2.037651429418474436e-04
4.423400000000088767e+03 2.042039559455588460e-04
4.424300000000089312e+03 2.102556900354102254e-04
4.425200000000089858e+03 2.135884860763326287e-04
4.426100000000089494e+03 2.130731736542657018e-04
4.427000000000089130e+03 2.117766562150791287e-04
4.427900000000089676e+03 2.132118097506463528e-04
4.428800000000090222e+03 2.139052376151084900e-04
4.429700000000089858e+03 2.081034181173890829e-04
4.430600000000089494e+03 2.033113851211965084e-04
4.431500000000090040e+03 2.065017615677788854e-04
4.432400000000090586e+03 2.093083894578740001e-04
4.433300000000090222e+03 2.040744293481111526e-04
4.434200000000089858e+03 1.947204145835712552e-04
4.435100000000090404e+03 1.896956964628770947e-04
4.436000000000090949e+03 1.954461040440946817e-04
4.436900000000090586e+03 2.089188201352953911e-04
4.437800000000090222e+03 2.209845406468957663e-04
4.438700000000090768e+03 2.272862620884552598e-04
4.439600000000091313e+03 2.262060588691383600e-04
4.440500000000090949e+03 2.173483080696314573e-04
4.441400000000090586e+03 2.035006327787414193e-04
4.442300000000091131e+03 1.897563342936336994e-04
4.443200000000091677e+03 1.833589194575324655e-04
4.444100000000091313e+03 1.905113022075966001e-04
4.445000000000090949e+03 2.070242917397990823e-04
4.445900000000091495e+03 2.181939198635518551e-04
4.446800000000092041e+03 2.175267291022464633e-04
4.447700000000091677e+03 2.154208486899733543e-04
4.448600000000091313e+03 2.168509672628715634e-04
4.449500000000091859e+03 2.140811993740499020e-04
4.450400000000092405e+03 2.083770959870889783e-04
4.451300000000092041e+03 2.088462060783058405e-04
4.452200000000091677e+03 2.130596985807642341e-04
4.453100000000092223e+03 2.107846230501309037e-04
4.454000000000092768e+03 1.988985604839399457e-04
4.454900000000092405e+03 1.869137922767549753e-04
4.455800000000092041e+03 1.864660007413476706e-04
4.456700000000092587e+03 1.935134932864457369e-04
4.457600000000093132e+03 1.962302339961752295e-04
4.458500000000092768e+03 1.935899927048012614e-04
4.459400000000092405e+03 1.925203541759401560e-04
4.460300000000092950e+03 1.921253715408965945e-04
4.461200000000093496e+03 1.877803733805194497e-04
4.462100000000093132e+03 1.874684821814298630e-04
4.463000000000092768e+03 1.968967699212953448e-04
4.463900000000093314e+03 2.051910705631598830e-04
4.464800000000093860e+03 2.061270206468179822e-04
4.465700000000093496e+03 2.046928275376558304e-04
4.466600000000093132e+03 2.030625328188762069e-04
4.467500000000093678e+03 2.000218373723328114e-04
4.468400000000094224e+03 1.948476710822433233e-04
4.469300000000093860e+03 1.916555629577487707e-04
4.470200000000093496e+03 1.951446611201390624e-04
4.471100000000094042e+03 2.027557493420317769e-04
4.472000000000094587e+03 2.100753190461546183e-04
4.472900000000094224e+03 2.163024764740839601e-04
4.473800000000093860e+03 2.211944665759801865e-04
4.474700000000094406e+03 2.215384010924026370e-04
4.475600000000094951e+03 2.190769446315243840e-04
4.476500000000094587e+03 2.210027159890159965e-04
4.477400000000094224e+03 2.261429908685386181e-04
4.478300000000094769e+03 2.247544325655326247e-04
4.479200000000095315e+03 2.125893515767529607e-04
4.480100000000094951e+03 1.943290844792500138e-04
4.481000000000094587e+03 1.803278428269550204e-04
4.481900000000095133e+03 1.805306674214079976e-04
4.482800000000095679e+03 1.943872048286721110e-04
4.483700000000095315e+03 2.097547985613346100e-04
4.484600000000094951e+03 2.189264923799782991e-04
4.485500000000095497e+03 2.237970475107431412e-04
4.486400000000096043e+03 2.248201490147039294e-04
4.487300000000095679e+03 2.191063103964552283e-04
4.488200000000095315e+03 2.074280200758948922e-04
4.489100000000095861e+03 1.971595338545739651e-04
4.490000000000096406e+03 1.951972517417743802e-04
4.490900000000096043e+03 2.012128679780289531e-04
4.491800000000095679e+03 2.104136656271293759e-04
4.492700000000096225e+03 2.154601097572594881e-04
4.493600000000096770e+03 2.108734333887696266e-04
4.494500000000096406e+03 2.034168574027717113e-04
4.495400000000096043e+03 2.025581634370610118e-04
4.496300000000096588e+03 2.067573950625956059e-04
4.497200000000097134e+03 2.126483304891735315e-04
4.498100000000096770e+03 2.188517973991110921e-04
4.499000000000096406e+03 2.216515713371336460e-04
4.499900000000096952e+03 2.180024166591465473e-04
4.500800000000097498e+03 2.098351978929713368e-04
4.501700000000097134e+03 2.082572609651833773e-04
4.502600000000096770e+03 2.187754143960773945e-04
4.503500000000097316e+03 2.310229028807953000e-04
4.504400000000097862e+03 2.356435143155977130e-04
4.505300000000097498e+03 2.343422675039619207e-04
4.506200000000097134e+03 2.299476327607408166e-04
4.507100000000097680e+03 2.231423422927036881e-04
4.508000000000098225e+03 2.176226262236014009e-04
4.508900000000097862e+03 2.185590419685468078e-04
4.509800000000097498e+03 2.248997334390878677e-04
4.510700000000098044e+03 2.293670404469594359e-04
4.511600000000098589e+03 2.279887557961046696e-04
4.512500000000098225e+03 2.231776015833020210e-04
4.513400000000097862e+03 2.174015389755368233e-04
4.514300000000098407e+03 2.114837116096168756e-04
4.515200000000098953e+03 2.091549831675365567e-04
4.516100000000098589e+03 2.119014534400776029e-04
4.517000000000098225e+03 2.141527220373973250e-04
4.517900000000098771e+03 2.136241964763030410e-04
4.518800000000099317e+03 2.138180716428905725e-04
4.519700000000098953e+03 2.151179214706644416e-04
4.520600000000098589e+03 2.165780606446787715e-04
4.521500000000099135e+03 2.148482017219066620e-04
4.522400000000099681e+03 2.083822182612493634e-04
4.523300000000099317e+03 2.054050273727625608e-04
4.524200000000098953e+03 2.067031600745394826e-04
4.525100000000099499e+03 2.048056630883365870e-04
4.526000000000100044e+03 2.002280525630339980e-04
4.526900000000099681e+03 1.961606176337227225e-04
4.527800000000099317e+03 1.917986228363588452e-04
4.528700000000099863e+03 1.884762750705704093e-04
4.529600000000100408e+03 1.900417701108381152e-04
4.530500000000100044e+03 1.947238779393956065e-04
4.531400000000099681e+03 1.999169908231124282e-04
4.532300000000100226e+03 2.020656538661569357e-04
4.533200000000100772e+03 1.963646791409701109e-04
4.534100000000100408e+03 1.890740968519821763e-04
4.535000000000100044e+03 1.900480128824710846e-04
4.535900000000100590e+03 2.009266027016565204e-04
4.536800000000101136e+03 2.161167794838547707e-04
4.537700000000100772e+03 2.249862591270357370e-04
4.538600000000100408e+03 2.228803932666778564e-04
4.539500000000100954e+03 2.151880762539803982e-04
4.540400000000101500e+03 2.079831028822809458e-04
4.541300000000101136e+03 2.059446123894304037e-04
4.542200000000100772e+03 2.108341286657378078e-04
4.543100000000101318e+03 2.160805743187665939e-04
4.544000000000101863e+03 2.143821911886334419e-04
4.544900000000101500e+03 2.095094387186691165e-04
4.545800000000101136e+03 2.084717270918190479e-04
4.546700000000101682e+03 2.096796524710953236e-04
4.547600000000102227e+03 2.070337941404432058e-04
4.548500000000101863e+03 1.968982251128181815e-04
4.549400000000101500e+03 1.871114800451323390e-04
4.550300000000102045e+03 1.908870472107082605e-04
4.551200000000102591e+03 2.026702422881498933e-04
4.552100000000102227e+03 2.073924842989072204e-04
4.553000000000101863e+03 2.029239985859021544e-04
4.553900000000102409e+03 1.947240671142935753e-04
4.554800000000102955e+03 1.890386047307401896e-04
4.555700000000102591e+03 1.916965411510318518e-04
4.556600000000102227e+03 2.018518716795369983e-04
4.557500000000102773e+03 2.104751620208844543e-04
4.558400000000103319e+03 2.128228952642530203e-04
4.559300000000102955e+03 2.140779542969539762e-04
4.560200000000102591e+03 2.170046354876831174e-04
4.561100000000103137e+03 2.199100854340940714e-04
4.562000000000103682e+03 2.193652617279440165e-04
4.562900000000103319e+03 2.119403361575677991e-04
4.563800000000102955e+03 2.018019004026427865e-04
4.564700000000103500e+03 1.970878220163285732e-04
4.565600000000104046e+03 2.002295514103025198e-04
4.566500000000103682e+03 2.093518414767459035e-04
4.567400000000103319e+03 2.186753990827128291e-04
4.568300000000103864e+03 2.224582131020724773e-04
4.569200000000104410e+03 2.221636241301894188e-04
4.570100000000104046e+03 2.180970477638766170e-04
4.571000000000103682e+03 2.079492696793749928e-04
4.571900000000104228e+03 2.016201178776100278e-04
4.572800000000104774e+03 2.086389577016234398e-04
4.573700000000104410e+03 2.183541655540466309e-04
4.574600000000104046e+03 2.194424450863152742e-04
4.575500000000104592e+03 2.162476594094187021e-04
4.576400000000105138e+03 2.153998793801292777e-04
4.577300000000104774e+03 2.165228361263871193e-04
4.578200000000104410e+03 2.149518695659935474e-04
4.579100000000104956e+03 2.085177839035168290e-04
4.580000000000105501e+03 2.013124176301062107e-04
4.580900000000105138e+03 1.979952357942238450e-04
4.581800000000104774e+03 1.972975733224302530e-04
4.582700000000105319e+03 1.949715515365824103e-04
4.583600000000105865e+03 1.928390993271023035e-04
4.584500000000105501e+03 1.960219960892572999e-04
4.585400000000105138e+03 2.015757636399939656e-04
4.586300000000105683e+03 2.052988857030868530e-04
4.587200000000106229e+03 2.079916012007743120e-04
4.588100000000105865e+03 2.103930310113355517e-04
4.589000000000105501e+03 2.125332102878019214e-04
4.589900000000106047e+03 2.124286402249708772e-04
4.590800000000106593e+03 2.079616824630647898e-04
4.591700000000106229e+03 2.017106453422456980e-04
4.592600000000105865e+03 2.000747917918488383e-04
4.593500000000106411e+03 2.037534140981733799e-04
4.594400000000106957e+03 2.057937381323426962e-04
4.595300000000106593e+03 2.043992863036692142e-04
4.596200000000106229e+03 2.041685220319777727e-04
4.597100000000106775e+03 2.057072852039709687e-04
4.598000000000107320e+03 2.076713426504284143e-04
4.598900000000106957e+03 2.091402711812406778e-04
4.599800000000106593e+03 2.065001608571037650e-04
4.600700000000107138e+03 2.032565680565312505e-04
4.601600000000107684e+03 2.054059877991676331e-04
4.602500000000107320e+03 2.089023328153416514e-04
4.603400000000106957e+03 2.097823889926075935e-04
4.604300000000107502e+03 2.078985999105498195e-04
4.605200000000108048e+03 2.056717057712376118e-04
4.606100000000107684e+03 2.072293573291972280e-04
4.607000000000107320e+03 2.124432066921144724e-04
4.607900000000107866e+03 2.189767692470923066e-04
4.608800000000108412e+03 2.240861213067546487e-04
4.609700000000108048e+03 2.238269225927069783e-04
4.610600000000107684e+03 2.186666533816605806e-04
4.611500000000108230e+03 2.141595177818089724e-04
4.612400000000108776e+03 2.122686710208654404e-04
4.613300000000108412e+03 2.115920797223225236e-04
4.614200000000108048e+03 2.136745315510779619e-04
4.615100000000108594e+03 2.152668021153658628e-04
4.616000000000109139e+03 2.131354267476126552e-04
4.616900000000108776e+03 2.119608834618702531e-04
4.617800000000108412e+03 2.112302609020844102e-04
4.618700000000108957e+03 2.068060857709497213e-04
4.619600000000109503e+03 2.047087618848308921e-04
4.620500000000109139e+03 2.100760611938312650e-04
4.621400000000108776e+03 2.165234909625723958e-04
4.622300000000109321e+03 2.186634374083951116e-04
4.623200000000109867e+03 2.190193772548809648e-04
4.624100000000109503e+03 2.181649033445864916e-04
4.625000000000109139e+03 2.148715866496786475e-04
4.625900000000109685e+03 2.127881743945181370e-04
4.626800000000110231e+03 2.141428703907877207e-04
4.627700000000109867e+03 2.141507429769262671e-04
4.628600000000109503e+03 2.091945934807881713e-04
4.629500000000110049e+03 2.056838566204532981e-04
4.630400000000110595e+03 2.105722378473728895e-04
4.631300000000110231e+03 2.177368733100593090e-04
4.632200000000109867e+03 2.171222004108130932e-04
4.633100000000110413e+03 2.101763238897547126e-04
4.634000000000110958e+03 2.054695796687155962e-04
4.634900000000110595e+03 2.062287967419251800e-04
4.635800000000110231e+03 2.086399617837741971e-04
4.636700000000110776e+03 2.078829129459336400e-04
4.637600000000111322e+03 2.049360045930370688e-04
4.638500000000110958e+03 2.046191802946850657e-04
4.639400000000110595e+03 2.060139668174088001e-04
4.640300000000111140e+03 2.078084071399644017e-04
4.641200000000111686e+03 2.112743241013959050e-04
4.642100000000111322e+03 2.134468522854149342e-04
4.643000000000110958e+03 2.114268572768196464e-04
4.643900000000111504e+03 2.080796548398211598e-04
4.644800000000112050e+03 2.045411965809762478e-04
4.645700000000111686e+03 1.979941589524969459e-04
4.646600000000111322e+03 1.907605183077976108e-04
4.647500000000111868e+03 1.882762298919260502e-04
4.648400000000112414e+03 1.918608031701296568e-04
4.649300000000112050e+03 1.994569320231676102e-04
4.650200000000111686e+03 2.069529728032648563e-04
4.651100000000112232e+03 2.107110049109905958e-04
4.652000000000112777e+03 2.124928723787888885e-04
4.652900000000112414e+03 2.130855282302945852e-04
4.653800000000112050e+03 2.087489701807498932e-04
4.654700000000112595e+03 2.020853571593761444e-04
4.655600000000113141e+03 1.986147399293258786e-04
4.656500000000112777e+03 1.987670548260211945e-04
4.657400000000112414e+03 2.041303814621642232e-04
4.658300000000112959e+03 2.138377021765336394e-04
4.659200000000113505e+03 2.213965053670108318e-04
4.660100000000113141e+03 2.223965420853346586e-04
4.661000000000112777e+03 2.179872972192242742e-04
4.661900000000113323e+03 2.112358197337016463e-04
4.662800000000113869e+03 2.050749171758070588e-04
4.663700000000113505e+03 2.027310983976349235e-04
4.664600000000113141e+03 2.029186580330133438e-04
4.665500000000113687e+03 1.973384351003915071e-04
4.666400000000114233e+03 1.839829928940162063e-04
4.667300000000113869e+03 1.739384606480598450e-04
4.668200000000113505e+03 1.764165208442136645e-04
4.669100000000114051e+03 1.867960672825574875e-04
4.670000000000114596e+03 1.969719596672803164e-04
4.670900000000114233e+03 2.041094412561506033e-04
4.671800000000113869e+03 2.064117288682609797e-04
4.672700000000114414e+03 2.045990549959242344e-04
4.673600000000114960e+03 2.035241050180047750e-04
4.674500000000114596e+03 2.059922262560576200e-04
4.675400000000114233e+03 2.111121866619214416e-04
4.676300000000114778e+03 2.149743522750213742e-04
4.677200000000115324e+03 2.126208273693919182e-04
4.678100000000114960e+03 2.050573239102959633e-04
4.679000000000114596e+03 1.992455654544755816e-04
4.679900000000115142e+03 1.982296962523832917e-04
4.680800000000115688e+03 1.990617747651413083e-04
4.681700000000115324e+03 2.005251590162515640e-04
4.682600000000114960e+03 2.043372660409659147e-04
4.683500000000115506e+03 2.088708279188722372e-04
4.684400000000116052e+03 2.101714489981532097e-04
4.685300000000115688e+03 2.092984068440273404e-04
4.686200000000115324e+03 2.088820474455133080e-04
4.687100000000115870e+03 2.081728598568588495e-04
4.688000000000116415e+03 2.069078327622264624e-04
4.688900000000116052e+03 2.064376749331131577e-04
4.689800000000115688e+03 2.058805694105103612e-04
4.690700000000116233e+03 2.035942015936598182e-04
4.691600000000116779e+03 2.018049999605864286e-04
4.692500000000116415e+03 2.029287716140970588e-04
4.693400000000116052e+03 2.054180804407224059e-04
4.694300000000116597e+03 2.080355188809335232e-04
4.695200000000117143e+03 2.110984496539458632e-04
4.696100000000116779e+03 2.130911598214879632e-04
4.697000000000116415e+03 2.104524319292977452e-04
4.697900000000116961e+03 2.028791350312530994e-04
4.698800000000117507e+03 1.966260169865563512e-04
4.699700000000117143e+03 1.965054107131436467e-04
4.700600000000116779e+03 1.980053639272227883e-04
4.701500000000117325e+03 1.957055210368707776e-04
4.702400000000117871e+03 1.906144898384809494e-04
4.703300000000117507e+03 1.891840947791934013e-04
4.704200000000117143e+03 1.948473945958539844e-04
4.705100000000117689e+03 2.015380741795524955e-04
4.706000000000118234e+03 2.024361165240406990e-04
4.706900000000117871e+03 1.976534549612551928e-04
4.707800000000117507e+03 1.927449775394052267e-04
4.708700000000118052e+03 1.916017354233190417e-04
4.709600000000118598e+03 1.949600409716367722e-04
4.710500000000118234e+03 2.020879765041172504e-04
4.711400000000117871e+03 2.077382523566484451e-04
4.712300000000118416e+03 2.073582145385444164e-04
4.713200000000118962e+03 2.019157254835590720e-04
4.714100000000118598e+03 1.957239001058042049e-04
4.715000000000118234e+03 1.955792831722646952e-04
4.715900000000118780e+03 2.026992297032848001e-04
4.716800000000119326e+03 2.095562958857044578e-04
4.717700000000118962e+03 2.121262223226949573e-04
4.718600000000118598e+03 2.136135008186101913e-04
4.719500000000119144e+03 2.157115959562361240e-04
4.720400000000119690e+03 2.162226155633106828e-04
4.721300000000119326e+03 2.140598371624946594e-04
4.722200000000118962e+03 2.115547249559313059e-04
4.723100000000119508e+03 2.120885474141687155e-04
4.724000000000120053e+03 2.155923430109396577e-04
4.724900000000119690e+03 2.182443131459876895e-04
4.725800000000119326e+03 2.161290176445618272e-04
4.726700000000119871e+03 2.077140525216236711e-04
4.727600000000120417e+03 1.979294465854763985e-04
4.728500000000120053e+03 1.934549945872277021e-04
4.729400000000119690e+03 1.935041655087843537e-04
4.730300000000120235e+03 1.935441832756623626e-04
4.731200000000120781e+03 1.941839145729318261e-04
4.732100000000120417e+03 1.983651018235832453e-04
4.733000000000120053e+03 2.034706121776252985e-04
4.733900000000120599e+03 2.066375163849443197e-04
4.734800000000121145e+03 2.077783574350178242e-04
4.735700000000120781e+03 2.042806299868971109e-04
4.736600000000120417e+03 1.990650926018133759e-04
4.737500000000120963e+03 2.010522148339077830e-04
4.738400000000121508e+03 2.082977007376030087e-04
4.739300000000121145e+03 2.108966000378131866e-04
4.740200000000120781e+03 2.079175028484314680e-04
4.741100000000121327e+03 2.058662794297561049e-04
4.742000000000121872e+03 2.079143741866573691e-04
4.742900000000121508e+03 2.110244240611791611e-04
4.743800000000121145e+03 2.109809429384768009e-04
4.744700000000121690e+03 2.085567539324983954e-04
4.745600000000122236e+03 2.085570886265486479e-04
4.746500000000121872e+03 2.110583009198307991e-04
4.747400000000121508e+03 2.112752845278009772e-04
4.748300000000122054e+03 2.095148665830492973e-04
4.749200000000122600e+03 2.098220866173505783e-04
4.750100000000122236e+03 2.115289244102314115e-04
4.751000000000121872e+03 2.106170431943610311e-04
4.751900000000122418e+03 2.069441688945516944e-04
4.752800000000122964e+03 2.037489903159439564e-04
4.753700000000122600e+03 2.013565390370786190e-04
4.754600000000122236e+03 1.993601617868989706e-04
4.755500000000122782e+03 1.982708054129034281e-04
4.756400000000123327e+03 1.990609744098037481e-04
4.757300000000122964e+03 2.027240698225796223e-04
4.758200000000122600e+03 2.074699877994135022e-04
4.759100000000123146e+03 2.110736677423119545e-04
4.760000000000123691e+03 2.115052047884091735e-04
4.760900000000123327e+03 2.063229330815374851e-04
4.761800000000122964e+03 1.978356449399143457e-04
4.762700000000123509e+03 1.927137054735794663e-04
4.763600000000124055e+03 1.917494082590565085e-04
4.764500000000123691e+03 1.906705729197710752e-04
4.765400000000123327e+03 1.889806735562160611e-04
4.766300000000123873e+03 1.902655349113047123e-04
4.767200000000124419e+03 1.957490458153188229e-04
4.768100000000124055e+03 2.019962412305176258e-04
4.769000000000123691e+03 2.072664065053686500e-04
4.769900000000124237e+03 2.092436625389382243e-04
4.770800000000124783e+03 2.056501398328691721e-04
4.771700000000124419e+03 2.012976183323189616e-04
4.772600000000124055e+03 2.022985863732174039e-04
4.773500000000124601e+03 2.080970152746886015e-04
4.774400000000125146e+03 2.130955253960564733e-04
4.775300000000124783e+03 2.131461224053055048e-04
4.776200000000124419e+03 2.119144774042069912e-04
4.777100000000124965e+03 2.138424461008980870e-04
4.778000000000125510e+03 2.152607921743765473e-04
4.778900000000125146e+03 2.124777383869513869e-04
4.779800000000124783e+03 2.094157243845984340e-04
4.780700000000125328e+03 2.101728605339303613e-04
4.781600000000125874e+03 2.107967884512618184e-04
4.782500000000125510e+03 2.067172317765653133e-04
4.783400000000125146e+03 2.029012393904849887e-04
4.784300000000125692e+03 2.045574219664558768e-04
4.785200000000126238e+03 2.048422029474750161e-04
4.786100000000125874e+03 1.997580257011577487e-04
4.787000000000125510e+03 1.980617234949022532e-04
4.787900000000126056e+03 2.011270262300968170e-04
4.788800000000126602e+03 2.015450008912011981e-04
4.789700000000126238e+03 2.007511502597481012e-04
4.790600000000125874e+03 2.026525180554017425e-04
4.791500000000126420e+03 2.051495830528438091e-04
4.792400000000126965e+03 2.077549434034153819e-04
4.793300000000126602e+03 2.126111066900193691e-04
4.794200000000126238e+03 2.178411232307553291e-04
4.795100000000126784e+03 2.195351989939808846e-04
4.796000000000127329e+03 2.172661334043368697e-04
4.796900000000126965e+03 2.131227665813639760e-04
4.797800000000126602e+03 2.078761317534372211e-04
4.798700000000127147e+03 2.028668095590546727e-04
4.799600000000127693e+03 2.004440611926838756e-04
4.800500000000127329e+03 2.022201369982212782e-04
4.801400000000126965e+03 2.074649528367444873e-04
4.802300000000127511e+03 2.117986296070739627e-04
4.803200000000128057e+03 2.116169198416173458e-04
4.804100000000127693e+03 2.065371081698685884e-04
4.805000000000127329e+03 2.013157791225239635e-04
4.805900000000127875e+03 2.008504816330969334e-04
4.806800000000128421e+03 2.017411170527338982e-04
4.807700000000128057e+03 2.008905576076358557e-04
4.808600000000127693e+03 2.008661685977131128e-04
4.809500000000128239e+03 2.023802808253094554e-04
4.810400000000128784e+03 2.032819174928590655e-04
4.811300000000128421e+03 2.032322663580998778e-04
4.812200000000128057e+03 2.033274504356086254e-04
4.813100000000128603e+03 2.043238055193796754e-04
4.814000000000129148e+03 2.063891297439113259e-04
4.814900000000128784e+03 2.085399028146639466e-04
4.815800000000128421e+03 2.102173602906987071e-04
4.816700000000128966e+03 2.112705551553517580e-04
4.817600000000129512e+03 2.116431423928588629e-04
4.818500000000129148e+03 2.126127219526097178e-04
4.819400000000128784e+03 2.135206887032836676e-04
4.820300000000129330e+03 2.125880419043824077e-04
4.821200000000129876e+03 2.102250437019392848e-04
4.822100000000129512e+03 2.039587125182151794e-04
4.823000000000129148e+03 1.929420104715973139e-04
4.823900000000129694e+03 1.870253763627260923e-04
4.824800000000130240e+03 1.923629606608301401e-04
4.825700000000129876e+03 2.014142228290438652e-04
4.826600000000129512e+03 2.058041427517309785e-04
4.827500000000130058e+03 2.044969587586820126e-04
4.828400000000130603e+03 2.007780567510053515e-04
4.829300000000130240e+03 1.991239550989121199e-04
4.830200000000129876e+03 1.998922671191394329e-04
4.831100000000130422e+03 1.983675174415111542e-04
4.832000000000130967e+03 1.957920903805643320e-04
4.832900000000130603e+03 1.967781136045232415e-04
4.833800000000130240e+03 2.001123211812227964e-04
4.834700000000130785e+03 2.013705816352739930e-04
4.835600000000131331e+03 1.996438950300216675e-04
4.836500000000130967e+03 1.986046700039878488e-04
4.837400000000130603e+03 1.987122086575254798e-04
4.838300000000131149e+03 1.959552319021895528e-04
4.839200000000131695e+03 1.910665305331349373e-04
4.840100000000131331e+03 1.889740669867023826e-04
4.841000000000130967e+03 1.910926657728850842e-04
4.841900000000131513e+03 1.925637916428968310e-04
4.842800000000132059e+03 1.905222015921026468e-04
4.843700000000131695e+03 1.897803158499300480e-04
4.844600000000131331e+03 1.928694255184382200e-04
4.845500000000131877e+03 1.955207699211314321e-04
4.846400000000132422e+03 1.938920177053660154e-04
4.847300000000132059e+03 1.875055313576012850e-04
4.848200000000131695e+03 1.801525941118597984e-04
4.849100000000132241e+03 1.784533669706434011e-04
4.850000000000132786e+03 1.825124345486983657e-04
4.850900000000132422e+03 1.847915264079347253e-04
4.851800000000132059e+03 1.826625375542789698e-04
4.852700000000132604e+03 1.789900416042655706e-04
4.853600000000133150e+03 1.725097681628540158e-04
4.854500000000132786e+03 1.614862267160788178e-04
4.855400000000132422e+03 1.521987578598782420e-04
4.856300000000132968e+03 1.513091556262224913e-04
4.857200000000133514e+03 1.535496558062732220e-04
4.858100000000133150e+03 1.497665070928633213e-04
4.859000000000132786e+03 1.370339159620925784e-04
4.859900000000133332e+03 1.176058940473012626e-04
4.860800000000133878e+03 1.001614946289919317e-04
4.861700000000133514e+03 9.897446579998359084e-05
4.862600000000133150e+03 1.149324816651642323e-04
4.863500000000133696e+03 1.318772701779380441e-04
4.864400000000134241e+03 1.424360089004039764e-04
4.865300000000133878e+03 1.508273999206721783e-04
4.866200000000133514e+03 1.585670252097770572e-04
4.867100000000134060e+03 1.642440765863284469e-04
4.868000000000134605e+03 1.682054426055401564e-04
4.868900000000134241e+03 1.712444209260866046e-04
4.869800000000133878e+03 1.693683880148455501e-04
4.870700000000134423e+03 1.609084283700212836e-04
4.871600000000134969e+03 1.552380708744749427e-04
4.872500000000134605e+03 1.602833508513867855e-04
4.873400000000134241e+03 1.701118599157780409e-04
4.874300000000134787e+03 1.760516606736928225e-04
4.875200000000135333e+03 1.774635020410642028e-04
4.876100000000134969e+03 1.780818711267784238e-04
4.877000000000134605e+03 1.797265140339732170e-04
4.877900000000135151e+03 1.828999374993145466e-04
4.878800000000135697e+03 1.897368929348886013e-04
4.879700000000135333e+03 1.960337103810161352e-04
4.880600000000134969e+03 1.948903664015233517e-04
4.881500000000135515e+03 1.896040193969383836e-04
4.882400000000136060e+03 1.871980057330802083e-04
4.883300000000135697e+03 1.864708319772034883e-04
4.884200000000135333e+03 1.837060699472203851e-04
4.885100000000135879e+03 1.801957550924271345e-04
4.886000000000136424e+03 1.789231610018759966e-04
4.886900000000136060e+03 1.810136454878374934e-04
4.887800000000135697e+03 1.842462224885821342e-04
4.888700000000136242e+03 1.853068679338321090e-04
4.889600000000136788e+03 1.816930453060194850e-04
4.890500000000136424e+03 1.736760023050010204e-04
4.891400000000136060e+03 1.718400162644684315e-04
4.892300000000136606e+03 1.827869127737358212e-04
4.893200000000137152e+03 1.962029054993763566e-04
4.894100000000136788e+03 2.043536514975130558e-04
4.895000000000136424e+03 2.083416184177622199e-04
4.895900000000136970e+03 2.090109337586909533e-04
4.896800000000137516e+03 2.079845580738037825e-04
4.897700000000137152e+03 2.067097229883074760e-04
4.898600000000136788e+03 2.025957510340958834e-04
4.899500000000137334e+03 1.958017383003607392e-04
4.900400000000137879e+03 1.937991619342938066e-04
4.901300000000137516e+03 1.976999774342402816e-04
4.902200000000137152e+03 1.987711002584546804e-04
4.903100000000137697e+03 1.950807054527103901e-04
4.904000000000138243e+03 1.943144161486998200e-04
4.904900000000137879e+03 2.000550011871382594e-04
4.905800000000137516e+03 2.067129680654034019e-04
4.906700000000138061e+03 2.079327532555907965e-04
4.907600000000138607e+03 2.039463724941015244e-04
4.908500000000138243e+03 1.975004997802898288e-04
4.909400000000137879e+03 1.891130377771332860e-04
4.910300000000138425e+03 1.827059750212356448e-04
4.911200000000138971e+03 1.839650649344548583e-04
4.912100000000138607e+03 1.910261926241219044e-04
4.913000000000138243e+03 1.973816542886197567e-04
4.913900000000138789e+03 2.013418561546131968e-04
4.914800000000139335e+03 2.052370691671967506e-04
4.915700000000138971e+03 2.072182396659627557e-04
4.916600000000138607e+03 2.031635667663067579e-04
4.917500000000139153e+03 1.922431838465854526e-04
4.918400000000139698e+03 1.787165674613788724e-04
4.919300000000139335e+03 1.691217912593856454e-04
4.920200000000138971e+03 1.668793120188638568e-04
4.921100000000139516e+03 1.726200571283698082e-04
4.922000000000140062e+03 1.813255657907575369e-04
4.922900000000139698e+03 1.835143484640866518e-04
4.923800000000139335e+03 1.798109442461282015e-04
4.924700000000139880e+03 1.813803974073380232e-04
4.925600000000140426e+03 1.912147272378206253e-04
4.926500000000140062e+03 1.999475498450919986e-04
4.927400000000139698e+03 2.028150047408416867e-04
4.928300000000140244e+03 2.049382455879822373e-04
4.929200000000140790e+03 2.075483353110030293e-04
4.930100000000140426e+03 2.074586664093658328e-04
4.931000000000140062e+03 2.060629922198131680e-04
4.931900000000140608e+03 2.023259876295924187e-04
4.932800000000141154e+03 1.927831035573035479e-04
4.933700000000140790e+03 1.844119688030332327e-04
4.934600000000140426e+03 1.870388077804818749e-04
4.935500000000140972e+03 1.944156101671978831e-04
4.936400000000141517e+03 1.945260446518659592e-04
4.937300000000141154e+03 1.868185063358396292e-04
4.938200000000140790e+03 1.785849599400535226e-04
4.939100000000141335e+03 1.779670856194570661e-04
4.940000000000141881e+03 1.876023598015308380e-04
4.940900000000141517e+03 1.995208731386810541e-04
4.941800000000141154e+03 2.050595649052411318e-04
4.942700000000141699e+03 2.064377767965197563e-04
4.943600000000142245e+03 2.075856027659028769e-04
4.944500000000141881e+03 2.059203980024904013e-04
4.945400000000141517e+03 2.009953313972800970e-04
4.946300000000142063e+03 1.988609146792441607e-04
4.947200000000142609e+03 2.020110987359657884e-04
4.948100000000142245e+03 2.054414071608334780e-04
4.949000000000141881e+03 2.058493555523455143e-04
4.949900000000142427e+03 2.055055956589058042e-04
4.950800000000142973e+03 2.061579580185934901e-04
4.951700000000142609e+03 2.051762567134574056e-04
4.952600000000142245e+03 2.020777465077117085e-04
4.953500000000142791e+03 2.007457660511136055e-04
4.954400000000143336e+03 2.020522806560620666e-04
4.955300000000142973e+03 2.012877084780484438e-04
4.956200000000142609e+03 1.909853890538215637e-04
4.957100000000143154e+03 1.754429249558597803e-04
4.958000000000143700e+03 1.740466395858675241e-04
4.958900000000143336e+03 1.898071059258654714e-04
4.959800000000142973e+03 2.043050335487350821e-04
4.960700000000143518e+03 2.081916172755882144e-04
4.961600000000144064e+03 2.065094158751890063e-04
4.962500000000143700e+03 2.060709521174430847e-04
4.963400000000143336e+03 2.069863840006291866e-04
4.964300000000143882e+03 2.041505213128402829e-04
4.965200000000144428e+03 1.976489293156191707e-04
4.966100000000144064e+03 1.936256448971107602e-04
4.967000000000143700e+03 1.935972832143306732e-04
4.967900000000144246e+03 1.940963411470875144e-04
4.968800000000144792e+03 1.942363742273300886e-04
4.969700000000144428e+03 1.942779781529679894e-04
4.970600000000144064e+03 1.952092134160920978e-04
4.971500000000144610e+03 1.984463742701336741e-04
4.972400000000145155e+03 2.016948565142229199e-04
4.973300000000144792e+03 2.038998500211164355e-04
4.974200000000144428e+03 2.059758407995104790e-04
4.975100000000144973e+03 2.062380517600104213e-04
4.976000000000145519e+03 2.045041619567200541e-04
4.976900000000145155e+03 2.018676314037293196e-04
4.977800000000144792e+03 1.977273641387000680e-04
4.978700000000145337e+03 1.937571505550295115e-04
4.979600000000145883e+03 1.918726775329560041e-04
4.980500000000145519e+03 1.891978317871689796e-04
4.981400000000145155e+03 1.813251728890463710e-04
4.982300000000145701e+03 1.703107991488650441e-04
4.983200000000146247e+03 1.648436300456523895e-04
4.984100000000145883e+03 1.680857967585325241e-04
4.985000000000145519e+03 1.754385157255455852e-04
4.985900000000146065e+03 1.846030500018969178e-04
4.986800000000146611e+03 1.945635594893246889e-04
4.987700000000146247e+03 2.000705426326021552e-04
4.988600000000145883e+03 1.993408222915604711e-04
4.989500000000146429e+03 1.960416120709851384e-04
4.990400000000146974e+03 1.923783856909722090e-04
4.991300000000146611e+03 1.910469145514070988e-04
4.992200000000146247e+03 1.926205295603722334e-04
4.993100000000146792e+03 1.924264070112258196e-04
4.994000000000147338e+03 1.920812646858394146e-04
4.994900000000146974e+03 1.956988853635266423e-04
4.995800000000146611e+03 1.991062745219096541e-04
4.996700000000147156e+03 1.993925397982820868e-04
4.997600000000147702e+03 1.977871434064581990e-04
4.998500000000147338e+03 1.934743195306509733e-04
4.999400000000146974e+03 1.872512802947312593e-04
5.000300000000147520e+03 1.824129722081124783e-04
5.001200000000148066e+03 1.802664774004369974e-04
5.002100000000147702e+03 1.813401759136468172e-04
5.003000000000147338e+03 1.848256797529757023e-04
5.003900000000147884e+03 1.855102018453180790e-04
5.004800000000148430e+03 1.792540570022538304e-04
5.005700000000148066e+03 1.709680509520694613e-04
5.006600000000147702e+03 1.709326170384883881e-04
5.007500000000148248e+03 1.812258851714432240e-04
5.008400000000148793e+03 1.922373630804941058e-04
5.009300000000148430e+03 1.955544285010546446e-04
5.010200000000148066e+03 1.925629767356440425e-04
5.011100000000148611e+03 1.863435318227857351e-04
5.012000000000149157e+03 1.786641660146415234e-04
5.012900000000148793e+03 1.732964155962690711e-04
5.013800000000148430e+03 1.720441214274615049e-04
5.014700000000148975e+03 1.753743126755580306e-04
5.015600000000149521e+03 1.807830412872135639e-04
5.016500000000149157e+03 1.802386541385203600e-04
5.017400000000148793e+03 1.720442814985290170e-04
5.018300000000149339e+03 1.669157645665109158e-04
5.019200000000149885e+03 1.722879678709432483e-04
5.020100000000149521e+03 1.809463283279910684e-04
5.021000000000149157e+03 1.837783056544139981e-04
5.021900000000149703e+03 1.821439363993704319e-04
5.022800000000150249e+03 1.834017602959647775e-04
5.023700000000149885e+03 1.886375393951311707e-04
5.024600000000149521e+03 1.926201512105762959e-04
5.025500000000150067e+03 1.927708945004269481e-04
5.026400000000150612e+03 1.881971402326598763e-04
5.027300000000150249e+03 1.822681369958445430e-04
5.028200000000149885e+03 1.832217967603355646e-04
5.029100000000150430e+03 1.895810710266232491e-04
5.030000000000150976e+03 1.930743746925145388e-04
5.030900000000150612e+03 1.938612986123189330e-04
5.031800000000150249e+03 1.964737311936914921e-04
5.032700000000150794e+03 2.006073627853766084e-04
5.033600000000151340e+03 2.014269994106143713e-04
5.034500000000150976e+03 1.948861317941918969e-04
5.035400000000150612e+03 1.850552653195336461e-04
5.036300000000151158e+03 1.822605117922648787e-04
5.037200000000151704e+03 1.865128870122134686e-04
5.038100000000151340e+03 1.871977292466908693e-04
5.039000000000150976e+03 1.810424291761592031e-04
5.039900000000151522e+03 1.710804208414629102e-04
5.040800000000152068e+03 1.619793038116768003e-04
5.041700000000151704e+03 1.639741385588422418e-04
5.042600000000151340e+03 1.781770843081176281e-04
5.043500000000151886e+03 1.915405446197837591e-04
5.044400000000152431e+03 1.983929396374151111e-04
5.045300000000152068e+03 2.024595451075583696e-04
5.046200000000151704e+03 2.035088109550997615e-04
5.047100000000152249e+03 1.979968219529837370e-04
5.048000000000152795e+03 1.879798655863851309e-04
5.048900000000152431e+03 1.812103582778945565e-04
5.049800000000152068e+03 1.804876374080777168e-04
5.050700000000152613e+03 1.812141999835148454e-04
5.051600000000153159e+03 1.812756236176937819e-04
5.052500000000152795e+03 1.843346399255096912e-04
5.053400000000152431e+03 1.905720273498445749e-04
5.054300000000152977e+03 1.955289044417440891e-04
5.055200000000153523e+03 1.965585688594728708e-04
5.056100000000153159e+03 1.954009057953953743e-04
5.057000000000152795e+03 1.956101623363792896e-04
5.057900000000153341e+03 1.977001229533925653e-04
5.058800000000153887e+03 1.996117935050278902e-04
5.059700000000153523e+03 2.009527088375762105e-04
5.060600000000153159e+03 2.028220333158969879e-04
5.061500000000153705e+03 2.043491404037922621e-04
5.062400000000154250e+03 2.035072393482550979e-04
5.063300000000153887e+03 1.978656946448609233e-04
5.064200000000153523e+03 1.882312935777008533e-04
5.065100000000154068e+03 1.827041123760864139e-04
5.066000000000154614e+03 1.849992404459044337e-04
5.066900000000154250e+03 1.877120375866070390e-04
5.067800000000153887e+03 1.866303791757673025e-04
5.068700000000154432e+03 1.866895472630858421e-04
5.069600000000154978e+03 1.908680424094200134e-04
5.070500000000154614e+03 1.932508021127432585e-04
5.071400000000154250e+03 1.888433762360364199e-04
5.072300000000154796e+03 1.841016346588730812e-04
5.073200000000155342e+03 1.852584973676130176e-04
5.074100000000154978e+03 1.871573767857626081e-04
5.075000000000154614e+03 1.862058270489796996e-04
5.075900000000155160e+03 1.869013649411499500e-04
5.076800000000155705e+03 1.903510274132713675e-04
5.077700000000155342e+03 1.892310101538896561e-04
5.078600000000154978e+03 1.786763605196028948e-04
5.079500000000155524e+03 1.671744685154408216e-04
5.080400000000156069e+03 1.658373221289366484e-04
5.081300000000155705e+03 1.731585216475650668e-04
5.082200000000155342e+03 1.793138362700119615e-04
5.083100000000155887e+03 1.805739593692123890e-04
5.084000000000156433e+03 1.824494538595899940e-04
5.084900000000156069e+03 1.874782028608024120e-04
5.085800000000155705e+03 1.908076519612222910e-04
5.086700000000156251e+03 1.897018810268491507e-04
5.087600000000156797e+03 1.881185016827657819e-04
5.088500000000156433e+03 1.895602035801857710e-04
5.089400000000156069e+03 1.917744957609102130e-04
5.090300000000156615e+03 1.919935602927580476e-04
5.091200000000157161e+03 1.924001699080690742e-04
5.092100000000156797e+03 1.951206213561818004e-04
5.093000000000156433e+03 1.977953943423926830e-04
5.093900000000156979e+03 1.982039393624290824e-04
5.094800000000157524e+03 1.965316914720460773e-04
5.095700000000157161e+03 1.922839874168857932e-04
5.096600000000156797e+03 1.849424588726833463e-04
5.097500000000157343e+03 1.764758926583454013e-04
5.098400000000157888e+03 1.694426464382559061e-04
5.099300000000157524e+03 1.683917362242937088e-04
5.100200000000157161e+03 1.757976860972121358e-04
5.101100000000157706e+03 1.859684998635202646e-04
5.102000000000158252e+03 1.918691559694707394e-04
5.102900000000157888e+03 1.923155214171856642e-04
5.103800000000157524e+03 1.906072284327819943e-04
5.104700000000158070e+03 1.894903398351743817e-04
5.105600000000158616e+03 1.884150115074589849e-04
5.106500000000158252e+03 1.849867985583841801e-04
5.107400000000157888e+03 1.810365356504917145e-04
5.108300000000158434e+03 1.804439671104773879e-04
5.109200000000158980e+03 1.805539359338581562e-04
5.110100000000158616e+03 1.804146886570379138e-04
5.111000000000158252e+03 1.843329082475975156e-04
5.111900000000158798e+03 1.902645744848996401e-04
5.112800000000159343e+03 1.931518345372751355e-04
5.113700000000158980e+03 1.932174345711246133e-04
5.114600000000158616e+03 1.920171926030889153e-04
5.115500000000159162e+03 1.917691552080214024e-04
5.116400000000159707e+03 1.942780945682898164e-04
5.117300000000159343e+03 1.974030456040054560e-04
5.118200000000158980e+03 1.981119421543553472e-04
5.119100000000159525e+03 1.961992093129083514e-04
5.120000000000160071e+03 1.927566190715879202e-04
5.120900000000159707e+03 1.889936102088540792e-04
5.121800000000159343e+03 1.849616382969543338e-04
5.122700000000159889e+03 1.797059958335012197e-04
5.123600000000160435e+03 1.751964591676369309e-04
5.124500000000160071e+03 1.742904278216883540e-04
5.125400000000159707e+03 1.763273903634399176e-04
5.126300000000160253e+03 1.787831279216334224e-04
5.127200000000160799e+03 1.796338619897142053e-04
5.128100000000160435e+03 1.785912754712626338e-04
5.129000000000160071e+03 1.774950214894488454e-04
5.129900000000160617e+03 1.789952220860868692e-04
5.130800000000161162e+03 1.821165496949106455e-04
5.131700000000160799e+03 1.835051662055775523e-04
5.132600000000160435e+03 1.825958752306178212e-04
5.133500000000160981e+03 1.824570790631696582e-04
5.134400000000161526e+03 1.863913057604804635e-04
5.135300000000161162e+03 1.897057372843846679e-04
5.136200000000160799e+03 1.862013887148350477e-04
5.137100000000161344e+03 1.798697921913117170e-04
5.138000000000161890e+03 1.755053090164437890e-04
5.138900000000161526e+03 1.729274081299081445e-04
5.139800000000161162e+03 1.757618010742589831e-04
5.140700000000161708e+03 1.809638633858412504e-04
5.141600000000162254e+03 1.786859065759927034e-04
5.142500000000161890e+03 1.738201244734227657e-04
5.143400000000161526e+03 1.771279057720676064e-04
5.144300000000162072e+03 1.833492860896512866e-04
5.145200000000162618e+03 1.830765686463564634e-04
5.146100000000162254e+03 1.784132327884435654e-04
5.147000000000161890e+03 1.751971431076526642e-04
5.147900000000162436e+03 1.759701117407530546e-04
5.148800000000162981e+03 1.802142214728519320e-04
5.149700000000162618e+03 1.831909903557971120e-04
5.150600000000162254e+03 1.819387107389047742e-04
5.151500000000162800e+03 1.797122968127951026e-04
5.152400000000163345e+03 1.781426253728568554e-04
5.153300000000162981e+03 1.758465514285489917e-04
5.154200000000162618e+03 1.749471994116902351e-04
5.155100000000163163e+03 1.777916477294638753e-04
5.156000000000163709e+03 1.828012464102357626e-04
5.156900000000163345e+03 1.875687157735228539e-04
5.157800000000162981e+03 1.899193885037675500e-04
5.158700000000163527e+03 1.897927577374503016e-04
5.159600000000164073e+03 1.896976173156872392e-04
5.160500000000163709e+03 1.887282996904104948e-04
5.161400000000163345e+03 1.844755752244964242e-04
5.162300000000163891e+03 1.809296518331393600e-04
5.163200000000164437e+03 1.815519062802195549e-04
5.164100000000164073e+03 1.808019005693495274e-04
5.165000000000163709e+03 1.737595594022423029e-04
5.165900000000164255e+03 1.612194464541971684e-04
5.166800000000164800e+03 1.470536226406693459e-04
5.167700000000164437e+03 1.392338017467409372e-04
5.168600000000164073e+03 1.437635073671117425e-04
5.169500000000164619e+03 1.571068714838474989e-04
5.170400000000165164e+03 1.651377242524176836e-04
5.171300000000164800e+03 1.575053029228001833e-04
5.172200000000164437e+03 1.455681049264967442e-04
5.173100000000164982e+03 1.488106936449185014e-04
5.174000000000165528e+03 1.668190234340727329e-04
5.174900000000165164e+03 1.822128397179767489e-04
5.175800000000164800e+03 1.865922386059537530e-04
5.176700000000165346e+03 1.864435034804046154e-04
5.177600000000165892e+03 1.877134927781298757e-04
5.178500000000165528e+03 1.888409315142780542e-04
5.179400000000165164e+03 1.878230832517147064e-04
5.180300000000165710e+03 1.856739690992981195e-04
5.181200000000166256e+03 1.805401552701368928e-04
5.182100000000165892e+03 1.669567427597939968e-04
5.183000000000165528e+03 1.484614331275224686e-04
5.183900000000166074e+03 1.424679066985845566e-04
5.184800000000166619e+03 1.554343034513294697e-04
5.185700000000166256e+03 1.723765890346840024e-04
5.186600000000165892e+03 1.804700004868209362e-04
5.187500000000166438e+03 1.793626870494335890e-04
5.188400000000166983e+03 1.769455266185104847e-04
5.189300000000166619e+03 1.801316684577614069e-04
5.190200000000166256e+03 1.815611467463895679e-04
5.191100000000166801e+03 1.725124893710017204e-04
5.192000000000167347e+03 1.633265346754342318e-04
5.192900000000166983e+03 1.662721042521297932e-04
5.193800000000166619e+03 1.734350807964801788e-04
5.194700000000167165e+03 1.733851968310773373e-04
5.195600000000167711e+03 1.701773289823904634e-04
5.196500000000167347e+03 1.705193571979179978e-04
5.197400000000166983e+03 1.733040262479335070e-04
5.198300000000167529e+03 1.773993717506527901e-04
5.199200000000168075e+03 1.820158067857846618e-04
5.200100000000167711e+03 1.843544305302202702e-04
5.201000000000167347e+03 1.836787560023367405e-04
5.201900000000167893e+03 1.821516343625262380e-04
5.202800000000168438e+03 1.810475805541500449e-04
5.203700000000168075e+03 1.768154761521145701e-04
5.204600000000167711e+03 1.681848079897463322e-04
5.205500000000168257e+03 1.626409648451954126e-04
5.206400000000168802e+03 1.648276520427316427e-04
5.207300000000168438e+03 1.672526996117085218e-04
5.208200000000168075e+03 1.661271089687943459e-04
5.209100000000168620e+03 1.689266937319189310e-04
5.210000000000169166e+03 1.757280988385900855e-04
5.210900000000168802e+03 1.811013644328340888e-04
5.211800000000168438e+03 1.852234126999974251e-04
5.212700000000168984e+03 1.884434750536456704e-04
5.213600000000169530e+03 1.874154404504224658e-04
5.214500000000169166e+03 1.803097402444109321e-04
5.215400000000168802e+03 1.720584987197071314e-04
5.216300000000169348e+03 1.691371871856972575e-04
5.217200000000169894e+03 1.725941983750090003e-04
5.218100000000169530e+03 1.796352153178304434e-04
5.219000000000169166e+03 1.859870681073516607e-04
5.219900000000169712e+03 1.889569393824785948e-04
5.220800000000170257e+03 1.897190813906490803e-04
5.221700000000169894e+03 1.894408633233979344e-04
5.222600000000169530e+03 1.875283051049336791e-04
5.223500000000170076e+03 1.834880094975233078e-04
5.224400000000170621e+03 1.766244677128270268e-04
5.225300000000170257e+03 1.654584484640508890e-04
5.226200000000169894e+03 1.526223204564303160e-04
5.227100000000170439e+03 1.497194607509300113e-04
5.228000000000170985e+03 1.616866065887734294e-04
5.228900000000170621e+03 1.754456752678379416e-04
5.229800000000170257e+03 1.818373275455087423e-04
5.230700000000170803e+03 1.840191689552739263e-04
5.231600000000171349e+03 1.813415728975087404e-04
5.232500000000170985e+03 1.733723474899306893e-04
5.233400000000170621e+03 1.677404216025024652e-04
5.234300000000171167e+03 1.676771498750895262e-04
5.235200000000171713e+03 1.715247199172154069e-04
5.236100000000171349e+03 1.777292054612189531e-04
5.237000000000170985e+03 1.828744570957496762e-04
5.237900000000171531e+03 1.856262242654338479e-04
5.238800000000172076e+03 1.868021354312077165e-04
5.239700000000171713e+03 1.873291330412030220e-04
5.240600000000171349e+03 1.878495386335998774e-04
5.241500000000171894e+03 1.866107340902090073e-04
5.242400000000172440e+03 1.836856827139854431e-04
5.243300000000172076e+03 1.837054587667807937e-04
5.244200000000171713e+03 1.878355251392349601e-04
5.245100000000172258e+03 1.899595372378826141e-04
5.246000000000172804e+03 1.856415619840845466e-04
5.246900000000172440e+03 1.797290606191381812e-04
5.247800000000172076e+03 1.785247441148385406e-04
5.248700000000172622e+03 1.788548543117940426e-04
5.249600000000173168e+03 1.760446466505527496e-04
5.250500000000172804e+03 1.743642642395570874e-04
5.251400000000172440e+03 1.778043078957125545e-04
5.252300000000172986e+03 1.821166952140629292e-04
5.253200000000173532e+03 1.822152844397351146e-04
5.254100000000173168e+03 1.779120211722329259e-04
5.255000000000172804e+03 1.748694339767098427e-04
5.255900000000173350e+03 1.787664368748664856e-04
5.256800000000173895e+03 1.861464843386784196e-04
5.257700000000173532e+03 1.910797145683318377e-04
5.258600000000173168e+03 1.921821822179481387e-04
5.259500000000173713e+03 1.899237249745056033e-04
5.260400000000174259e+03 1.846023806137964129e-04
5.261300000000173895e+03 1.765164051903411746e-04
5.262200000000173532e+03 1.676237443462014198e-04
5.263100000000174077e+03 1.602676056791096926e-04
5.264000000000174623e+03 1.546284474898129702e-04
5.264900000000174259e+03 1.504130486864596605e-04
5.265800000000173895e+03 1.506854023318737745e-04
5.266700000000174441e+03 1.585584541317075491e-04
5.267600000000174987e+03 1.655526139074936509e-04
5.268500000000174623e+03 1.597000518813729286e-04
5.269400000000174259e+03 1.481736544519662857e-04
5.270300000000174805e+03 1.492435403633862734e-04
5.271200000000175351e+03 1.626180892344564199e-04
5.272100000000174987e+03 1.720364671200513840e-04
5.273000000000174623e+03 1.721361186355352402e-04
5.273900000000175169e+03 1.682611764408648014e-04
5.274800000000175714e+03 1.631980558158829808e-04
5.275700000000175351e+03 1.631299674045294523e-04
5.276600000000174987e+03 1.728334464132785797e-04
5.277500000000175532e+03 1.838595053413882852e-04
5.278400000000176078e+03 1.868980907602235675e-04
5.279300000000175714e+03 1.830729306675493717e-04
5.280200000000175351e+03 1.780201564542949200e-04
5.281100000000175896e+03 1.749288931023329496e-04
5.282000000000176442e+03 1.727152848616242409e-04
5.282900000000176078e+03 1.690010249149054289e-04
5.283800000000175714e+03 1.671998033998534083e-04
5.284700000000176260e+03 1.739011931931599975e-04
5.285600000000176806e+03 1.853137218859046698e-04
5.286500000000176442e+03 1.918261114042252302e-04
5.287400000000176078e+03 1.916738692671060562e-04
5.288300000000176624e+03 1.899115159176290035e-04
5.289200000000177170e+03 1.905662647914141417e-04
5.290100000000176806e+03 1.926223631016910076e-04
5.291000000000176442e+03 1.930734579218551517e-04
5.291900000000176988e+03 1.908020058181136847e-04
5.292800000000177533e+03 1.877559261629357934e-04
5.293700000000177170e+03 1.868259860202670097e-04
5.294600000000176806e+03 1.870454580057412386e-04
5.295500000000177351e+03 1.842318015405908227e-04
5.296400000000177897e+03 1.764580229064449668e-04
5.297300000000177533e+03 1.680399873293936253e-04
5.298200000000177170e+03 1.670790661592036486e-04
5.299100000000177715e+03 1.744074834277853370e-04
5.300000000000178261e+03 1.805258216336369514e-04
5.300900000000177897e+03 1.801562466425821185e-04
5.301800000000177533e+03 1.779667945811524987e-04
5.302700000000178079e+03 1.799332239897921681e-04
5.303600000000178625e+03 1.856198650784790516e-04
5.304500000000178261e+03 1.897748443298041821e-04
5.305400000000177897e+03 1.893288572318851948e-04
5.306300000000178443e+03 1.860585471149533987e-04
5.307200000000178989e+03 1.838182652136310935e-04
5.308100000000178625e+03 1.851235865615308285e-04
5.309000000000178261e+03 1.886276586446911097e-04
5.309900000000178807e+03 1.907615951495245099e-04
5.310800000000179352e+03 1.905969547806307673e-04
5.311700000000178989e+03 1.892365253297612071e-04
5.312600000000178625e+03 1.870653504738584161e-04
5.313500000000179170e+03 1.853977446444332600e-04
5.314400000000179716e+03 1.843260688474401832e-04
5.315300000000179352e+03 1.801195758162066340e-04
5.316200000000178989e+03 1.738640567054972053e-04
5.317100000000179534e+03 1.733941753627732396e-04
5.318000000000180080e+03 1.791716495063155890e-04
5.318900000000179716e+03 1.838277967181056738e-04
5.319800000000179352e+03 1.849798427429050207e-04
5.320700000000179898e+03 1.848370447987690568e-04
5.321600000000180444e+03 1.842368365032598376e-04
5.322500000000180080e+03 1.813124545151367784e-04
5.323400000000179716e+03 1.748926297295838594e-04
5.324300000000180262e+03 1.702398149063810706e-04
5.325200000000180808e+03 1.717850827844813466e-04
5.326100000000180444e+03 1.726922346279025078e-04
5.327000000000180080e+03 1.636027300264686346e-04
5.327900000000180626e+03 1.504997926531359553e-04
5.328800000000181171e+03 1.504603715147823095e-04
5.329700000000180808e+03 1.645136799197643995e-04
5.330600000000180444e+03 1.778516743797808886e-04
5.331500000000180989e+03 1.819473836803808808e-04
5.332400000000181535e+03 1.802257320377975702e-04
5.333300000000181171e+03 1.798505836632102728e-04
5.334200000000180808e+03 1.821898767957463861e-04
5.335100000000181353e+03 1.833614369388669729e-04
5.336000000000181899e+03 1.814644783735275269e-04
5.336900000000181535e+03 1.789845264283940196e-04
5.337800000000181171e+03 1.781118335202336311e-04
5.338700000000181717e+03 1.756105630192905664e-04
5.339600000000182263e+03 1.693811937002465129e-04
5.340500000000181899e+03 1.660931447986513376e-04
5.341400000000181535e+03 1.712746161501854658e-04
5.342300000000182081e+03 1.793345581972971559e-04
5.343200000000182627e+03 1.835861039580777287e-04
5.344100000000182263e+03 1.835207222029566765e-04
5.345000000000181899e+03 1.802645274437963963e-04
5.345900000000182445e+03 1.776491553755477071e-04
5.346800000000182990e+03 1.781636092346161604e-04
5.347700000000182627e+03 1.778688456397503614e-04
5.348600000000182263e+03 1.751963427523151040e-04
5.349500000000182808e+03 1.747544883983209729e-04
5.350400000000183354e+03 1.792265684343874454e-04
5.351300000000182990e+03 1.844460784923285246e-04
5.352200000000182627e+03 1.857130264397710562e-04
5.353100000000183172e+03 1.849692489486187696e-04
5.354000000000183718e+03 1.869490370154380798e-04
5.354900000000183354e+03 1.907189580379053950e-04
5.355800000000182990e+03 1.925599208334460855e-04
5.356700000000183536e+03 1.925555261550471187e-04
5.357600000000184082e+03 1.922555966302752495e-04
5.358500000000183718e+03 1.921451621456071734e-04
5.359400000000183354e+03 1.918283087434247136e-04
5.360300000000183900e+03 1.897979818750172853e-04
5.361200000000184446e+03 1.850653206929564476e-04
5.362100000000184082e+03 1.800014433683827519e-04
5.363000000000183718e+03 1.774932170519605279e-04
5.363900000000184264e+03 1.761890307534486055e-04
5.364800000000184809e+03 1.747364585753530264e-04
5.365700000000184446e+03 1.752335811033844948e-04
5.366600000000184082e+03 1.764067419571802020e-04
5.367500000000184627e+03 1.763532054610550404e-04
5.368400000000185173e+03 1.745984045555815101e-04
5.369300000000184809e+03 1.691666548140347004e-04
5.370200000000184446e+03 1.621914125280454755e-04
5.371100000000184991e+03 1.605410361662507057e-04
5.372000000000185537e+03 1.676872634561732411e-04
5.372900000000185173e+03 1.780397869879379869e-04
5.373800000000184809e+03 1.845629885792732239e-04
5.374700000000185355e+03 1.872465654741972685e-04
5.375600000000185901e+03 1.872345746960490942e-04
5.376500000000185537e+03 1.852162968134507537e-04
5.377400000000185173e+03 1.839568139985203743e-04
5.378300000000185719e+03 1.839533942984417081e-04
5.379200000000186265e+03 1.825168728828430176e-04
5.380100000000185901e+03 1.794947602320462465e-04
5.381000000000185537e+03 1.776682183844968677e-04
5.381900000000186083e+03 1.769057853380218148e-04
5.382800000000186628e+03 1.757560385158285499e-04
5.383700000000186265e+03 1.773767580743879080e-04
5.384600000000185901e+03 1.823147322284057736e-04
5.385500000000186446e+03 1.852537825470790267e-04
5.386400000000186992e+03 1.847093080868944526e-04
5.387300000000186628e+03 1.833720598369836807e-04
5.388200000000186265e+03 1.815326249925419688e-04
5.389100000000186810e+03 1.784177729859948158e-04
5.390000000000187356e+03 1.756218844093382359e-04
5.390900000000186992e+03 1.743141765473410487e-04
5.391800000000186628e+03 1.735348487272858620e-04
5.392700000000187174e+03 1.730677322484552860e-04
5.393600000000187720e+03 1.741296000545844436e-04
5.394500000000187356e+03 1.761294843163341284e-04
5.395400000000186992e+03 1.746823982102796435e-04
5.396300000000187538e+03 1.680903369560837746e-04
5.397200000000188084e+03 1.640805421629920602e-04
5.398100000000187720e+03 1.682932634139433503e-04
5.399000000000187356e+03 1.740107836667448282e-04
5.399900000000187902e+03 1.750446099322289228e-04
5.400800000000188447e+03 1.750355440890416503e-04
5.401700000000188084e+03 1.766131754266098142e-04
5.402600000000187720e+03 1.746882335282862186e-04
5.403500000000188265e+03 1.666996540734544396e-04
5.404400000000188811e+03 1.583773992024362087e-04
5.405300000000188447e+03 1.557730283821001649e-04
5.406200000000188084e+03 1.601888070581480861e-04
5.407100000000188629e+03 1.677639520494267344e-04
5.408000000000189175e+03 1.715248508844524622e-04
5.408900000000188811e+03 1.685446186456829309e-04
5.409800000000188447e+03 1.642784336581826210e-04
5.410700000000188993e+03 1.660151610849425197e-04
5.411600000000189539e+03 1.730077638057991862e-04
5.412500000000189175e+03 1.780187594704329967e-04
5.413400000000188811e+03 1.771407114574685693e-04
5.414300000000189357e+03 1.736350386636331677e-04
5.415200000000189902e+03 1.735650002956390381e-04
5.416100000000189539e+03 1.782588806236162782e-04
5.417000000000189175e+03 1.822745252866297960e-04
5.417900000000189721e+03 1.822083577280864120e-04
5.418800000000190266e+03 1.797476870706304908e-04
5.419700000000189902e+03 1.769316295394673944e-04
5.420600000000189539e+03 1.757112331688404083e-04
5.421500000000190084e+03 1.772174873622134328e-04
5.422400000000190630e+03 1.773533294908702374e-04
5.423300000000190266e+03 1.719498395686969161e-04
5.424200000000189902e+03 1.671422796789556742e-04
5.425100000000190448e+03 1.707485935185104609e-04
5.426000000000190994e+03 1.792208786355331540e-04
5.426900000000190630e+03 1.842257915996015072e-04
5.427800000000190266e+03 1.807334483601152897e-04
5.428700000000190812e+03 1.705327886156737804e-04
5.429600000000191358e+03 1.645224983803927898e-04
5.430500000000190994e+03 1.694449019851163030e-04
5.431400000000190630e+03 1.757792924763634801e-04
5.432300000000191176e+03 1.746767957229167223e-04
5.433200000000191721e+03 1.696811377769336104e-04
5.434100000000191358e+03 1.663075672695413232e-04
5.435000000000190994e+03 1.668760523898527026e-04
5.435900000000191540e+03 1.706563052721321583e-04
5.436800000000192085e+03 1.759617007337510586e-04
5.437700000000191721e+03 1.815136492950841784e-04
5.438600000000191358e+03 1.853814464993774891e-04
5.439500000000191903e+03 1.867428654804825783e-04
5.440400000000192449e+03 1.864350342657417059e-04
5.441300000000192085e+03 1.857715542428195477e-04
5.442200000000191721e+03 1.855977170635014772e-04
5.443100000000192267e+03 1.843461941462010145e-04
5.444000000000192813e+03 1.797639270080253482e-04
5.444900000000192449e+03 1.721423323033377528e-04
5.445800000000192085e+03 1.640544069232419133e-04
5.446700000000192631e+03 1.611362822586670518e-04
5.447600000000193177e+03 1.676042738836258650e-04
5.448500000000192813e+03 1.775619311956688762e-04
5.449400000000192449e+03 1.831371773732826114e-04
5.450300000000192995e+03 1.839561300585046411e-04
5.451200000000193540e+03 1.830100227380171418e-04
5.452100000000193177e+03 1.817202282836660743e-04
5.453000000000192813e+03 1.791840477380901575e-04
5.453900000000193359e+03 1.731272786855697632e-04
5.454800000000193904e+03 1.647131139179691672e-04
5.455700000000193540e+03 1.624698634259402752e-04
5.456600000000193177e+03 1.701956934994086623e-04
5.457500000000193722e+03 1.796335709514096379e-04
5.458400000000194268e+03 1.839154137996956706e-04
5.459300000000193904e+03 1.836049777921289206e-04
5.460200000000193540e+03 1.812558766687288880e-04
5.461100000000194086e+03 1.771728129824623466e-04
5.462000000000194632e+03 1.705029135337099433e-04
5.462900000000194268e+03 1.655798696447163820e-04
5.463800000000193904e+03 1.681604480836540461e-04
5.464700000000194450e+03 1.742417953209951520e-04
5.465600000000194996e+03 1.763212931109592319e-04
5.466500000000194632e+03 1.757243881002068520e-04
5.467400000000194268e+03 1.770284579833969474e-04
5.468300000000194814e+03 1.789425004972144961e-04
5.469200000000195359e+03 1.785740896593779325e-04
5.470100000000194996e+03 1.771103852661326528e-04
5.471000000000194632e+03 1.768168876878917217e-04
5.471900000000195178e+03 1.757793361321091652e-04
5.472800000000195723e+03 1.725528418319299817e-04
5.473700000000195359e+03 1.708123163552954793e-04
5.474600000000194996e+03 1.699713902780786157e-04
5.475500000000195541e+03 1.637006935197860003e-04
5.476400000000196087e+03 1.555165217723697424e-04
5.477300000000195723e+03 1.566950231790542603e-04
5.478200000000195359e+03 1.664214942138642073e-04
5.479100000000195905e+03 1.733506360324099660e-04
5.480000000000196451e+03 1.719898864394053817e-04
5.480900000000196087e+03 1.676746469456702471e-04
5.481800000000195723e+03 1.676657557254657149e-04
5.482700000000196269e+03 1.715594989946112037e-04
5.483600000000196815e+03 1.761516177793964744e-04
5.484500000000196451e+03 1.799806923372671008e-04
5.485400000000196087e+03 1.804745988920331001e-04
5.486300000000196633e+03 1.760646555339917541e-04
5.487200000000197178e+03 1.707163173705339432e-04
5.488100000000196815e+03 1.701488654362037778e-04
5.489000000000196451e+03 1.730711810523644090e-04
5.489900000000196997e+03 1.753065298544242978e-04
5.490800000000197542e+03 1.767586945788934827e-04
5.491700000000197178e+03 1.771826937329024076e-04
5.492600000000196815e+03 1.751436357153579593e-04
5.493500000000197360e+03 1.730673538986593485e-04
5.494400000000197906e+03 1.741781597957015038e-04
5.495300000000197542e+03 1.759803708409890532e-04
5.496200000000197178e+03 1.741136220516636968e-04
5.497100000000197724e+03 1.710213691694661975e-04
5.498000000000198270e+03 1.728279021335765719e-04
5.498900000000197906e+03 1.778520818334072828e-04
5.499800000000197542e+03 1.785346103133633733e-04
5.500700000000198088e+03 1.734013203531503677e-04
5.501600000000198634e+03 1.682564179645851254e-04
5.502500000000198270e+03 1.676333631621673703e-04
5.503400000000197906e+03 1.704624010017141700e-04
5.504300000000198452e+03 1.728283386910334229e-04
5.505200000000198997e+03 1.712939119897782803e-04
5.506100000000198634e+03 1.677897380432114005e-04
5.507000000000198270e+03 1.680768764344975352e-04
5.507900000000198816e+03 1.713676610961556435e-04
5.508800000000199361e+03 1.725017646094784141e-04
5.509700000000198997e+03 1.714819372864440084e-04
5.510600000000198634e+03 1.702804584056138992e-04
5.511500000000199179e+03 1.684963062871247530e-04
5.512400000000199725e+03 1.671883510425686836e-04
5.513300000000199361e+03 1.683860900811851025e-04
5.514200000000198997e+03 1.711279182927682996e-04
5.515100000000199543e+03 1.733803364913910627e-04
5.516000000000200089e+03 1.744121691444888711e-04
5.516900000000199725e+03 1.756008714437484741e-04
5.517800000000199361e+03 1.778818113962188363e-04
5.518700000000199907e+03 1.793107512639835477e-04
5.519600000000200453e+03 1.787725632311776280e-04
5.520500000000200089e+03 1.774576667230576277e-04
5.521400000000199725e+03 1.767174398992210627e-04
5.522300000000200271e+03 1.768838992575183511e-04
5.523200000000200816e+03 1.771767565514892340e-04
5.524100000000200453e+03 1.761448802426457405e-04
5.525000000000200089e+03 1.736226986395195127e-04
5.525900000000200635e+03 1.705326576484367251e-04
5.526800000000201180e+03 1.664903684286400676e-04
5.527700000000200816e+03 1.622437412152066827e-04
5.528600000000200453e+03 1.626029115868732333e-04
5.529500000000200998e+03 1.687528565526008606e-04
5.530400000000201544e+03 1.746798225212842226e-04
5.531300000000201180e+03 1.764495682436972857e-04
5.532200000000200816e+03 1.754444529069587588e-04
5.533100000000201362e+03 1.732188829919323325e-04
5.534000000000201908e+03 1.694709644652903080e-04
5.534900000000201544e+03 1.667220640229061246e-04
5.535800000000201180e+03 1.687291078269481659e-04
5.536700000000201726e+03 1.728044444462284446e-04
5.537600000000202272e+03 1.745178888086229563e-04
5.538500000000201908e+03 1.750855153659358621e-04
5.539400000000201544e+03 1.766184141160920262e-04
5.540300000000202090e+03 1.782906765583902597e-04
5.541200000000202635e+03 1.782164326868951321e-04
5.542100000000202272e+03 1.753615215420722961e-04
5.543000000000201908e+03 1.717553095659241080e-04
5.543900000000202454e+03 1.706708862911909819e-04
5.544800000000202999e+03 1.714663667371496558e-04
5.545700000000202635e+03 1.718958228593692183e-04
5.546600000000202272e+03 1.729760551825165749e-04
5.547500000000202817e+03 1.759386213961988688e-04
5.548400000000203363e+03 1.786571228876709938e-04
5.549300000000202999e+03 1.795787393348291516e-04
5.550200000000202635e+03 1.795542048057541251e-04
5.551100000000203181e+03 1.789971138350665569e-04
5.552000000000203727e+03 1.773803378455340862e-04
5.552900000000203363e+03 1.746489724610000849e-04
5.553800000000202999e+03 1.721390581224113703e-04
5.554700000000203545e+03 1.717877603368833661e-04
5.555600000000204091e+03 1.736114500090479851e-04
5.556500000000203727e+03 1.750289957271888852e-04
5.557400000000203363e+03 1.746693451423197985e-04
5.558300000000203909e+03 1.743162283673882484e-04
5.559200000000204454e+03 1.745585032040253282e-04
5.560100000000204091e+03 1.743121829349547625e-04
5.561000000000203727e+03 1.733281678752973676e-04
5.561900000000204273e+03 1.712739322101697326e-04
5.562800000000204818e+03 1.691888173809275031e-04
5.563700000000204454e+03 1.691513461992144585e-04
5.564600000000204091e+03 1.695846585789695382e-04
5.565500000000204636e+03 1.685130409896373749e-04
5.566400000000205182e+03 1.680024870438501239e-04
5.567300000000204818e+03 1.689471537247300148e-04
5.568200000000204454e+03 1.689177006483078003e-04
5.569100000000205000e+03 1.674836530582979321e-04
5.570000000000205546e+03 1.685679890215396881e-04
5.570900000000205182e+03 1.712436205707490444e-04
5.571800000000204818e+03 1.691997895250096917e-04
5.572700000000205364e+03 1.652549399295821786e-04
5.573600000000205910e+03 1.670407218625769019e-04
5.574500000000205546e+03 1.714764075586572289e-04
5.575400000000205182e+03 1.718784624245017767e-04
5.576300000000205728e+03 1.707611227175220847e-04
5.577200000000206273e+03 1.716986589599400759e-04
5.578100000000205910e+03 1.726584450807422400e-04
5.579000000000205546e+03 1.731939992168918252e-04
5.579900000000206091e+03 1.741278101690113544e-04
5.580800000000206637e+03 1.737196143949404359e-04
5.581700000000206273e+03 1.720747241051867604e-04
5.582600000000205910e+03 1.718569255899637938e-04
5.583500000000206455e+03 1.727215712890028954e-04
5.584400000000207001e+03 1.719969877740368247e-04
5.585300000000206637e+03 1.678634580457583070e-04
5.586200000000206273e+03 1.609066239325329661e-04
5.587100000000206819e+03 1.553208712721243501e-04
5.588000000000207365e+03 1.541096571600064635e-04
5.588900000000207001e+03 1.561976823722943664e-04
5.589800000000206637e+03 1.602577540325000882e-04
5.590700000000207183e+03 1.644846779527142644e-04
5.591600000000207729e+03 1.664906012592837214e-04
5.592500000000207365e+03 1.660578709561377764e-04
5.593400000000207001e+03 1.638153044041246176e-04
5.594300000000207547e+03 1.628044701647013426e-04
5.595200000000208092e+03 1.671376812737435102e-04
5.596100000000207729e+03 1.727880880935117602e-04
5.597000000000207365e+03 1.721953303785994649e-04
5.597900000000207910e+03 1.668493932811543345e-04
5.598800000000208456e+03 1.640566479181870818e-04
5.599700000000208092e+03 1.642528077354654670e-04
5.600600000000207729e+03 1.628522295504808426e-04
5.601500000000208274e+03 1.599129172973334789e-04
5.602400000000208820e+03 1.587780716363340616e-04
5.603300000000208456e+03 1.624230790184810758e-04
5.604200000000208092e+03 1.697510306257754564e-04
5.605100000000208638e+03 1.754940021783113480e-04
5.606000000000209184e+03 1.775490236468613148e-04
5.606900000000208820e+03 1.773316180333495140e-04
5.607800000000208456e+03 1.765282941050827503e-04
5.608700000000209002e+03 1.759459119057282805e-04
5.609600000000209548e+03 1.757219870341941714e-04
5.610500000000209184e+03 1.761864259606227279e-04
5.611400000000208820e+03 1.773411931935697794e-04
5.612300000000209366e+03 1.779003359843045473e-04
5.613200000000209911e+03 1.750474912114441395e-04
5.614100000000209548e+03 1.665374584263190627e-04
5.615000000000209184e+03 1.569744053995236754e-04
5.615900000000209729e+03 1.555691414978355169e-04
5.616800000000210275e+03 1.624198193894699216e-04
5.617700000000209911e+03 1.684406743152067065e-04
5.618600000000209548e+03 1.694717066129669547e-04
5.619500000000210093e+03 1.688586926320567727e-04
5.620400000000210639e+03 1.697861443972215056e-04
5.621300000000210275e+03 1.720574655337259173e-04
5.622200000000209911e+03 1.727050403133034706e-04
5.623100000000210457e+03 1.689235359663143754e-04
5.624000000000211003e+03 1.624233118491247296e-04
5.624900000000210639e+03 1.595722569618374109e-04
5.625800000000210275e+03 1.629100006539374590e-04
5.626700000000210821e+03 1.674829691182821989e-04
5.627600000000211367e+03 1.697736588539555669e-04
5.628500000000211003e+03 1.717066188575699925e-04
5.629400000000210639e+03 1.741340674925595522e-04
5.630300000000211185e+03 1.754828117555007339e-04
5.631200000000211730e+03 1.754060940584167838e-04
5.632100000000211367e+03 1.742637832649052143e-04
5.633000000000211003e+03 1.723325403872877359e-04
5.633900000000211548e+03 1.704719907138496637e-04
5.634800000000212094e+03 1.694347884040325880e-04
5.635700000000211730e+03 1.683325681369751692e-04
5.636600000000211367e+03 1.659569388721138239e-04
5.637500000000211912e+03 1.641783019294962287e-04
5.638400000000212458e+03 1.656417007325217128e-04
5.639300000000212094e+03 1.681292487774044275e-04
5.640200000000211730e+03 1.674748491495847702e-04
5.641100000000212276e+03 1.650230406085029244e-04
5.642000000000212822e+03 1.650884514674544334e-04
5.642900000000212458e+03 1.671082864049822092e-04
5.643800000000212094e+03 1.683959853835403919e-04
5.644700000000212640e+03 1.692190271569415927e-04
5.645600000000213186e+03 1.703405723674222827e-04
5.646500000000212822e+03 1.716357510304078460e-04
5.647400000000212458e+03 1.723399909678846598e-04
5.648300000000213004e+03 1.713587698759511113e-04
5.649200000000213549e+03 1.691675861366093159e-04
5.650100000000213186e+03 1.681768917478621006e-04
5.651000000000212822e+03 1.696179533610120416e-04
5.651900000000213367e+03 1.716028928058221936e-04
5.652800000000213913e+03 1.714568934403359890e-04
5.653700000000213549e+03 1.680777932051569223e-04
5.654600000000213186e+03 1.643374707782641053e-04
5.655500000000213731e+03 1.644713483983650804e-04
5.656400000000214277e+03 1.657588873058557510e-04
5.657300000000213913e+03 1.613573986105620861e-04
5.658200000000213549e+03 1.547151332488283515e-04
5.659100000000214095e+03 1.554026239318773150e-04
5.660000000000214641e+03 1.619111862964928150e-04
5.660900000000214277e+03 1.648207689868286252e-04
5.661800000000213913e+03 1.620280381757766008e-04
5.662700000000214459e+03 1.598882663529366255e-04
5.663600000000215005e+03 1.628485624678432941e-04
5.664500000000214641e+03 1.677223044680431485e-04
5.665400000000214277e+03 1.696348626865074039e-04
5.666300000000214823e+03 1.679381239227950573e-04
5.667200000000215368e+03 1.655726082390174270e-04
5.668100000000215005e+03 1.650656777201220393e-04
5.669000000000214641e+03 1.661318383412435651e-04
5.669900000000215186e+03 1.676049578236415982e-04
5.670800000000215732e+03 1.692906807875260711e-04
5.671700000000215368e+03 1.715795078780502081e-04
5.672600000000215005e+03 1.737495767883956432e-04
5.673500000000215550e+03 1.742282038321718574e-04
5.674400000000216096e+03 1.725119655020534992e-04
5.675300000000215732e+03 1.708372728899121284e-04
5.676200000000215368e+03 1.715831895126029849e-04
5.677100000000215914e+03 1.726693881209939718e-04
5.678000000000216460e+03 1.716632541501894593e-04
5.678900000000216096e+03 1.702388835838064551e-04
5.679800000000215732e+03 1.702404842944815755e-04
5.680700000000216278e+03 1.695420796750113368e-04
5.681600000000216824e+03 1.656566164456307888e-04
5.682500000000216460e+03 1.617847010493278503e-04
5.683400000000216096e+03 1.619706599740311503e-04
5.684300000000216642e+03 1.647182507440447807e-04
5.685200000000217187e+03 1.662116555962711573e-04
5.686100000000216824e+03 1.646057207835838199e-04
5.687000000000216460e+03 1.618720125406980515e-04
5.687900000000217005e+03 1.609299943083897233e-04
5.688800000000217551e+03 1.629936305107548833e-04
5.689700000000217187e+03 1.667278702370822430e-04
5.690600000000216824e+03 1.691838842816650867e-04
5.691500000000217369e+03 1.706492330413311720e-04
5.692400000000217915e+03 1.716938859317451715e-04
5.693300000000217551e+03 1.710180949885398149e-04
5.694200000000217187e+03 1.696234539849683642e-04
5.695100000000217733e+03 1.696219551376998425e-04
5.696000000000218279e+03 1.706775219645351171e-04
5.696900000000217915e+03 1.706071634544059634e-04
5.697800000000217551e+03 1.686414907453581691e-04
5.698700000000218097e+03 1.670620113145560026e-04
5.699600000000218643e+03 1.662737049628049135e-04
5.700500000000218279e+03 1.643204595893621445e-04
5.701400000000217915e+03 1.623860007384791970e-04
5.702300000000218461e+03 1.633251085877418518e-04
5.703200000000219006e+03 1.663576258579269052e-04
5.704100000000218643e+03 1.676024257903918624e-04
5.705000000000218279e+03 1.651377970119938254e-04
5.705900000000218824e+03 1.613529311725869775e-04
5.706800000000219370e+03 1.591817417647689581e-04
5.707700000000219006e+03 1.574659545440226793e-04
5.708600000000218643e+03 1.549748703837394714e-04
5.709500000000219188e+03 1.545905106468126178e-04
5.710400000000219734e+03 1.563671539770439267e-04
5.711300000000219370e+03 1.573689660290256143e-04
5.712200000000219006e+03 1.597017981112003326e-04
5.713100000000219552e+03 1.641664857743307948e-04
5.714000000000220098e+03 1.668063778197392821e-04
5.714900000000219734e+03 1.672263315413147211e-04
5.715800000000219370e+03 1.682216679910197854e-04
5.716700000000219916e+03 1.690923672867938876e-04
5.717600000000220462e+03 1.686647010501474142e-04
5.718500000000220098e+03 1.690383651293814182e-04
5.719400000000219734e+03 1.703711459413170815e-04
5.720300000000220280e+03 1.712090888759121299e-04
5.721200000000220825e+03 1.719818537821993232e-04
5.722100000000220462e+03 1.729389914544299245e-04
5.723000000000220098e+03 1.733961689751595259e-04
5.723900000000220643e+03 1.732522068778052926e-04
5.724800000000221189e+03 1.727899652905762196e-04
5.725700000000220825e+03 1.714687241474166512e-04
5.726600000000220462e+03 1.693627855274826288e-04
5.727500000000221007e+03 1.687432377366349101e-04
5.728400000000221553e+03 1.703195885056629777e-04
5.729300000000221189e+03 1.716137194307520986e-04
5.730200000000220825e+03 1.704277528915554285e-04
5.731100000000221371e+03 1.676372921792790294e-04
5.732000000000221917e+03 1.667725737206637859e-04
5.732900000000221553e+03 1.689233467914164066e-04
5.733800000000221189e+03 1.712812954792752862e-04
5.734700000000221735e+03 1.722911692922934890e-04
5.735600000000222281e+03 1.720857399050146341e-04
5.736500000000221917e+03 1.712108642095699906e-04
5.737400000000221553e+03 1.705872273305431008e-04
5.738300000000222099e+03 1.705400500213727355e-04
5.739200000000222644e+03 1.707328192424029112e-04
5.740100000000222281e+03 1.707329356577247381e-04
5.741000000000221917e+03 1.702771114651113749e-04
5.741900000000222462e+03 1.693805534159764647e-04
5.742800000000223008e+03 1.688736083451658487e-04
5.743700000000222644e+03 1.698240521363914013e-04
5.744600000000222281e+03 1.716187834972515702e-04
5.745500000000222826e+03 1.723487657727673650e-04
5.746400000000223372e+03 1.704038586467504501e-04
5.747300000000223008e+03 1.666142779868096113e-04
5.748200000000222644e+03 1.648910110816359520e-04
5.749100000000223190e+03 1.671433419687673450e-04
5.750000000000223736e+03 1.702467416180297732e-04
5.750900000000223372e+03 1.703746092971414328e-04
5.751800000000223008e+03 1.668576442170888186e-04
5.752700000000223554e+03 1.619133399799466133e-04
5.753600000000224099e+03 1.588997547514736652e-04
5.754500000000223736e+03 1.603572018211707473e-04
5.755400000000223372e+03 1.650932972552254796e-04
5.756300000000223918e+03 1.690882199909538031e-04
5.757200000000224463e+03 1.708681229501962662e-04
5.758100000000224099e+03 1.710349315544590354e-04
5.759000000000223736e+03 1.696361869107931852e-04
5.759900000000224281e+03 1.670390192884951830e-04
5.760800000000224827e+03 1.641444396227598190e-04
5.761700000000224463e+03 1.612700289115309715e-04
5.762600000000224099e+03 1.597788505023345351e-04
5.763500000000224645e+03 1.625849545234814286e-04
5.764400000000225191e+03 1.680702116573229432e-04
5.765300000000224827e+03 1.714414538582786918e-04
5.766200000000224463e+03 1.722810702631250024e-04
5.767100000000225009e+03 1.723522727843374014e-04
5.768000000000225555e+03 1.717593841021880507e-04
5.768900000000225191e+03 1.708255149424076080e-04
5.769800000000224827e+03 1.701144356047734618e-04
5.770700000000225373e+03 1.691922661848366261e-04
5.771600000000225918e+03 1.679203705862164497e-04
5.772500000000225555e+03 1.673434308031573892e-04
5.773400000000225191e+03 1.672455691732466221e-04
5.774300000000225737e+03 1.666149037191644311e-04
5.775200000000226282e+03 1.669360208325088024e-04
5.776100000000225918e+03 1.689205673756077886e-04
5.777000000000225555e+03 1.705308823147788644e-04
5.777900000000226100e+03 1.703866000752896070e-04
5.778800000000226646e+03 1.683431182755157351e-04
5.779700000000226282e+03 1.641914568608626723e-04
5.780600000000225918e+03 1.592412882018834352e-04
5.781500000000226464e+03 1.568700390635058284e-04
5.782400000000227010e+03 1.580469397595152259e-04
5.783300000000226646e+03 1.594693458173424006e-04
5.784200000000226282e+03 1.585039717610925436e-04
5.785100000000226828e+03 1.572919863974675536e-04
5.786000000000227374e+03 1.594871719134971499e-04
5.786900000000227010e+03 1.635231456020846963e-04
5.787800000000226646e+03 1.659358094912022352e-04
5.788700000000227192e+03 1.669066259637475014e-04
5.789600000000227737e+03 1.662116555962711573e-04
5.790500000000227374e+03 1.638729154365137219e-04
5.791400000000227010e+03 1.629380421945825219e-04
5.792300000000227556e+03 1.641768467379733920e-04
5.793200000000228101e+03 1.657553366385400295e-04
5.794100000000227737e+03 1.673383812885731459e-04
5.795000000000227374e+03 1.688046468188986182e-04
5.795900000000227919e+03 1.683872251305729151e-04
5.796800000000228465e+03 1.655329688219353557e-04
5.797700000000228101e+03 1.632541680010035634e-04
5.798600000000227737e+03 1.646217860979959369e-04
5.799500000000228283e+03 1.681119174463674426e-04
5.800400000000228829e+03 1.703459711279720068e-04
5.801300000000228465e+03 1.709362841211259365e-04
5.802200000000228101e+03 1.705820614006370306e-04
5.803100000000228647e+03 1.685301831457763910e-04
5.804000000000229193e+03 1.652841310715302825e-04
5.804900000000228829e+03 1.631870691198855639e-04
5.805800000000228465e+03 1.631594059290364385e-04
5.806700000000229011e+03 1.644617441343143582e-04
5.807600000000229556e+03 1.658471010159701109e-04
5.808500000000229193e+03 1.665108138695359230e-04
5.809400000000228829e+03 1.670695055508986115e-04
5.810300000000229375e+03 1.681069406913593411e-04
5.811200000000229920e+03 1.688973134150728583e-04
5.812100000000229556e+03 1.688957854639738798e-04
5.813000000000229193e+03 1.684849557932466269e-04
5.813900000000229738e+03 1.674336526775732636e-04
5.814800000000230284e+03 1.652263308642432094e-04
5.815700000000229920e+03 1.628619211260229349e-04
5.816600000000229556e+03 1.628985774004831910e-04
5.817500000000230102e+03 1.660405978327617049e-04
5.818400000000230648e+03 1.692794030532240868e-04
5.819300000000230284e+03 1.704766182228922844e-04
5.820200000000229920e+03 1.705425966065376997e-04
5.821100000000230466e+03 1.701553992461413145e-04
5.822000000000231012e+03 1.694272796157747507e-04
5.822900000000230648e+03 1.687308686086907983e-04
5.823800000000230284e+03 1.686360192252323031e-04
5.824700000000230830e+03 1.692279038252308965e-04
5.825600000000231375e+03 1.695619721431285143e-04
5.826500000000231012e+03 1.693211379460990429e-04
5.827400000000230648e+03 1.691181823844090104e-04
5.828300000000231194e+03 1.694040838629007339e-04
5.829200000000231739e+03 1.698618434602394700e-04
5.830100000000231375e+03 1.696592953521758318e-04
5.831000000000231012e+03 1.689547643763944507e-04
5.831900000000231557e+03 1.686514297034591436e-04
5.832800000000232103e+03 1.684794697212055326e-04
5.833700000000231739e+03 1.675960811553522944e-04
5.834600000000231375e+03 1.665634335950016975e-04
5.835500000000231921e+03 1.669464545557275414e-04
5.836400000000232467e+03 1.680309069342911243e-04
5.837300000000232103e+03 1.677561813266947865e-04
5.838200000000231739e+03 1.670944911893457174e-04
5.839100000000232285e+03 1.678515109233558178e-04
5.840000000000232831e+03 1.694663369562476873e-04
5.840900000000232467e+03 1.705136819509789348e-04
5.841800000000232103e+03 1.706271432340145111e-04
5.842700000000232649e+03 1.702776498859748244e-04
5.843600000000233194e+03 1.695814426057040691e-04
5.844500000000232831e+03 1.685656898189336061e-04
5.845400000000232467e+03 1.672968210186809301e-04
5.846300000000233013e+03 1.658163237152621150e-04
5.847200000000233558e+03 1.648707402637228370e-04
5.848100000000233194e+03 1.649937912588939071e-04
5.849000000000232831e+03 1.659940026002004743e-04
5.849900000000233376e+03 1.670610654400661588e-04
5.850800000000233922e+03 1.668514596531167626e-04
5.851700000000233558e+03 1.644660806050524116e-04
5.852600000000233194e+03 1.607468002475798130e-04
5.853500000000233740e+03 1.588221057318150997e-04
5.854400000000234286e+03 1.602845295565202832e-04
5.855300000000233922e+03 1.618730893824249506e-04
5.856200000000233558e+03 1.598451490281149745e-04
5.857100000000234104e+03 1.555862691020593047e-04
5.858000000000234650e+03 1.543098915135487914e-04
5.858900000000234286e+03 1.570659223943948746e-04
5.859800000000233922e+03 1.606333389645442367e-04
5.860700000000234468e+03 1.627338060643523932e-04
5.861600000000235013e+03 1.623620628379285336e-04
5.862500000000234650e+03 1.614802313270047307e-04
5.863400000000234286e+03 1.627785095479339361e-04
5.864300000000234832e+03 1.649655896471813321e-04
5.865200000000235377e+03 1.654556981520727277e-04
5.866100000000235013e+03 1.643338182475417852e-04
5.867000000000234650e+03 1.637573586776852608e-04
5.867900000000235195e+03 1.647491153562441468e-04
5.868800000000235741e+03 1.661733695073053241e-04
5.869700000000235377e+03 1.670648634899407625e-04
5.870600000000235013e+03 1.672444486757740378e-04
5.871500000000235559e+03 1.667617325438186526e-04
5.872400000000236105e+03 1.659187400946393609e-04
5.873300000000235741e+03 1.656023523537442088e-04
5.874200000000235377e+03 1.662952709011733532e-04
5.875100000000235923e+03 1.666284806560724974e-04
5.876000000000236469e+03 1.658888795645907521e-04
5.876900000000236105e+03 1.650523045100271702e-04
5.877800000000235741e+03 1.645332376938313246e-04
5.878700000000236287e+03 1.636743982089683414e-04
5.879600000000236832e+03 1.624354918021708727e-04
5.880500000000236469e+03 1.621295377844944596e-04
5.881400000000236105e+03 1.630502083571627736e-04
5.882300000000236651e+03 1.632207276998087764e-04
5.883200000000237196e+03 1.618082169443368912e-04
5.884100000000236832e+03 1.608732854947447777e-04
5.885000000000236469e+03 1.618059613974764943e-04
5.885900000000237014e+03 1.628199970582500100e-04
5.886800000000237560e+03 1.616595691302791238e-04
5.887700000000237196e+03 1.559154479764401913e-04
5.888600000000236832e+03 1.428378454875200987e-04
5.889500000000237378e+03 1.284384343307465315e-04
5.890400000000237924e+03 1.265182072529569268e-04
5.891300000000237560e+03 1.375451247440651059e-04
5.892200000000237196e+03 1.483097003074362874e-04
5.893100000000237742e+03 1.527292624814435840e-04
5.894000000000238288e+03 1.506282424088567495e-04
5.894900000000237924e+03 1.409184333169832826e-04
5.895800000000237560e+03 1.321094459854066372e-04
5.896700000000238106e+03 1.361812901450321078e-04
5.897600000000238651e+03 1.480273786000907421e-04
5.898500000000238288e+03 1.556511851958930492e-04
5.899400000000237924e+03 1.583596749696880579e-04
5.900300000000238470e+03 1.602801348781213164e-04
5.901200000000239015e+03 1.616674562683328986e-04
5.902100000000238651e+03 1.620647235540673137e-04
5.903000000000238288e+03 1.622817071620374918e-04
5.903900000000238833e+03 1.621792471269145608e-04
5.904800000000239379e+03 1.611501211300492287e-04
5.905700000000239015e+03 1.601847761776298285e-04
5.906600000000238651e+03 1.606522273505106568e-04
5.907500000000239197e+03 1.621408737264573574e-04
5.908400000000239743e+03 1.629593316465616226e-04
5.909300000000239379e+03 1.626009616302326322e-04
5.910200000000239015e+03 1.627083693165332079e-04
5.911100000000239561e+03 1.637208479223772883e-04
5.912000000000240107e+03 1.635813241591677070e-04
5.912900000000239743e+03 1.606698497198522091e-04
5.913800000000239379e+03 1.567632571095600724e-04
5.914700000000239925e+03 1.554540940560400486e-04
5.915600000000240470e+03 1.569375599501654506e-04
5.916500000000240107e+03 1.593093475094065070e-04
5.917400000000239743e+03 1.612343039596453309e-04
5.918300000000240289e+03 1.621419069124385715e-04
5.919200000000240834e+03 1.627547462703660131e-04
5.920100000000240470e+03 1.631092454772442579e-04
5.921000000000240107e+03 1.626351440791040659e-04
5.921900000000240652e+03 1.618138485355302691e-04
5.922800000000241198e+03 1.616613735677674413e-04
5.923700000000240834e+03 1.622878771740943193e-04
5.924600000000240470e+03 1.630654587643221021e-04
5.925500000000241016e+03 1.638457761146128178e-04
5.926400000000241562e+03 1.638704707147553563e-04
5.927300000000241198e+03 1.624418364372104406e-04
5.928200000000240834e+03 1.600463147042319179e-04
5.929100000000241380e+03 1.571429602336138487e-04
5.930000000000241926e+03 1.557448267703875899e-04
5.930900000000241562e+03 1.581457472639158368e-04
5.931800000000241198e+03 1.617320231162011623e-04
5.932700000000241744e+03 1.625305303605273366e-04
5.933600000000242289e+03 1.604865392437204719e-04
5.934500000000241926e+03 1.587424776516854763e-04
5.935400000000241562e+03 1.597400550963357091e-04
5.936300000000242107e+03 1.620263647055253386e-04
5.937200000000242653e+03 1.632975327083840966e-04
5.938100000000242289e+03 1.638614048715680838e-04
5.939000000000241926e+03 1.640220289118587971e-04
5.939900000000242471e+03 1.628345198696479201e-04
5.940800000000243017e+03 1.606633886694908142e-04
5.941700000000242653e+03 1.595562061993405223e-04
5.942600000000242289e+03 1.600498508196324110e-04
5.943500000000242835e+03 1.612221094546839595e-04
5.944400000000243381e+03 1.626477169338613749e-04
5.945300000000243017e+03 1.635227963561192155e-04
5.946200000000242653e+03 1.632105850148946047e-04
5.947100000000243199e+03 1.611422048881649971e-04
5.948000000000243745e+03 1.578325027367100120e-04
5.948900000000243381e+03 1.563006808282807469e-04
5.949800000000243017e+03 1.583710982231423259e-04
5.950700000000243563e+03 1.609527535038068891e-04
5.951600000000244108e+03 1.602238917257636786e-04
5.952500000000243745e+03 1.576648064656183124e-04
5.953400000000243381e+03 1.577824587002396584e-04
5.954300000000243926e+03 1.603686105227097869e-04
5.955200000000244472e+03 1.614576030988246202e-04
5.956100000000244108e+03 1.600381656317040324e-04
5.957000000000243745e+03 1.585406425874680281e-04
5.957900000000244290e+03 1.585277350386604667e-04
5.958800000000244836e+03 1.597658992977812886e-04
5.959700000000244472e+03 1.612871419638395309e-04
5.960600000000244108e+03 1.623093703528866172e-04
5.961500000000244654e+03 1.628381578484550118e-04
5.962400000000245200e+03 1.630773913348093629e-04
5.963300000000244836e+03 1.632942148717120290e-04
5.964200000000244472e+03 1.630598417250439525e-04
5.965100000000245018e+03 1.620156981516629457e-04
5.966000000000245564e+03 1.613654458196833730e-04
5.966900000000245200e+03 1.619776303414255381e-04
5.967800000000244836e+03 1.627897290745750070e-04
5.968700000000245382e+03 1.632265630178153515e-04
5.969600000000245927e+03 1.637563400436192751e-04
5.970500000000245564e+03 1.644420262891799212e-04
5.971400000000245200e+03 1.647479657549411058e-04
5.972300000000245745e+03 1.645059674046933651e-04
5.973200000000246291e+03 1.640862756175920367e-04
5.974100000000245927e+03 1.629634934943169355e-04
5.975000000000245564e+03 1.605568977538496256e-04
5.975900000000246109e+03 1.580608513904735446e-04
5.976800000000246655e+03 1.570400636410340667e-04
5.977700000000246291e+03 1.575808419147506356e-04
5.978600000000245927e+03 1.589527382748201489e-04
5.979500000000246473e+03 1.610783365322276950e-04
5.980400000000247019e+03 1.628259924473240972e-04
5.981300000000246655e+03 1.626966404728591442e-04
5.982200000000246291e+03 1.603564742254093289e-04
5.983100000000246837e+03 1.560402597533538938e-04
5.984000000000247383e+03 1.525867555756121874e-04
5.984900000000247019e+03 1.530988374724984169e-04
5.985800000000246655e+03 1.558721560286357999e-04
5.986700000000247201e+03 1.574624620843678713e-04
5.987600000000247746e+03 1.582298718858510256e-04
5.988500000000247383e+03 1.596317888470366597e-04
5.989400000000247019e+03 1.606189325684681535e-04
5.990300000000247564e+03 1.594391796970739961e-04
5.991200000000248110e+03 1.574326888658106327e-04
5.992100000000247746e+03 1.577780785737559199e-04
5.993000000000247383e+03 1.602566189831122756e-04
5.993900000000247928e+03 1.620331313461065292e-04
5.994800000000248474e+03 1.618643291294574738e-04
5.995700000000248110e+03 1.601136755198240280e-04
5.996600000000247746e+03 1.573239132994785905e-04
5.997500000000248292e+03 1.553011534269899130e-04
5.998400000000248838e+03 1.558159565320238471e-04
5.999300000000248474e+03 1.578982482897117734e-04
6.000200000000248110e+03 1.594889181433245540e-04
6.001100000000248656e+03 1.594124041730538011e-04
6.002000000000249202e+03 1.574775087647140026e-04
6.002900000000248838e+03 1.558706862851977348e-04
6.003800000000248474e+03 1.567503641126677394e-04
6.004700000000249020e+03 1.582036638865247369e-04
6.005600000000249565e+03 1.577055372763425112e-04
6.006500000000249202e+03 1.553505426272749901e-04
6.007400000000248838e+03 1.520787336630746722e-04
6.008300000000249383e+03 1.509249705122783780e-04
6.009200000000249929e+03 1.542322715977206826e-04
6.010100000000249565e+03 1.585276477271690965e-04
6.011000000000249202e+03 1.597517693880945444e-04
6.011900000000249747e+03 1.576613140059635043e-04
6.012800000000250293e+03 1.546747371321544051e-04
6.013700000000249929e+03 1.540894445497542620e-04
6.014600000000249565e+03 1.556557544972747564e-04
6.015500000000250111e+03 1.560573728056624532e-04
6.016400000000250657e+03 1.551453751744702458e-04
6.017300000000250293e+03 1.556666538817808032e-04
6.018200000000249929e+03 1.566529681440442801e-04
6.019100000000250475e+03 1.549959706608206034e-04
6.020000000000251021e+03 1.522236416349187493e-04
6.020900000000250657e+03 1.516877382528036833e-04
6.021800000000250293e+03 1.530527952127158642e-04
6.022700000000250839e+03 1.541231467854231596e-04
6.023600000000251384e+03 1.540728699183091521e-04
6.024500000000251021e+03 1.549423905089497566e-04
6.025400000000250657e+03 1.570088643347844481e-04
6.026300000000251202e+03 1.573968766024336219e-04
6.027200000000251748e+03 1.570103195263072848e-04
6.028100000000251384e+03 1.580713433213531971e-04
6.029000000000251021e+03 1.593513734405860305e-04
6.029900000000251566e+03 1.596992951817810535e-04
6.030800000000252112e+03 1.598118105903267860e-04
6.031700000000251748e+03 1.604026765562593937e-04
6.032600000000251384e+03 1.608531601959839463e-04
6.033500000000251930e+03 1.608628372196108103e-04
6.034400000000252476e+03 1.606369914952665567e-04
6.035300000000252112e+03 1.605316065251827240e-04
6.036200000000251748e+03 1.608207821846008301e-04
6.037100000000252294e+03 1.611860207049176097e-04
6.038000000000252840e+03 1.612123305676504970e-04
6.038900000000252476e+03 1.607188751222565770e-04
6.039800000000252112e+03 1.599016977706924081e-04
6.040700000000252658e+03 1.589089515618979931e-04
6.041600000000253203e+03 1.578305382281541824e-04
6.042500000000252840e+03 1.581507240189239383e-04
6.043400000000252476e+03 1.599571551196277142e-04
6.044300000000253021e+03 1.608994789421558380e-04
6.045200000000253567e+03 1.604820281499996781e-04
6.046100000000253203e+03 1.600892865099012852e-04
6.047000000000252840e+03 1.604053832124918699e-04
6.047900000000253385e+03 1.607582817086949944e-04
6.048800000000253931e+03 1.608912862138822675e-04
6.049700000000253567e+03 1.613272470422089100e-04
6.050600000000253203e+03 1.615270157344639301e-04
6.051500000000253749e+03 1.602978300070390105e-04
6.052400000000254295e+03 1.581461838213726878e-04
6.053300000000253931e+03 1.566594291944056749e-04
6.054200000000253567e+03 1.564396661706268787e-04
6.055100000000254113e+03 1.560631790198385715e-04
6.056000000000254659e+03 1.554086484247818589e-04
6.056900000000254295e+03 1.563299156259745359e-04
6.057800000000253931e+03 1.583566627232357860e-04
6.058700000000254477e+03 1.598494127392768860e-04
6.059600000000255022e+03 1.604623103048652411e-04
6.060500000000254659e+03 1.603098207851871848e-04
6.061400000000254295e+03 1.595397479832172394e-04
6.062300000000254840e+03 1.584706333233043551e-04
6.063200000000255386e+03 1.571969041833654046e-04
6.064100000000255022e+03 1.547720894450321794e-04
6.065000000000254659e+03 1.519480283604934812e-04
6.065900000000255204e+03 1.525221887277439237e-04
6.066800000000255750e+03 1.566202263347804546e-04
6.067700000000255386e+03 1.600475807208567858e-04
6.068600000000255022e+03 1.610477775102481246e-04
6.069500000000255568e+03 1.609901082701981068e-04
6.070400000000256114e+03 1.608803868293762207e-04
6.071300000000255750e+03 1.610054168850183487e-04
6.072200000000255386e+03 1.613761705812066793e-04
6.073100000000255932e+03 1.615835208212956786e-04
6.074000000000256478e+03 1.614392822375521064e-04
6.074900000000256114e+03 1.609151950106024742e-04
6.075800000000255750e+03 1.599249226273968816e-04
6.076700000000256296e+03 1.581887045176699758e-04
6.077600000000256841e+03 1.554744376335293055e-04
6.078500000000256478e+03 1.534129696665331721e-04
6.079400000000256114e+03 1.542641111882403493e-04
6.080300000000256659e+03 1.561493554618209600e-04
6.081200000000257205e+03 1.559581141918897629e-04
6.082100000000256841e+03 1.547188585391268134e-04
6.083000000000256478e+03 1.543796097394078970e-04
6.083900000000257023e+03 1.544754049973562360e-04
6.084800000000257569e+03 1.540573284728452563e-04
6.085700000000257205e+03 1.538257492939010262e-04
6.086600000000256841e+03 1.546583662275224924e-04
6.087500000000257387e+03 1.560679083922877908e-04
6.088400000000257933e+03 1.564949925523251295e-04
6.089300000000257569e+03 1.553145993966609240e-04
6.090200000000257205e+03 1.541230158181861043e-04
6.091100000000257751e+03 1.540157536510378122e-04
6.092000000000258296e+03 1.541706878924742341e-04
6.092900000000257933e+03 1.543016842333599925e-04
6.093800000000257569e+03 1.552819594508036971e-04
6.094700000000258115e+03 1.570536696817725897e-04
6.095600000000258660e+03 1.577311923028901219e-04
6.096500000000258296e+03 1.568773732287809253e-04
6.097400000000257933e+03 1.562606776133179665e-04
6.098300000000258478e+03 1.568669540574774146e-04
6.099200000000259024e+03 1.579879171913489699e-04
6.100100000000258660e+03 1.577341608935967088e-04
6.101000000000258296e+03 1.537921343697234988e-04
6.101900000000258842e+03 1.465226087020710111e-04
6.102800000000259388e+03 1.424861402483657002e-04
6.103700000000259024e+03 1.465325913159176707e-04
6.104600000000258660e+03 1.532144378870725632e-04
6.105500000000259206e+03 1.564445701660588384e-04
6.106400000000259752e+03 1.564526319270953536e-04
6.107300000000259388e+03 1.553868642076849937e-04
6.108200000000259024e+03 1.553651236463338137e-04
6.109100000000259570e+03 1.568846928421407938e-04
6.110000000000260115e+03 1.575417409185320139e-04
6.110900000000259752e+03 1.564095291541889310e-04
6.111800000000259388e+03 1.556210627313703299e-04
6.112700000000259934e+03 1.561717654112726450e-04
6.113600000000260479e+03 1.572359324200078845e-04
6.114500000000260115e+03 1.574218622408807278e-04
6.115400000000259752e+03 1.557311043143272400e-04
6.116300000000260297e+03 1.542403188068419695e-04
6.117200000000260843e+03 1.552997418912127614e-04
6.118100000000260479e+03 1.568394218338653445e-04
6.119000000000260115e+03 1.562455290695652366e-04
6.119900000000260661e+03 1.542660756967961788e-04
6.120800000000261207e+03 1.511913287686184049e-04
6.121700000000260843e+03 1.474334712838754058e-04
6.122600000000260479e+03 1.471786090405657887e-04
6.123500000000261025e+03 1.515476615168154240e-04
6.124400000000261571e+03 1.550295273773372173e-04
6.125300000000261207e+03 1.553853799123317003e-04
6.126200000000260843e+03 1.548014843137934804e-04
6.127100000000261389e+03 1.538662036182358861e-04
6.128000000000261934e+03 1.525862171547487378e-04
6.128900000000261571e+03 1.521639205748215318e-04
6.129800000000261207e+03 1.530888839624822140e-04
6.130700000000261753e+03 1.542975805932655931e-04
6.131600000000262298e+03 1.549766602693125606e-04
6.132500000000261934e+03 1.557809882797300816e-04
6.133400000000261571e+03 1.564354897709563375e-04
6.134300000000262116e+03 1.548797445138916373e-04
6.135200000000262662e+03 1.495893084211274981e-04
6.136100000000262298e+03 1.412633282598108053e-04
6.137000000000261934e+03 1.358244480798020959e-04
6.137900000000262480e+03 1.393302081851288676e-04
6.138800000000263026e+03 1.482908701291307807e-04
6.139700000000262662e+03 1.534221082692965865e-04
6.140600000000262298e+03 1.509267458459362388e-04
6.141500000000262844e+03 1.462033687857910991e-04
6.142400000000263390e+03 1.469944108976051211e-04
6.143300000000263026e+03 1.522296370239928365e-04
6.144200000000262662e+03 1.556378119857981801e-04
6.145100000000263208e+03 1.559613010613247752e-04
6.146000000000263753e+03 1.549337903270497918e-04
6.146900000000263390e+03 1.528987777419388294e-04
6.147800000000263026e+03 1.503912353655323386e-04
6.148700000000263572e+03 1.492162264185026288e-04
6.149600000000264117e+03 1.500313082942739129e-04
6.150500000000263753e+03 1.519920188002288342e-04
6.151400000000263390e+03 1.537997013656422496e-04
6.152300000000263935e+03 1.546998828416690230e-04
6.153200000000264481e+03 1.540271186968311667e-04
6.154100000000264117e+03 1.515490293968468904e-04
6.155000000000263753e+03 1.499216887168586254e-04
6.155900000000264299e+03 1.505605760030448437e-04
6.156800000000264845e+03 1.514114846941083670e-04
6.157700000000264481e+03 1.517862838227301836e-04
6.158600000000264117e+03 1.523703394923359156e-04
6.159500000000264663e+03 1.511738082626834512e-04
6.160400000000265209e+03 1.459137129131704569e-04
6.161300000000264845e+03 1.389630779158324003e-04
6.162200000000264481e+03 1.358992740279063582e-04
6.163100000000265027e+03 1.387653464917093515e-04
6.164000000000265572e+03 1.442813663743436337e-04
6.164900000000265209e+03 1.483083033235743642e-04
6.165800000000264845e+03 1.498681667726486921e-04
6.166700000000265391e+03 1.511095761088654399e-04
6.167600000000265936e+03 1.509152498329058290e-04
6.168500000000265572e+03 1.466565590817481279e-04
6.169400000000265209e+03 1.416355225956067443e-04
6.170300000000265754e+03 1.419786131009459496e-04
6.171200000000266300e+03 1.471023861085996032e-04
6.172100000000265936e+03 1.507686974946409464e-04
6.173000000000265572e+03 1.509561407146975398e-04
6.173900000000266118e+03 1.505059044575318694e-04
6.174800000000266664e+03 1.500755315646529198e-04
6.175700000000266300e+03 1.490962604293599725e-04
6.176600000000265936e+03 1.488206762587651610e-04
6.177500000000266482e+03 1.503969251643866301e-04
6.178400000000267028e+03 1.520980877103284001e-04
6.179300000000266664e+03 1.518970093457028270e-04
6.180200000000266300e+03 1.514662726549431682e-04
6.181100000000266846e+03 1.526104606455191970e-04
6.182000000000267391e+03 1.539312070235610008e-04
6.182900000000267028e+03 1.540018711239099503e-04
6.183800000000266664e+03 1.536041381768882275e-04
6.184700000000267210e+03 1.531729940325021744e-04
6.185600000000267755e+03 1.516716583864763379e-04
6.186500000000267391e+03 1.498136698501184583e-04
6.187400000000267028e+03 1.492123701609671116e-04
6.188300000000267573e+03 1.498374622315168381e-04
6.189200000000268119e+03 1.500466023571789265e-04
6.190100000000267755e+03 1.471536234021186829e-04
6.191000000000267391e+03 1.423980429535731673e-04
6.191900000000267937e+03 1.422753557562828064e-04
6.192800000000268483e+03 1.474416640121489763e-04
6.193700000000268119e+03 1.514252362539991736e-04
6.194600000000267755e+03 1.520826335763558745e-04
6.195500000000268301e+03 1.522214733995497227e-04
6.196400000000268847e+03 1.533354079583659768e-04
6.197300000000268483e+03 1.539625955047085881e-04
6.198200000000268119e+03 1.524733670521527529e-04
6.199100000000268665e+03 1.494331372668966651e-04
6.200000000000269210e+03 1.477958430768921971e-04
6.200900000000268847e+03 1.494062016718089581e-04
6.201800000000268483e+03 1.524140971014276147e-04
6.202700000000269029e+03 1.540490629849955440e-04
6.203600000000269574e+03 1.538639335194602609e-04
6.204500000000269210e+03 1.533854374429211020e-04
6.205400000000268847e+03 1.535342307761311531e-04
6.206300000000269392e+03 1.538022333988919854e-04
6.207200000000269938e+03 1.537362841190770268e-04
6.208100000000269574e+03 1.535277697257697582e-04
6.209000000000269210e+03 1.532341848360374570e-04
6.209900000000269756e+03 1.528885622974485159e-04
6.210800000000270302e+03 1.525338593637570739e-04
6.211700000000269938e+03 1.513549359515309334e-04
6.212600000000269574e+03 1.484233507653698325e-04
6.213500000000270120e+03 1.449867559131234884e-04
6.214400000000270666e+03 1.430955162504687905e-04
6.215300000000270302e+03 1.433607831131666899e-04
6.216200000000269938e+03 1.455219462513923645e-04
6.217100000000270484e+03 1.481900981161743402e-04
6.218000000000271029e+03 1.485760294599458575e-04
6.218900000000270666e+03 1.461647771066054702e-04
6.219800000000270302e+03 1.442660723114386201e-04
6.220700000000270848e+03 1.452140713809058070e-04
6.221600000000271393e+03 1.476702746003866196e-04
6.222500000000271029e+03 1.494447496952489018e-04
6.223400000000270666e+03 1.494401076342910528e-04
6.224300000000271211e+03 1.488998241256922483e-04
6.225200000000271757e+03 1.492827723268419504e-04
6.226100000000271393e+03 1.498730125604197383e-04
6.227000000000271029e+03 1.501314109191298485e-04
6.227900000000271575e+03 1.498560741310939193e-04
6.228800000000272121e+03 1.472330914111807942e-04
6.229700000000271757e+03 1.422780915163457394e-04
6.230600000000271393e+03 1.390023244312033057e-04
6.231500000000271939e+03 1.402134948875755072e-04
6.232400000000272485e+03 1.434175355825573206e-04
6.233300000000272121e+03 1.466952526243403554e-04
6.234200000000271757e+03 1.502974191680550575e-04
6.235100000000272303e+03 1.523472019471228123e-04
6.236000000000272848e+03 1.513272727606818080e-04
6.236900000000272485e+03 1.481379295000806451e-04
6.237800000000272121e+03 1.450444833608344197e-04
6.238700000000272667e+03 1.435740414308384061e-04
6.239600000000273212e+03 1.434691512258723378e-04
6.240500000000272848e+03 1.449405826861038804e-04
6.241400000000272485e+03 1.468309928895905614e-04
6.242300000000273030e+03 1.460386265534907579e-04
6.243200000000273576e+03 1.434525765944272280e-04
6.244100000000273212e+03 1.423094508936628699e-04
6.245000000000272848e+03 1.419142790837213397e-04
6.245900000000273394e+03 1.407970557920634747e-04
6.246800000000273940e+03 1.409567048540338874e-04
6.247700000000273576e+03 1.438003528164699674e-04
6.248600000000273212e+03 1.470921997679397464e-04
6.249500000000273758e+03 1.489640126237645745e-04
6.250400000000274304e+03 1.489340356783941388e-04
6.251300000000273940e+03 1.461281935917213559e-04
6.252200000000273576e+03 1.418994361301884055e-04
6.253100000000274122e+03 1.395472208969295025e-04
6.254000000000274667e+03 1.397258020006120205e-04
6.254900000000274304e+03 1.410135591868311167e-04
6.255800000000273940e+03 1.417219027644023299e-04
6.256700000000274486e+03 1.416252489434555173e-04
6.257600000000275031e+03 1.412394194630905986e-04
6.258500000000274667e+03 1.415591978002339602e-04
6.259400000000274304e+03 1.438483159290626645e-04
6.260300000000274849e+03 1.462021900806576014e-04
6.261200000000275395e+03 1.474214514018967748e-04
6.262100000000275031e+03 1.489708229200914502e-04
6.263000000000274667e+03 1.502611412433907390e-04
6.263900000000275213e+03 1.491024449933320284e-04
6.264800000000275759e+03 1.464733213651925325e-04
6.265700000000275395e+03 1.461910578655079007e-04
6.266600000000275031e+03 1.483782834839075804e-04
6.267500000000275577e+03 1.495816686656326056e-04
6.268400000000276123e+03 1.489003188908100128e-04
6.269300000000275759e+03 1.476115430705249310e-04
6.270200000000275395e+03 1.469351409468799829e-04
6.271100000000275941e+03 1.472545554861426353e-04
6.272000000000276486e+03 1.484331005485728383e-04
6.272900000000276123e+03 1.494513126090168953e-04
6.273800000000275759e+03 1.497114426456391811e-04
6.274700000000276304e+03 1.498223282396793365e-04
6.275600000000276850e+03 1.500313228461891413e-04
6.276500000000276486e+03 1.497528282925486565e-04
6.277400000000276123e+03 1.490239956183359027e-04
6.278300000000276668e+03 1.481037470512092113e-04
6.279200000000277214e+03 1.465209206799045205e-04
6.280100000000276850e+03 1.449501869501546025e-04
6.281000000000276486e+03 1.453413860872387886e-04
6.281900000000277032e+03 1.471107680117711425e-04
6.282800000000277578e+03 1.489243732066825032e-04
6.283700000000277214e+03 1.502650702605023980e-04
6.284600000000276850e+03 1.502048544352874160e-04
6.285500000000277396e+03 1.495879114372655749e-04
6.286400000000277942e+03 1.498680212534964085e-04
6.287300000000277578e+03 1.507038687122985721e-04
6.288200000000277214e+03 1.513395982328802347e-04
6.289100000000277760e+03 1.509321882622316480e-04
6.290000000000278305e+03 1.489959977334365249e-04
6.290900000000277942e+03 1.470033166697248816e-04
6.291800000000277578e+03 1.465222594561055303e-04
6.292700000000278123e+03 1.471025607315823436e-04
6.293600000000278669e+03 1.481175568187609315e-04
6.294500000000278305e+03 1.489169371780008078e-04
6.295400000000277942e+03 1.481890212744474411e-04
6.296300000000278487e+03 1.461273786844685674e-04
6.297200000000279033e+03 1.443347864551469684e-04
6.298100000000278669e+03 1.439536426914855838e-04
6.299000000000278305e+03 1.447578106308355927e-04
6.299900000000278851e+03 1.445608213543891907e-04
6.300800000000279397e+03 1.421465567545965314e-04
6.301700000000279033e+03 1.399039465468376875e-04
6.302600000000278669e+03 1.412153942510485649e-04
6.303500000000279215e+03 1.446284441044554114e-04
6.304400000000279761e+03 1.466528628952801228e-04
6.305300000000279397e+03 1.470895658712834120e-04
6.306200000000279033e+03 1.478688500355929136e-04
6.307100000000279579e+03 1.493016170570626855e-04
6.308000000000280124e+03 1.499297213740646839e-04
6.308900000000279761e+03 1.491676812293007970e-04
6.309800000000279397e+03 1.473757001804187894e-04
6.310700000000279942e+03 1.458259066566824913e-04
6.311600000000280488e+03 1.456010650144889951e-04
6.312500000000280124e+03 1.461864449083805084e-04
6.313400000000279761e+03 1.454288722015917301e-04
6.314300000000280306e+03 1.425079681212082505e-04
6.315200000000280852e+03 1.406037918059155345e-04
6.316100000000280488e+03 1.411806733813136816e-04
6.317000000000280124e+03 1.407557865604758263e-04
6.317900000000280670e+03 1.385412033414468169e-04
6.318800000000281216e+03 1.385807117912918329e-04
6.319700000000280852e+03 1.417526946170255542e-04
6.320600000000280488e+03 1.442495558876544237e-04
6.321500000000281034e+03 1.444490626454353333e-04
6.322400000000281580e+03 1.440290070604532957e-04
6.323300000000281216e+03 1.451394200557842851e-04
6.324200000000280852e+03 1.473954325774684548e-04
6.325100000000281398e+03 1.486218679929152131e-04
6.326000000000281943e+03 1.482814695918932557e-04
6.326900000000281580e+03 1.471962168579921126e-04
6.327800000000281216e+03 1.469037961214780807e-04
6.328700000000281761e+03 1.474507298553362489e-04
6.329600000000282307e+03 1.469117269152775407e-04
6.330500000000281943e+03 1.457035104976966977e-04
6.331400000000281580e+03 1.456611789762973785e-04
6.332300000000282125e+03 1.468808186473324895e-04
6.333200000000282671e+03 1.474916789447888732e-04
6.334100000000282307e+03 1.454275334253907204e-04
6.335000000000281943e+03 1.411747361999005079e-04
6.335900000000282489e+03 1.383181079290807247e-04
6.336800000000283035e+03 1.389453827869147062e-04
6.337700000000282671e+03 1.411251869285479188e-04
6.338600000000282307e+03 1.423127978341653943e-04
6.339500000000282853e+03 1.435318845324218273e-04
6.340400000000283399e+03 1.456388563383370638e-04
6.341300000000283035e+03 1.462860527681186795e-04
6.342200000000282671e+03 1.446637761546298862e-04
6.343100000000283217e+03 1.421406923327594995e-04
6.344000000000283762e+03 1.409076066920533776e-04
6.344900000000283399e+03 1.415331644238904119e-04
6.345800000000283035e+03 1.414589787600561976e-04
6.346700000000283580e+03 1.402078924002125859e-04
6.347600000000284126e+03 1.409118849551305175e-04
6.348500000000283762e+03 1.438855833839625120e-04
6.349400000000283399e+03 1.459470950067043304e-04
6.350300000000283944e+03 1.463246007915586233e-04
6.351200000000284490e+03 1.463360094930976629e-04
6.352100000000284126e+03 1.462208601878955960e-04
6.353000000000283762e+03 1.454215380363166332e-04
6.353900000000284308e+03 1.435541053069755435e-04
6.354800000000284854e+03 1.421268389094620943e-04
6.355700000000284490e+03 1.427314564352855086e-04
6.356600000000284126e+03 1.438195176888257265e-04
6.357500000000284672e+03 1.426668895874172449e-04
6.358400000000285218e+03 1.403905916959047318e-04
6.359300000000284854e+03 1.394073333358392119e-04
6.360200000000284490e+03 1.392176491208374500e-04
6.361100000000285036e+03 1.378884189762175083e-04
6.362000000000285581e+03 1.363773335469886661e-04
6.362900000000285218e+03 1.367590593872591853e-04
6.363800000000284854e+03 1.388228411087766290e-04
6.364700000000285399e+03 1.410544646205380559e-04
6.365600000000285945e+03 1.426371600246056914e-04
6.366500000000285581e+03 1.436058519175276160e-04
6.367400000000285218e+03 1.445895031793043017e-04
6.368300000000285763e+03 1.447256654500961304e-04
6.369200000000286309e+03 1.433602883480489254e-04
6.370100000000285945e+03 1.413208228768780828e-04
6.371000000000285581e+03 1.405718794558197260e-04
6.371900000000286127e+03 1.425022492185235023e-04
6.372800000000286673e+03 1.454732991987839341e-04
6.373700000000286309e+03 1.469258422730490565e-04
6.374600000000285945e+03 1.469338603783398867e-04
6.375500000000286491e+03 1.468685513827949762e-04
6.376400000000287037e+03 1.468080154154449701e-04
6.377300000000286673e+03 1.458534534322097898e-04
6.378200000000286309e+03 1.446766837034374475e-04
6.379100000000286855e+03 1.443253277102485299e-04
6.380000000000287400e+03 1.442474167561158538e-04
6.380900000000287037e+03 1.442362408852204680e-04
6.381800000000286673e+03 1.447888935217633843e-04
6.382700000000287218e+03 1.449745614081621170e-04
6.383600000000287764e+03 1.441225613234564662e-04
6.384500000000287400e+03 1.433581055607646704e-04
6.385400000000287037e+03 1.439744955860078335e-04
6.386300000000287582e+03 1.454613957321271300e-04
6.387200000000288128e+03 1.465772656956687570e-04
6.388100000000287764e+03 1.466956455260515213e-04
6.389000000000287400e+03 1.465804525651037693e-04
6.389900000000287946e+03 1.466362300561740994e-04
6.390800000000288492e+03 1.461483043385669589e-04
6.391700000000288128e+03 1.437601313227787614e-04
6.392600000000287764e+03 1.395443832734599710e-04
6.393500000000288310e+03 1.371915859635919333e-04
6.394400000000288856e+03 1.394689898006618023e-04
6.395300000000288492e+03 1.437882892787456512e-04
6.396200000000288128e+03 1.465478126192465425e-04
6.397100000000288674e+03 1.471284485887736082e-04
6.398000000000289219e+03 1.454018201911821961e-04
6.398900000000288856e+03 1.405255607096478343e-04
6.399800000000288492e+03 1.358831068500876427e-04
6.400700000000289037e+03 1.372096448903903365e-04
6.401600000000289583e+03 1.428105897502973676e-04
6.402500000000289219e+03 1.464585802750661969e-04
6.403400000000288856e+03 1.471030846005305648e-04
6.404300000000289401e+03 1.467175752623006701e-04
6.405200000000289947e+03 1.456256140954792500e-04
6.406100000000289583e+03 1.432051940355449915e-04
6.407000000000289219e+03 1.399325410602614284e-04
6.407900000000289765e+03 1.384720962960273027e-04
6.408800000000290311e+03 1.407205854775384068e-04
6.409700000000289947e+03 1.429812691640108824e-04
6.410600000000289583e+03 1.414747966919094324e-04
6.411500000000290129e+03 1.394146820530295372e-04
6.412400000000290675e+03 1.404971262672916055e-04
6.413300000000290311e+03 1.423885405529290438e-04
6.414200000000289947e+03 1.424829970346763730e-04
6.415100000000290493e+03 1.418569299858063459e-04
6.416000000000291038e+03 1.417790190316736698e-04
6.416900000000290675e+03 1.419802429154515266e-04
6.417800000000290311e+03 1.422003260813653469e-04
6.418700000000290856e+03 1.412461715517565608e-04
6.419600000000291402e+03 1.385117502650246024e-04
6.420500000000291038e+03 1.364562340313568711e-04
6.421400000000290675e+03 1.377956796204671264e-04
6.422300000000291220e+03 1.420590560883283615e-04
6.423200000000291766e+03 1.454777084290981293e-04
6.424100000000291402e+03 1.459716731915250421e-04
6.425000000000291038e+03 1.453371660318225622e-04
6.425900000000291584e+03 1.456141035305336118e-04
6.426800000000292130e+03 1.464792148908600211e-04
6.427700000000291766e+03 1.469911512685939670e-04
6.428600000000291402e+03 1.459187624277547002e-04
6.429500000000291948e+03 1.424071670044213533e-04
6.430400000000292493e+03 1.382273185299709439e-04
6.431300000000292130e+03 1.366438227705657482e-04
6.432200000000291766e+03 1.381366892019286752e-04
6.433100000000292312e+03 1.408189127687364817e-04
6.434000000000292857e+03 1.435536250937730074e-04
6.434900000000292493e+03 1.453195727663114667e-04
6.435800000000292130e+03 1.455929304938763380e-04
6.436700000000292675e+03 1.442436478100717068e-04
6.437600000000293221e+03 1.406854426022619009e-04
6.438500000000292857e+03 1.367062650388106704e-04
6.439400000000292493e+03 1.367015647701919079e-04
6.440300000000293039e+03 1.410664117429405451e-04
6.441200000000293585e+03 1.450623822165653110e-04
6.442100000000293221e+03 1.461515057599171996e-04
6.443000000000292857e+03 1.457902399124577641e-04
6.443900000000293403e+03 1.456945465179160237e-04
6.444800000000293949e+03 1.460151543142274022e-04
6.445700000000293585e+03 1.464512752136215568e-04
6.446600000000293221e+03 1.465782406739890575e-04
6.447500000000293767e+03 1.449812989449128509e-04
6.448400000000294312e+03 1.403130736434832215e-04
6.449300000000293949e+03 1.347246725345030427e-04
6.450200000000293585e+03 1.335899287369102240e-04
6.451100000000294131e+03 1.376589643768966198e-04
6.452000000000294676e+03 1.421638735337182879e-04
6.452900000000294312e+03 1.442905486328527331e-04
6.453800000000293949e+03 1.435415324522182345e-04
6.454700000000294494e+03 1.396957086399197578e-04
6.455600000000295040e+03 1.350709062535315752e-04
6.456500000000294676e+03 1.344054908258840442e-04
6.457400000000294312e+03 1.385153591400012374e-04
6.458300000000294858e+03 1.432079588994383812e-04
6.459200000000295404e+03 1.455807941965758801e-04
6.460100000000295040e+03 1.452919241273775697e-04
6.461000000000294676e+03 1.417780440533533692e-04
6.461900000000295222e+03 1.359738234896212816e-04
6.462800000000295768e+03 1.334328117081895471e-04
6.463700000000295404e+03 1.368451339658349752e-04
6.464600000000295040e+03 1.413442369084805250e-04
6.465500000000295586e+03 1.435484882676973939e-04
6.466400000000296131e+03 1.443631044821813703e-04
6.467300000000295768e+03 1.444710505893453956e-04
6.468200000000295404e+03 1.436189195374026895e-04
6.469100000000295950e+03 1.421403139829635620e-04
6.470000000000296495e+03 1.409833785146474838e-04
6.470900000000296131e+03 1.399446337018162012e-04
6.471800000000295768e+03 1.398888853145763278e-04
6.472700000000296313e+03 1.417361490894109011e-04
6.473600000000296859e+03 1.430174743290990591e-04
6.474500000000296495e+03 1.421811612090095878e-04
6.475400000000296131e+03 1.412809069734066725e-04
6.476300000000296677e+03 1.420454500475898385e-04
6.477200000000297223e+03 1.432376739103347063e-04
6.478100000000296859e+03 1.433837896911427379e-04
6.479000000000296495e+03 1.430618867743760347e-04
6.479900000000297041e+03 1.424532820237800479e-04
6.480800000000297587e+03 1.402172929374501109e-04
6.481700000000297223e+03 1.371022226521745324e-04
6.482600000000296859e+03 1.359595189569517970e-04
6.483500000000297405e+03 1.376297004753723741e-04
6.484400000000297950e+03 1.399767788825556636e-04
6.485300000000297587e+03 1.413185091223567724e-04
6.486200000000297223e+03 1.418569154338911176e-04
6.487100000000297769e+03 1.421961933374404907e-04
6.488000000000298314e+03 1.422558561898767948e-04
6.488900000000297950e+03 1.415557344444096088e-04
6.489800000000297587e+03 1.399683387717232108e-04
6.490700000000298132e+03 1.381966721965000033e-04
6.491600000000298678e+03 1.366944779874756932e-04
6.492500000000298314e+03 1.340263697784394026e-04
6.493400000000297950e+03 1.285435864701867104e-04
6.494300000000298496e+03 1.227930042659863830e-04
6.495200000000299042e+03 1.204989748657681048e-04
6.496100000000298678e+03 1.217408571392297745e-04
6.497000000000298314e+03 1.254934177268296480e-04
6.497900000000298860e+03 1.301531592616811395e-04
6.498800000000299406e+03 1.329384103883057833e-04
6.499700000000299042e+03 1.346054923487827182e-04
6.500600000000298678e+03 1.367277291137725115e-04
6.501500000000299224e+03 1.383105263812467456e-04
6.502400000000299769e+03 1.392124104313552380e-04
6.503300000000299406e+03 1.399843458784744143e-04
6.504200000000299042e+03 1.404609065502882004e-04
6.505100000000299588e+03 1.408337266184389591e-04
6.506000000000300133e+03 1.411857374478131533e-04
6.506900000000299769e+03 1.410065306117758155e-04
6.507800000000299406e+03 1.401726767653599381e-04
6.508700000000299951e+03 1.397125161020085216e-04
6.509600000000300497e+03 1.401421613991260529e-04
6.510500000000300133e+03 1.408211246598511934e-04
6.511400000000299769e+03 1.409964897902682424e-04
6.512300000000300315e+03 1.407472882419824600e-04
6.513200000000300861e+03 1.403873029630631208e-04
6.514100000000300497e+03 1.392138656228780746e-04
6.515000000000300133e+03 1.367740915156900883e-04
6.515900000000300679e+03 1.345531782135367393e-04
6.516800000000301225e+03 1.341814931947737932e-04
6.517700000000300861e+03 1.345701020909473300e-04
6.518600000000300497e+03 1.351526152575388551e-04
6.519500000000301043e+03 1.369923265883699059e-04
6.520400000000301588e+03 1.391886617057025433e-04
6.521300000000301225e+03 1.401888002874329686e-04
6.522200000000300861e+03 1.400752807967364788e-04
6.523100000000301407e+03 1.397797168465331197e-04
6.524000000000301952e+03 1.398827444063499570e-04
6.524900000000301588e+03 1.395723083987832069e-04
6.525800000000301225e+03 1.377921289531514049e-04
6.526700000000301770e+03 1.357748842565342784e-04
6.527600000000302316e+03 1.355974673060700297e-04
6.528500000000301952e+03 1.370425015920773149e-04
6.529400000000301588e+03 1.383890776196494699e-04
6.530300000000302134e+03 1.387189404340460896e-04
6.531200000000302680e+03 1.379489549435675144e-04
6.532100000000302316e+03 1.365180505672469735e-04
6.533000000000301952e+03 1.353620755253359675e-04
6.533900000000302498e+03 1.355157874058932066e-04
6.534800000000303044e+03 1.367839577142149210e-04
6.535700000000302680e+03 1.377311709802597761e-04
6.536600000000302316e+03 1.373880950268357992e-04
6.537500000000302862e+03 1.365957723464816809e-04
6.538400000000303407e+03 1.366444921586662531e-04
6.539300000000303044e+03 1.373257400700822473e-04
6.540200000000302680e+03 1.374935818603262305e-04
6.541100000000303226e+03 1.366580690955743194e-04
6.542000000000303771e+03 1.354622218059375882e-04
6.542900000000303407e+03 1.345656346529722214e-04
6.543800000000303044e+03 1.336439745500683784e-04
6.544700000000303589e+03 1.317101123277097940e-04
6.545600000000304135e+03 1.288151106564328074e-04
6.546500000000303771e+03 1.274927199119701982e-04
6.547400000000303407e+03 1.289210777031257749e-04
6.548300000000303953e+03 1.310311927227303386e-04
6.549200000000304499e+03 1.318112044828012586e-04
6.550100000000304135e+03 1.309266081079840660e-04
6.551000000000303771e+03 1.295202237088233232e-04
6.551900000000304317e+03 1.283531164517626166e-04
6.552800000000304863e+03 1.270836655749008060e-04
6.553700000000304499e+03 1.250042405445128679e-04
6.554600000000304135e+03 1.223415165441110730e-04
6.555500000000304681e+03 1.204046202474273741e-04
6.556400000000305226e+03 1.197503006551414728e-04
6.557300000000304863e+03 1.191649134852923453e-04
6.558200000000304499e+03 1.173166529042646289e-04
6.559100000000305045e+03 1.139792802860029042e-04
6.560000000000305590e+03 1.082268936443142593e-04
6.560900000000305226e+03 9.715458872960880399e-05
6.561800000000304863e+03 8.103466097963973880e-05
6.562700000000305408e+03 7.100625225575640798e-05
6.563600000000305954e+03 7.805340283084660769e-05
6.564500000000305590e+03 9.517321450402960181e-05
6.565400000000305226e+03 1.085902767954394221e-04
6.566300000000305772e+03 1.155084610218182206e-04
6.567200000000306318e+03 1.189517133752815425e-04
6.568100000000305954e+03 1.198966056108474731e-04
6.569000000000305590e+03 1.197352321469224989e-04
6.569900000000306136e+03 1.208707544719800353e-04
6.570800000000306682e+03 1.232124341186136007e-04
6.571700000000306318e+03 1.246348838321864605e-04
6.572600000000305954e+03 1.245934254257008433e-04
6.573500000000306500e+03 1.242457947228103876e-04
6.574400000000307045e+03 1.244004524778574705e-04
6.575300000000306682e+03 1.260096614714711905e-04
6.576200000000306318e+03 1.289758656639605761e-04
6.577100000000306864e+03 1.316476409556344151e-04
6.578000000000307409e+03 1.330042723566293716e-04
6.578900000000307045e+03 1.329215738223865628e-04
6.579800000000306682e+03 1.317987334914505482e-04
6.580700000000307227e+03 1.307888742303475738e-04
6.581600000000307773e+03 1.309938816120848060e-04
6.582500000000307409e+03 1.321930176345631480e-04
6.583400000000307045e+03 1.332020619884133339e-04
6.584300000000307591e+03 1.334441330982372165e-04
6.585200000000308137e+03 1.328086218563839793e-04
6.586100000000307773e+03 1.319049915764480829e-04
6.587000000000307409e+03 1.322309399256482720e-04
6.587900000000307955e+03 1.337699068244546652e-04
6.588800000000308501e+03 1.351924438495188951e-04
6.589700000000308137e+03 1.358054578304290771e-04
6.590600000000307773e+03 1.349137746728956699e-04
6.591500000000308319e+03 1.314849068876355886e-04
6.592400000000308864e+03 1.267336338059976697e-04
6.593300000000308501e+03 1.248426851816475391e-04
6.594200000000308137e+03 1.278965064557269216e-04
6.595100000000308683e+03 1.321382878813892603e-04
6.596000000000309228e+03 1.339635200565680861e-04
6.596900000000308864e+03 1.335618289886042476e-04
6.597800000000308501e+03 1.327964273514226079e-04
6.598700000000309046e+03 1.332217943854629993e-04
6.599600000000309592e+03 1.348981313640251756e-04
6.600500000000309228e+03 1.365674106637015939e-04
6.601400000000308864e+03 1.372670667478814721e-04
6.602300000000309410e+03 1.370624377159401774e-04
6.603200000000309956e+03 1.361469912808388472e-04
6.604100000000309592e+03 1.347224751953035593e-04
6.605000000000309228e+03 1.337562280241400003e-04
6.605900000000309774e+03 1.335565029876306653e-04
6.606800000000310320e+03 1.333639957010746002e-04
6.607700000000309956e+03 1.325048069702461362e-04
6.608600000000309592e+03 1.312740641878917813e-04
6.609500000000310138e+03 1.315737608820199966e-04
6.610400000000310683e+03 1.339179143542423844e-04
6.611300000000310320e+03 1.359667658107355237e-04
6.612200000000309956e+03 1.360690366709604859e-04
6.613100000000310501e+03 1.350691454717889428e-04
6.614000000000311047e+03 1.349733065580949187e-04
6.614900000000310683e+03 1.362162583973258734e-04
6.615800000000310320e+03 1.369651727145537734e-04
6.616700000000310865e+03 1.365256612189114094e-04
6.617600000000311411e+03 1.360077876597642899e-04
6.618500000000311047e+03 1.362421753583475947e-04
6.619400000000310683e+03 1.369764504488557577e-04
6.620300000000311229e+03 1.374648854834958911e-04
6.621200000000311775e+03 1.373719424009323120e-04
6.622100000000311411e+03 1.368257071590051055e-04
6.623000000000311047e+03 1.358329463982954621e-04
6.623900000000311593e+03 1.345829805359244347e-04
6.624800000000312139e+03 1.339029404334723949e-04
6.625700000000311775e+03 1.344036281807348132e-04
6.626600000000311411e+03 1.351224491372704506e-04
6.627500000000311957e+03 1.352427789242938161e-04
6.628400000000312502e+03 1.352710823994129896e-04
6.629300000000312139e+03 1.352755498373880982e-04
6.630200000000311775e+03 1.348882797174155712e-04
6.631100000000312320e+03 1.338481815764680505e-04
6.632000000000312866e+03 1.319725997745990753e-04
6.632900000000312502e+03 1.294866524403914809e-04
6.633800000000312139e+03 1.281091244891285896e-04
6.634700000000312684e+03 1.294277753913775086e-04
6.635600000000313230e+03 1.323331962339580059e-04
6.636500000000312866e+03 1.346194476354867220e-04
6.637400000000312502e+03 1.355203276034444571e-04
6.638300000000313048e+03 1.350103993900120258e-04
6.639200000000313594e+03 1.341492315987125039e-04
6.640100000000313230e+03 1.342714094789698720e-04
6.641000000000312866e+03 1.350977690890431404e-04
6.641900000000313412e+03 1.344645570497959852e-04
6.642800000000313958e+03 1.321083545917645097e-04
6.643700000000313594e+03 1.307253842242062092e-04
6.644600000000313230e+03 1.319549919571727514e-04
6.645500000000313776e+03 1.338937290711328387e-04
6.646400000000314321e+03 1.345446507912129164e-04
6.647300000000313958e+03 1.344253687420859933e-04
6.648200000000313594e+03 1.347304641967639327e-04
6.649100000000314139e+03 1.353355764877051115e-04
6.650000000000314685e+03 1.354483101749792695e-04
6.650900000000314321e+03 1.350453821942210197e-04
6.651800000000313958e+03 1.347583456663414836e-04
6.652700000000314503e+03 1.346954959444701672e-04
6.653600000000315049e+03 1.346253702649846673e-04
6.654500000000314685e+03 1.346649660263210535e-04
6.655400000000314321e+03 1.347248908132314682e-04
6.656300000000314867e+03 1.345572236459702253e-04
6.657200000000315413e+03 1.346497883787378669e-04
6.658100000000315049e+03 1.349080994259566069e-04
6.659000000000314685e+03 1.346389180980622768e-04
6.659900000000315231e+03 1.339906739303842187e-04
6.660800000000315777e+03 1.332748215645551682e-04
6.661700000000315413e+03 1.319225848419591784e-04
6.662600000000315049e+03 1.298002898693084717e-04
6.663500000000315595e+03 1.288811181439086795e-04
6.664400000000316140e+03 1.303101598750799894e-04
6.665300000000315777e+03 1.319547445746138692e-04
6.666200000000315413e+03 1.323561446042731404e-04
6.667100000000315958e+03 1.321386080235242844e-04
6.668000000000316504e+03 1.323100732406601310e-04
6.668900000000316140e+03 1.331766688963398337e-04
6.669800000000315777e+03 1.342624309472739697e-04
6.670700000000316322e+03 1.348566147498786449e-04
6.671600000000316868e+03 1.347757061012089252e-04
6.672500000000316504e+03 1.346141216345131397e-04
6.673400000000316140e+03 1.345997443422675133e-04
6.674300000000316686e+03 1.347161451121792197e-04
6.675200000000317232e+03 1.346024364465847611e-04
6.676100000000316868e+03 1.327041536569595337e-04
6.677000000000316504e+03 1.286627812078222632e-04
6.677900000000317050e+03 1.258375705219805241e-04
6.678800000000317596e+03 1.272471999982371926e-04
6.679700000000317232e+03 1.308017235714942217e-04
6.680600000000316868e+03 1.329489459749311209e-04
6.681500000000317414e+03 1.335415145149454474e-04
6.682400000000317959e+03 1.338215370196849108e-04
6.683300000000317596e+03 1.341759052593261003e-04
6.684200000000317232e+03 1.344104384770616889e-04
6.685100000000317777e+03 1.344604679616168141e-04
6.686000000000318323e+03 1.343155308859422803e-04
6.686900000000317959e+03 1.339654118055477738e-04
6.687800000000317596e+03 1.337428111582994461e-04
6.688700000000318141e+03 1.339592708973214030e-04
6.689600000000318687e+03 1.342331379419192672e-04
6.690500000000318323e+03 1.343546318821609020e-04
6.691400000000317959e+03 1.342918258160352707e-04
6.692300000000318505e+03 1.341725583188235760e-04
6.693200000000319051e+03 1.341960160061717033e-04
6.694100000000318687e+03 1.337640424026176333e-04
6.695000000000318323e+03 1.322355674346908927e-04
6.695900000000318869e+03 1.304159959545359015e-04
6.696800000000319415e+03 1.298445713473483920e-04
6.697700000000319051e+03 1.304578763665631413e-04
6.698600000000318687e+03 1.313362590735778213e-04
6.699500000000319233e+03 1.324290642514824867e-04
6.700400000000319778e+03 1.333459076704457402e-04
6.701300000000319415e+03 1.335293782176449895e-04
6.702200000000319051e+03 1.328641228610649705e-04
6.703100000000319596e+03 1.314026012551039457e-04
6.704000000000320142e+03 1.303221797570586205e-04
6.704900000000319778e+03 1.305819168919697404e-04
6.705800000000319415e+03 1.317199057666584849e-04
6.706700000000319960e+03 1.324377662967890501e-04
6.707600000000320506e+03 1.323103060713037848e-04
6.708500000000320142e+03 1.321538875345140696e-04
6.709400000000319778e+03 1.319883449468761683e-04
6.710300000000320324e+03 1.316920534009113908e-04
6.711200000000320870e+03 1.316658308496698737e-04
6.712100000000320506e+03 1.312579552177339792e-04
6.713000000000320142e+03 1.304024626733735204e-04
6.713900000000320688e+03 1.298897113883867860e-04
6.714800000000321234e+03 1.293171226279810071e-04
6.715700000000320870e+03 1.279969583265483379e-04
6.716600000000320506e+03 1.261682191397994757e-04
6.717500000000321052e+03 1.253077934961766005e-04
6.718400000000321597e+03 1.270172797376289964e-04
6.719300000000321234e+03 1.297845301451161504e-04
6.720200000000320870e+03 1.309515646426007152e-04
6.721100000000321415e+03 1.304647448705509305e-04
6.722000000000321961e+03 1.302106393268331885e-04
6.722900000000321597e+03 1.312085223617032170e-04
6.723800000000321234e+03 1.321971212746575475e-04
6.724700000000321779e+03 1.319108414463698864e-04
6.725600000000322325e+03 1.306988269789144397e-04
6.726500000000321961e+03 1.299855794059112668e-04
6.727400000000321597e+03 1.304380712099373341e-04
6.728300000000322143e+03 1.313050161115825176e-04
6.729200000000322689e+03 1.320176816079765558e-04
6.730100000000322325e+03 1.325118937529623508e-04
6.731000000000321961e+03 1.325803168583661318e-04
6.731900000000322507e+03 1.319876901106908917e-04
6.732800000000323053e+03 1.312512613367289305e-04
6.733700000000322689e+03 1.310757652390748262e-04
6.734600000000322325e+03 1.315315021201968193e-04
6.735500000000322871e+03 1.320397568633779883e-04
6.736400000000323416e+03 1.319036528002470732e-04
6.737300000000323053e+03 1.309204671997576952e-04
6.738200000000322689e+03 1.297768030781298876e-04
6.739100000000323234e+03 1.295623223995789886e-04
6.740000000000323780e+03 1.303689787164330482e-04
6.740900000000323416e+03 1.308433566009625793e-04
6.741800000000323053e+03 1.301650336245074868e-04
6.742700000000323598e+03 1.291833905270323157e-04
6.743600000000324144e+03 1.291486842092126608e-04
6.744500000000323780e+03 1.299410650972276926e-04
6.745400000000323416e+03 1.303260796703398228e-04
6.746300000000323962e+03 1.298970601055771112e-04
6.747200000000324508e+03 1.290765503654256463e-04
6.748100000000324144e+03 1.281498552998527884e-04
6.749000000000323780e+03 1.274865498999133706e-04
6.749900000000324326e+03 1.276380353374406695e-04
6.750800000000324872e+03 1.286195620195940137e-04
6.751700000000324508e+03 1.292728411499410868e-04
6.752600000000324144e+03 1.291435619350522757e-04
6.753500000000324690e+03 1.293352979701012373e-04
6.754400000000325235e+03 1.298465795116499066e-04
6.755300000000324872e+03 1.298430870519950986e-04
6.756200000000324508e+03 1.295304100494831800e-04
6.757100000000325053e+03 1.298146380577236414e-04
6.758000000000325599e+03 1.308239297941327095e-04
6.758900000000325235e+03 1.318650174653157592e-04
6.759800000000324872e+03 1.322935568168759346e-04
6.760700000000325417e+03 1.320583542110398412e-04
6.761600000000325963e+03 1.316302223131060600e-04
6.762500000000325599e+03 1.316240523010492325e-04
6.763400000000325235e+03 1.318704453296959400e-04
6.764300000000325781e+03 1.317326386924833059e-04
6.765200000000326327e+03 1.309460203628987074e-04
6.766100000000325963e+03 1.294074754696339369e-04
6.767000000000325599e+03 1.278422860195860267e-04
6.767900000000326145e+03 1.276686816709116101e-04
6.768800000000326690e+03 1.288531639147549868e-04
6.769700000000326327e+03 1.295317633775994182e-04
6.770600000000325963e+03 1.289931824430823326e-04
6.771500000000326509e+03 1.285260659642517567e-04
6.772400000000327054e+03 1.291425578529015183e-04
6.773300000000326690e+03 1.305420591961592436e-04
6.774200000000326327e+03 1.318475842708721757e-04
6.775100000000326872e+03 1.325061166426166892e-04
6.776000000000327418e+03 1.325002958765253425e-04
6.776900000000327054e+03 1.320934243267402053e-04
6.777800000000326690e+03 1.319892762694507837e-04
6.778700000000327236e+03 1.324175391346216202e-04
6.779600000000327782e+03 1.325888297287747264e-04
6.780500000000327418e+03 1.320031005889177322e-04
6.781400000000327054e+03 1.308299688389524817e-04
6.782300000000327600e+03 1.292221422772854567e-04
6.783200000000328146e+03 1.276403054362162948e-04
6.784100000000327782e+03 1.269616186618804932e-04
6.785000000000327418e+03 1.272858353331685066e-04
6.785900000000327964e+03 1.279485295526683331e-04
6.786800000000328509e+03 1.287632767343893647e-04
6.787700000000328146e+03 1.298428833251819015e-04
6.788600000000327782e+03 1.304202305618673563e-04
6.789500000000328328e+03 1.304302277276292443e-04
6.790400000000328873e+03 1.305331243202090263e-04
6.791300000000328509e+03 1.305747864535078406e-04
6.792200000000328146e+03 1.300547010032460093e-04
6.793100000000328691e+03 1.289816427743062377e-04
6.794000000000329237e+03 1.282077137148007751e-04
6.794900000000328873e+03 1.281264121644198895e-04
6.795800000000328509e+03 1.284388417843729258e-04
6.796700000000329055e+03 1.290193758904933929e-04
6.797600000000329601e+03 1.294983958359807730e-04
6.798500000000329237e+03 1.296515110880136490e-04
6.799400000000328873e+03 1.297590497415512800e-04
6.800300000000329419e+03 1.300864678341895342e-04
6.801200000000329965e+03 1.304735778830945492e-04
6.802100000000329601e+03 1.304070465266704559e-04
6.803000000000329237e+03 1.296912087127566338e-04
6.803900000000329783e+03 1.290993095608428121e-04
6.804800000000330328e+03 1.292768138227984309e-04
6.805700000000329965e+03 1.294652611250057817e-04
6.806600000000329601e+03 1.292256347369402647e-04
6.807500000000330147e+03 1.292941742576658726e-04
6.808400000000330692e+03 1.294574612984433770e-04
6.809300000000330328e+03 1.289623323827981949e-04
6.810200000000329965e+03 1.285402831854298711e-04
6.811100000000330510e+03 1.289133506361395121e-04
6.812000000000331056e+03 1.293685490963980556e-04
6.812900000000330692e+03 1.291294902330264449e-04
6.813800000000330328e+03 1.283390301978215575e-04
6.814700000000330874e+03 1.279129210161045194e-04
6.815600000000331420e+03 1.286408951273187995e-04
6.816500000000331056e+03 1.299393334193155169e-04
6.817400000000330692e+03 1.305683108512312174e-04
6.818300000000331238e+03 1.301419106312096119e-04
6.819200000000331784e+03 1.290972286369651556e-04
6.820100000000331420e+03 1.284010795643553138e-04
6.821000000000331056e+03 1.289366045966744423e-04
6.821900000000331602e+03 1.302380260312929749e-04
6.822800000000332147e+03 1.311446249019354582e-04
6.823700000000331784e+03 1.314018008997663856e-04
6.824600000000331420e+03 1.313181855948641896e-04
6.825500000000331966e+03 1.310032675974071026e-04
6.826400000000332511e+03 1.300268049817532301e-04
6.827300000000332147e+03 1.282653538510203362e-04
6.828200000000331784e+03 1.270551147172227502e-04
6.829100000000332329e+03 1.276775001315400004e-04
6.830000000000332875e+03 1.293616805924102664e-04
6.830900000000332511e+03 1.304130710195749998e-04
6.831800000000332147e+03 1.303934550378471613e-04
6.832700000000332693e+03 1.299859286518767476e-04
6.833600000000333239e+03 1.299843424931168556e-04
6.834500000000332875e+03 1.302820164710283279e-04
6.835400000000332511e+03 1.302179298363626003e-04
6.836300000000333057e+03 1.296521513722836971e-04
6.837200000000333603e+03 1.286791666643694043e-04
6.838100000000333239e+03 1.272733061341568828e-04
6.839000000000332875e+03 1.258675911230966449e-04
6.839900000000333421e+03 1.246344472747296095e-04
6.840800000000333966e+03 1.232963113579899073e-04
6.841700000000333603e+03 1.225702726515009999e-04
6.842600000000333239e+03 1.232801150763407350e-04
6.843500000000333785e+03 1.252299407497048378e-04
6.844400000000334330e+03 1.275599497603252530e-04
6.845300000000333966e+03 1.292223896598443389e-04
6.846200000000333603e+03 1.298233401030302048e-04
6.847100000000334148e+03 1.297422131756320596e-04
6.848000000000334694e+03 1.294745743507519364e-04
6.848900000000334330e+03 1.293559180339798331e-04
6.849800000000333966e+03 1.294503599638119340e-04
6.850700000000334512e+03 1.295769179705530405e-04
6.851600000000335058e+03 1.297701528528705239e-04
6.852500000000334694e+03 1.298792485613375902e-04
6.853400000000334330e+03 1.289054780500009656e-04
6.854300000000334876e+03 1.265468454221263528e-04
6.855200000000335422e+03 1.249048655154183507e-04
6.856100000000335058e+03 1.252805086551234126e-04
6.857000000000334694e+03 1.260755234397947788e-04
6.857900000000335240e+03 1.265841419808566570e-04
6.858800000000335785e+03 1.273822417715564370e-04
6.859700000000335422e+03 1.274947862839326262e-04
6.860600000000335058e+03 1.262859441339969635e-04
6.861500000000335604e+03 1.254581002285704017e-04
6.862400000000336149e+03 1.265177997993305326e-04
6.863300000000335785e+03 1.286203914787620306e-04
6.864200000000335422e+03 1.298369315918534994e-04
6.865100000000335967e+03 1.295259135076776147e-04
6.866000000000336513e+03 1.279385614907369018e-04
6.866900000000336149e+03 1.257383119082078338e-04
6.867800000000335785e+03 1.247067120857536793e-04
6.868700000000336331e+03 1.260827120859175920e-04
6.869600000000336877e+03 1.281182339880615473e-04
6.870500000000336513e+03 1.283820165554061532e-04
6.871400000000336149e+03 1.272935624001547694e-04
6.872300000000336695e+03 1.264669117517769337e-04
6.873200000000337241e+03 1.265816827071830630e-04
6.874100000000336877e+03 1.269179483642801642e-04
6.875000000000336513e+03 1.268791384063661098e-04
6.875900000000337059e+03 1.270067441510036588e-04
6.876800000000337604e+03 1.276501861866563559e-04
6.877700000000337241e+03 1.282776065636426210e-04
6.878600000000336877e+03 1.283086457988247275e-04
6.879500000000337423e+03 1.280512224184349179e-04
6.880400000000337968e+03 1.272883091587573290e-04
6.881300000000337604e+03 1.257880212506279349e-04
6.882200000000337241e+03 1.247607578989118338e-04
6.883100000000337786e+03 1.252188958460465074e-04
6.884000000000338332e+03 1.266870676772668958e-04
6.884900000000337968e+03 1.272708468604832888e-04
6.885800000000337604e+03 1.269262138521298766e-04
6.886700000000338150e+03 1.274894166272133589e-04
6.887600000000338696e+03 1.285969919990748167e-04
6.888500000000338332e+03 1.289791398448869586e-04
6.889400000000337968e+03 1.291987864533439279e-04
6.890300000000338514e+03 1.298369461437687278e-04
6.891200000000339060e+03 1.297172857448458672e-04
6.892100000000338696e+03 1.288203930016607046e-04
6.893000000000338332e+03 1.286743354285135865e-04
6.893900000000338878e+03 1.288845087401568890e-04
6.894800000000339423e+03 1.279179705306887627e-04
6.895700000000339060e+03 1.266933977603912354e-04
6.896600000000338696e+03 1.270982320420444012e-04
6.897500000000339242e+03 1.284195022890344262e-04
6.898400000000339787e+03 1.285283506149426103e-04
6.899300000000339423e+03 1.275478862226009369e-04
6.900200000000339060e+03 1.274051755899563432e-04
6.901100000000339605e+03 1.284090249100700021e-04
6.902000000000340151e+03 1.290488289669156075e-04
6.902900000000339787e+03 1.285473845200613141e-04
6.903800000000339423e+03 1.278358977288007736e-04
6.904700000000339969e+03 1.277812698390334845e-04
6.905600000000340515e+03 1.281828153878450394e-04
6.906500000000340151e+03 1.285957550862804055e-04
6.907400000000339787e+03 1.286366605199873447e-04
6.908300000000340333e+03 1.285496837226673961e-04
6.909200000000340879e+03 1.290959189645946026e-04
6.910100000000340515e+03 1.294691028306260705e-04
6.911000000000340151e+03 1.289440406253561378e-04
6.911900000000340697e+03 1.279505668208003044e-04
6.912800000000341242e+03 1.265667378902435303e-04
6.913700000000340879e+03 1.254540547961369157e-04
6.914600000000340515e+03 1.255948882317170501e-04
6.915500000000341061e+03 1.262163423234596848e-04
6.916400000000341606e+03 1.260746794287115335e-04
6.917300000000341242e+03 1.259226701222360134e-04
6.918200000000340879e+03 1.268848718609660864e-04
6.919100000000341424e+03 1.281508302781730890e-04
6.920000000000341970e+03 1.288987114094197750e-04
6.920900000000341606e+03 1.291936205234378576e-04
6.921800000000341242e+03 1.291135704377666116e-04
6.922700000000341788e+03 1.283455931115895510e-04
6.923600000000342334e+03 1.267297338927164674e-04
6.924500000000341970e+03 1.252364309038966894e-04
6.925400000000341606e+03 1.247519976459443569e-04
6.926300000000342152e+03 1.254614035133272409e-04
6.927200000000342698e+03 1.266060717171058059e-04
6.928100000000342334e+03 1.272421795874834061e-04
6.929000000000341970e+03 1.273817761102691293e-04
6.929900000000342516e+03 1.274154346901923418e-04
6.930800000000343061e+03 1.273230009246617556e-04
6.931700000000342698e+03 1.267611660296097398e-04
6.932600000000342334e+03 1.258560660062357783e-04
6.933500000000342880e+03 1.256355753866955638e-04
6.934400000000343425e+03 1.264606544282287359e-04
6.935300000000343061e+03 1.272066874662414193e-04
6.936200000000342698e+03 1.272486988455057144e-04
6.937100000000343243e+03 1.270822103833779693e-04
6.938000000000343789e+03 1.272701920242980123e-04
6.938900000000343425e+03 1.278884737985208631e-04
6.939800000000343061e+03 1.284862519241869450e-04
6.940700000000343607e+03 1.286382903344929218e-04
6.941600000000344153e+03 1.281991862924769521e-04
6.942500000000343789e+03 1.272529916604980826e-04
6.943400000000343425e+03 1.257156545761972666e-04
6.944300000000343971e+03 1.238740951521322131e-04
6.945200000000344517e+03 1.231631031259894371e-04
6.946100000000344153e+03 1.243739097844809294e-04
6.947000000000343789e+03 1.260355784324929118e-04
6.947900000000344335e+03 1.270632492378354073e-04
6.948800000000344880e+03 1.274409441975876689e-04
6.949700000000344517e+03 1.268761261599138379e-04
6.950600000000344153e+03 1.254495873581618071e-04
6.951500000000344698e+03 1.243880833499133587e-04
6.952400000000345244e+03 1.243211736436933279e-04
6.953300000000344880e+03 1.245825405931100249e-04
6.954200000000344517e+03 1.248275366378948092e-04
6.955100000000345062e+03 1.253664231626316905e-04
6.956000000000345608e+03 1.263096928596496582e-04
6.956900000000345244e+03 1.270804350497201085e-04
6.957800000000344880e+03 1.271571381948888302e-04
6.958700000000345426e+03 1.267918705707415938e-04
6.959600000000345972e+03 1.263700105482712388e-04
6.960500000000345608e+03 1.264379243366420269e-04
6.961400000000345244e+03 1.269158528884872794e-04
6.962300000000345790e+03 1.272298104595392942e-04
6.963200000000346336e+03 1.272696972591802478e-04
6.964100000000345972e+03 1.268912747036665678e-04
6.965000000000345608e+03 1.259742421098053455e-04
6.965900000000346154e+03 1.255277165910229087e-04
6.966800000000346699e+03 1.262539590243250132e-04
6.967700000000346336e+03 1.274104288313537836e-04
6.968600000000345972e+03 1.278483832720667124e-04
6.969500000000346517e+03 1.273730886168777943e-04
6.970400000000347063e+03 1.264866004930809140e-04
6.971300000000346699e+03 1.261102588614448905e-04
6.972200000000346336e+03 1.265989558305591345e-04
6.973100000000346881e+03 1.269875356229022145e-04
6.974000000000347427e+03 1.263461745111271739e-04
6.974900000000347063e+03 1.247276086360216141e-04
6.975800000000346699e+03 1.227820757776498795e-04
6.976700000000347245e+03 1.207241075462661684e-04
6.977600000000347791e+03 1.184496068162843585e-04
6.978500000000347427e+03 1.172513875644654036e-04
6.979400000000347063e+03 1.188672467833384871e-04
6.980300000000347609e+03 1.221577695105224848e-04
6.981200000000348155e+03 1.248006010428071022e-04
6.982100000000347791e+03 1.261937868548557162e-04
6.983000000000347427e+03 1.268266059923917055e-04
6.983900000000347973e+03 1.268998312298208475e-04
6.984800000000348518e+03 1.266543113160878420e-04
6.985700000000348155e+03 1.263945596292614937e-04
6.986600000000347791e+03 1.261872384930029511e-04
6.987500000000348336e+03 1.260043500224128366e-04
6.988400000000348882e+03 1.255395327461883426e-04
6.989300000000348518e+03 1.251576759386807680e-04
6.990200000000348155e+03 1.256531395483762026e-04
6.991100000000348700e+03 1.265426399186253548e-04
6.992000000000349246e+03 1.269690110348165035e-04
6.992900000000348882e+03 1.268084306502714753e-04
6.993800000000348518e+03 1.262646983377635479e-04
6.994700000000349064e+03 1.259881973965093493e-04
6.995600000000349610e+03 1.262834266526624560e-04
6.996500000000349246e+03 1.266545441467314959e-04
6.997400000000348882e+03 1.261818833881989121e-04
6.998300000000349428e+03 1.244390441570430994e-04
6.999200000000349974e+03 1.225947489729151130e-04
7.000100000000349610e+03 1.223441504407674074e-04
7.001000000000349246e+03 1.236344833159819245e-04
7.001900000000349792e+03 1.248055050382390618e-04
7.002800000000350337e+03 1.243735314346849918e-04
7.003700000000349974e+03 1.228352921316400170e-04
7.004600000000349610e+03 1.216112723341211677e-04
7.005500000000350155e+03 1.212621136801317334e-04
7.006400000000350701e+03 1.219068362843245268e-04
7.007300000000350337e+03 1.231898058904334903e-04
7.008200000000349974e+03 1.244523737113922834e-04
7.009100000000350519e+03 1.252045331057161093e-04
7.010000000000351065e+03 1.250677596544846892e-04
7.010900000000350701e+03 1.242514990735799074e-04
7.011800000000350337e+03 1.236918906215578318e-04
7.012700000000350883e+03 1.239127741428092122e-04
7.013600000000351429e+03 1.242050348082557321e-04
7.014500000000351065e+03 1.229117915499955416e-04
7.015400000000350701e+03 1.197493838844820857e-04
7.016300000000351247e+03 1.174333447124809027e-04
7.017200000000351793e+03 1.186074732686392963e-04
7.018100000000351429e+03 1.218981706188060343e-04
7.019000000000351065e+03 1.244706363650038838e-04
7.019900000000351611e+03 1.254765666089951992e-04
7.020800000000352156e+03 1.253694208571687341e-04
7.021700000000351793e+03 1.241063582710921764e-04
7.022600000000351429e+03 1.218122124555520713e-04
7.023500000000351974e+03 1.199351172544993460e-04
7.024400000000352520e+03 1.197731326101347804e-04
7.025300000000352156e+03 1.212892166222445667e-04
7.026200000000351793e+03 1.230567868333309889e-04
7.027100000000352338e+03 1.239953271578997374e-04
7.028000000000352884e+03 1.242719299625605345e-04
7.028900000000352520e+03 1.243985025212168694e-04
7.029800000000352156e+03 1.245227613253518939e-04
7.030700000000352702e+03 1.244704035343602300e-04
7.031600000000353248e+03 1.241964055225253105e-04
7.032500000000352884e+03 1.238729746546596289e-04
7.033400000000352520e+03 1.232963841175660491e-04
7.034300000000353066e+03 1.227187458425760269e-04
7.035200000000353612e+03 1.231265196111053228e-04
7.036100000000353248e+03 1.238921686308458447e-04
7.037000000000352884e+03 1.230440393555909395e-04
7.037900000000353430e+03 1.212291899719275534e-04
7.038800000000353975e+03 1.214000003528781235e-04
7.039700000000353612e+03 1.240421406691893935e-04
7.040600000000353248e+03 1.266687322640791535e-04
7.041500000000353793e+03 1.277449482586234808e-04
7.042400000000354339e+03 1.277086557820439339e-04
7.043300000000353975e+03 1.267507614102214575e-04
7.044200000000353612e+03 1.252104848390445113e-04
7.045100000000354157e+03 1.243584702024236321e-04
7.046000000000354703e+03 1.249553461093455553e-04
7.046900000000354339e+03 1.262893056264147162e-04
7.047800000000353975e+03 1.273194502573460340e-04
7.048700000000354521e+03 1.276277180295437574e-04
7.049600000000355067e+03 1.273183734156191349e-04
7.050500000000354703e+03 1.264668535441160202e-04
7.051400000000354339e+03 1.246407919097691774e-04
7.052300000000354885e+03 1.222332793986424804e-04
7.053200000000355431e+03 1.208330068038776517e-04
7.054100000000355067e+03 1.207899113069288433e-04
7.055000000000354703e+03 1.215294032590463758e-04
7.055900000000355249e+03 1.226628082804381847e-04
7.056800000000355794e+03 1.236128737218677998e-04
7.057700000000355431e+03 1.236116222571581602e-04
7.058600000000355067e+03 1.223250874318182468e-04
7.059500000000355612e+03 1.207111927215009928e-04
7.060400000000356158e+03 1.202298226417042315e-04
7.061300000000355794e+03 1.209722613566555083e-04
7.062200000000355431e+03 1.219804325955919921e-04
7.063100000000355976e+03 1.230141788255423307e-04
7.064000000000356522e+03 1.241872378159314394e-04
7.064900000000356158e+03 1.244262530235573649e-04
7.065800000000355794e+03 1.229937333846464753e-04
7.066700000000356340e+03 1.205576045322231948e-04
7.067600000000356886e+03 1.183443964691832662e-04
7.068500000000356522e+03 1.179268219857476652e-04
7.069400000000356158e+03 1.197578749270178378e-04
7.070300000000356704e+03 1.219791156472638249e-04
7.071200000000357250e+03 1.228475157404318452e-04
7.072100000000356886e+03 1.228205946972593665e-04
7.073000000000356522e+03 1.229905465152114630e-04
7.073900000000357068e+03 1.232406793860718608e-04
7.074800000000357613e+03 1.231140340678393841e-04
7.075700000000357250e+03 1.226788008352741599e-04
7.076600000000356886e+03 1.223530125571414828e-04
7.077500000000357431e+03 1.224135776283219457e-04
7.078400000000357977e+03 1.227211323566734791e-04
7.079300000000357613e+03 1.232118956977501512e-04
7.080200000000357250e+03 1.237680553458631039e-04
7.081100000000357795e+03 1.235882373293861747e-04
7.082000000000358341e+03 1.220608537551015615e-04
7.082900000000357977e+03 1.194327996927313507e-04
7.083800000000357613e+03 1.168636517832055688e-04
7.084700000000358159e+03 1.159419480245560408e-04
7.085600000000358705e+03 1.169946917798370123e-04
7.086500000000358341e+03 1.181310217361897230e-04
7.087400000000357977e+03 1.182931810035370290e-04
7.088300000000358523e+03 1.180483668576925993e-04
7.089200000000359069e+03 1.174829230876639485e-04
7.090100000000358705e+03 1.168254384538158774e-04
7.091000000000358341e+03 1.169284005300141871e-04
7.091900000000358887e+03 1.173841083073057234e-04
7.092800000000359432e+03 1.176656805910170078e-04
7.093700000000359069e+03 1.179633327410556376e-04
7.094600000000358705e+03 1.180209073936566710e-04
7.095500000000359250e+03 1.178052989416755736e-04
7.096400000000359796e+03 1.178761012852191925e-04
7.097300000000359432e+03 1.184150605695322156e-04
7.098200000000359069e+03 1.193435527966357768e-04
7.099100000000359614e+03 1.201787817990407348e-04
7.100000000000360160e+03 1.203780338983051479e-04
7.100900000000359796e+03 1.201172490254975855e-04
7.101800000000359432e+03 1.197009187308140099e-04
7.102700000000359978e+03 1.196890661958605051e-04
7.103600000000360524e+03 1.203233478008769453e-04
7.104500000000360160e+03 1.210362679557874799e-04
7.105400000000359796e+03 1.208665926242247224e-04
7.106300000000360342e+03 1.198105965158902109e-04
7.107200000000360887e+03 1.190404364024288952e-04
7.108100000000360524e+03 1.192135969176888466e-04
7.109000000000360160e+03 1.193231364595703781e-04
7.109900000000360706e+03 1.183540225611068308e-04
7.110800000000361251e+03 1.169861425296403468e-04
7.111700000000360887e+03 1.165070571005344391e-04
7.112600000000360524e+03 1.170681862276978791e-04
7.113500000000361069e+03 1.177821759483776987e-04
7.114400000000361615e+03 1.181377228931523860e-04
7.115300000000361251e+03 1.183971398859284818e-04
7.116200000000360887e+03 1.185452347272075713e-04
7.117100000000361433e+03 1.184570573968812823e-04
7.118000000000361979e+03 1.182724299724213779e-04
7.118900000000361615e+03 1.180713370558805764e-04
7.119800000000361251e+03 1.178021193481981754e-04
7.120700000000361797e+03 1.170942850876599550e-04
7.121600000000362343e+03 1.160853498731739819e-04
7.122500000000361979e+03 1.163698834716342390e-04
7.123400000000361615e+03 1.180502877105027437e-04
7.124300000000362161e+03 1.189763279398903251e-04
7.125200000000362706e+03 1.185573200928047299e-04
7.126100000000362343e+03 1.179444952867925167e-04
7.127000000000361979e+03 1.179805112769827247e-04
7.127900000000362525e+03 1.182666092063300312e-04
7.128800000000363070e+03 1.176815712824463844e-04
7.129700000000362706e+03 1.158812883659265935e-04
7.130600000000362343e+03 1.144902998930774629e-04
7.131500000000362888e+03 1.149898962466977537e-04
7.132400000000363434e+03 1.166242946055717766e-04
7.133300000000363070e+03 1.182485284516587853e-04
7.134200000000362706e+03 1.192640338558703661e-04
7.135100000000363252e+03 1.194911383208818734e-04
7.136000000000363798e+03 1.196802186314016581e-04
7.136900000000363434e+03 1.201863196911290288e-04
7.137800000000363070e+03 1.202086277771741152e-04
7.138700000000363616e+03 1.195195873151533306e-04
7.139600000000364162e+03 1.189852773677557707e-04
7.140500000000363798e+03 1.193091229652054608e-04
7.141400000000363434e+03 1.196172161144204438e-04
7.142300000000363980e+03 1.193707212223671377e-04
7.143200000000364525e+03 1.192264389828778803e-04
7.144100000000364162e+03 1.192048803204670548e-04
7.145000000000363798e+03 1.190648763440549374e-04
7.145900000000364344e+03 1.186099107144400477e-04
7.146800000000364889e+03 1.169387542176991701e-04
7.147700000000364525e+03 1.146355425589717925e-04
7.148600000000364162e+03 1.142966430052183568e-04
7.149500000000364707e+03 1.159587336587719619e-04
7.150400000000365253e+03 1.176138830487616360e-04
7.151300000000364889e+03 1.188749229186214507e-04
7.152200000000364525e+03 1.200917540700174868e-04
7.153100000000365071e+03 1.205467196996323764e-04
7.154000000000365617e+03 1.197404126287437975e-04
7.154900000000365253e+03 1.186635927297174931e-04
7.155800000000364889e+03 1.189311587950214744e-04
7.156700000000365435e+03 1.202179555548354983e-04
7.157600000000365981e+03 1.206035740324296057e-04
7.158500000000365617e+03 1.198241807287558913e-04
7.159400000000365253e+03 1.189687027363106608e-04
7.160300000000365799e+03 1.186904046335257590e-04
7.161200000000366344e+03 1.190480688819661736e-04
7.162100000000365981e+03 1.189707982121035457e-04
7.163000000000365617e+03 1.169413517345674336e-04
7.163900000000366163e+03 1.134602498495951295e-04
7.164800000000366708e+03 1.115733830374665558e-04
7.165700000000366344e+03 1.131067911046557128e-04
7.166600000000365981e+03 1.165068097179755569e-04
7.167500000000366526e+03 1.193501448142342269e-04
7.168400000000367072e+03 1.205058433697558939e-04
7.169300000000366708e+03 1.203638967126607895e-04
7.170200000000366344e+03 1.201828272314742208e-04
7.171100000000366890e+03 1.205847293022088706e-04
7.172000000000367436e+03 1.212058195960707963e-04
7.172900000000367072e+03 1.216336313518695533e-04
7.173800000000366708e+03 1.213303839904256165e-04
7.174700000000367254e+03 1.199318139697425067e-04
7.175600000000367800e+03 1.183181157102808356e-04
7.176500000000367436e+03 1.181552288471721113e-04
7.177400000000367072e+03 1.194941069115884602e-04
7.178300000000367618e+03 1.200905826408416033e-04
7.179200000000368163e+03 1.183645508717745543e-04
7.180100000000367800e+03 1.154601704911328852e-04
7.181000000000367436e+03 1.138447551056742668e-04
7.181900000000367982e+03 1.150649623014032841e-04
7.182800000000368527e+03 1.176463338197208941e-04
7.183700000000368163e+03 1.190289622172713280e-04
7.184600000000367800e+03 1.188009482575580478e-04
7.185500000000368345e+03 1.171955591416917741e-04
7.186400000000368891e+03 1.145688875112682581e-04
7.187300000000368527e+03 1.129184165620245039e-04
7.188200000000368163e+03 1.133996920543722808e-04
7.189100000000368709e+03 1.148378578363917768e-04
7.190000000000369255e+03 1.162979679065756500e-04
7.190900000000368891e+03 1.170864052255637944e-04
7.191800000000368527e+03 1.164701898233033717e-04
7.192700000000369073e+03 1.152111799456179142e-04
7.193600000000369619e+03 1.151363539975136518e-04
7.194500000000369255e+03 1.164809873444028199e-04
7.195400000000368891e+03 1.172147822217084467e-04
7.196300000000369437e+03 1.166774018201977015e-04
7.197200000000369982e+03 1.164169152616523206e-04
7.198100000000369619e+03 1.171845360659062862e-04
7.199000000000369255e+03 1.179145110654644668e-04
7.199900000000369801e+03 1.179015016532503068e-04
7.200800000000370346e+03 1.171512558357790112e-04
7.201700000000369982e+03 1.163022825494408607e-04
7.202600000000369619e+03 1.166871952591463923e-04
7.203500000000370164e+03 1.182652995339594781e-04
7.204400000000370710e+03 1.191610281239263713e-04
7.205300000000370346e+03 1.175947472802363336e-04
7.206200000000369982e+03 1.139132727985270321e-04
7.207100000000370528e+03 1.112367463065311313e-04
7.208000000000371074e+03 1.118311702157370746e-04
7.208900000000370710e+03 1.143864428740926087e-04
7.209800000000370346e+03 1.170166069641709328e-04
7.210700000000370892e+03 1.186013323604129255e-04
7.211600000000371438e+03 1.186096778837963939e-04
7.212500000000371074e+03 1.175561701529659331e-04
7.213400000000370710e+03 1.163750639534555376e-04
7.214300000000371256e+03 1.156258076662197709e-04
7.215200000000371801e+03 1.157217557192780077e-04
7.216100000000371438e+03 1.166533256764523685e-04
7.217000000000371074e+03 1.177753001684322953e-04
7.217900000000371620e+03 1.180997714982368052e-04
7.218800000000372165e+03 1.175151774077676237e-04
7.219700000000371801e+03 1.166917863884009421e-04
7.220600000000371438e+03 1.160281171905808151e-04
7.221500000000371983e+03 1.154802812379784882e-04
7.222400000000372529e+03 1.149955278378911316e-04
7.223300000000372165e+03 1.150426614913158119e-04
7.224200000000371801e+03 1.161107065854594111e-04
7.225100000000372347e+03 1.174861754407174885e-04
7.226000000000372893e+03 1.184789143735542893e-04
7.226900000000372529e+03 1.188768947031348944e-04
7.227800000000372165e+03 1.183495551231317222e-04
7.228700000000372711e+03 1.177341036964207888e-04
7.229600000000373257e+03 1.182523774332366884e-04
7.230500000000372893e+03 1.196394514408893883e-04
7.231400000000372529e+03 1.207985551445744932e-04
7.232300000000373075e+03 1.211896014865487814e-04
7.233200000000373620e+03 1.209629263030365109e-04
7.234100000000373257e+03 1.202939020004123449e-04
7.235000000000372893e+03 1.194013239000923932e-04
7.235900000000373439e+03 1.188004971481859684e-04
7.236800000000373984e+03 1.187894449685700238e-04
7.237700000000373620e+03 1.193149364553391933e-04
7.238600000000373257e+03 1.183640997624024749e-04
7.239500000000373802e+03 1.182501073344610631e-04
7.240400000000374348e+03 1.190312032122164965e-04
7.241300000000373984e+03 1.199002508656121790e-04
7.242200000000373620e+03 1.199148318846710026e-04
7.243100000000374166e+03 1.189666872960515320e-04
7.244000000000374712e+03 1.175137440441176295e-04
7.244900000000374348e+03 1.166885413113050163e-04
7.245800000000373984e+03 1.173456403193995357e-04
7.246700000000374530e+03 1.188261812785640359e-04
7.247600000000375076e+03 1.198851459776051342e-04
7.248500000000374712e+03 1.196520606754347682e-04
7.249400000000374348e+03 1.182266350951977074e-04
7.250300000000374894e+03 1.166979709523729980e-04
7.251200000000375439e+03 1.163400811492465436e-04
7.252100000000375076e+03 1.172279953607358038e-04
7.253000000000374712e+03 1.182153864647261798e-04
7.253900000000375258e+03 1.184048232971690595e-04
7.254800000000375803e+03 1.183336207759566605e-04
7.255700000000375439e+03 1.188894748338498175e-04
7.256600000000375076e+03 1.198641184601001441e-04
7.257500000000375621e+03 1.207519526360556483e-04
7.258400000000376167e+03 1.200447150040417910e-04
7.259300000000375803e+03 1.188479800475761294e-04
7.260200000000375439e+03 1.166326474049128592e-04
7.261100000000375985e+03 1.147296497947536409e-04
7.262000000000376531e+03 1.152029653894715011e-04
7.262900000000376167e+03 1.172466509160585701e-04
7.263800000000375803e+03 1.187277448480017483e-04
7.264700000000376349e+03 1.193942298414185643e-04
7.265600000000376895e+03 1.197618985315784812e-04
7.266500000000376531e+03 1.201659761136397719e-04
7.267400000000376167e+03 1.202999046654440463e-04
7.268300000000376713e+03 1.200276892632246017e-04
7.269200000000377258e+03 1.197140663862228394e-04
7.270100000000376895e+03 1.193038115161471069e-04
7.271000000000376531e+03 1.188399546663276851e-04
7.271900000000377077e+03 1.186702356790192425e-04
7.272800000000377622e+03 1.188099631690420210e-04
7.273700000000377258e+03 1.187824018415994942e-04
7.274600000000376895e+03 1.186755180242471397e-04
7.275500000000377440e+03 1.191145856864750385e-04
7.276400000000377986e+03 1.195970107801258564e-04
7.277300000000377622e+03 1.191244446090422571e-04
7.278200000000377258e+03 1.182896885438822210e-04
7.279100000000377804e+03 1.181291736429557204e-04
7.280000000000378350e+03 1.180124017992056906e-04
7.280900000000377986e+03 1.166962611023336649e-04
7.281800000000377622e+03 1.145868445746600628e-04
7.282700000000378168e+03 1.133092373493127525e-04
7.283600000000378714e+03 1.133819241658784449e-04
7.284500000000378350e+03 1.144258203567005694e-04
7.285400000000377986e+03 1.159557141363620758e-04
7.286300000000378532e+03 1.168021626654081047e-04
7.287200000000379077e+03 1.156975995399989188e-04
7.288100000000378714e+03 1.132179459091275930e-04
7.289000000000378350e+03 1.121550812968052924e-04
7.289900000000378895e+03 1.123207111959345639e-04
7.290800000000379441e+03 1.128065196098759770e-04
7.291700000000379077e+03 1.127050491049885750e-04
7.292600000000378714e+03 1.130775417550466955e-04
7.293500000000379259e+03 1.146674330811947584e-04
7.294400000000379805e+03 1.169033203041180968e-04
7.295300000000379441e+03 1.187062662211246789e-04
7.296200000000379077e+03 1.194955402752384543e-04
7.297100000000379623e+03 1.191161281894892454e-04
7.298000000000380169e+03 1.181676343549042940e-04
7.298900000000379805e+03 1.174641074612736702e-04
7.299800000000379441e+03 1.172266638604924083e-04
7.300700000000379987e+03 1.174912613350898027e-04
7.301600000000380533e+03 1.180853578262031078e-04
7.302500000000380169e+03 1.186663503176532686e-04
7.303400000000379805e+03 1.191388728329911828e-04
7.304300000000380351e+03 1.194623473566025496e-04
7.305200000000380896e+03 1.189748873002827168e-04
7.306100000000380533e+03 1.173905329778790474e-04
7.307000000000380169e+03 1.157402730314061046e-04
7.307900000000380714e+03 1.152694239863194525e-04
7.308800000000381260e+03 1.159510356956161559e-04
7.309700000000380896e+03 1.161824911832809448e-04
7.310600000000380533e+03 1.157546212198212743e-04
7.311500000000381078e+03 1.161590625997632742e-04
7.312400000000381624e+03 1.176960140583105385e-04
7.313300000000381260e+03 1.191308547277003527e-04
7.314200000000380896e+03 1.196290686493739486e-04
7.315100000000381442e+03 1.193078423966653645e-04
7.316000000000381988e+03 1.186915105790831149e-04
7.316900000000381624e+03 1.183471249532885849e-04
7.317800000000381260e+03 1.183970962301827967e-04
7.318700000000381806e+03 1.184768116218037903e-04
7.319600000000382352e+03 1.182776832138188183e-04
7.320500000000381988e+03 1.182742271339520812e-04
7.321400000000381624e+03 1.187616653623990715e-04
7.322300000000382170e+03 1.190298135043121874e-04
7.323200000000382715e+03 1.184719585580751300e-04
7.324100000000382352e+03 1.171102630905807018e-04
7.325000000000381988e+03 1.155103673227131367e-04
7.325900000000382533e+03 1.149486270151101053e-04
7.326800000000383079e+03 1.162061380455270410e-04
7.327700000000382715e+03 1.178765232907608151e-04
7.328600000000382352e+03 1.182261257781647146e-04
7.329500000000382897e+03 1.176954174297861755e-04
7.330400000000383443e+03 1.174523349618539214e-04
7.331300000000383079e+03 1.177696467493660748e-04
7.332200000000382715e+03 1.181063198600895703e-04
7.333100000000383261e+03 1.182995620183646679e-04
7.334000000000383807e+03 1.186033405247144401e-04
7.334900000000383443e+03 1.191943156300112605e-04
7.335800000000383079e+03 1.199661710415966809e-04
7.336700000000383625e+03 1.204947111546061933e-04
7.337600000000384171e+03 1.205662629217840731e-04
7.338500000000383807e+03 1.204838190460577607e-04
7.339400000000383443e+03 1.205581138492561877e-04
7.340300000000383989e+03 1.208878602483309805e-04
7.341200000000384534e+03 1.210131304105743766e-04
7.342100000000384171e+03 1.202566054416820407e-04
7.343000000000383807e+03 1.187789239338599145e-04
7.343900000000384352e+03 1.175163561129011214e-04
7.344800000000384898e+03 1.174953358713537455e-04
7.345700000000384534e+03 1.184163120342418551e-04
7.346600000000384171e+03 1.193905482068657875e-04
7.347500000000384716e+03 1.200607148348353803e-04
7.348400000000385262e+03 1.199594480567611754e-04
7.349300000000384898e+03 1.187683228636160493e-04
7.350200000000384534e+03 1.170989999081939459e-04
7.351100000000385080e+03 1.163087508757598698e-04
7.352000000000385626e+03 1.166358124464750290e-04
7.352900000000385262e+03 1.168112212326377630e-04
7.353800000000384898e+03 1.158884624601341784e-04
7.354700000000385444e+03 1.142417459050193429e-04
7.355600000000385990e+03 1.133264158852398396e-04
7.356500000000385626e+03 1.142657347372733057e-04
7.357400000000385262e+03 1.163190754596143961e-04
7.358300000000385808e+03 1.182385458378121257e-04
7.359200000000386353e+03 1.191224000649526715e-04
7.360100000000385990e+03 1.184557477245107293e-04
7.361000000000385626e+03 1.167865993920713663e-04
7.361900000000386171e+03 1.153138509835116565e-04
7.362800000000386717e+03 1.149310992332175374e-04
7.363700000000386353e+03 1.156494545284658670e-04
7.364600000000385990e+03 1.166927177109755576e-04
7.365500000000386535e+03 1.174335484392940998e-04
7.366400000000387081e+03 1.179471291834488511e-04
7.367300000000386717e+03 1.182210617116652429e-04
7.368200000000386353e+03 1.182022897410206497e-04
7.369100000000386899e+03 1.181698753498494625e-04
7.370000000000387445e+03 1.185669534606859088e-04
7.370900000000387081e+03 1.189908798551186919e-04
7.371800000000386717e+03 1.188635142170824111e-04
7.372700000000387263e+03 1.181902116513811052e-04
7.373600000000387809e+03 1.173478303826414049e-04
7.374500000000387445e+03 1.166029687738046050e-04
7.375400000000387081e+03 1.161929249064996839e-04
7.376300000000387627e+03 1.165763824246823788e-04
7.377200000000388172e+03 1.176848963950760663e-04
7.378100000000387809e+03 1.186818844871595502e-04
7.379000000000387445e+03 1.186647205031476915e-04
7.379900000000387990e+03 1.175297657027840614e-04
7.380800000000388536e+03 1.158321101684123278e-04
7.381700000000388172e+03 1.145025453297421336e-04
7.382600000000387809e+03 1.139601008617319167e-04
7.383500000000388354e+03 1.133144032792188227e-04
7.384400000000388900e+03 1.118484215112403035e-04
7.385300000000388536e+03 1.102015885408036411e-04
7.386200000000388172e+03 1.092672682716511190e-04
7.387100000000388718e+03 1.089352226699702442e-04
7.388000000000389264e+03 1.086718839360401034e-04
7.388900000000388900e+03 1.088554490706883371e-04
7.389800000000388536e+03 1.103364847949706018e-04
7.390700000000389082e+03 1.120344459195621312e-04
7.391600000000389628e+03 1.123580150306224823e-04
7.392500000000389264e+03 1.116340572480112314e-04
7.393400000000388900e+03 1.115915511036291718e-04
7.394300000000389446e+03 1.127192153944633901e-04
7.395200000000389991e+03 1.138507141149602830e-04
7.396100000000389628e+03 1.143770277849398553e-04
7.397000000000389264e+03 1.144139750977046788e-04
7.397900000000389809e+03 1.139861706178635359e-04
7.398800000000390355e+03 1.132155011873692274e-04
7.399700000000389991e+03 1.126428833231329918e-04
7.400600000000389628e+03 1.130267846747301519e-04
7.401500000000390173e+03 1.144086054409854114e-04
7.402400000000390719e+03 1.158719824161380529e-04
7.403300000000390355e+03 1.163997512776404619e-04
7.404200000000389991e+03 1.159031162387691438e-04
7.405100000000390537e+03 1.151361138909123838e-04
7.406000000000391083e+03 1.146941067418083549e-04
7.406900000000390719e+03 1.142049222835339606e-04
7.407800000000390355e+03 1.131786557380110025e-04
7.408700000000390901e+03 1.120873857871629298e-04
7.409600000000391447e+03 1.122452667914330959e-04
