3.540500000000000000e+03 1.816790245356969535e-05
3.541400000000000091e+03 1.749542207107879221e-05
3.542300000000000182e+03 1.764368425938300788e-05
3.543200000000000273e+03 1.832262933021411300e-05
3.544100000000000364e+03 1.872695247584488243e-05
3.545000000000000455e+03 1.876431633718311787e-05
3.545900000000000546e+03 1.862266071839258075e-05
3.546800000000000637e+03 1.823926504584960639e-05
3.547700000000000728e+03 1.801112921384628862e-05
3.548600000000000819e+03 1.835950024542398751e-05
3.549500000000000909e+03 1.885544224933255464e-05
3.550400000000001000e+03 1.881593743746634573e-05
3.551300000000001091e+03 1.827667256293352693e-05
3.552200000000001182e+03 1.757636164256837219e-05
3.553100000000001273e+03 1.688929296506103128e-05
3.554000000000001364e+03 1.659782901697326452e-05
3.554900000000001455e+03 1.703799534880090505e-05
3.555800000000001546e+03 1.769721711752936244e-05
3.556700000000001637e+03 1.782761864888016135e-05
3.557600000000001728e+03 1.740900006552692503e-05
3.558500000000001819e+03 1.699836320767644793e-05
3.559400000000001910e+03 1.700453685771208256e-05
3.560300000000002001e+03 1.728564711811486632e-05
3.561200000000002092e+03 1.781601713446434587e-05
3.562100000000002183e+03 1.861138480307999998e-05
3.563000000000002274e+03 1.867552600742783397e-05
3.563900000000002365e+03 1.700378015812020749e-05
3.564800000000002456e+03 1.445486122975125909e-05
3.565700000000002547e+03 1.313289340032497421e-05
3.566600000000002638e+03 1.369200617773458362e-05
3.567500000000002728e+03 1.452612195862457156e-05
3.568400000000002819e+03 1.408480511599918827e-05
3.569300000000002910e+03 1.288750081585021690e-05
3.570200000000003001e+03 1.234336832567350939e-05
3.571100000000003092e+03 1.291542048420524225e-05
3.572000000000003183e+03 1.419229192833881825e-05
3.572900000000003274e+03 1.504858664702624083e-05
3.573800000000003365e+03 1.533987779112067074e-05
3.574700000000003456e+03 1.545463783259037882e-05
3.575600000000003547e+03 1.586108373885508627e-05
3.576500000000003638e+03 1.626212542760185897e-05
3.577400000000003729e+03 1.595115645613986999e-05
3.578300000000003820e+03 1.505946966062765568e-05
3.579200000000003911e+03 1.399925167788751423e-05
3.580100000000004002e+03 1.225017513206694275e-05
3.581000000000004093e+03 1.070685266313375905e-05
3.581900000000004184e+03 1.123251058743335307e-05
3.582800000000004275e+03 1.294162393605802208e-05
3.583700000000004366e+03 1.325298399024177343e-05
3.584600000000004457e+03 1.182467076432658359e-05
3.585500000000004547e+03 1.063332365447422490e-05
3.586400000000004638e+03 1.076213629858102649e-05
3.587300000000004729e+03 1.166249148809583858e-05
3.588200000000004820e+03 1.262742807739414275e-05
3.589100000000004911e+03 1.358210465696174651e-05
3.590000000000005002e+03 1.524530853203032166e-05
3.590900000000005093e+03 1.733638237055856735e-05
3.591800000000005184e+03 1.808733759389724582e-05
3.592700000000005275e+03 1.728063944028690457e-05
3.593600000000005366e+03 1.664919545873999596e-05
3.594500000000005457e+03 1.720136606309097260e-05
3.595400000000005548e+03 1.847392923082225025e-05
3.596300000000005639e+03 1.959723158506676555e-05
3.597200000000005730e+03 1.995880666072480381e-05
3.598100000000005821e+03 1.984295340662356466e-05
3.599000000000005912e+03 2.004963425861205906e-05
3.599900000000006003e+03 2.059144026134163141e-05
3.600800000000006094e+03 2.013135599554516375e-05
3.601700000000006185e+03 1.814135976019315422e-05
3.602600000000006276e+03 1.626246194064151496e-05
3.603500000000006366e+03 1.553592301206663251e-05
3.604400000000006457e+03 1.515927942818962038e-05
3.605300000000006548e+03 1.501580936746904626e-05
3.606200000000006639e+03 1.560675809741951525e-05
3.607100000000006730e+03 1.573737063154112548e-05
3.608000000000006821e+03 1.425169375579571351e-05
3.608900000000006912e+03 1.269154745386913419e-05
3.609800000000007003e+03 1.297477865591645241e-05
3.610700000000007094e+03 1.469011931476416066e-05
3.611600000000007185e+03 1.601681833562906832e-05
3.612500000000007276e+03 1.582635195518378168e-05
3.613400000000007367e+03 1.545296072436030954e-05
3.614300000000007458e+03 1.653516119404230267e-05
3.615200000000007549e+03 1.810639696486759931e-05
3.616100000000007640e+03 1.819177487050183117e-05
3.617000000000007731e+03 1.619213799131102860e-05
3.617900000000007822e+03 1.314504697802476585e-05
3.618800000000007913e+03 1.149964919022750109e-05
3.619700000000008004e+03 1.253384925803402439e-05
3.620600000000008095e+03 1.473192605772055686e-05
3.621500000000008185e+03 1.669316407060250640e-05
3.622400000000008276e+03 1.786330722097773105e-05
3.623300000000008367e+03 1.771269853634294122e-05
3.624200000000008458e+03 1.759437691362109035e-05
3.625100000000008549e+03 1.907953264890238643e-05
3.626000000000008640e+03 2.102769576595164835e-05
3.626900000000008731e+03 2.167845559597481042e-05
3.627800000000008822e+03 2.129190215782728046e-05
3.628700000000008913e+03 2.042862797679845244e-05
3.629600000000009004e+03 1.805807733035180718e-05
3.630500000000009095e+03 1.436833736079279333e-05
3.631400000000009186e+03 1.240004075953038409e-05
3.632300000000009277e+03 1.339368736807955429e-05
3.633200000000009368e+03 1.494521075073862448e-05
3.634100000000009459e+03 1.544999940961133689e-05
3.635000000000009550e+03 1.577641160110943019e-05
3.635900000000009641e+03 1.651837737881578505e-05
3.636800000000009732e+03 1.728921597532462329e-05
3.637700000000009823e+03 1.822534795792307705e-05
3.638600000000009913e+03 1.945710755535401404e-05
3.639500000000010004e+03 2.028703602263703942e-05
3.640400000000010095e+03 2.021877662627957761e-05
3.641300000000010186e+03 1.940512811415828764e-05
3.642200000000010277e+03 1.823857746785506606e-05
3.643100000000010368e+03 1.728056122374255210e-05
3.644000000000010459e+03 1.643645373405888677e-05
3.644900000000010550e+03 1.589913517818786204e-05
3.645800000000010641e+03 1.593845809111371636e-05
3.646700000000010732e+03 1.552264075144194067e-05
3.647600000000010823e+03 1.457603138987906277e-05
3.648500000000010914e+03 1.456665540899848565e-05
3.649400000000011005e+03 1.545893792354036123e-05
3.650300000000011096e+03 1.654581865295767784e-05
3.651200000000011187e+03 1.776436874934006482e-05
3.652100000000011278e+03 1.927811354107689112e-05
3.653000000000011369e+03 2.009311901929322630e-05
3.653900000000011460e+03 2.012707409448921680e-05
3.654800000000011551e+03 1.998363222810439765e-05
3.655700000000011642e+03 2.033456621575169265e-05
3.656600000000011732e+03 2.099838638969231397e-05
3.657500000000011823e+03 2.152616434614174068e-05
3.658400000000011914e+03 2.194124499510508031e-05
3.659300000000012005e+03 2.199050504714250565e-05
3.660200000000012096e+03 2.170182415284216404e-05
3.661100000000012187e+03 2.146256156265735626e-05
3.662000000000012278e+03 2.088631663355045021e-05
3.662900000000012369e+03 1.991044155147392303e-05
3.663800000000012460e+03 1.941770824487321079e-05
3.664700000000012551e+03 1.994954072870314121e-05
3.665600000000012642e+03 2.053369462373666465e-05
3.666500000000012733e+03 2.044784196186810732e-05
3.667400000000012824e+03 2.005895476031582803e-05
3.668300000000012915e+03 1.910926039272453636e-05
3.669200000000013006e+03 1.797828736016526818e-05
3.670100000000013097e+03 1.827218511607497931e-05
3.671000000000013188e+03 2.005078749789390713e-05
3.671900000000013279e+03 2.147161103493999690e-05
3.672800000000013370e+03 2.140623109880834818e-05
3.673700000000013461e+03 2.088674045808147639e-05
3.674600000000013551e+03 2.106464307871647179e-05
3.675500000000013642e+03 2.109147862938698381e-05
3.676400000000013733e+03 1.981632885872386396e-05
3.677300000000013824e+03 1.833003807405475527e-05
3.678200000000013915e+03 1.778555997589137405e-05
3.679100000000014006e+03 1.733395220071543008e-05
3.680000000000014097e+03 1.699071071925573051e-05
3.680900000000014188e+03 1.774147676769644022e-05
3.681800000000014279e+03 1.884273660834878683e-05
3.682700000000014370e+03 1.951429294422268867e-05
3.683600000000014461e+03 1.971797428268473595e-05
3.684500000000014552e+03 1.907202567963395268e-05
3.685400000000014643e+03 1.774033989931922406e-05
3.686300000000014734e+03 1.643436189624480903e-05
3.687200000000014825e+03 1.574415909999515861e-05
3.688100000000014916e+03 1.637238892726600170e-05
3.689000000000015007e+03 1.812916343624237925e-05
3.689900000000015098e+03 2.014662095461972058e-05
3.690800000000015189e+03 2.191114253946579993e-05
3.691700000000015280e+03 2.259775465063285083e-05
3.692600000000015370e+03 2.162561395380180329e-05
3.693500000000015461e+03 2.017236693063750863e-05
3.694400000000015552e+03 1.986047391255851835e-05
3.695300000000015643e+03 2.021684849751181901e-05
3.696200000000015734e+03 2.013683115364983678e-05
3.697100000000015825e+03 2.024460081884171814e-05
3.698000000000015916e+03 2.149338070012163371e-05
3.698900000000016007e+03 2.318230326636694372e-05
3.699800000000016098e+03 2.387818312854506075e-05
3.700700000000016189e+03 2.333792326680850238e-05
3.701600000000016280e+03 2.230059544672258198e-05
3.702500000000016371e+03 2.076562486763577908e-05
3.703400000000016462e+03 1.847673775046132505e-05
3.704300000000016553e+03 1.619743852643296123e-05
3.705200000000016644e+03 1.500982943980488926e-05
3.706100000000016735e+03 1.532275928184390068e-05
3.707000000000016826e+03 1.617742964299395680e-05
3.707900000000016917e+03 1.635811895539518446e-05
3.708800000000017008e+03 1.627960591576993465e-05
3.709700000000017099e+03 1.708298259472940117e-05
3.710600000000017189e+03 1.863583747763186693e-05
3.711500000000017280e+03 2.005311580433044583e-05
3.712400000000017371e+03 2.168065111618489027e-05
3.713300000000017462e+03 2.360395228606648743e-05
3.714200000000017553e+03 2.446587859594728798e-05
3.715100000000017644e+03 2.375534495513420552e-05
3.716000000000017735e+03 2.291560122102964669e-05
3.716900000000017826e+03 2.246327130706049502e-05
3.717800000000017917e+03 2.083846811729017645e-05
3.718700000000018008e+03 1.740855441312305629e-05
3.719600000000018099e+03 1.384254392178263515e-05
3.720500000000018190e+03 1.194773813040228561e-05
3.721400000000018281e+03 1.193690786749357358e-05
3.722300000000018372e+03 1.362795956083573401e-05
3.723200000000018463e+03 1.652279388508759439e-05
3.724100000000018554e+03 1.938532841450069100e-05
3.725000000000018645e+03 2.135231807187665254e-05
3.725900000000018736e+03 2.130919165210798383e-05
3.726800000000018827e+03 1.916868859552778304e-05
3.727700000000018917e+03 1.809492823667824268e-05
3.728600000000019008e+03 1.956089727173093706e-05
3.729500000000019099e+03 2.061519990093074739e-05
3.730400000000019190e+03 1.975486156879924238e-05
3.731300000000019281e+03 1.824801256589125842e-05
3.732200000000019372e+03 1.620289367565419525e-05
3.733100000000019463e+03 1.338077527179848403e-05
3.734000000000019554e+03 1.108191463572438806e-05
3.734900000000019645e+03 1.048429658112581819e-05
3.735800000000019736e+03 1.116452585847582668e-05
3.736700000000019827e+03 1.236676689586602151e-05
3.737600000000019918e+03 1.448427246941719204e-05
3.738500000000020009e+03 1.725533729768358171e-05
3.739400000000020100e+03 1.963537215488031507e-05
3.740300000000020191e+03 2.116163705068174750e-05
3.741200000000020282e+03 2.124322418239898980e-05
3.742100000000020373e+03 1.971172605408355594e-05
3.743000000000020464e+03 1.770338894857559353e-05
3.743900000000020555e+03 1.635240369068924338e-05
3.744800000000020646e+03 1.521028389106504619e-05
3.745700000000020736e+03 1.425220671080751345e-05
3.746600000000020827e+03 1.408824755344539881e-05
3.747500000000020918e+03 1.324839377048192546e-05
3.748400000000021009e+03 1.111240544560132548e-05
3.749300000000021100e+03 1.024458561005303636e-05
3.750200000000021191e+03 1.240092933585401624e-05
3.751100000000021282e+03 1.605407487659249455e-05
3.752000000000021373e+03 1.878297007351648062e-05
3.752900000000021464e+03 2.032469637924805284e-05
3.753800000000021555e+03 2.207030956924427301e-05
3.754700000000021646e+03 2.395850970060564578e-05
3.755600000000021737e+03 2.424934427835978568e-05
3.756500000000021828e+03 2.164485704270191491e-05
3.757400000000021919e+03 1.743724897096399218e-05
3.758300000000022010e+03 1.499997142673237249e-05
3.759200000000022101e+03 1.586115649843122810e-05
3.760100000000022192e+03 1.800305835786275566e-05
3.761000000000022283e+03 1.932131453941110522e-05
3.761900000000022374e+03 1.962602436833549291e-05
3.762800000000022465e+03 1.907524529087822884e-05
3.763700000000022555e+03 1.867780883912928402e-05
3.764600000000022646e+03 1.946183328982442617e-05
3.765500000000022737e+03 1.972927748283836991e-05
3.766400000000022828e+03 1.833068199630361050e-05
3.767300000000022919e+03 1.737537240842357278e-05
3.768200000000023010e+03 1.811274887586478144e-05
3.769100000000023101e+03 1.862515273387543857e-05
3.770000000000023192e+03 1.799817073333542794e-05
3.770900000000023283e+03 1.829167922551278025e-05
3.771800000000023374e+03 2.032172415056265891e-05
3.772700000000023465e+03 2.226442484243307263e-05
3.773600000000023556e+03 2.275546830787789077e-05
3.774500000000023647e+03 2.234809653600677848e-05
3.775400000000023738e+03 2.216815300926100463e-05
3.776300000000023829e+03 2.248227247036993504e-05
3.777200000000023920e+03 2.275532096973620355e-05
3.778100000000024011e+03 2.291453529323916882e-05
3.779000000000024102e+03 2.376166594331152737e-05
3.779900000000024193e+03 2.506980490579735488e-05
3.780800000000024284e+03 2.555957507865969092e-05
3.781700000000024374e+03 2.524454976082779467e-05
3.782600000000024465e+03 2.526128082536160946e-05
3.783500000000024556e+03 2.592218152130953968e-05
3.784400000000024647e+03 2.583049354143440723e-05
3.785300000000024738e+03 2.352179581066593528e-05
3.786200000000024829e+03 2.068582762149162591e-05
3.787100000000024920e+03 1.959119435923639685e-05
3.788000000000025011e+03 1.934001738845836371e-05
3.788900000000025102e+03 1.878564034996088594e-05
3.789800000000025193e+03 1.868676008598413318e-05
3.790700000000025284e+03 1.976275416382122785e-05
3.791600000000025375e+03 2.071255767077673227e-05
3.792500000000025466e+03 2.012216464208904654e-05
3.793400000000025557e+03 1.860885276983026415e-05
3.794300000000025648e+03 1.742019594530574977e-05
3.795200000000025739e+03 1.700468237686436623e-05
3.796100000000025830e+03 1.664106093812733889e-05
3.797000000000025921e+03 1.531373345642350614e-05
3.797900000000026012e+03 1.397116284351795912e-05
3.798800000000026102e+03 1.451120806450489908e-05
3.799700000000026193e+03 1.698450978437904269e-05
3.800600000000026284e+03 1.960787994903512299e-05
3.801500000000026375e+03 2.127158586517907679e-05
3.802400000000026466e+03 2.273629797855392098e-05
3.803300000000026557e+03 2.405602390354033560e-05
3.804200000000026648e+03 2.443878656777087599e-05
3.805100000000026739e+03 2.376997144892811775e-05
3.806000000000026830e+03 2.229963320132810622e-05
3.806900000000026921e+03 2.107971704390365630e-05
3.807800000000027012e+03 2.152712295355740935e-05
3.808700000000027103e+03 2.324244087503757328e-05
3.809600000000027194e+03 2.470102481311187148e-05
3.810500000000027285e+03 2.515666346880607307e-05
3.811400000000027376e+03 2.447084261802956462e-05
3.812300000000027467e+03 2.260318433400243521e-05
3.813200000000027558e+03 2.028534981945995241e-05
3.814100000000027649e+03 1.851940760388970375e-05
3.815000000000027740e+03 1.732853888825047761e-05
3.815900000000027831e+03 1.736812737362924963e-05
3.816800000000027921e+03 1.923690979310777038e-05
3.817700000000028012e+03 2.088724977511446923e-05
3.818600000000028103e+03 1.995133243326563388e-05
3.819500000000028194e+03 1.697215520835015923e-05
3.820400000000028285e+03 1.524709114164579660e-05
3.821300000000028376e+03 1.674001396168023348e-05
3.822200000000028467e+03 1.914126187330111861e-05
3.823100000000028558e+03 1.917449844768270850e-05
3.824000000000028649e+03 1.688472366367932409e-05
3.824900000000028740e+03 1.467032598156947643e-05
3.825800000000028831e+03 1.397548203385667875e-05
3.826700000000028922e+03 1.431729378964519128e-05
3.827600000000029013e+03 1.465881268813973293e-05
3.828500000000029104e+03 1.491068451286992058e-05
3.829400000000029195e+03 1.551219247630797327e-05
3.830300000000029286e+03 1.591717227711342275e-05
3.831200000000029377e+03 1.489561964262975380e-05
3.832100000000029468e+03 1.295562378800241277e-05
3.833000000000029559e+03 1.172525480797048658e-05
3.833900000000029650e+03 1.148531464423285797e-05
3.834800000000029740e+03 1.206691194965969771e-05
3.835700000000029831e+03 1.329681617789901793e-05
3.836600000000029922e+03 1.404319300490897149e-05
3.837500000000030013e+03 1.351314404018921778e-05
3.838400000000030104e+03 1.288145176658872515e-05
3.839300000000030195e+03 1.312129552388796583e-05
3.840200000000030286e+03 1.396059724356746301e-05
3.841100000000030377e+03 1.581836113473400474e-05
3.842000000000030468e+03 1.844886355684138834e-05
3.842900000000030559e+03 2.028908056672662497e-05
3.843800000000030650e+03 2.103333281411323696e-05
3.844700000000030741e+03 2.110393506882246584e-05
3.845600000000030832e+03 2.094328010571189225e-05
3.846500000000030923e+03 2.145810140063986182e-05
3.847400000000031014e+03 2.238773959106765687e-05
3.848300000000031105e+03 2.213781772297807038e-05
3.849200000000031196e+03 2.059044891211669892e-05
3.850100000000031287e+03 1.983835318242199719e-05
3.851000000000031378e+03 2.101260906783863902e-05
3.851900000000031469e+03 2.245330142613966018e-05
3.852800000000031559e+03 2.253585444123018533e-05
3.853700000000031650e+03 2.172170934500172734e-05
3.854600000000031741e+03 2.074720032396726310e-05
3.855500000000031832e+03 1.983303445740602911e-05
3.856400000000031923e+03 1.956669439096003771e-05
3.857300000000032014e+03 1.951505328179337084e-05
3.858200000000032105e+03 1.811328002077061683e-05
3.859100000000032196e+03 1.613950735190883279e-05
3.860000000000032287e+03 1.599711140443105251e-05
3.860900000000032378e+03 1.817419433791656047e-05
3.861800000000032469e+03 2.110980858560651541e-05
3.862700000000032560e+03 2.297455830557737499e-05
3.863600000000032651e+03 2.317091093573253602e-05
3.864500000000032742e+03 2.240585672552697361e-05
3.865400000000032833e+03 2.166483682231046259e-05
3.866300000000032924e+03 2.160520125471521169e-05
3.867200000000033015e+03 2.189734186686109751e-05
3.868100000000033106e+03 2.192109423049259931e-05
3.869000000000033197e+03 2.140039759979117662e-05
3.869900000000033288e+03 2.019965722865890712e-05
3.870800000000033378e+03 1.851757770054973662e-05
3.871700000000033469e+03 1.706072907836642116e-05
3.872600000000033560e+03 1.705935574136674404e-05
3.873500000000033651e+03 1.904027340060565621e-05
3.874400000000033742e+03 2.164416400773916394e-05
3.875300000000033833e+03 2.296252932865172625e-05
3.876200000000033924e+03 2.224972558906301856e-05
3.877100000000034015e+03 1.988587609957903624e-05
3.878000000000034106e+03 1.778154364728834480e-05
3.878900000000034197e+03 1.829846769396681339e-05
3.879800000000034288e+03 2.023803426709491760e-05
3.880700000000034379e+03 2.041470361291430891e-05
3.881600000000034470e+03 1.887257349153514951e-05
3.882500000000034561e+03 1.828472522902302444e-05
3.883400000000034652e+03 1.970597622857894748e-05
3.884300000000034743e+03 2.053464413620531559e-05
3.885200000000034834e+03 1.868657454906497151e-05
3.886100000000034925e+03 1.615210749150719494e-05
3.887000000000035016e+03 1.524197705293772742e-05
3.887900000000035106e+03 1.517163855169201270e-05
3.888800000000035197e+03 1.518066801509121433e-05
3.889700000000035288e+03 1.652761602599639446e-05
3.890600000000035379e+03 1.915965185617096722e-05
3.891500000000035470e+03 2.150614272977691144e-05
3.892400000000035561e+03 2.261372719658538699e-05
3.893300000000035652e+03 2.259323628095444292e-05
3.894200000000035743e+03 2.197483263444155455e-05
3.895100000000035834e+03 2.142316589015536010e-05
3.896000000000035925e+03 2.203140866186004132e-05
3.896900000000036016e+03 2.333130396436899900e-05
3.897800000000036107e+03 2.344861240999307483e-05
3.898700000000036198e+03 2.255252366012427956e-05
3.899600000000036289e+03 2.224509444204159081e-05
3.900500000000036380e+03 2.325490277144126594e-05
3.901400000000036471e+03 2.420093733235262334e-05
3.902300000000036562e+03 2.346532164665404707e-05
3.903200000000036653e+03 2.243503149657044560e-05
3.904100000000036744e+03 2.204644806624855846e-05
3.905000000000036835e+03 2.101145764754619449e-05
3.905900000000036925e+03 2.026782021857798100e-05
3.906800000000037016e+03 2.160046824428718537e-05
3.907700000000037107e+03 2.391554698988329619e-05
3.908600000000037198e+03 2.538072112656664103e-05
3.909500000000037289e+03 2.572113953647203743e-05
3.910400000000037380e+03 2.590776057331822813e-05
3.911300000000037471e+03 2.664040403033141047e-05
3.912200000000037562e+03 2.703718382690567523e-05
3.913100000000037653e+03 2.639598824316635728e-05
3.914000000000037744e+03 2.571978257037699223e-05
3.914900000000037835e+03 2.553618651290889829e-05
3.915800000000037926e+03 2.506890086806379259e-05
3.916700000000038017e+03 2.456939364492427558e-05
3.917600000000038108e+03 2.435445094306487590e-05
3.918500000000038199e+03 2.370017682551406324e-05
3.919400000000038290e+03 2.233916893601417542e-05
3.920300000000038381e+03 2.083096842397935688e-05
3.921200000000038472e+03 2.024313653237186372e-05
3.922100000000038563e+03 2.072135612252168357e-05
3.923000000000038654e+03 2.152161323465406895e-05
3.923900000000038744e+03 2.208722798968665302e-05
3.924800000000038835e+03 2.159654468414373696e-05
3.925700000000038926e+03 2.013494486163835973e-05
3.926600000000039017e+03 1.835416333051398396e-05
3.927500000000039108e+03 1.605751094757579267e-05
3.928400000000039199e+03 1.360013538942439482e-05
3.929300000000039290e+03 1.157474162027938291e-05
3.930200000000039381e+03 9.725759809953160584e-06
3.931100000000039472e+03 7.954224201967008412e-06
3.932000000000039563e+03 6.386346740328008309e-06
3.932900000000039654e+03 5.217161742621101439e-06
3.933800000000039745e+03 4.896102836937643588e-06
3.934700000000039836e+03 5.658181635226355866e-06
3.935600000000039927e+03 7.294344868569169194e-06
3.936500000000040018e+03 9.425959433428943157e-06
3.937400000000040109e+03 1.176597197627415881e-05
3.938300000000040200e+03 1.430661723134107888e-05
3.939200000000040291e+03 1.673541191848926246e-05
3.940100000000040382e+03 1.828319909691344947e-05
3.941000000000040473e+03 1.889075065264478326e-05
3.941900000000040563e+03 1.908508602355141193e-05
3.942800000000040654e+03 1.874831468740012497e-05
3.943700000000040745e+03 1.821238765842281282e-05
3.944600000000040836e+03 1.924689786392264068e-05
3.945500000000040927e+03 2.203940857725683600e-05
3.946400000000041018e+03 2.393341310380492359e-05
3.947300000000041109e+03 2.356302866246551275e-05
3.948200000000041200e+03 2.285251139255706221e-05
3.949100000000041291e+03 2.370125184825155884e-05
3.950000000000041382e+03 2.548245356592815369e-05
3.950900000000041473e+03 2.619931365188676864e-05
3.951800000000041564e+03 2.505302109057083726e-05
3.952700000000041655e+03 2.402388963673729450e-05
3.953600000000041746e+03 2.518275687179993838e-05
3.954500000000041837e+03 2.660912650753743947e-05
3.955400000000041928e+03 2.570565266069024801e-05
3.956300000000042019e+03 2.388069333392195404e-05
3.957200000000042110e+03 2.363190105825196952e-05
3.958100000000042201e+03 2.479628346918616444e-05
3.959000000000042292e+03 2.555800347181502730e-05
3.959900000000042382e+03 2.423069236101582646e-05
3.960800000000042473e+03 2.072710776701569557e-05
3.961700000000042564e+03 1.750531737343408167e-05
3.962600000000042655e+03 1.635839180380571634e-05
3.963500000000042746e+03 1.611106381460558623e-05
3.964400000000042837e+03 1.504622377979103476e-05
3.965300000000042928e+03 1.278509625990409404e-05
3.966200000000043019e+03 9.894313734548632056e-06
3.967100000000043110e+03 7.288617780432105064e-06
3.968000000000043201e+03 5.717828116758028045e-06
3.968900000000043292e+03 5.618009254249045625e-06
3.969800000000043383e+03 7.010518856986891478e-06
3.970700000000043474e+03 9.354201210953760892e-06
3.971600000000043565e+03 1.186206372949527577e-05
3.972500000000043656e+03 1.400873316015349701e-05
3.973400000000043747e+03 1.584886194905266166e-05
3.974300000000043838e+03 1.790690839698072523e-05
3.975200000000043929e+03 2.001308166654780507e-05
3.976100000000044020e+03 2.151840271835681051e-05
3.977000000000044110e+03 2.276471786899492145e-05
3.977900000000044201e+03 2.441121068841312081e-05
3.978800000000044292e+03 2.624505941639654338e-05
3.979700000000044383e+03 2.770742321445140988e-05
3.980600000000044474e+03 2.804017094604205340e-05
3.981500000000044565e+03 2.718725227168761194e-05
3.982400000000044656e+03 2.636699173308443278e-05
3.983300000000044747e+03 2.635745840962044895e-05
3.984200000000044838e+03 2.696570663829334080e-05
3.985100000000044929e+03 2.770510218397248536e-05
3.986000000000045020e+03 2.795663203869480640e-05
3.986900000000045111e+03 2.832652535289525986e-05
3.987800000000045202e+03 2.950062116724438965e-05
3.988700000000045293e+03 2.997016963490750641e-05
3.989600000000045384e+03 2.918312566180247813e-05
3.990500000000045475e+03 2.902097912738099694e-05
3.991400000000045566e+03 2.998648960783611983e-05
3.992300000000045657e+03 3.093425402767024934e-05
3.993200000000045748e+03 3.107821248704567552e-05
3.994100000000045839e+03 3.039859620912466198e-05
3.995000000000045929e+03 2.949034751509316266e-05
3.995900000000046020e+03 2.860645690816454589e-05
3.996800000000046111e+03 2.759877315838821232e-05
3.997700000000046202e+03 2.731218410190194845e-05
3.998600000000046293e+03 2.887125265260692686e-05
3.999500000000046384e+03 3.113637649221345782e-05
4.000400000000046475e+03 3.200567516614682972e-05
4.001300000000046566e+03 3.197048863512463868e-05
4.002200000000046657e+03 3.261171877966262400e-05
4.003100000000046748e+03 3.302410186734050512e-05
4.004000000000046839e+03 3.101194670307449996e-05
4.004900000000046930e+03 2.728918116190470755e-05
4.005800000000047021e+03 2.568365198385436088e-05
4.006700000000047112e+03 2.751215652097016573e-05
4.007600000000047203e+03 3.020395524799823761e-05
4.008500000000047294e+03 3.159551852149888873e-05
4.009400000000047385e+03 3.184316665283404291e-05
4.010300000000047476e+03 3.197645855834707618e-05
4.011200000000047567e+03 3.207699774065986276e-05
4.012100000000047658e+03 3.202959851478226483e-05
4.013000000000047748e+03 3.204298627679236233e-05
4.013900000000047839e+03 3.210753493476659060e-05
4.014800000000047930e+03 3.261078018113039434e-05
4.015700000000048021e+03 3.306870712549425662e-05
4.016600000000048112e+03 3.224598913220688701e-05
4.017500000000048203e+03 3.130749973934143782e-05
4.018400000000048294e+03 3.211828880012035370e-05
4.019300000000048385e+03 3.346926314407028258e-05
4.020200000000048476e+03 3.348707832628861070e-05
4.021100000000048567e+03 3.278606527601368725e-05
4.022000000000048658e+03 3.255368937971070409e-05
4.022900000000048749e+03 3.249656583648175001e-05
4.023800000000048840e+03 3.179709892719984055e-05
4.024700000000048931e+03 3.124065551673993468e-05
4.025600000000049022e+03 3.219054633518680930e-05
4.026500000000049113e+03 3.385946183698251843e-05
4.027400000000049204e+03 3.489558002911508083e-05
4.028300000000049295e+03 3.503030166029930115e-05
4.029200000000049386e+03 3.344296419527381659e-05
4.030100000000049477e+03 3.007001032528933138e-05
4.031000000000049567e+03 2.749318809946998954e-05
4.031900000000049658e+03 2.696543378988280892e-05
4.032800000000049749e+03 2.709494583541527390e-05
4.033700000000049840e+03 2.758339360298123211e-05
4.034600000000049931e+03 2.877529550460167229e-05
4.035500000000050022e+03 3.072818435612134635e-05
4.036400000000050113e+03 3.326830119476653636e-05
4.037300000000050204e+03 3.536030635586939752e-05
4.038200000000050295e+03 3.596295573515817523e-05
4.039100000000050386e+03 3.507252040435560048e-05
4.040000000000050477e+03 3.345421646372415125e-05
4.040900000000050568e+03 3.260388621129095554e-05
4.041800000000050659e+03 3.339985778438858688e-05
4.042700000000050750e+03 3.385002491995692253e-05
4.043600000000050841e+03 3.138760803267359734e-05
4.044500000000050932e+03 2.658857556525617838e-05
4.045400000000051023e+03 2.305126690771430731e-05
4.046300000000051114e+03 2.431329266983084381e-05
4.047200000000051205e+03 2.905358451243955642e-05
4.048100000000051296e+03 3.255909541621804237e-05
4.049000000000051386e+03 3.362902862136252224e-05
4.049900000000051477e+03 3.417171683395281434e-05
4.050800000000051568e+03 3.451572410995140672e-05
4.051700000000051659e+03 3.380913767614401877e-05
4.052600000000051750e+03 3.261553138145245612e-05
4.053500000000051841e+03 3.167281829519197345e-05
4.054400000000051932e+03 3.082129842368885875e-05
4.055300000000052023e+03 3.050189116038382053e-05
4.056200000000052114e+03 3.053578620892949402e-05
4.057100000000052205e+03 2.967315776913892478e-05
4.058000000000052296e+03 2.884823879867326468e-05
4.058900000000052387e+03 2.991249675687868148e-05
4.059800000000052478e+03 3.226234912290237844e-05
4.060700000000052569e+03 3.363442738191224635e-05
4.061600000000052660e+03 3.226143235224299133e-05
4.062500000000052751e+03 2.842243702616542578e-05
4.063400000000052842e+03 2.535534258640836924e-05
4.064300000000052933e+03 2.632150244608055800e-05
4.065200000000053024e+03 2.937958015536423773e-05
4.066100000000053114e+03 3.042458956770133227e-05
4.067000000000053205e+03 3.008190287800971419e-05
4.067900000000053296e+03 3.136395025649107993e-05
4.068800000000053387e+03 3.377380562596954405e-05
4.069700000000053478e+03 3.417094194446690381e-05
4.070600000000053569e+03 3.132435085717588663e-05
4.071500000000053660e+03 2.833136204571928829e-05
4.072400000000053751e+03 2.907745511038228869e-05
4.073300000000053842e+03 3.209482747479341924e-05
4.074200000000053933e+03 3.332934284117072821e-05
4.075100000000054024e+03 3.180004569003358483e-05
4.076000000000054115e+03 2.872573895729146898e-05
4.076900000000054206e+03 2.602426138764712960e-05
4.077800000000054297e+03 2.572822086222004145e-05
4.078700000000054388e+03 2.787808807624969631e-05
4.079600000000054479e+03 3.089940582867711782e-05
4.080500000000054570e+03 3.365297743584960699e-05
4.081400000000054661e+03 3.497683428577147424e-05
4.082300000000054752e+03 3.408431075513362885e-05
4.083200000000054843e+03 3.220838698325678706e-05
4.084100000000054933e+03 3.111627665930427611e-05
4.085000000000055024e+03 3.117691085208207369e-05
4.085900000000055115e+03 3.222523446311242878e-05
4.086800000000055206e+03 3.409485725569538772e-05
4.087700000000055297e+03 3.603572986321523786e-05
4.088600000000055388e+03 3.691846723086200655e-05
4.089500000000055479e+03 3.646716868388466537e-05
4.090400000000055570e+03 3.545222352840937674e-05
4.091300000000055661e+03 3.437477789702825248e-05
4.092200000000055752e+03 3.364127042004838586e-05
4.093100000000055843e+03 3.402281436137855053e-05
4.094000000000055934e+03 3.435902544879354537e-05
4.094900000000056025e+03 3.279429074609652162e-05
4.095800000000056116e+03 3.051949170185253024e-05
4.096700000000056207e+03 2.947418397525325418e-05
4.097600000000056752e+03 2.948965629911981523e-05
4.098500000000056389e+03 2.934706026280764490e-05
4.099400000000056025e+03 2.796063745336141437e-05
4.100300000000056571e+03 2.475888140907045454e-05
4.101200000000057116e+03 2.166803096770308912e-05
4.102100000000056752e+03 2.178604881919454783e-05
4.103000000000056389e+03 2.477693124092184007e-05
4.103900000000056934e+03 2.774644599412567914e-05
4.104800000000057480e+03 2.980789213324896991e-05
4.105700000000057116e+03 3.151275814161635935e-05
4.106600000000056752e+03 3.252649912610650063e-05
4.107500000000057298e+03 3.268329601269215345e-05
4.108400000000057844e+03 3.230887523386627436e-05
4.109300000000057480e+03 3.162314169458113611e-05
4.110200000000057116e+03 3.115545041509903967e-05
4.111100000000057662e+03 3.126550291199237108e-05
4.112000000000058208e+03 3.185595778631977737e-05
4.112900000000057844e+03 3.294241832918487489e-05
4.113800000000057480e+03 3.400363129912875593e-05
4.114700000000058026e+03 3.454221950960345566e-05
4.115600000000058571e+03 3.495592682156711817e-05
4.116500000000058208e+03 3.516264769132249057e-05
4.117400000000057844e+03 3.410536373849026859e-05
4.118300000000058390e+03 3.199413913534954190e-05
4.119200000000058935e+03 3.113017373834736645e-05
4.120100000000058571e+03 3.219914651708677411e-05
4.121000000000058208e+03 3.306216603959910572e-05
4.121900000000058753e+03 3.275495691923424602e-05
4.122800000000059299e+03 3.237271448597311974e-05
4.123700000000058935e+03 3.295717033324763179e-05
4.124600000000058571e+03 3.409675264265388250e-05
4.125500000000059117e+03 3.434340032981708646e-05
4.126400000000059663e+03 3.340923649375326931e-05
4.127300000000059299e+03 3.229538197047077119e-05
4.128200000000058935e+03 3.182753061992116272e-05
4.129100000000059481e+03 3.207494228263385594e-05
4.130000000000060027e+03 3.221371298423036933e-05
4.130900000000059663e+03 3.131341509288176894e-05
4.131800000000059299e+03 2.942483479273505509e-05
4.132700000000059845e+03 2.835622763086576015e-05
4.133600000000060390e+03 2.884784953494090587e-05
4.134500000000060027e+03 3.029929212061688304e-05
4.135400000000059663e+03 3.260755329392850399e-05
4.136300000000060209e+03 3.421075598453171551e-05
4.137200000000060754e+03 3.438642306718975306e-05
4.138100000000060390e+03 3.475784251349978149e-05
4.139000000000060027e+03 3.548026870703324676e-05
4.139900000000060572e+03 3.562379788490943611e-05
4.140800000000061118e+03 3.490025483188219368e-05
4.141700000000060754e+03 3.249092696933075786e-05
4.142600000000060390e+03 2.872349978133570403e-05
4.143500000000060936e+03 2.659019628481473774e-05
4.144400000000061482e+03 2.816776395775377750e-05
4.145300000000061118e+03 3.138856845907866955e-05
4.146200000000060754e+03 3.333223867230117321e-05
4.147100000000061300e+03 3.381493661436252296e-05
4.148000000000061846e+03 3.355937951710075140e-05
4.148900000000061482e+03 3.260752055211924016e-05
4.149800000000061118e+03 3.175951133016496897e-05
4.150700000000061664e+03 3.188849586877040565e-05
4.151600000000062209e+03 3.222343366360291839e-05
4.152500000000061846e+03 3.201335493940860033e-05
4.153400000000061482e+03 3.131155972369015217e-05
4.154300000000062028e+03 3.064649717998690903e-05
4.155200000000062573e+03 3.066387944272719324e-05
4.156100000000062209e+03 3.077128712902776897e-05
4.157000000000061846e+03 3.113480124738998711e-05
4.157900000000062391e+03 3.236317934351973236e-05
4.158800000000062937e+03 3.361787457833997905e-05
4.159700000000062573e+03 3.411138095543719828e-05
4.160600000000062209e+03 3.397281398065388203e-05
4.161500000000062755e+03 3.430963624850846827e-05
4.162400000000063301e+03 3.541970727383159101e-05
4.163300000000062937e+03 3.574917718651704490e-05
4.164200000000062573e+03 3.502830804791301489e-05
4.165100000000063119e+03 3.439416832407005131e-05
4.166000000000063665e+03 3.365948214195668697e-05
4.166900000000063301e+03 3.234577161492779851e-05
4.167800000000062937e+03 3.185874811606481671e-05
4.168700000000063483e+03 3.304148413008078933e-05
4.169600000000064028e+03 3.406958785490132868e-05
4.170500000000063665e+03 3.331590050947852433e-05
4.171400000000063301e+03 3.071731771342456341e-05
4.172300000000063847e+03 2.796513763314578682e-05
4.173200000000064392e+03 2.732006396399810910e-05
4.174100000000064028e+03 2.878043051168788224e-05
4.175000000000063665e+03 3.047814971068874002e-05
4.175900000000064210e+03 3.120788096566684544e-05
4.176800000000064756e+03 3.081867907894775271e-05
4.177700000000064392e+03 3.025919068022631109e-05
4.178600000000064028e+03 3.092638144153170288e-05
4.179500000000064574e+03 3.244226536480709910e-05
4.180400000000065120e+03 3.294693306088447571e-05
4.181300000000064756e+03 3.186167668900452554e-05
4.182200000000064392e+03 3.094958810834214091e-05
4.183100000000064938e+03 3.137297244393266737e-05
4.184000000000065484e+03 3.267374268034473062e-05
4.184900000000065120e+03 3.403768278076313436e-05
4.185800000000064756e+03 3.367949830135330558e-05
4.186700000000065302e+03 3.118843960692174733e-05
4.187600000000065847e+03 2.969552770082373172e-05
4.188500000000065484e+03 3.109271710854955018e-05
4.189400000000065120e+03 3.306322832941077650e-05
4.190300000000065666e+03 3.327335070935077965e-05
4.191200000000066211e+03 3.257999560446478426e-05
4.192100000000065847e+03 3.336408917675726116e-05
4.193000000000065484e+03 3.527135413605719805e-05
4.193900000000066029e+03 3.543320417520590127e-05
4.194800000000066575e+03 3.333653876325115561e-05
4.195700000000066211e+03 3.117619780823588371e-05
4.196600000000065847e+03 3.021317024831660092e-05
4.197500000000066393e+03 2.938446414191275835e-05
4.198400000000066939e+03 2.859865526261273772e-05
4.199300000000066575e+03 2.927622517745476216e-05
4.200200000000066211e+03 3.037280839635059237e-05
4.201100000000066757e+03 2.998891977767925709e-05
4.202000000000067303e+03 2.934850999736227095e-05
4.202900000000066939e+03 3.024209217983298004e-05
4.203800000000066575e+03 3.155092053930275142e-05
4.204700000000067121e+03 3.211611328879371285e-05
4.205600000000067666e+03 3.281771569163538516e-05
4.206500000000067303e+03 3.386301978025585413e-05
4.207400000000066939e+03 3.483401087578386068e-05
4.208300000000067485e+03 3.525342253851704299e-05
4.209200000000068030e+03 3.458691935520619154e-05
4.210100000000067666e+03 3.379074405529536307e-05
4.211000000000067303e+03 3.417549669393338263e-05
4.211900000000067848e+03 3.517124059726484120e-05
4.212800000000068394e+03 3.535489668138325214e-05
4.213700000000068030e+03 3.415688843233510852e-05
4.214600000000067666e+03 3.164295048918575048e-05
4.215500000000068212e+03 2.953129478555638343e-05
4.216400000000068758e+03 3.044997174583841115e-05
4.217300000000068394e+03 3.340604962431825697e-05
4.218200000000068030e+03 3.531748006935231388e-05
4.219100000000068576e+03 3.586736056604422629e-05
4.220000000000069122e+03 3.638228736235760152e-05
4.220900000000068758e+03 3.686511990963481367e-05
4.221800000000068394e+03 3.602485594456084073e-05
4.222700000000068940e+03 3.390835991012863815e-05
4.223600000000069485e+03 3.151880446239374578e-05
4.224500000000069122e+03 2.870102252927608788e-05
4.225400000000068758e+03 2.473232780175749213e-05
4.226300000000069303e+03 2.106515057676006109e-05
4.227200000000069849e+03 2.168763967347331345e-05
4.228100000000069485e+03 2.712486639211419970e-05
4.229000000000069122e+03 3.236539851059205830e-05
4.229900000000069667e+03 3.469571674941107631e-05
4.230800000000070213e+03 3.564244252629578114e-05
4.231700000000069849e+03 3.532395203365013003e-05
4.232600000000069485e+03 3.350198676344007254e-05
4.233500000000070031e+03 3.236170960008166730e-05
4.234400000000070577e+03 3.253269096603617072e-05
4.235300000000070213e+03 3.180318526574410498e-05
4.236200000000069849e+03 3.057917638216167688e-05
4.237100000000070395e+03 3.090857353527098894e-05
4.238000000000070941e+03 3.184146044077351689e-05
4.238900000000070577e+03 3.198954073013737798e-05
4.239800000000070213e+03 3.233582538086920977e-05
4.240700000000070759e+03 3.380659836693666875e-05
4.241600000000071304e+03 3.491251845844089985e-05
4.242500000000070941e+03 3.460258085397072136e-05
4.243400000000070577e+03 3.497678335406817496e-05
4.244300000000071122e+03 3.659731009975075722e-05
4.245200000000071668e+03 3.702027970575727522e-05
4.246100000000071304e+03 3.539301178534515202e-05
4.247000000000070941e+03 3.326239311718381941e-05
4.247900000000071486e+03 3.204543099855072796e-05
4.248800000000072032e+03 3.140533954137936234e-05
4.249700000000071668e+03 3.033218490600120276e-05
4.250600000000071304e+03 3.012880370079074055e-05
4.251500000000071850e+03 3.219471545889973640e-05
4.252400000000072396e+03 3.410857607377693057e-05
4.253300000000072032e+03 3.326851219753734767e-05
4.254200000000071668e+03 3.107400698354467750e-05
4.255100000000072214e+03 3.077882865909487009e-05
4.256000000000072760e+03 3.313151682959869504e-05
4.256900000000072396e+03 3.548449967638589442e-05
4.257800000000072032e+03 3.502326944726519287e-05
4.258700000000072578e+03 3.225039836252108216e-05
4.259600000000073123e+03 2.941390812338795513e-05
4.260500000000072760e+03 2.815136213030200452e-05
4.261400000000072396e+03 2.984572893183212727e-05
4.262300000000072941e+03 3.347591700730845332e-05
4.263200000000073487e+03 3.614882371039129794e-05
4.264100000000073123e+03 3.693346297950483859e-05
4.265000000000072760e+03 3.726710929186083376e-05
4.265900000000073305e+03 3.746940274140797555e-05
4.266800000000073851e+03 3.637716872617602348e-05
4.267700000000073487e+03 3.457875936874188483e-05
4.268600000000073123e+03 3.353878128109499812e-05
4.269500000000073669e+03 3.232500603189691901e-05
4.270400000000074215e+03 2.936629971372894943e-05
4.271300000000073851e+03 2.617026257212273777e-05
4.272200000000073487e+03 2.601765118015464395e-05
4.273100000000074033e+03 2.798944296955596656e-05
4.274000000000074579e+03 2.858518564607948065e-05
4.274900000000074215e+03 2.873875200748443604e-05
4.275800000000073851e+03 3.098705929005518556e-05
4.276700000000074397e+03 3.417425250518135726e-05
4.277600000000074942e+03 3.617064430727623403e-05
4.278500000000074579e+03 3.622111034928821027e-05
4.279400000000074215e+03 3.421332803554832935e-05
4.280300000000074760e+03 3.211688454030081630e-05
4.281200000000075306e+03 3.205341636203229427e-05
4.282100000000074942e+03 3.294729685876518488e-05
4.283000000000074579e+03 3.372642458998598158e-05
4.283900000000075124e+03 3.402268339414149523e-05
4.284800000000075670e+03 3.278579606558196247e-05
4.285700000000075306e+03 3.121216286672279239e-05
4.286600000000074942e+03 3.113924321951344609e-05
4.287500000000075488e+03 3.156058664899319410e-05
4.288400000000076034e+03 3.015741640410851687e-05
4.289300000000075670e+03 2.730961023189593107e-05
4.290200000000075306e+03 2.618450889713130891e-05
4.291100000000075852e+03 2.809794932545628399e-05
4.292000000000076398e+03 3.127264790236949921e-05
4.292900000000076034e+03 3.323619966977275908e-05
4.293800000000075670e+03 3.274155824328772724e-05
4.294700000000076216e+03 3.163528890581801534e-05
4.295600000000076761e+03 3.143912908853963017e-05
4.296500000000076398e+03 3.079646194237284362e-05
4.297400000000076034e+03 2.906711779360193759e-05
4.298300000000076579e+03 2.639529157022479922e-05
4.299200000000077125e+03 2.337467776669654995e-05
4.300100000000076761e+03 2.233220402558799833e-05
4.301000000000076398e+03 2.357786979700904340e-05
4.301900000000076943e+03 2.452646549500059336e-05
4.302800000000077489e+03 2.463466807967051864e-05
4.303700000000077125e+03 2.531999052735045552e-05
4.304600000000076761e+03 2.594793113530613482e-05
4.305500000000077307e+03 2.564758688095025718e-05
4.306400000000077853e+03 2.468520870024804026e-05
4.307300000000077489e+03 2.283267349412199110e-05
4.308200000000077125e+03 2.124582715623546392e-05
4.309100000000077671e+03 2.174068140448071063e-05
4.310000000000078217e+03 2.362271879974287003e-05
4.310900000000077853e+03 2.554482125560753047e-05
4.311800000000077489e+03 2.717197457968723029e-05
4.312700000000078035e+03 2.870094249374233186e-05
4.313600000000078580e+03 2.998898344230838120e-05
4.314500000000078217e+03 3.155065132887102664e-05
4.315400000000077853e+03 3.513625779305584729e-05
4.316300000000078398e+03 3.943426054320298135e-05
4.317200000000078944e+03 4.118977085454389453e-05
4.318100000000078580e+03 4.065323082613758743e-05
4.319000000000078217e+03 3.977421147283166647e-05
4.319900000000078762e+03 3.888169885613024235e-05
4.320800000000079308e+03 3.771108458749949932e-05
4.321700000000078944e+03 3.682181704789400101e-05
4.322600000000078580e+03 3.491287134238518775e-05
4.323500000000079126e+03 3.111206751782447100e-05
4.324400000000079672e+03 2.721879718592390418e-05
4.325300000000079308e+03 2.502988718333654106e-05
4.326200000000078944e+03 2.651428440003655851e-05
4.327100000000079490e+03 3.162172652082517743e-05
4.328000000000080036e+03 3.664753967314027250e-05
4.328900000000079672e+03 3.865629696520045400e-05
4.329800000000079308e+03 3.787122113863006234e-05
4.330700000000079854e+03 3.677893619169481099e-05
4.331600000000080399e+03 3.710550299729220569e-05
4.332500000000080036e+03 3.783719148486852646e-05
4.333400000000079672e+03 3.804329026024788618e-05
4.334300000000080217e+03 3.842860678560100496e-05
4.335200000000080763e+03 3.877557537634856999e-05
4.336100000000080399e+03 3.701518289744853973e-05
4.337000000000080036e+03 3.262763129896484315e-05
4.337900000000080581e+03 2.854249032679945230e-05
4.338800000000081127e+03 2.605574445624370128e-05
4.339700000000080763e+03 2.371789560129400343e-05
4.340600000000080399e+03 2.318395127076655626e-05
4.341500000000080945e+03 2.660412974364589900e-05
4.342400000000081491e+03 3.093414488830603659e-05
4.343300000000081127e+03 3.264698898419737816e-05
4.344200000000080763e+03 3.341996125527657568e-05
4.345100000000081309e+03 3.525914507918059826e-05
4.346000000000081855e+03 3.641071089077740908e-05
4.346900000000081491e+03 3.619983181124553084e-05
4.347800000000081127e+03 3.679660949273966253e-05
4.348700000000081673e+03 3.871965236612595618e-05
4.349600000000082218e+03 3.909357837983407080e-05
4.350500000000081855e+03 3.559898686944507062e-05
4.351400000000081491e+03 3.083604678977280855e-05
4.352300000000082036e+03 2.970639434352051467e-05
4.353200000000082582e+03 3.249362998758442700e-05
4.354100000000082218e+03 3.509529415168799460e-05
4.355000000000081855e+03 3.590062988223508000e-05
4.355900000000082400e+03 3.683621980599127710e-05
4.356800000000082946e+03 3.821384234470315278e-05
4.357700000000082582e+03 3.800396370934322476e-05
4.358600000000082218e+03 3.599388946895487607e-05
4.359500000000082764e+03 3.504229243844747543e-05
4.360400000000083310e+03 3.665558324428275228e-05
4.361300000000082946e+03 3.888901483151130378e-05
4.362200000000082582e+03 3.944348281947895885e-05
4.363100000000083128e+03 3.907052087015472353e-05
4.364000000000083674e+03 3.985703369835391641e-05
4.364900000000083310e+03 4.118510696571320295e-05
4.365800000000082946e+03 4.063660890096798539e-05
4.366700000000083492e+03 3.807703615166246891e-05
4.367600000000084037e+03 3.598876719479449093e-05
4.368500000000083674e+03 3.598244074964895844e-05
4.369400000000083310e+03 3.676672713481821120e-05
4.370300000000083855e+03 3.695535997394472361e-05
4.371200000000084401e+03 3.715190541697666049e-05
4.372100000000084037e+03 3.727739021996967494e-05
4.373000000000083674e+03 3.600674972403794527e-05
4.373900000000084219e+03 3.342454147059470415e-05
4.374800000000084765e+03 3.165123416692949831e-05
4.375700000000084401e+03 3.250917143304832280e-05
4.376600000000084037e+03 3.546383231878280640e-05
4.377500000000084583e+03 3.812200884567573667e-05
4.378400000000085129e+03 3.891112646670080721e-05
4.379300000000084765e+03 3.822186408797279000e-05
4.380200000000084401e+03 3.745039430214092135e-05
4.381100000000084947e+03 3.656355329439975321e-05
4.382000000000085493e+03 3.324251883896067739e-05
4.382900000000085129e+03 2.729132211243268102e-05
4.383800000000084765e+03 2.342515836062375456e-05
4.384700000000085311e+03 2.524106093915179372e-05
4.385600000000085856e+03 3.050176928809378296e-05
4.386500000000085493e+03 3.454532998148351908e-05
4.387400000000085129e+03 3.544270293787121773e-05
4.388300000000085674e+03 3.495405690046027303e-05
4.389200000000086220e+03 3.436192127992399037e-05
4.390100000000085856e+03 3.383552757441066206e-05
4.391000000000085493e+03 3.419992208364419639e-05
4.391900000000086038e+03 3.566866143955849111e-05
4.392800000000086584e+03 3.671534796012565494e-05
4.393700000000086220e+03 3.600338459364138544e-05
4.394600000000085856e+03 3.461126470938324928e-05
4.395500000000086402e+03 3.506791836116462946e-05
4.396400000000086948e+03 3.780515544349327683e-05
4.397300000000086584e+03 3.994770668214187026e-05
4.398200000000086220e+03 3.957575972890481353e-05
4.399100000000086766e+03 3.740345709957182407e-05
4.400000000000087311e+03 3.489111986709758639e-05
4.400900000000086948e+03 3.440377258812077343e-05
4.401800000000086584e+03 3.667770943138748407e-05
4.402700000000087130e+03 3.778120299102738500e-05
4.403600000000087675e+03 3.447476774454116821e-05
4.404500000000087311e+03 3.036886482732370496e-05
4.405400000000086948e+03 3.066585486521944404e-05
4.406300000000087493e+03 3.371201819390989840e-05
4.407200000000088039e+03 3.464078690740279853e-05
4.408100000000087675e+03 3.385645686648786068e-05
4.409000000000087311e+03 3.485796332824975252e-05
4.409900000000087857e+03 3.770448165596462786e-05
4.410800000000088403e+03 3.992977872258052230e-05
4.411700000000088039e+03 4.099153738934546709e-05
4.412600000000087675e+03 4.131258901907131076e-05
4.413500000000088221e+03 3.964306597481481731e-05
4.414400000000088767e+03 3.568248939700424671e-05
4.415300000000088403e+03 3.308801387902349234e-05
4.416200000000088039e+03 3.413422018638812006e-05
4.417100000000088585e+03 3.635871325968764722e-05
4.418000000000089130e+03 3.828366607194766402e-05
4.418900000000088767e+03 4.031079515698365867e-05
4.419800000000088403e+03 4.143554178881458938e-05
4.420700000000088949e+03 4.051794894621707499e-05
4.421600000000089494e+03 3.820487472694367170e-05
4.422500000000089130e+03 3.659556023194454610e-05
4.423400000000088767e+03 3.702184039866551757e-05
4.424300000000089312e+03 3.816765092778950930e-05
4.425200000000089858e+03 3.831968206213787198e-05
4.426100000000089494e+03 3.787210516748018563e-05
4.427000000000089130e+03 3.788532922044396400e-05
4.427900000000089676e+03 3.869256397592835128e-05
4.428800000000090222e+03 3.904436016455292702e-05
4.429700000000089858e+03 3.769535396713763475e-05
4.430600000000089494e+03 3.678510620375163853e-05
4.431500000000090040e+03 3.803088839049451053e-05
4.432400000000090586e+03 3.893898974638432264e-05
4.433300000000090222e+03 3.753465716727077961e-05
4.434200000000089858e+03 3.490734161459840834e-05
4.435100000000090404e+03 3.331074913148768246e-05
4.436000000000090949e+03 3.455889600445516407e-05
4.436900000000090586e+03 3.786468732869252563e-05
4.437800000000090222e+03 4.076800905750133097e-05
4.438700000000090768e+03 4.222287680022418499e-05
4.439600000000091313e+03 4.191754123894497752e-05
4.440500000000090949e+03 3.991620178567245603e-05
4.441400000000090586e+03 3.726885552168823779e-05
4.442300000000091131e+03 3.524002022459171712e-05
4.443200000000091677e+03 3.495225246297195554e-05
4.444100000000091313e+03 3.689107688842341304e-05
4.445000000000090949e+03 3.991706034867092967e-05
4.445900000000091495e+03 4.143662954447790980e-05
4.446800000000092041e+03 4.073387390235438943e-05
4.447700000000091677e+03 4.027271279483102262e-05
4.448600000000091313e+03 4.081935549038462341e-05
4.449500000000091859e+03 4.036623795400373638e-05
4.450400000000092405e+03 3.936204666388221085e-05
4.451300000000092041e+03 3.960024332627654076e-05
4.452200000000091677e+03 4.007566167274489999e-05
4.453100000000092223e+03 3.889530125888995826e-05
4.454000000000092768e+03 3.609969644458033144e-05
4.454900000000092405e+03 3.368057150510139763e-05
4.455800000000092041e+03 3.371400089235976338e-05
4.456700000000092587e+03 3.525382271618582308e-05
4.457600000000093132e+03 3.588218169170431793e-05
4.458500000000092768e+03 3.541259866324253380e-05
4.459400000000092405e+03 3.510984970489516854e-05
4.460300000000092950e+03 3.491882307571358979e-05
4.461200000000093496e+03 3.401123831281438470e-05
4.462100000000093132e+03 3.419443237362429500e-05
4.463000000000092768e+03 3.678469147416763008e-05
4.463900000000093314e+03 3.896021371474489570e-05
4.464800000000093860e+03 3.901428135577589273e-05
4.465700000000093496e+03 3.856314651784487069e-05
4.466600000000093132e+03 3.858360651065595448e-05
4.467500000000093678e+03 3.859186836052685976e-05
4.468400000000094224e+03 3.775384539039805532e-05
4.469300000000093860e+03 3.680869122035801411e-05
4.470200000000093496e+03 3.725854185177013278e-05
4.471100000000094042e+03 3.869285137625411153e-05
4.472000000000094587e+03 4.018556865048594773e-05
4.472900000000094224e+03 4.157091098022647202e-05
4.473800000000093860e+03 4.247510878485627472e-05
4.474700000000094406e+03 4.225901648169383407e-05
4.475600000000094951e+03 4.182518750894814730e-05
4.476500000000094587e+03 4.265129609848372638e-05
4.477400000000094224e+03 4.395389260025694966e-05
4.478300000000094769e+03 4.358714431873522699e-05
4.479200000000095315e+03 4.110475856577977538e-05
4.480100000000094951e+03 3.797433964791707695e-05
4.481000000000094587e+03 3.595609086914919317e-05
4.481900000000095133e+03 3.589978223317302763e-05
4.482800000000095679e+03 3.801324419328011572e-05
4.483700000000095315e+03 4.087040360900573432e-05
4.484600000000094951e+03 4.273852391634136438e-05
4.485500000000095497e+03 4.364207779872231185e-05
4.486400000000096043e+03 4.375357457320205867e-05
4.487300000000095679e+03 4.253228689776733518e-05
4.488200000000095315e+03 4.012612043879926205e-05
4.489100000000095861e+03 3.796922101173549891e-05
4.490000000000096406e+03 3.764380744541995227e-05
4.490900000000096043e+03 3.929165177396498621e-05
4.491800000000095679e+03 4.134767732466571033e-05
4.492700000000096225e+03 4.192337291897274554e-05
4.493600000000096770e+03 4.028149123769253492e-05
4.494500000000096406e+03 3.815623495029285550e-05
4.495400000000096043e+03 3.761092011700384319e-05
4.496300000000096588e+03 3.843918602797202766e-05
4.497200000000097134e+03 4.012622594018466771e-05
4.498100000000096770e+03 4.196805821266025305e-05
4.499000000000096406e+03 4.289433854864910245e-05
4.499900000000096952e+03 4.250770143698900938e-05
4.500800000000097498e+03 4.104677282157354057e-05
4.501700000000097134e+03 4.062923835590481758e-05
4.502600000000096770e+03 4.275696483091451228e-05
4.503500000000097316e+03 4.531133527052588761e-05
4.504400000000097862e+03 4.614510544342920184e-05
4.505300000000097498e+03 4.562230969895608723e-05
4.506200000000097134e+03 4.465659731067717075e-05
4.507100000000097680e+03 4.370593160274438560e-05
4.508000000000098225e+03 4.326321504777297378e-05
4.508900000000097862e+03 4.359970625955611467e-05
4.509800000000097498e+03 4.437987445271573961e-05
4.510700000000098044e+03 4.468261977308429778e-05
4.511600000000098589e+03 4.387241642689332366e-05
4.512500000000098225e+03 4.253742736182175577e-05
4.513400000000097862e+03 4.154357156949117780e-05
4.514300000000098407e+03 4.107747372472658753e-05
4.515200000000098953e+03 4.138232543482445180e-05
4.516100000000098589e+03 4.200600960757583380e-05
4.517000000000098225e+03 4.162885670666582882e-05
4.517900000000098771e+03 4.079946666024625301e-05
4.518800000000099317e+03 4.130813613301143050e-05
4.519700000000098953e+03 4.274172533769160509e-05
4.520600000000098589e+03 4.381965845823287964e-05
4.521500000000099135e+03 4.344799162936396897e-05
4.522400000000099681e+03 4.153021291131153703e-05
4.523300000000099317e+03 4.047622860525734723e-05
4.524200000000098953e+03 4.064984750584699214e-05
4.525100000000099499e+03 3.995717270299792290e-05
4.526000000000100044e+03 3.827027103397995234e-05
4.526900000000099681e+03 3.666856719064526260e-05
4.527800000000099317e+03 3.557688251021318138e-05
4.528700000000099863e+03 3.523239865899085999e-05
4.529600000000100408e+03 3.594035297282971442e-05
4.530500000000100044e+03 3.700063098222017288e-05
4.531400000000099681e+03 3.822763756033964455e-05
4.532300000000100226e+03 3.912645115633495152e-05
4.533200000000100772e+03 3.812840441241860390e-05
4.534100000000100408e+03 3.615041350712999701e-05
4.535000000000100044e+03 3.528956949594430625e-05
4.535900000000100590e+03 3.702238609548658133e-05
4.536800000000101136e+03 4.102445018361322582e-05
4.537700000000100772e+03 4.383393752505071461e-05
4.538600000000100408e+03 4.362469553598202765e-05
4.539500000000100954e+03 4.199179966235533357e-05
4.540400000000101500e+03 4.051002542837522924e-05
4.541300000000101136e+03 4.028948023915290833e-05
4.542200000000100772e+03 4.152275505475699902e-05
4.543100000000101318e+03 4.242427530698478222e-05
4.544000000000101863e+03 4.148761945543810725e-05
4.544900000000101500e+03 4.006548988400027156e-05
4.545800000000101136e+03 4.001873094239272177e-05
4.546700000000101682e+03 4.071016883244737983e-05
4.547600000000102227e+03 4.062508014612831175e-05
4.548500000000101863e+03 3.918191941920667887e-05
4.549400000000101500e+03 3.788909816648811102e-05
4.550300000000102045e+03 3.894262044923380017e-05
4.551200000000102591e+03 4.071720104548148811e-05
4.552100000000102227e+03 4.066978726768866181e-05
4.553000000000101863e+03 3.952100814785808325e-05
4.553900000000102409e+03 3.838926568278111517e-05
4.554800000000102955e+03 3.792009738390333951e-05
4.555700000000102591e+03 3.893537723342888057e-05
4.556600000000102227e+03 4.123668259126134217e-05
4.557500000000102773e+03 4.321402593632228673e-05
4.558400000000103319e+03 4.384161366033367813e-05
4.559300000000102955e+03 4.373881165520288050e-05
4.560200000000102591e+03 4.356962017482146621e-05
4.561100000000103137e+03 4.379221354611217976e-05
4.562000000000103682e+03 4.376693323138169944e-05
4.562900000000103319e+03 4.235332744428887963e-05
4.563800000000102955e+03 4.029323827126063406e-05
4.564700000000103500e+03 3.917634603567421436e-05
4.565600000000104046e+03 3.967484371969476342e-05
4.566500000000103682e+03 4.176039146841503680e-05
4.567400000000103319e+03 4.389684181660413742e-05
4.568300000000103864e+03 4.452854409464634955e-05
4.569200000000104410e+03 4.412979615153744817e-05
4.570100000000104046e+03 4.289159915060736239e-05
4.571000000000103682e+03 4.062477091792970896e-05
4.571900000000104228e+03 3.994212966063059866e-05
4.572800000000104774e+03 4.223866199026815593e-05
4.573700000000104410e+03 4.419496326590888202e-05
4.574600000000104046e+03 4.394552161102183163e-05
4.575500000000104592e+03 4.343385080574080348e-05
4.576400000000105138e+03 4.357660873210988939e-05
4.577300000000104774e+03 4.352868927526287735e-05
4.578200000000104410e+03 4.263096343493089080e-05
4.579100000000104956e+03 4.088483547093346715e-05
4.580000000000105501e+03 3.915636989404447377e-05
4.580900000000105138e+03 3.875408947351388633e-05
4.581800000000104774e+03 3.982876660302281380e-05
4.582700000000105319e+03 4.073614036315120757e-05
4.583600000000105865e+03 4.056196485180407763e-05
4.584500000000105501e+03 4.018719482701271772e-05
4.585400000000105138e+03 3.989308970631100237e-05
4.586300000000105683e+03 4.011610872112214565e-05
4.587200000000106229e+03 4.159891977906227112e-05
4.588100000000105865e+03 4.331605305196717381e-05
4.589000000000105501e+03 4.409033863339573145e-05
4.589900000000106047e+03 4.363687912700697780e-05
4.590800000000106593e+03 4.218613321427255869e-05
4.591700000000106229e+03 4.069680653628893197e-05
4.592600000000105865e+03 4.027352042612619698e-05
4.593500000000106411e+03 4.067978079547174275e-05
4.594400000000106957e+03 4.073025775142014027e-05
4.595300000000106593e+03 4.048158734804019332e-05
4.596200000000106229e+03 4.063389133079908788e-05
4.597100000000106775e+03 4.093041206942871213e-05
4.598000000000107320e+03 4.131317473365925252e-05
4.598900000000106957e+03 4.174677451374009252e-05
4.599800000000106593e+03 4.108593202545307577e-05
4.600700000000107138e+03 4.020987398689612746e-05
4.601600000000107684e+03 4.069053102284669876e-05
4.602500000000107320e+03 4.143072146689519286e-05
4.603400000000106957e+03 4.166144208284094930e-05
4.604300000000107502e+03 4.149350934312678874e-05
4.605200000000108048e+03 4.108840221306309104e-05
4.606100000000107684e+03 4.132043977733701468e-05
4.607000000000107320e+03 4.254134182701818645e-05
4.607900000000107866e+03 4.441211785888299346e-05
4.608800000000108412e+03 4.592389086610637605e-05
4.609700000000108048e+03 4.584802445606328547e-05
4.610600000000107684e+03 4.451952190720476210e-05
4.611500000000108230e+03 4.337830614531412721e-05
4.612400000000108776e+03 4.282425288693048060e-05
4.613300000000108412e+03 4.261636422597803175e-05
4.614200000000108048e+03 4.336634447099640965e-05
4.615100000000108594e+03 4.413957867654971778e-05
4.616000000000109139e+03 4.389492460177280009e-05
4.616900000000108776e+03 4.393922426970675588e-05
4.617800000000108412e+03 4.414538125274702907e-05
4.618700000000108957e+03 4.327918213675729930e-05
4.619600000000109503e+03 4.277883635950274765e-05
4.620500000000109139e+03 4.389572495711036026e-05
4.621400000000108776e+03 4.477487527765333652e-05
4.622300000000109321e+03 4.442425779416225851e-05
4.623200000000109867e+03 4.425898805493488908e-05
4.624100000000109503e+03 4.436135714058764279e-05
4.625000000000109139e+03 4.378203448140993714e-05
4.625900000000109685e+03 4.326133785070851445e-05
4.626800000000110231e+03 4.367001020000316203e-05
4.627700000000109867e+03 4.406810330692678690e-05
4.628600000000109503e+03 4.335644189268350601e-05
4.629500000000110049e+03 4.268426346243359149e-05
4.630400000000110595e+03 4.360805905889719725e-05
4.631300000000110231e+03 4.481746145756915212e-05
4.632200000000109867e+03 4.422332131071016192e-05
4.633100000000110413e+03 4.265570169081911445e-05
4.634000000000110958e+03 4.211268242215737700e-05
4.634900000000110595e+03 4.246084426995366812e-05
4.635800000000110231e+03 4.257297769072465599e-05
4.636700000000110776e+03 4.194107532384805381e-05
4.637600000000111322e+03 4.100476144230924547e-05
4.638500000000110958e+03 4.064302629558369517e-05
4.639400000000110595e+03 4.058519334648735821e-05
4.640300000000111140e+03 4.111437010578811169e-05
4.641200000000111686e+03 4.267247641109861434e-05
4.642100000000111322e+03 4.364714186522178352e-05
4.643000000000110958e+03 4.317667480790987611e-05
4.643900000000111504e+03 4.234530933899804950e-05
4.644800000000112050e+03 4.138189979130402207e-05
4.645700000000111686e+03 3.957869193982332945e-05
4.646600000000111322e+03 3.796928285737521946e-05
4.647500000000111868e+03 3.793669020524248481e-05
4.648400000000112414e+03 3.914333137799985707e-05
4.649300000000112050e+03 4.074480966664850712e-05
4.650200000000111686e+03 4.204885044600814581e-05
4.651100000000112232e+03 4.261098365532234311e-05
4.652000000000112777e+03 4.294152677175588906e-05
4.652900000000112414e+03 4.312918099458329380e-05
4.653800000000112050e+03 4.203462231089361012e-05
4.654700000000112595e+03 4.043018270749598742e-05
4.655600000000113141e+03 3.992239362560212612e-05
4.656500000000112777e+03 4.046456888318061829e-05
4.657400000000112414e+03 4.217050081933848560e-05
4.658300000000112959e+03 4.460512718651443720e-05
4.659200000000113505e+03 4.629134127753786743e-05
4.660100000000113141e+03 4.645409717340953648e-05
4.661000000000112777e+03 4.530149089987389743e-05
4.661900000000113323e+03 4.354995689936913550e-05
4.662800000000113869e+03 4.209936014376580715e-05
4.663700000000113505e+03 4.170230386080220342e-05
4.664600000000113141e+03 4.194428402115590870e-05
4.665500000000113687e+03 4.087337583769112825e-05
4.666400000000114233e+03 3.781215491471812129e-05
4.667300000000113869e+03 3.521867984090931714e-05
4.668200000000113505e+03 3.561644189176149666e-05
4.669100000000114051e+03 3.818372351815924048e-05
4.670000000000114596e+03 4.071355579071678221e-05
4.670900000000114233e+03 4.236974928062409163e-05
4.671800000000113869e+03 4.277670814190059900e-05
4.672700000000114414e+03 4.213515785522758961e-05
4.673600000000114960e+03 4.160484968451783061e-05
4.674500000000114596e+03 4.185110083199106157e-05
4.675400000000114233e+03 4.302398883737623692e-05
4.676300000000114778e+03 4.427023304742760956e-05
4.677200000000115324e+03 4.403581988299265504e-05
4.678100000000114960e+03 4.248405821272172034e-05
4.679000000000114596e+03 4.106148480786941946e-05
4.679900000000115142e+03 4.034375160699710250e-05
4.680800000000115688e+03 3.997171370428986847e-05
4.681700000000115324e+03 4.012142380815930665e-05
4.682600000000114960e+03 4.127052670810371637e-05
4.683500000000115506e+03 4.270761564839631319e-05
4.684400000000116052e+03 4.314298348617739975e-05
4.685300000000115688e+03 4.295784310670569539e-05
4.686200000000115324e+03 4.274558523320592940e-05
4.687100000000115870e+03 4.226549935992807150e-05
4.688000000000116415e+03 4.193993299850262702e-05
4.688900000000116052e+03 4.218637695885263383e-05
4.689800000000115688e+03 4.219114271108992398e-05
4.690700000000116233e+03 4.157908188062720001e-05
4.691600000000116779e+03 4.141178214922547340e-05
4.692500000000116415e+03 4.211653140373528004e-05
4.693400000000116052e+03 4.285572140361182392e-05
4.694300000000116597e+03 4.354827615316025913e-05
4.695200000000117143e+03 4.446736420504748821e-05
4.696100000000116779e+03 4.493179585551843047e-05
4.697000000000116415e+03 4.396756048663519323e-05
4.697900000000116961e+03 4.179495226708240807e-05
4.698800000000117507e+03 4.025358794024214149e-05
4.699700000000117143e+03 4.053449447383172810e-05
4.700600000000116779e+03 4.115242336411029100e-05
4.701500000000117325e+03 4.069633723702281713e-05
4.702400000000117871e+03 3.956783621106296778e-05
4.703300000000117507e+03 3.932679828722029924e-05
4.704200000000117143e+03 4.075335891684517264e-05
4.705100000000117689e+03 4.216883098706603050e-05
4.706000000000118234e+03 4.204332071822136641e-05
4.706900000000117871e+03 4.075824108440428972e-05
4.707800000000117507e+03 3.968971941503696144e-05
4.708700000000118052e+03 3.942523471778258681e-05
4.709600000000118598e+03 4.003557842224836349e-05
4.710500000000118234e+03 4.180176983936689794e-05
4.711400000000117871e+03 4.348679431132040918e-05
4.712300000000118416e+03 4.362839899840764701e-05
4.713200000000118962e+03 4.244689262122847140e-05
4.714100000000118598e+03 4.090732181794010103e-05
4.715000000000118234e+03 4.073033051099628210e-05
4.715900000000118780e+03 4.242288923705928028e-05
4.716800000000119326e+03 4.407650703797116876e-05
4.717700000000118962e+03 4.460182753973640501e-05
4.718600000000118598e+03 4.494485983741469681e-05
4.719500000000119144e+03 4.554840415949001908e-05
4.720400000000119690e+03 4.569279553834348917e-05
4.721300000000119326e+03 4.504244134295731783e-05
4.722200000000118962e+03 4.420795812620781362e-05
4.723100000000119508e+03 4.424822327564470470e-05
4.724000000000120053e+03 4.527868441073223948e-05
4.724900000000119690e+03 4.610067844623699784e-05
4.725800000000119326e+03 4.545113552012480795e-05
4.726700000000119871e+03 4.297826308174990118e-05
4.727600000000120417e+03 4.031865682918578386e-05
4.728500000000120053e+03 3.943430419894866645e-05
4.729400000000119690e+03 3.993163772975094616e-05
4.730300000000120235e+03 4.048314076499082148e-05
4.731200000000120781e+03 4.103075116290710866e-05
4.732100000000120417e+03 4.196609370410442352e-05
4.733000000000120053e+03 4.268293196219019592e-05
4.733900000000120599e+03 4.310722943046130240e-05
4.734800000000121145e+03 4.361766332294791937e-05
4.735700000000120781e+03 4.305307083996012807e-05
4.736600000000120417e+03 4.176495349383912981e-05
4.737500000000120963e+03 4.220316623104736209e-05
4.738400000000121508e+03 4.396316580823622644e-05
4.739300000000121145e+03 4.438281393959186971e-05
4.740200000000120781e+03 4.333221295382827520e-05
4.741100000000121327e+03 4.264264134690165520e-05
4.742000000000121872e+03 4.315930709708482027e-05
4.742900000000121508e+03 4.413685383042320609e-05
4.743800000000121145e+03 4.438253017724491656e-05
4.744700000000121690e+03 4.387644003145396709e-05
4.745600000000122236e+03 4.396964504849165678e-05
4.746500000000121872e+03 4.487987825996242464e-05
4.747400000000121508e+03 4.522789095062762499e-05
4.748300000000122054e+03 4.487706610234454274e-05
4.749200000000122600e+03 4.479811832425184548e-05
4.750100000000122236e+03 4.504726530285552144e-05
4.751000000000121872e+03 4.486450416152365506e-05
4.751900000000122418e+03 4.408644963405095041e-05
4.752800000000122964e+03 4.336993151810020208e-05
4.753700000000122600e+03 4.285987233743071556e-05
4.754600000000122236e+03 4.261060530552640557e-05
4.755500000000122782e+03 4.260288915247656405e-05
4.756400000000123327e+03 4.262048969394527376e-05
4.757300000000122964e+03 4.284322858438827097e-05
4.758200000000122600e+03 4.326664929976686835e-05
4.759100000000123146e+03 4.393408016767352819e-05
4.760000000000123691e+03 4.437620737007819116e-05
4.760900000000123327e+03 4.347190406406298280e-05
4.761800000000122964e+03 4.156563227297738194e-05
4.762700000000123509e+03 4.050039206049405038e-05
4.763600000000124055e+03 4.051031646667979658e-05
4.764500000000123691e+03 4.026854730909690261e-05
4.765400000000123327e+03 3.956570435548201203e-05
4.766300000000123873e+03 3.957411536248400807e-05
4.767200000000124419e+03 4.073196032550185919e-05
4.768100000000124055e+03 4.211934719933196902e-05
4.769000000000123691e+03 4.344108310760930181e-05
4.769900000000124237e+03 4.416633601067587733e-05
4.770800000000124783e+03 4.337556674727238715e-05
4.771700000000124419e+03 4.214693399262614548e-05
4.772600000000124055e+03 4.220253686071373522e-05
4.773500000000124601e+03 4.365163840702734888e-05
4.774400000000125146e+03 4.512859231908805668e-05
4.775300000000124783e+03 4.524327232502400875e-05
4.776200000000124419e+03 4.475602327147498727e-05
4.777100000000124965e+03 4.498854832490906119e-05
4.778000000000125510e+03 4.521488517639227211e-05
4.778900000000125146e+03 4.465425081434659660e-05
4.779800000000124783e+03 4.406631342135369778e-05
4.780700000000125328e+03 4.407371670822612941e-05
4.781600000000125874e+03 4.386156797409057617e-05
4.782500000000125510e+03 4.277659536455757916e-05
4.783400000000125146e+03 4.200161856715567410e-05
4.784300000000125692e+03 4.266227188054472208e-05
4.785200000000126238e+03 4.299303327570669353e-05
4.786100000000125874e+03 4.187646118225529790e-05
4.787000000000125510e+03 4.149408414377830923e-05
4.787900000000126056e+03 4.214237196720205247e-05
4.788800000000126602e+03 4.203924254397861660e-05
4.789700000000126238e+03 4.183484634268097579e-05
4.790600000000125874e+03 4.245936361257918179e-05
4.791500000000126420e+03 4.312685632612556219e-05
4.792400000000126965e+03 4.380496466183103621e-05
4.793300000000126602e+03 4.512400482781231403e-05
4.794200000000126238e+03 4.645798617275431752e-05
4.795100000000126784e+03 4.682167491409927607e-05
4.796000000000127329e+03 4.622323103831149638e-05
4.796900000000126965e+03 4.523327152128331363e-05
4.797800000000126602e+03 4.394504867377690971e-05
4.798700000000127147e+03 4.265347160981036723e-05
4.799600000000127693e+03 4.216753950458951294e-05
4.800500000000127329e+03 4.288522541173733771e-05
4.801400000000126965e+03 4.444812657311558723e-05
4.802300000000127511e+03 4.566628194879740477e-05
4.803200000000128057e+03 4.569548764266073704e-05
4.804100000000127693e+03 4.456294846022501588e-05
4.805000000000127329e+03 4.330315641709603369e-05
4.805900000000127875e+03 4.301315857446752489e-05
4.806800000000128421e+03 4.287253614165820181e-05
4.807700000000128057e+03 4.239964255248196423e-05
4.808600000000127693e+03 4.255513704265467823e-05
4.809500000000128239e+03 4.339238512329757214e-05
4.810400000000128784e+03 4.394386633066460490e-05
4.811300000000128421e+03 4.400986654218286276e-05
4.812200000000128057e+03 4.399215322337113321e-05
4.813100000000128603e+03 4.405781146488152444e-05
4.814000000000129148e+03 4.425436782184988260e-05
4.814900000000128784e+03 4.455847738427110016e-05
4.815800000000128421e+03 4.498717680689878762e-05
4.816700000000128966e+03 4.543181785265915096e-05
4.817600000000129512e+03 4.566409916151314974e-05
4.818500000000129148e+03 4.592042023432441056e-05
4.819400000000128784e+03 4.608300150721333921e-05
4.820300000000129330e+03 4.581943358061835170e-05
4.821200000000129876e+03 4.539290239335969090e-05
4.822100000000129512e+03 4.426415762281976640e-05
4.823000000000129148e+03 4.216564775560982525e-05
4.823900000000129694e+03 4.125736813875846565e-05
4.824800000000130240e+03 4.267455005901865661e-05
4.825700000000129876e+03 4.444588194019161165e-05
4.826600000000129512e+03 4.490172432269901037e-05
4.827500000000130058e+03 4.417462332639843225e-05
4.828400000000130603e+03 4.334005643613636494e-05
4.829300000000130240e+03 4.326694397605024278e-05
4.830200000000129876e+03 4.356308272690512240e-05
4.831100000000130422e+03 4.284195892978459597e-05
4.832000000000130967e+03 4.193108543404377997e-05
4.832900000000130603e+03 4.258304034010507166e-05
4.833800000000130240e+03 4.399853060021996498e-05
4.834700000000130785e+03 4.455492671695537865e-05
4.835600000000131331e+03 4.422580605023540556e-05
4.836500000000130967e+03 4.408883251016959548e-05
4.837400000000130603e+03 4.419632386998273432e-05
4.838300000000131149e+03 4.342671309132128954e-05
4.839200000000131695e+03 4.209032340440899134e-05
4.840100000000131331e+03 4.153522604610770941e-05
4.841000000000130967e+03 4.217419336782768369e-05
4.841900000000131513e+03 4.271479701856151223e-05
4.842800000000132059e+03 4.222614370519295335e-05
4.843700000000131695e+03 4.220668051857501268e-05
4.844600000000131331e+03 4.351294774096459150e-05
4.845500000000131877e+03 4.472057844395749271e-05
4.846400000000132422e+03 4.468887709663249552e-05
4.847300000000132059e+03 4.347353024058975279e-05
4.848200000000131695e+03 4.199322938802652061e-05
4.849100000000132241e+03 4.185844591120257974e-05
4.850000000000132786e+03 4.302565139369107783e-05
4.850900000000132422e+03 4.357091893325559795e-05
4.851800000000132059e+03 4.325073678046464920e-05
4.852700000000132604e+03 4.311291559133678675e-05
4.853600000000133150e+03 4.232934225001372397e-05
4.854500000000132786e+03 4.011250712210312486e-05
4.855400000000132422e+03 3.830278365057893097e-05
4.856300000000132968e+03 3.885652040480636060e-05
4.857200000000133514e+03 4.023111250717192888e-05
4.858100000000133150e+03 3.977692176704294980e-05
4.859000000000132786e+03 3.691269375849515200e-05
4.859900000000133332e+03 3.222345549147576094e-05
4.860800000000133878e+03 2.781737202894873917e-05
4.861700000000133514e+03 2.774814674921799451e-05
4.862600000000133150e+03 3.217515404685400426e-05
4.863500000000133696e+03 3.603259028750471771e-05
4.864400000000134241e+03 3.775537697947584093e-05
4.865300000000133878e+03 3.916617788490839303e-05
4.866200000000133514e+03 4.042631553602404892e-05
4.867100000000134060e+03 4.095963595318607986e-05
4.868000000000134605e+03 4.115486444788984954e-05
4.868900000000134241e+03 4.151582834310829639e-05
4.869800000000133878e+03 4.068378984811715782e-05
4.870700000000134423e+03 3.798372199526056647e-05
4.871600000000134969e+03 3.625667886808514595e-05
4.872500000000134605e+03 3.772789204958826303e-05
4.873400000000134241e+03 4.026479655294679105e-05
4.874300000000134787e+03 4.130873639951460063e-05
4.875200000000135333e+03 4.125012492295354605e-05
4.876100000000134969e+03 4.156467548455111682e-05
4.877000000000134605e+03 4.207533493172377348e-05
4.877900000000135151e+03 4.241400529281236231e-05
4.878800000000135697e+03 4.370195892988704145e-05
4.879700000000135333e+03 4.483525117393583059e-05
4.880600000000134969e+03 4.372869443614035845e-05
4.881500000000135515e+03 4.202529089525341988e-05
4.882400000000136060e+03 4.217603418510407209e-05
4.883300000000135697e+03 4.306445407564751804e-05
4.884200000000135333e+03 4.246686876285821199e-05
4.885100000000135879e+03 4.079248901689425111e-05
4.886000000000136424e+03 3.984746581409126520e-05
4.886900000000136060e+03 4.029302726848982275e-05
4.887800000000135697e+03 4.112211172468960285e-05
4.888700000000136242e+03 4.123466715100221336e-05
4.889600000000136788e+03 4.017558967461809516e-05
4.890500000000136424e+03 3.803496292675845325e-05
4.891400000000136060e+03 3.753722558030858636e-05
4.892300000000136606e+03 4.059086859342642128e-05
4.893200000000137152e+03 4.418677781359292567e-05
4.894100000000136788e+03 4.623640415957197547e-05
4.895000000000136424e+03 4.721012373920530081e-05
4.895900000000136970e+03 4.735313632409088314e-05
4.896800000000137516e+03 4.713477028417401016e-05
4.897700000000137152e+03 4.694394738180562854e-05
4.898600000000136788e+03 4.601559703587554395e-05
4.899500000000137334e+03 4.437053939909674227e-05
4.900400000000137879e+03 4.385351348901167512e-05
4.901300000000137516e+03 4.458796320250257850e-05
4.902200000000137152e+03 4.437543611857108772e-05
4.903100000000137697e+03 4.319180516176857054e-05
4.904000000000138243e+03 4.307477865950204432e-05
4.904900000000137879e+03 4.464889934752136469e-05
4.905800000000137516e+03 4.635569712263531983e-05
4.906700000000138061e+03 4.650702976505272090e-05
4.907600000000138607e+03 4.522674134932458401e-05
4.908500000000138243e+03 4.352792529971338809e-05
4.909400000000137879e+03 4.173749766778200865e-05
4.910300000000138425e+03 4.067347617819905281e-05
4.911200000000138971e+03 4.132088724873028696e-05
4.912100000000138607e+03 4.288473428459838033e-05
4.913000000000138243e+03 4.393754352349787951e-05
4.913900000000138789e+03 4.458366311155259609e-05
4.914800000000139335e+03 4.562696631182916462e-05
4.915700000000138971e+03 4.636005905922502279e-05
4.916600000000138607e+03 4.551426536636427045e-05
4.917500000000139153e+03 4.284791430109180510e-05
4.918400000000139698e+03 3.928515070583671331e-05
4.919300000000139335e+03 3.648589336080476642e-05
4.920200000000138971e+03 3.569150794646702707e-05
4.921100000000139516e+03 3.746792935999110341e-05
4.922000000000140062e+03 4.054870078107342124e-05
4.922900000000139698e+03 4.210048427921719849e-05
4.923800000000139335e+03 4.151181929046288133e-05
4.924700000000139880e+03 4.110504596610553563e-05
4.925600000000140426e+03 4.259427805664017797e-05
4.926500000000140062e+03 4.448317486094310880e-05
4.927400000000139698e+03 4.518748028203845024e-05
4.928300000000140244e+03 4.572223406285047531e-05
4.929200000000140790e+03 4.652467396226711571e-05
4.930100000000140426e+03 4.666442328016273677e-05
4.931000000000140062e+03 4.648471440305002034e-05
4.931900000000140608e+03 4.561293098959140480e-05
4.932800000000141154e+03 4.304567846702411771e-05
4.933700000000140790e+03 4.092742528882808983e-05
4.934600000000140426e+03 4.187162994639948010e-05
4.935500000000140972e+03 4.386840373626910150e-05
4.936400000000141517e+03 4.369995804154314101e-05
4.937300000000141154e+03 4.148718289798125625e-05
4.938200000000140790e+03 3.917095091310329735e-05
4.939100000000141335e+03 3.895741974702104926e-05
4.940000000000141881e+03 4.145420098211616278e-05
4.940900000000141517e+03 4.436857125256210566e-05
4.941800000000141154e+03 4.549215736915357411e-05
4.942700000000141699e+03 4.583801637636497617e-05
4.943600000000142245e+03 4.648153117159381509e-05
4.944500000000141881e+03 4.631910269381478429e-05
4.945400000000141517e+03 4.514214015216566622e-05
4.946300000000142063e+03 4.474434172152541578e-05
4.947200000000142609e+03 4.573251862893812358e-05
4.948100000000142245e+03 4.663433355744928122e-05
4.949000000000141881e+03 4.677479955716989934e-05
4.949900000000142427e+03 4.681431892095133662e-05
4.950800000000142973e+03 4.711629662779159844e-05
4.951700000000142609e+03 4.692245056503452361e-05
4.952600000000142245e+03 4.595018253894522786e-05
4.953500000000142791e+03 4.519449794315733016e-05
4.954400000000143336e+03 4.494586028158664703e-05
4.955300000000142973e+03 4.421998528414405882e-05
4.956200000000142609e+03 4.123201506445184350e-05
4.957100000000143154e+03 3.696600106195546687e-05
4.958000000000143700e+03 3.658211062429472804e-05
4.958900000000143336e+03 4.087042179889976978e-05
4.959800000000142973e+03 4.471405918593518436e-05
4.960700000000143518e+03 4.562396861729212105e-05
4.961600000000144064e+03 4.508813435677438974e-05
4.962500000000143700e+03 4.495900066103786230e-05
4.963400000000143336e+03 4.513866224442608654e-05
4.964300000000143882e+03 4.427483509061858058e-05
4.965200000000144428e+03 4.260724381310865283e-05
4.966100000000144064e+03 4.176078437012620270e-05
4.967000000000143700e+03 4.193892891635186970e-05
4.967900000000144246e+03 4.216636079945601523e-05
4.968800000000144792e+03 4.241727947373874485e-05
4.969700000000144428e+03 4.274558159522712231e-05
4.970600000000144064e+03 4.316739432397298515e-05
4.971500000000144610e+03 4.402782724355347455e-05
4.972400000000145155e+03 4.474581874092109501e-05
4.973300000000144792e+03 4.515871842158958316e-05
4.974200000000144428e+03 4.556967542157508433e-05
4.975100000000144973e+03 4.546751733869314194e-05
4.976000000000145519e+03 4.496454130276106298e-05
4.976900000000145155e+03 4.431450361153110862e-05
4.977800000000144792e+03 4.312613964430056512e-05
4.978700000000145337e+03 4.214256478007882833e-05
4.979600000000145883e+03 4.208188693155534565e-05
4.980500000000145519e+03 4.170084503130055964e-05
4.981400000000145155e+03 3.981979534728452563e-05
4.982300000000145701e+03 3.751429539988748729e-05
4.983200000000146247e+03 3.690987432491965592e-05
4.984100000000145883e+03 3.803945946856401861e-05
4.985000000000145519e+03 3.943124829675070941e-05
4.985900000000146065e+03 4.097085184184834361e-05
4.986800000000146611e+03 4.300158616388216615e-05
4.987700000000146247e+03 4.419593096827156842e-05
4.988600000000145883e+03 4.383631676319055259e-05
4.989500000000146429e+03 4.291376899345777929e-05
4.990400000000146974e+03 4.207939855405129492e-05
4.991300000000146611e+03 4.212456406094133854e-05
4.992200000000146247e+03 4.310665462980978191e-05
4.993100000000146792e+03 4.316624472266994417e-05
4.994000000000147338e+03 4.264723975211381912e-05
4.994900000000146974e+03 4.328608338255435228e-05
4.995800000000146611e+03 4.408958920976147056e-05
4.996700000000147156e+03 4.402621198096312582e-05
4.997600000000147702e+03 4.361423634691163898e-05
4.998500000000147338e+03 4.252791768522001803e-05
4.999400000000146974e+03 4.087506022187881172e-05
5.000300000000147520e+03 4.005226583103649318e-05
5.001200000000148066e+03 4.021022323286160827e-05
5.002100000000147702e+03 4.061713116243481636e-05
5.003000000000147338e+03 4.110902227694168687e-05
5.003900000000147884e+03 4.109975998289883137e-05
5.004800000000148430e+03 3.974309584009461105e-05
5.005700000000148066e+03 3.780542829190380871e-05
5.006600000000147702e+03 3.766600275412201881e-05
5.007500000000148248e+03 3.999035106971859932e-05
5.008400000000148793e+03 4.251576683600433171e-05
5.009300000000148430e+03 4.325735062593594193e-05
5.010200000000148066e+03 4.264813833287917078e-05
5.011100000000148611e+03 4.123255712329410017e-05
5.012000000000149157e+03 3.914338594768196344e-05
5.012900000000148793e+03 3.749124880414456129e-05
5.013800000000148430e+03 3.687163189169950783e-05
5.014700000000148975e+03 3.767141606658697128e-05
5.015600000000149521e+03 3.946911601815372705e-05
5.016500000000149157e+03 4.022920620627701283e-05
5.017400000000148793e+03 3.942965850001201034e-05
5.018300000000149339e+03 3.897213900927454233e-05
5.019200000000149885e+03 3.997269595856778324e-05
5.020100000000149521e+03 4.105098560103215277e-05
5.021000000000149157e+03 4.082157465745694935e-05
5.021900000000149703e+03 3.983396527473814785e-05
5.022800000000150249e+03 3.995213046437129378e-05
5.023700000000149885e+03 4.135614290134981275e-05
5.024600000000149521e+03 4.228565012454055250e-05
5.025500000000150067e+03 4.232788705849088728e-05
5.026400000000150612e+03 4.154041744186542928e-05
5.027300000000150249e+03 4.030017953482456505e-05
5.028200000000149885e+03 4.066613109898753464e-05
5.029100000000150430e+03 4.239978443365544081e-05
5.030000000000150976e+03 4.332954995334148407e-05
5.030900000000150612e+03 4.359912418294698000e-05
5.031800000000150249e+03 4.441913552000187337e-05
5.032700000000150794e+03 4.552040627459064126e-05
5.033600000000151340e+03 4.566150164464488626e-05
5.034500000000150976e+03 4.384758358355611563e-05
5.035400000000150612e+03 4.098932549823075533e-05
5.036300000000151158e+03 3.998279134975746274e-05
5.037200000000151704e+03 4.110491136088967323e-05
5.038100000000151340e+03 4.127042120671831071e-05
5.039000000000150976e+03 3.941270188079215586e-05
5.039900000000151522e+03 3.662755261757411063e-05
5.040800000000152068e+03 3.439961074036546052e-05
5.041700000000151704e+03 3.538321470841765404e-05
5.042600000000151340e+03 3.937607834814116359e-05
5.043500000000151886e+03 4.264778181095607579e-05
5.044400000000152431e+03 4.427306339493952692e-05
5.045300000000152068e+03 4.552448081085458398e-05
5.046200000000151704e+03 4.607215669238939881e-05
5.047100000000152249e+03 4.487861951929517090e-05
5.048000000000152795e+03 4.232364881318062544e-05
5.048900000000152431e+03 4.038217957713641226e-05
5.049800000000152068e+03 4.006540257250890136e-05
5.050700000000152613e+03 4.041115244035609066e-05
5.051600000000153159e+03 4.064807581016793847e-05
5.052500000000152795e+03 4.149036249145865440e-05
5.053400000000152431e+03 4.300560976844280958e-05
5.054300000000152977e+03 4.423407153808511794e-05
5.055200000000153523e+03 4.474459274206310511e-05
5.056100000000153159e+03 4.467431790544651449e-05
5.057000000000152795e+03 4.459428237169049680e-05
5.057900000000153341e+03 4.478005212149582803e-05
5.058800000000153887e+03 4.484343298827297986e-05
5.059700000000153523e+03 4.488928243517875671e-05
5.060600000000153159e+03 4.546123454929329455e-05
5.061500000000153705e+03 4.605143476510420442e-05
5.062400000000154250e+03 4.576368155539967120e-05
5.063300000000153887e+03 4.397624070406891406e-05
5.064200000000153523e+03 4.108822759008035064e-05
5.065100000000154068e+03 3.974130595452152193e-05
5.066000000000154614e+03 4.094991163583472371e-05
5.066900000000154250e+03 4.200404509902000427e-05
5.067800000000153887e+03 4.164967685937881470e-05
5.068700000000154432e+03 4.157918010605499148e-05
5.069600000000154978e+03 4.275821265764534473e-05
5.070500000000154614e+03 4.350862218416295946e-05
5.071400000000154250e+03 4.238785550114698708e-05
5.072300000000154796e+03 4.126631392864510417e-05
5.073200000000155342e+03 4.196000372758135200e-05
5.074100000000154978e+03 4.286125840735621750e-05
5.075000000000154614e+03 4.253606311976909637e-05
5.075900000000155160e+03 4.222125062369741499e-05
5.076800000000155705e+03 4.285509203327819705e-05
5.077700000000155342e+03 4.275958053767681122e-05
5.078600000000154978e+03 4.010237898910418153e-05
5.079500000000155524e+03 3.701248715515248477e-05
5.080400000000156069e+03 3.678376742755062878e-05
5.081300000000155705e+03 3.872197703458368778e-05
5.082200000000155342e+03 4.004919173894450068e-05
5.083100000000155887e+03 4.019993866677395999e-05
5.084000000000156433e+03 4.076783807249739766e-05
5.084900000000156069e+03 4.214936780044808984e-05
5.085800000000155705e+03 4.309681753511540592e-05
5.086700000000156251e+03 4.301830267650075257e-05
5.087600000000156797e+03 4.271901707397773862e-05
5.088500000000156433e+03 4.296980114304460585e-05
5.089400000000156069e+03 4.338144208304584026e-05
5.090300000000156615e+03 4.337332939030602574e-05
5.091200000000157161e+03 4.346615605754777789e-05
5.092100000000156797e+03 4.424188955454155803e-05
5.093000000000156433e+03 4.507614357862621546e-05
5.093900000000156979e+03 4.503632590058259666e-05
5.094800000000157524e+03 4.419494871399365366e-05
5.095700000000157161e+03 4.313639510655775666e-05
5.096600000000156797e+03 4.193379209027625620e-05
5.097500000000157343e+03 4.034190715174190700e-05
5.098400000000157888e+03 3.854516035062260926e-05
5.099300000000157524e+03 3.825424573733471334e-05
5.100200000000157161e+03 4.032602009829133749e-05
5.101100000000157706e+03 4.272675141692161560e-05
5.102000000000158252e+03 4.363279003882780671e-05
5.102900000000157888e+03 4.320843436289578676e-05
5.103800000000157524e+03 4.246435128152370453e-05
5.104700000000158070e+03 4.203705611871555448e-05
5.105600000000158616e+03 4.176126458332873881e-05
5.106500000000158252e+03 4.095431359019130468e-05
5.107400000000157888e+03 4.002251807833090425e-05
5.108300000000158434e+03 4.011440250906161964e-05
5.109200000000158980e+03 4.027778049930930138e-05
5.110100000000158616e+03 4.001749402959831059e-05
5.111000000000158252e+03 4.087610432179644704e-05
5.111900000000158798e+03 4.234090738464146852e-05
5.112800000000159343e+03 4.295769394957460463e-05
5.113700000000158980e+03 4.323888060753233731e-05
5.114600000000158616e+03 4.354117481852881610e-05
5.115500000000159162e+03 4.367732253740541637e-05
5.116400000000159707e+03 4.422325946507044137e-05
5.117300000000159343e+03 4.503875970840454102e-05
5.118200000000158980e+03 4.520594302448444068e-05
5.119100000000159525e+03 4.464987432584166527e-05
5.120000000000160071e+03 4.370834722067229450e-05
5.120900000000159707e+03 4.268570410204119980e-05
5.121800000000159343e+03 4.169774911133572459e-05
5.122700000000159889e+03 4.025821181130595505e-05
5.123600000000160435e+03 3.885237310896627605e-05
5.124500000000160071e+03 3.877064955304376781e-05
5.125400000000159707e+03 3.957591252401471138e-05
5.126300000000160253e+03 4.009386975667439401e-05
5.127200000000160799e+03 4.006500239484012127e-05
5.128100000000160435e+03 3.989562537753954530e-05
5.129000000000160071e+03 3.974025457864627242e-05
5.129900000000160617e+03 4.006630479125306010e-05
5.130800000000161162e+03 4.107220956939272583e-05
5.131700000000160799e+03 4.189875107840634882e-05
5.132600000000160435e+03 4.204250944894738495e-05
5.133500000000160981e+03 4.202076524961739779e-05
5.134400000000161526e+03 4.282563168089836836e-05
5.135300000000161162e+03 4.359833474154584110e-05
5.136200000000160799e+03 4.274885213817469776e-05
5.137100000000161344e+03 4.115943374927155674e-05
5.138000000000161890e+03 3.992400161223486066e-05
5.138900000000161526e+03 3.900590672856196761e-05
5.139800000000161162e+03 3.971823753090575337e-05
5.140700000000161708e+03 4.124823317397385836e-05
5.141600000000162254e+03 4.044068555231206119e-05
5.142500000000161890e+03 3.870079672196879983e-05
5.143400000000161526e+03 3.938589725294150412e-05
5.144300000000162072e+03 4.101089143659919500e-05
5.145200000000162618e+03 4.091640585102140903e-05
5.146100000000162254e+03 3.990944969700649381e-05
5.147000000000161890e+03 3.939874659408815205e-05
5.147900000000162436e+03 3.978857421316206455e-05
5.148800000000162981e+03 4.084535612491890788e-05
5.149700000000162618e+03 4.121360325370915234e-05
5.150600000000162254e+03 4.032507058582268655e-05
5.151500000000162800e+03 3.943241608794778585e-05
5.152400000000163345e+03 3.929453669115900993e-05
5.153300000000162981e+03 3.944911441067233682e-05
5.154200000000162618e+03 3.988359458162449300e-05
5.155100000000163163e+03 4.095382610103115439e-05
5.156000000000163709e+03 4.233366053085774183e-05
5.156900000000163345e+03 4.357318175607360899e-05
5.157800000000162981e+03 4.414360591908916831e-05
5.158700000000163527e+03 4.389877722132951021e-05
5.159600000000164073e+03 4.384007479529827833e-05
5.160500000000163709e+03 4.407460073707625270e-05
5.161400000000163345e+03 4.335046105552464724e-05
5.162300000000163891e+03 4.214996806695125997e-05
5.163200000000164437e+03 4.186008663964457810e-05
5.164100000000164073e+03 4.122513564652763307e-05
5.165000000000163709e+03 3.855022441712208092e-05
5.165900000000164255e+03 3.426292096264660358e-05
5.166800000000164800e+03 3.009729334735311568e-05
5.167700000000164437e+03 2.862844849005341530e-05
5.168600000000164073e+03 3.093210398219525814e-05
5.169500000000164619e+03 3.486486821202561259e-05
5.170400000000165164e+03 3.623780503403395414e-05
5.171300000000164800e+03 3.275609560660086572e-05
5.172200000000164437e+03 2.814492654579225928e-05
5.173100000000164982e+03 2.842005960701499134e-05
5.174000000000165528e+03 3.380086855031549931e-05
5.174900000000165164e+03 3.897089845850132406e-05
5.175800000000164800e+03 4.092839299119077623e-05
5.176700000000165346e+03 4.122688915231265128e-05
5.177600000000165892e+03 4.160262324148789048e-05
5.178500000000165528e+03 4.179148527327924967e-05
5.179400000000165164e+03 4.138012445764616132e-05
5.180300000000165710e+03 4.050899951835162938e-05
5.181200000000166256e+03 3.856166586047038436e-05
5.182100000000165892e+03 3.419239146751351655e-05
5.183000000000165528e+03 2.871506876545026898e-05
5.183900000000166074e+03 2.744030280155129731e-05
5.184800000000166619e+03 3.230229413020424545e-05
5.185700000000166256e+03 3.830161222140304744e-05
5.186600000000165892e+03 4.137725045438855886e-05
5.187500000000166438e+03 4.160843673162162304e-05
5.188400000000166983e+03 4.113405157113447785e-05
5.189300000000166619e+03 4.195640940451994538e-05
5.190200000000166256e+03 4.232857099850662053e-05
5.191100000000166801e+03 3.975943764089606702e-05
5.192000000000167347e+03 3.680078225443139672e-05
5.192900000000166983e+03 3.713807018357329071e-05
5.193800000000166619e+03 3.919529990525916219e-05
5.194700000000167165e+03 3.972845661337487400e-05
5.195600000000167711e+03 3.958342495025135577e-05
5.196500000000167347e+03 4.042678847326897085e-05
5.197400000000166983e+03 4.147077561356127262e-05
5.198300000000167529e+03 4.218867616145871580e-05
5.199200000000168075e+03 4.293890015105716884e-05
5.200100000000167711e+03 4.333510514697991312e-05
5.201000000000167347e+03 4.296553015592508018e-05
5.201900000000167893e+03 4.225648081046529114e-05
5.202800000000168438e+03 4.168750820099376142e-05
5.203700000000168075e+03 4.034901940030977130e-05
5.204600000000167711e+03 3.787751484196633101e-05
5.205500000000168257e+03 3.636917608673684299e-05
5.206400000000168802e+03 3.677558561321347952e-05
5.207300000000168438e+03 3.699433364090509713e-05
5.208200000000168075e+03 3.610026760725304484e-05
5.209100000000168620e+03 3.649483915069140494e-05
5.210000000000169166e+03 3.849069980788044631e-05
5.210900000000168802e+03 4.069930946570821106e-05
5.211800000000168438e+03 4.275853643775917590e-05
5.212700000000168984e+03 4.417181480675935745e-05
5.213600000000169530e+03 4.426469604368321598e-05
5.214500000000169166e+03 4.280027133063413203e-05
5.215400000000168802e+03 4.089692083653062582e-05
5.216300000000169348e+03 4.022274879389442503e-05
5.217200000000169894e+03 4.108085704501718283e-05
5.218100000000169530e+03 4.262837319402024150e-05
5.219000000000169166e+03 4.384686326375231147e-05
5.219900000000169712e+03 4.436293238541111350e-05
5.220800000000170257e+03 4.464756784727796912e-05
5.221700000000169894e+03 4.461587741388939321e-05
5.222600000000169530e+03 4.378933590487577021e-05
5.223500000000170076e+03 4.216207526042126119e-05
5.224400000000170621e+03 4.005938171758316457e-05
5.225300000000170257e+03 3.770429975702427328e-05
5.226200000000169894e+03 3.541000478435307741e-05
5.227100000000170439e+03 3.529780951794236898e-05
5.228000000000170985e+03 3.862429730361327529e-05
5.228900000000170621e+03 4.210150655126199126e-05
5.229800000000170257e+03 4.344150147517211735e-05
5.230700000000170803e+03 4.395315772853791714e-05
5.231600000000171349e+03 4.342352258390747011e-05
5.232500000000170985e+03 4.138576332479715347e-05
5.233400000000170621e+03 4.011773853562772274e-05
5.234300000000171167e+03 4.061409345013089478e-05
5.235200000000171713e+03 4.187677404843270779e-05
5.236100000000171349e+03 4.352671021479181945e-05
5.237000000000170985e+03 4.481359792407602072e-05
5.237900000000171531e+03 4.510922735789790750e-05
5.238800000000172076e+03 4.475373134482651949e-05
5.239700000000171713e+03 4.448569234227761626e-05
5.240600000000171349e+03 4.467249891604296863e-05
5.241500000000171894e+03 4.470004205359145999e-05
5.242400000000172440e+03 4.425864244694821537e-05
5.243300000000172076e+03 4.438300311448983848e-05
5.244200000000171713e+03 4.538464418146759272e-05
5.245100000000172258e+03 4.547238495433703065e-05
5.246000000000172804e+03 4.336250640335492790e-05
5.246900000000172440e+03 4.098322096979245543e-05
5.247800000000172076e+03 4.095270924153737724e-05
5.248700000000172622e+03 4.192371488898061216e-05
5.249600000000173168e+03 4.126198109588585794e-05
5.250500000000172804e+03 4.027399336337111890e-05
5.251400000000172440e+03 4.102812818018719554e-05
5.252300000000172986e+03 4.245991294737905264e-05
5.253200000000173532e+03 4.289583011996001005e-05
5.254100000000173168e+03 4.199191243969835341e-05
5.255000000000172804e+03 4.117542994208633900e-05
5.255900000000173350e+03 4.248149707564152777e-05
5.256800000000173895e+03 4.490120409172959626e-05
5.257700000000173532e+03 4.630563125829212368e-05
5.258600000000173168e+03 4.646735760616138577e-05
5.259500000000173713e+03 4.573847036226652563e-05
5.260400000000174259e+03 4.425919541972689331e-05
5.261300000000173895e+03 4.200372495688498020e-05
5.262200000000173532e+03 3.950581594835966825e-05
5.263100000000174077e+03 3.761921107070520520e-05
5.264000000000174623e+03 3.636749534052796662e-05
5.264900000000174259e+03 3.536481381161138415e-05
5.265800000000173895e+03 3.524847488733939826e-05
5.266700000000174441e+03 3.734046549652703106e-05
5.267600000000174987e+03 3.921433744835667312e-05
5.268500000000174623e+03 3.694833867484703660e-05
5.269400000000174259e+03 3.298067531432025135e-05
5.270300000000174805e+03 3.343571734149008989e-05
5.271200000000175351e+03 3.810157795669510961e-05
5.272100000000174987e+03 4.143509795540012419e-05
5.273000000000174623e+03 4.180878022452816367e-05
5.273900000000175169e+03 4.128177897655405104e-05
5.274800000000175714e+03 4.047924812766723335e-05
5.275700000000175351e+03 4.045934474561363459e-05
5.276600000000174987e+03 4.270291537977755070e-05
5.277500000000175532e+03 4.541637827060185373e-05
5.278400000000176078e+03 4.632649506675079465e-05
5.279300000000175714e+03 4.547766002360731363e-05
5.280200000000175351e+03 4.393786366563290358e-05
5.281100000000175896e+03 4.258651097188703716e-05
5.282000000000176442e+03 4.160645767115056515e-05
5.282900000000176078e+03 4.076345430803485215e-05
5.283800000000175714e+03 4.071896910318173468e-05
5.284700000000176260e+03 4.279706990928389132e-05
5.285600000000176806e+03 4.577312574838288128e-05
5.286500000000176442e+03 4.722808444057591259e-05
5.287400000000176078e+03 4.683922452386468649e-05
5.288300000000176624e+03 4.605758658726699650e-05
5.289200000000177170e+03 4.612824704963713884e-05
5.290100000000176806e+03 4.680891652242280543e-05
5.291000000000176442e+03 4.710301436716690660e-05
5.291900000000176988e+03 4.658699981519021094e-05
5.292800000000177533e+03 4.581185567076317966e-05
5.293700000000177170e+03 4.559958324534818530e-05
5.294600000000176806e+03 4.547641583485528827e-05
5.295500000000177351e+03 4.417973832460120320e-05
5.296400000000177897e+03 4.151582834310829639e-05
5.297300000000177533e+03 3.903516335412859917e-05
5.298200000000177170e+03 3.901896707247942686e-05
5.299100000000177715e+03 4.144174454268068075e-05
5.300000000000178261e+03 4.324397013988345861e-05
5.300900000000177897e+03 4.314082252676598728e-05
5.301800000000177533e+03 4.290718788979575038e-05
5.302700000000178079e+03 4.389524474390782416e-05
5.303600000000178625e+03 4.570539022097364068e-05
5.304500000000178261e+03 4.703079684986732900e-05
5.305400000000177897e+03 4.707701373263262212e-05
5.306300000000178443e+03 4.606116999639198184e-05
5.307200000000178989e+03 4.518551577348262072e-05
5.308100000000178625e+03 4.550922676571644843e-05
5.309000000000178261e+03 4.655538941733539104e-05
5.309900000000178807e+03 4.709682252723723650e-05
5.310800000000179352e+03 4.690767673309892416e-05
5.311700000000178989e+03 4.646827437682077289e-05
5.312600000000178625e+03 4.596699000103399158e-05
5.313500000000179170e+03 4.569065276882611215e-05
5.314400000000179716e+03 4.564750634017400444e-05
5.315300000000179352e+03 4.510193684836849570e-05
5.316200000000178989e+03 4.409769462654367089e-05
5.317100000000179534e+03 4.391420588945038617e-05
5.318000000000180080e+03 4.467374674277380109e-05
5.318900000000179716e+03 4.510400322033092380e-05
5.319800000000179352e+03 4.503664968069642782e-05
5.320700000000179898e+03 4.492707375902682543e-05
5.321600000000180444e+03 4.474391244002617896e-05
5.322500000000180080e+03 4.404745777719654143e-05
5.323400000000179716e+03 4.253706720191985369e-05
5.324300000000180262e+03 4.166844519204460084e-05
5.325200000000180808e+03 4.246684693498536944e-05
5.326100000000180444e+03 4.242125578457489610e-05
5.327000000000180080e+03 3.899927105521783233e-05
5.327900000000180626e+03 3.466230191406793892e-05
5.328800000000181171e+03 3.478261714917607605e-05
5.329700000000180808e+03 3.916136483894661069e-05
5.330600000000180444e+03 4.299836291465908289e-05
5.331500000000180989e+03 4.406067819218151271e-05
5.332400000000181535e+03 4.356580757303163409e-05
5.333300000000181171e+03 4.379036545287817717e-05
5.334200000000180808e+03 4.510006692726165056e-05
5.335100000000181353e+03 4.585834903991781175e-05
5.336000000000181899e+03 4.544421608443371952e-05
5.336900000000181535e+03 4.487369369599036872e-05
5.337800000000181171e+03 4.476757021620869637e-05
5.338700000000181717e+03 4.396445001475512981e-05
5.339600000000182263e+03 4.172646367806009948e-05
5.340500000000181899e+03 4.016597085865214467e-05
5.341400000000181535e+03 4.135918788961134851e-05
5.342300000000182081e+03 4.368742884253151715e-05
5.343200000000182627e+03 4.488330523599870503e-05
5.344100000000182263e+03 4.491673098527826369e-05
5.345000000000181899e+03 4.412707858136855066e-05
5.345900000000182445e+03 4.355102282715961337e-05
5.346800000000182990e+03 4.387633816804736853e-05
5.347700000000182627e+03 4.356274439487606287e-05
5.348600000000182263e+03 4.242570139467716217e-05
5.349500000000182808e+03 4.238358815200626850e-05
5.350400000000183354e+03 4.401910700835287571e-05
5.351300000000182990e+03 4.571851604850962758e-05
5.352200000000182627e+03 4.610687392414547503e-05
5.353100000000183172e+03 4.591896868078038096e-05
5.354000000000183718e+03 4.652512507163919508e-05
5.354900000000183354e+03 4.754523251904174685e-05
5.355800000000182990e+03 4.794230699189938605e-05
5.356700000000183536e+03 4.789998638443648815e-05
5.357600000000184082e+03 4.785152850672602654e-05
5.358500000000183718e+03 4.779660957865417004e-05
5.359400000000183354e+03 4.760541196446865797e-05
5.360300000000183900e+03 4.695638563134707510e-05
5.361200000000184446e+03 4.582119800033979118e-05
5.362100000000184082e+03 4.495022949413396418e-05
5.363000000000183718e+03 4.474776142160408199e-05
5.363900000000184264e+03 4.444838486961089075e-05
5.364800000000184809e+03 4.375001299194991589e-05
5.365700000000184446e+03 4.366003122413530946e-05
5.366600000000184082e+03 4.403350249049253762e-05
5.367500000000184627e+03 4.414000068209134042e-05
5.368400000000185173e+03 4.367416477180086076e-05
5.369300000000184809e+03 4.191497282590717077e-05
5.370200000000184446e+03 3.944585114368237555e-05
5.371100000000184991e+03 3.842686055577360094e-05
5.372000000000185537e+03 4.036666723550297320e-05
5.372900000000185173e+03 4.376001015771180391e-05
5.373800000000184809e+03 4.597894803737290204e-05
5.374700000000185355e+03 4.681172868004068732e-05
5.375600000000185901e+03 4.667118264478631318e-05
5.376500000000185537e+03 4.599563544616103172e-05
5.377400000000185173e+03 4.582582187140360475e-05
5.378300000000185719e+03 4.619216633727774024e-05
5.379200000000186265e+03 4.608776725945062935e-05
5.380100000000185901e+03 4.539909059531055391e-05
5.381000000000185537e+03 4.490225546760484576e-05
5.381900000000186083e+03 4.458437615539878607e-05
5.382800000000186628e+03 4.406103835208341479e-05
5.383700000000186265e+03 4.419518882059492171e-05
5.384600000000185901e+03 4.524256655713543296e-05
5.385500000000186446e+03 4.591856850311160088e-05
5.386400000000186992e+03 4.580709719448350370e-05
5.387300000000186628e+03 4.545648334897123277e-05
5.388200000000186265e+03 4.486776015255600214e-05
5.389100000000186810e+03 4.389797322801314294e-05
5.390000000000187356e+03 4.313553654355928302e-05
5.390900000000186992e+03 4.292208177503198385e-05
5.391800000000186628e+03 4.292829544283449650e-05
5.392700000000187174e+03 4.283633097657002509e-05
5.393600000000187720e+03 4.277414700482040644e-05
5.394500000000187356e+03 4.294520840630866587e-05
5.395400000000186992e+03 4.240369162289425731e-05
5.396300000000187538e+03 4.046906906296499074e-05
5.397200000000188084e+03 3.953200939577072859e-05
5.398100000000187720e+03 4.141503086430020630e-05
5.399000000000187356e+03 4.354407428763806820e-05
5.399900000000187902e+03 4.384271960589103401e-05
5.400800000000188447e+03 4.377415461931377649e-05
5.401700000000188084e+03 4.443418947630561888e-05
5.402600000000187720e+03 4.419344986672513187e-05
5.403500000000188265e+03 4.193269705865532160e-05
5.404400000000188811e+03 3.913334148819558322e-05
5.405300000000188447e+03 3.782560088438913226e-05
5.406200000000188084e+03 3.888449646183289587e-05
5.407100000000188629e+03 4.121798338019289076e-05
5.408000000000189175e+03 4.234903826727531850e-05
5.408900000000188811e+03 4.137207724852487445e-05
5.409800000000188447e+03 4.033396908198483288e-05
5.410700000000188993e+03 4.134709524805657566e-05
5.411600000000189539e+03 4.360116145107895136e-05
5.412500000000189175e+03 4.506672485149465501e-05
5.413400000000188811e+03 4.509692735155113041e-05
5.414300000000189357e+03 4.443710349733009934e-05
5.415200000000189902e+03 4.437402822077274323e-05
5.416100000000189539e+03 4.539582369034178555e-05
5.417000000000189175e+03 4.628834358300082386e-05
5.417900000000189721e+03 4.615273064700886607e-05
5.418800000000190266e+03 4.533919127425178885e-05
5.419700000000189902e+03 4.446071397978812456e-05
5.420600000000189539e+03 4.421013363753445446e-05
5.421500000000190084e+03 4.490994251682423055e-05
5.422400000000190630e+03 4.521559458225965500e-05
5.423300000000190266e+03 4.392148184706456959e-05
5.424200000000189902e+03 4.275597893865779042e-05
5.425100000000190448e+03 4.368823283584788442e-05
5.426000000000190994e+03 4.571479075821116567e-05
5.426900000000190630e+03 4.689343040809035301e-05
5.427800000000190266e+03 4.567728683468885720e-05
5.428700000000190812e+03 4.223458017804659903e-05
5.429600000000191358e+03 4.017636092612519860e-05
5.430500000000190994e+03 4.177772643743082881e-05
5.431400000000190630e+03 4.373406409285962582e-05
5.432300000000191176e+03 4.335393168730661273e-05
5.433200000000191721e+03 4.196372537990100682e-05
5.434100000000191358e+03 4.096229531569406390e-05
5.435000000000190994e+03 4.096278280485421419e-05
5.435900000000191540e+03 4.192722190055064857e-05
5.436800000000192085e+03 4.340364830568432808e-05
5.437700000000191721e+03 4.514128158916719258e-05
5.438600000000191358e+03 4.652086499845609069e-05
5.439500000000191903e+03 4.720724609796889126e-05
5.440400000000192449e+03 4.733213427243754268e-05
5.441300000000192085e+03 4.721490404335781932e-05
5.442200000000191721e+03 4.724568134406581521e-05
5.443100000000192267e+03 4.711337896878831089e-05
5.444000000000192813e+03 4.599865860654972494e-05
5.444900000000192449e+03 4.367171641206368804e-05
5.445800000000192085e+03 4.074984826729632914e-05
5.446700000000192631e+03 3.925420969608239830e-05
5.447600000000193177e+03 4.086436456418596208e-05
5.448500000000192813e+03 4.364929918665438890e-05
5.449400000000192449e+03 4.519427238847129047e-05
5.450300000000192995e+03 4.543222894426435232e-05
5.451200000000193540e+03 4.515367618296295404e-05
5.452100000000193177e+03 4.480734060052782297e-05
5.453000000000192813e+03 4.413964052218943834e-05
5.453900000000193359e+03 4.248199547873809934e-05
5.454800000000193904e+03 4.013354919152334332e-05
5.455700000000193540e+03 3.953328996431082487e-05
5.456600000000193177e+03 4.182199700153432786e-05
5.457500000000193722e+03 4.454789086594246328e-05
5.458400000000194268e+03 4.572725083562545478e-05
5.459300000000193904e+03 4.543906106846407056e-05
5.460200000000193540e+03 4.459510091692209244e-05
5.461100000000194086e+03 4.375102435005828738e-05
5.462000000000194632e+03 4.253332735970616341e-05
5.462900000000194268e+03 4.153862755629234016e-05
5.463800000000193904e+03 4.221672861604020000e-05
5.464700000000194450e+03 4.374330819700844586e-05
5.465600000000194996e+03 4.424006692715920508e-05
5.466500000000194632e+03 4.410876135807484388e-05
5.467400000000194268e+03 4.447059836820699275e-05
5.468300000000194814e+03 4.478271875996142626e-05
5.469200000000195359e+03 4.429650653037242591e-05
5.470100000000194996e+03 4.359637023299001157e-05
5.471000000000194632e+03 4.361279934528283775e-05
5.471900000000195178e+03 4.370787064544856548e-05
5.472800000000195723e+03 4.298160638427361846e-05
5.473700000000195359e+03 4.245797026669606566e-05
5.474600000000194996e+03 4.239591726218350232e-05
5.475500000000195541e+03 4.101623562746681273e-05
5.476400000000196087e+03 3.900634328601881862e-05
5.477300000000195723e+03 3.956682849093340337e-05
5.478200000000195359e+03 4.238376277498900890e-05
5.479100000000195905e+03 4.412020280142314732e-05
5.480000000000196451e+03 4.325613190303556621e-05
5.480900000000196087e+03 4.149321102886460721e-05
5.481800000000195723e+03 4.121294841752387583e-05
5.482700000000196269e+03 4.237822213326580822e-05
5.483600000000196815e+03 4.387546505313366652e-05
5.484500000000196451e+03 4.517725028563290834e-05
5.485400000000196087e+03 4.547725620795972645e-05
5.486300000000196633e+03 4.431734123500064015e-05
5.487200000000197178e+03 4.286501643946394324e-05
5.488100000000196815e+03 4.277110929251648486e-05
5.489000000000196451e+03 4.349485607235692441e-05
5.489900000000196997e+03 4.383544364827685058e-05
5.490800000000197542e+03 4.425956649356521666e-05
5.491700000000197178e+03 4.469973282539285719e-05
5.492600000000196815e+03 4.429048203746788204e-05
5.493500000000197360e+03 4.366724169813096523e-05
5.494400000000197906e+03 4.396517761051654816e-05
5.495300000000197542e+03 4.446567982085980475e-05
5.496200000000197178e+03 4.379618258099071681e-05
5.497100000000197724e+03 4.275993705959990621e-05
5.498000000000198270e+03 4.335629637353122234e-05
5.498900000000197906e+03 4.490617357078008354e-05
5.499800000000197542e+03 4.501437797443941236e-05
5.500700000000198088e+03 4.356185672804713249e-05
5.501600000000198634e+03 4.248080585966818035e-05
5.502500000000198270e+03 4.267753683961927891e-05
5.503400000000197906e+03 4.336540951044298708e-05
5.504300000000198452e+03 4.366847861092537642e-05
5.505200000000198997e+03 4.290734796086326241e-05
5.506100000000198634e+03 4.177806840743869543e-05
5.507000000000198270e+03 4.216424713376909494e-05
5.507900000000198816e+03 4.368533336673863232e-05
5.508800000000199361e+03 4.435432492755353451e-05
5.509700000000198997e+03 4.402117701829411089e-05
5.510600000000198634e+03 4.328046270529739559e-05
5.511500000000199179e+03 4.204586730338633060e-05
5.512400000000199725e+03 4.101870945305563509e-05
5.513300000000199361e+03 4.106653796043246984e-05
5.514200000000198997e+03 4.178846575086936355e-05
5.515100000000199543e+03 4.266660471330396831e-05
5.516000000000200089e+03 4.336551137384958565e-05
5.516900000000199725e+03 4.405709114507772028e-05
5.517800000000199361e+03 4.509088466875255108e-05
5.518700000000199907e+03 4.579880624078214169e-05
5.519600000000200453e+03 4.571671161102131009e-05
5.520500000000200089e+03 4.533637911663390696e-05
5.521400000000199725e+03 4.513453313848003745e-05
5.522300000000200271e+03 4.511307270149700344e-05
5.523200000000200816e+03 4.518348578130826354e-05
5.524100000000200453e+03 4.507384437602013350e-05
5.525000000000200089e+03 4.453214205568656325e-05
5.525900000000200635e+03 4.362594700069166720e-05
5.526800000000201180e+03 4.226070086588151753e-05
5.527700000000200816e+03 4.089653521077707410e-05
5.528600000000200453e+03 4.110910595045424998e-05
5.529500000000200998e+03 4.304407775634899735e-05
5.530400000000201544e+03 4.464316225494258106e-05
5.531300000000201180e+03 4.487598198466002941e-05
5.532200000000200816e+03 4.447010724106803536e-05
5.533100000000201362e+03 4.413120404933579266e-05
5.534000000000201908e+03 4.362238178146071732e-05
5.534900000000201544e+03 4.310620352043770254e-05
5.535800000000201180e+03 4.345321940490975976e-05
5.536700000000201726e+03 4.412811176734976470e-05
5.537600000000202272e+03 4.424706276040524244e-05
5.538500000000201908e+03 4.441677810973487794e-05
5.539400000000201544e+03 4.513626481639221311e-05
5.540300000000202090e+03 4.585956412483938038e-05
5.541200000000202635e+03 4.589809395838528872e-05
5.542100000000202272e+03 4.510456710704602301e-05
5.543000000000201908e+03 4.419271135702729225e-05
5.543900000000202454e+03 4.406994048622436821e-05
5.544800000000202999e+03 4.434245420270599425e-05
5.545700000000202635e+03 4.426410669111646712e-05
5.546600000000202272e+03 4.439094482222571969e-05
5.547500000000202817e+03 4.523428651737049222e-05
5.548400000000203363e+03 4.601223190547898412e-05
5.549300000000202999e+03 4.617142258211970329e-05
5.550200000000202635e+03 4.610946780303493142e-05
5.551100000000203181e+03 4.598387022269889712e-05
5.552000000000203727e+03 4.556056592264212668e-05
5.552900000000203363e+03 4.473262015380896628e-05
5.553800000000202999e+03 4.399616955197416246e-05
5.554700000000203545e+03 4.397880184114910662e-05
5.555600000000204091e+03 4.448804247658699751e-05
5.556500000000203727e+03 4.470381099963560700e-05
5.557400000000203363e+03 4.453176734386943281e-05
5.558300000000203909e+03 4.457867180462926626e-05
5.559200000000204454e+03 4.478327173274010420e-05
5.560100000000204091e+03 4.474558954825624824e-05
5.561000000000203727e+03 4.444306614459492266e-05
5.561900000000204273e+03 4.382702900329604745e-05
5.562800000000204818e+03 4.326672205934301019e-05
5.563700000000204454e+03 4.332812750362791121e-05
5.564600000000204091e+03 4.339533916208893061e-05
5.565500000000204636e+03 4.297195118851959705e-05
5.566400000000205182e+03 4.283399175619706511e-05
5.567300000000204818e+03 4.320208245189860463e-05
5.568200000000204454e+03 4.327682108851149678e-05
5.569100000000205000e+03 4.291365985409356654e-05
5.570000000000205546e+03 4.327452916186302900e-05
5.570900000000205182e+03 4.403433558763936162e-05
5.571800000000204818e+03 4.337259451858699322e-05
5.572700000000205364e+03 4.231589264236390591e-05
5.573600000000205910e+03 4.301740045775659382e-05
5.574500000000205546e+03 4.423076461534947157e-05
5.575400000000205182e+03 4.421351331984624267e-05
5.576300000000205728e+03 4.400931356940418482e-05
5.577200000000206273e+03 4.440084740053862333e-05
5.578100000000205910e+03 4.455258385860361159e-05
5.579000000000205546e+03 4.462796277948655188e-05
5.579900000000206091e+03 4.496667679632082582e-05
5.580800000000206637e+03 4.472316140891052783e-05
5.581700000000206273e+03 4.405994695844128728e-05
5.582600000000205910e+03 4.402746344567276537e-05
5.583500000000206455e+03 4.432652713148854673e-05
5.584400000000207001e+03 4.405062281875871122e-05
5.585300000000206637e+03 4.287156843929551542e-05
5.586200000000206273e+03 4.100781370652839541e-05
5.587100000000206819e+03 3.948841185774654150e-05
5.588000000000207365e+03 3.907411883119493723e-05
5.588900000000207001e+03 3.959880996262654662e-05
5.589800000000206637e+03 4.079452264704741538e-05
5.590700000000207183e+03 4.205408185953274369e-05
5.591600000000207729e+03 4.260816422174684703e-05
5.592500000000207365e+03 4.246190292178653181e-05
5.593400000000207001e+03 4.194011853542178869e-05
5.594300000000207547e+03 4.186073783785104752e-05
5.595200000000208092e+03 4.324661858845502138e-05
5.596100000000207729e+03 4.470385465538129210e-05
5.597000000000207365e+03 4.410225301398895681e-05
5.597900000000207910e+03 4.227710451232269406e-05
5.598800000000208456e+03 4.156565773882903159e-05
5.599700000000208092e+03 4.186784644844010472e-05
5.600600000000207729e+03 4.161567267146892846e-05
5.601500000000208274e+03 4.081609949935227633e-05
5.602400000000208820e+03 4.046857065986841917e-05
5.603300000000208456e+03 4.147508298046886921e-05
5.604200000000208092e+03 4.353654367150738835e-05
5.605100000000208638e+03 4.515238106250762939e-05
5.606000000000209184e+03 4.578172593028284609e-05
5.606900000000208820e+03 4.580790482577867806e-05
5.607800000000208456e+03 4.564501068671233952e-05
5.608700000000209002e+03 4.552909376798197627e-05
5.609600000000209548e+03 4.543594695860520005e-05
5.610500000000209184e+03 4.550093217403627932e-05
5.611400000000208820e+03 4.582781184581108391e-05
5.612300000000209366e+03 4.604308560374192894e-05
5.613200000000209911e+03 4.522793096839450300e-05
5.614100000000209548e+03 4.265179450158029795e-05
5.615000000000209184e+03 3.984677459811791778e-05
5.615900000000209729e+03 3.970284888055175543e-05
5.616800000000210275e+03 4.183464989182539284e-05
5.617700000000209911e+03 4.335780613473616540e-05
5.618600000000209548e+03 4.341505336924456060e-05
5.619500000000210093e+03 4.316224658396095037e-05
5.620400000000210639e+03 4.355431883595883846e-05
5.621300000000210275e+03 4.439645999809727073e-05
5.622200000000209911e+03 4.462150536710396409e-05
5.623100000000210457e+03 4.334624100010842085e-05
5.624000000000211003e+03 4.136930874665267766e-05
5.624900000000210639e+03 4.083359817741438746e-05
5.625800000000210275e+03 4.209088001516647637e-05
5.626700000000210821e+03 4.335505946073681116e-05
5.627600000000211367e+03 4.383369741844944656e-05
5.628500000000211003e+03 4.427882231539115310e-05
5.629400000000210639e+03 4.489549974096007645e-05
5.630300000000211185e+03 4.526425254880450666e-05
5.631200000000211730e+03 4.534226172836497426e-05
5.632100000000211367e+03 4.519191134022548795e-05
5.633000000000211003e+03 4.480169809539802372e-05
5.633900000000211548e+03 4.431340130395255983e-05
5.634800000000212094e+03 4.388908200780861080e-05
5.635700000000211730e+03 4.338106009527109563e-05
5.636600000000211367e+03 4.274489037925377488e-05
5.637500000000211912e+03 4.247739707352593541e-05
5.638400000000212458e+03 4.293704478186555207e-05
5.639300000000212094e+03 4.345541674410924315e-05
5.640200000000211730e+03 4.315174737712368369e-05
5.641100000000212276e+03 4.253343649907037616e-05
5.642000000000212822e+03 4.267731492291204631e-05
5.642900000000212458e+03 4.323443499743007123e-05
5.643800000000212094e+03 4.347715002950280905e-05
5.644700000000212640e+03 4.365113272797316313e-05
5.645600000000213186e+03 4.392331175040453672e-05
5.646500000000212822e+03 4.422679558047093451e-05
5.647400000000212458e+03 4.441824785317294300e-05
5.648300000000213004e+03 4.421206176630221307e-05
5.649200000000213549e+03 4.381322287372313440e-05
5.650100000000213186e+03 4.381710823508910835e-05
5.651000000000212822e+03 4.437107418198138475e-05
5.651900000000213367e+03 4.498367343330755830e-05
5.652800000000213913e+03 4.499630449572578073e-05
5.653700000000213549e+03 4.417431409819982946e-05
5.654600000000213186e+03 4.329164585215039551e-05
5.655500000000213731e+03 4.339269798947498202e-05
5.656400000000214277e+03 4.345598063082434237e-05
5.657300000000213913e+03 4.163906851317733526e-05
5.658200000000213549e+03 3.955851207138039172e-05
5.659100000000214095e+03 4.016258390038274229e-05
5.660000000000214641e+03 4.233571962686255574e-05
5.660900000000214277e+03 4.301844091969542205e-05
5.661800000000213913e+03 4.212317435303702950e-05
5.662700000000214459e+03 4.181364420219324529e-05
5.663600000000215005e+03 4.284113310859538615e-05
5.664500000000214641e+03 4.403397178975865245e-05
5.665400000000214277e+03 4.437582174432463944e-05
5.666300000000214823e+03 4.380581594887189567e-05
5.667200000000215368e+03 4.305048059904947877e-05
5.668100000000215005e+03 4.285957766114734113e-05
5.669000000000214641e+03 4.313737372285686433e-05
5.669900000000215186e+03 4.340996383689343929e-05
5.670800000000215732e+03 4.368383451947011054e-05
5.671700000000215368e+03 4.437648385646753013e-05
5.672600000000215005e+03 4.532566163106821477e-05
5.673500000000215550e+03 4.569476732285693288e-05
5.674400000000216096e+03 4.525406620814464986e-05
5.675300000000215732e+03 4.485254248720593750e-05
5.676200000000215368e+03 4.518501009442843497e-05
5.677100000000215914e+03 4.551708843791857362e-05
5.678000000000216460e+03 4.514398824539966881e-05
5.678900000000216096e+03 4.462076685740612447e-05
5.679800000000215732e+03 4.457608883967623115e-05
5.680700000000216278e+03 4.448037361726164818e-05
5.681600000000216824e+03 4.355151759227737784e-05
5.682500000000216460e+03 4.264582457835786045e-05
5.683400000000216096e+03 4.284091846784576774e-05
5.684300000000216642e+03 4.359318336355499923e-05
5.685200000000217187e+03 4.389119203551672399e-05
5.686100000000216824e+03 4.330969750299118459e-05
5.687000000000216460e+03 4.246379830874502659e-05
5.687900000000217005e+03 4.220243863528594375e-05
5.688800000000217551e+03 4.285044633434154093e-05
5.689700000000217187e+03 4.389684181660413742e-05
5.690600000000216824e+03 4.459155752556398511e-05
5.691500000000217369e+03 4.507521225605159998e-05
5.692400000000217915e+03 4.541843372862786055e-05
5.693300000000217551e+03 4.522884773905389011e-05
5.694200000000217187e+03 4.483082011574879289e-05
5.695100000000217733e+03 4.479436393012292683e-05
5.696000000000218279e+03 4.501926741795614362e-05
5.696900000000217915e+03 4.477825495996512473e-05
5.697800000000217551e+03 4.389139576232992113e-05
5.698700000000218097e+03 4.337669088272377849e-05
5.699600000000218643e+03 4.332702155807055533e-05
5.700500000000218279e+03 4.279305358068086207e-05
5.701400000000217915e+03 4.213174906908534467e-05
5.702300000000218461e+03 4.236412132740952075e-05
5.703200000000219006e+03 4.333096876507624984e-05
5.704100000000218643e+03 4.396714575705118477e-05
5.705000000000218279e+03 4.355507553555071354e-05
5.705900000000218824e+03 4.251771315466612577e-05
5.706800000000219370e+03 4.174890636932104826e-05
5.707700000000219006e+03 4.107544009457342327e-05
5.708600000000218643e+03 4.031156640849076211e-05
5.709500000000219188e+03 4.028821786050684750e-05
5.710400000000219734e+03 4.075725519214756787e-05
5.711300000000219370e+03 4.086671833647415042e-05
5.712200000000219006e+03 4.160600292379967868e-05
5.713100000000219552e+03 4.326310954638756812e-05
5.714000000000220098e+03 4.431832348927855492e-05
5.714900000000219734e+03 4.451932909432798624e-05
5.715800000000219370e+03 4.470292333280667663e-05
5.716700000000219916e+03 4.476337198866531253e-05
5.717600000000220462e+03 4.458385956240817904e-05
5.718500000000220098e+03 4.474950401345267892e-05
5.719400000000219734e+03 4.520349102676846087e-05
5.720300000000220280e+03 4.552217797026969492e-05
5.721200000000220825e+03 4.585858550854027271e-05
5.722100000000220462e+03 4.621524203685112298e-05
5.723000000000220098e+03 4.629644172382541001e-05
5.723900000000220643e+03 4.614986028173007071e-05
5.724800000000221189e+03 4.584807174978777766e-05
5.725700000000220825e+03 4.512341911322437227e-05
5.726600000000220462e+03 4.411584086483344436e-05
5.727500000000221007e+03 4.394655843498185277e-05
5.728400000000221553e+03 4.486948455451056361e-05
5.729300000000221189e+03 4.553730468614958227e-05
5.730200000000220825e+03 4.502182127907872200e-05
5.731100000000221371e+03 4.406679363455623388e-05
5.732000000000221917e+03 4.409349639900028706e-05
5.732900000000221553e+03 4.503966920310631394e-05
5.733800000000221189e+03 4.573986007017083466e-05
5.734700000000221735e+03 4.587911826092749834e-05
5.735600000000222281e+03 4.566458665067330003e-05
5.736500000000221917e+03 4.533171886578202248e-05
5.737400000000221553e+03 4.518193236435763538e-05
5.738300000000222099e+03 4.519183130469173193e-05
5.739200000000222644e+03 4.519764843280427158e-05
5.740100000000222281e+03 4.520111542660742998e-05
5.741000000000221917e+03 4.513872045208700001e-05
5.741900000000222462e+03 4.489710045163519681e-05
5.742800000000223008e+03 4.470290878089144826e-05
5.743700000000222644e+03 4.503331729210913181e-05
5.744600000000222281e+03 4.577031722874380648e-05
5.745500000000222826e+03 4.620268373400904238e-05
5.746400000000223372e+03 4.570897726807743311e-05
5.747300000000223008e+03 4.449928019312210381e-05
5.748200000000222644e+03 4.392133632791228592e-05
5.749100000000223190e+03 4.468047336558811367e-05
5.750000000000223736e+03 4.571231693262234330e-05
5.750900000000223372e+03 4.572741090669296682e-05
5.751800000000223008e+03 4.455552334547974169e-05
5.752700000000223554e+03 4.300280488678254187e-05
5.753600000000224099e+03 4.215055378153920174e-05
5.754500000000223736e+03 4.274753518984653056e-05
5.755400000000223372e+03 4.433896538102999330e-05
5.756300000000223918e+03 4.562348840408958495e-05
5.757200000000224463e+03 4.615223951986990869e-05
5.758100000000224099e+03 4.607616574503481388e-05
5.759000000000223736e+03 4.541920134215615690e-05
5.759900000000224281e+03 4.446553793968632817e-05
5.760800000000224827e+03 4.349618757260031998e-05
5.761700000000224463e+03 4.263832670403644443e-05
5.762600000000224099e+03 4.241009082761593163e-05
5.763500000000224645e+03 4.350468952907249331e-05
5.764400000000225191e+03 4.514607644523493946e-05
5.765300000000224827e+03 4.596097278408706188e-05
5.766200000000224463e+03 4.608262315741740167e-05
5.767100000000225009e+03 4.610875112120993435e-05
5.768000000000225555e+03 4.602931585395708680e-05
5.768900000000225191e+03 4.583035843097604811e-05
5.769800000000224827e+03 4.565836934489198029e-05
5.770700000000225373e+03 4.540719965007156134e-05
5.771600000000225918e+03 4.500945215113461018e-05
5.772500000000225555e+03 4.484083910938352346e-05
5.773400000000225191e+03 4.483925658860243857e-05
5.774300000000225737e+03 4.466408790904097259e-05
5.775200000000226282e+03 4.470349085750058293e-05
5.776100000000225918e+03 4.513851308729499578e-05
5.777000000000225555e+03 4.551070742309093475e-05
5.777900000000226100e+03 4.549527511699125171e-05
5.778800000000226646e+03 4.495042230701074004e-05
5.779700000000226282e+03 4.364126652944833040e-05
5.780600000000225918e+03 4.200371768092736602e-05
5.781500000000226464e+03 4.126619387534447014e-05
5.782400000000227010e+03 4.170371175860054791e-05
5.783300000000226646e+03 4.217846435494720936e-05
5.784200000000226282e+03 4.182228440186008811e-05
5.785100000000226828e+03 4.143466867390088737e-05
5.786000000000227374e+03 4.220397386234253645e-05
5.786900000000227010e+03 4.356308636488392949e-05
5.787800000000226646e+03 4.441730197868309915e-05
5.788700000000227192e+03 4.478964547161012888e-05
5.789600000000227737e+03 4.447534956852905452e-05
5.790500000000227374e+03 4.365085987956263125e-05
5.791400000000227010e+03 4.355979763204231858e-05
5.792300000000227556e+03 4.430084300111047924e-05
5.793200000000228101e+03 4.499909118749201298e-05
5.794100000000227737e+03 4.555227860691957176e-05
5.795000000000227374e+03 4.594322672346606851e-05
5.795900000000227919e+03 4.561587047646753490e-05
5.796800000000228465e+03 4.450381311471574008e-05
5.797700000000228101e+03 4.375395656097680330e-05
5.798600000000227737e+03 4.444086152943782508e-05
5.799500000000228283e+03 4.581334360409528017e-05
5.800400000000228829e+03 4.661194543587043881e-05
5.801300000000228465e+03 4.684205850935541093e-05
5.802200000000228101e+03 4.672602517530322075e-05
5.803100000000228647e+03 4.594212805386632681e-05
5.804000000000229193e+03 4.484768578549847007e-05
5.804900000000228829e+03 4.436243762029334903e-05
5.805800000000228465e+03 4.454770169104449451e-05
5.806700000000229011e+03 4.494156382861547172e-05
5.807600000000229556e+03 4.521248774835839868e-05
5.808500000000229193e+03 4.526613702182658017e-05
5.809400000000228829e+03 4.535778862191364169e-05
5.810300000000229375e+03 4.562100730254314840e-05
5.811200000000229920e+03 4.579869346343912184e-05
5.812100000000229556e+03 4.578933294396847486e-05
5.813000000000229193e+03 4.567353244055993855e-05
5.813900000000229738e+03 4.528039789875037968e-05
5.814800000000230284e+03 4.450031701708212495e-05
5.815700000000229920e+03 4.382061160868033767e-05
5.816600000000229556e+03 4.399093450047075748e-05
5.817500000000230102e+03 4.501362127484753728e-05
5.818400000000230648e+03 4.595378413796424866e-05
5.819300000000230284e+03 4.628956958185881376e-05
5.820200000000229920e+03 4.631709089153446257e-05
5.821100000000230466e+03 4.622525375452823937e-05
5.822000000000231012e+03 4.598683517542667687e-05
5.822900000000230648e+03 4.573921614792197943e-05
5.823800000000230284e+03 4.574948252411559224e-05
5.824700000000230830e+03 4.600263491738587618e-05
5.825600000000231375e+03 4.613140481524169445e-05
5.826500000000231012e+03 4.603845809469930828e-05
5.827400000000230648e+03 4.596784128807485104e-05
5.828300000000231194e+03 4.609766619978472590e-05
5.829200000000231739e+03 4.632980198948644102e-05
5.830100000000231375e+03 4.632433774531818926e-05
5.831000000000231012e+03 4.613116470864042640e-05
5.831900000000231557e+03 4.606419679475948215e-05
5.832800000000232103e+03 4.597704537445679307e-05
5.833700000000231739e+03 4.558878208626993001e-05
5.834600000000231375e+03 4.526023622020147741e-05
5.835500000000231921e+03 4.552416066871955991e-05
5.836400000000232467e+03 4.592677942127920687e-05
5.837300000000232103e+03 4.569193333736620843e-05
5.838200000000231739e+03 4.524338874034583569e-05
5.839100000000232285e+03 4.538264329312369227e-05
5.840000000000232831e+03 4.598363375407643616e-05
5.840900000000232467e+03 4.645631634048186243e-05
5.841800000000232103e+03 4.661046477849595249e-05
5.842700000000232649e+03 4.658936813939362764e-05
5.843600000000233194e+03 4.641913255909457803e-05
5.844500000000232831e+03 4.610018368111923337e-05
5.845400000000232467e+03 4.563150650938041508e-05
5.846300000000233013e+03 4.500529030337929726e-05
5.847200000000233558e+03 4.454254667507484555e-05
5.848100000000233194e+03 4.452453504200093448e-05
5.849000000000232831e+03 4.480028655962087214e-05
5.849900000000233376e+03 4.499004717217758298e-05
5.850800000000233922e+03 4.477277252590283751e-05
5.851700000000233558e+03 4.404269566293805838e-05
5.852600000000233194e+03 4.311275188229046762e-05
5.853500000000233740e+03 4.283969974494539201e-05
5.854400000000234286e+03 4.344763874541968107e-05
5.855300000000233922e+03 4.379434903967194259e-05
5.856200000000233558e+03 4.290343349566683173e-05
5.857100000000234104e+03 4.153995178057812154e-05
5.858000000000234650e+03 4.135478229727596045e-05
5.858900000000234286e+03 4.239713234710507095e-05
5.859800000000233922e+03 4.350421659182757139e-05
5.860700000000234468e+03 4.406001608003862202e-05
5.861600000000235013e+03 4.383383929962292314e-05
5.862500000000234650e+03 4.347631329437717795e-05
5.863400000000234286e+03 4.381082908366806805e-05
5.864300000000234832e+03 4.435405571712180972e-05
5.865200000000235377e+03 4.421150151756592095e-05
5.866100000000235013e+03 4.349224764155223966e-05
5.867000000000234650e+03 4.329786315793171525e-05
5.867900000000235195e+03 4.398330202093347907e-05
5.868800000000235741e+03 4.477898619370535016e-05
5.869700000000235377e+03 4.521977461990900338e-05
5.870600000000235013e+03 4.527839337242767215e-05
5.871500000000235559e+03 4.500687282416038215e-05
5.872400000000236105e+03 4.458199691725894809e-05
5.873300000000235741e+03 4.443993020686320961e-05
5.874200000000235377e+03 4.473664375836960971e-05
5.875100000000235923e+03 4.491208892432041466e-05
5.876000000000236469e+03 4.469809209695085883e-05
5.876900000000236105e+03 4.437679308466613293e-05
5.877800000000235741e+03 4.407985761645250022e-05
5.878700000000236287e+03 4.364318010630086064e-05
5.879600000000236832e+03 4.306772098061628640e-05
5.880500000000236469e+03 4.298272324376739562e-05
5.881400000000236105e+03 4.353161784820258617e-05
5.882300000000236651e+03 4.378951416583731771e-05
5.883200000000237196e+03 4.337174686952494085e-05
5.884100000000236832e+03 4.303305104258470237e-05
5.885000000000236469e+03 4.328024078859016299e-05
5.885900000000237014e+03 4.356418867246247828e-05
5.886800000000237560e+03 4.304574395064264536e-05
5.887700000000237196e+03 4.078296842635609210e-05
5.888600000000236832e+03 3.606607424444518983e-05
5.889500000000237378e+03 3.129298784187994897e-05
5.890400000000237924e+03 3.113277853117324412e-05
5.891300000000237560e+03 3.522736369632184505e-05
5.892200000000237196e+03 3.882563396473415196e-05
5.893100000000237742e+03 4.013411307823844254e-05
5.894000000000238288e+03 3.926390127162449062e-05
5.894900000000237924e+03 3.591928543755784631e-05
5.895800000000237560e+03 3.317835216876119375e-05
5.896700000000238106e+03 3.489167283987626433e-05
5.897600000000238651e+03 3.885401383740827441e-05
5.898500000000238288e+03 4.108558641746640205e-05
5.899400000000237924e+03 4.180714313406497240e-05
5.900300000000238470e+03 4.254884333931840956e-05
5.901200000000239015e+03 4.322025415604002774e-05
5.902100000000238651e+03 4.344438275438733399e-05
5.903000000000238288e+03 4.351566531113348901e-05
5.903900000000238833e+03 4.354042539489455521e-05
5.904800000000239379e+03 4.327423812355846167e-05
5.905700000000239015e+03 4.298507701605558395e-05
5.906600000000238651e+03 4.315753176342695951e-05
5.907500000000239197e+03 4.363616608316078782e-05
5.908400000000239743e+03 4.388621528050862253e-05
5.909300000000239379e+03 4.378722587716765702e-05
5.910200000000239015e+03 4.385553620522841811e-05
5.911100000000239561e+03 4.419924516696482897e-05
5.912000000000240107e+03 4.412516136653721333e-05
5.912900000000239743e+03 4.320662264944985509e-05
5.913800000000239379e+03 4.207448364468291402e-05
5.914700000000239925e+03 4.171365071670152247e-05
5.915600000000240470e+03 4.202724448987282813e-05
5.916500000000240107e+03 4.261541471350938082e-05
5.917400000000239743e+03 4.323189932620152831e-05
5.918300000000240289e+03 4.354695920483209193e-05
5.919200000000240834e+03 4.383570194477215409e-05
5.920100000000240470e+03 4.409333268995396793e-05
5.921000000000240107e+03 4.386204818729311228e-05
5.921900000000240652e+03 4.343742330092936754e-05
5.922800000000241198e+03 4.345628622104413807e-05
5.923700000000240834e+03 4.380765676614828408e-05
5.924600000000240470e+03 4.409705434227362275e-05
5.925500000000241016e+03 4.430211629369296134e-05
5.926400000000241562e+03 4.429277760209515691e-05
5.927300000000241198e+03 4.393262497615069151e-05
5.928200000000240834e+03 4.337340942583978176e-05
5.929100000000241380e+03 4.268843986210413277e-05
5.930000000000241926e+03 4.242563227307982743e-05
5.930900000000241562e+03 4.318247738410718739e-05
5.931800000000241198e+03 4.415505463839508593e-05
5.932700000000241744e+03 4.427181920618750155e-05
5.933600000000242289e+03 4.346220157458446920e-05
5.934500000000241926e+03 4.271420766599476337e-05
5.935400000000241562e+03 4.302009256207384169e-05
5.936300000000242107e+03 4.380676546134054661e-05
5.937200000000242653e+03 4.418066964717581868e-05
5.938100000000242289e+03 4.436043673194944859e-05
5.939000000000241926e+03 4.445505692274309695e-05
5.939900000000242471e+03 4.397558586788363755e-05
5.940800000000243017e+03 4.318605715525336564e-05
5.941700000000242653e+03 4.295036342227831483e-05
5.942600000000242289e+03 4.330726005719043314e-05
5.943500000000242835e+03 4.376850483822636306e-05
5.944400000000243381e+03 4.422016354510560632e-05
5.945300000000243017e+03 4.464080484467558563e-05
5.946200000000242653e+03 4.472470391192473471e-05
5.947100000000243199e+03 4.411341069499030709e-05
5.948000000000243745e+03 4.299351712688803673e-05
5.948900000000243381e+03 4.242916111252270639e-05
5.949800000000243017e+03 4.304117828723974526e-05
5.950700000000243563e+03 4.382471161079593003e-05
5.951600000000244108e+03 4.355862256488762796e-05
5.952500000000243745e+03 4.272842488717287779e-05
5.953400000000243381e+03 4.278248161426745355e-05
5.954300000000243926e+03 4.355293276603333652e-05
5.955200000000244472e+03 4.368348163552582264e-05
5.956100000000244108e+03 4.303919195081107318e-05
5.957000000000243745e+03 4.264591188984923065e-05
5.957900000000244290e+03 4.295265534892678261e-05
5.958800000000244836e+03 4.356577483122237027e-05
5.959700000000244472e+03 4.418515891302376986e-05
5.960600000000244108e+03 4.464078665478155017e-05
5.961500000000244654e+03 4.482661097426898777e-05
5.962400000000245200e+03 4.477433321881107986e-05
5.963300000000244836e+03 4.464513040147721767e-05
5.964200000000244472e+03 4.439310941961593926e-05
5.965100000000245018e+03 4.392523624119348824e-05
5.966000000000245564e+03 4.376308788778260350e-05
5.966900000000245200e+03 4.420572076924145222e-05
5.967800000000244836e+03 4.467616963665932417e-05
5.968700000000245382e+03 4.488744525588117540e-05
5.969600000000245927e+03 4.505904144025407732e-05
5.970500000000245564e+03 4.520125730778090656e-05
5.971400000000245200e+03 4.518407877185381949e-05
5.972300000000245745e+03 4.507214180193841457e-05
5.973200000000246291e+03 4.493297092267312109e-05
5.974100000000245927e+03 4.454297231859527528e-05
5.975000000000245564e+03 4.382394035928882658e-05
5.975900000000246109e+03 4.314111720304936171e-05
5.976800000000246655e+03 4.286384864826686680e-05
5.977700000000246291e+03 4.300237196730449796e-05
5.978600000000245927e+03 4.343727414379827678e-05
5.979500000000246473e+03 4.411100962897762656e-05
5.980400000000247019e+03 4.462612196221016347e-05
5.981300000000246655e+03 4.463602454052306712e-05
5.982200000000246291e+03 4.406496373121626675e-05
5.983100000000246837e+03 4.287116098566912115e-05
5.984000000000247383e+03 4.186771184322424233e-05
5.984900000000247019e+03 4.215514127281494439e-05
5.985800000000246655e+03 4.314794568927027285e-05
5.986700000000247201e+03 4.360683306003920734e-05
5.987600000000247746e+03 4.370445458334870636e-05
5.988500000000247383e+03 4.402498598210513592e-05
5.989400000000247019e+03 4.434470974956639111e-05
5.990300000000247564e+03 4.417529635247774422e-05
5.991200000000248110e+03 4.375153002911247313e-05
5.992100000000247746e+03 4.390604954096488655e-05
5.993000000000247383e+03 4.463322329684160650e-05
5.993900000000247928e+03 4.512511077336966991e-05
5.994800000000248474e+03 4.502001320361159742e-05
5.995700000000248110e+03 4.447156607056967914e-05
5.996600000000247746e+03 4.370291208033449948e-05
5.997500000000248292e+03 4.315338082960806787e-05
5.998400000000248838e+03 4.320021253079175949e-05
5.999300000000248474e+03 4.363449988886713982e-05
6.000200000000248110e+03 4.405093568493612111e-05
6.001100000000248656e+03 4.402334525366313756e-05
6.002000000000249202e+03 4.338314465712755919e-05
6.002900000000248838e+03 4.296209226595237851e-05
6.003800000000248474e+03 4.338904909673146904e-05
6.004700000000249020e+03 4.385250576888211071e-05
6.005600000000249565e+03 4.365720087662339211e-05
6.006500000000249202e+03 4.290782817406579852e-05
6.007400000000248838e+03 4.188137972960248590e-05
6.008300000000249383e+03 4.160599564784206450e-05
6.009200000000249929e+03 4.277210973668843508e-05
6.010100000000249565e+03 4.417386298882775009e-05
6.011000000000249202e+03 4.444971636985428631e-05
6.011900000000249747e+03 4.366111170384101570e-05
6.012800000000250293e+03 4.279547283658757806e-05
6.013700000000249929e+03 4.281454675947315991e-05
6.014600000000249565e+03 4.339640872785821557e-05
6.015500000000250111e+03 4.338279541116207838e-05
6.016400000000250657e+03 4.289297066861763597e-05
6.017300000000250293e+03 4.298067506169900298e-05
6.018200000000249929e+03 4.337481004768051207e-05
6.019100000000250475e+03 4.306298433220945299e-05
6.020000000000251021e+03 4.238077963236719370e-05
6.020900000000250657e+03 4.225168959237635136e-05
6.021800000000250293e+03 4.267181066097691655e-05
6.022700000000250839e+03 4.305863330955617130e-05
6.023600000000251384e+03 4.311972224968485534e-05
6.024500000000251021e+03 4.342463580542244017e-05
6.025400000000250657e+03 4.401234764372929931e-05
6.026300000000251202e+03 4.408920358400791883e-05
6.027200000000251748e+03 4.400532634463161230e-05
6.028100000000251384e+03 4.441225610207766294e-05
6.029000000000251021e+03 4.483783413888886571e-05
6.029900000000251566e+03 4.479424751480109990e-05
6.030800000000252112e+03 4.460040509002283216e-05
6.031700000000251748e+03 4.474331944948062301e-05
6.032600000000251384e+03 4.507820995058864355e-05
6.033500000000251930e+03 4.520183938439004123e-05
6.034400000000252476e+03 4.512787563726305962e-05
6.035300000000252112e+03 4.505176548263989389e-05
6.036200000000251748e+03 4.504183380049653351e-05
6.037100000000252294e+03 4.510938379098661244e-05
6.038000000000252840e+03 4.507792255026288331e-05
6.038900000000252476e+03 4.479683411773294210e-05
6.039800000000252112e+03 4.455049565876834095e-05
6.040700000000252658e+03 4.451602580957114697e-05
6.041600000000253203e+03 4.448087202035821974e-05
6.042500000000252840e+03 4.468301267479546368e-05
6.043400000000252476e+03 4.520405855146236718e-05
6.044300000000253021e+03 4.552531754598021507e-05
6.045200000000253567e+03 4.556380008580163121e-05
6.046100000000253203e+03 4.559442095342092216e-05
6.047000000000252840e+03 4.563024776871316135e-05
6.047900000000253385e+03 4.551269739749841392e-05
6.048800000000253931e+03 4.539048313745297492e-05
6.049700000000253567e+03 4.549528966890648007e-05
6.050600000000253203e+03 4.560894740279763937e-05
6.051500000000253749e+03 4.544691182672977448e-05
6.052400000000254295e+03 4.508790516410954297e-05
6.053300000000253931e+03 4.475933019421063364e-05
6.054200000000253567e+03 4.458135299501009285e-05
6.055100000000254113e+03 4.429084583534859121e-05
6.056000000000254659e+03 4.394839197630062699e-05
6.056900000000254295e+03 4.399162571644410491e-05
6.057800000000253931e+03 4.437474490259774029e-05
6.058700000000254477e+03 4.489046477829106152e-05
6.059600000000255022e+03 4.530336445895954967e-05
6.060500000000254659e+03 4.540814188658259809e-05
6.061400000000254295e+03 4.513728345045819879e-05
6.062300000000254840e+03 4.458492912817746401e-05
6.063200000000255386e+03 4.400495163281448185e-05
6.064100000000255022e+03 4.316222839406691492e-05
6.065000000000254659e+03 4.234319567331112921e-05
6.065900000000255204e+03 4.285552495275624096e-05
6.066800000000255750e+03 4.445231752470135689e-05
6.067700000000255386e+03 4.558232831186614931e-05
6.068600000000255022e+03 4.586758586810901761e-05
6.069500000000255568e+03 4.584592534229159355e-05
6.070400000000256114e+03 4.585483111441135406e-05
6.071300000000255750e+03 4.589950913214124739e-05
6.072200000000255386e+03 4.593260382534936070e-05
6.073100000000255932e+03 4.593633275362662971e-05
6.074000000000256478e+03 4.591852120938710868e-05
6.074900000000256114e+03 4.582504698191769421e-05
6.075800000000255750e+03 4.558519867714494467e-05
6.076700000000256296e+03 4.511007864493876696e-05
6.077600000000256841e+03 4.425171937327831984e-05
6.078500000000256478e+03 4.355511555331759155e-05
6.079400000000256114e+03 4.375090793473646045e-05
6.080300000000256659e+03 4.413297574501484632e-05
6.081200000000257205e+03 4.382801125757396221e-05
6.082100000000256841e+03 4.343851105659268796e-05
6.083000000000256478e+03 4.369485759525559843e-05
6.083900000000257023e+03 4.402463673613965511e-05
6.084800000000257569e+03 4.382493352750316262e-05
6.085700000000257205e+03 4.366820576251484454e-05
6.086600000000256841e+03 4.401439582579769194e-05
6.087500000000257387e+03 4.449089465197175741e-05
6.088400000000257933e+03 4.444349178811535239e-05
6.089300000000257569e+03 4.368257577880285680e-05
6.090200000000257205e+03 4.306276241550222039e-05
6.091100000000257751e+03 4.319189611123874784e-05
6.092000000000258296e+03 4.349246228230185807e-05
6.092900000000257933e+03 4.363096377346664667e-05
6.093800000000257569e+03 4.410778274177573621e-05
6.094700000000258115e+03 4.486333273234777153e-05
6.095600000000258660e+03 4.503134186961688101e-05
6.096500000000258296e+03 4.455370799405500293e-05
6.097400000000257933e+03 4.433107460499741137e-05
6.098300000000258478e+03 4.469023770070634782e-05
6.099200000000259024e+03 4.523673487710766494e-05
6.100100000000258660e+03 4.526030534179881215e-05
6.101000000000258296e+03 4.384942076285369694e-05
6.101900000000258842e+03 4.119153163628652692e-05
6.102800000000259388e+03 3.986186493420973420e-05
6.103700000000259024e+03 4.145182901993393898e-05
6.104600000000258660e+03 4.376304787001572549e-05
6.105500000000259206e+03 4.476514368434436619e-05
6.106400000000259752e+03 4.464210360310971737e-05
6.107300000000259388e+03 4.411459303810261190e-05
6.108200000000259024e+03 4.405403888085857034e-05
6.109100000000259570e+03 4.460971467779017985e-05
6.110000000000260115e+03 4.476229514693841338e-05
6.110900000000259752e+03 4.427725798450410366e-05
6.111800000000259388e+03 4.415594958118163049e-05
6.112700000000259934e+03 4.470899875741451979e-05
6.113600000000260479e+03 4.527812779997475445e-05
6.114500000000260115e+03 4.531596277956850827e-05
6.115400000000259752e+03 4.468591941986232996e-05
6.116300000000260297e+03 4.413468923303298652e-05
6.117200000000260843e+03 4.441327473614364862e-05
6.118100000000260479e+03 4.470688509172759950e-05
6.119000000000260115e+03 4.414733848534524441e-05
6.119900000000260661e+03 4.317019556765444577e-05
6.120800000000261207e+03 4.197505040792748332e-05
6.121700000000260843e+03 4.079365317011252046e-05
6.122600000000260479e+03 4.120376252103596926e-05
6.123500000000261025e+03 4.320660809753462672e-05
6.124400000000261571e+03 4.448736217455007136e-05
6.125300000000261207e+03 4.433923459146171808e-05
6.126200000000260843e+03 4.382053884910419583e-05
6.127100000000261389e+03 4.342577085481025279e-05
6.128000000000261934e+03 4.321763481129892170e-05
6.128900000000261571e+03 4.352464020485058427e-05
6.129800000000261207e+03 4.426816667546518147e-05
6.130700000000261753e+03 4.479244671529158950e-05
6.131600000000262298e+03 4.484350210987031460e-05
6.132500000000261934e+03 4.482392250793054700e-05
6.133400000000261571e+03 4.465584061108529568e-05
6.134300000000262116e+03 4.379174424684606493e-05
6.135200000000262662e+03 4.195069050183519721e-05
6.136100000000262298e+03 3.933134576072916389e-05
6.137000000000261934e+03 3.780726547120139003e-05
6.137900000000262480e+03 3.939672023989260197e-05
6.138800000000263026e+03 4.264184462954290211e-05
6.139700000000262662e+03 4.439305484993383288e-05
6.140600000000262298e+03 4.367035217001102865e-05
6.141500000000262844e+03 4.231204002280719578e-05
6.142400000000263390e+03 4.255253588780760765e-05
6.143300000000263026e+03 4.406152947922237217e-05
6.144200000000262662e+03 4.506974437390454113e-05
6.145100000000263208e+03 4.514840111369267106e-05
6.146000000000263753e+03 4.493652886594645679e-05
6.146900000000263390e+03 4.455832458916120231e-05
6.147800000000263026e+03 4.383635678095743060e-05
6.148700000000263572e+03 4.308915958972647786e-05
6.149600000000264117e+03 4.274097227607853711e-05
6.150500000000263753e+03 4.296003680792637169e-05
6.151400000000263390e+03 4.357070793048478663e-05
6.152300000000263935e+03 4.417875607032328844e-05
6.153200000000264481e+03 4.419025572133250535e-05
6.154100000000264117e+03 4.346553760115057230e-05
6.155000000000263753e+03 4.297986379242502153e-05
6.155900000000264299e+03 4.320800508139654994e-05
6.156800000000264845e+03 4.336946949479170144e-05
6.157700000000264481e+03 4.318361970945261419e-05
6.158600000000264117e+03 4.301346780266612768e-05
6.159500000000264663e+03 4.233328581904061139e-05
6.160400000000265209e+03 4.027523391414433718e-05
6.161300000000264845e+03 3.761636253329925239e-05
6.162200000000264481e+03 3.645112519734539092e-05
6.163100000000265027e+03 3.748125163838267326e-05
6.164000000000265572e+03 3.945485514122992754e-05
6.164900000000265209e+03 4.083825842826627195e-05
6.165800000000264845e+03 4.133791662752628326e-05
6.166700000000265391e+03 4.179538154858164489e-05
6.167600000000265936e+03 4.179131428827531636e-05
6.168500000000265572e+03 4.025002999696880579e-05
6.169400000000265209e+03 3.858019408653490245e-05
6.170300000000265754e+03 3.908098733518272638e-05
6.171200000000266300e+03 4.111739690415561199e-05
6.172100000000265936e+03 4.227501267450861633e-05
6.173000000000265572e+03 4.212802377878688276e-05
6.173900000000266118e+03 4.198512760922312737e-05
6.174800000000266664e+03 4.212244311929680407e-05
6.175700000000266300e+03 4.201458796160295606e-05
6.176600000000265936e+03 4.185787838650867343e-05
6.177500000000266482e+03 4.226843884680420160e-05
6.178400000000267028e+03 4.289317803340964019e-05
6.179300000000266664e+03 4.288163472665473819e-05
6.180200000000266300e+03 4.267279291525483131e-05
6.181100000000266846e+03 4.301902663428336382e-05
6.182000000000267391e+03 4.345734123489819467e-05
6.182900000000267028e+03 4.345243723946623504e-05
6.183800000000266664e+03 4.329153671278618276e-05
6.184700000000267210e+03 4.308195639168843627e-05
6.185600000000267755e+03 4.247462129569612443e-05
6.186500000000267391e+03 4.171784166828729212e-05
6.187400000000267028e+03 4.134812115808017552e-05
6.188300000000267573e+03 4.138579242862761021e-05
6.189200000000268119e+03 4.136172719881869853e-05
6.190100000000267755e+03 4.036836617160588503e-05
6.191000000000267391e+03 3.883450699504464865e-05
6.191900000000267937e+03 3.895936606568284333e-05
6.192800000000268483e+03 4.083474050275981426e-05
6.193700000000268119e+03 4.230107879266142845e-05
6.194600000000267755e+03 4.270895078661851585e-05
6.195500000000268301e+03 4.286362673155963421e-05
6.196400000000268847e+03 4.316677950555458665e-05
6.197300000000268483e+03 4.319415893405675888e-05
6.198200000000268119e+03 4.245836680638603866e-05
6.199100000000268665e+03 4.128361251787282526e-05
6.200000000000269210e+03 4.080654252902604640e-05
6.200900000000268847e+03 4.154497946728952229e-05
6.201800000000268483e+03 4.265875759301707149e-05
6.202700000000269029e+03 4.322994209360331297e-05
6.203600000000269574e+03 4.317691491451114416e-05
6.204500000000269210e+03 4.297749183024279773e-05
6.205400000000268847e+03 4.304582034819759429e-05
6.206300000000269392e+03 4.324396650190465152e-05
6.207200000000269938e+03 4.334526238380931318e-05
6.208100000000269574e+03 4.331884338171221316e-05
6.209000000000269210e+03 4.313015233492478728e-05
6.209900000000269756e+03 4.279528729966841638e-05
6.210800000000270302e+03 4.252749567967839539e-05
6.211700000000269938e+03 4.215887747704982758e-05
6.212600000000269574e+03 4.113145041628740728e-05
6.213500000000270120e+03 3.987817763118073344e-05
6.214400000000270666e+03 3.929635568056255579e-05
6.215300000000270302e+03 3.938256122637540102e-05
6.216200000000269938e+03 4.009109761682339013e-05
6.217100000000270484e+03 4.112388342036865652e-05
6.218000000000271029e+03 4.136855204706080258e-05
6.218900000000270666e+03 4.055819226778112352e-05
6.219800000000270302e+03 3.989150354755111039e-05
6.220700000000270848e+03 4.011641431134194136e-05
6.221600000000271393e+03 4.081652878085151315e-05
6.222500000000271029e+03 4.130774323130026460e-05
6.223400000000270666e+03 4.124938641325570643e-05
6.224300000000271211e+03 4.108375651412643492e-05
6.225200000000271757e+03 4.131573587073944509e-05
6.226100000000271393e+03 4.159233867540024221e-05
6.227000000000271029e+03 4.166601866018027067e-05
6.227900000000271575e+03 4.155427814112044871e-05
6.228800000000272121e+03 4.071581133757717907e-05
6.229700000000271757e+03 3.909939550794661045e-05
6.230600000000271393e+03 3.800116974161937833e-05
6.231500000000271939e+03 3.840361750917509198e-05
6.232400000000272485e+03 3.949898018618114293e-05
6.233300000000272121e+03 4.069053829880431294e-05
6.234200000000271757e+03 4.197824091534130275e-05
6.235100000000272303e+03 4.268015618436038494e-05
6.236000000000272848e+03 4.249463381711393595e-05
6.236900000000272485e+03 4.182271368335932493e-05
6.237800000000272121e+03 4.110203735763207078e-05
6.238700000000272667e+03 4.044784509460441768e-05
6.239600000000273212e+03 3.993308928329497576e-05
6.240500000000272848e+03 4.006498056696727872e-05
6.241400000000272485e+03 4.048119080835022032e-05
6.242300000000273030e+03 4.004997026640921831e-05
6.243200000000273576e+03 3.937419751309789717e-05
6.244100000000273212e+03 3.948207449866458774e-05
6.245000000000272848e+03 3.968461533077061176e-05
6.245900000000273394e+03 3.964300776715390384e-05
6.246800000000273940e+03 4.018456093035638332e-05
6.247700000000273576e+03 4.127587089897133410e-05
6.248600000000273212e+03 4.199540126137435436e-05
6.249500000000273758e+03 4.212718340568244457e-05
6.250400000000274304e+03 4.173445995547808707e-05
6.251300000000273940e+03 4.057726982864551246e-05
6.252200000000273576e+03 3.927480793208815157e-05
6.253100000000274122e+03 3.881738302879966795e-05
6.254000000000274667e+03 3.911632302333600819e-05
6.254900000000274304e+03 3.950914469896815717e-05
6.255800000000273940e+03 3.935647691832855344e-05
6.256700000000274486e+03 3.868478233925998211e-05
6.257600000000275031e+03 3.801153070526197553e-05
6.258500000000274667e+03 3.809906047536060214e-05
6.259400000000274304e+03 3.929212834918871522e-05
6.260300000000274849e+03 4.038418774143792689e-05
6.261200000000275395e+03 4.089379581273533404e-05
6.262100000000275031e+03 4.166234066360630095e-05
6.263000000000274667e+03 4.239789268467575312e-05
6.263900000000275213e+03 4.206668018014170229e-05
6.264800000000275759e+03 4.105124025954864919e-05
6.265700000000275395e+03 4.083102976437658072e-05
6.266600000000275031e+03 4.152104156673885882e-05
6.267500000000275577e+03 4.189165338175371289e-05
6.268400000000276123e+03 4.159813397563993931e-05
6.269300000000275759e+03 4.125937266508117318e-05
6.270200000000275395e+03 4.124192855670116842e-05
6.271100000000275941e+03 4.155676651862449944e-05
6.272000000000276486e+03 4.203989738016389310e-05
6.272900000000276123e+03 4.226454984745942056e-05
6.273800000000275759e+03 4.209424878354184330e-05
6.274700000000276304e+03 4.198802707833237946e-05
6.275600000000276850e+03 4.212584462948143482e-05
6.276500000000276486e+03 4.222557254252023995e-05
6.277400000000276123e+03 4.221868948661722243e-05
6.278300000000276668e+03 4.204746437608264387e-05
6.279200000000277214e+03 4.140543751418590546e-05
6.280100000000276850e+03 4.067123882123269141e-05
6.281000000000276486e+03 4.071869989275000989e-05
6.281900000000277032e+03 4.138565782341174781e-05
6.282800000000277578e+03 4.206443554721772671e-05
6.283700000000277214e+03 4.249635821906849742e-05
6.284600000000276850e+03 4.245047966833226383e-05
6.285500000000277396e+03 4.236353197484277189e-05
6.286400000000277942e+03 4.271992293070070446e-05
6.287300000000277578e+03 4.323727262089960277e-05
6.288200000000277214e+03 4.356991121312603354e-05
6.289100000000277760e+03 4.346136483945883811e-05
6.290000000000278305e+03 4.283504677005112171e-05
6.290900000000277942e+03 4.219203037791885436e-05
6.291800000000277578e+03 4.191865809843875468e-05
6.292700000000278123e+03 4.193630229565314949e-05
6.293600000000278669e+03 4.224294025334529579e-05
6.294500000000278305e+03 4.245206582709215581e-05
6.295400000000277942e+03 4.193887434666976333e-05
6.296300000000278487e+03 4.100791920791380107e-05
6.297200000000279033e+03 4.059682396473363042e-05
6.298100000000278669e+03 4.102313687326386571e-05
6.299000000000278305e+03 4.165414429735392332e-05
6.299900000000278851e+03 4.157845614827238023e-05
6.300800000000279397e+03 4.069964052177965641e-05
6.301700000000279033e+03 4.003148205811157823e-05
6.302600000000278669e+03 4.044549859827384353e-05
6.303500000000279215e+03 4.146543869865126908e-05
6.304400000000279761e+03 4.203476419206708670e-05
6.305300000000279397e+03 4.208566679153591394e-05
6.306200000000279033e+03 4.246878961566835642e-05
6.307100000000279579e+03 4.318317951401695609e-05
6.308000000000280124e+03 4.351700408733449876e-05
6.308900000000279761e+03 4.326778071117587388e-05
6.309800000000279397e+03 4.264413291821256280e-05
6.310700000000279942e+03 4.201436968287453055e-05
6.311600000000280488e+03 4.180564428679645061e-05
6.312500000000280124e+03 4.209416511002928019e-05
6.313400000000279761e+03 4.208166865282692015e-05
6.314300000000280306e+03 4.122105747228488326e-05
6.315200000000280852e+03 4.065101529704406857e-05
6.316100000000280488e+03 4.100931619177572429e-05
6.317000000000280124e+03 4.092745439265854657e-05
6.317900000000280670e+03 4.011843702755868435e-05
6.318800000000281216e+03 4.014635851490311325e-05
6.319700000000280852e+03 4.121147867408581078e-05
6.320600000000280488e+03 4.197547605144791305e-05
6.321500000000281034e+03 4.191234256722964346e-05
6.322400000000281580e+03 4.174820787739008665e-05
6.323300000000281216e+03 4.218145841150544584e-05
6.324200000000280852e+03 4.278213600628077984e-05
6.325100000000281398e+03 4.300637738197110593e-05
6.326000000000281943e+03 4.291568257031030953e-05
6.326900000000281580e+03 4.271341458661481738e-05
6.327800000000281216e+03 4.279879794921725988e-05
6.328700000000281761e+03 4.299523061490617692e-05
6.329600000000282307e+03 4.272109435987658799e-05
6.330500000000281943e+03 4.247987453709356487e-05
6.331400000000281580e+03 4.288077980163507164e-05
6.332300000000282125e+03 4.351059033069759607e-05
6.333200000000282671e+03 4.361166065791621804e-05
6.334100000000282307e+03 4.256711326888762414e-05
6.335000000000281943e+03 4.086124317836947739e-05
6.335900000000282489e+03 4.003756112069822848e-05
6.336800000000283035e+03 4.063951928401365876e-05
6.337700000000282671e+03 4.160192838753573596e-05
6.338600000000282307e+03 4.202993659419007599e-05
6.339500000000282853e+03 4.244287993060424924e-05
6.340400000000283399e+03 4.312701639719307423e-05
6.341300000000283035e+03 4.335956327849999070e-05
6.342200000000282671e+03 4.280299981473945081e-05
6.343100000000283217e+03 4.177796290605328977e-05
6.344000000000283762e+03 4.111463204026222229e-05
6.344900000000283399e+03 4.145700950175523758e-05
6.345800000000283035e+03 4.217736932332627475e-05
6.346700000000283580e+03 4.254095983924344182e-05
6.347600000000284126e+03 4.280628127162344754e-05
6.348500000000283762e+03 4.313380122766830027e-05
6.349400000000283399e+03 4.326724592829123139e-05
6.350300000000283944e+03 4.321355299907736480e-05
6.351200000000284490e+03 4.317844286561012268e-05
6.352100000000284126e+03 4.307083509047515690e-05
6.353000000000283762e+03 4.261650610715150833e-05
6.353900000000284308e+03 4.178239032626152039e-05
6.354800000000284854e+03 4.121456368011422455e-05
6.355700000000284490e+03 4.151194298174232244e-05
6.356600000000284126e+03 4.186064688838087022e-05
6.357500000000284672e+03 4.123323378735221922e-05
6.358400000000285218e+03 4.026930400868877769e-05
6.359300000000284854e+03 4.010417251265607774e-05
6.360200000000284490e+03 4.045688910991884768e-05
6.361100000000285036e+03 4.039406849187798798e-05
6.362000000000285581e+03 4.002936111646704376e-05
6.362900000000285218e+03 4.003672074759379029e-05
6.363800000000284854e+03 4.051259020343422890e-05
6.364700000000285399e+03 4.110833833692595363e-05
6.365600000000285945e+03 4.157262810622341931e-05
6.366500000000285581e+03 4.203154094284400344e-05
6.367400000000285218e+03 4.264708695700392127e-05
6.368300000000285763e+03 4.301589069655165076e-05
6.369200000000286309e+03 4.286369585315696895e-05
6.370100000000285945e+03 4.258286571712233126e-05
6.371000000000285581e+03 4.266911855665966868e-05
6.371900000000286127e+03 4.315522164688445628e-05
6.372800000000286673e+03 4.357490252004936337e-05
6.373700000000286309e+03 4.359292142908088863e-05
6.374600000000285945e+03 4.341154999565333128e-05
6.375500000000286491e+03 4.338172584539279342e-05
6.376400000000287037e+03 4.341102612670511007e-05
6.377300000000286673e+03 4.307809649617411196e-05
6.378200000000286309e+03 4.250828351359814405e-05
6.379100000000286855e+03 4.222600182401947677e-05
6.380000000000287400e+03 4.216542583890259266e-05
6.380900000000287037e+03 4.224114672979339957e-05
6.381800000000286673e+03 4.265357347321696579e-05
6.382700000000287218e+03 4.302224260754883289e-05
6.383600000000287764e+03 4.286455805413424969e-05
6.384500000000287400e+03 4.257332329871132970e-05
6.385400000000287037e+03 4.269276905688457191e-05
6.386300000000287582e+03 4.303139212424866855e-05
6.387200000000288128e+03 4.316261765779927373e-05
6.388100000000287764e+03 4.309098585508763790e-05
6.389000000000287400e+03 4.307969356887042522e-05
6.389900000000287946e+03 4.315469777793623507e-05
6.390800000000288492e+03 4.300160435377620161e-05
6.391700000000288128e+03 4.215448279865086079e-05
6.392600000000287764e+03 4.070085560670122504e-05
6.393500000000288310e+03 4.001315755886025727e-05
6.394400000000288856e+03 4.102268576389178634e-05
6.395300000000288492e+03 4.260408604750409722e-05
6.396200000000288128e+03 4.357070793048478663e-05
6.397100000000288674e+03 4.383685518405400217e-05
6.398000000000289219e+03 4.325644476921297610e-05
6.398900000000288856e+03 4.144699050812050700e-05
6.399800000000288492e+03 3.966930307797156274e-05
6.400700000000289037e+03 4.022890789201483130e-05
6.401600000000289583e+03 4.240006819600239396e-05
6.402500000000289219e+03 4.379958409117534757e-05
6.403400000000288856e+03 4.414307477418333292e-05
6.404300000000289401e+03 4.408253153087571263e-05
6.405200000000289947e+03 4.380933023639954627e-05
6.406100000000289583e+03 4.320918014855124056e-05
6.407000000000289219e+03 4.223168798489496112e-05
6.407900000000289765e+03 4.170915053691715002e-05
6.408800000000290311e+03 4.239889312884770334e-05
6.409700000000289947e+03 4.308671122998930514e-05
6.410600000000289583e+03 4.244319643476046622e-05
6.411500000000290129e+03 4.149108281126245856e-05
6.412400000000290675e+03 4.162148616160266101e-05
6.413300000000290311e+03 4.226181408739648759e-05
6.414200000000289947e+03 4.257908949512057006e-05
6.415100000000290493e+03 4.280754001229070127e-05
6.416000000000291038e+03 4.308059214963577688e-05
6.416900000000290675e+03 4.311753218644298613e-05
6.417800000000290311e+03 4.288907439331524074e-05
6.418700000000290856e+03 4.231255297781899571e-05
6.419600000000291402e+03 4.128930231672711670e-05
6.420500000000291038e+03 4.046459434903226793e-05
6.421400000000290675e+03 4.084061947651207447e-05
6.422300000000291220e+03 4.237057873979210854e-05
6.423200000000291766e+03 4.361052197054959834e-05
6.424100000000291402e+03 4.374637865112163126e-05
6.425000000000291038e+03 4.352305768406949937e-05
6.425900000000291584e+03 4.364780033938586712e-05
6.426800000000292130e+03 4.396208169055171311e-05
6.427700000000291766e+03 4.404227365739643574e-05
6.428600000000291402e+03 4.353870826889760792e-05
6.429500000000291948e+03 4.226158853271044791e-05
6.430400000000292493e+03 4.088338391738943756e-05
6.431300000000292130e+03 4.075823380844667554e-05
6.432200000000291766e+03 4.182726115686818957e-05
6.433100000000292312e+03 4.281736983102746308e-05
6.434000000000292857e+03 4.334622644819319248e-05
6.434900000000292493e+03 4.367268047644756734e-05
6.435800000000292130e+03 4.387825174489989877e-05
6.436700000000292675e+03 4.363818879937753081e-05
6.437600000000293221e+03 4.245136369718238711e-05
6.438500000000292857e+03 4.096120028407312930e-05
6.439400000000292493e+03 4.100580190424807370e-05
6.440300000000293039e+03 4.267896656529046595e-05
6.441200000000293585e+03 4.415172588778659701e-05
6.442100000000293221e+03 4.459815318114124238e-05
6.443000000000292857e+03 4.451160202734172344e-05
6.443900000000293403e+03 4.438748874235898256e-05
6.444800000000293949e+03 4.439047188498079777e-05
6.445700000000293585e+03 4.452154826140031219e-05
6.446600000000293221e+03 4.451315544429235160e-05
6.447500000000293767e+03 4.383050691103562713e-05
6.448400000000294312e+03 4.196267400402575731e-05
6.449300000000293949e+03 3.967139491578564048e-05
6.450200000000293585e+03 3.914308763341978192e-05
6.451100000000294131e+03 4.079432255821302533e-05
6.452000000000294676e+03 4.271634679753333330e-05
6.452900000000294312e+03 4.375437492853961885e-05
6.453800000000293949e+03 4.374361378722824156e-05
6.454700000000294494e+03 4.281588917365297675e-05
6.455600000000295040e+03 4.190707477391697466e-05
6.456500000000294676e+03 4.209542021271772683e-05
6.457400000000294312e+03 4.316963168093934655e-05
6.458300000000294858e+03 4.412532871356233954e-05
6.459200000000295404e+03 4.456534952623769641e-05
6.460100000000295040e+03 4.438297401065938175e-05
6.461000000000294676e+03 4.302454181015491486e-05
6.461900000000295222e+03 4.076513505424372852e-05
6.462800000000295768e+03 3.978792665293440223e-05
6.463700000000295404e+03 4.109285146114416420e-05
6.464600000000295040e+03 4.280663051758892834e-05
6.465500000000295586e+03 4.366976281744427979e-05
6.466400000000296131e+03 4.400774923851713538e-05
6.467300000000295768e+03 4.410634210216812789e-05
6.468200000000295404e+03 4.384859494166448712e-05
6.469100000000295950e+03 4.337010614108294249e-05
6.470000000000296495e+03 4.293206802685745060e-05
6.470900000000296131e+03 4.244637239025905728e-05
6.471800000000295768e+03 4.233215440763160586e-05
6.472700000000296313e+03 4.285294562578201294e-05
6.473600000000296859e+03 4.311071097617968917e-05
6.474500000000296495e+03 4.272252772352658212e-05
6.475400000000296131e+03 4.248075856594368815e-05
6.476300000000296677e+03 4.290646756999194622e-05
6.477200000000297223e+03 4.342485408415086567e-05
6.478100000000296859e+03 4.348525544628500938e-05
6.479000000000296495e+03 4.336022902862168849e-05
6.479900000000297041e+03 4.303798414184711874e-05
6.480800000000297587e+03 4.207078745821490884e-05
6.481700000000297223e+03 4.087524575879797339e-05
6.482600000000296859e+03 4.054089004057459533e-05
6.483500000000297405e+03 4.123634062125347555e-05
6.484400000000297950e+03 4.211700070300139487e-05
6.485300000000297587e+03 4.262302172719500959e-05
6.486200000000297223e+03 4.284508759155869484e-05
6.487100000000297769e+03 4.299206193536520004e-05
6.488000000000298314e+03 4.301880835555493832e-05
6.488900000000297950e+03 4.277883635950274765e-05
6.489800000000297587e+03 4.232563514960929751e-05
6.490700000000298132e+03 4.194744906271807849e-05
6.491600000000298678e+03 4.166028520558029413e-05
6.492500000000298314e+03 4.073655145475640893e-05
6.493400000000297950e+03 3.863870369968935847e-05
6.494300000000298496e+03 3.656063199741765857e-05
6.495200000000299042e+03 3.599297269829548895e-05
6.496100000000298678e+03 3.665209806058555841e-05
6.497000000000298314e+03 3.777358506340533495e-05
6.497900000000298860e+03 3.881843804265372455e-05
6.498800000000299406e+03 3.927864599972963333e-05
6.499700000000299042e+03 3.981094050686806440e-05
6.500600000000298678e+03 4.082267696503549814e-05
6.501500000000299224e+03 4.167496081208810210e-05
6.502400000000299769e+03 4.215670560370199382e-05
6.503300000000299406e+03 4.238503970555029809e-05
6.504200000000299042e+03 4.254058512742631137e-05
6.505100000000299588e+03 4.277957486920058727e-05
6.506000000000300133e+03 4.292821540730074048e-05
6.506900000000299769e+03 4.272185105946846306e-05
6.507800000000299406e+03 4.229502883390523493e-05
6.508700000000299951e+03 4.214938599034212530e-05
6.509600000000300497e+03 4.247167089488357306e-05
6.510500000000300133e+03 4.286592229618690908e-05
6.511400000000299769e+03 4.296137194614857435e-05
6.512300000000300315e+03 4.287030606064945459e-05
6.513200000000300861e+03 4.278348205843940377e-05
6.514100000000300497e+03 4.251602513249963522e-05
6.515000000000300133e+03 4.202787749818526208e-05
6.515900000000300679e+03 4.165352947893552482e-05
6.516800000000301225e+03 4.146917854086495936e-05
6.517700000000300861e+03 4.122535756323486567e-05
6.518600000000300497e+03 4.117846765439026058e-05
6.519500000000301043e+03 4.178637391305528581e-05
6.520400000000301588e+03 4.257244654581882060e-05
6.521300000000301225e+03 4.290756987757049501e-05
6.522200000000300861e+03 4.289451317163184285e-05
6.523100000000301407e+03 4.290292781661264598e-05
6.524000000000301952e+03 4.304181493353098631e-05
6.524900000000301588e+03 4.299091233406215906e-05
6.525800000000301225e+03 4.242363866069354117e-05
6.526700000000301770e+03 4.180115865892730653e-05
6.527600000000302316e+03 4.184104909654706717e-05
6.528500000000301952e+03 4.241375063429586589e-05
6.529400000000301588e+03 4.285163959139026701e-05
6.530300000000302134e+03 4.278812411939725280e-05
6.531200000000302680e+03 4.233299478073604405e-05
6.532100000000302316e+03 4.186783553450368345e-05
6.533000000000301952e+03 4.173829802311956882e-05
6.533900000000302498e+03 4.210562110529281199e-05
6.534800000000303044e+03 4.271288707968778908e-05
6.535700000000302680e+03 4.302111847209744155e-05
6.536600000000302316e+03 4.283272210159339011e-05
6.537500000000302862e+03 4.260169953340664506e-05
6.538400000000303407e+03 4.279312997823581100e-05
6.539300000000303044e+03 4.319396612117998302e-05
6.540200000000302680e+03 4.331625677878037095e-05
6.541100000000303226e+03 4.301836816011928022e-05
6.542000000000303771e+03 4.251800419297069311e-05
6.542900000000303407e+03 4.213008651277050376e-05
6.543800000000303044e+03 4.189784522168338299e-05
6.544700000000303589e+03 4.136169445700943470e-05
6.545600000000304135e+03 4.039978375658392906e-05
6.546500000000303771e+03 4.004050788353197277e-05
6.547400000000303407e+03 4.075542528880760074e-05
6.548300000000303953e+03 4.156272552791051567e-05
6.549200000000304499e+03 4.175389040028676391e-05
6.550100000000304135e+03 4.144692502450197935e-05
6.551000000000303771e+03 4.105915286345407367e-05
6.551900000000304317e+03 4.091461960342712700e-05
6.552800000000304863e+03 4.076612094650045037e-05
6.553700000000304499e+03 4.023485598736442626e-05
6.554600000000304135e+03 3.949623351218178868e-05
6.555500000000304681e+03 3.908867802238091826e-05
6.556400000000305226e+03 3.932747131329961121e-05
6.557300000000304863e+03 3.982424095738679171e-05
6.558200000000304499e+03 3.994289727415889502e-05
6.559100000000305045e+03 3.951690086978487670e-05
6.560000000000305590e+03 3.829467823379673064e-05
6.560900000000305226e+03 3.487421417958103120e-05
6.561800000000304863e+03 2.888706876547075808e-05
6.562700000000305408e+03 2.491001396265346557e-05
6.563600000000305954e+03 2.751460306171793491e-05
6.564500000000305590e+03 3.361105700605548918e-05
6.565400000000305226e+03 3.783791908062994480e-05
6.566300000000305772e+03 3.957905937568284571e-05
6.567200000000306318e+03 4.019193511339835823e-05
6.568100000000305954e+03 4.002025525551289320e-05
6.569000000000305590e+03 3.958218803745694458e-05
6.569900000000306136e+03 3.973393177147954702e-05
6.570800000000306682e+03 4.015877857455052435e-05
6.571700000000306318e+03 4.000279659521766007e-05
6.572600000000305954e+03 3.939218004234135151e-05
6.573500000000306500e+03 3.896668204106390476e-05
6.574400000000307045e+03 3.899426155840046704e-05
6.575300000000306682e+03 3.970000761910341680e-05
6.576200000000306318e+03 4.088548303116112947e-05
6.577100000000306864e+03 4.175602589384652674e-05
6.578000000000307409e+03 4.201459887553937733e-05
6.578900000000307045e+03 4.182370321359485388e-05
6.579800000000306682e+03 4.129720400669611990e-05
6.580700000000307227e+03 4.085046020918525755e-05
6.581600000000307773e+03 4.102774255443364382e-05
6.582500000000307409e+03 4.161059769103303552e-05
6.583400000000307045e+03 4.197845919406972826e-05
6.584300000000307591e+03 4.194984649075195193e-05
6.585200000000308137e+03 4.165348218521103263e-05
6.586100000000307773e+03 4.145248021814040840e-05
6.587000000000307409e+03 4.175305002718232572e-05
6.587900000000307955e+03 4.225890006637200713e-05
6.588800000000308501e+03 4.248303957865573466e-05
6.589700000000308137e+03 4.246256867190822959e-05
6.590600000000307773e+03 4.206541780149564147e-05
6.591500000000308319e+03 4.080182043253444135e-05
6.592400000000308864e+03 3.897102214978076518e-05
6.593300000000308501e+03 3.811448186752386391e-05
6.594200000000308137e+03 3.912195097655057907e-05
6.595100000000308683e+03 4.074992466485127807e-05
6.596000000000309228e+03 4.154687849222682416e-05
6.596900000000308864e+03 4.138367148698307574e-05
6.597800000000308501e+03 4.084438114659860730e-05
6.598700000000309046e+03 4.072620140505023301e-05
6.599600000000309592e+03 4.135040217079222202e-05
6.600500000000309228e+03 4.214583896100521088e-05
6.601400000000308864e+03 4.250031634001061320e-05
6.602300000000309410e+03 4.241048009134829044e-05
6.603200000000309956e+03 4.205200093565508723e-05
6.604100000000309592e+03 4.153287591179832816e-05
6.605000000000309228e+03 4.114104376640170813e-05
6.605900000000309774e+03 4.104475010535679758e-05
6.606800000000310320e+03 4.093781171832233667e-05
6.607700000000309956e+03 4.045734749524854124e-05
6.608600000000309592e+03 3.985025614383630455e-05
6.609500000000310138e+03 4.003888534498400986e-05
6.610400000000310683e+03 4.118565630051307380e-05
6.611300000000310320e+03 4.215056105749681592e-05
6.612200000000309956e+03 4.218389585730619729e-05
6.613100000000310501e+03 4.173214620095677674e-05
6.614000000000311047e+03 4.167408769717440009e-05
6.614900000000310683e+03 4.213883948978036642e-05
6.615800000000310320e+03 4.243875446263700724e-05
6.616700000000310865e+03 4.232507126289419830e-05
6.617600000000311411e+03 4.214943692204542458e-05
6.618500000000311047e+03 4.217185778543353081e-05
6.619400000000310683e+03 4.234440348227508366e-05
6.620300000000311229e+03 4.248252662364393473e-05
6.621200000000311775e+03 4.246046228217892349e-05
6.622100000000311411e+03 4.220387927489355206e-05
6.623000000000311047e+03 4.164379060966894031e-05
6.623900000000311593e+03 4.088877903996035457e-05
6.624800000000312139e+03 4.051635914947837591e-05
6.625700000000311775e+03 4.089299181941896677e-05
6.626600000000311411e+03 4.140015880693681538e-05
6.627500000000311957e+03 4.154871930950321257e-05
6.628400000000312502e+03 4.152291512582451105e-05
6.629300000000312139e+03 4.144932609051465988e-05
6.630200000000311775e+03 4.138833537581376731e-05
6.631100000000312320e+03 4.125962004764005542e-05
6.632000000000312866e+03 4.080605503986589611e-05
6.632900000000312502e+03 4.003505455330014229e-05
6.633800000000312139e+03 3.955548163503408432e-05
6.634700000000312684e+03 3.995132647105492651e-05
6.635600000000313230e+03 4.083043677383102477e-05
6.636500000000312866e+03 4.150153108639642596e-05
6.637400000000312502e+03 4.176594302407465875e-05
6.638300000000313048e+03 4.162441837252117693e-05
6.639200000000313594e+03 4.132888352614827454e-05
6.640100000000313230e+03 4.139009979553520679e-05
6.641000000000312866e+03 4.176948277745395899e-05
6.641900000000313412e+03 4.161752440268173814e-05
6.642800000000313958e+03 4.067504050908610225e-05
6.643700000000313594e+03 4.008672112831845880e-05
6.644600000000313230e+03 4.058160993736237288e-05
6.645500000000313776e+03 4.129571971134282649e-05
6.646400000000314321e+03 4.143286059843376279e-05
6.647300000000313958e+03 4.126835483475588262e-05
6.648200000000313594e+03 4.131193782086484134e-05
6.649100000000314139e+03 4.146983337705023587e-05
6.650000000000314685e+03 4.137838550377637148e-05
6.650900000000314321e+03 4.111889211344532669e-05
6.651800000000313958e+03 4.098668068763799965e-05
6.652700000000314503e+03 4.101903323316946626e-05
6.653600000000315049e+03 4.109601650270633399e-05
6.654500000000314685e+03 4.118639117223210633e-05
6.655400000000314321e+03 4.119535878999158740e-05
6.656300000000314867e+03 4.108501889277249575e-05
6.657200000000315413e+03 4.107338463654741645e-05
6.658100000000315049e+03 4.117830394534394145e-05
6.659000000000314685e+03 4.116266063647344708e-05
6.659900000000315231e+03 4.100321530131623149e-05
6.660800000000315777e+03 4.080854705534875393e-05
6.661700000000315413e+03 4.038554470753297210e-05
6.662600000000315049e+03 3.957161970902234316e-05
6.663500000000315595e+03 3.913146792910993099e-05
6.664400000000316140e+03 3.963426934205926955e-05
6.665300000000315777e+03 4.024614099762402475e-05
6.666200000000315413e+03 4.037955659441649914e-05
6.667100000000315958e+03 4.033657023683190346e-05
6.668000000000316504e+03 4.048823393532074988e-05
6.668900000000316140e+03 4.089600770385004580e-05
6.669800000000315777e+03 4.131316018174402416e-05
6.670700000000316322e+03 4.151693428866565228e-05
6.671600000000316868e+03 4.150306995143182576e-05
6.672500000000316504e+03 4.140791497775353491e-05
6.673400000000316140e+03 4.134938353672623634e-05
6.674300000000316686e+03 4.137053110753186047e-05
6.675200000000317232e+03 4.136519783060066402e-05
6.676100000000316868e+03 4.080610597156919539e-05
6.677000000000316504e+03 3.941579780075699091e-05
6.677900000000317050e+03 3.831206777249462903e-05
6.678800000000317596e+03 3.871630906360223889e-05
6.679700000000317232e+03 3.981136615038849413e-05
6.680600000000316868e+03 4.029693081974983215e-05
6.681500000000317414e+03 4.034366793348453939e-05
6.682400000000317959e+03 4.050138522870838642e-05
6.683300000000317596e+03 4.073745003552176058e-05
6.684200000000317232e+03 4.086639091838151217e-05
6.685100000000317777e+03 4.087005800101906061e-05
6.686000000000318323e+03 4.079630161868408322e-05
6.686900000000317959e+03 4.065992470714263618e-05
6.687800000000317596e+03 4.057559635839425027e-05
6.688700000000318141e+03 4.066795736434869468e-05
6.689600000000318687e+03 4.080965300090610981e-05
6.690500000000318323e+03 4.087235356564633548e-05
6.691400000000317959e+03 4.086863918928429484e-05
6.692300000000318505e+03 4.083251769770868123e-05
6.693200000000319051e+03 4.083386374986730516e-05
6.694100000000318687e+03 4.073242598678916693e-05
6.695000000000318323e+03 4.027488466817885637e-05
6.695900000000318869e+03 3.972729246015660465e-05
6.696800000000319415e+03 3.963412018492817879e-05
6.697700000000319051e+03 3.991744597442448139e-05
6.698600000000318687e+03 4.026286114822141826e-05
6.699500000000319233e+03 4.066843393957242370e-05
6.700400000000319778e+03 4.098950012121349573e-05
6.701300000000319415e+03 4.102382808923721313e-05
6.702200000000319051e+03 4.073790842085145414e-05
6.703100000000319596e+03 4.021996210212819278e-05
6.704000000000320142e+03 3.984830618719570339e-05
6.704900000000319778e+03 3.994349390268325806e-05
6.705800000000319415e+03 4.032267315778881311e-05
6.706700000000319960e+03 4.058629201608709991e-05
6.707600000000320506e+03 4.061561412527225912e-05
6.708500000000320142e+03 4.056121542816981673e-05
6.709400000000319778e+03 4.040338171762414277e-05
6.710300000000320324e+03 4.027380418847315013e-05
6.711200000000320870e+03 4.035807432956062257e-05
6.712100000000320506e+03 4.031341086374595761e-05
6.713000000000320142e+03 3.994494181824848056e-05
6.713900000000320688e+03 3.955619104090146720e-05
6.714800000000321234e+03 3.922286850865930319e-05
6.715700000000320870e+03 3.874782487400807440e-05
6.716600000000320506e+03 3.805008600465953350e-05
6.717500000000321052e+03 3.769429895328357816e-05
6.718400000000321597e+03 3.836330142803490162e-05
6.719300000000321234e+03 3.945937714888714254e-05
6.720200000000320870e+03 3.999329055659472942e-05
6.721100000000321415e+03 3.991626726929098368e-05
6.722000000000321961e+03 3.980791370850056410e-05
6.722900000000321597e+03 4.003525100415572524e-05
6.723800000000321234e+03 4.027026079711504281e-05
6.724700000000321779e+03 4.013115903944708407e-05
6.725600000000322325e+03 3.975486106355674565e-05
6.726500000000321961e+03 3.959863170166499913e-05
6.727400000000321597e+03 3.982385896961204708e-05
6.728300000000322143e+03 4.013305442640557885e-05
6.729200000000322689e+03 4.034829908050596714e-05
6.730100000000322325e+03 4.048038681503385305e-05
6.731000000000321961e+03 4.047731999889947474e-05
6.731900000000322507e+03 4.030165291624143720e-05
6.732800000000323053e+03 4.006990639027208090e-05
6.733700000000322689e+03 4.001884008175693452e-05
6.734600000000322325e+03 4.019551488454453647e-05
6.735500000000322871e+03 4.041170541313476861e-05
6.736400000000323416e+03 4.041638021590188146e-05
6.737300000000323053e+03 4.004790753242559731e-05
6.738200000000322689e+03 3.952983024646528065e-05
6.739100000000323234e+03 3.932417530450038612e-05
6.740000000000323780e+03 3.960069079766981304e-05
6.740900000000323416e+03 3.992575875599868596e-05
6.741800000000323053e+03 3.979240864282473922e-05
6.742700000000323598e+03 3.946738797822035849e-05
6.743600000000324144e+03 3.954673957196064293e-05
6.744500000000323780e+03 3.987679883721284568e-05
6.745400000000323416e+03 3.994493090431205928e-05
6.746300000000323962e+03 3.977531014243140817e-05
6.747200000000324508e+03 3.961870606872253120e-05
6.748100000000324144e+03 3.944399213651195168e-05
6.749000000000323780e+03 3.914133776561357081e-05
6.749900000000324326e+03 3.896005728165619075e-05
6.750800000000324872e+03 3.913998443749733269e-05
6.751700000000324508e+03 3.926751014660112560e-05
6.752600000000324144e+03 3.915471825166605413e-05
6.753500000000324690e+03 3.934345295419916511e-05
6.754400000000325235e+03 3.977568849222734571e-05
6.755300000000324872e+03 4.003214417025446892e-05
6.756200000000324508e+03 4.024627560283988714e-05
6.757100000000325053e+03 4.049810013384558260e-05
6.758000000000325599e+03 4.066143083036877215e-05
6.758900000000325235e+03 4.075953256688080728e-05
6.759800000000324872e+03 4.080215876456350088e-05
6.760700000000325417e+03 4.073584932484664023e-05
6.761600000000325963e+03 4.060564970131963491e-05
6.762500000000325599e+03 4.058964259456843138e-05
6.763400000000325235e+03 4.066264955326914787e-05
6.764300000000325781e+03 4.060680657858029008e-05
6.765200000000326327e+03 4.032499055028893054e-05
6.766100000000325963e+03 3.981815825682133436e-05
6.767000000000325599e+03 3.929819649783894420e-05
6.767900000000326145e+03 3.922399628208950162e-05
6.768800000000326690e+03 3.962561095249839127e-05
6.769700000000326327e+03 3.987485615652985871e-05
6.770600000000325963e+03 3.970008401665836573e-05
6.771500000000326509e+03 3.958343222620896995e-05
6.772400000000327054e+03 3.987029776908457279e-05
6.773300000000326690e+03 4.036158497910946608e-05
6.774200000000326327e+03 4.080223152413964272e-05
6.775100000000326872e+03 4.107450149604119360e-05
6.776000000000327418e+03 4.112003443879075348e-05
6.776900000000327054e+03 4.101661397726275027e-05
6.777800000000326690e+03 4.100793739780783653e-05
6.778700000000327236e+03 4.117459320696070790e-05
6.779600000000327782e+03 4.123337203054688871e-05
6.780500000000327418e+03 4.097007331438362598e-05
6.781400000000327054e+03 4.042574437335133553e-05
6.782300000000327600e+03 3.973309867433272302e-05
6.783200000000328146e+03 3.912461033905856311e-05
6.784100000000327782e+03 3.887169805238954723e-05
6.785000000000327418e+03 3.899188232026062906e-05
6.785900000000327964e+03 3.926325371139682829e-05
6.786800000000328509e+03 3.962804112234152853e-05
6.787700000000328146e+03 4.003024150733835995e-05
6.788600000000327782e+03 4.016883394797332585e-05
6.789500000000328328e+03 4.007887764601036906e-05
6.790400000000328873e+03 4.012791396235115826e-05
6.791300000000328509e+03 4.024762893095612526e-05
6.792200000000328146e+03 4.009131589555181563e-05
6.793100000000328691e+03 3.973576167481951416e-05
6.794000000000329237e+03 3.961761467508040369e-05
6.794900000000328873e+03 3.976406878791749477e-05
6.795800000000328509e+03 3.991034463979303837e-05
6.796700000000329055e+03 4.005312439403496683e-05
6.797600000000329601e+03 4.015713784610852599e-05
6.798500000000329237e+03 4.022608118248172104e-05
6.799400000000328873e+03 4.037886537844315171e-05
6.800300000000329419e+03 4.054813325637951493e-05
6.801200000000329965e+03 4.064788299729116261e-05
6.802100000000329601e+03 4.061282015754841268e-05
6.803000000000329237e+03 4.040266139782033861e-05
6.803900000000329783e+03 4.022156281280331314e-05
6.804800000000330328e+03 4.025197995360940695e-05
6.805700000000329965e+03 4.023957444587722421e-05
6.806600000000329601e+03 4.010851262137293816e-05
6.807500000000330147e+03 4.020155392936430871e-05
6.808400000000330692e+03 4.039041232317686081e-05
6.809300000000330328e+03 4.026735041406936944e-05
6.810200000000329965e+03 4.009041731478646398e-05
6.811100000000330510e+03 4.020077176392078400e-05
6.812000000000331056e+03 4.040052226628176868e-05
6.812900000000330692e+03 4.038759288960136473e-05
6.813800000000330328e+03 4.000762783107347786e-05
6.814700000000330874e+03 3.958071101806126535e-05
6.815600000000331420e+03 3.970224861404858530e-05
6.816500000000331056e+03 4.025830276077613235e-05
6.817400000000330692e+03 4.061300205648876727e-05
6.818300000000331238e+03 4.050898860441520810e-05
6.819200000000331784e+03 4.012878707726486027e-05
6.820100000000331420e+03 3.989032120443880558e-05
6.821000000000331056e+03 4.009329495602287352e-05
6.821900000000331602e+03 4.052748045069165528e-05
6.822800000000332147e+03 4.080721555510535836e-05
6.823700000000331784e+03 4.089801950613036752e-05
6.824600000000331420e+03 4.095810800208710134e-05
6.825500000000331966e+03 4.098584395251236856e-05
6.826400000000332511e+03 4.076789264217950404e-05
6.827300000000332147e+03 4.022158464067615569e-05
6.828200000000331784e+03 3.977359301643446088e-05
6.829100000000332329e+03 3.989723336417227983e-05
6.830000000000332875e+03 4.042436194140464067e-05
6.830900000000332511e+03 4.076037293998524547e-05
6.831800000000332147e+03 4.067155168741010129e-05
6.832700000000332693e+03 4.053617158206179738e-05
6.833600000000333239e+03 4.069162969244644046e-05
6.834500000000332875e+03 4.095164695172570646e-05
6.835400000000332511e+03 4.098338467883877456e-05
6.836300000000333057e+03 4.077310222783125937e-05
6.837200000000333603e+03 4.050227289553731680e-05
6.838100000000333239e+03 4.014919250039383769e-05
6.839000000000332875e+03 3.966845906688831747e-05
6.839900000000333421e+03 3.917900903616100550e-05
6.840800000000333966e+03 3.873752211802639067e-05
6.841700000000333603e+03 3.854439273709431291e-05
6.842600000000333239e+03 3.881708107655867934e-05
6.843500000000333785e+03 3.943875344702973962e-05
6.844400000000334330e+03 4.012352655990980566e-05
6.845300000000333966e+03 4.054694727528840303e-05
6.846200000000333603e+03 4.066718247486278415e-05
6.847100000000334148e+03 4.070131035405211151e-05
6.848000000000334694e+03 4.066632754984311759e-05
6.848900000000334330e+03 4.051001451443880796e-05
6.849800000000333966e+03 4.033542427350766957e-05
6.850700000000334512e+03 4.026021997560746968e-05
6.851600000000335058e+03 4.033507502754218876e-05
6.852500000000334694e+03 4.046316462336108088e-05
6.853400000000334330e+03 4.024650479550473392e-05
6.854300000000334876e+03 3.950861355406232178e-05
6.855200000000335422e+03 3.894225301337428391e-05
6.856100000000335058e+03 3.908210783265531063e-05
6.857000000000334694e+03 3.945202843169681728e-05
6.857900000000335240e+03 3.965715586673468351e-05
6.858800000000335785e+03 3.982022099080495536e-05
6.859700000000335422e+03 3.974288847530260682e-05
6.860600000000335058e+03 3.925564669771119952e-05
6.861500000000335604e+03 3.893145549227483571e-05
6.862400000000336149e+03 3.937942528864368796e-05
6.863300000000335785e+03 4.027684553875587881e-05
6.864200000000335422e+03 4.082332816324196756e-05
6.865100000000335967e+03 4.072657611686736345e-05
6.866000000000336513e+03 4.024965892313048244e-05
6.866900000000336149e+03 3.969873068854212761e-05
6.867800000000335785e+03 3.936382199754007161e-05
6.868700000000336331e+03 3.944772106478922069e-05
6.869600000000336877e+03 3.977937376475892961e-05
6.870500000000336513e+03 3.994424332631751895e-05
6.871400000000336149e+03 3.976320294896140695e-05
6.872300000000336695e+03 3.959298555855639279e-05
6.873200000000337241e+03 3.978292079409584403e-05
6.874100000000336877e+03 4.004716902272775769e-05
6.875000000000336513e+03 4.009768235846422613e-05
6.875900000000337059e+03 4.016149614471942186e-05
6.876800000000337604e+03 4.044458546559326351e-05
6.877700000000337241e+03 4.078301572008058429e-05
6.878600000000336877e+03 4.093342431588098407e-05
6.879500000000337423e+03 4.082741361344233155e-05
6.880400000000337968e+03 4.044035813421942294e-05
6.881300000000337604e+03 3.981046393164433539e-05
6.882200000000337241e+03 3.929184822482056916e-05
6.883100000000337786e+03 3.936128268833272159e-05
6.884000000000338332e+03 3.989509059465490282e-05
6.884900000000337968e+03 4.019746120320633054e-05
6.885800000000337604e+03 4.016344610136002302e-05
6.886700000000338150e+03 4.032337892567738891e-05
6.887600000000338696e+03 4.071845251019112766e-05
6.888500000000338332e+03 4.099550278624519706e-05
6.889400000000337968e+03 4.107945642317645252e-05
6.890300000000338514e+03 4.111688758712261915e-05
6.891200000000339060e+03 4.114405237487517297e-05
6.892100000000338696e+03 4.111668386030942202e-05
6.893000000000338332e+03 4.106723645236343145e-05
6.893900000000338878e+03 4.099536090507172048e-05
6.894800000000339423e+03 4.082339364686049521e-05
6.895700000000339060e+03 4.066755718667991459e-05
6.896600000000338696e+03 4.068713678861968219e-05
6.897500000000339242e+03 4.081524457433260977e-05
6.898400000000339787e+03 4.084653483005240560e-05
6.899300000000339423e+03 4.069172427989542484e-05
6.900200000000339060e+03 4.058069316670298576e-05
6.901100000000339605e+03 4.077472840435802937e-05
6.902000000000340151e+03 4.110250665689818561e-05
6.902900000000339787e+03 4.128106229472905397e-05
6.903800000000339423e+03 4.124500992475077510e-05
6.904700000000339969e+03 4.113695831620134413e-05
6.905600000000340515e+03 4.115245246794074774e-05
6.906500000000340151e+03 4.138486110605299473e-05
6.907400000000339787e+03 4.163566700299270451e-05
6.908300000000340333e+03 4.170752799836918712e-05
6.909200000000340879e+03 4.162964251008816063e-05
6.910100000000340515e+03 4.141736280871555209e-05
6.911000000000340151e+03 4.114574767299927771e-05
6.911900000000340697e+03 4.099588477401994169e-05
6.912800000000341242e+03 4.079109567101113498e-05
6.913700000000340879e+03 4.038713450427167118e-05
6.914600000000340515e+03 4.019078915007412434e-05
6.915500000000341061e+03 4.034644371131435037e-05
6.916400000000341606e+03 4.047025140607729554e-05
6.917300000000341242e+03 4.050871939398348331e-05
6.918200000000340879e+03 4.064269523951224983e-05
6.919100000000341424e+03 4.085172258783131838e-05
6.920000000000341970e+03 4.114949842914938927e-05
6.920900000000341606e+03 4.144894774071872234e-05
6.921800000000341242e+03 4.153832560405135155e-05
6.922700000000341788e+03 4.124053521081805229e-05
6.923600000000342334e+03 4.056952457176521420e-05
6.924500000000341970e+03 3.989907054346986115e-05
6.925400000000341606e+03 3.972822742071002722e-05
6.926300000000342152e+03 4.016200182377360761e-05
6.927200000000342698e+03 4.079766222275793552e-05
6.928100000000342334e+03 4.117673233849927783e-05
6.929000000000341970e+03 4.125501436647027731e-05
6.929900000000342516e+03 4.121313395444303751e-05
6.930800000000343061e+03 4.112846363568678498e-05
6.931700000000342698e+03 4.089383219252340496e-05
6.932600000000342334e+03 4.049027120345272124e-05
6.933500000000342880e+03 4.037824328406713903e-05
6.934400000000343425e+03 4.076461846125312150e-05
6.935300000000343061e+03 4.112790702492929995e-05
6.936200000000342698e+03 4.118265496799722314e-05
6.937100000000343243e+03 4.113652903470210731e-05
6.938000000000343789e+03 4.118723154533654451e-05
6.938900000000343425e+03 4.138323129154741764e-05
6.939800000000343061e+03 4.165708742220886052e-05
6.940700000000343607e+03 4.183583587291650474e-05
6.941600000000344153e+03 4.175463618594221771e-05
6.942500000000343789e+03 4.140486635151319206e-05
6.943400000000343425e+03 4.085066757397726178e-05
6.944300000000343971e+03 4.015419835923239589e-05
6.945200000000344517e+03 3.985319926869124174e-05
6.946100000000344153e+03 4.034427547594532371e-05
6.947000000000343789e+03 4.107052882318384945e-05
6.947900000000344335e+03 4.147149229538626969e-05
6.948800000000344880e+03 4.160903336014598608e-05
6.949700000000344517e+03 4.146828359807841480e-05
6.950600000000344153e+03 4.095651456736959517e-05
6.951500000000344698e+03 4.045778405270539224e-05
6.952400000000345244e+03 4.029771662317216396e-05
6.953300000000344880e+03 4.029760020785033703e-05
6.954200000000344517e+03 4.045138848596252501e-05
6.955100000000345062e+03 4.081702718394808471e-05
6.956000000000345608e+03 4.121860911254771054e-05
6.956900000000345244e+03 4.142767284065485001e-05
6.957800000000344880e+03 4.146332139498554170e-05
6.958700000000345426e+03 4.149095548200421035e-05
6.959600000000345972e+03 4.152710971538908780e-05
6.960500000000345608e+03 4.158125375397503376e-05
6.961400000000345244e+03 4.168936720816418529e-05
6.962300000000345790e+03 4.179846655461005867e-05
6.963200000000346336e+03 4.188464663457125425e-05
6.964100000000345972e+03 4.183139753877185285e-05
6.965000000000345608e+03 4.153510235482826829e-05
6.965900000000346154e+03 4.131709283683449030e-05
6.966800000000346699e+03 4.155835267738439143e-05
6.967700000000346336e+03 4.202094351057894528e-05
6.968600000000345972e+03 4.218672256683930755e-05
6.969500000000346517e+03 4.193454151391051710e-05
6.970400000000347063e+03 4.154830457991920412e-05
6.971300000000346699e+03 4.140346936765126884e-05
6.972200000000346336e+03 4.164822530583478510e-05
6.973100000000346881e+03 4.189961327938362956e-05
6.974000000000347427e+03 4.175602225586771965e-05
6.974900000000347063e+03 4.132977119297720492e-05
6.975800000000346699e+03 4.080544385942630470e-05
6.976700000000347245e+03 4.001076740678399801e-05
6.977600000000347791e+03 3.887632919941097498e-05
6.978500000000347427e+03 3.814737647189758718e-05
6.979400000000347063e+03 3.871077933581545949e-05
6.980300000000347609e+03 4.008393807453103364e-05
6.981200000000348155e+03 4.116839772905223072e-05
6.982100000000347791e+03 4.172348053543828428e-05
6.983000000000347427e+03 4.198358510620892048e-05
6.983900000000347973e+03 4.207649544696323574e-05
6.984800000000348518e+03 4.210617771605029702e-05
6.985700000000348155e+03 4.210181577946059406e-05
6.986600000000347791e+03 4.197398448013700545e-05
6.987500000000348336e+03 4.163531411904841661e-05
6.988400000000348882e+03 4.117215212318114936e-05
6.989300000000348518e+03 4.097288183402270079e-05
6.990200000000348155e+03 4.123767212149687111e-05
6.991100000000348700e+03 4.167406950728036463e-05
6.992000000000349246e+03 4.195179644739255309e-05
6.992900000000348882e+03 4.192257983959279954e-05
6.993800000000348518e+03 4.170147440163418651e-05
6.994700000000349064e+03 4.160479875281453133e-05
6.995600000000349610e+03 4.169544627075083554e-05
6.996500000000349246e+03 4.179094685241580009e-05
6.997400000000348882e+03 4.176925722276791930e-05
6.998300000000349428e+03 4.139542579650878906e-05
6.999200000000349974e+03 4.073974196217022836e-05
7.000100000000349610e+03 4.046100730192847550e-05
7.001000000000349246e+03 4.087377965333871543e-05
7.001900000000349792e+03 4.144235936109907925e-05
7.002800000000350337e+03 4.146205901633948088e-05
7.003700000000349974e+03 4.098832505405880511e-05
7.004600000000349610e+03 4.064631502842530608e-05
7.005500000000350155e+03 4.063370215590111911e-05
7.006400000000350701e+03 4.080443977727554739e-05
7.007300000000350337e+03 4.108068969799205661e-05
7.008200000000349974e+03 4.141230601817369461e-05
7.009100000000350519e+03 4.165392238064669073e-05
7.010000000000351065e+03 4.159889795118942857e-05
7.010900000000350701e+03 4.141938188695348799e-05
7.011800000000350337e+03 4.145564525970257819e-05
7.012700000000350883e+03 4.164117854088544846e-05
7.013600000000351429e+03 4.158731098868884146e-05
7.014500000000351065e+03 4.092413291800767183e-05
7.015400000000350701e+03 3.971855403506197035e-05
7.016300000000351247e+03 3.895964619005098939e-05
7.017200000000351793e+03 3.957778608310036361e-05
7.018100000000351429e+03 4.092268500244244933e-05
7.019000000000351065e+03 4.186447768006473780e-05
7.019900000000351611e+03 4.221720519126392901e-05
7.020800000000352156e+03 4.221358540235087276e-05
7.021700000000351793e+03 4.178730887360870838e-05
7.022600000000351429e+03 4.093002644367516041e-05
7.023500000000351974e+03 4.017675746581517160e-05
7.024400000000352520e+03 4.005759183201007545e-05
7.025300000000352156e+03 4.053799420944415033e-05
7.026200000000351793e+03 4.111762609682045877e-05
7.027100000000352338e+03 4.147102299612015486e-05
7.028000000000352884e+03 4.164659185335040092e-05
7.028900000000352520e+03 4.174643981968984008e-05
7.029800000000352156e+03 4.181477925158105791e-05
7.030700000000352702e+03 4.181778422207571566e-05
7.031600000000353248e+03 4.168873419985175133e-05
7.032500000000352884e+03 4.155673013883642852e-05
7.033400000000352520e+03 4.152362816967070103e-05
7.034300000000353066e+03 4.154118869337253273e-05
7.035200000000353612e+03 4.167257429799064994e-05
7.036100000000353248e+03 4.172163608018308878e-05
7.037000000000352884e+03 4.114966941415332258e-05
7.037900000000353430e+03 4.026299939141608775e-05
7.038800000000353975e+03 4.029220508527942002e-05
7.039700000000353612e+03 4.147256913711316884e-05
7.040600000000353248e+03 4.270850331522524357e-05
7.041500000000353793e+03 4.330291631049476564e-05
7.042400000000354339e+03 4.337507562013342977e-05
7.043300000000353975e+03 4.305800393922254443e-05
7.044200000000353612e+03 4.249667108524590731e-05
7.045100000000354157e+03 4.215217995806597173e-05
7.046000000000354703e+03 4.233339495840482414e-05
7.046900000000354339e+03 4.280935172573663294e-05
7.047800000000353975e+03 4.317639104556292295e-05
7.048700000000354521e+03 4.325469853938557208e-05
7.049600000000355067e+03 4.307557173888199031e-05
7.050500000000354703e+03 4.266632095095701516e-05
7.051400000000354339e+03 4.184275530860759318e-05
7.052300000000354885e+03 4.055851968587376177e-05
7.053200000000355431e+03 3.933020707336254418e-05
7.054100000000355067e+03 3.867137638735584915e-05
7.055000000000354703e+03 3.876226401189342141e-05
7.055900000000355249e+03 3.938272493542172015e-05
7.056800000000355794e+03 3.997252133558504283e-05
7.057700000000355431e+03 4.008837640867568552e-05
7.058600000000355067e+03 3.963086783187463880e-05
7.059500000000355612e+03 3.892099266522563994e-05
7.060400000000356158e+03 3.855895192828029394e-05
7.061300000000355794e+03 3.872756497003138065e-05
7.062200000000355431e+03 3.906452184310182929e-05
7.063100000000355976e+03 3.938955342164263129e-05
7.064000000000356522e+03 3.970010948251001537e-05
7.064900000000356158e+03 3.974028732045553625e-05
7.065800000000355794e+03 3.938195004593580961e-05
7.066700000000356340e+03 3.883511453750543296e-05
7.067600000000356886e+03 3.827056207228451967e-05
7.068500000000356522e+03 3.807480607065372169e-05
7.069400000000356158e+03 3.863642996293492615e-05
7.070300000000356704e+03 3.951646795030683279e-05
7.071200000000357250e+03 4.000017725047655404e-05
7.072100000000356886e+03 4.006977178505621850e-05
7.073000000000356522e+03 4.008636096841655672e-05
7.073900000000357068e+03 4.012650606455281377e-05
7.074800000000357613e+03 4.010819975519552827e-05
7.075700000000357250e+03 4.006717790616676211e-05
7.076600000000356886e+03 4.011007331428118050e-05
7.077500000000357431e+03 4.025294038001447916e-05
7.078400000000357977e+03 4.038577026221901178e-05
7.079300000000357613e+03 4.050573261338286102e-05
7.080200000000357250e+03 4.064923632540740073e-05
7.081100000000357795e+03 4.062044172314926982e-05
7.082000000000358341e+03 4.019486732431687415e-05
7.082900000000357977e+03 3.934678898076526821e-05
7.083800000000357613e+03 3.830253626802004874e-05
7.084700000000358159e+03 3.770284456550143659e-05
7.085600000000358705e+03 3.775908407988026738e-05
7.086500000000358341e+03 3.776069570449180901e-05
7.087400000000357977e+03 3.743048364412970841e-05
7.088300000000358523e+03 3.721980101545341313e-05
7.089200000000359069e+03 3.718273728736676276e-05
7.090100000000358705e+03 3.715971615747548640e-05
7.091000000000358341e+03 3.728466617758385837e-05
7.091900000000358887e+03 3.742731496458873153e-05
7.092800000000359432e+03 3.740129250218160450e-05
7.093700000000359069e+03 3.737112274393439293e-05
7.094600000000358705e+03 3.737418956006877124e-05
7.095500000000359250e+03 3.736756480066105723e-05
7.096400000000359796e+03 3.742212356883101165e-05
7.097300000000359432e+03 3.760796607821248472e-05
7.098200000000359069e+03 3.800940248765982687e-05
7.099100000000359614e+03 3.844022648991085589e-05
7.100000000000360160e+03 3.854657188639976084e-05
7.100900000000359796e+03 3.834830931737087667e-05
7.101800000000359432e+03 3.800417107413522899e-05
7.102700000000359978e+03 3.782629573834128678e-05
7.103600000000360524e+03 3.808497422141954303e-05
7.104500000000360160e+03 3.857485353364609182e-05
7.105400000000359796e+03 3.879919677274301648e-05
7.106300000000360342e+03 3.861931691062636673e-05
7.107200000000360887e+03 3.839787677861750126e-05
7.108100000000360524e+03 3.841713623842224479e-05
7.109000000000360160e+03 3.843562444671988487e-05
7.109900000000360706e+03 3.810165435425005853e-05
7.110800000000361251e+03 3.760198887903243303e-05
7.111700000000360887e+03 3.747758455574512482e-05
7.112600000000360524e+03 3.784016371355392039e-05
7.113500000000361069e+03 3.827352702501229942e-05
7.114400000000361615e+03 3.850131179206073284e-05
7.115300000000361251e+03 3.867420309688895941e-05
7.116200000000360887e+03 3.885632395395077765e-05
7.117100000000361433e+03 3.891311644110828638e-05
7.118000000000361979e+03 3.887589627993293107e-05
7.118900000000361615e+03 3.882362943841144443e-05
7.119800000000361251e+03 3.876556365867145360e-05
7.120700000000361797e+03 3.858580748783424497e-05
7.121600000000362343e+03 3.820518395514227450e-05
7.122500000000361979e+03 3.803647996392101049e-05
7.123400000000361615e+03 3.820562415057793260e-05
7.124300000000362161e+03 3.805280721280723810e-05
7.125200000000362706e+03 3.742464468814432621e-05
7.126100000000362343e+03 3.696058774949051440e-05
7.127000000000361979e+03 3.702895628521218896e-05
7.127900000000362525e+03 3.732726690941490233e-05
7.128800000000363070e+03 3.731605829671025276e-05
7.129700000000362706e+03 3.676641426864080131e-05
7.130600000000362343e+03 3.613732769736088812e-05
7.131500000000362888e+03 3.609589839470572770e-05
7.132400000000363434e+03 3.662087328848429024e-05
7.133300000000363070e+03 3.724668931681662798e-05
7.134200000000362706e+03 3.768779060919769108e-05
7.135100000000363252e+03 3.784538421314209700e-05
7.136000000000363798e+03 3.792255301959812641e-05
7.136900000000363434e+03 3.801955244853161275e-05
7.137800000000363070e+03 3.789510810747742653e-05
7.138700000000363616e+03 3.756336082005873322e-05
7.139600000000364162e+03 3.750092946575023234e-05
7.140500000000363798e+03 3.782815110753290355e-05
7.141400000000363434e+03 3.808518522419035435e-05
7.142300000000363980e+03 3.805367305176332593e-05
7.143200000000364525e+03 3.798874240601435304e-05
7.144100000000364162e+03 3.798404941335320473e-05
7.145000000000363798e+03 3.796971577685326338e-05
7.145900000000364344e+03 3.789633046835660934e-05
7.146800000000364889e+03 3.739974272320978343e-05
7.147700000000364525e+03 3.654590182122774422e-05
7.148600000000364162e+03 3.629470666055567563e-05
7.149500000000364707e+03 3.689212462631985545e-05
7.150400000000365253e+03 3.756157821044325829e-05
7.151300000000364889e+03 3.800816193688660860e-05
7.152200000000364525e+03 3.845865649054758251e-05
7.153100000000365071e+03 3.877134076901711524e-05
7.154000000000365617e+03 3.864598329528234899e-05
7.154900000000365253e+03 3.831806316156871617e-05
7.155800000000364889e+03 3.834238668787293136e-05
7.156700000000365435e+03 3.870885848300531507e-05
7.157600000000365981e+03 3.880708754877559841e-05
7.158500000000365617e+03 3.846837353194132447e-05
7.159400000000365253e+03 3.807857865467667580e-05
7.160300000000365799e+03 3.800912600127048790e-05
7.161200000000366344e+03 3.829959678114391863e-05
7.162100000000365981e+03 3.852136796922422945e-05
7.163000000000365617e+03 3.809759800788015127e-05
7.163900000000366163e+03 3.706651477841660380e-05
7.164800000000366708e+03 3.633666347013786435e-05
7.165700000000366344e+03 3.663303868961520493e-05
7.166600000000365981e+03 3.760503022931516171e-05
7.167500000000366526e+03 3.841165016638115048e-05
7.168400000000367072e+03 3.868999556289054453e-05
7.169300000000366708e+03 3.866255792672745883e-05
7.170200000000366344e+03 3.870739601552486420e-05
7.171100000000366890e+03 3.894036126439459622e-05
7.172000000000367436e+03 3.920487506547942758e-05
7.172900000000367072e+03 3.934534834115765989e-05
7.173800000000366708e+03 3.927855868823826313e-05
7.174700000000367254e+03 3.893117536790668964e-05
7.175600000000367800e+03 3.844116145046427846e-05
7.176500000000367436e+03 3.830838613794185221e-05
7.177400000000367072e+03 3.870700675179250538e-05
7.178300000000367618e+03 3.901993113686330616e-05
7.179200000000368163e+03 3.863580059260129929e-05
7.180100000000367800e+03 3.777993697440251708e-05
7.181000000000367436e+03 3.721235771081410348e-05
7.181900000000367982e+03 3.751536132767796516e-05
7.182800000000368527e+03 3.844199454761110246e-05
7.183700000000368163e+03 3.915561319445259869e-05
7.184600000000367800e+03 3.925074634025804698e-05
7.185500000000368345e+03 3.878539428114891052e-05
7.186400000000368891e+03 3.783286229008808732e-05
7.187300000000368527e+03 3.690135781653225422e-05
7.188200000000368163e+03 3.665740587166510522e-05
7.189100000000368709e+03 3.706353527377359569e-05
7.190000000000369255e+03 3.774547440116293728e-05
7.190900000000368891e+03 3.831058347714133561e-05
7.191800000000368527e+03 3.841661600745283067e-05
7.192700000000369073e+03 3.823414590442553163e-05
7.193600000000369619e+03 3.823107545031234622e-05
7.194500000000369255e+03 3.853849193546921015e-05
7.195400000000368891e+03 3.865555845550261438e-05
7.196300000000369437e+03 3.821653081104159355e-05
7.197200000000369982e+03 3.781610212172381580e-05
7.198100000000369619e+03 3.803708386840298772e-05
7.199000000000369255e+03 3.852877853205427527e-05
7.199900000000369801e+03 3.870446744258515537e-05
7.200800000000370346e+03 3.841039142571389675e-05
7.201700000000369982e+03 3.797734825639054179e-05
7.202600000000369619e+03 3.799768819590099156e-05
7.203500000000370164e+03 3.856650073430500925e-05
7.204400000000370710e+03 3.908959843101911247e-05
7.205300000000370346e+03 3.887895945808850229e-05
7.206200000000369982e+03 3.773252319660969079e-05
7.207100000000370528e+03 3.647873745649121702e-05
7.208000000000371074e+03 3.616072353906929493e-05
7.208900000000370710e+03 3.679523797472938895e-05
7.209800000000370346e+03 3.785638182307593524e-05
7.210700000000370892e+03 3.882301825797185302e-05
7.211600000000371438e+03 3.915395791409537196e-05
7.212500000000371074e+03 3.885413752868771553e-05
7.213400000000370710e+03 3.844768070848658681e-05
7.214300000000371256e+03 3.819241828750818968e-05
7.215200000000371801e+03 3.808397013926878572e-05
7.216100000000371438e+03 3.826188913080841303e-05
7.217000000000371074e+03 3.878354254993610084e-05
7.217900000000371620e+03 3.922765245079062879e-05
7.218800000000372165e+03 3.923075200873427093e-05
7.219700000000371801e+03 3.897938222507946193e-05
7.220600000000371438e+03 3.879597716149874032e-05
7.221500000000371983e+03 3.869814463541842997e-05
7.222400000000372529e+03 3.854411261272616684e-05
7.223300000000372165e+03 3.848299093078821898e-05
7.224200000000371801e+03 3.880345684592612088e-05
7.225100000000372347e+03 3.932520121452398598e-05
7.226000000000372893e+03 3.965707946917973459e-05
7.226900000000372529e+03 3.969885437982156873e-05
7.227800000000372165e+03 3.945952994399704039e-05
7.228700000000372711e+03 3.919374285032972693e-05
7.229600000000373257e+03 3.927738362108357251e-05
7.230500000000372893e+03 3.967555676354095340e-05
7.231400000000372529e+03 4.004937363788485527e-05
7.232300000000373075e+03 4.023284054710529745e-05
7.233200000000373620e+03 4.033776349388062954e-05
7.234100000000373257e+03 4.034548328490927815e-05
7.235000000000372893e+03 4.005409937235526741e-05
7.235900000000373439e+03 3.966117219533771276e-05
7.236800000000373984e+03 3.956842192565090954e-05
7.237700000000373620e+03 3.971748083131387830e-05
7.238600000000373257e+03 3.970835678046569228e-05
7.239500000000373802e+03 3.954761632485315204e-05
7.240400000000374348e+03 3.963494964409619570e-05
7.241300000000373984e+03 4.001091656391508877e-05
7.242200000000373620e+03 4.021040149382315576e-05
7.243100000000374166e+03 3.990341792814433575e-05
7.244000000000374712e+03 3.932000618078745902e-05
7.244900000000374348e+03 3.907006976078264415e-05
7.245800000000373984e+03 3.947726872866041958e-05
7.246700000000374530e+03 4.026411625090986490e-05
7.247600000000375076e+03 4.088026253157295287e-05
7.248500000000374712e+03 4.096026532351970673e-05
7.249400000000374348e+03 4.047304901177994907e-05
7.250300000000374894e+03 3.965844007325358689e-05
7.251200000000375439e+03 3.905494304490275681e-05
7.252100000000375076e+03 3.909079168806783855e-05
7.253000000000374712e+03 3.955557986046187580e-05
7.253900000000375258e+03 3.996584564447402954e-05
7.254800000000375803e+03 4.018868639832362533e-05
7.255700000000375439e+03 4.042802174808457494e-05
7.256600000000375076e+03 4.070386421517468989e-05
7.257500000000375621e+03 4.084084866917692125e-05
7.258400000000376167e+03 4.076468758285045624e-05
7.259300000000375803e+03 4.039125997223891318e-05
7.260200000000375439e+03 3.959757304983213544e-05
7.261100000000375985e+03 3.883071622112765908e-05
7.262000000000376531e+03 3.890339576173573732e-05
7.262900000000376167e+03 3.970703619415871799e-05
7.263800000000375803e+03 4.041999272885732353e-05
7.264700000000376349e+03 4.072345473105087876e-05
7.265600000000376895e+03 4.087004344910383224e-05
7.266500000000376531e+03 4.107526183361187577e-05
7.267400000000376167e+03 4.121681558899581432e-05
7.268300000000376713e+03 4.112180977244861424e-05
7.269200000000377258e+03 4.083717067260295153e-05
7.270100000000376895e+03 4.049836934427730739e-05
7.271000000000376531e+03 4.028440162073820829e-05
7.271900000000377077e+03 4.029730189358815551e-05
7.272800000000377622e+03 4.045828973175957799e-05
7.273700000000377258e+03 4.067293775733560324e-05
7.274600000000376895e+03 4.084672764292918146e-05
7.275500000000377440e+03 4.095238909940235317e-05
7.276400000000377986e+03 4.098614226677455008e-05
7.277300000000377622e+03 4.088919376954436302e-05
7.278200000000377258e+03 4.075284232385456562e-05
7.279100000000377804e+03 4.065003304276615381e-05
7.280000000000378350e+03 4.044927482027560472e-05
7.280900000000377986e+03 4.004317088401876390e-05
7.281800000000377622e+03 3.953761915909126401e-05
7.282700000000378168e+03 3.921353345504030585e-05
7.283600000000378714e+03 3.919360460713505745e-05
7.284500000000378350e+03 3.945913340430706739e-05
7.285400000000377986e+03 3.996376472059637308e-05
7.286300000000378532e+03 4.039192208438180387e-05
7.287200000000379077e+03 4.031618664157576859e-05
7.288100000000378714e+03 3.971728074247948825e-05
7.289000000000378350e+03 3.909387305611744523e-05
7.289900000000378895e+03 3.880605436279438436e-05
7.290800000000379441e+03 3.868396015604957938e-05
7.291700000000379077e+03 3.864897735184058547e-05
7.292600000000378714e+03 3.887154889525845647e-05
7.293500000000379259e+03 3.951886174036189914e-05
7.294400000000379805e+03 4.041979264002293348e-05
7.295300000000379441e+03 4.122054087929427624e-05
7.296200000000379077e+03 4.165483551332727075e-05
7.297100000000379623e+03 4.155332135269418359e-05
7.298000000000380169e+03 4.111325324629433453e-05
7.298900000000379805e+03 4.076295954291708767e-05
7.299800000000379441e+03 4.075044489582069218e-05
7.300700000000379987e+03 4.098790304851718247e-05
7.301600000000380533e+03 4.121469100937247276e-05
7.302500000000380169e+03 4.131955211050808430e-05
7.303400000000379805e+03 4.144426202401518822e-05
7.304300000000380351e+03 4.159016316407360137e-05
7.305200000000380896e+03 4.150850872974842787e-05
7.306100000000380533e+03 4.114427429158240557e-05
7.307000000000380169e+03 4.073338277521543205e-05
7.307900000000380714e+03 4.060971332364715636e-05
7.308800000000381260e+03 4.087021079612895846e-05
7.309700000000380896e+03 4.104169056518003345e-05
7.310600000000380533e+03 4.084264219272881746e-05
7.311500000000381078e+03 4.073495802003890276e-05
7.312400000000381624e+03 4.107112545170821249e-05
7.313300000000381260e+03 4.156695285928435624e-05
7.314200000000380896e+03 4.176493166596628726e-05
7.315100000000381442e+03 4.154448470217175782e-05
7.316000000000381988e+03 4.118699507671408355e-05
7.316900000000381624e+03 4.104739491594955325e-05
7.317800000000381260e+03 4.117606658837758005e-05
7.318700000000381806e+03 4.146616629441268742e-05
7.319600000000382352e+03 4.166680810158140957e-05
7.320500000000381988e+03 4.164192068856209517e-05
7.321400000000381624e+03 4.157579314778558910e-05
7.322300000000382170e+03 4.145820275880396366e-05
7.323200000000382715e+03 4.117889329791069031e-05
7.324100000000382352e+03 4.080664075445383787e-05
7.325000000000381988e+03 4.036408063257113099e-05
7.325900000000382533e+03 4.014925070805475116e-05
7.326800000000383079e+03 4.061258732690475881e-05
7.327700000000382715e+03 4.143532714806497097e-05
7.328600000000382352e+03 4.183359851595014334e-05
7.329500000000382897e+03 4.170281317783519626e-05
7.330400000000383443e+03 4.145649654674343765e-05
7.331300000000383079e+03 4.140338205615989864e-05
7.332200000000382715e+03 4.147852087044157088e-05
7.333100000000383261e+03 4.154373891651630402e-05
7.334000000000383807e+03 4.165615609963424504e-05
7.334900000000383443e+03 4.192104461253620684e-05
7.335800000000383079e+03 4.225514567224308848e-05
7.336700000000383625e+03 4.248683762853033841e-05
7.337600000000384171e+03 4.254365921951830387e-05
7.338500000000383807e+03 4.254206942277960479e-05
7.339400000000383443e+03 4.266349787940271199e-05
7.340300000000383989e+03 4.284203532733954489e-05
7.341200000000384534e+03 4.281378642190247774e-05
7.342100000000384171e+03 4.236194945406168699e-05
7.343000000000383807e+03 4.150017412030138075e-05
7.343900000000384352e+03 4.077288394910283387e-05
7.344800000000384898e+03 4.080218423041515052e-05
7.345700000000384534e+03 4.143743717577308416e-05
7.346600000000384171e+03 4.207655365462414920e-05
7.347500000000384716e+03 4.241511123836971819e-05
7.348400000000385262e+03 4.241065471433103085e-05
7.349300000000384898e+03 4.205502773402258754e-05
7.350200000000384534e+03 4.154295311309397221e-05
7.351100000000385080e+03 4.124646875425241888e-05
7.352000000000385626e+03 4.130432716920040548e-05
7.352900000000385262e+03 4.137931318837217987e-05
7.353800000000384898e+03 4.102525781490840018e-05
7.354700000000385444e+03 4.053510201629251242e-05
7.355600000000385990e+03 3.956268847105093300e-05
7.356500000000385626e+03 3.965517316828481853e-05
7.357400000000385262e+03 4.057723708683624864e-05
7.358300000000385808e+03 4.163522680755704641e-05
7.359200000000386353e+03 4.214956061332486570e-05
7.360100000000385990e+03 4.192117557977326214e-05
7.361000000000385626e+03 4.126185376662760973e-05
7.361900000000386171e+03 4.070352588314563036e-05
7.362800000000386717e+03 4.054519013152457774e-05
7.363700000000386353e+03 4.077585617778822780e-05
7.364600000000385990e+03 4.121133315493352711e-05
7.365500000000386535e+03 4.161302422289736569e-05
7.366400000000387081e+03 4.195133078610524535e-05
7.367300000000386717e+03 4.223881114739924669e-05
7.368200000000386353e+03 4.233384242979809642e-05
7.369100000000386899e+03 4.235687447362579405e-05
7.370000000000387445e+03 4.252300277585163713e-05
7.370900000000387081e+03 4.269407145329751074e-05
7.371800000000386717e+03 4.267283293302170932e-05
7.372700000000387263e+03 4.246350727044045925e-05
7.373600000000387809e+03 4.225536758895032108e-05
7.374500000000387445e+03 4.206051744404248893e-05
7.375400000000387081e+03 4.192471897113136947e-05
7.376300000000387627e+03 4.202842319500632584e-05
7.377200000000388172e+03 4.236170570948161185e-05
7.378100000000387809e+03 4.269216879038140178e-05
7.379000000000387445e+03 4.276517574908211827e-05
7.379900000000387990e+03 4.244209776516072452e-05
7.380800000000388536e+03 4.186610749457031488e-05
7.381700000000388172e+03 4.160431126365438104e-05
7.382600000000387809e+03 4.118655124329961836e-05
7.383500000000388354e+03 4.103661194676533341e-05
7.384400000000388900e+03 4.064665336045436561e-05
7.385300000000388536e+03 4.015869126305915415e-05
7.386200000000388172e+03 3.984293653047643602e-05
7.387100000000388718e+03 3.964753705076873302e-05
7.388000000000389264e+03 3.935822678613476455e-05
7.388900000000388900e+03 3.913903492502868176e-05
7.389800000000388536e+03 3.941555769415572286e-05
7.390700000000389082e+03 4.009141048300080001e-05
7.391600000000389628e+03 4.055409590364433825e-05
7.392500000000389264e+03 4.050362622365355492e-05
7.393400000000388900e+03 4.035038364236243069e-05
7.394300000000389446e+03 4.057437763549387455e-05
7.395200000000389991e+03 4.100518344785086811e-05
7.396100000000389628e+03 4.125436316826380789e-05
7.397000000000389264e+03 4.126190106035210192e-05
7.397900000000389809e+03 4.107961649424396455e-05
7.398800000000390355e+03 4.069830538355745375e-05
7.399700000000389991e+03 4.037773032905533910e-05
7.400600000000389628e+03 4.043138324050232768e-05
7.401500000000390173e+03 4.094414543942548335e-05
7.402400000000390719e+03 4.163605990470387042e-05
7.403300000000390355e+03 4.211763371131382883e-05
7.404200000000389991e+03 4.214845830574631691e-05
7.405100000000390537e+03 4.183940109214745462e-05
7.406000000000391083e+03 4.154515772825106978e-05
7.406900000000390719e+03 4.138143413001671433e-05
7.407800000000390355e+03 4.113915929337963462e-05
7.408700000000390901e+03 4.070634895469993353e-05
7.409600000000391447e+03 4.013917350675910711e-05
