3.540500000000000000e+03 3.817873221123591065e-05
3.541400000000000091e+03 3.765781730180606246e-05
3.542300000000000182e+03 3.806898530456237495e-05
3.543200000000000273e+03 3.885901605826802552e-05
3.544100000000000364e+03 3.925946293747983873e-05
3.545000000000000455e+03 3.927457510144449770e-05
3.545900000000000546e+03 3.927686339011415839e-05
3.546800000000000637e+03 3.894807741744443774e-05
3.547700000000000728e+03 3.866010592901147902e-05
3.548600000000000819e+03 3.904343975591473281e-05
3.549500000000000909e+03 3.967948941863141954e-05
3.550400000000001000e+03 3.985952207585796714e-05
3.551300000000001091e+03 3.931907485821284354e-05
3.552200000000001182e+03 3.834668314084410667e-05
3.553100000000001273e+03 3.742601984413340688e-05
3.554000000000001364e+03 3.713867772603407502e-05
3.554900000000001455e+03 3.777483652811497450e-05
3.555800000000001546e+03 3.863048914354294538e-05
3.556700000000001637e+03 3.881702286889776587e-05
3.557600000000001728e+03 3.844272941933013499e-05
3.558500000000001819e+03 3.807847315329127014e-05
3.559400000000001910e+03 3.802344144787639380e-05
3.560300000000002001e+03 3.814989031525328755e-05
3.561200000000002092e+03 3.870728687616065145e-05
3.562100000000002183e+03 3.980689507443457842e-05
3.563000000000002274e+03 3.994513099314644933e-05
3.563900000000002365e+03 3.760615800274536014e-05
3.564800000000002456e+03 3.404447488719597459e-05
3.565700000000002547e+03 3.229417052352800965e-05
3.566600000000002638e+03 3.323658893350511789e-05
3.567500000000002728e+03 3.445797119638882577e-05
3.568400000000002819e+03 3.373682557139545679e-05
3.569300000000002910e+03 3.196965917595662177e-05
3.570200000000003001e+03 3.117776577710174024e-05
3.571100000000003092e+03 3.191868381691165268e-05
3.572000000000003183e+03 3.329363971715793014e-05
3.572900000000003274e+03 3.428917625569738448e-05
3.573800000000003365e+03 3.481756357359699905e-05
3.574700000000003456e+03 3.504832420730963349e-05
3.575600000000003547e+03 3.548966196831315756e-05
3.576500000000003638e+03 3.615993773564696312e-05
3.577400000000003729e+03 3.629574712249450386e-05
3.578300000000003820e+03 3.582905264920555055e-05
3.579200000000003911e+03 3.455936530372127891e-05
3.580100000000004002e+03 3.166935493936762214e-05
3.581000000000004093e+03 2.947288703580852598e-05
3.581900000000004184e+03 3.089894380536861718e-05
3.582800000000004275e+03 3.362135976203717291e-05
3.583700000000004366e+03 3.331821426399983466e-05
3.584600000000004457e+03 3.031980850209947675e-05
3.585500000000004547e+03 2.840078559529501945e-05
3.586400000000004638e+03 2.879753083107061684e-05
3.587300000000004729e+03 3.027317507076077163e-05
3.588200000000004820e+03 3.173849472659640014e-05
3.589100000000004911e+03 3.319708412163890898e-05
3.590000000000005002e+03 3.554714567144401371e-05
3.590900000000005093e+03 3.808528708759695292e-05
3.591800000000005184e+03 3.872957677231170237e-05
3.592700000000005275e+03 3.776813900913111866e-05
3.593600000000005366e+03 3.728926822077482939e-05
3.594500000000005457e+03 3.777808888116851449e-05
3.595400000000005548e+03 3.871942681143991649e-05
3.596300000000005639e+03 3.988537355326116085e-05
3.597200000000005730e+03 4.063327287440188229e-05
3.598100000000005821e+03 4.082210944034159184e-05
3.599000000000005912e+03 4.115453702979721129e-05
3.599900000000006003e+03 4.140432429267093539e-05
3.600800000000006094e+03 4.023201836389489472e-05
3.601700000000006185e+03 3.773592470679432154e-05
3.602600000000006276e+03 3.590736014302819967e-05
3.603500000000006366e+03 3.532788468874059618e-05
3.604400000000006457e+03 3.488443690002895892e-05
3.605300000000006548e+03 3.491040479275397956e-05
3.606200000000006639e+03 3.592207212932407856e-05
3.607100000000006730e+03 3.602796277846209705e-05
3.608000000000006821e+03 3.387917968211695552e-05
3.608900000000006912e+03 3.182042200933210552e-05
3.609800000000007003e+03 3.226718399673700333e-05
3.610700000000007094e+03 3.437510895309969783e-05
3.611600000000007185e+03 3.554107752279378474e-05
3.612500000000007276e+03 3.481901148916222155e-05
3.613400000000007367e+03 3.451313386904075742e-05
3.614300000000007458e+03 3.630138598964549601e-05
3.615200000000007549e+03 3.840620411210693419e-05
3.616100000000007640e+03 3.847225889330729842e-05
3.617000000000007731e+03 3.567759631550870836e-05
3.617900000000007822e+03 3.151909913867712021e-05
3.618800000000007913e+03 2.979434793815016747e-05
3.619700000000008004e+03 3.186458343407139182e-05
3.620600000000008095e+03 3.505698259687051177e-05
3.621500000000008185e+03 3.749298775801435113e-05
3.622400000000008276e+03 3.859073694911785424e-05
3.623300000000008367e+03 3.795708107645623386e-05
3.624200000000008458e+03 3.762282722163945436e-05
3.625100000000008549e+03 3.953683699364773929e-05
3.626000000000008640e+03 4.188443563180044293e-05
3.626900000000008731e+03 4.244276351528242230e-05
3.627800000000008822e+03 4.195603833068162203e-05
3.628700000000008913e+03 4.080596772837452590e-05
3.629600000000009004e+03 3.726152135641314089e-05
3.630500000000009095e+03 3.242206003051251173e-05
3.631400000000009186e+03 3.071570608881302178e-05
3.632300000000009277e+03 3.274859409430064261e-05
3.633200000000009368e+03 3.478234066278673708e-05
3.634100000000009459e+03 3.519232632243074477e-05
3.635000000000009550e+03 3.543610000633634627e-05
3.635900000000009641e+03 3.623087104642763734e-05
3.636800000000009732e+03 3.710404052981175482e-05
3.637700000000009823e+03 3.828136323136277497e-05
3.638600000000009913e+03 3.979494431405328214e-05
3.639500000000010004e+03 4.065102984895929694e-05
3.640400000000010095e+03 4.027302202302962542e-05
3.641300000000010186e+03 3.889669096679426730e-05
3.642200000000010277e+03 3.729152012965641916e-05
3.643100000000010368e+03 3.615152309066615999e-05
3.644000000000010459e+03 3.534034476615488529e-05
3.644900000000010550e+03 3.516820652293972671e-05
3.645800000000010641e+03 3.567056410247460008e-05
3.646700000000010732e+03 3.527044100337661803e-05
3.647600000000010823e+03 3.429303615121170878e-05
3.648500000000010914e+03 3.446494883974082768e-05
3.649400000000011005e+03 3.547006417647935450e-05
3.650300000000011096e+03 3.654460306279361248e-05
3.651200000000011187e+03 3.777226811507716775e-05
3.652100000000011278e+03 3.923475742340087891e-05
3.653000000000011369e+03 4.028467810712754726e-05
3.653900000000011460e+03 4.044679735670797527e-05
3.654800000000011551e+03 4.044609522679820657e-05
3.655700000000011642e+03 4.092275412403978407e-05
3.656600000000011732e+03 4.157223156653344631e-05
3.657500000000011823e+03 4.197531961835920811e-05
3.658400000000011914e+03 4.210308543406426907e-05
3.659300000000012005e+03 4.189156607026234269e-05
3.660200000000012096e+03 4.171508044237270951e-05
3.661100000000012187e+03 4.160615571890957654e-05
3.662000000000012278e+03 4.104444451513700187e-05
3.662900000000012369e+03 4.009066105936653912e-05
3.663800000000012460e+03 3.977732922066934407e-05
3.664700000000012551e+03 4.059487400809302926e-05
3.665600000000012642e+03 4.134917980991303921e-05
3.666500000000012733e+03 4.122970494790934026e-05
3.667400000000012824e+03 4.050854840897955000e-05
3.668300000000012915e+03 3.907513746526092291e-05
3.669200000000013006e+03 3.781622945098206401e-05
3.670100000000013097e+03 3.843491504085250199e-05
3.671000000000013188e+03 4.055530007462948561e-05
3.671900000000013279e+03 4.215300577925518155e-05
3.672800000000013370e+03 4.185177749604918063e-05
3.673700000000013461e+03 4.106219421373680234e-05
3.674600000000013551e+03 4.139014345128089190e-05
3.675500000000013642e+03 4.147526851738803089e-05
3.676400000000013733e+03 3.987245872849598527e-05
3.677300000000013824e+03 3.813097282545641065e-05
3.678200000000013915e+03 3.753869168576784432e-05
3.679100000000014006e+03 3.719636515597812831e-05
3.680000000000014097e+03 3.734528945642523468e-05
3.680900000000014188e+03 3.847415428026579320e-05
3.681800000000014279e+03 3.929852027795277536e-05
3.682700000000014370e+03 3.963115159422159195e-05
3.683600000000014461e+03 3.974548963014967740e-05
3.684500000000014552e+03 3.875496258842758834e-05
3.685400000000014643e+03 3.696826024679467082e-05
3.686300000000014734e+03 3.553058195393532515e-05
3.687200000000014825e+03 3.535533687681891024e-05
3.688100000000014916e+03 3.714894774020649493e-05
3.689000000000015007e+03 3.962112532462924719e-05
3.689900000000015098e+03 4.122504105907864869e-05
3.690800000000015189e+03 4.226897362968884408e-05
3.691700000000015280e+03 4.278826963854953647e-05
3.692600000000015370e+03 4.222790812491439283e-05
3.693500000000015461e+03 4.147813524468801916e-05
3.694400000000015552e+03 4.169440217083320022e-05
3.695300000000015643e+03 4.184058707323856652e-05
3.696200000000015734e+03 4.086261105840094388e-05
3.697100000000015825e+03 4.052935400977730751e-05
3.698000000000015916e+03 4.259216075297445059e-05
3.698900000000016007e+03 4.564234404824674129e-05
3.699800000000016098e+03 4.708949199994094670e-05
3.700700000000016189e+03 4.631849878933280706e-05
3.701600000000016280e+03 4.411484769661910832e-05
3.702500000000016371e+03 4.069815258844755590e-05
3.703400000000016462e+03 3.684707553475163877e-05
3.704300000000016553e+03 3.429982825764454901e-05
3.705200000000016644e+03 3.392160942894406617e-05
3.706100000000016735e+03 3.560871846275404096e-05
3.707000000000016826e+03 3.775604636757634580e-05
3.707900000000016917e+03 3.836066753137856722e-05
3.708800000000017008e+03 3.785207809414714575e-05
3.709700000000017099e+03 3.773833668674342334e-05
3.710600000000017189e+03 3.792926509049721062e-05
3.711500000000017280e+03 3.842151636490598321e-05
3.712400000000017371e+03 4.088701825821772218e-05
3.713300000000017462e+03 4.490288847591727972e-05
3.714200000000017553e+03 4.730520231532864273e-05
3.715100000000017644e+03 4.736827395390719175e-05
3.716000000000017735e+03 4.732470915769226849e-05
3.716900000000017826e+03 4.742796591017395258e-05
3.717800000000017917e+03 4.523076859186403453e-05
3.718700000000018008e+03 3.986635420005768538e-05
3.719600000000018099e+03 3.376206586835905910e-05
3.720500000000018190e+03 2.972162110381759703e-05
3.721400000000018281e+03 2.877384758903644979e-05
3.722300000000018372e+03 3.156671664328314364e-05
3.723200000000018463e+03 3.705782000906765461e-05
3.724100000000018554e+03 4.222380812279880047e-05
3.725000000000018645e+03 4.560101297101937234e-05
3.725900000000018736e+03 4.571589306578971446e-05
3.726800000000018827e+03 4.298788189771585166e-05
3.727700000000018917e+03 4.224352232995443046e-05
3.728600000000019008e+03 4.458291368791833520e-05
3.729500000000019099e+03 4.543094109976664186e-05
3.730400000000019190e+03 4.358069054433144629e-05
3.731300000000019281e+03 4.085400723852217197e-05
3.732200000000019372e+03 3.673115134006366134e-05
3.733100000000019463e+03 3.108882447122596204e-05
3.734000000000019554e+03 2.693343958526384085e-05
3.734900000000019645e+03 2.676728581718634814e-05
3.735800000000019736e+03 2.909575778176076710e-05
3.736700000000019827e+03 3.208642010577023029e-05
3.737600000000019918e+03 3.659026697278022766e-05
3.738500000000020009e+03 4.179583265795372427e-05
3.739400000000020100e+03 4.558958971756510437e-05
3.740300000000020191e+03 4.751316737383604050e-05
3.741200000000020282e+03 4.740062649943865836e-05
3.742100000000020373e+03 4.545994306681677699e-05
3.743000000000020464e+03 4.312875898904167116e-05
3.743900000000020555e+03 4.132287722313776612e-05
3.744800000000020646e+03 3.904754703398793936e-05
3.745700000000020736e+03 3.691996244015172124e-05
3.746600000000020827e+03 3.595518865040503442e-05
3.747500000000020918e+03 3.326454316265881062e-05
3.748400000000021009e+03 2.827502066793385893e-05
3.749300000000021100e+03 2.578062776592560112e-05
3.750200000000021191e+03 2.895846773753874004e-05
3.751100000000021282e+03 3.527503577060997486e-05
3.752000000000021373e+03 4.040924613946117461e-05
3.752900000000021464e+03 4.368536974652670324e-05
3.753800000000021555e+03 4.704998355009593070e-05
3.754700000000021646e+03 5.037400842411443591e-05
3.755600000000021737e+03 5.130316640133969486e-05
3.756500000000021828e+03 4.802030161954462528e-05
3.757400000000021919e+03 4.242749855620786548e-05
3.758300000000022010e+03 3.947859659092500806e-05
3.759200000000022101e+03 4.092937524546869099e-05
3.760100000000022192e+03 4.370626629679463804e-05
3.761000000000022283e+03 4.560719753499142826e-05
3.761900000000022374e+03 4.676263415603898466e-05
3.762800000000022465e+03 4.653536598198115826e-05
3.763700000000022555e+03 4.595713471644558012e-05
3.764600000000022646e+03 4.654812437365762889e-05
3.765500000000022737e+03 4.589330274029634893e-05
3.766400000000022828e+03 4.295555118005722761e-05
3.767300000000022919e+03 4.079347490915097296e-05
3.768200000000023010e+03 4.020912456326186657e-05
3.769100000000023101e+03 3.824010855169035494e-05
3.770000000000023192e+03 3.537569864420220256e-05
3.770900000000023283e+03 3.603774894145317376e-05
3.771800000000023374e+03 4.059713319293223321e-05
3.772700000000023465e+03 4.493800588534213603e-05
3.773600000000023556e+03 4.675695163314230740e-05
3.774500000000023647e+03 4.708553387899883091e-05
3.775400000000023738e+03 4.770863597514107823e-05
3.776300000000023829e+03 4.921948493574745953e-05
3.777200000000023920e+03 5.070060069556348026e-05
3.778100000000024011e+03 5.177266211831010878e-05
3.779000000000024102e+03 5.349860657588578761e-05
3.779900000000024193e+03 5.563955710385926068e-05
3.780800000000024284e+03 5.661885006702505052e-05
3.781700000000024374e+03 5.628279905067756772e-05
3.782600000000024465e+03 5.616959242615848780e-05
3.783500000000024556e+03 5.699463144992478192e-05
3.784400000000024647e+03 5.679271271219477057e-05
3.785300000000024738e+03 5.352481821319088340e-05
3.786200000000024829e+03 4.962923048879019916e-05
3.787100000000024920e+03 4.823734707315452397e-05
3.788000000000025011e+03 4.799720409209840000e-05
3.788900000000025102e+03 4.729706415673717856e-05
3.789800000000025193e+03 4.697495023719966412e-05
3.790700000000025284e+03 4.777075810125097632e-05
3.791600000000025375e+03 4.806350625585764647e-05
3.792500000000025466e+03 4.624271969078108668e-05
3.793400000000025557e+03 4.320253719924949110e-05
3.794300000000025648e+03 4.067639383720234036e-05
3.795200000000025739e+03 3.892408130923286080e-05
3.796100000000025830e+03 3.641017974587157369e-05
3.797000000000025921e+03 3.251050657127052546e-05
3.797900000000026012e+03 3.028724495379719883e-05
3.798800000000026102e+03 3.260840821894817054e-05
3.799700000000026193e+03 3.818867116933688521e-05
3.800600000000026284e+03 4.346415880718268454e-05
3.801500000000026375e+03 4.691564026870764792e-05
3.802400000000026466e+03 4.999987140763550997e-05
3.803300000000026557e+03 5.271984628052450716e-05
3.804200000000026648e+03 5.373064777813851833e-05
3.805100000000026739e+03 5.307051105774007738e-05
3.806000000000026830e+03 5.143649104866199195e-05
3.806900000000026921e+03 5.044149656896479428e-05
3.807800000000027012e+03 5.189695730223320425e-05
3.808700000000027103e+03 5.490846888278611004e-05
3.809600000000027194e+03 5.728685573558323085e-05
3.810500000000027285e+03 5.800868530059233308e-05
3.811400000000027376e+03 5.680554022546857595e-05
3.812300000000027467e+03 5.386704287957400084e-05
3.813200000000027558e+03 5.082767165731638670e-05
3.814100000000027649e+03 4.902221553493291140e-05
3.815000000000027740e+03 4.794562119059264660e-05
3.815900000000027831e+03 4.866054223384708166e-05
3.816800000000027921e+03 5.194469486013986170e-05
3.817700000000028012e+03 5.440957829705439508e-05
3.818600000000028103e+03 5.255737050902098417e-05
3.819500000000028194e+03 4.754948895424604416e-05
3.820400000000028285e+03 4.489272396313026547e-05
3.821300000000028376e+03 4.753439498017542064e-05
3.822200000000028467e+03 5.108397454023361206e-05
3.823100000000028558e+03 5.025643986300565302e-05
3.824000000000028649e+03 4.591197284753434360e-05
3.824900000000028740e+03 4.243227886036038399e-05
3.825800000000028831e+03 4.156949944444932044e-05
3.826700000000028922e+03 4.190139588899910450e-05
3.827600000000029013e+03 4.161807737546041608e-05
3.828500000000029104e+03 4.106324922759085894e-05
3.829400000000029195e+03 4.127873398829251528e-05
3.830300000000029286e+03 4.101930244360119104e-05
3.831200000000029377e+03 3.792553252424113452e-05
3.832100000000029468e+03 3.338519672979600728e-05
3.833000000000029559e+03 3.031932101293932647e-05
3.833900000000029650e+03 2.861404391296673566e-05
3.834800000000029740e+03 2.826540003297850490e-05
3.835700000000029831e+03 3.007508894370403141e-05
3.836600000000029922e+03 3.227126217097975314e-05
3.837500000000030013e+03 3.291492612333968282e-05
3.838400000000030104e+03 3.359539186931215227e-05
3.839300000000030195e+03 3.548423410393297672e-05
3.840200000000030286e+03 3.780168117373250425e-05
3.841100000000030377e+03 4.145253114984370768e-05
3.842000000000030468e+03 4.616497244569472969e-05
3.842900000000030559e+03 4.952884410158731043e-05
3.843800000000030650e+03 5.109074118081480265e-05
3.844700000000030741e+03 5.158979911357164383e-05
3.845600000000030832e+03 5.179952495382167399e-05
3.846500000000030923e+03 5.307201354298740625e-05
3.847400000000031014e+03 5.486207737703807652e-05
3.848300000000031105e+03 5.464456626214087009e-05
3.849200000000031196e+03 5.241169856162741780e-05
3.850100000000031287e+03 5.145278919371776283e-05
3.851000000000031378e+03 5.349388811737298965e-05
3.851900000000031469e+03 5.604284888249821961e-05
3.852800000000031559e+03 5.685817814082838595e-05
3.853700000000031650e+03 5.643673648592084646e-05
3.854600000000031741e+03 5.519423211808316410e-05
3.855500000000031832e+03 5.349234561435878277e-05
3.856400000000031923e+03 5.303736907080747187e-05
3.857300000000032014e+03 5.319670890457928181e-05
3.858200000000032105e+03 5.097631947137415409e-05
3.859100000000032196e+03 4.779015216627158225e-05
3.860000000000032287e+03 4.797904330189339817e-05
3.860900000000032378e+03 5.195267658564262092e-05
3.861800000000032469e+03 5.636470450554043055e-05
3.862700000000032560e+03 5.866582796443253756e-05
3.863600000000032651e+03 5.866870560566894710e-05
3.864500000000032742e+03 5.744468944612890482e-05
3.865400000000032833e+03 5.637959475279785693e-05
3.866300000000032924e+03 5.639899245579726994e-05
3.867200000000033015e+03 5.699446774087846279e-05
3.868100000000033106e+03 5.719639739254489541e-05
3.869000000000033197e+03 5.655273707816377282e-05
3.869900000000033288e+03 5.470449468703009188e-05
3.870800000000033378e+03 5.159381908015348017e-05
3.871700000000033469e+03 4.825863288715481758e-05
3.872600000000033560e+03 4.734670073958113790e-05
3.873500000000033651e+03 4.996265124646015465e-05
3.874400000000033742e+03 5.366521509131416678e-05
3.875300000000033833e+03 5.536023672902956605e-05
3.876200000000033924e+03 5.387776400311850011e-05
3.877100000000034015e+03 4.961734885000623763e-05
3.878000000000034106e+03 4.593432095134630799e-05
3.878900000000034197e+03 4.682203143602237105e-05
3.879800000000034288e+03 4.983384860679507256e-05
3.880700000000034379e+03 4.981603706255555153e-05
3.881600000000034470e+03 4.716916737379506230e-05
3.882500000000034561e+03 4.585282658808864653e-05
3.883400000000034652e+03 4.680876736529171467e-05
3.884300000000034743e+03 4.647381138056516647e-05
3.885200000000034834e+03 4.262315633241087198e-05
3.886100000000034925e+03 3.809490590356290340e-05
3.887000000000035016e+03 3.546694279066286981e-05
3.887900000000035106e+03 3.328872116981074214e-05
3.888800000000035197e+03 3.187130278092809021e-05
3.889700000000035288e+03 3.430074502830393612e-05
3.890600000000035379e+03 3.975168510805815458e-05
3.891500000000035470e+03 4.460949639906175435e-05
3.892400000000035561e+03 4.701661600847728550e-05
3.893300000000035652e+03 4.750429434352554381e-05
3.894200000000035743e+03 4.734075264423154294e-05
3.895100000000035834e+03 4.769974475493654609e-05
3.896000000000035925e+03 4.976904529030434787e-05
3.896900000000036016e+03 5.207794310990720987e-05
3.897800000000036107e+03 5.236218567006289959e-05
3.898700000000036198e+03 5.152201993041671813e-05
3.899600000000036289e+03 5.155294638825580478e-05
3.900500000000036380e+03 5.334092566045001149e-05
3.901400000000036471e+03 5.492653144756332040e-05
3.902300000000036562e+03 5.452952609630301595e-05
3.903200000000036653e+03 5.411798701970838010e-05
3.904100000000036744e+03 5.398712892201729119e-05
3.905000000000036835e+03 5.220967796049080789e-05
3.905900000000036925e+03 5.120212881593033671e-05
3.906800000000037016e+03 5.363854870665818453e-05
3.907700000000037107e+03 5.737068568123504519e-05
3.908600000000037198e+03 5.963636795058846474e-05
3.909500000000037289e+03 6.022372326697222888e-05
3.910400000000037380e+03 6.080593811930157244e-05
3.911300000000037471e+03 6.214567838469520211e-05
3.912200000000037562e+03 6.223795935511589050e-05
3.913100000000037653e+03 6.044258770998567343e-05
3.914000000000037744e+03 5.934957152931019664e-05
3.914900000000037835e+03 5.961367787676863372e-05
3.915800000000037926e+03 5.936210800427943468e-05
3.916700000000038017e+03 5.878656884306110442e-05
3.917600000000038108e+03 5.839235382154583931e-05
3.918500000000038199e+03 5.743845758843235672e-05
3.919400000000038290e+03 5.585909457295201719e-05
3.920300000000038381e+03 5.430911187431775033e-05
3.921200000000038472e+03 5.400148074841126800e-05
3.922100000000038563e+03 5.479460742208175361e-05
3.923000000000038654e+03 5.583134770859032869e-05
3.923900000000038744e+03 5.658085865434259176e-05
3.924800000000038835e+03 5.570611756411381066e-05
3.925700000000038926e+03 5.339594645192846656e-05
3.926600000000039017e+03 5.040486939833499491e-05
3.927500000000039108e+03 4.651474955608136952e-05
3.928400000000039199e+03 4.251626523910090327e-05
3.929300000000039290e+03 3.887720959028229117e-05
3.930200000000039381e+03 3.484043190837837756e-05
3.931100000000039472e+03 3.003798701683990657e-05
3.932000000000039563e+03 2.462034353811759502e-05
3.932900000000039654e+03 2.008631417993456125e-05
3.933800000000039745e+03 1.924666503327898681e-05
3.934700000000039836e+03 2.292525277880486101e-05
3.935600000000039927e+03 2.897536614909768105e-05
3.936500000000040018e+03 3.493929034448228776e-05
3.937400000000040109e+03 3.997385283582843840e-05
3.938300000000040200e+03 4.452780922292731702e-05
3.939200000000040291e+03 4.852137135458178818e-05
3.940100000000040382e+03 5.091367347631603479e-05
3.941000000000040473e+03 5.180131847737357020e-05
3.941900000000040563e+03 5.213731128606013954e-05
3.942800000000040654e+03 5.169409996597096324e-05
3.943700000000040745e+03 5.097679968457669020e-05
3.944600000000040836e+03 5.260347825242206454e-05
3.945500000000040927e+03 5.646482895826920867e-05
3.946400000000041018e+03 5.855468043591827154e-05
3.947300000000041109e+03 5.729838449042290449e-05
3.948200000000041200e+03 5.584993050433695316e-05
3.949100000000041291e+03 5.674572093994356692e-05
3.950000000000041382e+03 5.874479029444046319e-05
3.950900000000041473e+03 5.923485878156498075e-05
3.951800000000041564e+03 5.765475725638680160e-05
3.952700000000041655e+03 5.668785524903796613e-05
3.953600000000041746e+03 5.853840048075653613e-05
3.954500000000041837e+03 6.007199408486485481e-05
3.955400000000041928e+03 5.802610394312068820e-05
3.956300000000042019e+03 5.486882218974642456e-05
3.957200000000042110e+03 5.433455589809454978e-05
3.958100000000042201e+03 5.604709804174490273e-05
3.959000000000042292e+03 5.709171819034963846e-05
3.959900000000042382e+03 5.492992204381152987e-05
3.960800000000042473e+03 4.969737710780464113e-05
3.961700000000042564e+03 4.491477011470124125e-05
3.962600000000042655e+03 4.270920180715620518e-05
3.963500000000042746e+03 4.124673796468414366e-05
3.964400000000042837e+03 3.829176421277225018e-05
3.965300000000042928e+03 3.320780888316221535e-05
3.966200000000043019e+03 2.666021282493602484e-05
3.967100000000043110e+03 2.020898500632029027e-05
3.968000000000043201e+03 1.572560722706839442e-05
3.968900000000043292e+03 1.476995203120168298e-05
3.969800000000043383e+03 1.754250843077898026e-05
3.970700000000043474e+03 2.270016739203128964e-05
3.971600000000043565e+03 2.848899021046236157e-05
3.972500000000043656e+03 3.361009294167160988e-05
3.973400000000043747e+03 3.788700269069522619e-05
3.974300000000043838e+03 4.208537575323134661e-05
3.975200000000043929e+03 4.601490581990219653e-05
3.976100000000044020e+03 4.873225771007128060e-05
3.977000000000044110e+03 5.088815305498428643e-05
3.977900000000044201e+03 5.358017006074078381e-05
3.978800000000044292e+03 5.654129927279427648e-05
3.979700000000044383e+03 5.890144893783144653e-05
3.980600000000044474e+03 5.944992881268262863e-05
3.981500000000044565e+03 5.817983765155076981e-05
3.982400000000044656e+03 5.730356133426539600e-05
3.983300000000044747e+03 5.813504321849904954e-05
3.984200000000044838e+03 5.989006240270100534e-05
3.985100000000044929e+03 6.116597796790301800e-05
3.986000000000045020e+03 6.131461850600317121e-05
3.986900000000045111e+03 6.180705531733110547e-05
3.987800000000045202e+03 6.357575330184772611e-05
3.988700000000045293e+03 6.439095886889845133e-05
3.989600000000045384e+03 6.372688949340954423e-05
3.990500000000045475e+03 6.404000305337831378e-05
3.991400000000045566e+03 6.573169957846403122e-05
3.992300000000045657e+03 6.716436473652720451e-05
3.993200000000045748e+03 6.720168312313035131e-05
3.994100000000045839e+03 6.586367089767009020e-05
3.995000000000045929e+03 6.442153244279325008e-05
3.995900000000046020e+03 6.325456342892721295e-05
3.996800000000046111e+03 6.183224468259140849e-05
3.997700000000046202e+03 6.128421955509111285e-05
3.998600000000046293e+03 6.337060767691582441e-05
3.999500000000046384e+03 6.641677464358508587e-05
4.000400000000046475e+03 6.764744466636329889e-05
4.001300000000046566e+03 6.790905172238126397e-05
4.002200000000046657e+03 6.890897930134087801e-05
4.003100000000046748e+03 6.919191946508362889e-05
4.004000000000046839e+03 6.628764822380617261e-05
4.004900000000046930e+03 6.169118569232523441e-05
4.005800000000047021e+03 6.025613402016460896e-05
4.006700000000047112e+03 6.305954593699425459e-05
4.007600000000047203e+03 6.658135680481791496e-05
4.008500000000047294e+03 6.816901441197842360e-05
4.009400000000047385e+03 6.839371053501963615e-05
4.010300000000047476e+03 6.874622340546920896e-05
4.011200000000047567e+03 6.882759043946862221e-05
4.012100000000047658e+03 6.837445107521489263e-05
4.013000000000047748e+03 6.808895705034956336e-05
4.013900000000047839e+03 6.812886567786335945e-05
4.014800000000047930e+03 6.885472248541191220e-05
4.015700000000048021e+03 6.950234819669276476e-05
4.016600000000048112e+03 6.867855699965730309e-05
4.017500000000048203e+03 6.785975710954517126e-05
4.018400000000048294e+03 6.892235978739336133e-05
4.019300000000048385e+03 7.037724572001025081e-05
4.020200000000048476e+03 7.019766053417697549e-05
4.021100000000048567e+03 6.925875641172751784e-05
4.022000000000048658e+03 6.901079905219376087e-05
4.022900000000048749e+03 6.885551556479185820e-05
4.023800000000048840e+03 6.771492917323485017e-05
4.024700000000048931e+03 6.715995550621300936e-05
4.025600000000049022e+03 6.892533565405756235e-05
4.026500000000049113e+03 7.132692553568631411e-05
4.027400000000049204e+03 7.235413067974150181e-05
4.028300000000049295e+03 7.196087972261011600e-05
4.029200000000049386e+03 6.963771011214703321e-05
4.030100000000049477e+03 6.570517871296033263e-05
4.031000000000049567e+03 6.322650733636692166e-05
4.031900000000049658e+03 6.306858995230868459e-05
4.032800000000049749e+03 6.346619193209335208e-05
4.033700000000049840e+03 6.426307663787156343e-05
4.034600000000049931e+03 6.583714275620877743e-05
4.035500000000050022e+03 6.823203148087486625e-05
4.036400000000050113e+03 7.122507668100297451e-05
4.037300000000050204e+03 7.354714762186631560e-05
4.038200000000050295e+03 7.408911187667399645e-05
4.039100000000050386e+03 7.285699393833056092e-05
4.040000000000050477e+03 7.062315125949680805e-05
4.040900000000050568e+03 6.945733184693381190e-05
4.041800000000050659e+03 7.058079791022464633e-05
4.042700000000050750e+03 7.130459562176838517e-05
4.043600000000050841e+03 6.832611688878387213e-05
4.044500000000050932e+03 6.228561687748879194e-05
4.045400000000051023e+03 5.812216841150075197e-05
4.046300000000051114e+03 6.054704499547369778e-05
4.047200000000051205e+03 6.680617661913856864e-05
4.048100000000051296e+03 7.048629777273163199e-05
4.049000000000051386e+03 7.110040314728394151e-05
4.049900000000051477e+03 7.153186015784740448e-05
4.050800000000051568e+03 7.190745236584916711e-05
4.051700000000051659e+03 7.109814760042354465e-05
4.052600000000051750e+03 6.964241765672340989e-05
4.053500000000051841e+03 6.833407678641378880e-05
4.054400000000051932e+03 6.736884097335860133e-05
4.055300000000052023e+03 6.739261880284175277e-05
4.056200000000052114e+03 6.765192665625363588e-05
4.057100000000052205e+03 6.665541877737268806e-05
4.058000000000052296e+03 6.589991971850395203e-05
4.058900000000052387e+03 6.732635665684938431e-05
4.059800000000052478e+03 6.995608418947085738e-05
4.060700000000052569e+03 7.132971222745254636e-05
4.061600000000052660e+03 6.937626312719658017e-05
4.062500000000052751e+03 6.430367648135870695e-05
4.063400000000052842e+03 6.055000994820147753e-05
4.064300000000052933e+03 6.211733125383034348e-05
4.065200000000053024e+03 6.570771074621006846e-05
4.066100000000053114e+03 6.634532473981380463e-05
4.067000000000053205e+03 6.569934339495375752e-05
4.067900000000053296e+03 6.755456706741824746e-05
4.068800000000053387e+03 7.071941945469006896e-05
4.069700000000053478e+03 7.100842049112543464e-05
4.070600000000053569e+03 6.724100239807739854e-05
4.071500000000053660e+03 6.376675446517765522e-05
4.072400000000053751e+03 6.494820991065353155e-05
4.073300000000053842e+03 6.827910692663863301e-05
4.074200000000053933e+03 6.923091859789565206e-05
4.075100000000054024e+03 6.715323252137750387e-05
4.076000000000054115e+03 6.304902490228414536e-05
4.076900000000054206e+03 5.902956763748079538e-05
4.077800000000054297e+03 5.838853030581958592e-05
4.078700000000054388e+03 6.150260014692321420e-05
4.079600000000054479e+03 6.557043525390326977e-05
4.080500000000054570e+03 6.882975867483764887e-05
4.081400000000054661e+03 7.015177106950432062e-05
4.082300000000054752e+03 6.877817941131070256e-05
4.083200000000054843e+03 6.612281868001446128e-05
4.084100000000054933e+03 6.431600195355713367e-05
4.085000000000055024e+03 6.418288830900564790e-05
4.085900000000055115e+03 6.555068102898076177e-05
4.086800000000055206e+03 6.782080890843644738e-05
4.087700000000055297e+03 6.989348912611603737e-05
4.088600000000055388e+03 7.062104123178869486e-05
4.089500000000055479e+03 6.988391396589577198e-05
4.090400000000055570e+03 6.843959272373467684e-05
4.091300000000055661e+03 6.672941526630893350e-05
4.092200000000055752e+03 6.542988558067008853e-05
4.093100000000055843e+03 6.554838910233229399e-05
4.094000000000055934e+03 6.552677223226055503e-05
4.094900000000056025e+03 6.314890197245404124e-05
4.095800000000056116e+03 5.989983037579804659e-05
4.096700000000056207e+03 5.806318222312256694e-05
4.097600000000056752e+03 5.718622196582145989e-05
4.098500000000056389e+03 5.558836346608586609e-05
4.099400000000056025e+03 5.189915464143268764e-05
4.100300000000056571e+03 4.549881123239174485e-05
4.101200000000057116e+03 3.973713319282978773e-05
4.102100000000056752e+03 3.997612657258287072e-05
4.103000000000056389e+03 4.572187026496976614e-05
4.103900000000056934e+03 5.183758185012266040e-05
4.104800000000057480e+03 5.604313264484517276e-05
4.105700000000057116e+03 5.895472349948249757e-05
4.106600000000056752e+03 6.066610512789338827e-05
4.107500000000057298e+03 6.150262197479605675e-05
4.108400000000057844e+03 6.181163189467042685e-05
4.109300000000057480e+03 6.161148485261946917e-05
4.110200000000057116e+03 6.180734635563567281e-05
4.111100000000057662e+03 6.282932008616626263e-05
4.112000000000058208e+03 6.421777652576565742e-05
4.112900000000057844e+03 6.574152939720079303e-05
4.113800000000057480e+03 6.706693966407328844e-05
4.114700000000058026e+03 6.795907393097877502e-05
4.115600000000058571e+03 6.887954805279150605e-05
4.116500000000058208e+03 6.933411350473761559e-05
4.117400000000057844e+03 6.791885243728756905e-05
4.118300000000058390e+03 6.541430047946050763e-05
4.119200000000058935e+03 6.483111792476847768e-05
4.120100000000058571e+03 6.634429882979020476e-05
4.121000000000058208e+03 6.717945507261902094e-05
4.121900000000058753e+03 6.680544902337715030e-05
4.122800000000059299e+03 6.683590618195012212e-05
4.123700000000058935e+03 6.804636359447613358e-05
4.124600000000058571e+03 6.955450226087123156e-05
4.125500000000059117e+03 6.986921653151512146e-05
4.126400000000059663e+03 6.885974289616569877e-05
4.127300000000059299e+03 6.747628503944724798e-05
4.128200000000058935e+03 6.680952355964109302e-05
4.129100000000059481e+03 6.720325472997501493e-05
4.130000000000060027e+03 6.764789577573537827e-05
4.130900000000059663e+03 6.673238385701552033e-05
4.131800000000059299e+03 6.449797365348786116e-05
4.132700000000059845e+03 6.324816058622673154e-05
4.133600000000060390e+03 6.374812073772773147e-05
4.134500000000060027e+03 6.552967533934861422e-05
4.135400000000059663e+03 6.846652831882238388e-05
4.136300000000060209e+03 7.045032543828710914e-05
4.137200000000060754e+03 7.092214218573644757e-05
4.138100000000060390e+03 7.177256338763982058e-05
4.139000000000060027e+03 7.277973054442554712e-05
4.139900000000060572e+03 7.291544898180291057e-05
4.140800000000061118e+03 7.186349102994427085e-05
4.141700000000060754e+03 6.868056516395881772e-05
4.142600000000060390e+03 6.387273606378585100e-05
4.143500000000060936e+03 6.134792783996090293e-05
4.144400000000061482e+03 6.379526166711002588e-05
4.145300000000061118e+03 6.816685345256701112e-05
4.146200000000060754e+03 7.053148146951571107e-05
4.147100000000061300e+03 7.081903459038585424e-05
4.148000000000061846e+03 7.018110045464709401e-05
4.148900000000061482e+03 6.894664693390950561e-05
4.149800000000061118e+03 6.822168506914749742e-05
4.150700000000061664e+03 6.889085489092394710e-05
4.151600000000062209e+03 6.947218207642436028e-05
4.152500000000061846e+03 6.892310921102762222e-05
4.153400000000061482e+03 6.754062633262947202e-05
4.154300000000062028e+03 6.651235162280499935e-05
4.155200000000062573e+03 6.681241211481392384e-05
4.156100000000062209e+03 6.725860293954610825e-05
4.157000000000061846e+03 6.781762203900143504e-05
4.157900000000062391e+03 6.927195499883964658e-05
4.158800000000062937e+03 7.071264553815126419e-05
4.159700000000062573e+03 7.134101906558498740e-05
4.160600000000062209e+03 7.113047468010336161e-05
4.161500000000062755e+03 7.124659168766811490e-05
4.162400000000063301e+03 7.217592064989730716e-05
4.163300000000062937e+03 7.245942833833396435e-05
4.164200000000062573e+03 7.195307989604771137e-05
4.165100000000063119e+03 7.173568883445113897e-05
4.166000000000063665e+03 7.118003850337117910e-05
4.166900000000063301e+03 6.974481220822781324e-05
4.167800000000062937e+03 6.925325578777119517e-05
4.168700000000063483e+03 7.052948785712942481e-05
4.169600000000064028e+03 7.129841105779632926e-05
4.170500000000063665e+03 6.970526010263711214e-05
4.171400000000063301e+03 6.592934369109570980e-05
4.172300000000063847e+03 6.231582665350288153e-05
4.173200000000064392e+03 6.162274803500622511e-05
4.174100000000064028e+03 6.367832247633486986e-05
4.175000000000063665e+03 6.608449621126055717e-05
4.175900000000064210e+03 6.718903023283928633e-05
4.176800000000064756e+03 6.659831706201657653e-05
4.177700000000064392e+03 6.562903581652790308e-05
4.178600000000064028e+03 6.657107587670907378e-05
4.179500000000064574e+03 6.900226435391232371e-05
4.180400000000065120e+03 7.005416409811004996e-05
4.181300000000064756e+03 6.876158295199275017e-05
4.182200000000064392e+03 6.759021925972774625e-05
4.183100000000064938e+03 6.798149843234568834e-05
4.184000000000065484e+03 6.912178650964051485e-05
4.184900000000065120e+03 7.029799598967656493e-05
4.185800000000064756e+03 6.965736974962055683e-05
4.186700000000065302e+03 6.673575990134850144e-05
4.187600000000065847e+03 6.530332757392898202e-05
4.188500000000065484e+03 6.733022019034251571e-05
4.189400000000065120e+03 6.964174826862290502e-05
4.190300000000065666e+03 6.956668221391737461e-05
4.191200000000066211e+03 6.863243470434099436e-05
4.192100000000065847e+03 6.992109410930424929e-05
4.193000000000065484e+03 7.262342842295765877e-05
4.193900000000066029e+03 7.291620568139478564e-05
4.194800000000066575e+03 7.028171967249363661e-05
4.195700000000066211e+03 6.788242171751335263e-05
4.196600000000065847e+03 6.690377631457522511e-05
4.197500000000066393e+03 6.530417886096984148e-05
4.198400000000066939e+03 6.362055864883586764e-05
4.199300000000066575e+03 6.446788756875321269e-05
4.200200000000066211e+03 6.611500430153682828e-05
4.201100000000066757e+03 6.580467015737667680e-05
4.202000000000067303e+03 6.519063754240050912e-05
4.202900000000066939e+03 6.617566396016627550e-05
4.203800000000066575e+03 6.726088031427934766e-05
4.204700000000067121e+03 6.750215106876567006e-05
4.205600000000067666e+03 6.813055370002985001e-05
4.206500000000067303e+03 6.942827894818037748e-05
4.207400000000066939e+03 7.081914372975006700e-05
4.208300000000067485e+03 7.149638986447826028e-05
4.209200000000068030e+03 7.081069634296000004e-05
4.210100000000067666e+03 6.999957258813083172e-05
4.211000000000067303e+03 7.047027611406520009e-05
4.211900000000067848e+03 7.157595246098935604e-05
4.212800000000068394e+03 7.186381117207929492e-05
4.213700000000068030e+03 7.061738142510876060e-05
4.214600000000067666e+03 6.750406464561820030e-05
4.215500000000068212e+03 6.453975947806611657e-05
4.216400000000068758e+03 6.526115612359717488e-05
4.217300000000068394e+03 6.853066588519141078e-05
4.218200000000068030e+03 7.067341357469558716e-05
4.219100000000068576e+03 7.141276728361845016e-05
4.220000000000069122e+03 7.232008647406473756e-05
4.220900000000068758e+03 7.301752339117228985e-05
4.221800000000068394e+03 7.193451892817392945e-05
4.222700000000068940e+03 6.948305963305756450e-05
4.223600000000069485e+03 6.687828863505274057e-05
4.224500000000069122e+03 6.354539073072373867e-05
4.225400000000068758e+03 5.830546433571726084e-05
4.226300000000069303e+03 5.343268639990128577e-05
4.227200000000069849e+03 5.477415106724947691e-05
4.228100000000069485e+03 6.239201320568099618e-05
4.229000000000069122e+03 6.897720595588907599e-05
4.229900000000069667e+03 7.135454507078975439e-05
4.230800000000070213e+03 7.181070395745337009e-05
4.231700000000069849e+03 7.069376442814245820e-05
4.232600000000069485e+03 6.806213059462606907e-05
4.233500000000070031e+03 6.695182673865929246e-05
4.234400000000070577e+03 6.769711762899532914e-05
4.235300000000070213e+03 6.692623719573020935e-05
4.236200000000069849e+03 6.530879181809723377e-05
4.237100000000070395e+03 6.557632150361314416e-05
4.238000000000070941e+03 6.668824062217026949e-05
4.238900000000070577e+03 6.710760499117895961e-05
4.239800000000070213e+03 6.788958853576332331e-05
4.240700000000070759e+03 6.968963862163946033e-05
4.241600000000071304e+03 7.048551196930930018e-05
4.242500000000070941e+03 6.966247019590809941e-05
4.243400000000070577e+03 7.004123472142964602e-05
4.244300000000071122e+03 7.175299106165766716e-05
4.245200000000071668e+03 7.170673052314668894e-05
4.246100000000071304e+03 6.923141336301341653e-05
4.247000000000070941e+03 6.655877950834110379e-05
4.247900000000071486e+03 6.559662870131433010e-05
4.248800000000072032e+03 6.537510489579290152e-05
4.249700000000071668e+03 6.443259189836680889e-05
4.250600000000071304e+03 6.479022704297676682e-05
4.251500000000071850e+03 6.782539276173338294e-05
4.252400000000072396e+03 7.010286208242177963e-05
4.253300000000072032e+03 6.893097452120855451e-05
4.254200000000071668e+03 6.644575478276237845e-05
4.255100000000072214e+03 6.621063221246004105e-05
4.256000000000072760e+03 6.878373096697032452e-05
4.256900000000072396e+03 7.121205999283120036e-05
4.257800000000072032e+03 7.039790216367691755e-05
4.258700000000072578e+03 6.714845221722498536e-05
4.259600000000073123e+03 6.399724952643737197e-05
4.260500000000072760e+03 6.271291204029694200e-05
4.261400000000072396e+03 6.483186734840273857e-05
4.262300000000072941e+03 6.886861228849738836e-05
4.263200000000073487e+03 7.159933011280372739e-05
4.264100000000073123e+03 7.233677752083167434e-05
4.265000000000072760e+03 7.270821515703573823e-05
4.265900000000073305e+03 7.282176375156268477e-05
4.266800000000073851e+03 7.125894626369699836e-05
4.267700000000073487e+03 6.919279257999733090e-05
4.268600000000073123e+03 6.850897625554352999e-05
4.269500000000073669e+03 6.734854105161502957e-05
4.270400000000074215e+03 6.349046452669426799e-05
4.271300000000073851e+03 5.953923027846030891e-05
4.272200000000073487e+03 5.980209971312433481e-05
4.273100000000074033e+03 6.226598634384572506e-05
4.274000000000074579e+03 6.261681119212880731e-05
4.274900000000074215e+03 6.286193820415064692e-05
4.275800000000073851e+03 6.587595999008044600e-05
4.276700000000074397e+03 6.958579615456983447e-05
4.277600000000074942e+03 7.142514368752017617e-05
4.278500000000074579e+03 7.090924191288650036e-05
4.279400000000074215e+03 6.821333954576402903e-05
4.280300000000074760e+03 6.578518514288589358e-05
4.281200000000075306e+03 6.568291428266093135e-05
4.282100000000074942e+03 6.653790478594601154e-05
4.283000000000074579e+03 6.756366929039359093e-05
4.283900000000075124e+03 6.816693348810076714e-05
4.284800000000075670e+03 6.658377969870343804e-05
4.285700000000075306e+03 6.440714787459000945e-05
4.286600000000074942e+03 6.414182280423119664e-05
4.287500000000075488e+03 6.440834113163873553e-05
4.288400000000076034e+03 6.245425174711272120e-05
4.289300000000075670e+03 5.894322021049447358e-05
4.290200000000075306e+03 5.781168511020950973e-05
4.291100000000075852e+03 6.058690269128419459e-05
4.292000000000076398e+03 6.470819062087684870e-05
4.292900000000076034e+03 6.688558642053976655e-05
4.293800000000075670e+03 6.602981738978996873e-05
4.294700000000076216e+03 6.464027683250606060e-05
4.295600000000076761e+03 6.424695311579853296e-05
4.296500000000076398e+03 6.319390377029776573e-05
4.297400000000076034e+03 6.081157698645256460e-05
4.298300000000076579e+03 5.717184467357583344e-05
4.299200000000077125e+03 5.319116098689846694e-05
4.300100000000076761e+03 5.188774230191484094e-05
4.301000000000076398e+03 5.329975101631134748e-05
4.301900000000076943e+03 5.419917943072505295e-05
4.302800000000077489e+03 5.444624548545107245e-05
4.303700000000077125e+03 5.578869604505598545e-05
4.304600000000076761e+03 5.702910493710078299e-05
4.305500000000077307e+03 5.699954635929316282e-05
4.306400000000077853e+03 5.576659896178171039e-05
4.307300000000077489e+03 5.304007572703994811e-05
4.308200000000077125e+03 5.088772377348504961e-05
4.309100000000077671e+03 5.170416989130899310e-05
4.310000000000078217e+03 5.410861558630131185e-05
4.310900000000077853e+03 5.614899055217392743e-05
4.311800000000077489e+03 5.756503378506749868e-05
4.312700000000078035e+03 5.880734897800721228e-05
4.313600000000078580e+03 5.986083851894363761e-05
4.314500000000078217e+03 6.177886825753375888e-05
4.315400000000077853e+03 6.654302706010639668e-05
4.316300000000078398e+03 7.195798389147967100e-05
4.317200000000078944e+03 7.406206714222207665e-05
4.318100000000078580e+03 7.350609666900709271e-05
4.319000000000078217e+03 7.255723903654143214e-05
4.319900000000078762e+03 7.137258216971531510e-05
4.320800000000079308e+03 6.985273648751899600e-05
4.321700000000078944e+03 6.875718099763616920e-05
4.322600000000078580e+03 6.630103598581627011e-05
4.323500000000079126e+03 6.169756670715287328e-05
4.324400000000079672e+03 5.724176662624813616e-05
4.325300000000079308e+03 5.497427628142759204e-05
4.326200000000078944e+03 5.712473284802399576e-05
4.327100000000079490e+03 6.288926670094951987e-05
4.328000000000080036e+03 6.781392585253342986e-05
4.328900000000079672e+03 6.919815496075898409e-05
4.329800000000079308e+03 6.776840018574148417e-05
4.330700000000079854e+03 6.641320942435413599e-05
4.331600000000080399e+03 6.670127186225727201e-05
4.332500000000080036e+03 6.715732160955667496e-05
4.333400000000079672e+03 6.673537427559494972e-05
4.334300000000080217e+03 6.634434248553588986e-05
4.335200000000080763e+03 6.593372381757944822e-05
4.336100000000080399e+03 6.304340786300599575e-05
4.337000000000080036e+03 5.701496047549881041e-05
4.337900000000080581e+03 5.108104596729390323e-05
4.338800000000081127e+03 4.621809057425707579e-05
4.339700000000080763e+03 4.126627391087822616e-05
4.340600000000080399e+03 4.016084858449175954e-05
4.341500000000080945e+03 4.602617627824656665e-05
4.342400000000081491e+03 5.344343298929743469e-05
4.343300000000081127e+03 5.710631739930249751e-05
4.344200000000080763e+03 5.908846651436761022e-05
4.345100000000081309e+03 6.206003308761864901e-05
4.346000000000081855e+03 6.415559619199484587e-05
4.346900000000081491e+03 6.449965439969673753e-05
4.347800000000081127e+03 6.554706487804651260e-05
4.348700000000081673e+03 6.794209912186488509e-05
4.349600000000082218e+03 6.842674338258802891e-05
4.350500000000081855e+03 6.438353739213198423e-05
4.351400000000081491e+03 5.908438470214605331e-05
4.352300000000082036e+03 5.845035047968849540e-05
4.353200000000082582e+03 6.251993909245356917e-05
4.354100000000082218e+03 6.604609370697289705e-05
4.355000000000081855e+03 6.714918708894401789e-05
4.355900000000082400e+03 6.828993355156853795e-05
4.356800000000082946e+03 6.996413139859214425e-05
4.357700000000082582e+03 6.982305785641074181e-05
4.358600000000082218e+03 6.769310857634991407e-05
4.359500000000082764e+03 6.686714914394542575e-05
4.360400000000083310e+03 6.893642421346157789e-05
4.361300000000082946e+03 7.149317389121279120e-05
4.362200000000082582e+03 7.205251313280314207e-05
4.363100000000083128e+03 7.166909199440851808e-05
4.364000000000083674e+03 7.258066762005910277e-05
4.364900000000083310e+03 7.394434942398220301e-05
4.365800000000082946e+03 7.318298594327643514e-05
4.366700000000083492e+03 7.030434790067374706e-05
4.367600000000084037e+03 6.830997881479561329e-05
4.368500000000083674e+03 6.874933023937046528e-05
4.369400000000083310e+03 6.957131699891760945e-05
4.370300000000083855e+03 6.960595783311873674e-05
4.371200000000084401e+03 6.999912875471636653e-05
4.372100000000084037e+03 7.045070378808304667e-05
4.373000000000083674e+03 6.907404167577624321e-05
4.373900000000084219e+03 6.579563341801986098e-05
4.374800000000084765e+03 6.356245285132899880e-05
4.375700000000084401e+03 6.490101077361032367e-05
4.376600000000084037e+03 6.874430982861667871e-05
4.377500000000084583e+03 7.190845644799992442e-05
4.378400000000085129e+03 7.276541145984083414e-05
4.379300000000084765e+03 7.216200174298137426e-05
4.380200000000084401e+03 7.182759145507588983e-05
4.381100000000084947e+03 7.136738713597878814e-05
4.382000000000085493e+03 6.751522596459835768e-05
4.382900000000085129e+03 6.028348434483632445e-05
4.383800000000084765e+03 5.583728125202469528e-05
4.384700000000085311e+03 5.805110777146182954e-05
4.385600000000085856e+03 6.388919427990913391e-05
4.386500000000085493e+03 6.830307393101975322e-05
4.387400000000085129e+03 6.937640864634886384e-05
4.388300000000085674e+03 6.892982491990551353e-05
4.389200000000086220e+03 6.827456672908738256e-05
4.390100000000085856e+03 6.764756108168512583e-05
4.391000000000085493e+03 6.818777910666540265e-05
4.391900000000086038e+03 7.010946137597784400e-05
4.392800000000086584e+03 7.115127664292231202e-05
4.393700000000086220e+03 6.949026283109560609e-05
4.394600000000085856e+03 6.702225800836458802e-05
4.395500000000086402e+03 6.745926657458767295e-05
4.396400000000086948e+03 7.094044121913611889e-05
4.397300000000086584e+03 7.349414954660460353e-05
4.398200000000086220e+03 7.291310612345114350e-05
4.399100000000086766e+03 7.018306496320292354e-05
4.400000000000087311e+03 6.730670429533347487e-05
4.400900000000086948e+03 6.725927232764661312e-05
4.401800000000086584e+03 7.048885163385421038e-05
4.402700000000087130e+03 7.227760943351313472e-05
4.403600000000087675e+03 6.900813605170696974e-05
4.404500000000087311e+03 6.476286216638982296e-05
4.405400000000086948e+03 6.549510726472362876e-05
4.406300000000087493e+03 6.888479401823133230e-05
4.407200000000088039e+03 6.930861127329990268e-05
4.408100000000087675e+03 6.776229565730318427e-05
4.409000000000087311e+03 6.853016384411603212e-05
4.409900000000087857e+03 7.164880662458017468e-05
4.410800000000088403e+03 7.421313057420775294e-05
4.411700000000088039e+03 7.551225280622020364e-05
4.412600000000087675e+03 7.594431372126564384e-05
4.413500000000088221e+03 7.413563434965908527e-05
4.414400000000088767e+03 6.971298716962337494e-05
4.415300000000088403e+03 6.654829485341906548e-05
4.416200000000088039e+03 6.711902096867561340e-05
4.417100000000088585e+03 6.895103433635085821e-05
4.418000000000089130e+03 7.102904783096164465e-05
4.418900000000088767e+03 7.396322325803339481e-05
4.419800000000088403e+03 7.575411291327327490e-05
4.420700000000088949e+03 7.480216299882158637e-05
4.421600000000089494e+03 7.241076673381030560e-05
4.422500000000089130e+03 7.112650200724601746e-05
4.423400000000088767e+03 7.189555617514997721e-05
4.424300000000089312e+03 7.285732135642319918e-05
4.425200000000089858e+03 7.252101931953802705e-05
4.426100000000089494e+03 7.161011308198794723e-05
4.427000000000089130e+03 7.137386273825541139e-05
4.427900000000089676e+03 7.239344995468854904e-05
4.428800000000090222e+03 7.311020453926175833e-05
4.429700000000089858e+03 7.194596400950103998e-05
4.430600000000089494e+03 7.113990432117134333e-05
4.431500000000090040e+03 7.239869592012837529e-05
4.432400000000090586e+03 7.311631634365767241e-05
4.433300000000090222e+03 7.133830513339489698e-05
4.434200000000089858e+03 6.816014501964673400e-05
4.435100000000090404e+03 6.633592420257627964e-05
4.436000000000090949e+03 6.817429675720632076e-05
4.436900000000090586e+03 7.230449409689754248e-05
4.437800000000090222e+03 7.551837188657373190e-05
4.438700000000090768e+03 7.681964780203998089e-05
4.439600000000091313e+03 7.633260247530415654e-05
4.440500000000090949e+03 7.415633444907143712e-05
4.441400000000090586e+03 7.095670298440381885e-05
4.442300000000091131e+03 6.790511542931199074e-05
4.443200000000091677e+03 6.677138298982754350e-05
4.444100000000091313e+03 6.875985855003818870e-05
4.445000000000090949e+03 7.247140456456691027e-05
4.445900000000091495e+03 7.459660264430567622e-05
4.446800000000092041e+03 7.413230923702940345e-05
4.447700000000091677e+03 7.369626109721139073e-05
4.448600000000091313e+03 7.419046596623957157e-05
4.449500000000091859e+03 7.355713023571297526e-05
4.450400000000092405e+03 7.238530088216066360e-05
4.451300000000092041e+03 7.288290362339466810e-05
4.452200000000091677e+03 7.381477917078882456e-05
4.453100000000092223e+03 7.256004755618050694e-05
4.454000000000092768e+03 6.916592974448576570e-05
4.454900000000092405e+03 6.648728594882413745e-05
4.455800000000092041e+03 6.702701648464426398e-05
4.456700000000092587e+03 6.925207708263769746e-05
4.457600000000093132e+03 7.018995529506355524e-05
4.458500000000092768e+03 6.961701001273468137e-05
4.459400000000092405e+03 6.920377200003713369e-05
4.460300000000092950e+03 6.898850551806390285e-05
4.461200000000093496e+03 6.800288974773138762e-05
4.462100000000093132e+03 6.826746539445593953e-05
4.463000000000092768e+03 7.078546332195401192e-05
4.463900000000093314e+03 7.265547174029052258e-05
4.464800000000093860e+03 7.269061461556702852e-05
4.465700000000093496e+03 7.231460040202364326e-05
4.466600000000093132e+03 7.200852996902540326e-05
4.467500000000093678e+03 7.127264689188450575e-05
4.468400000000094224e+03 6.988581299083307385e-05
4.469300000000093860e+03 6.920700252521783113e-05
4.470200000000093496e+03 7.025379454717040062e-05
4.471100000000094042e+03 7.204854045994579792e-05
4.472000000000094587e+03 7.386712968582287431e-05
4.472900000000094224e+03 7.556494529126212001e-05
4.473800000000093860e+03 7.668467878829687834e-05
4.474700000000094406e+03 7.644583820365369320e-05
4.475600000000094951e+03 7.564928819192573428e-05
4.476500000000094587e+03 7.621070108143612742e-05
4.477400000000094224e+03 7.753308454994112253e-05
4.478300000000094769e+03 7.727809861535206437e-05
4.479200000000095315e+03 7.482639193767681718e-05
4.480100000000094951e+03 7.138754881452769041e-05
4.481000000000094587e+03 6.873923121020197868e-05
4.481900000000095133e+03 6.843237497378140688e-05
4.482800000000095679e+03 7.097332854755222797e-05
4.483700000000095315e+03 7.434799772454425693e-05
4.484600000000094951e+03 7.637754606548696756e-05
4.485500000000095497e+03 7.726790499873459339e-05
4.486400000000096043e+03 7.741154695395380259e-05
4.487300000000095679e+03 7.624264253536239266e-05
4.488200000000095315e+03 7.364532211795449257e-05
4.489100000000095861e+03 7.121587259462103248e-05
4.490000000000096406e+03 7.094846660038456321e-05
4.490900000000096043e+03 7.292482769116759300e-05
4.491800000000095679e+03 7.526305125793442130e-05
4.492700000000096225e+03 7.587873551528900862e-05
4.493600000000096770e+03 7.421010377584025264e-05
4.494500000000096406e+03 7.224258297355845571e-05
4.495400000000096043e+03 7.176263170549646020e-05
4.496300000000096588e+03 7.243263826239854097e-05
4.497200000000097134e+03 7.409752288367599249e-05
4.498100000000096770e+03 7.615154754603281617e-05
4.499000000000096406e+03 7.704445306444540620e-05
4.499900000000096952e+03 7.605065911775454879e-05
4.500800000000097498e+03 7.409766840282827616e-05
4.501700000000097134e+03 7.397331501124426723e-05
4.502600000000096770e+03 7.660011033294722438e-05
4.503500000000097316e+03 7.923402881715446711e-05
4.504400000000097862e+03 7.994372572284191847e-05
4.505300000000097498e+03 7.942805677885189652e-05
4.506200000000097134e+03 7.850288966437801719e-05
4.507100000000097680e+03 7.743533205939456820e-05
4.508000000000098225e+03 7.677389658056199551e-05
4.508900000000097862e+03 7.721437577856704593e-05
4.509800000000097498e+03 7.829198148101568222e-05
4.510700000000098044e+03 7.871857815189287066e-05
4.511600000000098589e+03 7.795021519996225834e-05
4.512500000000098225e+03 7.672828360227867961e-05
4.513400000000097862e+03 7.576954521937295794e-05
4.514300000000098407e+03 7.503476808778941631e-05
4.515200000000098953e+03 7.500817446270957589e-05
4.516100000000098589e+03 7.560628728242591023e-05
4.517000000000098225e+03 7.523594831582158804e-05
4.517900000000098771e+03 7.418436871375888586e-05
4.518800000000099317e+03 7.437953900080174208e-05
4.519700000000098953e+03 7.558001379948109388e-05
4.520600000000098589e+03 7.654943328816443682e-05
4.521500000000099135e+03 7.591544999741017818e-05
4.522400000000099681e+03 7.374452980002388358e-05
4.523300000000099317e+03 7.291830843314528465e-05
4.524200000000098953e+03 7.353816181421279907e-05
4.525100000000099499e+03 7.323780300794169307e-05
4.526000000000100044e+03 7.194413046818226576e-05
4.526900000000099681e+03 7.045716483844444156e-05
4.527800000000099317e+03 6.908456271048635244e-05
4.528700000000099863e+03 6.849523197161033750e-05
4.529600000000100408e+03 6.931293319212272763e-05
4.530500000000100044e+03 7.054520392557606101e-05
4.531400000000099681e+03 7.171331526478752494e-05
4.532300000000100226e+03 7.203705172287300229e-05
4.533200000000100772e+03 7.005136285442858934e-05
4.534100000000100408e+03 6.759307871107012033e-05
4.535000000000100044e+03 6.714970368193462491e-05
4.535900000000100590e+03 6.963009218452498317e-05
4.536800000000101136e+03 7.425221701851114631e-05
4.537700000000100772e+03 7.752330566290766001e-05
4.538600000000100408e+03 7.770934462314471602e-05
4.539500000000100954e+03 7.629699393874034286e-05
4.540400000000101500e+03 7.481704233214259148e-05
4.541300000000101136e+03 7.444746006513014436e-05
4.542200000000100772e+03 7.547204586444422603e-05
4.543100000000101318e+03 7.604413985973224044e-05
4.544000000000101863e+03 7.475263555534183979e-05
4.544900000000101500e+03 7.332061795750632882e-05
4.545800000000101136e+03 7.354461558861657977e-05
4.546700000000101682e+03 7.426662341458722949e-05
4.547600000000102227e+03 7.349243242060765624e-05
4.548500000000101863e+03 7.077732880134135485e-05
4.549400000000101500e+03 6.880172441015020013e-05
4.550300000000102045e+03 7.059404742904007435e-05
4.551200000000102591e+03 7.349818042712286115e-05
4.552100000000102227e+03 7.372323307208716869e-05
4.553000000000101863e+03 7.208680472103878856e-05
4.553900000000102409e+03 7.039945921860635281e-05
4.554800000000102955e+03 6.977823795750737190e-05
4.555700000000102591e+03 7.105695840436965227e-05
4.556600000000102227e+03 7.384948548860847950e-05
4.557500000000102773e+03 7.614174683112651110e-05
4.558400000000103319e+03 7.675557571928948164e-05
4.559300000000102955e+03 7.683994044782593846e-05
4.560200000000102591e+03 7.708101475145667791e-05
4.561100000000103137e+03 7.736671250313520432e-05
4.562000000000103682e+03 7.681886199861764908e-05
4.562900000000103319e+03 7.475572783732786775e-05
4.563800000000102955e+03 7.273789378814399242e-05
4.564700000000103500e+03 7.242338324431329966e-05
4.565600000000104046e+03 7.354770787060260773e-05
4.566500000000103682e+03 7.559535879408940673e-05
4.567400000000103319e+03 7.737641863059252501e-05
4.568300000000103864e+03 7.791702955728396773e-05
4.569200000000104410e+03 7.761089364066720009e-05
4.570100000000104046e+03 7.588494190713390708e-05
4.571000000000103682e+03 7.275242387549951673e-05
4.571900000000104228e+03 7.183126581367105246e-05
4.572800000000104774e+03 7.463402289431542158e-05
4.573700000000104410e+03 7.719160930719226599e-05
4.574600000000104046e+03 7.720400026300922036e-05
4.575500000000104592e+03 7.653931243112310767e-05
4.576400000000105138e+03 7.645862933713942766e-05
4.577300000000104774e+03 7.647561869816854596e-05
4.578200000000104410e+03 7.582268153782933950e-05
4.579100000000104956e+03 7.427199307130649686e-05
4.580000000000105501e+03 7.258481491589918733e-05
4.580900000000105138e+03 7.203139102784916759e-05
4.581800000000104774e+03 7.262270810315385461e-05
4.582700000000105319e+03 7.285764149855822325e-05
4.583600000000105865e+03 7.248263136716559529e-05
4.584500000000105501e+03 7.270241621881723404e-05
4.585400000000105138e+03 7.316911069210618734e-05
4.586300000000105683e+03 7.370770617853850126e-05
4.587200000000106229e+03 7.505102257709950209e-05
4.588100000000105865e+03 7.630119216628372669e-05
4.589000000000105501e+03 7.660483242943882942e-05
4.589900000000106047e+03 7.611198816448450089e-05
4.590800000000106593e+03 7.501470099668949842e-05
4.591700000000106229e+03 7.366665522567927837e-05
4.592600000000105865e+03 7.319649012060835958e-05
4.593500000000106411e+03 7.382940384559333324e-05
4.594400000000106957e+03 7.440702029271051288e-05
4.595300000000106593e+03 7.459103653673082590e-05
4.596200000000106229e+03 7.491483847843483090e-05
4.597100000000106775e+03 7.527039269916713238e-05
4.598000000000107320e+03 7.559645018773153424e-05
4.598900000000106957e+03 7.574352639494463801e-05
4.599800000000106593e+03 7.473503501387313008e-05
4.600700000000107138e+03 7.356060086749494076e-05
4.601600000000107684e+03 7.365817145910114050e-05
4.602500000000107320e+03 7.424772047670558095e-05
4.603400000000106957e+03 7.483897206839174032e-05
4.604300000000107502e+03 7.526025001425296068e-05
4.605200000000108048e+03 7.521113730035722256e-05
4.606100000000107684e+03 7.527216803282499313e-05
4.607000000000107320e+03 7.585686398670077324e-05
4.607900000000107866e+03 7.721644215052947402e-05
4.608800000000108412e+03 7.862853090045973659e-05
4.609700000000108048e+03 7.874627772253006697e-05
4.610600000000107684e+03 7.769382500555366278e-05
4.611500000000108230e+03 7.667555473744869232e-05
4.612400000000108776e+03 7.615115464432165027e-05
4.613300000000108412e+03 7.597707008244469762e-05
4.614200000000108048e+03 7.662642747163772583e-05
4.615100000000108594e+03 7.696121610933914781e-05
4.616000000000109139e+03 7.628393359482288361e-05
4.616900000000108776e+03 7.615692447870969772e-05
4.617800000000108412e+03 7.632961205672472715e-05
4.618700000000108957e+03 7.558041397714987397e-05
4.619600000000109503e+03 7.530263974331319332e-05
4.620500000000109139e+03 7.658688991796225309e-05
4.621400000000108776e+03 7.777097926009446383e-05
4.622300000000109321e+03 7.783044566167518497e-05
4.623200000000109867e+03 7.766074122628197074e-05
4.624100000000109503e+03 7.745384937152266502e-05
4.625000000000109139e+03 7.676250970689579844e-05
4.625900000000109685e+03 7.640218245796859264e-05
4.626800000000110231e+03 7.687307515880092978e-05
4.627700000000109867e+03 7.690281927352771163e-05
4.628600000000109503e+03 7.559335062978789210e-05
4.629500000000110049e+03 7.477498729713261127e-05
4.630400000000110595e+03 7.607926818309351802e-05
4.631300000000110231e+03 7.761920278426259756e-05
4.632200000000109867e+03 7.705786993028596044e-05
4.633100000000110413e+03 7.559076766483485699e-05
4.634000000000110958e+03 7.528626156272366643e-05
4.634900000000110595e+03 7.570326852146536112e-05
4.635800000000110231e+03 7.569554145447909832e-05
4.636700000000110776e+03 7.503163215005770326e-05
4.637600000000111322e+03 7.429336983477696776e-05
4.638500000000110958e+03 7.411994010908529162e-05
4.639400000000110595e+03 7.431786070810630918e-05
4.640300000000111140e+03 7.518873462686315179e-05
4.641200000000111686e+03 7.677450048504397273e-05
4.642100000000111322e+03 7.753112731734290719e-05
4.643000000000110958e+03 7.710880163358524442e-05
4.643900000000111504e+03 7.649542385479435325e-05
4.644800000000112050e+03 7.550382724730297923e-05
4.645700000000111686e+03 7.357226422755047679e-05
4.646600000000111322e+03 7.195501530077308416e-05
4.647500000000111868e+03 7.192315388238057494e-05
4.648400000000112414e+03 7.317109702853485942e-05
4.649300000000112050e+03 7.478322368115186691e-05
4.650200000000111686e+03 7.574450137326493859e-05
4.651100000000112232e+03 7.569037552457302809e-05
4.652000000000112777e+03 7.565722626168280840e-05
4.652900000000112414e+03 7.580282544950023293e-05
4.653800000000112050e+03 7.470177661161869764e-05
4.654700000000112595e+03 7.314066169783473015e-05
4.655600000000113141e+03 7.263945735758170485e-05
4.656500000000112777e+03 7.304241444217041135e-05
4.657400000000112414e+03 7.476640894310548902e-05
4.658300000000112959e+03 7.741895387880504131e-05
4.659200000000113505e+03 7.922676741145551205e-05
4.660100000000113141e+03 7.943851232994347811e-05
4.661000000000112777e+03 7.843823550501838326e-05
4.661900000000113323e+03 7.690580969210714102e-05
4.662800000000113869e+03 7.567282591480761766e-05
4.663700000000113505e+03 7.543334504589438438e-05
4.664600000000113141e+03 7.574740448035299778e-05
4.665500000000113687e+03 7.470773562090471387e-05
4.666400000000114233e+03 7.147088035708293319e-05
4.667300000000113869e+03 6.848768680356442928e-05
4.668200000000113505e+03 6.857781409053131938e-05
4.669100000000114051e+03 7.086084224283695221e-05
4.670000000000114596e+03 7.314717367989942431e-05
4.670900000000114233e+03 7.497963088098913431e-05
4.671800000000113869e+03 7.578432996524497867e-05
4.672700000000114414e+03 7.541065861005336046e-05
4.673600000000114960e+03 7.499858475057408214e-05
4.674500000000114596e+03 7.526484114350751042e-05
4.675400000000114233e+03 7.627112790942192078e-05
4.676300000000114778e+03 7.727327465545386076e-05
4.677200000000115324e+03 7.694595842622220516e-05
4.678100000000114960e+03 7.542551611550152302e-05
4.679000000000114596e+03 7.404771167784929276e-05
4.679900000000115142e+03 7.337803253903985023e-05
4.680800000000115688e+03 7.299189746845513582e-05
4.681700000000115324e+03 7.302614540094509721e-05
4.682600000000114960e+03 7.411039405269548297e-05
4.683500000000115506e+03 7.561183883808553219e-05
4.684400000000116052e+03 7.621313852723687887e-05
4.685300000000115688e+03 7.610143074998632073e-05
4.686200000000115324e+03 7.591993926325812936e-05
4.687100000000115870e+03 7.564669795101508498e-05
4.688000000000116415e+03 7.560266385553404689e-05
4.688900000000116052e+03 7.584824925288558006e-05
4.689800000000115688e+03 7.551538874395191669e-05
4.690700000000116233e+03 7.465867383871227503e-05
4.691600000000116779e+03 7.465045200660824776e-05
4.692500000000116415e+03 7.571307651232928038e-05
4.693400000000116052e+03 7.663669384783133864e-05
4.694300000000116597e+03 7.723522867308929563e-05
4.695200000000117143e+03 7.793639815645292401e-05
4.696100000000116779e+03 7.826375804143026471e-05
4.697000000000116415e+03 7.736686529824510217e-05
4.697900000000116961e+03 7.535297481808811426e-05
4.698800000000117507e+03 7.395512511720880866e-05
4.699700000000117143e+03 7.431882841046899557e-05
4.700600000000116779e+03 7.492790609830990434e-05
4.701500000000117325e+03 7.409205863950774074e-05
4.702400000000117871e+03 7.229131733765825629e-05
4.703300000000117507e+03 7.183785783126950264e-05
4.704200000000117143e+03 7.360167364822700620e-05
4.705100000000117689e+03 7.531420123996213078e-05
4.706000000000118234e+03 7.510948489652946591e-05
4.706900000000117871e+03 7.346287020482122898e-05
4.707800000000117507e+03 7.211352203739807010e-05
4.708700000000118052e+03 7.185971480794250965e-05
4.709600000000118598e+03 7.261692371685057878e-05
4.710500000000118234e+03 7.453148282365873456e-05
4.711400000000117871e+03 7.654671208001673222e-05
4.712300000000118416e+03 7.704665767960250378e-05
4.713200000000118962e+03 7.585600542370229959e-05
4.714100000000118598e+03 7.408854435198009014e-05
4.715000000000118234e+03 7.372032268904149532e-05
4.715900000000118780e+03 7.529146387241780758e-05
4.716800000000119326e+03 7.692351209698244929e-05
4.717700000000118962e+03 7.744032336631789804e-05
4.718600000000118598e+03 7.756619015708565712e-05
4.719500000000119144e+03 7.785626803524792194e-05
4.720400000000119690e+03 7.789451046846807003e-05
4.721300000000119326e+03 7.730678044026717544e-05
4.722200000000118962e+03 7.662246935069561005e-05
4.723100000000119508e+03 7.688067125855013728e-05
4.724000000000120053e+03 7.798281876603141427e-05
4.724900000000119690e+03 7.872698915889486670e-05
4.725800000000119326e+03 7.805999484844505787e-05
4.726700000000119871e+03 7.583556725876405835e-05
4.727600000000120417e+03 7.362223550444468856e-05
4.728500000000120053e+03 7.312764500966295600e-05
4.729400000000119690e+03 7.378162990789860487e-05
4.730300000000120235e+03 7.407597149722278118e-05
4.731200000000120781e+03 7.416040170937776566e-05
4.732100000000120417e+03 7.470833224942907691e-05
4.733000000000120053e+03 7.526179251726716757e-05
4.733900000000120599e+03 7.576369534945115447e-05
4.734800000000121145e+03 7.624419959029182792e-05
4.735700000000120781e+03 7.549851579824462533e-05
4.736600000000120417e+03 7.423756323987618089e-05
4.737500000000120963e+03 7.485315290978178382e-05
4.738400000000121508e+03 7.660390838282182813e-05
4.739300000000121145e+03 7.695887325098738074e-05
4.740200000000120781e+03 7.599307718919590116e-05
4.741100000000121327e+03 7.540055958088487387e-05
4.742000000000121872e+03 7.594063208671286702e-05
4.742900000000121508e+03 7.692279177717864513e-05
4.743800000000121145e+03 7.726538751740008593e-05
4.744700000000121690e+03 7.683904550503939390e-05
4.745600000000122236e+03 7.678488327655941248e-05
4.746500000000121872e+03 7.746408664388582110e-05
4.747400000000121508e+03 7.778507278999313712e-05
4.748300000000122054e+03 7.757203275104984641e-05
4.749200000000122600e+03 7.759047730360180140e-05
4.750100000000122236e+03 7.786838250467553735e-05
4.751000000000121872e+03 7.778321742080152035e-05
4.751900000000122418e+03 7.713213562965393066e-05
4.752800000000122964e+03 7.631725748069584370e-05
4.753700000000122600e+03 7.567834109067916870e-05
4.754600000000122236e+03 7.547174755018204451e-05
4.755500000000122782e+03 7.542232197010889649e-05
4.756400000000123327e+03 7.526057015638798475e-05
4.757300000000122964e+03 7.535544136771932244e-05
4.758200000000122600e+03 7.569900481030344963e-05
4.759100000000123146e+03 7.630753680132329464e-05
4.760000000000123691e+03 7.674714288441464305e-05
4.760900000000123327e+03 7.585199637105688453e-05
4.761800000000122964e+03 7.371944957412779331e-05
4.762700000000123509e+03 7.229535549413412809e-05
4.763600000000124055e+03 7.226884190458804369e-05
4.764500000000123691e+03 7.252732757478952408e-05
4.765400000000123327e+03 7.252278010128065944e-05
4.766300000000123873e+03 7.289076893357560039e-05
4.767200000000124419e+03 7.392162660835310817e-05
4.768100000000124055e+03 7.496562466258183122e-05
4.769000000000123691e+03 7.600412209285423160e-05
4.769900000000124237e+03 7.656586967641487718e-05
4.770800000000124783e+03 7.572643517050892115e-05
4.771700000000124419e+03 7.446597737725824118e-05
4.772600000000124055e+03 7.443280628649517894e-05
4.773500000000124601e+03 7.581448153359815478e-05
4.774400000000125146e+03 7.724922761553898454e-05
4.775300000000124783e+03 7.745464972686022520e-05
4.776200000000124419e+03 7.713121158303692937e-05
4.777100000000124965e+03 7.726635521976277232e-05
4.778000000000125510e+03 7.717496919212862849e-05
4.778900000000125146e+03 7.630855543538928032e-05
4.779800000000124783e+03 7.563933468190953135e-05
4.780700000000125328e+03 7.595412171212956309e-05
4.781600000000125874e+03 7.613795605720952153e-05
4.782500000000125510e+03 7.524709508288651705e-05
4.783400000000125146e+03 7.458838808815926313e-05
4.784300000000125692e+03 7.527468551415950060e-05
4.785200000000126238e+03 7.541341619798913598e-05
4.786100000000125874e+03 7.405747601296752691e-05
4.787000000000125510e+03 7.353848195634782314e-05
4.787900000000126056e+03 7.414622086798772216e-05
4.788800000000126602e+03 7.405258656945079565e-05
4.789700000000126238e+03 7.410790567519143224e-05
4.790600000000125874e+03 7.509312126785516739e-05
4.791500000000126420e+03 7.577108772238716483e-05
4.792400000000126965e+03 7.619373354827985168e-05
4.793300000000126602e+03 7.722886221017688513e-05
4.794200000000126238e+03 7.840871694497764111e-05
4.795100000000126784e+03 7.885048398748040199e-05
4.796000000000127329e+03 7.841538172215223312e-05
4.796900000000126965e+03 7.737741543678566813e-05
4.797800000000126602e+03 7.593792543048039079e-05
4.798700000000127147e+03 7.472166907973587513e-05
4.799600000000127693e+03 7.459442713297903538e-05
4.800500000000127329e+03 7.548861321993172169e-05
4.801400000000126965e+03 7.681913120904937387e-05
4.802300000000127511e+03 7.769186049699783325e-05
4.803200000000128057e+03 7.746916526230052114e-05
4.804100000000127693e+03 7.616406946908682585e-05
4.805000000000127329e+03 7.488710252800956368e-05
4.805900000000127875e+03 7.484137313440442085e-05
4.806800000000128421e+03 7.514710887335240841e-05
4.807700000000128057e+03 7.510698196711018682e-05
4.808600000000127693e+03 7.533821190008893609e-05
4.809500000000128239e+03 7.577162614325061440e-05
4.810400000000128784e+03 7.586715946672484279e-05
4.811300000000128421e+03 7.587928848806768656e-05
4.812200000000128057e+03 7.613158231833949685e-05
4.813100000000128603e+03 7.642748823855072260e-05
4.814000000000129148e+03 7.670470222365111113e-05
4.814900000000128784e+03 7.693292718613520265e-05
4.815800000000128421e+03 7.714730600127950311e-05
4.816700000000128966e+03 7.736415864201262593e-05
4.817600000000129512e+03 7.746769551886245608e-05
4.818500000000129148e+03 7.763334724586457014e-05
4.819400000000128784e+03 7.761488086543977261e-05
4.820300000000129330e+03 7.730622746748849750e-05
4.821200000000129876e+03 7.700476999161764979e-05
4.822100000000129512e+03 7.586635183542966843e-05
4.823000000000129148e+03 7.359575101872906089e-05
4.823900000000129694e+03 7.256281969603151083e-05
4.824800000000130240e+03 7.402803748846054077e-05
4.825700000000129876e+03 7.594175258418545127e-05
4.826600000000129512e+03 7.652166095795109868e-05
4.827500000000130058e+03 7.587944128317758441e-05
4.828400000000130603e+03 7.501407526433467865e-05
4.829300000000130240e+03 7.484116940759122372e-05
4.830200000000129876e+03 7.505890243919566274e-05
4.831100000000130422e+03 7.445308438036590815e-05
4.832000000000130967e+03 7.367190119111910462e-05
4.832900000000130603e+03 7.422774069709703326e-05
4.833800000000130240e+03 7.544069376308470964e-05
4.834700000000130785e+03 7.584773265989497304e-05
4.835600000000131331e+03 7.545979315182194114e-05
4.836500000000130967e+03 7.530875154770910740e-05
4.837400000000130603e+03 7.530693255830556154e-05
4.838300000000131149e+03 7.443266804330050945e-05
4.839200000000131695e+03 7.300690049305558205e-05
4.840100000000131331e+03 7.227371679618954659e-05
4.841000000000130967e+03 7.278636621776968241e-05
4.841900000000131513e+03 7.340612501138821244e-05
4.842800000000132059e+03 7.310048385988920927e-05
4.843700000000131695e+03 7.304405153263360262e-05
4.844600000000131331e+03 7.402098708553239703e-05
4.845500000000131877e+03 7.487830589525401592e-05
4.846400000000132422e+03 7.463206566171720624e-05
4.847300000000132059e+03 7.317147537833079696e-05
4.848200000000131695e+03 7.148159784264862537e-05
4.849100000000132241e+03 7.124440162442624569e-05
4.850000000000132786e+03 7.225074659800156951e-05
4.850900000000132422e+03 7.254589581862092018e-05
4.851800000000132059e+03 7.201014523161575198e-05
4.852700000000132604e+03 7.163521513575688004e-05
4.853600000000133150e+03 7.053452281979843974e-05
4.854500000000132786e+03 6.781916454201564193e-05
4.855400000000132422e+03 6.550256512127816677e-05
4.856300000000132968e+03 6.568499520653858781e-05
4.857200000000133514e+03 6.663674139417707920e-05
4.858100000000133150e+03 6.522587500512599945e-05
4.859000000000132786e+03 6.025584298186004162e-05
4.859900000000133332e+03 5.219748709350824356e-05
4.860800000000133878e+03 4.492900188779458404e-05
4.861700000000133514e+03 4.523096504271961749e-05
4.862600000000133150e+03 5.287484964355826378e-05
4.863500000000133696e+03 5.982049697195179760e-05
4.864400000000134241e+03 6.310427852440625429e-05
4.865300000000133878e+03 6.519477756228297949e-05
4.866200000000133514e+03 6.708913133479654789e-05
4.867100000000134060e+03 6.837785622337833047e-05
4.868000000000134605e+03 6.927534559508785605e-05
4.868900000000134241e+03 7.005609222687780857e-05
4.869800000000133878e+03 6.931737152626737952e-05
4.870700000000134423e+03 6.665207911282777786e-05
4.871600000000134969e+03 6.513394328067079186e-05
4.872500000000134605e+03 6.698995275655761361e-05
4.873400000000134241e+03 6.989247776800766587e-05
4.874300000000134787e+03 7.114007166819646955e-05
4.875200000000135333e+03 7.115908374544233084e-05
4.876100000000134969e+03 7.135373743949458003e-05
4.877000000000134605e+03 7.158138032536953688e-05
4.877900000000135151e+03 7.177930820034816861e-05
4.878800000000135697e+03 7.329616346396505833e-05
4.879700000000135333e+03 7.493938028346747160e-05
4.880600000000134969e+03 7.425856165355071425e-05
4.881500000000135515e+03 7.262647704919800162e-05
4.882400000000136060e+03 7.259858102770522237e-05
4.883300000000135697e+03 7.337214628932997584e-05
4.884200000000135333e+03 7.301785080926492810e-05
4.885100000000135879e+03 7.188165909610688686e-05
4.886000000000136424e+03 7.141176320146769285e-05
4.886900000000136060e+03 7.201202970463782549e-05
4.887800000000135697e+03 7.262216968229040504e-05
4.888700000000136242e+03 7.233075302792713046e-05
4.889600000000136788e+03 7.092158921295776963e-05
4.890500000000136424e+03 6.876922998344525695e-05
4.891400000000136060e+03 6.866914918646216393e-05
4.892300000000136606e+03 7.205613655969500542e-05
4.893200000000137152e+03 7.575491326861083508e-05
4.894100000000136788e+03 7.774499681545421481e-05
4.895000000000136424e+03 7.862867641961202025e-05
4.895900000000136970e+03 7.886196544859558344e-05
4.896800000000137516e+03 7.881137571530416608e-05
4.897700000000137152e+03 7.855889998609200120e-05
4.898600000000136788e+03 7.739374996162950993e-05
4.899500000000137334e+03 7.561218080809339881e-05
4.900400000000137879e+03 7.516785262851044536e-05
4.901300000000137516e+03 7.597328658448532224e-05
4.902200000000137152e+03 7.568840374005958438e-05
4.903100000000137697e+03 7.440536865033209324e-05
4.904000000000138243e+03 7.437044405378401279e-05
4.904900000000137879e+03 7.608746091136708856e-05
4.905800000000137516e+03 7.780489249853417277e-05
4.906700000000138061e+03 7.803676999174058437e-05
4.907600000000138607e+03 7.700119022047147155e-05
4.908500000000138243e+03 7.541927334386855364e-05
4.909400000000137879e+03 7.345028279814869165e-05
4.910300000000138425e+03 7.221633859444409609e-05
4.911200000000138971e+03 7.304576138267293572e-05
4.912100000000138607e+03 7.482161890948191285e-05
4.913000000000138243e+03 7.579544035252183676e-05
4.913900000000138789e+03 7.632809865754097700e-05
4.914800000000139335e+03 7.737552368780598044e-05
4.915700000000138971e+03 7.814184209564700723e-05
4.916600000000138607e+03 7.729496428510174155e-05
4.917500000000139153e+03 7.456413004547357559e-05
4.918400000000139698e+03 7.091794395819306374e-05
4.919300000000139335e+03 6.800115806981921196e-05
4.920200000000138971e+03 6.708067667204886675e-05
4.921100000000139516e+03 6.886949267936870456e-05
4.922000000000140062e+03 7.180046668509021401e-05
4.922900000000139698e+03 7.282095612026751041e-05
4.923800000000139335e+03 7.190463657025247812e-05
4.924700000000139880e+03 7.200660911621525884e-05
4.925600000000140426e+03 7.419002940878272057e-05
4.926500000000140062e+03 7.627621380379423499e-05
4.927400000000139698e+03 7.693028601352125406e-05
4.928300000000140244e+03 7.731965888524428010e-05
4.929200000000140790e+03 7.798266597092151642e-05
4.930100000000140426e+03 7.818770245648920536e-05
4.931000000000140062e+03 7.802423351677134633e-05
4.931900000000140608e+03 7.687425386393442750e-05
4.932800000000141154e+03 7.378021109616383910e-05
4.933700000000140790e+03 7.117503992049023509e-05
4.934600000000140426e+03 7.220886618597432971e-05
4.935500000000140972e+03 7.481312786694616079e-05
4.936400000000141517e+03 7.530108268838375807e-05
4.937300000000141154e+03 7.331696542678400874e-05
4.938200000000140790e+03 7.074417226249352098e-05
4.939100000000141335e+03 7.022152567515149713e-05
4.940000000000141881e+03 7.281597208930179477e-05
4.940900000000141517e+03 7.596817886224016547e-05
4.941800000000141154e+03 7.717470725765451789e-05
4.942700000000141699e+03 7.746135815978050232e-05
4.943600000000142245e+03 7.801455649314448237e-05
4.944500000000141881e+03 7.784721674397587776e-05
4.945400000000141517e+03 7.669242040719836950e-05
4.946300000000142063e+03 7.620934775331988931e-05
4.947200000000142609e+03 7.716149411862716079e-05
4.948100000000142245e+03 7.821085455361753702e-05
4.949000000000141881e+03 7.842561899451538920e-05
4.949900000000142427e+03 7.835607539163902402e-05
4.950800000000142973e+03 7.854246359784156084e-05
4.951700000000142609e+03 7.837112207198515534e-05
4.952600000000142245e+03 7.759682921459898353e-05
4.953500000000142791e+03 7.708065822953358293e-05
4.954400000000143336e+03 7.692383223911747336e-05
4.955300000000142973e+03 7.587737491121515632e-05
4.956200000000142609e+03 7.212180207716301084e-05
4.957100000000143154e+03 6.741669494658708572e-05
4.958000000000143700e+03 6.750243483111262321e-05
4.958900000000143336e+03 7.232611824292689562e-05
4.959800000000142973e+03 7.625808211741968989e-05
4.960700000000143518e+03 7.717218977632001042e-05
4.961600000000144064e+03 7.666961028007790446e-05
4.962500000000143700e+03 7.651624036952853203e-05
4.963400000000143336e+03 7.663803262403234839e-05
4.964300000000143882e+03 7.579786324640735984e-05
4.965200000000144428e+03 7.421002374030649662e-05
4.966100000000144064e+03 7.339187868637964129e-05
4.967000000000143700e+03 7.356550486292690039e-05
4.967900000000144246e+03 7.381400791928172112e-05
4.968800000000144792e+03 7.404784992104396224e-05
4.969700000000144428e+03 7.426669617416337132e-05
4.970600000000144064e+03 7.461626228177919984e-05
4.971500000000144610e+03 7.538692443631589413e-05
4.972400000000145155e+03 7.601911784149706364e-05
4.973300000000144792e+03 7.646328595001250505e-05
4.974200000000144428e+03 7.699291018070653081e-05
4.975100000000144973e+03 7.701165304752066731e-05
4.976000000000145519e+03 7.653052307432517409e-05
4.976900000000145155e+03 7.591226312797516584e-05
4.977800000000144792e+03 7.493714656447991729e-05
4.978700000000145337e+03 7.414079300360754132e-05
4.979600000000145883e+03 7.385055505437776446e-05
4.980500000000145519e+03 7.284609455382451415e-05
4.981400000000145155e+03 7.036131864879280329e-05
4.982300000000145701e+03 6.796017987653613091e-05
4.983200000000146247e+03 6.756358925485983491e-05
4.984100000000145883e+03 6.884247704874724150e-05
4.985000000000145519e+03 7.044491212582215667e-05
4.985900000000146065e+03 7.241147977765649557e-05
4.986800000000146611e+03 7.463540532626211643e-05
4.987700000000146247e+03 7.564262341475114226e-05
4.988600000000145883e+03 7.501729851355776191e-05
4.989500000000146429e+03 7.380638999165967107e-05
4.990400000000146974e+03 7.273825031006708741e-05
4.991300000000146611e+03 7.287945481948554516e-05
4.992200000000146247e+03 7.410343823721632361e-05
4.993100000000146792e+03 7.413434650516137481e-05
4.994000000000147338e+03 7.361196912825107574e-05
4.994900000000146974e+03 7.452002319041639566e-05
4.995800000000146611e+03 7.551765156676992774e-05
4.996700000000147156e+03 7.546733104391023517e-05
4.997600000000147702e+03 7.491752330679446459e-05
4.998500000000147338e+03 7.358595757978037000e-05
4.999400000000146974e+03 7.183551497291773558e-05
5.000300000000147520e+03 7.111747981980443001e-05
5.001200000000148066e+03 7.136593194445595145e-05
5.002100000000147702e+03 7.195763464551419020e-05
5.003000000000147338e+03 7.278531120391562581e-05
5.003900000000147884e+03 7.285381434485316277e-05
5.004800000000148430e+03 7.102648669388145208e-05
5.005700000000148066e+03 6.857237167423591018e-05
5.006600000000147702e+03 6.846985343145206571e-05
5.007500000000148248e+03 7.118964276742190123e-05
5.008400000000148793e+03 7.398747402476146817e-05
5.009300000000148430e+03 7.471560093108564615e-05
5.010200000000148066e+03 7.391223334707319736e-05
5.011100000000148611e+03 7.214951619971543550e-05
5.012000000000149157e+03 6.983536877669394016e-05
5.012900000000148793e+03 6.811389175709336996e-05
5.013800000000148430e+03 6.734986527590081096e-05
5.014700000000148975e+03 6.822787690907716751e-05
5.015600000000149521e+03 7.023800571914762259e-05
5.016500000000149157e+03 7.089311839081346989e-05
5.017400000000148793e+03 6.966146611375734210e-05
5.018300000000149339e+03 6.898621359141543508e-05
5.019200000000149885e+03 7.041988283162936568e-05
5.020100000000149521e+03 7.220123370643705130e-05
5.021000000000149157e+03 7.239705155370756984e-05
5.021900000000149703e+03 7.140856905607506633e-05
5.022800000000150249e+03 7.135426130844280124e-05
5.023700000000149885e+03 7.261248538270592690e-05
5.024600000000149521e+03 7.344035111600533128e-05
5.025500000000150067e+03 7.346308848354965448e-05
5.026400000000150612e+03 7.277258555404841900e-05
5.027300000000150249e+03 7.178819214459508657e-05
5.028200000000149885e+03 7.231254130601882935e-05
5.029100000000150430e+03 7.390505197690799832e-05
5.030000000000150976e+03 7.460890628863126040e-05
5.030900000000150612e+03 7.470537093468010426e-05
5.031800000000150249e+03 7.548626308562234044e-05
5.032700000000150794e+03 7.659217226319015026e-05
5.033600000000151340e+03 7.650645420653745532e-05
5.034500000000150976e+03 7.433167047565802932e-05
5.035400000000150612e+03 7.131406164262443781e-05
5.036300000000151158e+03 7.047526014503091574e-05
5.037200000000151704e+03 7.173863559728488326e-05
5.038100000000151340e+03 7.180538523243740201e-05
5.039000000000150976e+03 6.976030272198840976e-05
5.039900000000151522e+03 6.668512651231139898e-05
5.040800000000152068e+03 6.418664270313456655e-05
5.041700000000151704e+03 6.537105946335941553e-05
5.042600000000151340e+03 6.987813685555011034e-05
5.043500000000151886e+03 7.341898890445008874e-05
5.044400000000152431e+03 7.505158282583579421e-05
5.045300000000152068e+03 7.631423068232834339e-05
5.046200000000151704e+03 7.696636021137237549e-05
5.047100000000152249e+03 7.599242962896823883e-05
5.048000000000152795e+03 7.363859913311898708e-05
5.048900000000152431e+03 7.155526691349223256e-05
5.049800000000152068e+03 7.084818935254588723e-05
5.050700000000152613e+03 7.088312122505158186e-05
5.051600000000153159e+03 7.118142093531787395e-05
5.052500000000152795e+03 7.256185199366882443e-05
5.053400000000152431e+03 7.448176620528101921e-05
5.054300000000152977e+03 7.567730062874034047e-05
5.055200000000153523e+03 7.607644511153921485e-05
5.056100000000153159e+03 7.605384598718956113e-05
5.057000000000152795e+03 7.605314021930098534e-05
5.057900000000153341e+03 7.612306217197328806e-05
5.058800000000153887e+03 7.585171260870993137e-05
5.059700000000153523e+03 7.554613694082945585e-05
5.060600000000153159e+03 7.601758989039808512e-05
5.061500000000153705e+03 7.674407970625907183e-05
5.062400000000154250e+03 7.654714863747358322e-05
5.063300000000153887e+03 7.462273788405582309e-05
5.064200000000153523e+03 7.153672777349129319e-05
5.065100000000154068e+03 7.030975393718108535e-05
5.066000000000154614e+03 7.189044845290482044e-05
5.066900000000154250e+03 7.320828444790095091e-05
5.067800000000153887e+03 7.284119783435016870e-05
5.068700000000154432e+03 7.264855958055704832e-05
5.069600000000154978e+03 7.379487215075641870e-05
5.070500000000154614e+03 7.448899850714951754e-05
5.071400000000154250e+03 7.335028931265696883e-05
5.072300000000154796e+03 7.232041389215737581e-05
5.073200000000155342e+03 7.299335265997797251e-05
5.074100000000154978e+03 7.370147068286314607e-05
5.075000000000154614e+03 7.342710887314751744e-05
5.075900000000155160e+03 7.333645771723240614e-05
5.076800000000155705e+03 7.389924576273187995e-05
5.077700000000155342e+03 7.338387513300403953e-05
5.078600000000154978e+03 7.019087934168055654e-05
5.079500000000155524e+03 6.693981413263827562e-05
5.080400000000156069e+03 6.713966286042705178e-05
5.081300000000155705e+03 6.956444849492982030e-05
5.082200000000155342e+03 7.086769619490951300e-05
5.083100000000155887e+03 7.079030183376744390e-05
5.084000000000156433e+03 7.158931111916899681e-05
5.084900000000156069e+03 7.342125900322571397e-05
5.085800000000155705e+03 7.444898801622912288e-05
5.086700000000156251e+03 7.417372398776933551e-05
5.087600000000156797e+03 7.381824980257079005e-05
5.088500000000156433e+03 7.414699939545243979e-05
5.089400000000156069e+03 7.446175732184201479e-05
5.090300000000156615e+03 7.430737605318427086e-05
5.091200000000157161e+03 7.444754737662151456e-05
5.092100000000156797e+03 7.524991087848320603e-05
5.093000000000156433e+03 7.605026621604338288e-05
5.093900000000156979e+03 7.615305366925895214e-05
5.094800000000157524e+03 7.547610584879294038e-05
5.095700000000157161e+03 7.434683357132598758e-05
5.096600000000156797e+03 7.296761032193899155e-05
5.097500000000157343e+03 7.124841067707166076e-05
5.098400000000157888e+03 6.943238986423239112e-05
5.099300000000157524e+03 6.926483183633536100e-05
5.100200000000157161e+03 7.145120616769418120e-05
5.101100000000157706e+03 7.382565672742202878e-05
5.102000000000158252e+03 7.466389070032164454e-05
5.102900000000157888e+03 7.427472883136942983e-05
5.103800000000157524e+03 7.365754572674632072e-05
5.104700000000158070e+03 7.322989404201507568e-05
5.105600000000158616e+03 7.264541636686772108e-05
5.106500000000158252e+03 7.128882134566083550e-05
5.107400000000157888e+03 7.008414104348048568e-05
5.108300000000158434e+03 7.048856787150725722e-05
5.109200000000158980e+03 7.089075370458886027e-05
5.110100000000158616e+03 7.056935282889753580e-05
5.111000000000158252e+03 7.158577500376850367e-05
5.111900000000158798e+03 7.341308082686737180e-05
5.112800000000159343e+03 7.417487358907237649e-05
5.113700000000158980e+03 7.434166764141991735e-05
5.114600000000158616e+03 7.448388350894674659e-05
5.115500000000159162e+03 7.465198723366484046e-05
5.116400000000159707e+03 7.529368303949013352e-05
5.117300000000159343e+03 7.609801832586526871e-05
5.118200000000158980e+03 7.625579019077122211e-05
5.119100000000159525e+03 7.569152512587606907e-05
5.120000000000160071e+03 7.479490159312263131e-05
5.120900000000159707e+03 7.387647201539948583e-05
5.121800000000159343e+03 7.281971193151548505e-05
5.122700000000159889e+03 7.109907892299816012e-05
5.123600000000160435e+03 6.947565270820632577e-05
5.124500000000160071e+03 6.947907240828499198e-05
5.125400000000159707e+03 7.050562999211251736e-05
5.126300000000160253e+03 7.101623486960306764e-05
5.127200000000160799e+03 7.076658948790282011e-05
5.128100000000160435e+03 7.048833504086360335e-05
5.129000000000160071e+03 7.040701166260987520e-05
5.129900000000160617e+03 7.088042912073433399e-05
5.130800000000161162e+03 7.186767470557242632e-05
5.131700000000160799e+03 7.257889228640124202e-05
5.132600000000160435e+03 7.270290370797738433e-05
5.133500000000160981e+03 7.274279050761833787e-05
5.134400000000161526e+03 7.371698302449658513e-05
5.135300000000161162e+03 7.453233411069959402e-05
5.136200000000160799e+03 7.345603808062151074e-05
5.137100000000161344e+03 7.159569940995424986e-05
5.138000000000161890e+03 7.019878830760717392e-05
5.138900000000161526e+03 6.911221134942024946e-05
5.139800000000161162e+03 6.987719098106026649e-05
5.140700000000161708e+03 7.153618935262784362e-05
5.141600000000162254e+03 7.054887100821360946e-05
5.142500000000161890e+03 6.870055949548259377e-05
5.143400000000161526e+03 6.970799586270004511e-05
5.144300000000162072e+03 7.174846541602164507e-05
5.145200000000162618e+03 7.182271656347438693e-05
5.146100000000162254e+03 7.082098454702645540e-05
5.147000000000161890e+03 7.031230052234604955e-05
5.147900000000162436e+03 7.080519571900367737e-05
5.148800000000162981e+03 7.199500396382063627e-05
5.149700000000162618e+03 7.213335629785433412e-05
5.150600000000162254e+03 7.067865954013541341e-05
5.151500000000162800e+03 6.948431837372481823e-05
5.152400000000163345e+03 6.953557749511674047e-05
5.153300000000162981e+03 6.999406468821689487e-05
5.154200000000162618e+03 7.056894537527114153e-05
5.155100000000163163e+03 7.178374653449282050e-05
5.156000000000163709e+03 7.333317626034840941e-05
5.156900000000163345e+03 7.465452654287219048e-05
5.157800000000162981e+03 7.521078077843412757e-05
5.158700000000163527e+03 7.501423533540219069e-05
5.159600000000164073e+03 7.500506035285070539e-05
5.160500000000163709e+03 7.506804104195907712e-05
5.161400000000163345e+03 7.414785795845091343e-05
5.162300000000163891e+03 7.309418288059532642e-05
5.163200000000164437e+03 7.313007517950609326e-05
5.164100000000164073e+03 7.265018211910501122e-05
5.165000000000163709e+03 6.957694131415337324e-05
5.165900000000164255e+03 6.407080218195915222e-05
5.166800000000164800e+03 5.842580867465585470e-05
5.167700000000164437e+03 5.638991933665238321e-05
5.168600000000164073e+03 5.928043174208141863e-05
5.169500000000164619e+03 6.428734923247247934e-05
5.170400000000165164e+03 6.617709732381626964e-05
5.171300000000164800e+03 6.192604632815346122e-05
5.172200000000164437e+03 5.638862421619705856e-05
5.173100000000164982e+03 5.716993837268091738e-05
5.174000000000165528e+03 6.400269921869039536e-05
5.174900000000165164e+03 7.010796252870932221e-05
5.175800000000164800e+03 7.233753422042354941e-05
5.176700000000165346e+03 7.276247197296470404e-05
5.177600000000165892e+03 7.317105337278917432e-05
5.178500000000165528e+03 7.336113776545971632e-05
5.179400000000165164e+03 7.301966979866847396e-05
5.180300000000165710e+03 7.224784349091351032e-05
5.181200000000166256e+03 7.011515845078974962e-05
5.182100000000165892e+03 6.462727469624951482e-05
5.183000000000165528e+03 5.747838440584018826e-05
5.183900000000166074e+03 5.593179957941174507e-05
5.184800000000166619e+03 6.201403448358178139e-05
5.185700000000166256e+03 6.888090865686535835e-05
5.186600000000165892e+03 7.197525701485574245e-05
5.187500000000166438e+03 7.177826773840934038e-05
5.188400000000166983e+03 7.087067933753132820e-05
5.189300000000166619e+03 7.169399032136425376e-05
5.190200000000166256e+03 7.218097744043916464e-05
5.191100000000166801e+03 6.946879148017615080e-05
5.192000000000167347e+03 6.645233952440321445e-05
5.192900000000166983e+03 6.697787466691806912e-05
5.193800000000166619e+03 6.909125659149140120e-05
5.194700000000167165e+03 6.950127135496586561e-05
5.195600000000167711e+03 6.951725663384422660e-05
5.196500000000167347e+03 7.058698975015431643e-05
5.197400000000166983e+03 7.143418042687699199e-05
5.198300000000167529e+03 7.197430386440828443e-05
5.199200000000168075e+03 7.295868999790400267e-05
5.200100000000167711e+03 7.366464706137776375e-05
5.201000000000167347e+03 7.331251254072412848e-05
5.201900000000167893e+03 7.242972060339525342e-05
5.202800000000168438e+03 7.168976298999041319e-05
5.203700000000168075e+03 7.016259769443422556e-05
5.204600000000167711e+03 6.760746327927336097e-05
5.205500000000168257e+03 6.632139411522075534e-05
5.206400000000168802e+03 6.710449088132008910e-05
5.207300000000168438e+03 6.744885467924177647e-05
5.208200000000168075e+03 6.643786036875098944e-05
5.209100000000168620e+03 6.678651698166504502e-05
5.210000000000169166e+03 6.873271195217967033e-05
5.210900000000168802e+03 7.087479025358334184e-05
5.211800000000168438e+03 7.305514736799523234e-05
5.212700000000168984e+03 7.469585398212075233e-05
5.213600000000169530e+03 7.491109863622114062e-05
5.214500000000169166e+03 7.328049832722172141e-05
5.215400000000168802e+03 7.096353510860353708e-05
5.216300000000169348e+03 6.996708543738350272e-05
5.217200000000169894e+03 7.091395673342049122e-05
5.218100000000169530e+03 7.275533425854519010e-05
5.219000000000169166e+03 7.406654913211241364e-05
5.219900000000169712e+03 7.464901864295825362e-05
5.220800000000170257e+03 7.514706521760672331e-05
5.221700000000169894e+03 7.528758578700944781e-05
5.222600000000169530e+03 7.458665641024708748e-05
5.223500000000170076e+03 7.302805170184001327e-05
5.224400000000170621e+03 7.061332144076004624e-05
5.225300000000170257e+03 6.736752402503043413e-05
5.226200000000169894e+03 6.408116314560174942e-05
5.227100000000170439e+03 6.389256304828450084e-05
5.228000000000170985e+03 6.793947977712377906e-05
5.228900000000170621e+03 7.187246228568255901e-05
5.229800000000170257e+03 7.337875285884365439e-05
5.230700000000170803e+03 7.404493226204067469e-05
5.231600000000171349e+03 7.350007217610254884e-05
5.232500000000170985e+03 7.128635479602962732e-05
5.233400000000170621e+03 6.976660370128229260e-05
5.234300000000171167e+03 7.007370004430413246e-05
5.235200000000171713e+03 7.152069156290963292e-05
5.236100000000171349e+03 7.352308603003621101e-05
5.237000000000170985e+03 7.494361489079892635e-05
5.237900000000171531e+03 7.521098450524732471e-05
5.238800000000172076e+03 7.483523950213566422e-05
5.239700000000171713e+03 7.461826317012310028e-05
5.240600000000171349e+03 7.490038842661306262e-05
5.241500000000171894e+03 7.490666030207648873e-05
5.242400000000172440e+03 7.440076296916231513e-05
5.243300000000172076e+03 7.455588638549670577e-05
5.244200000000171713e+03 7.553355681011453271e-05
5.245100000000172258e+03 7.558569632237777114e-05
5.246000000000172804e+03 7.347414066316559911e-05
5.246900000000172440e+03 7.103555981302633882e-05
5.247800000000172076e+03 7.093726162565872073e-05
5.248700000000172622e+03 7.182008994277566671e-05
5.249600000000173168e+03 7.099121285136789083e-05
5.250500000000172804e+03 6.990602560108527541e-05
5.251400000000172440e+03 7.072317384881898761e-05
5.252300000000172986e+03 7.224267028504982591e-05
5.253200000000173532e+03 7.269759225891903043e-05
5.254100000000173168e+03 7.188402378233149648e-05
5.255000000000172804e+03 7.128618744900450110e-05
5.255900000000173350e+03 7.268496847245842218e-05
5.256800000000173895e+03 7.502635708078742027e-05
5.257700000000173532e+03 7.634766370756551623e-05
5.258600000000173168e+03 7.649803592357784510e-05
5.259500000000173713e+03 7.580361852888017893e-05
5.260400000000174259e+03 7.415714208036661148e-05
5.261300000000173895e+03 7.147208816604688764e-05
5.262200000000173532e+03 6.876546103740110993e-05
5.263100000000174077e+03 6.699764344375580549e-05
5.264000000000174623e+03 6.584196671610698104e-05
5.264900000000174259e+03 6.491309613920748234e-05
5.265800000000173895e+03 6.502275937236845493e-05
5.266700000000174441e+03 6.740375101799145341e-05
5.267600000000174987e+03 6.932906399015337229e-05
5.268500000000174623e+03 6.654283788520842791e-05
5.269400000000174259e+03 6.187563849380239844e-05
5.270300000000174805e+03 6.237939669517800212e-05
5.271200000000175351e+03 6.773957284167408943e-05
5.272100000000174987e+03 7.131908205337822437e-05
5.273000000000174623e+03 7.140658271964639425e-05
5.273900000000175169e+03 7.081929652485996485e-05
5.274800000000175714e+03 7.014409493422135711e-05
5.275700000000175351e+03 7.002495840424671769e-05
5.276600000000174987e+03 7.217063102871179581e-05
5.277500000000175532e+03 7.502885273424908519e-05
5.278400000000176078e+03 7.616548828082159162e-05
5.279300000000175714e+03 7.547413406427949667e-05
5.280200000000175351e+03 7.398171146633103490e-05
5.281100000000175896e+03 7.246798486448824406e-05
5.282000000000176442e+03 7.119561632862314582e-05
5.282900000000176078e+03 7.012677087914198637e-05
5.283800000000175714e+03 7.014763104962185025e-05
5.284700000000176260e+03 7.245011511258780956e-05
5.285600000000176806e+03 7.541548984590917826e-05
5.286500000000176442e+03 7.673852087464183569e-05
5.287400000000176078e+03 7.642286800546571612e-05
5.288300000000176624e+03 7.580230158055201173e-05
5.289200000000177170e+03 7.588938024127855897e-05
5.290100000000176806e+03 7.640885451110079885e-05
5.291000000000176442e+03 7.653557258890941739e-05
5.291900000000176988e+03 7.604557322338223457e-05
5.292800000000177533e+03 7.548715802840888500e-05
5.293700000000177170e+03 7.542590901721268892e-05
5.294600000000176806e+03 7.530131551902741194e-05
5.295500000000177351e+03 7.394404383376240730e-05
5.296400000000177897e+03 7.126283162506297231e-05
5.297300000000177533e+03 6.886215851409360766e-05
5.298200000000177170e+03 6.892675446579232812e-05
5.299100000000177715e+03 7.132549217203631997e-05
5.300000000000178261e+03 7.307989289984107018e-05
5.300900000000177897e+03 7.282936712726950645e-05
5.301800000000177533e+03 7.232922507682815194e-05
5.302700000000178079e+03 7.325322803808376193e-05
5.303600000000178625e+03 7.517376070609316230e-05
5.304500000000178261e+03 7.645544974366202950e-05
5.305400000000177897e+03 7.629249012097716331e-05
5.306300000000178443e+03 7.506744441343471408e-05
5.307200000000178989e+03 7.414814172079786658e-05
5.308100000000178625e+03 7.463862129952758551e-05
5.309000000000178261e+03 7.583315891679376364e-05
5.309900000000178807e+03 7.642093987669795752e-05
5.310800000000179352e+03 7.626971637364476919e-05
5.311700000000178989e+03 7.589864981127902865e-05
5.312600000000178625e+03 7.551736052846536040e-05
5.313500000000179170e+03 7.529776485171169043e-05
5.314400000000179716e+03 7.510378782171756029e-05
5.315300000000179352e+03 7.408607780234888196e-05
5.316200000000178989e+03 7.260691199917346239e-05
5.317100000000179534e+03 7.255715172505006194e-05
5.318000000000180080e+03 7.391825783997774124e-05
5.318900000000179716e+03 7.475201709894463420e-05
5.319800000000179352e+03 7.467716932296752930e-05
5.320700000000179898e+03 7.441179332090541720e-05
5.321600000000180444e+03 7.408886449411511421e-05
5.322500000000180080e+03 7.328168430831283331e-05
5.323400000000179716e+03 7.178276428021490574e-05
5.324300000000180262e+03 7.100283255567774177e-05
5.325200000000180808e+03 7.194021600298583508e-05
5.326100000000180444e+03 7.190844917204231024e-05
5.327000000000180080e+03 6.802225107094272971e-05
5.327900000000180626e+03 6.313921767286956310e-05
5.328800000000181171e+03 6.347659655148163438e-05
5.329700000000180808e+03 6.858013512101024389e-05
5.330600000000180444e+03 7.270510104717686772e-05
5.331500000000180989e+03 7.357229333138093352e-05
5.332400000000181535e+03 7.287970947800204158e-05
5.333300000000181171e+03 7.303403253899887204e-05
5.334200000000180808e+03 7.427862146869301796e-05
5.335100000000181353e+03 7.483933586627244949e-05
5.336000000000181899e+03 7.410193211399018764e-05
5.336900000000181535e+03 7.344640471274033189e-05
5.337800000000181171e+03 7.363883196376264095e-05
5.338700000000181717e+03 7.312108209589496255e-05
5.339600000000182263e+03 7.093282329151406884e-05
5.340500000000181899e+03 6.928835500730201602e-05
5.341400000000181535e+03 7.041297794785350561e-05
5.342300000000182081e+03 7.286194158950820565e-05
5.343200000000182627e+03 7.430040568578988314e-05
5.344100000000182263e+03 7.439020555466413498e-05
5.345000000000181899e+03 7.350037049036473036e-05
5.345900000000182445e+03 7.291747897397726774e-05
5.346800000000182990e+03 7.327395724132657051e-05
5.347700000000182627e+03 7.295783143490552902e-05
5.348600000000182263e+03 7.184256537584587932e-05
5.349500000000182808e+03 7.190725591499358416e-05
5.350400000000183354e+03 7.356035348493605852e-05
5.351300000000182990e+03 7.508909038733690977e-05
5.352200000000182627e+03 7.525416003772988915e-05
5.353100000000183172e+03 7.491232099710032344e-05
5.354000000000183718e+03 7.548585563199594617e-05
5.354900000000183354e+03 7.659602852072566748e-05
5.355800000000182990e+03 7.704454037593677640e-05
5.356700000000183536e+03 7.695706881349906325e-05
5.357600000000184082e+03 7.693308725720271468e-05
5.358500000000183718e+03 7.695154636166989803e-05
5.359400000000183354e+03 7.678089605178683996e-05
5.360300000000183900e+03 7.613339403178542852e-05
5.361200000000184446e+03 7.494569581467658281e-05
5.362100000000184082e+03 7.384338823612779379e-05
5.363000000000183718e+03 7.340009324252605438e-05
5.363900000000184264e+03 7.306472980417311192e-05
5.364800000000184809e+03 7.248845940921455622e-05
5.365700000000184446e+03 7.252956856973469257e-05
5.366600000000184082e+03 7.297717820620164275e-05
5.367500000000184627e+03 7.317637209780514240e-05
5.368400000000185173e+03 7.282492879312485456e-05
5.369300000000184809e+03 7.107247074600309134e-05
5.370200000000184446e+03 6.850608770037069917e-05
5.371100000000184991e+03 6.741537072230130434e-05
5.372000000000185537e+03 6.942074105609208345e-05
5.372900000000185173e+03 7.293589442269876599e-05
5.373800000000184809e+03 7.522063242504373193e-05
5.374700000000185355e+03 7.607025327160954475e-05
5.375600000000185901e+03 7.610346801811829209e-05
5.376500000000185537e+03 7.571047899546101689e-05
5.377400000000185173e+03 7.557118078693747520e-05
5.378300000000185719e+03 7.555856427643448114e-05
5.379200000000186265e+03 7.503085362259298563e-05
5.380100000000185901e+03 7.408538658637553453e-05
5.381000000000185537e+03 7.355994603130966425e-05
5.381900000000186083e+03 7.335956615861505270e-05
5.382800000000186628e+03 7.292939699254930019e-05
5.383700000000186265e+03 7.314575486816465855e-05
5.384600000000185901e+03 7.431711128447204828e-05
5.385500000000186446e+03 7.514027674915269017e-05
5.386400000000186992e+03 7.521385123254731297e-05
5.387300000000186628e+03 7.494918827433139086e-05
5.388200000000186265e+03 7.433577411575242877e-05
5.389100000000186810e+03 7.345627818722277880e-05
5.390000000000187356e+03 7.291153451660647988e-05
5.390900000000186992e+03 7.274949166458100080e-05
5.391800000000186628e+03 7.246909081004559994e-05
5.392700000000187174e+03 7.195971556939184666e-05
5.393600000000187720e+03 7.176723738666623831e-05
5.394500000000187356e+03 7.200468826340511441e-05
5.395400000000186992e+03 7.138166984077543020e-05
5.396300000000187538e+03 6.924324407009407878e-05
5.397200000000188084e+03 6.827108882134780288e-05
5.398100000000187720e+03 7.039489719318225980e-05
5.399000000000187356e+03 7.283663580892607570e-05
5.399900000000187902e+03 7.332552922889590263e-05
5.400800000000188447e+03 7.327979983529075980e-05
5.401700000000188084e+03 7.374048436759039760e-05
5.402600000000187720e+03 7.319614087464287877e-05
5.403500000000188265e+03 7.075137546053156257e-05
5.404400000000188811e+03 6.798250979045405984e-05
5.405300000000188447e+03 6.679978105239570141e-05
5.406200000000188084e+03 6.809816113673150539e-05
5.407100000000188629e+03 7.067183469189330935e-05
5.408000000000189175e+03 7.173162885010242462e-05
5.408900000000188811e+03 7.044812082313001156e-05
5.409800000000188447e+03 6.912624667165800929e-05
5.410700000000188993e+03 7.004415238043293357e-05
5.411600000000189539e+03 7.239441765705123544e-05
5.412500000000189175e+03 7.396501314360648394e-05
5.413400000000188811e+03 7.390123937511816621e-05
5.414300000000189357e+03 7.296450348803773522e-05
5.415200000000189902e+03 7.276415999513119459e-05
5.416100000000189539e+03 7.384455238934606314e-05
5.417000000000189175e+03 7.478169573005288839e-05
5.417900000000189721e+03 7.457478932337835431e-05
5.418800000000190266e+03 7.383769843727350235e-05
5.419700000000189902e+03 7.331062806770205498e-05
5.420600000000189539e+03 7.336434646276757121e-05
5.421500000000190084e+03 7.398455636575818062e-05
5.422400000000190630e+03 7.399726746371015906e-05
5.423300000000190266e+03 7.248816109495237470e-05
5.424200000000189902e+03 7.123482646420598030e-05
5.425100000000190448e+03 7.214096694951876998e-05
5.426000000000190994e+03 7.415998697979375720e-05
5.426900000000190630e+03 7.535576878581196070e-05
5.427800000000190266e+03 7.420306792482733727e-05
5.428700000000190812e+03 7.078771886881440878e-05
5.429600000000191358e+03 6.864937313366681337e-05
5.430500000000190994e+03 7.020391785772517323e-05
5.431400000000190630e+03 7.229740731418132782e-05
5.432300000000191176e+03 7.205596193671226501e-05
5.433200000000191721e+03 7.052160071907564998e-05
5.434100000000191358e+03 6.928024959051981568e-05
5.435000000000190994e+03 6.936389399925246835e-05
5.435900000000191540e+03 7.072190783219411969e-05
5.436800000000192085e+03 7.247264875331893563e-05
5.437700000000191721e+03 7.412471313728019595e-05
5.438600000000191358e+03 7.525750697823241353e-05
5.439500000000191903e+03 7.577747601317241788e-05
5.440400000000192449e+03 7.588136941194534302e-05
5.441300000000192085e+03 7.579791417811065912e-05
5.442200000000191721e+03 7.582969556096941233e-05
5.443100000000192267e+03 7.563337567262351513e-05
5.444000000000192813e+03 7.441918569384142756e-05
5.444900000000192449e+03 7.196845399448648095e-05
5.445800000000192085e+03 6.890672375448048115e-05
5.446700000000192631e+03 6.740948447259142995e-05
5.447600000000193177e+03 6.922989996382966638e-05
5.448500000000192813e+03 7.227351306937634945e-05
5.449400000000192449e+03 7.389427628368139267e-05
5.450300000000192995e+03 7.413836283376440406e-05
5.451200000000193540e+03 7.395887951133772731e-05
5.452100000000193177e+03 7.374182314379140735e-05
5.453000000000192813e+03 7.305928011192008853e-05
5.453900000000193359e+03 7.104275573510676622e-05
5.454800000000193904e+03 6.820310954935848713e-05
5.455700000000193540e+03 6.754104106221348047e-05
5.456600000000193177e+03 7.022226782282814384e-05
5.457500000000193722e+03 7.319819997064769268e-05
5.458400000000194268e+03 7.432471466017886996e-05
5.459300000000193904e+03 7.402696792269125581e-05
5.460200000000193540e+03 7.326582999667152762e-05
5.461100000000194086e+03 7.240480772452428937e-05
5.462000000000194632e+03 7.108299905667081475e-05
5.462900000000194268e+03 7.009907858446240425e-05
5.463800000000193904e+03 7.086604455253109336e-05
5.464700000000194450e+03 7.234784425236284733e-05
5.465600000000194996e+03 7.278656994458287954e-05
5.466500000000194632e+03 7.270942296599969268e-05
5.467400000000194268e+03 7.314165850402787328e-05
5.468300000000194814e+03 7.351091335294768214e-05
5.469200000000195359e+03 7.318101415876299143e-05
5.470100000000194996e+03 7.266793545568361878e-05
5.471000000000194632e+03 7.263360021170228720e-05
5.471900000000195178e+03 7.256548269651830196e-05
5.472800000000195723e+03 7.182217814261093736e-05
5.473700000000195359e+03 7.124691182980313897e-05
5.474600000000194996e+03 7.091945008141919971e-05
5.475500000000195541e+03 6.918550207046791911e-05
5.476400000000196087e+03 6.703961844323202968e-05
5.477300000000195723e+03 6.776158261345699430e-05
5.478200000000195359e+03 7.079415081534534693e-05
5.479100000000195905e+03 7.267770706675946712e-05
5.480000000000196451e+03 7.210033800220116973e-05
5.480900000000196087e+03 7.068208651617169380e-05
5.481800000000195723e+03 7.036257738946005702e-05
5.482700000000196269e+03 7.117663335520774126e-05
5.483600000000196815e+03 7.241686398629099131e-05
5.484500000000196451e+03 7.360713789239525795e-05
5.485400000000196087e+03 7.391405233647674322e-05
5.486300000000196633e+03 7.296638068510219455e-05
5.487200000000197178e+03 7.179240492405369878e-05
5.488100000000196815e+03 7.171684410423040390e-05
5.489000000000196451e+03 7.227855530800297856e-05
5.489900000000196997e+03 7.245084270834922791e-05
5.490800000000197542e+03 7.268810441019013524e-05
5.491700000000197178e+03 7.309880311368033290e-05
5.492600000000196815e+03 7.294024544535204768e-05
5.493500000000197360e+03 7.261021528393030167e-05
5.494400000000197906e+03 7.293172529898583889e-05
5.495300000000197542e+03 7.316825940506532788e-05
5.496200000000197178e+03 7.211956108221784234e-05
5.497100000000197724e+03 7.078525959514081478e-05
5.498000000000198270e+03 7.133524195523932576e-05
5.498900000000197906e+03 7.299814024008810520e-05
5.499800000000197542e+03 7.309221109608188272e-05
5.500700000000198088e+03 7.152363832574337721e-05
5.501600000000198634e+03 7.055702735669910908e-05
5.502500000000198270e+03 7.119793735910207033e-05
5.503400000000197906e+03 7.231612835312262177e-05
5.504300000000198452e+03 7.266671309480443597e-05
5.505200000000198997e+03 7.160613313317298889e-05
5.506100000000198634e+03 7.006884698057547212e-05
5.507000000000198270e+03 7.024495425866916776e-05
5.507900000000198816e+03 7.188074960140511394e-05
5.508800000000199361e+03 7.277246913872659206e-05
5.509700000000198997e+03 7.259081758093088865e-05
5.510600000000198634e+03 7.194467616500332952e-05
5.511500000000199179e+03 7.074437598930671811e-05
5.512400000000199725e+03 6.966127693885937333e-05
5.513300000000199361e+03 6.963798659853637218e-05
5.514200000000198997e+03 7.042428478598594666e-05
5.515100000000199543e+03 7.151857425924390554e-05
5.516000000000200089e+03 7.245088636409491301e-05
5.516900000000199725e+03 7.314061076613143086e-05
5.517800000000199361e+03 7.386029028566554189e-05
5.518700000000199907e+03 7.433844439219683409e-05
5.519600000000200453e+03 7.430846744682639837e-05
5.520500000000200089e+03 7.400943286484107375e-05
5.521400000000199725e+03 7.374030246865004301e-05
5.522300000000200271e+03 7.362142059719190001e-05
5.523200000000200816e+03 7.365915371337905526e-05
5.524100000000200453e+03 7.350055238930508494e-05
5.525000000000200089e+03 7.278475823113694787e-05
5.525900000000200635e+03 7.153324986575171351e-05
5.526800000000201180e+03 6.982415652601048350e-05
5.527700000000200816e+03 6.841685535619035363e-05
5.528600000000200453e+03 6.894036050653085113e-05
5.529500000000200998e+03 7.123422983568161726e-05
5.530400000000201544e+03 7.309576176339760423e-05
5.531300000000201180e+03 7.347735663643106818e-05
5.532200000000200816e+03 7.306241604965180159e-05
5.533100000000201362e+03 7.252042996697127819e-05
5.534000000000201908e+03 7.178680243669077754e-05
5.534900000000201544e+03 7.129769073799252510e-05
5.535800000000201180e+03 7.188265590230002999e-05
5.536700000000201726e+03 7.282610022230073810e-05
5.537600000000202272e+03 7.312215166166424751e-05
5.538500000000201908e+03 7.322409510379657149e-05
5.539400000000201544e+03 7.373580592684447765e-05
5.540300000000202090e+03 7.427811215166002512e-05
5.541200000000202635e+03 7.427814125549048185e-05
5.542100000000202272e+03 7.356382411671802402e-05
5.543000000000201908e+03 7.270861533470451832e-05
5.543900000000202454e+03 7.251846545841544867e-05
5.544800000000202999e+03 7.276231190189719200e-05
5.545700000000202635e+03 7.281626312760636210e-05
5.546600000000202272e+03 7.300161814782768488e-05
5.547500000000202817e+03 7.367025682469829917e-05
5.548400000000203363e+03 7.430601544911041856e-05
5.549300000000202999e+03 7.447903772117570043e-05
5.550200000000202635e+03 7.444024959113448858e-05
5.551100000000203181e+03 7.430380355799570680e-05
5.552000000000203727e+03 7.387175719486549497e-05
5.552900000000203363e+03 7.308796921279281378e-05
5.553800000000202999e+03 7.230927440105006099e-05
5.554700000000203545e+03 7.222103158710524440e-05
5.555600000000204091e+03 7.275474490597844124e-05
5.556500000000203727e+03 7.318205462070181966e-05
5.557400000000203363e+03 7.319370342884212732e-05
5.558300000000203909e+03 7.314878894248977304e-05
5.559200000000204454e+03 7.319410360651090741e-05
5.560100000000204091e+03 7.314550748560577631e-05
5.561000000000203727e+03 7.289432687684893608e-05
5.561900000000204273e+03 7.229608308989554644e-05
5.562800000000204818e+03 7.159954839153215289e-05
5.563700000000204454e+03 7.147123687900602818e-05
5.564600000000204091e+03 7.154271588660776615e-05
5.565500000000204636e+03 7.135560008464381099e-05
5.566400000000205182e+03 7.136967178666964173e-05
5.567300000000204818e+03 7.161969551816582680e-05
5.568200000000204454e+03 7.144343544496223330e-05
5.569100000000205000e+03 7.086041296133771539e-05
5.570000000000205546e+03 7.112199818948283792e-05
5.570900000000205182e+03 7.185522554209455848e-05
5.571800000000204818e+03 7.123153045540675521e-05
5.572700000000205364e+03 7.030441338429227471e-05
5.573600000000205910e+03 7.104134419932961464e-05
5.574500000000205546e+03 7.213940261863172054e-05
5.575400000000205182e+03 7.198823004728183150e-05
5.576300000000205728e+03 7.183213165262714028e-05
5.577200000000206273e+03 7.246910536196082830e-05
5.578100000000205910e+03 7.282853039214387536e-05
5.579000000000205546e+03 7.294740498764440417e-05
5.579900000000206091e+03 7.315802940865978599e-05
5.580800000000206637e+03 7.271531649166718125e-05
5.581700000000206273e+03 7.200452819233760238e-05
5.582600000000205910e+03 7.209838804556056857e-05
5.583500000000206455e+03 7.260318670887500048e-05
5.584400000000207001e+03 7.247032044688239694e-05
5.585300000000206637e+03 7.124175317585468292e-05
5.586200000000206273e+03 6.921002204762771726e-05
5.587100000000206819e+03 6.751369801349937916e-05
5.588000000000207365e+03 6.695521733490750194e-05
5.588900000000207001e+03 6.748596206307411194e-05
5.589800000000206637e+03 6.888484494993463159e-05
5.590700000000207183e+03 7.039905904093757272e-05
5.591600000000207729e+03 7.106878183549270034e-05
5.592500000000207365e+03 7.085713878041133285e-05
5.593400000000207001e+03 7.009509863564744592e-05
5.594300000000207547e+03 6.975181895541027188e-05
5.595200000000208092e+03 7.109230500645935535e-05
5.596100000000207729e+03 7.261536666192114353e-05
5.597000000000207365e+03 7.195892249001190066e-05
5.597900000000207910e+03 6.998533353907987475e-05
5.598800000000208456e+03 6.936872523510828614e-05
5.599700000000208092e+03 7.001760241109877825e-05
5.600600000000207729e+03 6.989554822212085128e-05
5.601500000000208274e+03 6.889816722832620144e-05
5.602400000000208820e+03 6.829029734944924712e-05
5.603300000000208456e+03 6.927233334863558412e-05
5.604200000000208092e+03 7.149770681280642748e-05
5.605100000000208638e+03 7.317601557588204741e-05
5.606000000000209184e+03 7.382399780908599496e-05
5.606900000000208820e+03 7.388774247374385595e-05
5.607800000000208456e+03 7.369800732703879476e-05
5.608700000000209002e+03 7.360023300861939788e-05
5.609600000000209548e+03 7.354630361078307033e-05
5.610500000000209184e+03 7.354041008511558175e-05
5.611400000000208820e+03 7.374632696155458689e-05
5.612300000000209366e+03 7.389792153844609857e-05
5.613200000000209911e+03 7.312823436222970486e-05
5.614100000000209548e+03 7.064193778205662966e-05
5.615000000000209184e+03 6.780127296224236488e-05
5.615900000000209729e+03 6.762999692000448704e-05
5.616800000000210275e+03 6.991823465796187520e-05
5.617700000000209911e+03 7.163248665165156126e-05
5.618600000000209548e+03 7.182632543845102191e-05
5.619500000000210093e+03 7.169857417466118932e-05
5.620400000000210639e+03 7.203983841463923454e-05
5.621300000000210275e+03 7.262007420649752021e-05
5.622200000000209911e+03 7.266598549904301763e-05
5.623100000000210457e+03 7.138912769732996821e-05
5.624000000000211003e+03 6.958422454772517085e-05
5.624900000000210639e+03 6.931778625585138798e-05
5.625800000000210275e+03 7.068724517012014985e-05
5.626700000000210821e+03 7.181327237049117684e-05
5.627600000000211367e+03 7.209867908386513591e-05
5.628500000000211003e+03 7.240988634293898940e-05
5.629400000000210639e+03 7.284851017175242305e-05
5.630300000000211185e+03 7.309826469281688333e-05
5.631200000000211730e+03 7.320179429370909929e-05
5.632100000000211367e+03 7.311523222597315907e-05
5.633000000000211003e+03 7.275574898812919855e-05
5.633900000000211548e+03 7.236174133140593767e-05
5.634800000000212094e+03 7.206120062619447708e-05
5.635700000000211730e+03 7.166740397224202752e-05
5.636600000000211367e+03 7.111524610081687570e-05
5.637500000000211912e+03 7.084719982231035829e-05
5.638400000000212458e+03 7.118943176465108991e-05
5.639300000000212094e+03 7.157735672080889344e-05
5.640200000000211730e+03 7.128116703825071454e-05
5.641100000000212276e+03 7.081293733790516853e-05
5.642000000000212822e+03 7.110941078281030059e-05
5.642900000000212458e+03 7.164557609939947724e-05
5.643800000000212094e+03 7.175640348577871919e-05
5.644700000000212640e+03 7.185300637502223253e-05
5.645600000000213186e+03 7.215540244942530990e-05
5.646500000000212822e+03 7.251316856127232313e-05
5.647400000000212458e+03 7.267872570082545280e-05
5.648300000000213004e+03 7.249772170325741172e-05
5.649200000000213549e+03 7.222948624985292554e-05
5.650100000000213186e+03 7.225771696539595723e-05
5.651000000000212822e+03 7.266466127475723624e-05
5.651900000000213367e+03 7.309590728254988790e-05
5.652800000000213913e+03 7.310089131351560354e-05
5.653700000000213549e+03 7.250457565532997251e-05
5.654600000000213186e+03 7.177474617492407560e-05
5.655500000000213731e+03 7.165498391259461641e-05
5.656400000000214277e+03 7.127867138478904963e-05
5.657300000000213913e+03 6.909947842359542847e-05
5.658200000000213549e+03 6.694734474876895547e-05
5.659100000000214095e+03 6.775320071028545499e-05
5.660000000000214641e+03 7.025594095466658473e-05
5.660900000000214277e+03 7.109707075869664550e-05
5.661800000000213913e+03 7.014953735051676631e-05
5.662700000000214459e+03 6.972786650294438004e-05
5.663600000000215005e+03 7.075006578816100955e-05
5.664500000000214641e+03 7.194728095782920718e-05
5.665400000000214277e+03 7.225000445032492280e-05
5.666300000000214823e+03 7.169525633798912168e-05
5.667200000000215368e+03 7.101536903064697981e-05
5.668100000000215005e+03 7.074302993714809418e-05
5.669000000000214641e+03 7.086737605277448893e-05
5.669900000000215186e+03 7.125073170755058527e-05
5.670800000000215732e+03 7.170691969804465771e-05
5.671700000000215368e+03 7.236628880491480231e-05
5.672600000000215005e+03 7.305809413082897663e-05
5.673500000000215550e+03 7.325136539293453097e-05
5.674400000000216096e+03 7.288459892151877284e-05
5.675300000000215732e+03 7.255364471348002553e-05
5.676200000000215368e+03 7.280968566192314029e-05
5.677100000000215914e+03 7.309614738915115595e-05
5.678000000000216460e+03 7.285568426596000791e-05
5.678900000000216096e+03 7.251832721522077918e-05
5.679800000000215732e+03 7.254082447616383433e-05
5.680700000000216278e+03 7.242902938742190599e-05
5.681600000000216824e+03 7.153277692850679159e-05
5.682500000000216460e+03 7.059366180328652263e-05
5.683400000000216096e+03 7.055340392980724573e-05
5.684300000000216642e+03 7.107204146450385451e-05
5.685200000000217187e+03 7.143423863453790545e-05
5.686100000000216824e+03 7.111547893146052957e-05
5.687000000000216460e+03 7.039665797492489219e-05
5.687900000000217005e+03 7.001330232014879584e-05
5.688800000000217551e+03 7.045479287626221776e-05
5.689700000000217187e+03 7.143079710658639669e-05
5.690600000000216824e+03 7.220816041808575392e-05
5.691500000000217369e+03 7.270379137480631471e-05
5.692400000000217915e+03 7.299501157831400633e-05
5.693300000000217551e+03 7.287084736162796617e-05
5.694200000000217187e+03 7.263897714437916875e-05
5.695100000000217733e+03 7.260948041221126914e-05
5.696000000000218279e+03 7.266958709806203842e-05
5.696900000000217915e+03 7.240515697048977017e-05
5.697800000000217551e+03 7.170064054662361741e-05
5.698700000000218097e+03 7.132362952688708901e-05
5.699600000000218643e+03 7.121232192730531096e-05
5.700500000000218279e+03 7.060538337100297213e-05
5.701400000000217915e+03 6.999321340117603540e-05
5.702300000000218461e+03 7.027244282653555274e-05
5.703200000000219006e+03 7.117395580280572176e-05
5.704100000000218643e+03 7.170302706072106957e-05
5.705000000000218279e+03 7.135746272979304194e-05
5.705900000000218824e+03 7.057424227241426706e-05
5.706800000000219370e+03 6.988398672547191381e-05
5.707700000000219006e+03 6.898741412442177534e-05
5.708600000000218643e+03 6.783861317671835423e-05
5.709500000000219188e+03 6.747342558810487390e-05
5.710400000000219734e+03 6.783675053156912327e-05
5.711300000000219370e+03 6.816466338932514191e-05
5.712200000000219006e+03 6.922833563294261694e-05
5.713100000000219552e+03 7.098777859937399626e-05
5.714000000000220098e+03 7.205232395790517330e-05
5.714900000000219734e+03 7.230068877106532454e-05
5.715800000000219370e+03 7.246239692904055119e-05
5.716700000000219916e+03 7.244451990118250251e-05
5.717600000000220462e+03 7.215458026621490717e-05
5.718500000000220098e+03 7.219950202852487564e-05
5.719400000000219734e+03 7.259822450578212738e-05
5.720300000000220280e+03 7.287200423888862133e-05
5.721200000000220825e+03 7.309383363462984562e-05
5.722100000000220462e+03 7.330894732149317861e-05
5.723000000000220098e+03 7.341164746321737766e-05
5.723900000000220643e+03 7.337598071899265051e-05
5.724800000000221189e+03 7.309597276616841555e-05
5.725700000000220825e+03 7.239956903504207730e-05
5.726600000000220462e+03 7.150169403757900000e-05
5.727500000000221007e+03 7.143514085328206420e-05
5.728400000000221553e+03 7.230260962387546897e-05
5.729300000000221189e+03 7.285071478690952063e-05
5.730200000000220825e+03 7.246517634484916925e-05
5.731100000000221371e+03 7.172305049607530236e-05
5.732000000000221917e+03 7.169844320742413402e-05
5.732900000000221553e+03 7.244176231324672699e-05
5.733800000000221189e+03 7.304815517272800207e-05
5.734700000000221735e+03 7.321076554944738746e-05
5.735600000000222281e+03 7.300430297618731856e-05
5.736500000000221917e+03 7.268051558639854193e-05
5.737400000000221553e+03 7.260077836690470576e-05
5.738300000000222099e+03 7.264868327183648944e-05
5.739200000000222644e+03 7.262804865604266524e-05
5.740100000000222281e+03 7.254275988088920712e-05
5.741000000000221917e+03 7.242991705425083637e-05
5.741900000000222462e+03 7.234093209262937307e-05
5.742800000000223008e+03 7.230740447994321585e-05
5.743700000000222644e+03 7.250253111124038696e-05
5.744600000000222281e+03 7.291388465091586113e-05
5.745500000000222826e+03 7.319608994293957949e-05
5.746400000000223372e+03 7.286293111974373460e-05
5.747300000000223008e+03 7.194589852588251233e-05
5.748200000000222644e+03 7.149862358346581459e-05
5.749100000000223190e+03 7.208879105746746063e-05
5.750000000000223736e+03 7.281827856786549091e-05
5.750900000000223372e+03 7.270381320267915726e-05
5.751800000000223008e+03 7.169016316765919328e-05
5.752700000000223554e+03 7.041016942821443081e-05
5.753600000000224099e+03 6.968803063500672579e-05
5.754500000000223736e+03 7.014154834905639291e-05
5.755400000000223372e+03 7.149360317271202803e-05
5.756300000000223918e+03 7.265754538821056485e-05
5.757200000000224463e+03 7.324096077354624867e-05
5.758100000000224099e+03 7.330311200348660350e-05
5.759000000000223736e+03 7.280499994521960616e-05
5.759900000000224281e+03 7.207020098576322198e-05
5.760800000000224827e+03 7.131796155590564013e-05
5.761700000000224463e+03 7.046629616525024176e-05
5.762600000000224099e+03 6.996816227911040187e-05
5.763500000000224645e+03 7.066492253215983510e-05
5.764400000000225191e+03 7.203543646028265357e-05
5.765300000000224827e+03 7.284076855285093188e-05
5.766200000000224463e+03 7.307802297873422503e-05
5.767100000000225009e+03 7.310774526558816433e-05
5.768000000000225555e+03 7.298459968296810985e-05
5.768900000000225191e+03 7.282776641659438610e-05
5.769800000000224827e+03 7.269377965712919831e-05
5.770700000000225373e+03 7.249739428516477346e-05
5.771600000000225918e+03 7.219224062282592058e-05
5.772500000000225555e+03 7.203553832368925214e-05
5.773400000000225191e+03 7.203437417047098279e-05
5.774300000000225737e+03 7.187783921835944057e-05
5.775200000000226282e+03 7.190868927864357829e-05
5.776100000000225918e+03 7.223070861073210835e-05
5.777000000000225555e+03 7.241321145556867123e-05
5.777900000000226100e+03 7.227322203107178211e-05
5.778800000000226646e+03 7.174799247877672315e-05
5.779700000000226282e+03 7.073664164636284113e-05
5.780600000000225918e+03 6.954832497285678983e-05
5.781500000000226464e+03 6.907713395776227117e-05
5.782400000000227010e+03 6.956618744879961014e-05
5.783300000000226646e+03 7.004705548752099276e-05
5.784200000000226282e+03 6.985734944464638829e-05
5.785100000000226828e+03 6.966481305425986648e-05
5.786000000000227374e+03 7.027326500974595547e-05
5.786900000000227010e+03 7.119945075828582048e-05
5.787800000000226646e+03 7.176980579970404506e-05
5.788700000000227192e+03 7.206533337011933327e-05
5.789600000000227737e+03 7.174835627665743232e-05
5.790500000000227374e+03 7.104143878677859902e-05
5.791400000000227010e+03 7.102246308932080865e-05
5.792300000000227556e+03 7.163078407756984234e-05
5.793200000000228101e+03 7.213824574137106538e-05
5.794100000000227737e+03 7.250317139551043510e-05
5.795000000000227374e+03 7.276043470483273268e-05
5.795900000000227919e+03 7.250812632264569402e-05
5.796800000000228465e+03 7.168741285568103194e-05
5.797700000000228101e+03 7.118612847989425063e-05
5.798600000000227737e+03 7.176642975537106395e-05
5.799500000000228283e+03 7.281268335646018386e-05
5.800400000000228829e+03 7.343087781919166446e-05
5.801300000000228465e+03 7.364705379586666822e-05
5.802200000000228101e+03 7.355480192927643657e-05
5.803100000000228647e+03 7.295085379155352712e-05
5.804000000000229193e+03 7.215507503133267164e-05
5.804900000000228829e+03 7.184079004218801856e-05
5.805800000000228465e+03 7.201250264188274741e-05
5.806700000000229011e+03 7.237112731672823429e-05
5.807600000000229556e+03 7.257251127157360315e-05
5.808500000000229193e+03 7.258573896251618862e-05
5.809400000000228829e+03 7.267592445714399219e-05
5.810300000000229375e+03 7.282509614014998078e-05
5.811200000000229920e+03 7.291301881195977330e-05
5.812100000000229556e+03 7.291061046998947859e-05
5.813000000000229193e+03 7.284787716343998909e-05
5.813900000000229738e+03 7.259893027367070317e-05
5.814800000000230284e+03 7.203315908554941416e-05
5.815700000000229920e+03 7.146941061364486814e-05
5.816600000000229556e+03 7.155143248382955790e-05
5.817500000000230102e+03 7.228674803627654910e-05
5.818400000000230648e+03 7.291221845662221313e-05
5.819300000000230284e+03 7.309050852200016379e-05
5.820200000000229920e+03 7.313476817216724157e-05
5.821100000000230466e+03 7.314419053727760911e-05
5.822000000000231012e+03 7.300517609110102057e-05
5.822900000000230648e+03 7.278221164597198367e-05
5.823800000000230284e+03 7.284415914909914136e-05
5.824700000000230830e+03 7.317700510611757636e-05
5.825600000000231375e+03 7.334711699513718486e-05
5.826500000000231012e+03 7.325998012674972415e-05
5.827400000000230648e+03 7.314115646295249462e-05
5.828300000000231194e+03 7.316625851672142744e-05
5.829200000000231739e+03 7.332506356760859489e-05
5.830100000000231375e+03 7.331350207095965743e-05
5.831000000000231012e+03 7.321227894863113761e-05
5.831900000000231557e+03 7.319124415516853333e-05
5.832800000000232103e+03 7.312274101423099637e-05
5.833700000000231739e+03 7.292997179320082068e-05
5.834600000000231375e+03 7.276805263245478272e-05
5.835500000000231921e+03 7.289921632036566734e-05
5.836400000000232467e+03 7.309985812753438950e-05
5.837300000000232103e+03 7.292199734365567565e-05
5.838200000000231739e+03 7.262928556883707643e-05
5.839100000000232285e+03 7.266439934028312564e-05
5.840000000000232831e+03 7.302730227820575237e-05
5.840900000000232467e+03 7.340526644838973880e-05
5.841800000000232103e+03 7.346697384491562843e-05
5.842700000000232649e+03 7.332319364650174975e-05
5.843600000000233194e+03 7.316322444239631295e-05
5.844500000000232831e+03 7.300925062736496329e-05
5.845400000000232467e+03 7.275805546669289470e-05
5.846300000000233013e+03 7.224878208944573998e-05
5.847200000000233558e+03 7.174628262873739004e-05
5.848100000000233194e+03 7.166159775806590915e-05
5.849000000000232831e+03 7.187328446889296174e-05
5.849900000000233376e+03 7.199936226243153214e-05
5.850800000000233922e+03 7.176112558227032423e-05
5.851700000000233558e+03 7.099020876921713352e-05
5.852600000000233194e+03 6.990337715251371264e-05
5.853500000000233740e+03 6.944396591279655695e-05
5.854400000000234286e+03 7.010452100075781345e-05
5.855300000000233922e+03 7.059900235617533326e-05
5.856200000000233558e+03 6.971602124394848943e-05
5.857100000000234104e+03 6.838794797658920288e-05
5.858000000000234650e+03 6.838686385890468955e-05
5.858900000000234286e+03 6.956151628401130438e-05
5.859800000000233922e+03 7.064115925459191203e-05
5.860700000000234468e+03 7.110408478183671832e-05
5.861600000000235013e+03 7.085165998432785273e-05
5.862500000000234650e+03 7.056038157315924764e-05
5.863400000000234286e+03 7.088473648764193058e-05
5.864300000000234832e+03 7.131031452445313334e-05
5.865200000000235377e+03 7.105633994797244668e-05
5.866100000000235013e+03 7.041149365250021219e-05
5.867000000000234650e+03 7.033612928353250027e-05
5.867900000000235195e+03 7.096354966051876545e-05
5.868800000000235741e+03 7.163933332776650786e-05
5.869700000000235377e+03 7.199647370725870132e-05
5.870600000000235013e+03 7.201656990218907595e-05
5.871500000000235559e+03 7.186315633589401841e-05
5.872400000000236105e+03 7.163504051277413964e-05
5.873300000000235741e+03 7.152337639126926661e-05
5.874200000000235377e+03 7.158239168347790837e-05
5.875100000000235923e+03 7.152742909966036677e-05
5.876000000000236469e+03 7.136753993108868599e-05
5.876900000000236105e+03 7.121569069568067789e-05
5.877800000000235741e+03 7.098302012309432030e-05
5.878700000000236287e+03 7.065761019475758076e-05
5.879600000000236832e+03 7.027904939604923129e-05
5.880500000000236469e+03 7.020754856057465076e-05
5.881400000000236105e+03 7.047833787510171533e-05
5.882300000000236651e+03 7.048359111649915576e-05
5.883200000000237196e+03 7.012858259258791804e-05
5.884100000000236832e+03 6.998156459303572774e-05
5.885000000000236469e+03 7.023647049209102988e-05
5.885900000000237014e+03 7.040188938844949007e-05
5.886800000000237560e+03 6.987343658693134785e-05
5.887700000000237196e+03 6.761920667486265302e-05
5.888600000000236832e+03 6.273696635616943240e-05
5.889500000000237378e+03 5.781394065706990659e-05
5.890400000000237924e+03 5.790079012513160706e-05
5.891300000000237560e+03 6.231497536646202207e-05
5.892200000000237196e+03 6.587971438420936465e-05
5.893100000000237742e+03 6.693334580631926656e-05
5.894000000000238288e+03 6.569766992470249534e-05
5.894900000000237924e+03 6.213602318894118071e-05
5.895800000000237560e+03 5.953294385108165443e-05
5.896700000000238106e+03 6.156966992421075702e-05
5.897600000000238651e+03 6.556825974257662892e-05
5.898500000000238288e+03 6.757482333341613412e-05
5.899400000000237924e+03 6.809769547544419765e-05
5.900300000000238470e+03 6.870008655823767185e-05
5.901200000000239015e+03 6.940375169506296515e-05
5.902100000000238651e+03 6.980053149163722992e-05
5.903000000000238288e+03 6.993781425990164280e-05
5.903900000000238833e+03 6.994969589868560433e-05
5.904800000000239379e+03 6.977237353567034006e-05
5.905700000000239015e+03 6.963963824091479182e-05
5.906600000000238651e+03 6.989116809563711286e-05
5.907500000000239197e+03 7.027667015790939331e-05
5.908400000000239743e+03 7.030134293017908931e-05
5.909300000000239379e+03 7.010836270637810230e-05
5.910200000000239015e+03 7.022302452242001891e-05
5.911100000000239561e+03 7.051305874483659863e-05
5.912000000000240107e+03 7.035173621261492372e-05
5.912900000000239743e+03 6.945632776478305459e-05
5.913800000000239379e+03 6.842905713710933924e-05
5.914700000000239925e+03 6.820151611464098096e-05
5.915600000000240470e+03 6.863989256089553237e-05
5.916500000000240107e+03 6.923323962837457657e-05
5.917400000000239743e+03 6.972841219976544380e-05
5.918300000000240289e+03 6.994524301262572408e-05
5.919200000000240834e+03 7.011317939031869173e-05
5.920100000000240470e+03 7.020441989880055189e-05
5.921000000000240107e+03 6.991845293669030070e-05
5.921900000000240652e+03 6.960931204957887530e-05
5.922800000000241198e+03 6.975970609346404672e-05
5.923700000000240834e+03 7.020059274509549141e-05
5.924600000000240470e+03 7.054546586005017161e-05
5.925500000000241016e+03 7.072916923789307475e-05
5.926400000000241562e+03 7.068685954436659813e-05
5.927300000000241198e+03 7.042162178549915552e-05
5.928200000000240834e+03 6.997892342042177916e-05
5.929100000000241380e+03 6.935102283023297787e-05
5.930000000000241926e+03 6.912056414876133204e-05
5.930900000000241562e+03 6.977394514251500368e-05
5.931800000000241198e+03 7.056783942971378565e-05
5.932700000000241744e+03 7.062040822347626090e-05
5.933600000000242289e+03 6.991139525780454278e-05
5.934500000000241926e+03 6.933620170457288623e-05
5.935400000000241562e+03 6.966908404137939215e-05
5.936300000000242107e+03 7.035039743641391397e-05
5.937200000000242653e+03 7.069679850246757269e-05
5.938100000000242289e+03 7.083379750838503242e-05
5.939000000000241926e+03 7.078539056237787008e-05
5.939900000000242471e+03 7.032699068076908588e-05
5.940800000000243017e+03 6.967114313738420606e-05
5.941700000000242653e+03 6.944883352844044566e-05
5.942600000000242289e+03 6.972161645535379648e-05
5.943500000000242835e+03 7.008692773524671793e-05
5.944400000000243381e+03 7.044825906632468104e-05
5.945300000000243017e+03 7.073582673911005259e-05
5.946200000000242653e+03 7.069214916555210948e-05
5.947100000000243199e+03 7.002031634328886867e-05
5.948000000000243745e+03 6.901800225023180246e-05
5.948900000000243381e+03 6.866916373837739229e-05
5.949800000000243017e+03 6.929471419425681233e-05
5.950700000000243563e+03 6.999013567110523582e-05
5.951600000000244108e+03 6.979595491429790854e-05
5.952500000000243745e+03 6.913997640367597342e-05
5.953400000000243381e+03 6.929251685505732894e-05
5.954300000000243926e+03 7.000406912993639708e-05
5.955200000000244472e+03 7.000052573857828975e-05
5.956100000000244108e+03 6.928674702066928148e-05
5.957000000000243745e+03 6.894496618770062923e-05
5.957900000000244290e+03 6.935630517546087503e-05
5.958800000000244836e+03 7.001651101745665073e-05
5.959700000000244472e+03 7.061681390041485429e-05
5.960600000000244108e+03 7.101707888068631291e-05
5.961500000000244654e+03 7.120373629732057452e-05
5.962400000000245200e+03 7.117213681340217590e-05
5.963300000000244836e+03 7.105818076524883509e-05
5.964200000000244472e+03 7.084303797455504537e-05
5.965100000000245018e+03 7.042137440294027328e-05
5.966000000000245564e+03 7.018387259449809790e-05
5.966900000000245200e+03 7.047661347314715385e-05
5.967800000000244836e+03 7.084929529810324311e-05
5.968700000000245382e+03 7.102845847839489579e-05
5.969600000000245927e+03 7.111346349120140076e-05
5.970500000000245564e+03 7.121354428818449378e-05
5.971400000000245200e+03 7.125631964299827814e-05
5.972300000000245745e+03 7.123266550479456782e-05
5.973200000000246291e+03 7.119010842870920897e-05
5.974100000000245927e+03 7.087919948389753699e-05
5.975000000000245564e+03 7.015261508058756590e-05
5.975900000000246109e+03 6.945314089534804225e-05
5.976800000000246655e+03 6.920829036971554160e-05
5.977700000000246291e+03 6.939327431609854102e-05
5.978600000000245927e+03 6.980453326832503080e-05
5.979500000000246473e+03 7.037477189442142844e-05
5.980400000000247019e+03 7.081002695485949516e-05
5.981300000000246655e+03 7.083849777700379491e-05
5.982200000000246291e+03 7.036978058749809861e-05
5.983100000000246837e+03 6.935464625712484121e-05
5.984000000000247383e+03 6.850324280094355345e-05
5.984900000000247019e+03 6.874868995510041714e-05
5.985800000000246655e+03 6.954629498068243265e-05
5.986700000000247201e+03 6.992930866545066237e-05
5.987600000000247746e+03 7.004737562965601683e-05
5.988500000000247383e+03 7.030197593849152327e-05
5.989400000000247019e+03 7.051357533782720566e-05
5.990300000000247564e+03 7.029733387753367424e-05
5.991200000000248110e+03 6.991624104557558894e-05
5.992100000000247746e+03 7.013564027147367597e-05
5.993000000000247383e+03 7.083056698320433497e-05
5.993900000000247928e+03 7.124646072043105960e-05
5.994800000000248474e+03 7.117932545952498913e-05
5.995700000000248110e+03 7.085058314260095358e-05
5.996600000000247746e+03 7.036993338260799646e-05
5.997500000000248292e+03 7.002108759479597211e-05
5.998400000000248838e+03 7.005426596151664853e-05
5.999300000000248474e+03 7.026456296443939209e-05
6.000200000000248110e+03 7.041906792437657714e-05
6.001100000000248656e+03 7.022162026260048151e-05
6.002000000000249202e+03 6.959043821552768350e-05
6.002900000000248838e+03 6.921760359546169639e-05
6.003800000000248474e+03 6.962765473872423172e-05
6.004700000000249020e+03 7.007694512140005827e-05
6.005600000000249565e+03 6.988114910200238228e-05
6.006500000000249202e+03 6.913023389643058181e-05
6.007400000000248838e+03 6.820699491072446108e-05
6.008300000000249383e+03 6.801852578064426780e-05
6.009200000000249929e+03 6.907001079525798559e-05
6.010100000000249565e+03 7.021993224043399096e-05
6.011000000000249202e+03 7.041064964141696692e-05
6.011900000000249747e+03 6.985060463193804026e-05
6.012800000000250293e+03 6.931136158527806401e-05
6.013700000000249929e+03 6.939980812603607774e-05
6.014600000000249565e+03 6.982369814068078995e-05
6.015500000000250111e+03 6.975704309297725558e-05
6.016400000000250657e+03 6.942820618860423565e-05
6.017300000000250293e+03 6.960249447729438543e-05
6.018200000000249929e+03 6.987444066908210516e-05
6.019100000000250475e+03 6.945277709746733308e-05
6.020000000000251021e+03 6.878246495034545660e-05
6.020900000000250657e+03 6.865109025966376066e-05
6.021800000000250293e+03 6.897521234350278974e-05
6.022700000000250839e+03 6.920978194102644920e-05
6.023600000000251384e+03 6.915345875313505530e-05
6.024500000000251021e+03 6.945311179151758552e-05
6.025400000000250657e+03 7.004155486356467009e-05
6.026300000000251202e+03 7.012192509137094021e-05
6.027200000000251748e+03 7.011961861280724406e-05
6.028100000000251384e+03 7.056536560412496328e-05
6.029000000000251021e+03 7.096207264112308621e-05
6.029900000000251566e+03 7.090743019944056869e-05
6.030800000000252112e+03 7.068213744787499309e-05
6.031700000000251748e+03 7.075631583575159311e-05
6.032600000000251384e+03 7.103724783519282937e-05
6.033500000000251930e+03 7.120056397980079055e-05
6.034400000000252476e+03 7.119192741811275482e-05
6.035300000000252112e+03 7.113048195606097579e-05
6.036200000000251748e+03 7.108836143743246794e-05
6.037100000000252294e+03 7.104910037014633417e-05
6.038000000000252840e+03 7.094682950992137194e-05
6.038900000000252476e+03 7.073376036714762449e-05
6.039800000000252112e+03 7.058623305056244135e-05
6.040700000000252658e+03 7.060923235258087516e-05
6.041600000000253203e+03 7.059715426294133067e-05
6.042500000000252840e+03 7.076740439515560865e-05
6.043400000000252476e+03 7.113724132068455219e-05
6.044300000000253021e+03 7.130019366741180420e-05
6.045200000000253567e+03 7.128214929252862930e-05
6.046100000000253203e+03 7.134345651138573885e-05
6.047000000000252840e+03 7.147393625928089023e-05
6.047900000000253385e+03 7.143038237700238824e-05
6.048800000000253931e+03 7.125982665456831455e-05
6.049700000000253567e+03 7.128247671062126756e-05
6.050600000000253203e+03 7.141871174098923802e-05
6.051500000000253749e+03 7.140340312616899610e-05
6.052400000000254295e+03 7.121493399608880281e-05
6.053300000000253931e+03 7.096477929735556245e-05
6.054200000000253567e+03 7.070785795804113150e-05
6.055100000000254113e+03 7.032439316390082240e-05
6.056000000000254659e+03 7.003749487921595573e-05
6.056900000000254295e+03 7.015078153926879168e-05
6.057800000000253931e+03 7.050234125927090645e-05
6.058700000000254477e+03 7.087755511747673154e-05
6.059600000000255022e+03 7.114885374903678894e-05
6.060500000000254659e+03 7.121047383407130837e-05
6.061400000000254295e+03 7.102792005753144622e-05
6.062300000000254840e+03 7.062432996463030577e-05
6.063200000000255386e+03 7.008279499132186174e-05
6.064100000000255022e+03 6.906097405590116978e-05
6.065000000000254659e+03 6.804401346016675234e-05
6.065900000000255204e+03 6.847226904937997460e-05
6.066800000000255750e+03 7.005401857895776629e-05
6.067700000000255386e+03 7.127946446416899562e-05
6.068600000000255022e+03 7.168025331338867545e-05
6.069500000000255568e+03 7.165491115301847458e-05
6.070400000000256114e+03 7.166530122049152851e-05
6.071300000000255750e+03 7.173924677772447467e-05
6.072200000000255386e+03 7.173897756729274988e-05
6.073100000000255932e+03 7.172553159762173891e-05
6.074000000000256478e+03 7.167433068389073014e-05
6.074900000000256114e+03 7.158815424190834165e-05
6.075800000000255750e+03 7.141436799429357052e-05
6.076700000000256296e+03 7.098950300132855773e-05
6.077600000000256841e+03 7.019544864306226373e-05
6.078500000000256478e+03 6.958952872082591057e-05
6.079400000000256114e+03 6.980996113270521164e-05
6.080300000000256659e+03 7.016542076598852873e-05
6.081200000000257205e+03 6.992957059992477298e-05
6.082100000000256841e+03 6.955116259632632136e-05
6.083000000000256478e+03 6.967219087528064847e-05
6.083900000000257023e+03 6.983775529079139233e-05
6.084800000000257569e+03 6.962252518860623240e-05
6.085700000000257205e+03 6.962625047890469432e-05
6.086600000000256841e+03 7.005590305197983980e-05
6.087500000000257387e+03 7.046525570331141353e-05
6.088400000000257933e+03 7.042552897473797202e-05
6.089300000000257569e+03 6.980031321290880442e-05
6.090200000000257205e+03 6.931833195267245173e-05
6.091100000000257751e+03 6.945172208361327648e-05
6.092000000000258296e+03 6.973303970880806446e-05
6.092900000000257933e+03 6.990726251387968659e-05
6.093800000000257569e+03 7.032957364572212100e-05
6.094700000000258115e+03 7.091039879014715552e-05
6.095600000000258660e+03 7.100449147401377559e-05
6.096500000000258296e+03 7.066930265864357352e-05
6.097400000000257933e+03 7.053028093650937080e-05
6.098300000000258478e+03 7.074121822370216250e-05
6.099200000000259024e+03 7.102679228410124779e-05
6.100100000000258660e+03 7.088201527949422598e-05
6.101000000000258296e+03 6.944399501662701368e-05
6.101900000000258842e+03 6.690243026241660118e-05
6.102800000000259388e+03 6.578501779586076736e-05
6.103700000000259024e+03 6.752127228537574410e-05
6.104600000000258660e+03 6.984345236560329795e-05
6.105500000000259206e+03 7.079069473547860980e-05
6.106400000000259752e+03 7.063765951897948980e-05
6.107300000000259388e+03 7.003142673056572676e-05
6.108200000000259024e+03 6.985964137129485607e-05
6.109100000000259570e+03 7.035073213046416640e-05
6.110000000000260115e+03 7.060980715323239565e-05
6.110900000000259752e+03 7.035518501652404666e-05
6.111800000000259388e+03 7.027821993688121438e-05
6.112700000000259934e+03 7.067263504723086953e-05
6.113600000000260479e+03 7.106099656084552407e-05
6.114500000000260115e+03 7.099994400050491095e-05
6.115400000000259752e+03 7.055001333355903625e-05
6.116300000000260297e+03 7.019893382675945759e-05
6.117200000000260843e+03 7.045906386338174343e-05
6.118100000000260479e+03 7.067871047183871269e-05
6.119000000000260115e+03 7.021384226391091943e-05
6.119900000000260661e+03 6.931235839147120714e-05
6.120800000000261207e+03 6.792759086238220334e-05
6.121700000000260843e+03 6.648653652518987656e-05
6.122600000000260479e+03 6.685742118861526251e-05
6.123500000000261025e+03 6.895598198752850294e-05
6.124400000000261571e+03 7.035795715637505054e-05
6.125300000000261207e+03 7.023752550594508648e-05
6.126200000000260843e+03 6.973501876927912235e-05
6.127100000000261389e+03 6.944262713659554720e-05
6.128000000000261934e+03 6.940429739188402891e-05
6.128900000000261571e+03 6.978782039368525147e-05
6.129800000000261207e+03 7.041084609227254987e-05
6.130700000000261753e+03 7.075268513290211558e-05
6.131600000000262298e+03 7.063848170218989253e-05
6.132500000000261934e+03 7.051577995298430324e-05
6.133400000000261571e+03 7.041500066407024860e-05
6.134300000000262116e+03 6.973570270929485559e-05
6.135200000000262662e+03 6.786610902054235339e-05
6.136100000000262298e+03 6.502725591417402029e-05
6.137000000000261934e+03 6.338779348880052567e-05
6.137900000000262480e+03 6.506063800770789385e-05
6.138800000000263026e+03 6.832127110101282597e-05
6.139700000000262662e+03 6.986809603404253721e-05
6.140600000000262298e+03 6.882606248836964369e-05
6.141500000000262844e+03 6.731408211635425687e-05
6.142400000000263390e+03 6.772120104869827628e-05
6.143300000000263026e+03 6.945284258108586073e-05
6.144200000000262662e+03 7.068662671372294426e-05
6.145100000000263208e+03 7.100079528754577041e-05
6.146000000000263753e+03 7.087738049449399114e-05
6.146900000000263390e+03 7.043370715109631419e-05
6.147800000000263026e+03 6.963642954360693693e-05
6.148700000000263572e+03 6.894770922372117639e-05
6.149600000000264117e+03 6.864157330710440874e-05
6.150500000000263753e+03 6.874735117889940739e-05
6.151400000000263390e+03 6.920185114722698927e-05
6.152300000000263935e+03 6.984603533055633307e-05
6.153200000000264481e+03 7.005098450463265181e-05
6.154100000000264117e+03 6.943692278582602739e-05
6.155000000000263753e+03 6.897964340168982744e-05
6.155900000000264299e+03 6.921000749571248889e-05
6.156800000000264845e+03 6.934250995982438326e-05
6.157700000000264481e+03 6.912490061949938536e-05
6.158600000000264117e+03 6.897669663885608315e-05
6.159500000000264663e+03 6.839364505140110850e-05
6.160400000000265209e+03 6.639442290179431438e-05
6.161300000000264845e+03 6.355881487252190709e-05
6.162200000000264481e+03 6.215726170921698213e-05
6.163100000000265027e+03 6.317193765426054597e-05
6.164000000000265572e+03 6.524204945890232921e-05
6.164900000000265209e+03 6.663186650257557631e-05
6.165800000000264845e+03 6.704314000671729445e-05
6.166700000000265391e+03 6.734992348356172442e-05
6.167600000000265936e+03 6.711055902997031808e-05
6.168500000000265572e+03 6.542925984831526875e-05
6.169400000000265209e+03 6.396464596036821604e-05
6.170300000000265754e+03 6.478656723629683256e-05
6.171200000000266300e+03 6.681020749965682626e-05
6.172100000000265936e+03 6.772223423467949033e-05
6.173000000000265572e+03 6.743452104274183512e-05
6.173900000000266118e+03 6.733418558724224567e-05
6.174800000000266664e+03 6.753297202521935105e-05
6.175700000000266300e+03 6.753108027623966336e-05
6.176600000000265936e+03 6.749799649696797132e-05
6.177500000000266482e+03 6.791224586777389050e-05
6.178400000000267028e+03 6.841714639449492097e-05
6.179300000000266664e+03 6.828599725849926472e-05
6.180200000000266300e+03 6.811915955040603876e-05
6.181100000000266846e+03 6.847002805443480611e-05
6.182000000000267391e+03 6.880559521960094571e-05
6.182900000000267028e+03 6.883834430482238531e-05
6.183800000000266664e+03 6.880301225464791059e-05
6.184700000000267210e+03 6.871572986710816622e-05
6.185600000000267755e+03 6.823055446147918701e-05
6.186500000000267391e+03 6.759755342500284314e-05
6.187400000000267028e+03 6.726673018420115113e-05
6.188300000000267573e+03 6.720389501424506307e-05
6.189200000000268119e+03 6.697823118884116411e-05
6.190100000000267755e+03 6.569999823113903403e-05
6.191000000000267391e+03 6.394342199200764298e-05
6.191900000000267937e+03 6.414171366486698389e-05
6.192800000000268483e+03 6.617129110964015126e-05
6.193700000000268119e+03 6.771281186956912279e-05
6.194600000000267755e+03 6.816670065745711327e-05
6.195500000000268301e+03 6.830600614193826914e-05
6.196400000000268847e+03 6.854283128632232547e-05
6.197300000000268483e+03 6.859495624667033553e-05
6.198200000000268119e+03 6.798079994041472673e-05
6.199100000000268665e+03 6.689809379167854786e-05
6.200000000000269210e+03 6.641161598963662982e-05
6.200900000000268847e+03 6.705076521029695868e-05
6.201800000000268483e+03 6.809737533330917358e-05
6.202700000000269029e+03 6.867963384138420224e-05
6.203600000000269574e+03 6.867925549158826470e-05
6.204500000000269210e+03 6.849841156508773565e-05
6.205400000000268847e+03 6.849125929875299335e-05
6.206300000000269392e+03 6.861347355879843235e-05
6.207200000000269938e+03 6.872387166367843747e-05
6.208100000000269574e+03 6.875198596389964223e-05
6.209000000000269210e+03 6.864872557343915105e-05
6.209900000000269756e+03 6.842166476417332888e-05
6.210800000000270302e+03 6.814440712332725525e-05
6.211700000000269938e+03 6.770866457372903824e-05
6.212600000000269574e+03 6.665569526376202703e-05
6.213500000000270120e+03 6.551625119755044580e-05
6.214400000000270666e+03 6.514004780910909176e-05
6.215300000000270302e+03 6.536754517583176494e-05
6.216200000000269938e+03 6.602000212296843529e-05
6.217100000000270484e+03 6.680715887341648340e-05
6.218000000000271029e+03 6.676266639260575175e-05
6.218900000000270666e+03 6.588986434508115053e-05
6.219800000000270302e+03 6.552847480634227395e-05
6.220700000000270848e+03 6.613623554585501552e-05
6.221600000000271393e+03 6.685659172944724560e-05
6.222500000000271029e+03 6.712663889629766345e-05
6.223400000000270666e+03 6.695360934827476740e-05
6.224300000000271211e+03 6.682105595245957375e-05
6.225200000000271757e+03 6.702527025481685996e-05
6.226100000000271393e+03 6.719116208842024207e-05
6.227000000000271029e+03 6.720246892655268312e-05
6.227900000000271575e+03 6.703270628349855542e-05
6.228800000000272121e+03 6.617216422455385327e-05
6.229700000000271757e+03 6.452473462559282780e-05
6.230600000000271393e+03 6.334130011964589357e-05
6.231500000000271939e+03 6.374928489094600081e-05
6.232400000000272485e+03 6.496448622783645988e-05
6.233300000000272121e+03 6.625179958064109087e-05
6.234200000000271757e+03 6.742448022123426199e-05
6.235100000000272303e+03 6.797067180741578341e-05
6.236000000000272848e+03 6.778445822419598699e-05
6.236900000000272485e+03 6.720019882777705789e-05
6.237800000000272121e+03 6.660976941930130124e-05
6.238700000000272667e+03 6.618299812544137239e-05
6.239600000000273212e+03 6.587793905055150390e-05
6.240500000000272848e+03 6.596054299734532833e-05
6.241400000000272485e+03 6.620067142648622394e-05
6.242300000000273030e+03 6.581306661246344447e-05
6.243200000000273576e+03 6.528482481371611357e-05
6.244100000000273212e+03 6.527349614771082997e-05
6.245000000000272848e+03 6.516726716654375196e-05
6.245900000000273394e+03 6.482798926299437881e-05
6.246800000000273940e+03 6.518064765259623528e-05
6.247700000000273576e+03 6.633878365391865373e-05
6.248600000000273212e+03 6.734839553246274590e-05
6.249500000000273758e+03 6.767398008378222585e-05
6.250400000000274304e+03 6.725898856529965997e-05
6.251300000000273940e+03 6.588951509911566973e-05
6.252200000000273576e+03 6.438306445488706231e-05
6.253100000000274122e+03 6.388041219906881452e-05
6.254000000000274667e+03 6.425813626265153289e-05
6.254900000000274304e+03 6.476676207967102528e-05
6.255800000000273940e+03 6.470660446211695671e-05
6.256700000000274486e+03 6.414318340830504894e-05
6.257600000000275031e+03 6.350706098601222038e-05
6.258500000000274667e+03 6.359055259963497519e-05
6.259400000000274304e+03 6.473249959526583552e-05
6.260300000000274849e+03 6.572106212843209505e-05
6.261200000000275395e+03 6.612871948163956404e-05
6.262100000000275031e+03 6.677145574940368533e-05
6.263000000000274667e+03 6.740140815963968635e-05
6.263900000000275213e+03 6.702409882564097643e-05
6.264800000000275759e+03 6.608860712731257081e-05
6.265700000000275395e+03 6.610083801206201315e-05
6.266600000000275031e+03 6.693938485113903880e-05
6.267500000000275577e+03 6.739319360349327326e-05
6.268400000000276123e+03 6.712562753818929195e-05
6.269300000000275759e+03 6.666216359008103609e-05
6.270200000000275395e+03 6.656537152593955398e-05
6.271100000000275941e+03 6.694336479995399714e-05
6.272000000000276486e+03 6.744595884811133146e-05
6.272900000000276123e+03 6.765138823539018631e-05
6.273800000000275759e+03 6.746781582478433847e-05
6.274700000000276304e+03 6.733807094860821962e-05
6.275600000000276850e+03 6.741697143297642469e-05
6.276500000000276486e+03 6.747651787009090185e-05
6.277400000000276123e+03 6.741725519532337785e-05
6.278300000000276668e+03 6.706218118779361248e-05
6.279200000000277214e+03 6.625765672652050853e-05
6.280100000000276850e+03 6.550292891915887594e-05
6.281000000000276486e+03 6.559126632055267692e-05
6.281900000000277032e+03 6.633142766077071428e-05
6.282800000000277578e+03 6.704997213091701269e-05
6.283700000000277214e+03 6.748657324351370335e-05
6.284600000000276850e+03 6.749859312549233437e-05
6.285500000000277396e+03 6.751759792678058147e-05
6.286400000000277942e+03 6.790180486859753728e-05
6.287300000000277578e+03 6.832197686890140176e-05
6.288200000000277214e+03 6.853441300336271524e-05
6.289100000000277760e+03 6.842533184681087732e-05
6.290000000000278305e+03 6.794408545829355717e-05
6.290900000000277942e+03 6.744727579643949866e-05
6.291800000000277578e+03 6.723381375195458531e-05
6.292700000000278123e+03 6.726760329911485314e-05
6.293600000000278669e+03 6.755311187589541078e-05
6.294500000000278305e+03 6.770667823730036616e-05
6.295400000000277942e+03 6.726383435307070613e-05
6.296300000000278487e+03 6.637916521867737174e-05
6.297200000000279033e+03 6.581287016160786152e-05
6.298100000000278669e+03 6.610598939005285501e-05
6.299000000000278305e+03 6.667526758974418044e-05
6.299900000000278851e+03 6.641516665695235133e-05
6.300800000000279397e+03 6.539446621900424361e-05
6.301700000000279033e+03 6.485624908236786723e-05
6.302600000000278669e+03 6.549285899382084608e-05
6.303500000000279215e+03 6.669756112387403846e-05
6.304400000000279761e+03 6.748126179445534945e-05
6.305300000000279397e+03 6.767392915207892656e-05
6.306200000000279033e+03 6.794319779146462679e-05
6.307100000000279579e+03 6.837960972916334867e-05
6.308000000000280124e+03 6.855528772575780749e-05
6.308900000000279761e+03 6.831219070591032505e-05
6.309800000000279397e+03 6.782378477510064840e-05
6.310700000000279942e+03 6.741991819581016898e-05
6.311600000000280488e+03 6.731978646712377667e-05
6.312500000000280124e+03 6.750189641024917364e-05
6.313400000000279761e+03 6.728828157065436244e-05
6.314300000000280306e+03 6.640717037953436375e-05
6.315200000000280852e+03 6.598850450245663524e-05
6.316100000000280488e+03 6.642554217251017690e-05
6.317000000000280124e+03 6.628615665249526501e-05
6.317900000000280670e+03 6.544845382450148463e-05
6.318800000000281216e+03 6.553031562361866236e-05
6.319700000000280852e+03 6.661012594122439623e-05
6.320600000000280488e+03 6.718356598867103457e-05
6.321500000000281034e+03 6.692293391097337008e-05
6.322400000000281580e+03 6.671459414064884186e-05
6.323300000000281216e+03 6.719640077790245414e-05
6.324200000000280852e+03 6.784220022382214665e-05
6.325100000000281398e+03 6.803482392570003867e-05
6.326000000000281943e+03 6.791229679947718978e-05
6.326900000000281580e+03 6.762059638276696205e-05
6.327800000000281216e+03 6.761089025530964136e-05
6.328700000000281761e+03 6.781004049116745591e-05
6.329600000000282307e+03 6.768634921172633767e-05
6.330500000000281943e+03 6.756444054190069437e-05
6.331400000000281580e+03 6.792465865146368742e-05
6.332300000000282125e+03 6.842588481958955526e-05
6.333200000000282671e+03 6.841819413239136338e-05
6.334100000000282307e+03 6.728322478011250496e-05
6.335000000000281943e+03 6.551340629812330008e-05
6.335900000000282489e+03 6.471469532698392868e-05
6.336800000000283035e+03 6.540296453749760985e-05
6.337700000000282671e+03 6.652386946370825171e-05
6.338600000000282307e+03 6.721469981130212545e-05
6.339500000000282853e+03 6.773695349693298340e-05
6.340400000000283399e+03 6.825614400440827012e-05
6.341300000000283035e+03 6.837660475866869092e-05
6.342200000000282671e+03 6.794725049985572696e-05
6.343100000000283217e+03 6.706976273562759161e-05
6.344000000000283762e+03 6.642464722972363234e-05
6.344900000000283399e+03 6.656408368144184351e-05
6.345800000000283035e+03 6.694631156278774142e-05
6.346700000000283580e+03 6.709030276397243142e-05
6.347600000000284126e+03 6.730838504154235125e-05
6.348500000000283762e+03 6.775122892577201128e-05
6.349400000000283399e+03 6.807952740928158164e-05
6.350300000000283944e+03 6.808515900047495961e-05
6.351200000000284490e+03 6.798823596909642220e-05
6.352100000000284126e+03 6.779912655474618077e-05
6.353000000000283762e+03 6.734889029758051038e-05
6.353900000000284308e+03 6.657359335804358125e-05
6.354800000000284854e+03 6.603138899663463235e-05
6.355700000000284490e+03 6.630380812566727400e-05
6.356600000000284126e+03 6.664892134722322226e-05
6.357500000000284672e+03 6.605059752473607659e-05
6.358400000000285218e+03 6.512248364742845297e-05
6.359300000000284854e+03 6.512666732305660844e-05
6.360200000000284490e+03 6.575842417078092694e-05
6.361100000000285036e+03 6.589096301468089223e-05
6.362000000000285581e+03 6.557161395903676748e-05
6.362900000000285218e+03 6.548459350597113371e-05
6.363800000000284854e+03 6.582689093193039298e-05
6.364700000000285399e+03 6.633732118643820286e-05
6.365600000000285945e+03 6.668808782706037164e-05
6.366500000000285581e+03 6.698995275655761361e-05
6.367400000000285218e+03 6.739961099810898304e-05
6.368300000000285763e+03 6.754958303645253181e-05
6.369200000000286309e+03 6.734926137141883373e-05
6.370100000000285945e+03 6.715593190165236592e-05
6.371000000000285581e+03 6.727596337441354990e-05
6.371900000000286127e+03 6.769847095711156726e-05
6.372800000000286673e+03 6.807706085965037346e-05
6.373700000000286309e+03 6.817569374106824398e-05
6.374600000000285945e+03 6.810843478888273239e-05
6.375500000000286491e+03 6.808102625655010343e-05
6.376400000000287037e+03 6.805017619626596570e-05
6.377300000000286673e+03 6.777480302844196558e-05
6.378200000000286309e+03 6.732517067575827241e-05
6.379100000000286855e+03 6.697107164654880762e-05
6.380000000000287400e+03 6.679558282485231757e-05
6.380900000000287037e+03 6.691096496069803834e-05
6.381800000000286673e+03 6.731410394422709942e-05
6.382700000000287218e+03 6.762346311006695032e-05
6.383600000000287764e+03 6.751556065864861012e-05
6.384500000000287400e+03 6.725062849000096321e-05
6.385400000000287037e+03 6.726773426635190845e-05
6.386300000000287582e+03 6.750104512320831418e-05
6.387200000000288128e+03 6.764180579921230674e-05
6.388100000000287764e+03 6.764144200133159757e-05
6.389000000000287400e+03 6.764721183571964502e-05
6.389900000000287946e+03 6.765549187548458576e-05
6.390800000000288492e+03 6.751456385245546699e-05
6.391700000000288128e+03 6.674442556686699390e-05
6.392600000000287764e+03 6.525214121211320162e-05
6.393500000000288310e+03 6.447837222367525101e-05
6.394400000000288856e+03 6.555435538757592440e-05
6.395300000000288492e+03 6.724675768055021763e-05
6.396200000000288128e+03 6.819963164161890745e-05
6.397100000000288674e+03 6.835600652266293764e-05
6.398000000000289219e+03 6.763460260117426515e-05
6.398900000000288856e+03 6.570662662852555513e-05
6.399800000000288492e+03 6.392981595126911998e-05
6.400700000000289037e+03 6.455837137764319777e-05
6.401600000000289583e+03 6.675218901364132762e-05
6.402500000000289219e+03 6.819474219810217619e-05
6.403400000000288856e+03 6.861994916107505560e-05
6.404300000000289401e+03 6.863415910629555583e-05
6.405200000000289947e+03 6.844651943538337946e-05
6.406100000000289583e+03 6.787294114474207163e-05
6.407000000000289219e+03 6.689588190056383610e-05
6.407900000000289765e+03 6.643899541813880205e-05
6.408800000000290311e+03 6.709738954668864608e-05
6.409700000000289947e+03 6.763033889001235366e-05
6.410600000000289583e+03 6.691215821774676442e-05
6.411500000000290129e+03 6.604780355701223016e-05
6.412400000000290675e+03 6.634796591242775321e-05
6.413300000000290311e+03 6.712270987918600440e-05
6.414200000000289947e+03 6.745480641257017851e-05
6.415100000000290493e+03 6.753025081707164645e-05
6.416000000000291038e+03 6.758986273780465126e-05
6.416900000000290675e+03 6.758645031368359923e-05
6.417800000000290311e+03 6.750613829353824258e-05
6.418700000000290856e+03 6.702919199597090483e-05
6.419600000000291402e+03 6.591337296413257718e-05
6.420500000000291038e+03 6.486767961177974939e-05
6.421400000000290675e+03 6.508767546620219946e-05
6.422300000000291220e+03 6.663619569735601544e-05
6.423200000000291766e+03 6.798538379371166229e-05
6.424100000000291402e+03 6.827566539868712425e-05
6.425000000000291038e+03 6.816012319177389145e-05
6.425900000000291584e+03 6.820256385253742337e-05
6.426800000000292130e+03 6.840773858129978180e-05
6.427700000000291766e+03 6.851879152236506343e-05
6.428600000000291402e+03 6.806224700994789600e-05
6.429500000000291948e+03 6.674402538919821382e-05
6.430400000000292493e+03 6.531280087074264884e-05
6.431300000000292130e+03 6.519235466839745641e-05
6.432200000000291766e+03 6.627566472161561251e-05
6.433100000000292312e+03 6.731154280714690685e-05
6.434000000000292857e+03 6.791143823647871614e-05
6.434900000000292493e+03 6.822418072260916233e-05
6.435800000000292130e+03 6.833652878412976861e-05
6.436700000000292675e+03 6.796456727897748351e-05
6.437600000000293221e+03 6.653668242506682873e-05
6.438500000000292857e+03 6.481293530669063330e-05
6.439400000000292493e+03 6.490063969977200031e-05
6.440300000000293039e+03 6.682497769361361861e-05
6.441200000000293585e+03 6.844593735877424479e-05
6.442100000000293221e+03 6.892121746204793453e-05
6.443000000000292857e+03 6.892767851240932941e-05
6.443900000000293403e+03 6.892299279570579529e-05
6.444800000000293949e+03 6.891837983857840300e-05
6.445700000000293585e+03 6.894755642861127853e-05
6.446600000000293221e+03 6.885529728606343269e-05
6.447500000000293767e+03 6.816502718720585108e-05
6.448400000000294312e+03 6.642051448579877615e-05
6.449300000000293949e+03 6.431496149161830544e-05
6.450200000000293585e+03 6.393311923602595925e-05
6.451100000000294131e+03 6.562866474268957973e-05
6.452000000000294676e+03 6.744465645169839263e-05
6.452900000000294312e+03 6.824402953498065472e-05
6.453800000000293949e+03 6.799821130698546767e-05
6.454700000000294494e+03 6.691133603453636169e-05
6.455600000000295040e+03 6.592746649403125048e-05
6.456500000000294676e+03 6.614874291699379683e-05
6.457400000000294312e+03 6.735417991876602173e-05
6.458300000000294858e+03 6.837597902631387115e-05
6.459200000000295404e+03 6.874676182633265853e-05
6.460100000000295040e+03 6.844275776529684663e-05
6.461000000000294676e+03 6.688538269372656941e-05
6.461900000000295222e+03 6.437036790885031223e-05
6.462800000000295768e+03 6.340710388030856848e-05
6.463700000000295404e+03 6.503913755295798182e-05
6.464600000000295040e+03 6.705123087158426642e-05
6.465500000000295586e+03 6.809733167756348848e-05
6.466400000000296131e+03 6.849140481790527701e-05
6.467300000000295768e+03 6.851687066955491900e-05
6.468200000000295404e+03 6.822440627729520202e-05
6.469100000000295950e+03 6.780007242923602462e-05
6.470000000000296495e+03 6.725153798470273614e-05
6.470900000000296131e+03 6.649542046943679452e-05
6.471800000000295768e+03 6.627865514019504189e-05
6.472700000000296313e+03 6.688092980766668916e-05
6.473600000000296859e+03 6.709514855174347758e-05
6.474500000000296495e+03 6.648630369454622269e-05
6.475400000000296131e+03 6.609340925933793187e-05
6.476300000000296677e+03 6.649303395533934236e-05
6.477200000000297223e+03 6.705709529342129827e-05
6.478100000000296859e+03 6.721515092067420483e-05
6.479000000000296495e+03 6.713862967444583774e-05
6.479900000000297041e+03 6.673510506516322494e-05
6.480800000000297587e+03 6.568395474459975958e-05
6.481700000000297223e+03 6.458233110606670380e-05
6.482600000000296859e+03 6.448042404372245073e-05
6.483500000000297405e+03 6.522388139273971319e-05
6.484400000000297950e+03 6.597494211746379733e-05
6.485300000000297587e+03 6.637039041379466653e-05
6.486200000000297223e+03 6.655235483776777983e-05
6.487100000000297769e+03 6.671551818726584315e-05
6.488000000000298314e+03 6.681393278995528817e-05
6.488900000000297950e+03 6.666974513791501522e-05
6.489800000000297587e+03 6.624000525334849954e-05
6.490700000000298132e+03 6.569624383701011539e-05
6.491600000000298678e+03 6.518891314044594765e-05
6.492500000000298314e+03 6.410991045413538814e-05
6.493400000000297950e+03 6.194874003995209932e-05
6.494300000000298496e+03 5.993188096908852458e-05
6.495200000000299042e+03 5.939641050645150244e-05
6.496100000000298678e+03 5.986856558592990041e-05
6.497000000000298314e+03 6.089107046136632562e-05
6.497900000000298860e+03 6.211917207110673189e-05
6.498800000000299406e+03 6.280723755480721593e-05
6.499700000000299042e+03 6.353001663228496909e-05
6.500600000000298678e+03 6.473575922427698970e-05
6.501500000000299224e+03 6.572484562639147043e-05
6.502400000000299769e+03 6.618872430408373475e-05
6.503300000000299406e+03 6.638362538069486618e-05
6.504200000000299042e+03 6.658434722339734435e-05
6.505100000000299588e+03 6.680035585304722190e-05
6.506000000000300133e+03 6.683963147224858403e-05
6.506900000000299769e+03 6.662602390861138701e-05
6.507800000000299406e+03 6.631568248849362135e-05
6.508700000000299951e+03 6.621901411563158035e-05
6.509600000000300497e+03 6.639550701947882771e-05
6.510500000000300133e+03 6.662548548774793744e-05
6.511400000000299769e+03 6.668373680440708995e-05
6.512300000000300315e+03 6.656213372480124235e-05
6.513200000000300861e+03 6.635327008552849293e-05
6.514100000000300497e+03 6.591987767023965716e-05
6.515000000000300133e+03 6.525349454022943974e-05
6.515900000000300679e+03 6.473914254456758499e-05
6.516800000000301225e+03 6.454252434195950627e-05
6.517700000000300861e+03 6.447040505008772016e-05
6.518600000000300497e+03 6.465136539191007614e-05
6.519500000000301043e+03 6.533875421155244112e-05
6.520400000000301588e+03 6.604954251088202000e-05
6.521300000000301225e+03 6.633256998611614108e-05
6.522200000000300861e+03 6.637540354859083891e-05
6.523100000000301407e+03 6.637492333538830280e-05
6.524000000000301952e+03 6.636469333898276091e-05
6.524900000000301588e+03 6.623666558880358934e-05
6.525800000000301225e+03 6.586241943296045065e-05
6.526700000000301770e+03 6.551537080667912960e-05
6.527600000000302316e+03 6.560267502209171653e-05
6.528500000000301952e+03 6.600697088288143277e-05
6.529400000000301588e+03 6.630447023781016469e-05
6.530300000000302134e+03 6.627627590205520391e-05
6.531200000000302680e+03 6.590218981727957726e-05
6.532100000000302316e+03 6.545001815538853407e-05
6.533000000000301952e+03 6.527770892716944218e-05
6.533900000000302498e+03 6.554308492923155427e-05
6.534800000000303044e+03 6.600772758247330785e-05
6.535700000000302680e+03 6.621858483413234353e-05
6.536600000000302316e+03 6.609268893953412771e-05
6.537500000000302862e+03 6.601536006201058626e-05
6.538400000000303407e+03 6.617749750148504972e-05
6.539300000000303044e+03 6.640811625402420759e-05
6.540200000000302680e+03 6.644630047958344221e-05
6.541100000000303226e+03 6.614169251406565309e-05
6.542000000000303771e+03 6.564120121765881777e-05
6.542900000000303407e+03 6.521002796944230795e-05
6.543800000000303044e+03 6.479904550360515714e-05
6.544700000000303589e+03 6.404631130862981081e-05
6.545600000000304135e+03 6.295275670709088445e-05
6.546500000000303771e+03 6.264734838623553514e-05
6.547400000000303407e+03 6.350461626425385475e-05
6.548300000000303953e+03 6.425550236599519849e-05
6.549200000000304499e+03 6.429840868804603815e-05
6.550100000000304135e+03 6.394302909029647708e-05
6.551000000000303771e+03 6.358764949254691601e-05
6.551900000000304317e+03 6.336006481433287263e-05
6.552800000000304863e+03 6.304311682470142841e-05
6.553700000000304499e+03 6.238729110918939114e-05
6.554600000000304135e+03 6.158529868116602302e-05
6.555500000000304681e+03 6.111430411692708731e-05
6.556400000000305226e+03 6.124920764705166221e-05
6.557300000000304863e+03 6.143292557680979371e-05
6.558200000000304499e+03 6.101340841269120574e-05
6.559100000000305045e+03 5.993770537315867841e-05
6.560000000000305590e+03 5.770843199570663273e-05
6.560900000000305226e+03 5.229881935520097613e-05
6.561800000000304863e+03 4.361463288660161197e-05
6.562700000000305408e+03 3.837992335320450366e-05
6.563600000000305954e+03 4.264492963557131588e-05
6.564500000000305590e+03 5.155066537554375827e-05
6.565400000000305226e+03 5.758390034316107631e-05
6.566300000000305772e+03 6.008817217661999166e-05
6.567200000000306318e+03 6.109786772867664695e-05
6.568100000000305954e+03 6.128041422925889492e-05
6.569000000000305590e+03 6.121742626419290900e-05
6.569900000000306136e+03 6.164921069284901023e-05
6.570800000000306682e+03 6.222062802407890558e-05
6.571700000000306318e+03 6.214105087565258145e-05
6.572600000000305954e+03 6.154015864012762904e-05
6.573500000000306500e+03 6.117382145021110773e-05
6.574400000000307045e+03 6.136687443358823657e-05
6.575300000000306682e+03 6.223373929969966412e-05
6.576200000000306318e+03 6.345500878524035215e-05
6.577100000000306864e+03 6.432769441744312644e-05
6.578000000000307409e+03 6.461940211011096835e-05
6.578900000000307045e+03 6.452850357163697481e-05
6.579800000000306682e+03 6.416835094569250941e-05
6.580700000000307227e+03 6.387472967617213726e-05
6.581600000000307773e+03 6.412010407075285912e-05
6.582500000000307409e+03 6.468434730777516961e-05
6.583400000000307045e+03 6.500630843220278621e-05
6.584300000000307591e+03 6.491301610367372632e-05
6.585200000000308137e+03 6.460805889219045639e-05
6.586100000000307773e+03 6.445623148465529084e-05
6.587000000000307409e+03 6.477965507656335831e-05
6.587900000000307955e+03 6.525299249915406108e-05
6.588800000000308501e+03 6.546737859025597572e-05
6.589700000000308137e+03 6.553477578563615680e-05
6.590600000000307773e+03 6.518729060189798474e-05
6.591500000000308319e+03 6.386955647030845284e-05
6.592400000000308864e+03 6.196616595843806863e-05
6.593300000000308501e+03 6.110784306656569242e-05
6.594200000000308137e+03 6.223278614925220609e-05
6.595100000000308683e+03 6.401253631338477135e-05
6.596000000000309228e+03 6.490007217507809401e-05
6.596900000000308864e+03 6.485280755441635847e-05
6.597800000000308501e+03 6.446823681471869349e-05
6.598700000000309046e+03 6.439293792936950922e-05
6.599600000000309592e+03 6.491972453659400344e-05
6.600500000000309228e+03 6.557604501722380519e-05
6.601400000000308864e+03 6.585687515325844288e-05
6.602300000000309410e+03 6.574438884854316711e-05
6.603200000000309956e+03 6.534351996378973126e-05
6.604100000000309592e+03 6.483389006461948156e-05
6.605000000000309228e+03 6.458708230638876557e-05
6.605900000000309774e+03 6.463385216193273664e-05
6.606800000000310320e+03 6.451278750319033861e-05
6.607700000000309956e+03 6.398196273948997259e-05
6.608600000000309592e+03 6.346605368889868259e-05
6.609500000000310138e+03 6.373812357196584344e-05
6.610400000000310683e+03 6.472968379966914654e-05
6.611300000000310320e+03 6.547957309521734715e-05
6.612200000000309956e+03 6.550482066813856363e-05
6.613100000000310501e+03 6.513733387691900134e-05
6.614000000000311047e+03 6.506530917249619961e-05
6.614900000000310683e+03 6.540520553244277835e-05
6.615800000000310320e+03 6.565351213794201612e-05
6.616700000000310865e+03 6.563232454936951399e-05
6.617600000000311411e+03 6.545484939124435186e-05
6.618500000000311047e+03 6.539774039993062615e-05
6.619400000000310683e+03 6.555746222147718072e-05
6.620300000000311229e+03 6.572194979526102543e-05
6.621200000000311775e+03 6.572276470251381397e-05
6.622100000000311411e+03 6.553432467626407743e-05
6.623000000000311047e+03 6.512490654131397605e-05
6.623900000000311593e+03 6.451296212617307901e-05
6.624800000000312139e+03 6.417200347641482949e-05
6.625700000000311775e+03 6.441504228860139847e-05
6.626600000000311411e+03 6.477005808847025037e-05
6.627500000000311957e+03 6.492192187579348683e-05
6.628400000000312502e+03 6.499628943856805563e-05
6.629300000000312139e+03 6.498456787085160613e-05
6.630200000000311775e+03 6.494631816167384386e-05
6.631100000000312320e+03 6.482168100774288177e-05
6.632000000000312866e+03 6.439567368943244219e-05
6.632900000000312502e+03 6.373647192958742380e-05
6.633800000000312139e+03 6.342280539683997631e-05
6.634700000000312684e+03 6.378865509759634733e-05
6.635600000000313230e+03 6.440180732170119882e-05
6.636500000000312866e+03 6.486463098553940654e-05
6.637400000000312502e+03 6.505812780233100057e-05
6.638300000000313048e+03 6.496494461316615343e-05
6.639200000000313594e+03 6.478936120402067900e-05
6.640100000000313230e+03 6.488903454737737775e-05
6.641000000000312866e+03 6.515254062833264470e-05
6.641900000000313412e+03 6.485714402515441179e-05
6.642800000000313958e+03 6.378343823598697782e-05
6.643700000000313594e+03 6.310836761258542538e-05
6.644600000000313230e+03 6.362519343383610249e-05
6.645500000000313776e+03 6.445578037528321147e-05
6.646400000000314321e+03 6.477710849139839411e-05
6.647300000000313958e+03 6.474793917732313275e-05
6.648200000000313594e+03 6.478736759163439274e-05
6.649100000000314139e+03 6.483519973699003458e-05
6.650000000000314685e+03 6.465162732638418674e-05
6.650900000000314321e+03 6.428285269066691399e-05
6.651800000000313958e+03 6.404146552085876465e-05
6.652700000000314503e+03 6.411211506929248571e-05
6.653600000000315049e+03 6.428593042073771358e-05
6.654500000000314685e+03 6.437412230297923088e-05
6.655400000000314321e+03 6.434527313103899360e-05
6.656300000000314867e+03 6.429771019611507654e-05
6.657200000000315413e+03 6.432956433854997158e-05
6.658100000000315049e+03 6.433652015402913094e-05
6.659000000000314685e+03 6.427881453419104218e-05
6.659900000000315231e+03 6.424901948776096106e-05
6.660800000000315777e+03 6.413666415028274059e-05
6.661700000000315413e+03 6.357492384267970920e-05
6.662600000000315049e+03 6.260936061153188348e-05
6.663500000000315595e+03 6.229143764358013868e-05
6.664400000000316140e+03 6.302486872300505638e-05
6.665300000000315777e+03 6.372378265950828791e-05
6.666200000000315413e+03 6.388250767486169934e-05
6.667100000000315958e+03 6.385233427863568068e-05
6.668000000000316504e+03 6.400873826351016760e-05
6.668900000000316140e+03 6.435150862671434879e-05
6.669800000000315777e+03 6.461315206252038479e-05
6.670700000000316322e+03 6.466729973908513784e-05
6.671600000000316868e+03 6.460164149757474661e-05
6.672500000000316504e+03 6.457993731601163745e-05
6.673400000000316140e+03 6.458754796767607331e-05
6.674300000000316686e+03 6.459771975642070174e-05
6.675200000000317232e+03 6.452210800489410758e-05
6.676100000000316868e+03 6.385904998751357198e-05
6.677000000000316504e+03 6.240203947527334094e-05
6.677900000000317050e+03 6.137196760391816497e-05
6.678800000000317596e+03 6.190671410877257586e-05
6.679700000000317232e+03 6.308955198619514704e-05
6.680600000000316868e+03 6.358983955578878522e-05
6.681500000000317414e+03 6.359133112709969282e-05
6.682400000000317959e+03 6.372749339789152145e-05
6.683300000000317596e+03 6.395270611392334104e-05
6.684200000000317232e+03 6.409664638340473175e-05
6.685100000000317777e+03 6.408747140085324645e-05
6.686000000000318323e+03 6.396220851456746459e-05
6.686900000000317959e+03 6.384099833667278290e-05
6.687800000000317596e+03 6.381652929121628404e-05
6.688700000000318141e+03 6.391064380295574665e-05
6.689600000000318687e+03 6.401520658982917666e-05
6.690500000000318323e+03 6.405204476322978735e-05
6.691400000000317959e+03 6.402760482160374522e-05
6.692300000000318505e+03 6.397457764251157641e-05
6.693200000000319051e+03 6.395703530870378017e-05
6.694100000000318687e+03 6.384775042533874512e-05
6.695000000000318323e+03 6.352039781631901860e-05
6.695900000000318869e+03 6.316808139672502875e-05
6.696800000000319415e+03 6.312052573775872588e-05
6.697700000000319051e+03 6.336825754260644317e-05
6.698600000000318687e+03 6.368193135131150484e-05
6.699500000000319233e+03 6.397972174454480410e-05
6.700400000000319778e+03 6.417596887331455946e-05
6.701300000000319415e+03 6.412352377083152533e-05
6.702200000000319051e+03 6.378358375513926148e-05
6.703100000000319596e+03 6.333596684271469712e-05
6.704000000000320142e+03 6.313562334980815649e-05
6.704900000000319778e+03 6.331058102659881115e-05
6.705800000000319415e+03 6.363035936374217272e-05
6.706700000000319960e+03 6.382550782291218638e-05
6.707600000000320506e+03 6.383010622812435031e-05
6.708500000000320142e+03 6.377408135449513793e-05
6.709400000000319778e+03 6.367194873746484518e-05
6.710300000000320324e+03 6.364027649397030473e-05
6.711200000000320870e+03 6.377002864610403776e-05
6.712100000000320506e+03 6.376933743013069034e-05
6.713000000000320142e+03 6.343418499454855919e-05
6.713900000000320688e+03 6.298204971244558692e-05
6.714800000000321234e+03 6.261510861804708838e-05
6.715700000000320870e+03 6.215950998011976480e-05
6.716600000000320506e+03 6.136750744190067053e-05
6.717500000000321052e+03 6.086635403335094452e-05
6.718400000000321597e+03 6.140230107121169567e-05
6.719300000000321234e+03 6.236046465346589684e-05
6.720200000000320870e+03 6.280924571910873055e-05
6.721100000000321415e+03 6.276916246861219406e-05
6.722000000000321961e+03 6.274136831052601337e-05
6.722900000000321597e+03 6.296279025264084339e-05
6.723800000000321234e+03 6.317351653706282377e-05
6.724700000000321779e+03 6.309200398391112685e-05
6.725600000000322325e+03 6.282313552219420671e-05
6.726500000000321961e+03 6.275617488427087665e-05
6.727400000000321597e+03 6.299467349890619516e-05
6.728300000000322143e+03 6.323638808680698276e-05
6.729200000000322689e+03 6.336683873087167740e-05
6.730100000000322325e+03 6.344848952721804380e-05
6.731000000000321961e+03 6.344961002469062805e-05
6.731900000000322507e+03 6.335074431262910366e-05
6.732800000000323053e+03 6.325206049950793386e-05
6.733700000000322689e+03 6.319695239653810859e-05
6.734600000000322325e+03 6.317468796623870730e-05
6.735500000000322871e+03 6.327599840005859733e-05
6.736400000000323416e+03 6.334848148981109262e-05
6.737300000000323053e+03 6.317281804513186216e-05
6.738200000000322689e+03 6.279517401708289981e-05
6.739100000000323234e+03 6.253804895095527172e-05
6.740000000000323780e+03 6.266598211368545890e-05
6.740900000000323416e+03 6.289470184128731489e-05
6.741800000000323053e+03 6.273829058045521379e-05
6.742700000000323598e+03 6.243744428502395749e-05
6.743600000000324144e+03 6.255662447074428201e-05
6.744500000000323780e+03 6.296917854342609644e-05
6.745400000000323416e+03 6.318298255791887641e-05
6.746300000000323962e+03 6.309606396825984120e-05
6.747200000000324508e+03 6.288132135523483157e-05
6.748100000000324144e+03 6.250607111724093556e-05
6.749000000000323780e+03 6.193674198584631085e-05
6.749900000000324326e+03 6.161665078252553940e-05
6.750800000000324872e+03 6.192189175635576248e-05
6.751700000000324508e+03 6.235000910237431526e-05
6.752600000000324144e+03 6.244648102438077331e-05
6.753500000000324690e+03 6.260407826630398631e-05
6.754400000000325235e+03 6.289542216109111905e-05
6.755300000000324872e+03 6.304925773292779922e-05
6.756200000000324508e+03 6.316731742117553949e-05
6.757100000000325053e+03 6.334540375974029303e-05
6.758000000000325599e+03 6.350471812766045332e-05
6.758900000000325235e+03 6.358237442327663302e-05
6.759800000000324872e+03 6.359313556458801031e-05
6.760700000000325417e+03 6.355589721351861954e-05
6.761600000000325963e+03 6.350022886181250215e-05
6.762500000000325599e+03 6.354620563797652721e-05
6.763400000000325235e+03 6.361814303090795875e-05
6.764300000000325781e+03 6.353759090416133404e-05
6.765200000000326327e+03 6.329040479613468051e-05
6.766100000000325963e+03 6.281352398218587041e-05
6.767000000000325599e+03 6.217262125574052334e-05
6.767900000000326145e+03 6.199083145475015044e-05
6.768800000000326690e+03 6.244015821721404791e-05
6.769700000000326327e+03 6.278556975303217769e-05
6.770600000000325963e+03 6.271333404583856463e-05
6.771500000000326509e+03 6.265918636927381158e-05
6.772400000000327054e+03 6.288921576924622059e-05
6.773300000000326690e+03 6.324554124148562551e-05
6.774200000000326327e+03 6.360319821396842599e-05
6.775100000000326872e+03 6.388510519172996283e-05
6.776000000000327418e+03 6.398957339115440845e-05
6.776900000000327054e+03 6.395227683242410421e-05
6.777800000000326690e+03 6.387854227796196938e-05
6.778700000000327236e+03 6.386608583852648735e-05
6.779600000000327782e+03 6.385472806869074702e-05
6.780500000000327418e+03 6.362907151924446225e-05
6.781400000000327054e+03 6.316039798548445106e-05
6.782300000000327600e+03 6.264875992201268673e-05
6.783200000000328146e+03 6.231824227143079042e-05
6.784100000000327782e+03 6.219431088538840413e-05
6.785000000000327418e+03 6.222754745976999402e-05
6.785900000000327964e+03 6.235516775632277131e-05
6.786800000000328509e+03 6.258612847886979580e-05
6.787700000000328146e+03 6.286370626185089350e-05
6.788600000000327782e+03 6.295952334767207503e-05
6.789500000000328328e+03 6.287773430813103914e-05
6.790400000000328873e+03 6.288594158831983805e-05
6.791300000000328509e+03 6.296751234913244843e-05
6.792200000000328146e+03 6.290247256401926279e-05
6.793100000000328691e+03 6.272616155911237001e-05
6.794000000000329237e+03 6.270352605497464538e-05
6.794900000000328873e+03 6.286081043072044849e-05
6.795800000000328509e+03 6.297535583144053817e-05
6.796700000000329055e+03 6.304579437710344791e-05
6.797600000000329601e+03 6.307382136583328247e-05
6.798500000000329237e+03 6.308315641945227981e-05
6.799400000000328873e+03 6.321920227492228150e-05
6.800300000000329419e+03 6.338737875921651721e-05
6.801200000000329965e+03 6.346165901049971581e-05
6.802100000000329601e+03 6.342120468616485596e-05
6.803000000000329237e+03 6.327324808808043599e-05
6.803900000000329783e+03 6.314714119071140885e-05
6.804800000000330328e+03 6.310844037216156721e-05
6.805700000000329965e+03 6.296793435467407107e-05
6.806600000000329601e+03 6.277691136347129941e-05
6.807500000000330147e+03 6.288976874202489853e-05
6.808400000000330692e+03 6.309396121650934219e-05
6.809300000000330328e+03 6.299185770330950618e-05
6.810200000000329965e+03 6.283536640694364905e-05
6.811100000000330510e+03 6.295514322118833661e-05
6.812000000000331056e+03 6.312161713140085340e-05
6.812900000000330692e+03 6.309590389719232917e-05
6.813800000000330328e+03 6.277783541008830070e-05
6.814700000000330874e+03 6.242324161576107144e-05
6.815600000000331420e+03 6.248957652132958174e-05
6.816500000000331056e+03 6.289983866736292839e-05
6.817400000000330692e+03 6.318045052466914058e-05
6.818300000000331238e+03 6.311994366114959121e-05
6.819200000000331784e+03 6.289684097282588482e-05
6.820100000000331420e+03 6.279938679654151201e-05
6.821000000000331056e+03 6.300278619164600968e-05
6.821900000000331602e+03 6.332135671982541680e-05
6.822800000000332147e+03 6.347932503558695316e-05
6.823700000000331784e+03 6.356362428050488234e-05
6.824600000000331420e+03 6.361672421917319298e-05
6.825500000000331966e+03 6.359155668178573251e-05
6.826400000000332511e+03 6.335438956739380956e-05
6.827300000000332147e+03 6.286325515247881413e-05
6.828200000000331784e+03 6.252846651477739215e-05
6.829100000000332329e+03 6.272690370678901672e-05
6.830000000000332875e+03 6.317900988506153226e-05
6.830900000000332511e+03 6.344585563056170940e-05
6.831800000000332147e+03 6.341437256196513772e-05
6.832700000000332693e+03 6.337383092613890767e-05
6.833600000000333239e+03 6.350874173222109675e-05
6.834500000000332875e+03 6.366390152834355831e-05
6.835400000000332511e+03 6.367960304487496614e-05
6.836300000000333057e+03 6.353869684971868992e-05
6.837200000000333603e+03 6.332848715828731656e-05
6.838100000000333239e+03 6.299692904576659203e-05
6.839000000000332875e+03 6.255624612094834447e-05
6.839900000000333421e+03 6.209539424162358046e-05
6.840800000000333966e+03 6.173342262627556920e-05
6.841700000000333603e+03 6.169259722810238600e-05
6.842600000000333239e+03 6.199629569891840219e-05
6.843500000000333785e+03 6.253167521208524704e-05
6.844400000000334330e+03 6.309012678684666753e-05
6.845300000000333966e+03 6.336265505524352193e-05
6.846200000000333603e+03 6.330951146082952619e-05
6.847100000000334148e+03 6.324753485387191176e-05
6.848000000000334694e+03 6.325996946543455124e-05
6.848900000000334330e+03 6.318279338302090764e-05
6.849800000000333966e+03 6.301006942521780729e-05
6.850700000000334512e+03 6.292346370173618197e-05
6.851600000000335058e+03 6.298821972450241446e-05
6.852500000000334694e+03 6.305753049673512578e-05
6.853400000000334330e+03 6.281890819082036614e-05
6.854300000000334876e+03 6.220697832759469748e-05
6.855200000000335422e+03 6.180397031130269170e-05
6.856100000000335058e+03 6.194046000018715858e-05
6.857000000000334694e+03 6.226226105354726315e-05
6.857900000000335240e+03 6.250822480069473386e-05
6.858800000000335785e+03 6.267711432883515954e-05
6.859700000000335422e+03 6.262864917516708374e-05
6.860600000000335058e+03 6.233316526049748063e-05
6.861500000000335604e+03 6.217599002411589026e-05
6.862400000000336149e+03 6.251160812098532915e-05
6.863300000000335785e+03 6.315504288068041205e-05
6.864200000000335422e+03 6.351211050059646368e-05
6.865100000000335967e+03 6.327778100967407227e-05
6.866000000000336513e+03 6.278685032157227397e-05
6.866900000000336149e+03 6.254512118175625801e-05
6.867800000000335785e+03 6.261616363190114498e-05
6.868700000000336331e+03 6.281175592448562384e-05
6.869600000000336877e+03 6.299868982750922441e-05
6.870500000000336513e+03 6.298118387348949909e-05
6.871400000000336149e+03 6.271322490647435188e-05
6.872300000000336695e+03 6.255778862396255136e-05
6.873200000000337241e+03 6.272881728364154696e-05
6.874100000000336877e+03 6.291739555308595300e-05
6.875000000000336513e+03 6.292785838013514876e-05
6.875900000000337059e+03 6.302980182226747274e-05
6.876800000000337604e+03 6.334562931442633271e-05
6.877700000000337241e+03 6.366358138620853424e-05
6.878600000000336877e+03 6.381882121786475182e-05
6.879500000000337423e+03 6.373065843945369124e-05
6.880400000000337968e+03 6.336619844660162926e-05
6.881300000000337604e+03 6.287545693339779973e-05
6.882200000000337241e+03 6.256763299461454153e-05
6.883100000000337786e+03 6.261690577957779169e-05
6.884000000000338332e+03 6.284432311076670885e-05
6.884900000000337968e+03 6.301383109530434012e-05
6.885800000000337604e+03 6.306047725956887007e-05
6.886700000000338150e+03 6.318407395156100392e-05
6.887600000000338696e+03 6.343996210489422083e-05
6.888500000000338332e+03 6.370105984387919307e-05
6.889400000000337968e+03 6.381970888469368219e-05
6.890300000000338514e+03 6.376435339916497469e-05
6.891200000000339060e+03 6.376006058417260647e-05
6.892100000000338696e+03 6.384841253748163581e-05
6.893000000000338332e+03 6.381107232300564647e-05
6.893900000000338878e+03 6.360060797305777669e-05
6.894800000000339423e+03 6.348382157739251852e-05
6.895700000000339060e+03 6.355073128361254930e-05
6.896600000000338696e+03 6.354794459184631705e-05
6.897500000000339242e+03 6.344944267766550183e-05
6.898400000000339787e+03 6.338428647723048925e-05
6.899300000000339423e+03 6.330783799057826400e-05
6.900200000000339060e+03 6.326664151856675744e-05
6.901100000000339605e+03 6.336218939395621419e-05
6.902000000000340151e+03 6.361716077663004398e-05
6.902900000000339787e+03 6.394263618858531117e-05
6.903800000000339423e+03 6.413200753740966320e-05
6.904700000000339969e+03 6.414263771148398519e-05
6.905600000000340515e+03 6.414581730496138334e-05
6.906500000000340151e+03 6.422991282306611538e-05
6.907400000000339787e+03 6.437370757339522243e-05
6.908300000000340333e+03 6.446525367209687829e-05
6.909200000000340879e+03 6.438955460907891393e-05
6.910100000000340515e+03 6.408339686458930373e-05
6.911000000000340151e+03 6.375580414896830916e-05
6.911900000000340697e+03 6.366304296534508467e-05
6.912800000000341242e+03 6.349138857331126928e-05
6.913700000000340879e+03 6.298146035987883806e-05
6.914600000000340515e+03 6.266913987929001451e-05
6.915500000000341061e+03 6.279986700974404812e-05
6.916400000000341606e+03 6.301930989138782024e-05
6.917300000000341242e+03 6.320940156001597643e-05
6.918200000000340879e+03 6.336014484986662865e-05
6.919100000000341424e+03 6.349443719955161214e-05
6.920000000000341970e+03 6.376732198987156153e-05
6.920900000000341606e+03 6.403456063708290458e-05
6.921800000000341242e+03 6.410137575585395098e-05
6.922700000000341788e+03 6.386787572409957647e-05
6.923600000000342334e+03 6.334315548883751035e-05
6.924500000000341970e+03 6.288031727308407426e-05
6.925400000000341606e+03 6.282335380092263222e-05
6.926300000000342152e+03 6.310841126833111048e-05
6.927200000000342698e+03 6.350172770908102393e-05
6.928100000000342334e+03 6.377740646712481976e-05
6.929000000000341970e+03 6.384695734595879912e-05
6.929900000000342516e+03 6.374510121531784534e-05
6.930800000000343061e+03 6.359921826515346766e-05
6.931700000000342698e+03 6.340339314192533493e-05
6.932600000000342334e+03 6.310312164714559913e-05
6.933500000000342880e+03 6.302859401330351830e-05
6.934400000000343425e+03 6.332706834655255079e-05
6.935300000000343061e+03 6.360714178299531341e-05
6.936200000000342698e+03 6.368404137901961803e-05
6.937100000000343243e+03 6.365044828271493316e-05
6.938000000000343789e+03 6.359136023093014956e-05
6.938900000000343425e+03 6.362082058330997825e-05
6.939800000000343061e+03 6.374634540406987071e-05
6.940700000000343607e+03 6.384297739714384079e-05
6.941600000000344153e+03 6.376539386110380292e-05
6.942500000000343789e+03 6.350770127028226852e-05
6.943400000000343425e+03 6.299377128016203642e-05
6.944300000000343971e+03 6.231364386621862650e-05
6.945200000000344517e+03 6.217366899363696575e-05
6.946100000000344153e+03 6.283714901655912399e-05
6.947000000000343789e+03 6.354186916723847389e-05
6.947900000000344335e+03 6.380664854077622294e-05
6.948800000000344880e+03 6.380162085406482220e-05
6.949700000000344517e+03 6.365939771058037877e-05
6.950600000000344153e+03 6.341167318169027567e-05
6.951500000000344698e+03 6.321154069155454636e-05
6.952400000000345244e+03 6.312432378763332963e-05
6.953300000000344880e+03 6.306327122729271650e-05
6.954200000000344517e+03 6.310496246442198753e-05
6.955100000000345062e+03 6.333805504254996777e-05
6.956000000000345608e+03 6.359965482261031866e-05
6.956900000000345244e+03 6.371066410792991519e-05
6.957800000000344880e+03 6.374051736202090979e-05
6.958700000000345426e+03 6.379278784152120352e-05
6.959600000000345972e+03 6.389760528691112995e-05
6.960500000000345608e+03 6.403486622730270028e-05
6.961400000000345244e+03 6.413919618353247643e-05
6.962300000000345790e+03 6.424358434742316604e-05
6.963200000000346336e+03 6.438812852138653398e-05
6.964100000000345972e+03 6.436848343582823873e-05
6.965000000000345608e+03 6.415827374439686537e-05
6.965900000000346154e+03 6.404257874237373471e-05
6.966800000000346699e+03 6.419655255740508437e-05
6.967700000000346336e+03 6.451536319218575954e-05
6.968600000000345972e+03 6.467119237640872598e-05
6.969500000000346517e+03 6.447201303672045469e-05
6.970400000000347063e+03 6.418170232791453600e-05
6.971300000000346699e+03 6.407528417184948921e-05
6.972200000000346336e+03 6.423011654987931252e-05
6.973100000000346881e+03 6.438231503125280142e-05
6.974000000000347427e+03 6.426520121749490499e-05
6.974900000000347063e+03 6.390811176970601082e-05
6.975800000000346699e+03 6.347520684357732534e-05
6.976700000000347245e+03 6.289137672865763307e-05
6.977600000000347791e+03 6.194412708282470703e-05
6.978500000000347427e+03 6.125200889073312283e-05
6.979400000000347063e+03 6.176679744385182858e-05
6.980300000000347609e+03 6.303944246610626578e-05
6.981200000000348155e+03 6.399588164640590549e-05
6.982100000000347791e+03 6.444680184358730912e-05
6.983000000000347427e+03 6.458989082602784038e-05
6.983900000000347973e+03 6.454409594880416989e-05
6.984800000000348518e+03 6.447268242482095957e-05
6.985700000000348155e+03 6.443115125875920057e-05
6.986600000000347791e+03 6.424537423299625516e-05
6.987500000000348336e+03 6.385573942679911852e-05
6.988400000000348882e+03 6.348198076011613011e-05
6.989300000000348518e+03 6.341669359244406223e-05
6.990200000000348155e+03 6.364833825500681996e-05
6.991100000000348700e+03 6.393986404873430729e-05
6.992000000000349246e+03 6.415771349566057324e-05
6.992900000000348882e+03 6.422497972380369902e-05
6.993800000000348518e+03 6.413149094441905618e-05
6.994700000000349064e+03 6.402037979569286108e-05
6.995600000000349610e+03 6.401983409887179732e-05
6.996500000000349246e+03 6.407992623280733824e-05
6.997400000000348882e+03 6.403156294254586101e-05
6.998300000000349428e+03 6.367637251969426870e-05
6.999200000000349974e+03 6.315912469290196896e-05
7.000100000000349610e+03 6.303893314907327294e-05
7.001000000000349246e+03 6.343759741866961122e-05
7.001900000000349792e+03 6.380440754583105445e-05
7.002800000000350337e+03 6.373260112013667822e-05
7.003700000000349974e+03 6.341069820336997509e-05
7.004600000000349610e+03 6.314968777587637305e-05
7.005500000000350155e+03 6.309188756858929992e-05
7.006400000000350701e+03 6.328248127829283476e-05
7.007300000000350337e+03 6.357143865898251534e-05
7.008200000000349974e+03 6.387949542840942740e-05
7.009100000000350519e+03 6.413738447008654475e-05
7.010000000000351065e+03 6.412094808183610439e-05
7.010900000000350701e+03 6.388935435097664595e-05
7.011800000000350337e+03 6.384141306625679135e-05
7.012700000000350883e+03 6.398923869710415602e-05
7.013600000000351429e+03 6.385742744896560907e-05
7.014500000000351065e+03 6.312249752227216959e-05
7.015400000000350701e+03 6.209747516550123692e-05
7.016300000000351247e+03 6.162590580061078072e-05
7.017200000000351793e+03 6.228790880413725972e-05
7.018100000000351429e+03 6.347177986754104495e-05
7.019000000000351065e+03 6.425852188840508461e-05
7.019900000000351611e+03 6.448779458878561854e-05
7.020800000000352156e+03 6.439648859668523073e-05
7.021700000000351793e+03 6.399069388862699270e-05
7.022600000000351429e+03 6.327353912638500333e-05
7.023500000000351974e+03 6.269662117119878531e-05
7.024400000000352520e+03 6.267190474318340421e-05
7.025300000000352156e+03 6.313857738859951496e-05
7.026200000000351793e+03 6.367817695718258619e-05
7.027100000000352338e+03 6.391887291101738811e-05
7.028000000000352884e+03 6.396626849891617894e-05
7.028900000000352520e+03 6.408223998732864857e-05
7.029800000000352156e+03 6.423062586691230536e-05
7.030700000000352702e+03 6.429252971429377794e-05
7.031600000000353248e+03 6.425526225939393044e-05
7.032500000000352884e+03 6.414717790903523564e-05
7.033400000000352520e+03 6.397097604349255562e-05
7.034300000000353066e+03 6.389046757249161601e-05
7.035200000000353612e+03 6.397236575139686465e-05
7.036100000000353248e+03 6.389298505382612348e-05
7.037000000000352884e+03 6.330147152766585350e-05
7.037900000000353430e+03 6.256739288801327348e-05
7.038800000000353975e+03 6.263121031224727631e-05
7.039700000000353612e+03 6.359502731356769800e-05
7.040600000000353248e+03 6.457587005570530891e-05
7.041500000000353793e+03 6.508431397378444672e-05
7.042400000000354339e+03 6.525193748530000448e-05
7.043300000000353975e+03 6.513672269647940993e-05
7.044200000000353612e+03 6.481518357759341598e-05
7.045100000000354157e+03 6.460914300987496972e-05
7.046000000000354703e+03 6.475083500845357776e-05
7.046900000000354339e+03 6.507927173515781760e-05
7.047800000000353975e+03 6.530187238240614533e-05
7.048700000000354521e+03 6.537059380207210779e-05
7.049600000000355067e+03 6.526704237330704927e-05
7.050500000000354703e+03 6.487975042546167970e-05
7.051400000000354339e+03 6.413027585949748755e-05
7.052300000000354885e+03 6.310614844551309943e-05
7.053200000000355431e+03 6.202686927281320095e-05
7.054100000000355067e+03 6.111983384471386671e-05
7.055000000000354703e+03 6.080856474000029266e-05
7.055900000000355249e+03 6.116469739936292171e-05
7.056800000000355794e+03 6.172400753712281585e-05
7.057700000000355431e+03 6.196577305672690272e-05
7.058600000000355067e+03 6.163572106743231416e-05
7.059500000000355612e+03 6.103621853981167078e-05
7.060400000000356158e+03 6.072342512197792530e-05
7.061300000000355794e+03 6.087578003644011915e-05
7.062200000000355431e+03 6.120765465311706066e-05
7.063100000000355976e+03 6.151390698505565524e-05
7.064000000000356522e+03 6.175319140311330557e-05
7.064900000000356158e+03 6.171648419694975019e-05
7.065800000000355794e+03 6.138315075077116489e-05
7.066700000000356340e+03 6.102342376834712923e-05
7.067600000000356886e+03 6.071797906770370901e-05
7.068500000000356522e+03 6.069078517612069845e-05
7.069400000000356158e+03 6.114329880801960826e-05
7.070300000000356704e+03 6.171841960167512298e-05
7.071200000000357250e+03 6.203882367117330432e-05
7.072100000000356886e+03 6.214044697117060423e-05
7.073000000000356522e+03 6.217377085704356432e-05
7.073900000000357068e+03 6.213517917785793543e-05
7.074800000000357613e+03 6.201330688782036304e-05
7.075700000000357250e+03 6.190346175571903586e-05
7.076600000000356886e+03 6.186066457303240895e-05
7.077500000000357431e+03 6.193083390826359391e-05
7.078400000000357977e+03 6.204899545991793275e-05
7.079300000000357613e+03 6.213842425495386124e-05
7.080200000000357250e+03 6.216693873284384608e-05
7.081100000000357795e+03 6.207674596225842834e-05
7.082000000000358341e+03 6.175193993840366602e-05
7.082900000000357977e+03 6.115315773058682680e-05
7.083800000000357613e+03 6.037786806700751185e-05
7.084700000000358159e+03 5.983437949907965958e-05
7.085600000000358705e+03 5.981482536299154162e-05
7.086500000000358341e+03 5.975715612294152379e-05
7.087400000000357977e+03 5.925929144723340869e-05
7.088300000000358523e+03 5.876772047486156225e-05
7.089200000000359069e+03 5.863921978743746877e-05
7.090100000000358705e+03 5.874981434317305684e-05
7.091000000000358341e+03 5.896893708268180490e-05
7.091900000000358887e+03 5.915739529882557690e-05
7.092800000000359432e+03 5.912214328418485820e-05
7.093700000000359069e+03 5.899644384044222534e-05
7.094600000000358705e+03 5.897751907468773425e-05
7.095500000000359250e+03 5.901928307139314711e-05
7.096400000000359796e+03 5.903770943405106664e-05
7.097300000000359432e+03 5.920964031247422099e-05
7.098200000000359069e+03 5.974755549686960876e-05
7.099100000000359614e+03 6.032567762304097414e-05
7.100000000000360160e+03 6.041315646143630147e-05
7.100900000000359796e+03 6.024090180289931595e-05
7.101800000000359432e+03 6.006245530443266034e-05
7.102700000000359978e+03 5.999726272420957685e-05
7.103600000000360524e+03 6.015796680003404617e-05
7.104500000000360160e+03 6.046011549187824130e-05
7.105400000000359796e+03 6.060938903829082847e-05
7.106300000000360342e+03 6.056608253857120872e-05
7.107200000000360887e+03 6.051126911188475788e-05
7.108100000000360524e+03 6.054688128642737865e-05
7.109000000000360160e+03 6.050360389053821564e-05
7.109900000000360706e+03 6.012539597577415407e-05
7.110800000000361251e+03 5.965916716377250850e-05
7.111700000000360887e+03 5.959416375844739377e-05
7.112600000000360524e+03 5.995303217787295580e-05
7.113500000000361069e+03 6.034221223671920598e-05
7.114400000000361615e+03 6.053919423720799387e-05
7.115300000000361251e+03 6.065117850084789097e-05
7.116200000000360887e+03 6.078128353692591190e-05
7.117100000000361433e+03 6.087142537580803037e-05
7.118000000000361979e+03 6.090707029215991497e-05
7.118900000000361615e+03 6.088289956096559763e-05
7.119800000000361251e+03 6.075277633499354124e-05
7.120700000000361797e+03 6.044314432074315846e-05
7.121600000000362343e+03 6.008712443872354925e-05
7.122500000000361979e+03 6.004820897942408919e-05
7.123400000000361615e+03 6.034905163687653840e-05
7.124300000000362161e+03 6.029332143953070045e-05
7.125200000000362706e+03 5.968740151729434729e-05
7.126100000000362343e+03 5.911844345973804593e-05
7.127000000000361979e+03 5.901266922592185438e-05
7.127900000000362525e+03 5.924965807935222983e-05
7.128800000000363070e+03 5.928346945438534021e-05
7.129700000000362706e+03 5.895099457120522857e-05
7.130600000000362343e+03 5.850368688697926700e-05
7.131500000000362888e+03 5.845724444952793419e-05
7.132400000000363434e+03 5.890749525860883296e-05
7.133300000000363070e+03 5.949027399765327573e-05
7.134200000000362706e+03 5.991387661197222769e-05
7.135100000000363252e+03 6.009257049299776554e-05
7.136000000000363798e+03 6.016272527631372213e-05
7.136900000000363434e+03 6.018391650286503136e-05
7.137800000000363070e+03 6.005498653394170105e-05
7.138700000000363616e+03 5.986007818137295544e-05
7.139600000000364162e+03 5.987978511257097125e-05
7.140500000000363798e+03 6.013565143803134561e-05
7.141400000000363434e+03 6.033118188497610390e-05
7.142300000000363980e+03 6.036943887011148036e-05
7.143200000000364525e+03 6.038640640326775610e-05
7.144100000000364162e+03 6.035560727468691766e-05
7.145000000000363798e+03 6.027396739227697253e-05
7.145900000000364344e+03 6.002812733640894294e-05
7.146800000000364889e+03 5.935918306931853294e-05
7.147700000000364525e+03 5.859842349309474230e-05
7.148600000000364162e+03 5.858940130565315485e-05
7.149500000000364707e+03 5.933637294219806790e-05
7.150400000000365253e+03 6.001954170642420650e-05
7.151300000000364889e+03 6.039010258973576128e-05
7.152200000000364525e+03 6.071217649150639772e-05
7.153100000000365071e+03 6.095834760344587266e-05
7.154000000000365617e+03 6.096620927564799786e-05
7.154900000000365253e+03 6.087337897042743862e-05
7.155800000000364889e+03 6.099564780015498400e-05
7.156700000000365435e+03 6.126565858721733093e-05
7.157600000000365981e+03 6.127540837042033672e-05
7.158500000000365617e+03 6.095013304729945958e-05
7.159400000000365253e+03 6.062209286028519273e-05
7.160300000000365799e+03 6.052531534805893898e-05
7.161200000000366344e+03 6.065201523597352207e-05
7.162100000000365981e+03 6.065897832741029561e-05
7.163000000000365617e+03 6.015993858454748988e-05
7.163900000000366163e+03 5.930657789576798677e-05
7.164800000000366708e+03 5.886132930754683912e-05
7.165700000000366344e+03 5.925853474764153361e-05
7.166600000000365981e+03 6.004984970786608756e-05
7.167500000000366526e+03 6.057683276594616473e-05
7.168400000000367072e+03 6.069978917366825044e-05
7.169300000000366708e+03 6.069425944588147104e-05
7.170200000000366344e+03 6.075211786082945764e-05
7.171100000000366890e+03 6.089177259127609432e-05
7.172000000000367436e+03 6.107000081101432443e-05
7.172900000000367072e+03 6.117438897490501404e-05
7.173800000000366708e+03 6.104959902586415410e-05
7.174700000000367254e+03 6.076501085772179067e-05
7.175600000000367800e+03 6.049205694580450654e-05
7.176500000000367436e+03 6.044455585652031004e-05
7.177400000000367072e+03 6.064424087526276708e-05
7.178300000000367618e+03 6.068375296308659017e-05
7.179200000000368163e+03 6.026114351698197424e-05
7.180100000000367800e+03 5.965232776361517608e-05
7.181000000000367436e+03 5.941343260928988457e-05
7.181900000000367982e+03 5.974679152132011950e-05
7.182800000000368527e+03 6.039801883161999285e-05
7.183700000000368163e+03 6.096618017181754112e-05
7.184600000000367800e+03 6.114594725659117103e-05
7.185500000000368345e+03 6.078000296838581562e-05
7.186400000000368891e+03 6.000513531034812331e-05
7.187300000000368527e+03 5.928851896896958351e-05
7.188200000000368163e+03 5.904158388148061931e-05
7.189100000000368709e+03 5.927036181674338877e-05
7.190000000000369255e+03 5.981856884318403900e-05
7.190900000000368891e+03 6.033257159288041294e-05
7.191800000000368527e+03 6.050841329852119088e-05
7.192700000000369073e+03 6.047665010555647314e-05
7.193600000000369619e+03 6.050238516763783991e-05
7.194500000000369255e+03 6.060319356038235128e-05
7.195400000000368891e+03 6.051640957593917847e-05
7.196300000000369437e+03 6.010314245941117406e-05
7.197200000000369982e+03 5.971175050945021212e-05
7.198100000000369619e+03 5.977085675112903118e-05
7.199000000000369255e+03 6.009063145029358566e-05
7.199900000000369801e+03 6.026276241755113006e-05
7.200800000000370346e+03 6.004434180795215070e-05
7.201700000000369982e+03 5.967811011942103505e-05
7.202600000000369619e+03 5.979122943244874477e-05
7.203500000000370164e+03 6.036657214281149209e-05
7.204400000000370710e+03 6.073823533370159566e-05
7.205300000000370346e+03 6.047795250196941197e-05
7.206200000000369982e+03 5.967400284134782851e-05
7.207100000000370528e+03 5.886201324756257236e-05
7.208000000000371074e+03 5.865860293852165341e-05
7.208900000000370710e+03 5.911093103350140154e-05
7.209800000000370346e+03 5.991698344587348402e-05
7.210700000000370892e+03 6.071010648156516254e-05
7.211600000000371438e+03 6.109521200414747000e-05
7.212500000000371074e+03 6.101019607740454376e-05
7.213400000000370710e+03 6.070468225516378880e-05
7.214300000000371256e+03 6.041982123861089349e-05
7.215200000000371801e+03 6.031594966771081090e-05
7.216100000000371438e+03 6.046759517630562186e-05
7.217000000000371074e+03 6.082007894292473793e-05
7.217900000000371620e+03 6.115713767940178514e-05
7.218800000000372165e+03 6.122655031504109502e-05
7.219700000000371801e+03 6.109357491368427873e-05
7.220600000000371438e+03 6.098712401580996811e-05
7.221500000000371983e+03 6.090175884310156107e-05
7.222400000000372529e+03 6.077151192585006356e-05
7.223300000000372165e+03 6.078770456952042878e-05
7.224200000000371801e+03 6.110162212280556560e-05
7.225100000000372347e+03 6.154111906653270125e-05
7.226000000000372893e+03 6.183139339555054903e-05
7.226900000000372529e+03 6.187386316014453769e-05
7.227800000000372165e+03 6.162872887216508389e-05
7.228700000000372711e+03 6.133912393124774098e-05
7.229600000000373257e+03 6.137899617897346616e-05
7.230500000000372893e+03 6.161039345897734165e-05
7.231400000000372529e+03 6.180694617796689272e-05
7.232300000000373075e+03 6.197239417815580964e-05
7.233200000000373620e+03 6.210256105987355113e-05
7.234100000000373257e+03 6.213407323230057955e-05
7.235000000000372893e+03 6.198342452989891171e-05
7.235900000000373439e+03 6.169472180772572756e-05
7.236800000000373984e+03 6.147617386886849999e-05
7.237700000000373620e+03 6.133677379693835974e-05
7.238600000000373257e+03 6.121650221757590771e-05
7.239500000000373802e+03 6.122829654486849904e-05
7.240400000000374348e+03 6.138149910839274526e-05
7.241300000000373984e+03 6.155103619676083326e-05
7.242200000000373620e+03 6.160788325360044837e-05
7.243100000000374166e+03 6.141236372059211135e-05
7.244000000000374712e+03 6.101611143094487488e-05
7.244900000000374348e+03 6.088198642828501761e-05
7.245800000000373984e+03 6.132536509539932013e-05
7.246700000000374530e+03 6.196048343554139137e-05
7.247600000000375076e+03 6.235062755877152085e-05
7.248500000000374712e+03 6.237076740944758058e-05
7.249400000000374348e+03 6.193947774590924382e-05
7.250300000000374894e+03 6.127337837824597955e-05
7.251200000000375439e+03 6.086979192332364619e-05
7.252100000000375076e+03 6.105657666921615601e-05
7.253000000000374712e+03 6.160759949125349522e-05
7.253900000000375258e+03 6.201731594046577811e-05
7.254800000000375803e+03 6.225410470506176353e-05
7.255700000000375439e+03 6.248981662793084979e-05
7.256600000000375076e+03 6.264793046284466982e-05
7.257500000000375621e+03 6.323465640889480710e-05
7.258400000000376167e+03 6.263489922275766730e-05
7.259300000000375803e+03 6.227690755622461438e-05
7.260200000000375439e+03 6.166771345306187868e-05
7.261100000000375985e+03 6.117048906162381172e-05
7.262000000000376531e+03 6.130029214546084404e-05
7.262900000000376167e+03 6.196270987857133150e-05
7.263800000000375803e+03 6.258201028686016798e-05
7.264700000000376349e+03 6.294974446063861251e-05
7.265600000000376895e+03 6.313426274573430419e-05
7.266500000000376531e+03 6.324384594336152077e-05
7.267400000000376167e+03 6.331296026473864913e-05
7.268300000000376713e+03 6.321844557533040643e-05
7.269200000000377258e+03 6.292204489000141621e-05
7.270100000000376895e+03 6.256441702134907246e-05
7.271000000000376531e+03 6.232911982806399465e-05
7.271900000000377077e+03 6.230187864275649190e-05
7.272800000000377622e+03 6.242899689823389053e-05
7.273700000000377258e+03 6.259036308620125055e-05
7.274600000000376895e+03 6.269954610615968704e-05
7.275500000000377440e+03 6.278838554862886667e-05
7.276400000000377986e+03 6.285135168582201004e-05
7.277300000000377622e+03 6.284468690864741802e-05
7.278200000000377258e+03 6.276982458075508475e-05
7.279100000000377804e+03 6.265817501116544008e-05
7.280000000000378350e+03 6.242542440304532647e-05
7.280900000000377986e+03 6.202786607900634408e-05
7.281800000000377622e+03 6.158903852337971330e-05
7.282700000000378168e+03 6.143189239082857966e-05
7.283600000000378714e+03 6.156101153464987874e-05
7.284500000000378350e+03 6.174071313580498099e-05
7.285400000000377986e+03 6.198872142704203725e-05
7.286300000000378532e+03 6.216770270839333534e-05
7.287200000000379077e+03 6.192021828610450029e-05
7.288100000000378714e+03 6.130097608547657728e-05
7.289000000000378350e+03 6.082825348130427301e-05
7.289900000000378895e+03 6.076437057345174253e-05
7.290800000000379441e+03 6.074445627746172249e-05
7.291700000000379077e+03 6.077116995584219694e-05
7.292600000000378714e+03 6.112253322498872876e-05
7.293500000000379259e+03 6.177458271849900484e-05
7.294400000000379805e+03 6.253126048250123858e-05
7.295300000000379441e+03 6.313691119430586696e-05
7.296200000000379077e+03 6.342601409414783120e-05
7.297100000000379623e+03 6.333876808639615774e-05
7.298000000000380169e+03 6.305610440904274583e-05
7.298900000000379805e+03 6.285084236878901720e-05
7.299800000000379441e+03 6.283955008257180452e-05
7.300700000000379987e+03 6.302606925601139665e-05
7.301600000000380533e+03 6.330348696792498231e-05
7.302500000000380169e+03 6.353027856675907969e-05
7.303400000000379805e+03 6.366988236550241709e-05
7.304300000000380351e+03 6.369502079905942082e-05
7.305200000000380896e+03 6.347500311676412821e-05
7.306100000000380533e+03 6.305682472884654999e-05
7.307000000000380169e+03 6.270914309425279498e-05
7.307900000000380714e+03 6.267229764489457011e-05
7.308800000000381260e+03 6.291600584518164396e-05
7.309700000000380896e+03 6.305106217041611671e-05
7.310600000000380533e+03 6.294334161793813109e-05
7.311500000000381078e+03 6.288850272540003061e-05
7.312400000000381624e+03 6.305409624474123120e-05
7.313300000000381260e+03 6.327246228465810418e-05
7.314200000000380896e+03 6.342881533782929182e-05
7.315100000000381442e+03 6.333388591883704066e-05
7.316000000000381988e+03 6.310136814136058092e-05
7.316900000000381624e+03 6.297937216004356742e-05
7.317800000000381260e+03 6.302319525275379419e-05
7.318700000000381806e+03 6.314379425020888448e-05
7.319600000000382352e+03 6.331120675895363092e-05
7.320500000000381988e+03 6.337135710055008531e-05
7.321400000000381624e+03 6.332949851639568806e-05
7.322300000000382170e+03 6.320939428405836225e-05
7.323200000000382715e+03 6.292108446359634399e-05
7.324100000000382352e+03 6.257049972191452980e-05
7.325000000000381988e+03 6.231954466784372926e-05
7.325900000000382533e+03 6.232127634575590491e-05
7.326800000000383079e+03 6.280192610574886203e-05
7.327700000000382715e+03 6.350036710500717163e-05
7.328600000000382352e+03 6.385402957675978541e-05
7.329500000000382897e+03 6.384058360708877444e-05
7.330400000000383443e+03 6.373566429829224944e-05
7.331300000000383079e+03 6.366070010699331760e-05
7.332200000000382715e+03 6.367825699271634221e-05
7.333100000000383261e+03 6.379545084200799465e-05
7.334000000000383807e+03 6.392098293872550130e-05
7.334900000000383443e+03 6.405765452655032277e-05
7.335800000000383079e+03 6.432374357245862484e-05
7.336700000000383625e+03 6.458292773459106684e-05
7.337600000000384171e+03 6.465994374593719840e-05
7.338500000000383807e+03 6.470607331721112132e-05
7.339400000000383443e+03 6.482479511760175228e-05
7.340300000000383989e+03 6.494155968539416790e-05
7.341200000000384534e+03 6.480843876488506794e-05
7.342100000000384171e+03 6.436103285523131490e-05
7.343000000000383807e+03 6.367827154463157058e-05
7.343900000000384352e+03 6.303840928012505174e-05
7.344800000000384898e+03 6.286995630944147706e-05
7.345700000000384534e+03 6.327943992801010609e-05
7.346600000000384171e+03 6.383882282534614205e-05
7.347500000000384716e+03 6.414276140276342630e-05
7.348400000000385262e+03 6.416685209842398763e-05
7.349300000000384898e+03 6.398880941560491920e-05
7.350200000000384534e+03 6.374256918206810951e-05
7.351100000000385080e+03 6.350754847517237067e-05
7.352000000000385626e+03 6.341412517940625548e-05
7.352900000000385262e+03 6.336200749501585960e-05
7.353800000000384898e+03 6.305650458671152592e-05
7.354700000000385444e+03 6.248617864912375808e-05
7.355600000000385990e+03 6.201249925652518868e-05
7.356500000000385626e+03 6.201305222930386662e-05
7.357400000000385262e+03 6.253636820474639535e-05
7.358300000000385808e+03 6.323784327832981944e-05
7.359200000000386353e+03 6.366799789248034358e-05
7.360100000000385990e+03 6.356308585964143276e-05
7.361000000000385626e+03 6.322185072349384427e-05
7.361900000000386171e+03 6.294273043749853969e-05
7.362800000000386717e+03 6.276698695728555322e-05
7.363700000000386353e+03 6.278802175074815750e-05
7.364600000000385990e+03 6.303378904704004526e-05
7.365500000000386535e+03 6.331816985039040446e-05
7.366400000000387081e+03 6.353676144499331713e-05
7.367300000000386717e+03 6.371473864419385791e-05
7.368200000000386353e+03 6.381449929904192686e-05
7.369100000000386899e+03 6.384008156601339579e-05
7.370000000000387445e+03 6.392187788151204586e-05
7.370900000000387081e+03 6.400309212040156126e-05
7.371800000000386717e+03 6.390351336449384689e-05
7.372700000000387263e+03 6.360859697451815009e-05
7.373600000000387809e+03 6.334829231491312385e-05
7.374500000000387445e+03 6.324500282062217593e-05
7.375400000000387081e+03 6.324597779894247651e-05
7.376300000000387627e+03 6.338094681268557906e-05
7.377200000000388172e+03 6.355298683047294617e-05
7.378100000000387809e+03 6.364457658492028713e-05
7.379000000000387445e+03 6.363595457514747977e-05
7.379900000000387990e+03 6.352917262120172381e-05
7.380800000000388536e+03 6.310221215244382620e-05
7.381700000000388172e+03 6.264586409088224173e-05
7.382600000000387809e+03 6.229078280739486217e-05
7.383500000000388354e+03 6.201340875122696161e-05
7.384400000000388900e+03 6.162894715089350939e-05
7.385300000000388536e+03 6.116180156823247671e-05
7.386200000000388172e+03 6.083888001739978790e-05
7.387100000000388718e+03 6.075919009163044393e-05
7.388000000000389264e+03 6.069527080398984253e-05
7.388900000000388900e+03 6.057538848835974932e-05
7.389800000000388536e+03 6.061500971554778516e-05
7.390700000000389082e+03 6.088985901442356408e-05
7.391600000000389628e+03 6.110005779191851616e-05
7.392500000000389264e+03 6.098670928622595966e-05
7.393400000000388900e+03 6.075808778405189514e-05
7.394300000000389446e+03 6.089348244131542742e-05
7.395200000000389991e+03 6.143089558463543653e-05
7.396100000000389628e+03 6.188284896779805422e-05
7.397000000000389264e+03 6.198398477863520384e-05
7.397900000000389809e+03 6.190486601553857327e-05
7.398800000000390355e+03 6.166620005387812853e-05
7.399700000000389991e+03 6.149146793177351356e-05
7.400600000000389628e+03 6.158958422020077705e-05
7.401500000000390173e+03 6.201465293997898698e-05
7.402400000000390719e+03 6.257526547415181994e-05
7.403300000000390355e+03 6.280800153035670519e-05
7.404200000000389991e+03 6.208332342794165015e-05
7.405100000000390537e+03 6.121327896835282445e-05
7.406000000000391083e+03 6.082877007429488003e-05
7.406900000000390719e+03 6.080682942410930991e-05
7.407800000000390355e+03 6.066493006073869765e-05
7.408700000000390901e+03 5.966893149889074266e-05
7.409600000000391447e+03 5.794419121230021119e-05
